#
#model:
#
#<?xml version="1.0" encoding="UTF-8" standalone="no"?><input id="posterior" spec="beast.base.inference.CompoundDistribution">
#    <distribution id="prior" spec="beast.base.inference.CompoundDistribution">
#        <distribution id="FixedTreeModel.t:tree" spec="fixedtreeanalysis.evolution.tree.FixedTreeDistribution">
#            <tree IsLabelledNewick="true" adjustTipHeights="false" id="Tree.t:tree" newick="((((cell46:0.0106525,cell47:0.0106525):0.460024,cell11:0.470676):0.229651,(((cell38:0.0512966,cell39:0.0512966):0.178428,cell27:0.229724):0.442216,((cell28:0.204994,cell29:0.204994):0.258776,(cell16:0.426661,((((cell36:0.0527036,cell37:0.0527036):0.0683883,cell31:0.121092):0.152334,(cell40:0.0318891,((cell48:0.00463328,cell49:0.00463328):0.0165076,cell43:0.0211408):0.0107483):0.241536):0.0544528,(cell34:0.0888578,cell35:0.0888578):0.239021):0.0987827):0.037109):0.20817):0.028387):0.292177,((cell18:0.402801,cell19:0.402801):0.296908,(cell14:0.435354,(cell20:0.339181,(cell32:0.10028,(cell44:0.0172847,cell45:0.0172847):0.0829949):0.238901):0.0961736):0.264354):0.292796):0.116287" spec="fixedtreeanalysis.evolution.tree.FixedTree">
#                <taxonset id="TaxonSet.1" spec="beast.base.evolution.alignment.TaxonSet">
#                    <taxon id="cell46" spec="beast.base.evolution.alignment.Taxon"/>
#                    <taxon id="cell47" spec="beast.base.evolution.alignment.Taxon"/>
#                    <taxon id="cell11" spec="beast.base.evolution.alignment.Taxon"/>
#                    <taxon id="cell38" spec="beast.base.evolution.alignment.Taxon"/>
#                    <taxon id="cell39" spec="beast.base.evolution.alignment.Taxon"/>
#                    <taxon id="cell27" spec="beast.base.evolution.alignment.Taxon"/>
#                    <taxon id="cell28" spec="beast.base.evolution.alignment.Taxon"/>
#                    <taxon id="cell29" spec="beast.base.evolution.alignment.Taxon"/>
#                    <taxon id="cell16" spec="beast.base.evolution.alignment.Taxon"/>
#                    <taxon id="cell36" spec="beast.base.evolution.alignment.Taxon"/>
#                    <taxon id="cell37" spec="beast.base.evolution.alignment.Taxon"/>
#                    <taxon id="cell31" spec="beast.base.evolution.alignment.Taxon"/>
#                    <taxon id="cell40" spec="beast.base.evolution.alignment.Taxon"/>
#                    <taxon id="cell48" spec="beast.base.evolution.alignment.Taxon"/>
#                    <taxon id="cell49" spec="beast.base.evolution.alignment.Taxon"/>
#                    <taxon id="cell43" spec="beast.base.evolution.alignment.Taxon"/>
#                    <taxon id="cell34" spec="beast.base.evolution.alignment.Taxon"/>
#                    <taxon id="cell35" spec="beast.base.evolution.alignment.Taxon"/>
#                    <taxon id="cell18" spec="beast.base.evolution.alignment.Taxon"/>
#                    <taxon id="cell19" spec="beast.base.evolution.alignment.Taxon"/>
#                    <taxon id="cell14" spec="beast.base.evolution.alignment.Taxon"/>
#                    <taxon id="cell20" spec="beast.base.evolution.alignment.Taxon"/>
#                    <taxon id="cell32" spec="beast.base.evolution.alignment.Taxon"/>
#                    <taxon id="cell44" spec="beast.base.evolution.alignment.Taxon"/>
#                    <taxon id="cell45" spec="beast.base.evolution.alignment.Taxon"/>
#                </taxonset>
#            </tree>
#        </distribution>
#        <prior id="nonZeroRatePrior.s:tissue" name="distribution">
#            <x id="nonZeroRates.s:tissue" spec="beast.base.evolution.Sum">
#                <arg dimension="6" id="rateIndicator.s:tissue" spec="beast.base.inference.parameter.BooleanParameter">true</arg>
#            </x>
#            <distr id="Poisson.0" offset="2.0" spec="beast.base.inference.distribution.Poisson">
#                <parameter estimate="false" id="RealParameter.10" name="lambda" spec="beast.base.inference.parameter.RealParameter">0.693</parameter>
#            </distr>
#        </prior>
#        <prior id="relativeGeoRatesPrior.s:tissue" name="distribution">
#            <parameter dimension="6" id="relativeGeoRates.s:tissue" name="x" spec="beast.base.inference.parameter.RealParameter">1.0</parameter>
#            <Gamma id="Gamma.2" name="distr">
#                <parameter estimate="false" id="RealParameter.8" name="alpha" spec="beast.base.inference.parameter.RealParameter">1.0</parameter>
#                <parameter estimate="false" id="RealParameter.9" name="beta" spec="beast.base.inference.parameter.RealParameter">1.0</parameter>
#            </Gamma>
#        </prior>
#        <prior id="geoclockPrior.c:tissue" name="distribution">
#            <parameter id="traitClockRate.c:tissue" name="x" spec="beast.base.inference.parameter.RealParameter">1.0</parameter>
#            <Gamma id="Gamma.1" name="distr">
#                <parameter estimate="false" id="RealParameter.6" name="alpha" spec="beast.base.inference.parameter.RealParameter">0.001</parameter>
#                <parameter estimate="false" id="RealParameter.7" name="beta" spec="beast.base.inference.parameter.RealParameter">1000.0</parameter>
#            </Gamma>
#        </prior>
#    </distribution>
#    <distribution id="likelihood" spec="beast.base.inference.CompoundDistribution" useThreads="true">
#        <distribution data="@sim1_true" id="treeLikelihood.sim1_true" spec="fixedtreeanalysis.evolution.likelihood.FixedTreeLikelihood" tree="@Tree.t:tree">
#            <siteModel id="FixedSiteModel.s:sim1_true" spec="fixedtreeanalysis.evolution.sitemodel.FixedSiteModel">
#                <parameter estimate="false" id="RealParameter.0" lower="0.0" name="mutationRate" spec="beast.base.inference.parameter.RealParameter" upper="1.0">1.0</parameter>
#                <parameter id="RealParameter.1" lower="0.0" name="shape" spec="beast.base.inference.parameter.RealParameter" upper="0.0">1.0</parameter>
#                <parameter id="RealParameter.2" lower="0.0" name="proportionInvariant" spec="beast.base.inference.parameter.RealParameter" upper="0.0">0.0</parameter>
#                <substModel id="JC69.s:sim1_true" spec="beast.base.evolution.substitutionmodel.JukesCantor"/>
#            </siteModel>
#            <branchRateModel id="FixedClock.c:sim1_true" spec="fixedtreeanalysis.evolution.branchratemodel.FixedClockModel">
#                <parameter estimate="false" id="RealParameter.3" name="clock.rate" spec="beast.base.inference.parameter.RealParameter">1.0</parameter>
#            </branchRateModel>
#        </distribution>
#        <distribution id="traitedtreeLikelihood.tissue" spec="beastclassic.evolution.likelihood.AncestralStateTreeLikelihood" tag="location" tree="@Tree.t:tree">
#            <rootFrequencies estimate="false" id="Frequencies" spec="beast.base.evolution.substitutionmodel.Frequencies">
#                <parameter dimension="3" id="RealParameter" lower="0.0" name="frequencies" spec="beast.base.inference.parameter.RealParameter" upper="0.0">1.0 0.0 0.0</parameter>
#            </rootFrequencies>
#            <data id="tissue" spec="beastclassic.evolution.alignment.AlignmentFromTrait">
#                <traitSet id="traitSet.tissue" spec="beast.base.evolution.tree.TraitSet" taxa="@TaxonSet.1" traitname="discrete" value="cell46=t1, cell47=t1, cell11=t2, cell38=t1, cell39=t1, cell27=t1, cell28=t1, cell29=t1, cell16=t1, cell36=t1, cell37=t1, cell31=t1, cell40=t1, cell48=t1, cell49=t1, cell43=t1, cell34=t1, cell35=t1, cell18=t1, cell19=t1, cell14=t1, cell20=t2, cell32=t1, cell44=t3, cell45=t3 "/>
#                <userDataType codeMap="t1=0,t2=1,t3=2,? = 0 1 2" codelength="-1" id="traitDataType.tissue" spec="beast.base.evolution.datatype.UserDataType" states="3"/>
#            </data>
#            <siteModel gammaCategoryCount="1" id="geoSiteModel.s:tissue" spec="beast.base.evolution.sitemodel.SiteModel">
#                <parameter estimate="false" id="mutationRate.s:tissue" name="mutationRate" spec="beast.base.inference.parameter.RealParameter">1.0</parameter>
#                <parameter estimate="false" id="gammaShape.s:tissue" name="shape" spec="beast.base.inference.parameter.RealParameter">1.0</parameter>
#                <parameter estimate="false" id="proportionInvariant.s:tissue" lower="0.0" name="proportionInvariant" spec="beast.base.inference.parameter.RealParameter" upper="1.0">0.0</parameter>
#                <substModel id="svs.s:tissue" rateIndicator="@rateIndicator.s:tissue" rates="@relativeGeoRates.s:tissue" spec="beastclassic.evolution.substitutionmodel.SVSGeneralSubstitutionModel" symmetric="false">
#                    <frequencies id="traitfreqs.s:tissue" spec="beast.base.evolution.substitutionmodel.Frequencies">
#                        <parameter dimension="3" id="traitfrequencies.s:tissue" name="frequencies" spec="beast.base.inference.parameter.RealParameter">0.3333333333</parameter>
#                    </frequencies>
#                </substModel>
#            </siteModel>
#            <branchRateModel clock.rate="@traitClockRate.c:tissue" id="StrictClockModel.c:tissue" spec="beast.base.evolution.branchratemodel.StrictClockModel"/>
#        </distribution>
#    </distribution>
#</input>
#
Sample	posterior	likelihood	prior	treeLikelihood	rateIndicator.1	rateIndicator.2	rateIndicator.3	rateIndicator.4	rateIndicator.5	rateIndicator.6	relativeGeoRates.1	relativeGeoRates.2	relativeGeoRates.3	relativeGeoRates.4	relativeGeoRates.5	relativeGeoRates.6	traitClockRate	geoSubstModelLogger.relGeoRate_t1_t2	geoSubstModelLogger.relGeoRate_t1_t3	geoSubstModelLogger.relGeoRate_t2_t1	geoSubstModelLogger.relGeoRate_t2_t3	geoSubstModelLogger.relGeoRate_t3_t1	geoSubstModelLogger.relGeoRate_t3_t2
0	-31.420126200926962	-13.179076889651025	-18.241049311275937	0.0	1	1	1	1	1	1	0.9978985929573927	0.9975985049913678	0.998601505810741	0.9926912641814519	1.0032898114017	0.9979280417535713	1.0	0.9978985929573927	0.9975985049913678	0.998601505810741	0.9926912641814519	1.0032898114017	0.9979280417535713
1000	-27.96612656275476	-13.316421199980043	-14.649705362774718	0.0	1	1	1	0	1	0	1.1161910675885336	1.0401536641836675	0.8498609514143535	1.0652111479382815	0.9634631978852859	1.0888618995460886	0.6011979833114814	1.1161910675885336	1.0401536641836675	0.8498609514143535	0.0	0.9634631978852859	0.0
2000	-27.905573836709422	-15.727427850285357	-12.178145986424067	0.0	1	1	1	0	1	0	1.171318224740125	1.1080038206497926	0.8959243890483141	0.9885100178327173	1.2599421609232477	1.1407321909982113	0.03260057918425347	1.171318224740125	1.1080038206497926	0.8959243890483141	0.0	1.2599421609232477	0.0
3000	-26.152234847182243	-13.267601938145367	-12.884632909036874	0.0	1	1	1	0	1	0	1.0243123795044435	1.0448855486914042	0.9371132762728746	0.9842608572718724	1.125669617747741	1.0569774632126616	0.09781345633694345	1.0243123795044435	1.0448855486914042	0.9371132762728746	0.0	1.125669617747741	0.0
4000	-26.397771317648928	-13.025832581174535	-13.371938736474393	0.0	1	0	0	1	1	0	1.0016202337761368	1.1562095399346564	0.9746812907876046	1.0595354834844586	1.0715007173660045	0.9342784472853324	0.44890286621990905	1.0016202337761368	0.0	0.0	1.0595354834844586	1.0715007173660045	0.0
5000	-25.652294789879413	-12.582426157028474	-13.069868632850941	0.0	1	1	0	0	1	0	0.8108811979592009	1.414246169268146	1.0917445819045613	1.0980943034021404	1.084916007208015	0.9429387991232862	0.2596625484846991	0.8108811979592009	1.414246169268146	0.0	0.0	1.084916007208015	0.0
6000	-25.271934610894668	-13.16188021663583	-12.110054394258839	0.0	1	1	0	1	0	0	0.675618157955738	1.4519638393705163	1.036563557357754	1.0611502328840412	0.9890302053982017	1.039894308400982	0.12000545833940175	0.675618157955738	1.4519638393705163	0.0	1.0611502328840412	0.0	0.0
7000	-31.373131295234536	-14.7268193754345	-16.646311919800034	0.0	0	1	1	1	1	1	0.5741849362302517	1.535155312829602	1.1087380326878669	1.044062633019666	1.095122998593862	0.9658876043791174	0.8378834184829983	0.0	1.535155312829602	1.1087380326878669	1.044062633019666	1.095122998593862	0.9658876043791174
8000	-26.93454698306054	-11.974111820423612	-14.960435162636927	0.0	1	0	0	1	1	0	0.4577432995575927	1.427345527866623	1.2260289256276031	1.1316080083849964	1.2144604756923525	1.007289764640161	1.6836844894598604	0.4577432995575927	0.0	0.0	1.1316080083849964	1.2144604756923525	0.0
9000	-26.30860795477723	-11.858892673020188	-14.449715281757042	0.0	1	0	0	1	1	0	0.43918514760743016	1.305477638310844	1.3090392759105032	1.0784273719571376	1.0838149987562586	0.9695095478101737	1.3356300846375333	0.43918514760743016	0.0	0.0	1.0784273719571376	1.0838149987562586	0.0
10000	-26.55732731400206	-15.144757591584929	-11.41256972241713	0.0	1	1	0	0	1	0	0.40677034675706625	1.2060775790514664	1.6322423907354497	1.0422926938282664	1.1038676798416378	0.9782825785303073	0.053196513222064645	0.40677034675706625	1.2060775790514664	0.0	0.0	1.1038676798416378	0.0
11000	-26.38643877206311	-13.291671653219423	-13.094767118843686	0.0	1	1	0	1	0	0	0.4387941162996159	1.2705726179881869	1.8743391433062886	1.0621790227766086	0.9944545766263956	0.8826034147140444	0.24570171189332388	0.4387941162996159	1.2705726179881869	0.0	1.0621790227766086	0.0	0.0
12000	-25.733339014224455	-11.861235364484198	-13.872103649740257	0.0	1	0	0	1	1	0	0.39457209257821646	1.1895955682404622	1.595210940978507	1.0664102860395992	0.8908792066589452	0.8957019643834725	0.8736398523470446	0.39457209257821646	0.0	0.0	1.0664102860395992	0.8908792066589452	0.0
13000	-26.714202422668293	-11.389821110072516	-15.324381312595776	0.0	1	0	1	1	1	0	0.4189192028193138	1.3943649752084686	1.328674101224947	1.0253363438171572	1.0042969077273058	0.8876776262028092	1.2591023815306714	0.4189192028193138	0.0	1.328674101224947	1.0253363438171572	1.0042969077273058	0.0
14000	-25.904408933006163	-13.517998247557358	-12.386410685448805	0.0	1	1	0	1	0	0	0.35301040194685546	1.1822347955133037	1.2049449014115012	1.0437168618323907	1.0874167497727731	0.8630852953894033	0.26622861901265926	0.35301040194685546	1.1822347955133037	0.0	1.0437168618323907	0.0	0.0
15000	-30.45362567694329	-13.10468972038326	-17.34893595656003	0.0	1	1	1	1	1	1	0.3354157835963848	1.261539501584162	1.263860285310316	1.0399531481686661	0.9029246342292532	0.7359510037884686	0.6415710168361877	0.3354157835963848	1.261539501584162	1.263860285310316	1.0399531481686661	0.9029246342292532	0.7359510037884686
16000	-27.21406107927359	-13.84487306982896	-13.369188009444631	0.0	1	1	1	1	0	0	0.33450593681783714	1.4301236017780754	1.1588685617478935	1.1809190406772223	1.06954127491655	0.6100715573532545	0.23452078104087418	0.33450593681783714	1.4301236017780754	1.1588685617478935	1.1809190406772223	0.0	0.0
17000	-27.048993837614496	-13.727389034525457	-13.321604803089041	0.0	1	0	1	1	0	0	0.2974975024284659	1.4805052129823613	1.3310353270100241	1.264199532406669	1.1710487408427077	0.5087059540130452	0.4934176990365673	0.2974975024284659	0.0	1.3310353270100241	1.264199532406669	0.0	0.0
18000	-33.344758522948524	-13.749976019611193	-19.594782503337335	0.0	1	0	1	1	1	0	0.3243532188730283	1.5582044456656354	1.1902971094568602	1.2671067346864082	0.992771861541168	0.5105253521087533	101.58309950666504	0.3243532188730283	0.0	1.1902971094568602	1.2671067346864082	0.992771861541168	0.0
19000	-31.937242556073716	-13.044853634984097	-18.89238892108962	0.0	1	0	1	1	1	0	0.3098826262343994	1.6701166778512784	1.1491733753957465	1.22394494749794	0.9312495677985034	0.4945387523459574	56.13137434702914	0.3098826262343994	0.0	1.1491733753957465	1.22394494749794	0.9312495677985034	0.0
20000	-29.580887167588397	-14.20922844679367	-15.371658720794727	0.0	1	1	1	1	0	1	0.2869757837514026	1.8274022181284528	1.0805149815371227	1.150308401235725	1.0112525952197056	0.4719154809907306	0.3840149564476369	0.2869757837514026	1.8274022181284528	1.0805149815371227	1.150308401235725	0.0	0.4719154809907306
21000	-25.552828852974297	-11.497583818715299	-14.055245034258999	0.0	1	0	0	1	1	0	0.2547628723929815	2.297490698502704	1.0899437549615327	0.995796417631971	1.007373848976018	0.46478362897672015	0.970718708842712	0.2547628723929815	0.0	0.0	0.995796417631971	1.007373848976018	0.0
22000	-28.012084521723683	-11.018614375693229	-16.993470146030454	0.0	1	0	1	1	1	0	0.26043736408013357	2.2426859566432555	0.9982952199375137	0.9485030648540849	1.2466235030946649	0.4629756463671025	6.025710124730186	0.26043736408013357	0.0	0.9982952199375137	0.9485030648540849	1.2466235030946649	0.0
23000	-27.876997909323286	-12.157605496629536	-15.719392412693752	0.0	1	0	1	1	0	1	0.28123582692965227	1.9686682556612582	1.2145340875362158	1.0308150659196116	1.2389478402999912	0.5264036050419623	1.5280605077594904	0.28123582692965227	0.0	1.2145340875362158	1.0308150659196116	0.0	0.5264036050419623
24000	-27.404215418548652	-14.541493611621272	-12.86272180692738	0.0	1	1	1	0	0	0	0.2885231444509978	2.10819713564022	1.0609164696863862	1.1793916923352659	1.2483883108969611	0.4893164705994646	0.22592847718817197	0.2885231444509978	2.10819713564022	1.0609164696863862	0.0	0.0	0.0
25000	-26.84081469091943	-11.561988846161018	-15.278825844758412	0.0	1	0	0	1	1	1	0.3540099673427853	1.9925219055194077	0.9824564756702322	1.2480179600001888	1.0544117683632641	0.4473660527580636	1.1797975778873608	0.3540099673427853	0.0	0.0	1.2480179600001888	1.0544117683632641	0.4473660527580636
26000	-28.662064329530303	-12.61695314672061	-16.04511118280969	0.0	1	0	1	1	0	1	0.3175805239031595	1.8593821910802975	1.0732304237563979	1.3637999985997502	1.006234031904965	0.4174001249946558	2.6435641716616844	0.3175805239031595	0.0	1.0732304237563979	1.3637999985997502	0.0	0.4174001249946558
27000	-27.16025917673406	-11.538451854528143	-15.621807322205918	0.0	1	0	0	1	1	1	0.3597057201747343	1.9272946459794817	1.16376731363864	1.4112726784711476	0.9755316830418029	0.44946889510363064	1.3499021859024363	0.3597057201747343	0.0	0.0	1.4112726784711476	0.9755316830418029	0.44946889510363064
28000	-28.134822545561647	-11.3418273949403	-16.792995150621348	0.0	1	0	1	1	1	1	0.45192795493325116	1.6227026343325732	0.949483822885182	1.34224359064691	0.92126978955315	0.4065903580541665	1.8194497774645728	0.45192795493325116	0.0	0.949483822885182	1.34224359064691	0.92126978955315	0.4065903580541665
29000	-22.467063331838027	-12.387781068549133	-10.079282263288896	0.0	1	1	1	0	0	0	0.625518200329978	0.8173616033803621	0.13645600800387422	0.47578448012949237	1.2012846796080903	0.9131620194158524	0.12665485206154467	0.625518200329978	0.8173616033803621	0.13645600800387422	0.0	0.0	0.0
30000	-25.247224853783976	-13.082510086382424	-12.164714767401554	0.0	1	1	0	0	0	1	0.7881638908777707	1.924067934900484	1.6691645363662544	0.5998416929821028	1.2794528503193179	0.22618774459881197	0.10042193699402151	0.7881638908777707	1.924067934900484	0.0	0.0	0.0	0.22618774459881197
31000	-25.054420818555414	-13.350035061710363	-11.704385756845051	0.0	1	1	1	0	1	1	0.062492651584306794	0.431145424998693	0.10815315285089659	0.4407639166914213	0.09503696962936323	0.5869012665466895	0.5943753871623935	0.062492651584306794	0.431145424998693	0.10815315285089659	0.0	0.09503696962936323	0.5869012665466895
32000	-30.396980937572735	-12.623977358263042	-17.773003579309695	0.0	1	1	1	0	0	1	0.7354166443357086	0.6806214364573299	1.9801894699597515	0.7622237525170211	4.165918609537895	1.8056184116322491	0.24850062049308796	0.7354166443357086	0.6806214364573299	1.9801894699597515	0.0	0.0	1.8056184116322491
33000	-27.556564481994975	-12.317966899434763	-15.238597582560214	0.0	1	1	0	0	1	0	0.5229340157853366	0.7788953827294569	0.5001959703757989	4.713024334934807	1.873713369916829	0.2006449206460399	0.26548046297934813	0.5229340157853366	0.7788953827294569	0.0	0.0	1.873713369916829	0.0
34000	-28.068029359195485	-12.276540404575984	-15.7914889546195	0.0	0	1	0	0	0	1	0.3191895204341795	0.5822402438593592	2.1922515122979958	0.5739026724496945	0.3972974359494538	4.151718721523689	0.9673466793669063	0.0	0.5822402438593592	0.0	0.0	0.0	4.151718721523689
35000	-30.152332519170724	-12.522009289613205	-17.63032322955752	0.0	0	1	0	0	1	1	0.9047555865248803	0.47509741648278186	0.389881593788486	0.5369829369874249	4.063357194682753	0.474042265213901	16.42441050452739	0.0	0.47509741648278186	0.0	0.0	4.063357194682753	0.474042265213901
36000	-29.717453554262917	-15.690959256937314	-14.026494297325602	0.0	0	1	0	0	0	1	1.0597113997177836	0.5284694267273607	0.28426042426401815	4.851758680321707	0.6959021718948231	0.4977962388293094	0.2230824195315568	0.0	0.5284694267273607	0.0	0.0	0.0	0.4977962388293094
37000	-28.248052117928758	-12.565056888443388	-15.682995229485368	0.0	0	1	0	1	1	1	0.3861852098578536	0.5611079699799427	1.3520384599809632	0.6963475010435959	0.47204911143207867	2.402677229371542	2.176040266350993	0.0	0.5611079699799427	0.0	0.6963475010435959	0.47204911143207867	2.402677229371542
38000	-23.772110591811337	-12.903131649583383	-10.868978942227955	0.0	1	0	0	1	1	0	0.2633020599158081	0.04996708629008838	0.11394184857937002	0.37680493823880873	0.33988447253365733	1.78129940338483	0.9694433252108978	0.2633020599158081	0.0	0.0	0.37680493823880873	0.33988447253365733	0.0
39000	-26.251548786604147	-11.172444945668184	-15.07910384093596	0.0	1	0	0	1	1	1	0.04723686449512094	0.5917864635224832	0.6102248369871515	0.5927564494079682	2.6289283436948456	0.02579245950450467	4.69054624262664	0.04723686449512094	0.0	0.0	0.5927564494079682	2.6289283436948456	0.02579245950450467
40000	-23.36119555430663	-13.094193786604578	-10.267001767702052	0.0	1	1	0	0	0	0	0.6647993582564288	1.6098586713675909	0.6357641884416723	1.359325642223893	0.0393757730791956	0.07246104689411506	0.17842774448385884	0.6647993582564288	1.6098586713675909	0.0	0.0	0.0	0.0
41000	-30.360794241488655	-13.2494987688937	-17.111295472594957	0.0	1	0	1	1	1	0	0.9337726727812072	0.3183272022157456	1.919197144830797	0.3626286452747072	1.3239357789491613	0.8534590118440167	10.570616226565678	0.9337726727812072	0.0	1.919197144830797	0.3626286452747072	1.3239357789491613	0.0
42000	-27.310207361693195	-12.463450734163677	-14.846756627529519	0.0	0	1	1	0	1	1	0.6023501950954181	0.12383946230911767	0.906376446685118	0.3799355849671745	1.175120030397398	0.3028256620456758	10.123066335084077	0.0	0.12383946230911767	0.906376446685118	0.0	1.175120030397398	0.3028256620456758
43000	-28.958477350502385	-12.484155874618843	-16.474321475883542	0.0	1	0	1	1	1	1	0.11796376625316927	0.5404116765117905	0.3043929767033164	0.8474273624116829	0.42264170830427195	0.20060973512518948	33.51033245194783	0.11796376625316927	0.0	0.3043929767033164	0.8474273624116829	0.42264170830427195	0.20060973512518948
44000	-24.819182490498722	-10.920512571971031	-13.898669918527691	0.0	1	0	1	1	1	1	0.21046775246417057	0.5803467255793998	0.5145436589477433	0.45371571115574844	0.8377736160955683	0.12370192205404995	1.9695534390343987	0.21046775246417057	0.0	0.5145436589477433	0.45371571115574844	0.8377736160955683	0.12370192205404995
45000	-31.816287548611605	-14.708847338247288	-17.107440210364317	0.0	1	0	1	1	0	0	2.3599994042543844	3.646513756504172	1.135194650120976	0.8649773803397884	1.5703587726248407	0.30724449564873785	0.4714776731746925	2.3599994042543844	0.0	1.135194650120976	0.8649773803397884	0.0	0.0
46000	-29.209681999556523	-11.489846703653116	-17.719835295903405	0.0	1	1	1	1	1	1	0.7131360282995933	0.018054641106206134	1.6850420865076745	1.4953107294430794	1.245662911588031	0.0773172390597271	1.2614235528362072	0.7131360282995933	0.018054641106206134	1.6850420865076745	1.4953107294430794	1.245662911588031	0.0773172390597271
47000	-23.9549213550139	-11.12691908930919	-12.828002265704711	0.0	1	0	1	1	1	0	0.25828077874475314	0.14638134655562535	0.9999480822603681	0.3599262362571777	1.473759560132637	0.01998105838668282	1.7072236718414577	0.25828077874475314	0.0	0.9999480822603681	0.3599262362571777	1.473759560132637	0.0
48000	-21.876279740902717	-12.279165242040698	-9.59711449886202	0.0	1	1	0	0	0	0	1.0459058695050674	0.45234743411679396	0.16206957276510647	0.9403111341635046	0.8675436633279678	0.18283024425414884	0.1896011746817257	1.0459058695050674	0.45234743411679396	0.0	0.0	0.0	0.0
49000	-24.81559199371181	-14.434626534510658	-10.380965459201152	0.0	1	0	0	1	1	0	0.6832744611093443	0.08424783222932675	0.13710248154782476	0.24949459332775661	1.9186410199800086	0.5356400905300553	0.3003670485306845	0.6832744611093443	0.0	0.0	0.24949459332775661	1.9186410199800086	0.0
50000	-25.694117004050888	-15.070252009256885	-10.623864994794005	0.0	1	0	0	1	0	0	0.3982231776064867	1.5820081716119003	0.4074660495424073	0.2082038972497584	1.8299702372185276	0.28911910837256216	0.1826661610500573	0.3982231776064867	0.0	0.0	0.2082038972497584	0.0	0.0
51000	-23.72829136993048	-12.273871645028393	-11.454419724902086	0.0	1	1	0	0	0	0	0.6389296449331876	0.13472556768242172	0.4189292144364839	0.1812181185248155	4.297591161862269	0.3036724283824748	0.11883944804704559	0.6389296449331876	0.13472556768242172	0.0	0.0	0.0	0.0
52000	-25.020926182450218	-13.173308843893041	-11.847617338557178	0.0	1	1	0	1	0	0	0.6717325251705621	1.866683967817801	0.20890684973121937	1.186238116615525	0.8874073792252327	0.6632004673350903	0.19945322794345355	0.6717325251705621	1.866683967817801	0.0	1.186238116615525	0.0	0.0
53000	-28.79930244699133	-13.623956435934424	-15.175346011056906	0.0	1	1	1	1	0	1	0.2879039232311837	0.20188495154020167	0.09742004331475222	1.0271825029420685	0.1048162213027454	2.06031217920135	2.4479514705376584	0.2879039232311837	0.20188495154020167	0.09742004331475222	1.0271825029420685	0.0	2.06031217920135
54000	-37.81278012211732	-13.340473929037719	-24.4723061930796	0.0	1	1	1	1	1	0	0.27358417995878304	0.8176581501309331	2.167386748941057	2.684504876389137	4.485105884634064	0.5462319607288347	19.72853324204451	0.27358417995878304	0.8176581501309331	2.167386748941057	2.684504876389137	4.485105884634064	0.0
55000	-29.086242558718325	-12.063263288634147	-17.02297927008418	0.0	0	1	1	0	1	1	0.41442899815960776	0.25875345980379505	2.8726467081265716	0.5593639224766102	0.6381242116648649	0.9266773517665418	10.08976950064454	0.0	0.25875345980379505	2.8726467081265716	0.0	0.6381242116648649	0.9266773517665418
56000	-26.09156223160426	-11.91948155293755	-14.172080678666712	0.0	1	1	0	0	1	1	0.10063487156770833	0.1375589350034948	0.4812368339940861	0.35900426197666774	0.48179753373041107	2.451098952414206	3.080554042064229	0.10063487156770833	0.1375589350034948	0.0	0.0	0.48179753373041107	2.451098952414206
57000	-26.19547200843869	-12.972545168410505	-13.222926840028183	0.0	1	1	0	0	1	0	0.8783120031399165	1.5213794359085482	1.2622921146418018	0.8630610092706413	0.499098045914152	2.6280655168068403	0.09021234421426882	0.8783120031399165	1.5213794359085482	0.0	0.0	0.499098045914152	0.0
58000	-27.760791972283517	-12.54134656099033	-15.219445411293187	0.0	0	1	0	1	0	1	0.4236066873904073	0.1254749544975247	2.238899764738798	1.1229423829743896	0.2510053364026937	2.332868576826796	2.1158769928756924	0.0	0.1254749544975247	0.0	1.1229423829743896	0.0	2.332868576826796
59000	-28.325882995081102	-13.163183059334855	-15.162699935746247	0.0	1	1	0	0	1	1	1.0165531902024931	0.13932828807939643	0.5665351525225926	0.1994367660950201	0.06516969121119534	4.081924514433188	1.0608454378810088	1.0165531902024931	0.13932828807939643	0.0	0.0	0.06516969121119534	4.081924514433188
60000	-26.988472338844904	-11.364949075315431	-15.623523263529473	0.0	0	1	0	0	1	1	2.0924503234862026	0.20450691927917386	0.09012494685716516	0.5808190791104174	1.4180760510046755	1.6560779873206535	4.9743067555147595	0.0	0.20450691927917386	0.0	0.0	1.4180760510046755	1.6560779873206535
61000	-32.72451968179568	-11.280849453619744	-21.443670228175932	0.0	0	1	1	1	1	1	0.8100258236316462	0.5990367076381404	0.6629625867490897	0.06261868452304305	6.070883531201472	1.4988386116946597	3.4489555613134137	0.0	0.5990367076381404	0.6629625867490897	0.06261868452304305	6.070883531201472	1.4988386116946597
62000	-20.090216421855523	-12.081204178384668	-8.009012243470856	0.0	1	1	0	0	0	0	0.7535100360504503	0.2626273444537138	0.12381701247984217	0.3371273881589768	0.6659495851668421	0.3085413492347795	0.128499863097091	0.7535100360504503	0.2626273444537138	0.0	0.0	0.0	0.0
63000	-25.165797753843194	-12.25521333941203	-12.910584414431163	0.0	1	0	1	1	0	1	0.2975731515558724	0.07034018056487489	1.5097537277410562	0.2844303042574242	1.0913402600191118	0.05165945265143925	1.7693358058928466	0.2975731515558724	0.0	1.5097537277410562	0.2844303042574242	0.0	0.05165945265143925
64000	-27.77722353554021	-14.287879065006836	-13.489344470533371	0.0	1	1	0	0	0	0	0.26681829131798823	0.5101718493291834	2.889762023591516	0.11899210044661478	0.7065590511954746	2.538614109290684	0.3165967748568842	0.26681829131798823	0.5101718493291834	0.0	0.0	0.0	0.0
65000	-31.069739572037314	-11.6517964778554	-19.417943094181915	0.0	0	1	0	1	0	1	0.08544276718692705	0.1549736801037206	0.6589973007813366	0.3918878984281466	4.706772147154638	3.9033053830024755	4.662858942038953	0.0	0.1549736801037206	0.0	0.3918878984281466	0.0	3.9033053830024755
66000	-25.952189653871805	-12.374378267380516	-13.577811386491291	0.0	1	1	0	0	0	0	1.9479356502584286	0.9749441396086193	0.5443019643781379	1.4892389742007281	2.255850664927531	0.3510671509859196	0.20302802854984453	1.9479356502584286	0.9749441396086193	0.0	0.0	0.0	0.0
67000	-30.45731921351461	-15.960172001589632	-14.497147211924977	0.0	0	1	0	0	0	1	3.6209052069845806	1.6974973837596015	0.8811260124289192	0.4449018370138839	0.4153979883038946	0.9040009441677636	0.3412345455878107	0.0	1.6974973837596015	0.0	0.0	0.0	0.9040009441677636
68000	-25.545690991344063	-12.185655804375765	-13.360035186968299	0.0	1	1	1	1	1	0	1.0642997539681305	0.7220397303278989	0.20103508262562236	0.7450474120670963	0.7381153259203979	0.41814290818080446	0.35734507270647875	1.0642997539681305	0.7220397303278989	0.20103508262562236	0.7450474120670963	0.7381153259203979	0.0
69000	-32.90167042550093	-12.216380956787733	-20.6852894687132	0.0	1	1	1	1	0	1	0.4812616523125145	0.5702171209330461	1.8693771700326285	0.2008319761233396	0.347673228831687	5.508665205886451	3.3404543071271324	0.4812616523125145	0.5702171209330461	1.8693771700326285	0.2008319761233396	0.0	5.508665205886451
70000	-25.0669933336901	-13.399257153903358	-11.667736179786743	0.0	1	1	0	0	1	0	1.1871450359105233	2.3256854969519822	0.008730589427774715	1.1041710359382673	0.8701475216402492	0.7804330630714952	0.07539239094386126	1.1871450359105233	2.3256854969519822	0.0	0.0	0.8701475216402492	0.0
71000	-30.03736542336212	-11.639218676550552	-18.39814674681157	0.0	1	0	1	1	1	0	0.22599688782162478	1.4875806399480966	0.27968404342364456	0.5260428920999564	1.436982717501616	3.4642471246474646	6.951210146249971	0.22599688782162478	0.0	0.27968404342364456	0.5260428920999564	1.436982717501616	0.0
72000	-26.802047855003252	-11.048590637091255	-15.753457217911995	0.0	1	0	0	1	1	1	0.34461821136968174	0.41855584917155186	0.6120708980357236	1.8543332786874052	2.069206877921246	0.10347735479140249	3.7251247556293747	0.34461821136968174	0.0	0.0	1.8543332786874052	2.069206877921246	0.10347735479140249
73000	-28.09312770806475	-12.68485077442496	-15.408276933639787	0.0	1	0	1	1	0	1	0.5604838009947273	0.22218411336353067	0.8821966357039396	2.025322531069843	0.6213893235192656	1.3910275521306246	1.9556129755262794	0.5604838009947273	0.0	0.8821966357039396	2.025322531069843	0.0	1.3910275521306246
74000	-24.7702016303194	-12.341879936480776	-12.42832169383862	0.0	1	1	1	1	0	0	0.9472193128035608	1.1638676750991392	0.4682618815706523	0.35439184465402224	1.4970997409810654	0.6889522775879842	0.17780634216955898	0.9472193128035608	1.1638676750991392	0.4682618815706523	0.35439184465402224	0.0	0.0
75000	-23.629968573532572	-13.151051991488286	-10.478916582044288	0.0	1	1	1	0	0	1	0.3313475178877181	0.0419365237795044	0.8498887898746297	0.2948669099593798	0.33932303603226394	0.7012541502220774	0.32797184067466273	0.3313475178877181	0.0419365237795044	0.8498887898746297	0.0	0.0	0.7012541502220774
76000	-35.75970638749266	-13.812858972823774	-21.946847414668888	0.0	1	1	1	0	1	0	0.14414998846933505	0.29005791419743426	0.665407380487273	1.4639108228661943	3.4743663702847845	2.971480750319067	47.47371858261033	0.14414998846933505	0.29005791419743426	0.665407380487273	0.0	3.4743663702847845	0.0
77000	-26.585219815919686	-11.31741607438237	-15.267803741537316	0.0	1	0	0	1	1	0	0.09587899194457249	0.779525586522813	0.6823585914248717	1.8136997734001614	1.9024779170206916	0.4733743811021872	4.681127460123003	0.09587899194457249	0.0	0.0	1.8136997734001614	1.9024779170206916	0.0
78000	-29.41252762616014	-12.73236243593812	-16.68016519022202	0.0	0	1	1	0	1	1	1.9567799654681652	0.07489139485647743	0.06178435070801083	2.5769079513703255	0.028592116405109138	1.1217853546816905	6.180385640852149	0.0	0.07489139485647743	0.06178435070801083	0.0	0.028592116405109138	1.1217853546816905
79000	-31.56482468429857	-16.48937798457012	-15.075446699728452	0.0	1	1	0	1	0	1	0.31554826427868665	3.439159060121916	0.04403090762646008	1.441152943756422	0.10993491620598617	3.1959005662525715	0.0815488998370667	0.31554826427868665	3.439159060121916	0.0	1.441152943756422	0.0	3.1959005662525715
80000	-33.379359479271024	-13.498342223246965	-19.88101725602406	0.0	1	0	1	1	0	0	2.274464217141099	2.1139660451077646	2.8329076793888444	2.266303596302859	1.0777900526292676	2.20888186380428	0.4196240284473044	2.274464217141099	0.0	2.8329076793888444	2.266303596302859	0.0	0.0
81000	-29.652416877360842	-12.570117464400212	-17.08229941296063	0.0	0	1	1	0	1	1	0.6673690410600076	0.5769276757111373	0.5800810382797725	0.1974344357703881	0.05641367706125908	4.637242846548987	3.7836658648966153	0.0	0.5769276757111373	0.5800810382797725	0.0	0.05641367706125908	4.637242846548987
82000	-24.503173872051917	-12.644254201197844	-11.858919670854073	0.0	1	1	0	0	0	0	1.4497449470315664	0.3262758819219698	3.1074886803322563	0.7077349915859842	0.35010436379975823	0.917119775528633	0.07358467366377826	1.4497449470315664	0.3262758819219698	0.0	0.0	0.0	0.0
83000	-30.425390661149684	-12.903006805887083	-17.522383855262603	0.0	1	1	0	1	1	1	1.4183261733098285	0.18510783572072195	0.7867992543868959	0.9175963071203559	1.4842878947205278	2.230844196108737	0.9994004242655408	1.4183261733098285	0.18510783572072195	0.0	0.9175963071203559	1.4842878947205278	2.230844196108737
84000	-27.16917719203846	-11.453542559970616	-15.715634632067843	0.0	1	0	1	1	1	0	0.43943787982413895	0.1701699389850666	0.8497800235207944	0.980461226567641	3.705753128362027	0.38822208608973474	1.1584867131279752	0.43943787982413895	0.0	0.8497800235207944	0.980461226567641	3.705753128362027	0.0
85000	-30.940771813414845	-12.930245296793398	-18.010526516621447	0.0	1	1	1	0	0	1	1.9361833523135785	4.500886617971843	0.49474553352243145	0.9868430541727029	0.052243661896867036	2.317577022253025	0.2689528271745067	1.9361833523135785	4.500886617971843	0.49474553352243145	0.0	0.0	2.317577022253025
86000	-27.956170891429245	-14.790641246583318	-13.165529644845929	0.0	0	1	0	0	1	1	3.3248081921993684	0.460390153961314	1.1207466266321866	0.46413046362956034	0.3774139213096235	0.6134644693658048	0.3101444990400622	0.0	0.460390153961314	0.0	0.0	0.3774139213096235	0.6134644693658048
87000	-23.195893881783142	-12.540796470288127	-10.655097411495017	0.0	1	1	0	0	1	0	2.0228007084652737	0.924275810744809	0.08262750475235708	0.0012079747218108968	0.3150785217608527	0.7214488949500051	0.2496260348261876	2.0228007084652737	0.924275810744809	0.0	0.0	0.3150785217608527	0.0
88000	-24.3551532522893	-11.672870570531215	-12.682282681758082	0.0	1	0	0	1	1	0	0.21148399670409163	2.06235826175665	0.053321170869034484	0.24437241956078176	1.3598396993110193	0.4566625939707067	1.3762683282959256	0.21148399670409163	0.0	0.0	0.24437241956078176	1.3598396993110193	0.0
89000	-32.50726718549632	-11.245147139819599	-21.26212004567672	0.0	1	1	0	0	1	1	0.21175745086129868	0.5498916190921675	1.7948078728084722	5.079452258549214	3.089962555674301	0.9031601829488125	1.8188111926943522	0.21175745086129868	0.5498916190921675	0.0	0.0	3.089962555674301	0.9031601829488125
90000	-24.377296972108063	-11.672372833163022	-12.704924138945042	0.0	0	1	0	0	1	1	0.6461351362889215	0.426454826211013	0.14235579666216305	0.745192587838911	1.5629169415771407	0.5160164306022156	1.9951835513724696	0.0	0.426454826211013	0.0	0.0	1.5629169415771407	0.5160164306022156
91000	-30.71742585522549	-10.848823141945413	-19.868602713280076	0.0	1	0	1	1	1	1	0.5013323185830924	0.06601854378654586	0.11827949339275194	3.190805308675301	4.04488318291874	0.8894228743034662	1.7465634754977275	0.5013323185830924	0.0	0.11827949339275194	3.190805308675301	4.04488318291874	0.8894228743034662
92000	-22.950359811808745	-12.388894823410858	-10.561464988397887	0.0	1	1	0	0	1	0	0.21504880162973547	0.2576890446412619	3.5736201339182765	0.05628022212378092	0.12524577116124552	0.4383414846761934	0.12483305413514481	0.21504880162973547	0.2576890446412619	0.0	0.0	0.12524577116124552	0.0
93000	-32.24662543272099	-14.833351440984075	-17.41327399173692	0.0	1	0	1	1	1	1	0.13361478701112556	1.1049635372014386	2.9485109361702366	0.8018426648666414	1.3760400329062275	0.8391445733867015	0.7475882053140867	0.13361478701112556	0.0	2.9485109361702366	0.8018426648666414	1.3760400329062275	0.8391445733867015
94000	-29.69860818451862	-11.690104739941587	-18.008503444577034	0.0	1	1	1	0	1	0	0.9530031990684624	0.4210127230762432	5.109671673439968	0.8660763253183743	1.0861750458968615	0.04751830455808643	1.6326742873194968	0.9530031990684624	0.4210127230762432	5.109671673439968	0.0	1.0861750458968615	0.0
95000	-23.79310150654049	-12.86635408518436	-10.926747421356131	0.0	1	1	1	0	1	0	0.4655727812522782	1.1374151199946123	0.0919474212725103	0.9691406066881524	0.6043623665779336	0.31346038317309305	0.18438842562814015	0.4655727812522782	1.1374151199946123	0.0919474212725103	0.0	0.6043623665779336	0.0
96000	-27.190183470833652	-12.894699393167281	-14.295484077666373	0.0	1	1	1	1	0	0	2.0714830338279104	1.562619441213372	1.1343657663138873	1.0552452438374458	0.6234466223262333	1.1938636643608143	0.09239354457039738	2.0714830338279104	1.562619441213372	1.1343657663138873	1.0552452438374458	0.0	0.0
97000	-27.879321428198523	-13.28039641000909	-14.598925018189435	0.0	1	0	1	1	0	1	0.5258478291992741	0.16724316723291843	0.3282487480871096	2.16062645213156	1.2183856655482705	0.755628897568678	1.5040537874415787	0.5258478291992741	0.0	0.3282487480871096	2.16062645213156	0.0	0.755628897568678
98000	-25.320341409470494	-12.920333376733659	-12.400008032736833	0.0	1	1	0	0	0	1	0.28662213404849757	0.9522974970026162	0.07305622293323016	0.5450670655399149	2.7525270773953943	1.2118278190478762	0.24737597700233094	0.28662213404849757	0.9522974970026162	0.0	0.0	0.0	1.2118278190478762
99000	-26.745565013197343	-13.931228865194665	-12.81433614800268	0.0	0	1	0	0	1	1	1.0303927433962867	0.49838027823011266	2.8074679497106922	0.07002967025465351	0.6418096407425796	0.4346205768595812	0.5255313103278517	0.0	0.49838027823011266	0.0	0.0	0.6418096407425796	0.4346205768595812
100000	-23.459019222332138	-12.380179523742655	-11.078839698589483	0.0	1	1	0	0	1	0	0.8723701801201703	0.1675720181181125	0.16544869595738604	0.308564234185479	0.5033106218585994	2.4169258571032337	0.26427663497383663	0.8723701801201703	0.1675720181181125	0.0	0.0	0.5033106218585994	0.0
101000	-26.74844337150015	-12.171738492926929	-14.576704878573224	0.0	1	1	0	1	0	1	0.5379352912869643	0.46672826152884817	3.247315359555347	0.5150861213180683	1.7497580997448832	0.4354388747918752	0.24392454792174093	0.5379352912869643	0.46672826152884817	0.0	0.5150861213180683	0.0	0.4354388747918752
102000	-25.152278816165804	-12.316551225006627	-12.835727591159175	0.0	1	1	1	0	1	0	1.4997015484494407	1.3437686145591012	0.05102314642400651	1.8923603755230851	0.48459858129704325	0.7519610545325698	0.10820777903050559	1.4997015484494407	1.3437686145591012	0.05102314642400651	0.0	0.48459858129704325	0.0
103000	-31.923298324473272	-12.508677440022534	-19.414620884450738	0.0	1	0	0	1	1	0	0.11259395833150533	0.6834324003589687	2.9899531872122447	1.3606896027385371	1.8064363882648768	0.47115455842982046	52.86048276018009	0.11259395833150533	0.0	0.0	1.3606896027385371	1.8064363882648768	0.0
104000	-26.48118260038073	-10.527076022796471	-15.954106577584259	0.0	1	0	0	1	1	0	0.11381782516856244	1.8809411770133873	0.4939878788008973	0.400552490126221	1.4976627599100947	2.502930833499858	2.9698764022495334	0.11381782516856244	0.0	0.0	0.400552490126221	1.4976627599100947	0.0
105000	-29.515307908189932	-10.944683554716256	-18.570624353473676	0.0	1	0	1	1	1	0	0.30434444690758294	1.681703955819144	0.9164952192092698	0.9575241534884803	1.9318838631438198	1.960249954273701	5.933330168855734	0.30434444690758294	0.0	0.9164952192092698	0.9575241534884803	1.9318838631438198	0.0
106000	-22.284082023641325	-13.134571643084765	-9.149510380556562	0.0	1	1	0	0	0	0	0.9158336619244383	0.15307585285920142	0.13464392627257815	2.3547184246627455	0.46457915425437607	0.3528503674463666	0.05864972048452981	0.9158336619244383	0.15307585285920142	0.0	0.0	0.0	0.0
107000	-23.220144300503136	-12.397737457386887	-10.822406843116248	0.0	1	1	1	0	0	0	0.2527042745381013	0.36153113021103406	0.5926794973539861	0.6278560943555725	0.5088585239230219	1.776950146812992	0.27983976081947837	0.2527042745381013	0.36153113021103406	0.5926794973539861	0.0	0.0	0.0
108000	-30.058922545481686	-14.187769965092516	-15.871152580389172	0.0	0	1	1	1	0	1	0.8477567627725735	0.1459029096677401	0.2409140715519516	0.702874846885381	3.8967353963288898	0.29624271889967985	2.0253082417873056	0.0	0.1459029096677401	0.2409140715519516	0.702874846885381	0.0	0.29624271889967985
109000	-26.64407501066202	-12.422657567415754	-14.221417443246269	0.0	1	1	0	0	0	0	2.51206830023765	2.084320281590901	0.19304579066490998	0.9244787933053171	1.7903936809107128	0.7284758383763796	0.19784527408796515	2.51206830023765	2.084320281590901	0.0	0.0	0.0	0.0
110000	-27.08083051539461	-14.809876512025335	-12.270954003369274	0.0	1	1	0	0	1	0	2.189501662943869	0.8351263400429035	0.9312104314957284	0.005540053856714642	1.987994155359027	1.617514086201746	0.03789047214646729	2.189501662943869	0.8351263400429035	0.0	0.0	1.987994155359027	0.0
111000	-25.490082284979145	-11.15677889513267	-14.333303389846474	0.0	1	0	1	1	0	1	0.05435317339722185	1.904803881665291	0.30199405973305266	0.21516637569821348	0.6857872984104812	0.5741788206865531	4.75946880633714	0.05435317339722185	0.0	0.30199405973305266	0.21516637569821348	0.0	0.5741788206865531
112000	-27.615889727125165	-11.03209165892335	-16.583798068201816	0.0	0	1	0	1	1	1	2.553477238656789	0.13623754331063725	1.869139262003542	0.28476661477600407	0.8170864529312863	1.0497221105043049	2.3122254296541587	0.0	0.13623754331063725	0.0	0.28476661477600407	0.8170864529312863	1.0497221105043049
113000	-33.70367593846473	-11.138927885159594	-22.56474805330513	0.0	0	1	1	0	1	1	0.3673739601514713	0.3310396840467903	0.9210135548102951	5.146054256672956	1.3892968077616286	3.2567854480949436	8.275815636958939	0.0	0.3310396840467903	0.9210135548102951	0.0	1.3892968077616286	3.2567854480949436
114000	-28.050189677363193	-12.48717248429022	-15.563017193072973	0.0	1	1	0	1	1	0	0.08505493034316843	0.6436443438411749	0.45590758918025454	0.6445913265992682	2.7009872497106264	0.8787003991652922	3.0602762887805164	0.08505493034316843	0.6436443438411749	0.0	0.6445913265992682	2.7009872497106264	0.0
115000	-25.290800167883226	-12.33029204473255	-12.960508123150674	0.0	1	1	1	0	0	1	0.762680980560624	0.37488261241571275	0.7738133038343462	1.9890549534948838	0.9955870486920185	0.7250732004634713	0.18338859756052303	0.762680980560624	0.37488261241571275	0.7738133038343462	0.0	0.0	0.7250732004634713
116000	-31.928928723511163	-11.921431161820392	-20.007497561690773	0.0	0	1	1	1	1	1	1.416279633723997	0.5860481763611115	0.09123901835515709	0.29741982573408793	3.48011461847113	1.5451612037489808	8.054611378107312	0.0	0.5860481763611115	0.09123901835515709	0.29741982573408793	3.48011461847113	1.5451612037489808
117000	-28.123014553064323	-11.794733078106617	-16.328281474957706	0.0	1	0	1	1	1	0	0.2882684059569968	0.1440288400736309	1.4382501445907268	0.43974700946106626	0.8929725667864105	0.6847487662446718	29.387643355719778	0.2882684059569968	0.0	1.4382501445907268	0.43974700946106626	0.8929725667864105	0.0
118000	-23.245338088755574	-13.295511140169396	-9.949826948586178	0.0	1	1	0	1	0	0	0.7759761796106144	0.02690738931668206	0.3737006356948757	1.266823745811447	0.3353988868029013	0.2871969071870216	0.335740790712871	0.7759761796106144	0.02690738931668206	0.0	1.266823745811447	0.0	0.0
119000	-26.208239963899217	-12.42186656711596	-13.786373396783258	0.0	1	1	1	1	0	1	1.1854638973534346	0.3432541407538761	0.7974916858984874	0.5666508137400744	0.9771103587552562	0.24417167274029425	0.4368977576015762	1.1854638973534346	0.3432541407538761	0.7974916858984874	0.5666508137400744	0.0	0.24417167274029425
120000	-27.994092102103814	-12.582667999252566	-15.411424102851246	0.0	1	1	1	1	1	1	0.7447180384888183	0.05095738953311203	1.1317467844717017	1.628635653869509	0.31242975685422586	0.05775562825072455	0.46389700261110245	0.7447180384888183	0.05095738953311203	1.1317467844717017	1.628635653869509	0.31242975685422586	0.05775562825072455
121000	-28.571880455084493	-12.224777591901987	-16.347102863182506	0.0	0	1	1	0	1	1	0.28674851340540014	0.1716529801688194	1.304208565969451	1.9550382921787228	0.13940745291237394	0.706266600382563	15.446568813939049	0.0	0.1716529801688194	1.304208565969451	0.0	0.13940745291237394	0.706266600382563
122000	-22.04916167675288	-11.825699192284953	-10.223462484467927	0.0	1	1	0	0	1	0	0.6830768114841417	0.3394357492962612	0.11704186069855473	0.13406777506277515	1.4919125167369878	0.5234889965080787	0.3531836520677119	0.6830768114841417	0.3394357492962612	0.0	0.0	1.4919125167369878	0.0
123000	-28.777672404026863	-13.746082117105763	-15.0315902869211	0.0	1	0	1	1	0	0	0.09288187786045392	1.4035067089590594	0.22825549706919507	1.632766727659318	2.307571379515423	0.2362801850236489	3.172430640991351	0.09288187786045392	0.0	0.22825549706919507	1.632766727659318	0.0	0.0
124000	-26.5352950657856	-12.227756459578432	-14.307538606207169	0.0	1	1	0	0	0	0	1.2828824514817947	1.1557634887639547	0.023736863953022977	1.9649681693269687	2.881463573456645	1.218253614257238	0.160637430409379	1.2828824514817947	1.1557634887639547	0.0	0.0	0.0	0.0
125000	-26.889702392776975	-11.593329640882356	-15.29637275189462	0.0	1	0	1	1	1	0	0.6170451512427652	0.5022441017938671	1.0140327735980341	1.3413584598456456	1.536120495164006	0.38268101379084507	2.38140978398251	0.6170451512427652	0.0	1.0140327735980341	1.3413584598456456	1.536120495164006	0.0
126000	-26.746960546863896	-12.09656106791797	-14.650399478945927	0.0	1	1	1	0	0	0	1.0867756500274548	0.8068966070349491	1.9480580281905537	1.0604615109268685	2.693696680683968	0.5814106097377265	0.2225871537517184	1.0867756500274548	0.8068966070349491	1.9480580281905537	0.0	0.0	0.0
127000	-25.17136610369181	-13.576785695365936	-11.594580408325873	0.0	1	1	0	1	0	0	2.0796445683897367	0.18830450639561727	0.060297813246506037	0.9537458347380027	1.7294197554393524	1.1134185620985506	0.0815408836966838	2.0796445683897367	0.18830450639561727	0.0	0.9537458347380027	0.0	0.0
128000	-25.744509249201272	-12.03540415321294	-13.709105095988331	0.0	0	1	0	0	0	1	0.407473730379291	0.45060941995956916	0.03097574210447454	0.22467004694100323	1.6524130767578598	2.9985463700869595	1.3997121712900278	0.0	0.45060941995956916	0.0	0.0	0.0	2.9985463700869595
129000	-22.987858867793946	-11.044264074674471	-11.943594793119477	0.0	0	1	0	0	1	1	0.4442945029705092	0.18347575757597595	0.17404165791050263	0.2754240062908783	0.7810211063207462	1.2125654130743948	2.4532277473447515	0.0	0.18347575757597595	0.0	0.0	0.7810211063207462	1.2125654130743948
130000	-27.416990600575048	-13.234638102887098	-14.182352497687948	0.0	0	1	0	1	1	1	0.22186637749012306	0.5707692422964349	1.0155875675761141	1.5585328352183876	0.5913476159319688	1.1411885705432137	1.0495638728257242	0.0	0.5707692422964349	0.0	1.5585328352183876	0.5913476159319688	1.1411885705432137
131000	-28.602462190831815	-14.054880145188184	-14.547582045643633	0.0	0	1	0	0	1	1	1.801842467218596	0.29475984018115475	0.18365531795375237	3.7578962632762964	0.3317531737331177	1.1240487204702736	0.39791968823448515	0.0	0.29475984018115475	0.0	0.0	0.3317531737331177	1.1240487204702736
132000	-27.005560324446478	-10.72104564148072	-16.284514682965757	0.0	0	1	1	0	0	1	0.16411348537855844	0.2199529979729196	1.649459411991038	0.8027782307103889	0.959472113283256	3.0201344134498926	4.445261453663737	0.0	0.2199529979729196	1.649459411991038	0.0	0.0	3.0201344134498926
133000	-25.28043599004419	-11.819791124519954	-13.460644865524234	0.0	1	0	0	1	1	0	0.24588506588002693	3.242094298300209	0.33022529935312395	0.7659886149995001	0.5273284818860726	0.3395976174434758	1.0353224847753997	0.24588506588002693	0.0	0.0	0.7659886149995001	0.5273284818860726	0.0
134000	-26.182237218684627	-11.73403452104756	-14.448202697637068	0.0	1	1	1	0	1	0	0.3814876090246355	0.48930876495666553	1.0454782952610508	0.3912288543618587	2.3234440507379017	0.24223117554395593	1.7162873544715165	0.3814876090246355	0.48930876495666553	1.0454782952610508	0.0	2.3234440507379017	0.0
135000	-25.842044297061186	-13.267350423781455	-12.574693873279733	0.0	1	1	0	1	1	1	1.1189934108041006	0.27486614345531146	0.14741553381322542	0.5445798666321648	1.1295921468605954	0.864054762406862	0.13452967933536758	1.1189934108041006	0.27486614345531146	0.0	0.5445798666321648	1.1295921468605954	0.864054762406862
136000	-28.6459903748641	-12.043377471519275	-16.602612903344824	0.0	1	1	0	1	1	0	2.36615259209456	0.854144499064213	0.7464419454164577	0.645348926795466	2.0527161892361723	2.1010811286565065	0.30165935103659686	2.36615259209456	0.854144499064213	0.0	0.645348926795466	2.0527161892361723	0.0
137000	-32.488800205758565	-13.129998886138784	-19.35880131961978	0.0	1	0	0	1	0	1	0.09873914587881943	3.1517549432724	0.03362531963740771	2.627667359482224	2.109362877483974	1.8439635053780714	4.557778368739423	0.09873914587881943	0.0	0.0	2.627667359482224	0.0	1.8439635053780714
138000	-26.23412159860434	-13.40001091460268	-12.834110684001658	0.0	1	1	0	1	0	0	1.401125510757565	1.7425980158961016	0.7451550988649214	0.03734900816687271	1.150200535918372	1.064905462434861	0.27731678999678344	1.401125510757565	1.7425980158961016	0.0	0.03734900816687271	0.0	0.0
139000	-33.93789503587553	-13.176069337155132	-20.761825698720394	0.0	1	0	0	1	1	0	0.10174002012936577	3.983672830368199	0.9522424377498493	2.6808783903899163	0.7394672642802231	0.10299025860854222	64.50145668814005	0.10174002012936577	0.0	0.0	2.6808783903899163	0.7394672642802231	0.0
140000	-25.872562059791363	-17.668167499485588	-8.204394560305778	0.0	1	1	0	0	0	1	0.09863178315728538	0.9792760539673663	0.34809360912906095	1.5709275108801488	0.44953336257571136	0.3024316515136296	0.029544350481677573	0.09863178315728538	0.9792760539673663	0.0	0.0	0.0	0.3024316515136296
141000	-24.987034460712017	-14.655767758268036	-10.33126670244398	0.0	1	0	0	1	0	0	0.13117375810682283	0.03909315332024091	0.16309123134504527	0.6298467570445541	2.635850115177289	0.23245170776146018	0.32996608832451274	0.13117375810682283	0.0	0.0	0.6298467570445541	0.0	0.0
142000	-30.377520591890573	-11.962462818905086	-18.415057772985485	0.0	1	1	1	1	1	1	0.04589037343678015	0.11782800552023175	1.8904421651287528	0.8877582040930856	1.4122133522204388	0.5254062183075902	3.6008078191372754	0.04589037343678015	0.11782800552023175	1.8904421651287528	0.8877582040930856	1.4122133522204388	0.5254062183075902
143000	-26.110246014769352	-14.529298269185597	-11.580947745583757	0.0	1	0	0	1	1	0	0.17510673130051937	0.2810465634951483	2.2486735175681045	0.5508345369761201	1.174075772287756	0.3841227469161612	0.29872525737384975	0.17510673130051937	0.0	0.0	0.5508345369761201	1.174075772287756	0.0
144000	-33.880781995695884	-10.586449554948599	-23.294332440747283	0.0	1	1	1	1	1	1	0.5079772782900763	0.1312793078502602	2.141307425398253	1.6091297565632618	4.5517618353638065	0.7509436675078262	3.8473769110039693	0.5079772782900763	0.1312793078502602	2.141307425398253	1.6091297565632618	4.5517618353638065	0.7509436675078262
145000	-31.46114025467127	-12.331563174850817	-19.129577079820454	0.0	1	0	1	1	1	0	0.3266089962991912	0.7920320925481895	0.2118180231472968	1.713553459967081	1.7077877281073608	2.285566380430453	20.918791603408504	0.3266089962991912	0.0	0.2118180231472968	1.713553459967081	1.7077877281073608	0.0
146000	-30.785436087240843	-13.466451073560524	-17.31898501368032	0.0	0	1	0	0	1	1	3.4328551590782173	0.6628801303254747	0.7896492323836181	1.3424604769534683	0.19563013540779267	2.3865976718374227	1.7056198549895718	0.0	0.6628801303254747	0.0	0.0	0.19563013540779267	2.3865976718374227
147000	-27.349892244519303	-12.86094578812161	-14.488946456397692	0.0	0	1	0	0	1	1	0.16220942313724634	0.09894395251187348	1.895382580742842	0.6627170810362151	0.8605751562185486	0.19698020208094497	13.83386258545951	0.0	0.09894395251187348	0.0	0.0	0.8605751562185486	0.19698020208094497
148000	-35.27110300352412	-12.140997336168864	-23.130105667355252	0.0	1	1	1	1	1	0	0.8643810298715284	0.39139496314287997	5.163415549934924	1.520593212447527	4.599214509802655	0.454882778673241	0.6949904507712145	0.8643810298715284	0.39139496314287997	5.163415549934924	1.520593212447527	4.599214509802655	0.0
149000	-28.66328812215668	-12.036445887438495	-16.626842234718183	0.0	1	1	1	0	1	0	2.360778418547128	0.691194666304954	0.2218168653897764	0.32385395272947654	3.5210643296620474	1.846688730939287	0.2531264526644256	2.360778418547128	0.691194666304954	0.2218168653897764	0.0	3.5210643296620474	0.0
150000	-23.689819342594767	-12.22972497402755	-11.46009436856722	0.0	1	1	1	0	0	1	1.2439660824191692	0.43003136427474425	0.15431206813144538	0.861248312425717	1.2468342638282	0.5231243328762921	0.13064489607067026	1.2439660824191692	0.43003136427474425	0.15431206813144538	0.0	0.0	0.5231243328762921
151000	-25.645791035622228	-11.892470437429344	-13.753320598192884	0.0	1	1	1	0	0	0	0.8594884641308598	0.43077378025326524	2.0681483075970757	1.0048744876831748	0.6272345101409379	1.7431053259952989	0.38463659830630637	0.8594884641308598	0.43077378025326524	2.0681483075970757	0.0	0.0	0.0
152000	-24.689125721146148	-12.085268812529325	-12.603856908616825	0.0	1	1	1	0	0	1	0.18331851833566323	0.013969781726726856	0.7976731032650275	0.4142183501576285	0.5781242177369286	0.1699786880149167	4.096788129786742	0.18331851833566323	0.013969781726726856	0.7976731032650275	0.0	0.0	0.1699786880149167
153000	-27.231990978337752	-12.498417019784107	-14.733573958553645	0.0	1	1	0	1	0	1	4.16958136943034	0.6423505500974259	1.490653514595235	0.7405211031643287	3.4670119232497483E-4	0.6432806924556469	0.13683627242678528	4.16958136943034	0.6423505500974259	0.0	0.7405211031643287	0.0	0.6432806924556469
154000	-26.709660494940245	-12.699018590965276	-14.010641903974967	0.0	1	1	1	1	0	0	1.2295515781094684	1.9505580145772319	0.18128252322181865	2.4111393205485183	0.05990212918856594	0.4072014132135875	0.2824583598024082	1.2295515781094684	1.9505580145772319	0.18128252322181865	2.4111393205485183	0.0	0.0
155000	-23.22445161053419	-13.598624441357796	-9.625827169176391	0.0	1	1	0	0	0	1	0.5262193616736396	0.8600281449262286	0.7813441210105947	0.05884477264145105	0.5819118130225241	0.07625356549187283	0.29109321547979977	0.5262193616736396	0.8600281449262286	0.0	0.0	0.0	0.07625356549187283
156000	-36.85774631621912	-10.966598466070577	-25.891147850148542	0.0	1	1	1	1	1	1	0.7684257205628378	0.5439150356275673	3.30063182263331	0.9477888275303898	3.837638892895238	3.0175148001736156	3.39064962373651	0.7684257205628378	0.5439150356275673	3.30063182263331	0.9477888275303898	3.837638892895238	3.0175148001736156
157000	-34.779628308199264	-12.237523539796516	-22.54210476840275	0.0	1	0	1	1	1	0	1.4830247709844664	0.3244758407724807	2.6412739953877713	2.5523094707027716	3.07554720585524	2.126181294004278	3.681167188102829	1.4830247709844664	0.0	2.6412739953877713	2.5523094707027716	3.07554720585524	0.0
158000	-29.35219824817506	-12.26524891046444	-17.08694933771062	0.0	0	1	0	1	0	1	1.5525286288918287	0.1537094571655669	2.2435710459714433	1.5491338015551794	0.4838679765368406	1.8943750616076187	3.4340870431073203	0.0	0.1537094571655669	0.0	1.5491338015551794	0.0	1.8943750616076187
159000	-31.890496410418947	-12.712904564405022	-19.177591846013925	0.0	1	1	1	1	1	1	0.22057232299897342	1.1120872477711818	0.11492169496553459	0.9670801453372377	3.8014762913704403	0.043054697433440856	1.9446427643460111	0.22057232299897342	1.1120872477711818	0.11492169496553459	0.9670801453372377	3.8014762913704403	0.043054697433440856
160000	-25.394654440537458	-12.393461513158712	-13.001192927378744	0.0	1	1	1	1	1	1	0.29375936125767066	0.3278689020866792	0.22734412471924698	0.25611193839570023	0.34794994564083825	0.594320739603983	0.272592835167371	0.29375936125767066	0.3278689020866792	0.22734412471924698	0.25611193839570023	0.34794994564083825	0.594320739603983
161000	-24.083834036228318	-14.368035103275732	-9.715798932952584	0.0	1	0	0	1	1	0	1.1734866141534457	0.15616876972545765	0.32452468285107566	0.550322977716623	0.38202025376563464	0.1200422732520627	0.3806309094494939	1.1734866141534457	0.0	0.0	0.550322977716623	0.38202025376563464	0.0
162000	-20.959565414053635	-12.61817190889334	-8.341393505160294	0.0	1	1	1	0	0	0	0.1945433539760596	0.05399039695370803	0.10110787704159523	1.027360143212959	1.2145163606761922	0.08999066903287603	0.0986337097340506	0.1945433539760596	0.05399039695370803	0.10110787704159523	0.0	0.0	0.0
163000	-27.268690651079964	-15.119289502976324	-12.149401148103639	0.0	1	1	1	0	0	0	0.19329937165275168	1.3136762452825974	1.1075341422763854	0.5492035819387814	0.9306442298515998	2.35408202856044	0.10277343500308368	0.19329937165275168	1.3136762452825974	1.1075341422763854	0.0	0.0	0.0
164000	-24.58031814450588	-11.297511593141584	-13.282806551364295	0.0	0	1	0	0	1	1	0.2109818406698791	0.28595366532066957	1.5348045918272164	0.9163362085435335	0.9503308719085909	1.012616146788435	1.4871789569778682	0.0	0.28595366532066957	0.0	0.0	0.9503308719085909	1.012616146788435
165000	-26.694312362580817	-13.073871466408407	-13.620440896172411	0.0	1	1	0	0	0	1	0.39967687615064107	0.7828711544272827	2.3649648024378194	0.2169650522253143	3.0176398110266516	0.93521088876769	0.1258205833796969	0.39967687615064107	0.7828711544272827	0.0	0.0	0.0	0.93521088876769
166000	-31.32201916795546	-12.716408113235532	-18.605611054719926	0.0	0	1	1	0	1	1	1.7300456814540477	0.03091619393917437	0.014723192915514221	2.371095909784521	1.6504733059737882	1.3519096405771251	11.178565853060197	0.0	0.03091619393917437	0.014723192915514221	0.0	1.6504733059737882	1.3519096405771251
167000	-26.4228629922127	-11.710067496151561	-14.712795496061137	0.0	1	1	1	0	1	1	0.1172896262633312	0.15419077539831202	1.762564461239464	1.0393920790054954	0.34009339978672765	0.3873033789226466	1.5095960103849095	0.1172896262633312	0.15419077539831202	1.762564461239464	0.0	0.34009339978672765	0.3873033789226466
168000	-29.10438479685208	-12.8056014288761	-16.29878336797598	0.0	0	1	1	0	1	1	0.21937494516065684	0.16757413883290329	1.0433681820439824	1.3392189784517041	1.5469713578409594	0.31794728813668544	13.72932838383042	0.0	0.16757413883290329	1.0433681820439824	0.0	1.5469713578409594	0.31794728813668544
169000	-29.53103507338465	-13.382765725102098	-16.148269348282554	0.0	1	0	0	1	1	1	0.3905224919601811	0.40882104388704393	1.1620856224684122	2.5872118434985643	0.1668410690407448	1.3435037639788032	2.8684861905639	0.3905224919601811	0.0	0.0	2.5872118434985643	0.1668410690407448	1.3435037639788032
170000	-23.337178765995105	-11.928796250224952	-11.408382515770151	0.0	1	1	1	0	0	1	0.40207271933239935	0.17631363347513349	0.6159566978138193	0.22023806353820163	1.8639822896235527	0.20894366321622157	0.32816086647839066	0.40207271933239935	0.17631363347513349	0.6159566978138193	0.0	0.0	0.20894366321622157
171000	-24.8367916412882	-11.472371098045024	-13.364420543243178	0.0	0	1	0	0	1	1	0.4427419777082164	0.07468929576357256	0.17437631711933196	0.41139475718629365	1.613474332368141	1.0328196555286606	5.14284817671711	0.0	0.07468929576357256	0.0	0.0	1.613474332368141	1.0328196555286606
172000	-29.14518259261105	-13.118769425962684	-16.026413166648364	0.0	0	1	1	0	1	1	0.041698529738604585	0.24693986624993655	0.09616303983033511	1.197586301132849	1.6123194194206385	0.09885642598894634	39.01003750580784	0.0	0.24693986624993655	0.09616303983033511	0.0	1.6123194194206385	0.09885642598894634
173000	-28.75918957209496	-12.235492826977913	-16.52369674511705	0.0	1	1	0	0	1	1	0.6468321567770818	0.08484712576624075	3.630985119999487	1.1931001908767704	1.6370030473245103	0.8098691754581259	0.5982560470277923	0.6468321567770818	0.08484712576624075	0.0	0.0	1.6370030473245103	0.8098691754581259
174000	-29.946387374732872	-13.369796472503353	-16.57659090222952	0.0	1	1	0	1	1	1	0.848255382753839	2.0014699895270396	0.6213798775005758	2.03154371251512	0.33026210928834193	2.016845475076545	0.16963073427641057	0.848255382753839	2.0014699895270396	0.0	2.03154371251512	0.33026210928834193	2.016845475076545
175000	-22.414877747811325	-12.039416959937112	-10.375460787874214	0.0	1	1	0	0	0	0	1.6171276230527463	0.8232339989416667	0.0018116766122108741	0.9041137338036084	0.3982376608187317	1.0416498666545324	0.13266169639911277	1.6171276230527463	0.8232339989416667	0.0	0.0	0.0	0.0
176000	-27.412560593636343	-12.512857568852422	-14.899703024783921	0.0	1	1	1	0	1	0	1.4273806278524928	0.2817032035215577	0.14542964703941594	3.324311900562781	1.2936599079472395	1.2721621236718241	0.15248913708925682	1.4273806278524928	0.2817032035215577	0.14542964703941594	0.0	1.2936599079472395	0.0
177000	-27.376693007147846	-13.918580496860493	-13.458112510287354	0.0	1	0	0	1	0	0	1.561538657312793	1.071467123265373	0.28786045665909105	2.773588593664202	0.8352323213028606	0.027936248401013074	0.4927279627165631	1.561538657312793	0.0	0.0	2.773588593664202	0.0	0.0
178000	-26.115804804045943	-12.21196553178198	-13.903839272263962	0.0	1	1	0	0	0	0	1.2208459648867354	0.28933529678756387	1.0657329424398516	1.930923298878635	0.955118611741671	2.92101670531696	0.12388116717282431	1.2208459648867354	0.28933529678756387	0.0	0.0	0.0	0.0
179000	-30.444467947049965	-11.489234472654019	-18.955233474395946	0.0	0	1	1	1	1	1	0.5346341148099092	0.8031348352469556	0.7517525428843419	1.2326412684656245	2.0616176628232665	2.306193106880411	2.148681003598922	0.0	0.8031348352469556	0.7517525428843419	1.2326412684656245	2.0616176628232665	2.306193106880411
180000	-28.278599997229335	-12.64522505931881	-15.633374937910528	0.0	0	1	0	0	0	1	0.2463795791314957	0.13519729410235296	0.6986702287878315	0.3373717872514196	1.0045758898849133	3.638195722171711	7.104681043771979	0.0	0.13519729410235296	0.0	0.0	0.0	3.638195722171711
181000	-30.21961539888757	-12.915844623339362	-17.303770775548205	0.0	1	0	1	1	1	0	1.3400603875899775	1.3213320562395763	2.4870307480782463	0.4319581952363652	1.6025772752434817	0.18480586562821671	2.4614759554603696	1.3400603875899775	0.0	2.4870307480782463	0.4319581952363652	1.6025772752434817	0.0
182000	-25.66130753453654	-11.47105015756511	-14.19025737697143	0.0	0	1	0	1	1	1	0.03574260007322707	0.373196528405215	0.7461614451330137	0.6383000700971093	1.688359000214998	0.5244244388942105	3.1530940331755857	0.0	0.373196528405215	0.0	0.6383000700971093	1.688359000214998	0.5244244388942105
183000	-26.72039320550688	-11.607534342502477	-15.112858863004405	0.0	0	1	1	1	0	1	0.04665242053226901	0.0853586798901974	0.42604219925885295	0.7383692108486328	1.7286400407754656	0.9318586729203991	8.298467517547696	0.0	0.0853586798901974	0.42604219925885295	0.7383692108486328	0.0	0.9318586729203991
184000	-29.612389890645517	-12.025538606854644	-17.58685128379087	0.0	1	1	0	1	1	1	1.1646549391361414	0.732863387014097	3.292221751469513	0.1940690142416901	0.17180569394270212	2.433103074036088	0.40567765036045506	1.1646549391361414	0.732863387014097	0.0	0.1940690142416901	0.17180569394270212	2.433103074036088
185000	-25.039846573337297	-13.571968656620873	-11.467877916716423	0.0	1	1	1	0	0	0	0.5119666344493272	1.2236891509435681	1.88198596233348	0.13463486385786516	0.1621290068352347	0.21384784689759742	0.5297486817325237	0.5119666344493272	1.2236891509435681	1.88198596233348	0.0	0.0	0.0
186000	-22.323356211780705	-12.12681008813495	-10.196546123645755	0.0	1	1	1	0	1	0	0.8235284659249754	0.43201776861120494	0.2383858069022249	0.01783148218366287	0.7410852044450501	0.6958557516791595	0.16732824395798904	0.8235284659249754	0.43201776861120494	0.2383858069022249	0.0	0.7410852044450501	0.0
187000	-36.266699685343575	-14.601582817195743	-21.66511686814783	0.0	1	0	1	1	1	0	0.4903146188674922	0.07402134527118205	0.8111081032684502	4.1253917661793995	1.6849906368538747	0.35163979757509406	142.1363310639135	0.4903146188674922	0.0	0.8111081032684502	4.1253917661793995	1.6849906368538747	0.0
188000	-30.724964807644724	-11.479960866769433	-19.245003940875293	0.0	0	1	1	1	0	1	0.8645235977823472	0.19254677450122382	1.5333816641760531	1.112048033283311	0.6534935467320445	2.9581418266189923	17.853732623889737	0.0	0.19254677450122382	1.5333816641760531	1.112048033283311	0.0	2.9581418266189923
189000	-32.415237515794075	-13.09200982394896	-19.323227691845112	0.0	0	1	1	1	1	1	0.9546102817730843	0.0325231894998122	0.6344727276861677	1.0627670713334285	0.23526233541801486	1.8194836145307078	56.41335243454091	0.0	0.0325231894998122	0.6344727276861677	1.0627670713334285	0.23526233541801486	1.8194836145307078
190000	-26.234334647143438	-12.6116382751134	-13.622696372030038	0.0	0	1	1	0	0	1	0.020557224354075827	0.12454018316094788	0.4680614849575165	0.15221628472165172	0.8816090753039248	1.1058875977850973	17.833175001555297	0.0	0.12454018316094788	0.4680614849575165	0.0	0.0	1.1058875977850973
191000	-27.915899484395815	-12.632630425872616	-15.2832690585232	0.0	1	1	0	1	1	0	0.4194385468616364	1.112626878375205	0.00940894696725568	1.2357382733298174	3.2863417070023835	0.12079939044086949	1.0663363776010937	0.4194385468616364	1.112626878375205	0.0	1.2357382733298174	3.2863417070023835	0.0
192000	-28.072511101428493	-11.204403731323133	-16.86810737010536	0.0	1	0	0	1	1	0	0.9207612484468143	0.6419226739319218	0.21049516937463633	2.3151487683129113	4.219067196014296	0.12877174531145477	1.5793388588722217	0.9207612484468143	0.0	0.0	2.3151487683129113	4.219067196014296	0.0
193000	-27.736717240606325	-11.88687327858481	-15.849843962021517	0.0	0	1	0	0	0	1	0.7188978506116956	0.027027783538118445	4.863641289277344	1.738706764329366	0.3740223183740432	0.24091858991440235	1.3211467093478346	0.0	0.027027783538118445	0.0	0.0	0.0	0.24091858991440235
194000	-28.53815982344853	-12.186326342458727	-16.351833480989804	0.0	1	0	0	1	1	0	0.09673071224084985	1.9837305592164007	1.3534634144276347	1.0331157505249267	0.4593721347342395	0.6991619871244544	15.482406276352055	0.09673071224084985	0.0	0.0	1.0331157505249267	0.4593721347342395	0.0
195000	-26.762066983676842	-13.522966663134817	-13.239100320542025	0.0	1	0	1	1	0	1	0.7331418877458532	0.3404614708789465	0.5665457906433601	1.804647461653519	0.9302777721095856	0.5234745566924185	0.49941056933400496	0.7331418877458532	0.0	0.5665457906433601	1.804647461653519	0.0	0.5234745566924185
196000	-23.76885044198962	-12.172010657550787	-11.596839784438835	0.0	0	1	0	0	1	1	0.4612601242401189	0.10380452363360616	0.4438345225404211	1.6126912841903653	0.6377299771619899	0.1691114152910137	1.2135816289734183	0.0	0.10380452363360616	0.0	0.0	0.6377299771619899	0.1691114152910137
197000	-24.01747954723507	-12.321777530086147	-11.695702017148925	0.0	0	1	0	0	1	1	0.31264152206824425	0.1530784242076376	1.3130746067937296	0.13706636388626645	0.32819235046734774	0.5343388085673613	2.5647861674868384	0.0	0.1530784242076376	0.0	0.0	0.32819235046734774	0.5343388085673613
198000	-26.407337086735318	-12.96933119434013	-13.43800589239519	0.0	1	0	0	1	1	0	0.36839709145243726	0.9684179148978121	0.42320263683941595	0.38451262030516437	1.4597569887590869	0.9865843122979083	2.3912183168437116	0.36839709145243726	0.0	0.0	0.38451262030516437	1.4597569887590869	0.0
199000	-24.96834756925299	-12.13097580569058	-12.837371763562412	0.0	1	1	0	0	0	0	0.7605072928573487	0.2460393109220199	0.4713175804230684	0.1466279650273025	5.20355476015053	0.2907394655945543	0.15098983162121005	0.7605072928573487	0.2460393109220199	0.0	0.0	0.0	0.0
200000	-28.283986854008063	-11.2393679915819	-17.044618862426162	0.0	0	1	1	0	0	1	0.1893091750937952	0.4995914886285895	2.1631842245933286	1.6098164717325325	0.24732727235748328	3.0466348475698606	3.7156008509278298	0.0	0.4995914886285895	2.1631842245933286	0.0	0.0	3.0466348475698606
201000	-26.194778494506735	-11.099746182121397	-15.095032312385337	0.0	1	0	0	1	1	1	0.09069403340661347	0.8686119434279868	0.44093740299151646	0.8893249141774292	1.3757032212668965	0.12015407098418297	9.665141275472921	0.09069403340661347	0.0	0.0	0.8893249141774292	1.3757032212668965	0.12015407098418297
202000	-28.129429600022867	-11.148776262323741	-16.980653337699128	0.0	1	1	1	0	0	1	0.17029260481297917	0.21760688682704557	1.9192145310361615	0.5953188318920801	0.504776064874777	2.526210868392403	7.4492105961341	0.17029260481297917	0.21760688682704557	1.9192145310361615	0.0	0.0	2.526210868392403
203000	-23.16156565211086	-11.49017091720471	-11.671394734906151	0.0	0	1	0	0	0	1	0.30968657928084764	0.05331434434439594	0.04613814307458918	0.6411644523953938	1.4199502672737465	0.7804562634548489	2.2527629460942795	0.0	0.05331434434439594	0.0	0.0	0.0	0.7804562634548489
204000	-25.24986116730326	-15.18051467761177	-10.06934648969149	0.0	1	0	0	1	1	0	1.3426603041106198	0.01610518503074062	0.30931586813689643	0.1727867051168243	0.8825182602653453	0.32450119793990606	0.3853158239035691	1.3426603041106198	0.0	0.0	0.1727867051168243	0.8825182602653453	0.0
205000	-26.757543157360274	-12.09841117417549	-14.659131983184785	0.0	1	1	0	1	0	1	2.772483370824991	1.7077390202788107	0.04615831723273788	0.4195965216790277	1.5286349089916347	0.7785590128184295	0.19601793545787102	2.772483370824991	1.7077390202788107	0.0	0.4195965216790277	0.0	0.7785590128184295
206000	-23.82329933877572	-12.175646678420142	-11.647652660355575	0.0	1	1	1	1	0	0	0.6238762795970113	0.2058123378106065	0.9366919999178576	0.7424879102653731	0.049225343596647035	0.620559427569725	0.5678950020220573	0.6238762795970113	0.2058123378106065	0.9366919999178576	0.7424879102653731	0.0	0.0
207000	-25.648187774581913	-13.157415528917307	-12.490772245664607	0.0	0	1	0	0	0	1	0.18430064294210285	0.4168049403138207	1.8771839510010424	1.2017574735672445	0.46303114252761685	1.213687437024615	0.6223973547012446	0.0	0.4168049403138207	0.0	0.0	0.0	1.213687437024615
208000	-23.719820786876113	-10.776791992542016	-12.943028794334097	0.0	1	0	0	1	1	0	0.0657551901687211	1.064780665190632	0.8567928485640629	0.4872078462587359	0.5274756401365616	0.7055763562585248	3.523181828919602	0.0657551901687211	0.0	0.0	0.4872078462587359	0.5274756401365616	0.0
209000	-25.796424975411064	-11.13822461094241	-14.658200364468655	0.0	1	0	1	1	1	0	0.18338302793117553	0.9792541378983435	0.4864504923213477	1.171902308067085	0.8382370348641667	1.28775131064659	1.9664845079148703	0.18338302793117553	0.0	0.4864504923213477	1.171902308067085	0.8382370348641667	0.0
210000	-33.77602222648304	-14.4413177200577	-19.334704506425343	0.0	1	1	0	0	1	1	0.7295981159100856	6.23709144566959	2.10499244367907	0.16408892622281718	1.3394996347439925	1.2602764307734413	0.21518044362882022	0.7295981159100856	6.23709144566959	0.0	0.0	1.3394996347439925	1.2602764307734413
211000	-30.034884963971272	-13.740983624774058	-16.293901339197213	0.0	0	1	0	1	0	1	1.9248282345278611	0.3323862616792839	0.5414495474537947	2.422865955316606	0.5457614165609955	1.4093397499670512	3.131362954958463	0.0	0.3323862616792839	0.0	2.422865955316606	0.0	1.4093397499670512
212000	-26.475930394040503	-12.045249894325567	-14.430680499714935	0.0	1	1	1	0	0	1	1.0072617145234517	0.24060028209114923	1.4444032311262631	0.2823184356501151	0.8213083877898834	2.202041299192533	0.5476674682831588	1.0072617145234517	0.24060028209114923	1.4444032311262631	0.0	0.0	2.202041299192533
213000	-25.62897112209193	-13.026061620669637	-12.602909501422292	0.0	1	1	0	0	0	1	0.3591005749495091	0.40592375817372683	1.566803961347194	0.07477340554286556	1.9676072417369148	1.9157113696211008	0.18963103108903387	0.3591005749495091	0.40592375817372683	0.0	0.0	0.0	1.9157113696211008
214000	-36.558770097449596	-11.558176138004454	-25.00059395944514	0.0	0	1	1	1	0	1	6.249356202431654	0.126041773567411	1.8791900676968827	0.04156635273826192	0.0524941612577565	5.460385797714678	8.597139343104105	0.0	0.126041773567411	1.8791900676968827	0.04156635273826192	0.0	5.460385797714678
215000	-24.934983388360802	-13.49241586321438	-11.442567525146423	0.0	1	0	0	1	0	0	0.32187605026428984	0.5193809306811483	1.5770434385564411	1.2994699772359952	0.27323423359851645	0.22563539151671297	0.6823423937718059	0.32187605026428984	0.0	0.0	1.2994699772359952	0.0	0.0
216000	-24.53859031462553	-12.182058082581529	-12.356532232044	0.0	1	1	1	0	1	1	0.6540060127259266	0.27122015381472403	0.22002515522014932	1.0209716648927796	0.3319133599231983	0.8583140797429744	0.2229820978529996	0.6540060127259266	0.27122015381472403	0.22002515522014932	0.0	0.3319133599231983	0.8583140797429744
217000	-27.478920096048263	-12.990448867964643	-14.488471228083618	0.0	0	1	0	0	1	1	0.020201749226555415	0.8417778289969382	2.303522832343358	0.9450667467889471	0.2302845197719737	2.2292927511276166	0.9450771765748436	0.0	0.8417778289969382	0.0	0.0	0.2302845197719737	2.2292927511276166
218000	-31.096744159999346	-12.116625942010574	-18.98011821798877	0.0	1	1	0	0	0	0	2.3792141684232995	0.9604212920886885	1.5140113253430831	2.9932430447905944	4.2467883079687985	1.5218142570633486	0.1059475013933569	2.3792141684232995	0.9604212920886885	0.0	0.0	0.0	0.0
219000	-28.640595086337484	-12.131134537983003	-16.50946054835448	0.0	1	1	1	1	0	1	0.47601291086827713	0.6271754109910345	1.0260480415922264	0.9463587911809039	1.1788249580486132	2.2504784208237982	0.6092267639947427	0.47601291086827713	0.6271754109910345	1.0260480415922264	0.9463587911809039	0.0	2.2504784208237982
220000	-23.9452391680911	-13.835983985450632	-10.109255182640467	0.0	1	1	0	0	0	0	0.2263155997137779	1.0718401729756335	1.516188784899771	0.7965436352936808	0.8322372665260774	0.21348966410026587	0.1157041236356722	0.2263155997137779	1.0718401729756335	0.0	0.0	0.0	0.0
221000	-25.624276173738984	-12.688386993167994	-12.935889180570992	0.0	1	0	1	1	0	0	0.36173913458524687	1.7667993041709542	1.7965821405250249	0.7576381586033867	0.1642478651427494	0.35676536853291624	0.7844896319672471	0.36173913458524687	0.0	1.7965821405250249	0.7576381586033867	0.0	0.0
222000	-30.192389607010426	-13.269667368389156	-16.922722238621272	0.0	0	1	1	1	1	1	1.3684278342448073	0.5560784026497565	0.2999796576860825	0.8834211169057902	1.443381621708153	0.30631640177129954	4.772572973816234	0.0	0.5560784026497565	0.2999796576860825	0.8834211169057902	1.443381621708153	0.30631640177129954
223000	-28.606479778534965	-12.473511028493032	-16.132968750041933	0.0	1	1	0	1	0	0	2.7176816147282676	1.9749263973709295	0.3934145811489877	2.8220034750360687	0.5526796725024106	1.7728885933930976	0.12535074703094998	2.7176816147282676	1.9749263973709295	0.0	2.8220034750360687	0.0	0.0
224000	-23.39007040913453	-12.466907114843394	-10.923163294291136	0.0	1	1	0	0	1	1	0.40931739812203355	0.1983012280136467	0.8941813132683913	2.511214512575615	0.06076089047542005	0.14784141755766203	0.09685219088232291	0.40931739812203355	0.1983012280136467	0.0	0.0	0.06076089047542005	0.14784141755766203
225000	-25.105052465351296	-12.15688163429288	-12.948170831058416	0.0	0	1	0	1	0	1	0.08290252824960798	0.29389993879483056	0.08603857763957691	0.36161385167554744	0.028785475193147524	3.04057613959199	2.94079597284284	0.0	0.29389993879483056	0.0	0.36161385167554744	0.0	3.04057613959199
226000	-32.967566844771184	-11.155265006442246	-21.812301838328935	0.0	0	1	0	0	1	1	5.733159793600196	0.1904732104337798	2.019839627921451	0.754641692351041	0.8544986293664826	3.187621138344586	2.993247556378669	0.0	0.1904732104337798	0.0	0.0	0.8544986293664826	3.187621138344586
227000	-32.25843924009797	-15.23547150911972	-17.022967730978255	0.0	0	1	0	1	1	1	1.2316509203901291	0.988572135832388	0.2464641605957288	2.0737002155852093	0.1223576382001348	2.4609884752948745	2.372729821124833	0.0	0.988572135832388	0.0	2.0737002155852093	0.1223576382001348	2.4609884752948745
228000	-34.469263592940436	-11.653898413569516	-22.81536517937092	0.0	0	1	0	1	1	1	2.8758247282950506	0.9683010771398425	0.24650629780765096	0.7935046691453915	6.728265789684008	1.203341291870214	2.6228941062749636	0.0	0.9683010771398425	0.0	0.7935046691453915	6.728265789684008	1.203341291870214
229000	-30.87427988569967	-10.88766438806949	-19.986615497630183	0.0	1	1	0	1	1	0	0.1779693863091431	0.3550341525495104	0.545643938190518	0.3901283108823142	4.400526613468715	3.5732606560765645	4.514798790384254	0.1779693863091431	0.3550341525495104	0.0	0.3901283108823142	4.400526613468715	0.0
230000	-24.806574164876984	-14.981975121483016	-9.82459904339397	0.0	1	1	0	0	0	1	0.20188094983884636	1.0795954745705207	0.8206871227249461	0.8640630382899925	1.4958835571112494	0.22398387159799332	0.05853071466410098	0.20188094983884636	1.0795954745705207	0.0	0.0	0.0	0.22398387159799332
231000	-22.456882521353933	-13.821746028336909	-8.635136493017022	0.0	1	1	0	0	0	0	0.6752500327820233	0.09865210014003802	1.2728679588359295	0.5844476353322432	1.1421835401842961	0.4152932793021396	0.04226268186590586	0.6752500327820233	0.09865210014003802	0.0	0.0	0.0	0.0
232000	-32.544680781698524	-11.550038245687912	-20.994642536010613	0.0	0	1	0	1	1	1	1.7727481807634793	0.7886665510800069	1.1880112657818027	0.3929547952899761	5.47677246928292	1.796021470909118	1.7239257458317707	0.0	0.7886665510800069	0.0	0.3929547952899761	5.47677246928292	1.796021470909118
233000	-28.974355661072345	-13.291177263274301	-15.683178397798041	0.0	1	1	1	1	0	0	0.6167193008408949	0.5701301270756618	2.9153922920846345	0.2950144393542207	0.8062341727756693	1.1717586564716362	1.3141683920019815	0.6167193008408949	0.5701301270756618	2.9153922920846345	0.2950144393542207	0.0	0.0
234000	-26.309465291332927	-12.297732188617621	-14.011733102715306	0.0	1	1	1	0	0	1	1.919792946890888	0.43648877640231415	0.9599938214000447	1.0910681457581841	0.0994939989960481	1.4659073500828532	0.36933111360851456	1.919792946890888	0.43648877640231415	0.9599938214000447	0.0	0.0	1.4659073500828532
235000	-32.30408159813284	-13.514472038061456	-18.789609560071383	0.0	1	0	1	1	0	0	1.4658462746269818	2.9125451010560175	0.9379721981785034	2.454058778503653	2.9403838070111634	0.40989280512277226	0.736428081648729	1.4658462746269818	0.0	0.9379721981785034	2.454058778503653	0.0	0.0
236000	-28.72858841441217	-12.938105368531675	-15.790483045880494	0.0	1	1	1	1	0	1	0.7423814654773613	1.561788875510023	2.6096305427159896	0.19944467937919494	0.9473542564114017	0.7310624726259666	0.22270086463998487	0.7423814654773613	1.561788875510023	2.6096305427159896	0.19944467937919494	0.0	0.7310624726259666
237000	-29.499861232561095	-12.158217756486643	-17.341643476074452	0.0	1	1	1	1	1	1	0.8210411810737025	0.17761546250991356	2.0204662377707305	0.047194476978315775	0.2586251081877177	2.3089803235324102	0.5795832701883068	0.8210411810737025	0.17761546250991356	2.0204662377707305	0.047194476978315775	0.2586251081877177	2.3089803235324102
238000	-25.19109565832065	-10.964216866284268	-14.226878792036382	0.0	0	1	0	0	1	1	0.3476360201403589	0.20184921895519356	0.9635215909908691	0.15287546672688457	2.0879051947302196	1.3269965919195863	3.2227346963711496	0.0	0.20184921895519356	0.0	0.0	2.0879051947302196	1.3269965919195863
239000	-23.331272583837944	-13.810139617593697	-9.521132966244249	0.0	1	1	0	0	1	1	1.3720545057471558	1.2116579638595257	0.030740415822305227	0.3073738991925751	0.20603474051347237	0.44230736481987654	0.045691095474110356	1.3720545057471558	1.2116579638595257	0.0	0.0	0.20603474051347237	0.44230736481987654
240000	-25.100220503858097	-11.562683317391079	-13.537537186467016	0.0	0	1	0	0	0	1	0.4861524211605712	0.07949446397234403	1.957456854717549	0.09324319966443685	1.4169238790934342	1.0316907117702172	2.3725857877014316	0.0	0.07949446397234403	0.0	0.0	0.0	1.0316907117702172
241000	-25.61509663070013	-12.333370044662106	-13.281726586038026	0.0	1	0	1	1	0	0	0.6416817380325891	0.10590843029284115	2.7618095221510126	0.6900097803022158	0.771316794439751	0.12257377726032608	1.2381150451269605	0.6416817380325891	0.0	2.7618095221510126	0.6900097803022158	0.0	0.0
242000	-23.498245083898702	-10.710462834990437	-12.787782248908265	0.0	1	0	0	1	1	0	0.14187725716978664	0.8801892483873185	0.06906856385488451	0.9122739680220007	1.1291929796852884	0.45545865901735094	3.3998575317344724	0.14187725716978664	0.0	0.0	0.9122739680220007	1.1291929796852884	0.0
243000	-26.914860657344292	-12.031728897011384	-14.883131760332908	0.0	1	1	0	0	1	0	2.923348829782444	0.942565460554536	0.6170240133424714	1.1562018140058246	2.0520476853792236	0.755530940655876	0.21456284082455535	2.923348829782444	0.942565460554536	0.0	0.0	2.0520476853792236	0.0
244000	-27.732539688828904	-11.929021285506277	-15.803518403322627	0.0	1	0	1	1	1	1	0.7241390665115554	0.9844285268779035	0.8322496460148612	0.5801312834739906	1.7961566903236121	0.24503599771533255	1.1518216887419699	0.7241390665115554	0.0	0.8322496460148612	0.5801312834739906	1.7961566903236121	0.24503599771533255
245000	-29.083849470141534	-11.33793994439619	-17.745909525745343	0.0	1	1	0	1	1	1	0.2351611894642136	0.12657288479373444	0.4852659298711928	0.4973826752558998	1.780447982812403	3.1632615735190925	2.6042591252647522	0.2351611894642136	0.12657288479373444	0.0	0.4973826752558998	1.780447982812403	3.1632615735190925
246000	-32.91115536180165	-13.264621619680614	-19.64653374212103	0.0	0	1	0	1	1	1	0.060295684523387266	1.984216095911806	2.7947828137605706	0.16386893834998542	3.6394691692716203	1.3529500743352028	1.8515646743335221	0.0	1.984216095911806	0.0	0.16386893834998542	3.6394691692716203	1.3529500743352028
247000	-27.192090286444095	-11.71371916749951	-15.478371118944585	0.0	0	1	1	1	1	1	0.8137831248012036	0.2922160298496514	1.194272042923774	0.2864414888390754	0.16002249263067284	1.6252300391199186	1.8333717108431558	0.0	0.2922160298496514	1.194272042923774	0.2864414888390754	0.16002249263067284	1.6252300391199186
248000	-27.460395570574008	-15.133750224920398	-12.326645345653612	0.0	1	0	0	1	0	0	0.7555725145660921	1.2121419277638397	0.4779446177069082	1.1863828261472282	1.1457040112219197	0.14970561913289193	0.811465675585206	0.7555725145660921	0.0	0.0	1.1863828261472282	0.0	0.0
249000	-22.865485184208612	-13.688965875730897	-9.176519308477715	0.0	1	1	0	0	0	0	2.668883947157573	0.7260584120378117	0.08496477460237081	0.13510031013150117	0.7765660704665689	0.42349885427654643	0.038815817646790166	2.668883947157573	0.7260584120378117	0.0	0.0	0.0	0.0
250000	-21.35004155829914	-12.289285670188894	-9.060755888110243	0.0	1	1	0	1	0	0	0.3862982609578412	0.3555610157585351	0.5922051697417676	0.5464882339424219	0.5872641041568717	0.035390058559372696	0.24221657499406715	0.3862982609578412	0.3555610157585351	0.0	0.5464882339424219	0.0	0.0
251000	-31.418314086626523	-13.59858651221645	-17.819727574410074	0.0	1	1	1	1	1	1	0.1572484687424926	0.8726459221125754	0.6951075290561625	0.9879697373217222	1.5357107459719448	0.46673380544719273	2.3414703443335116	0.1572484687424926	0.8726459221125754	0.6951075290561625	0.9879697373217222	1.5357107459719448	0.46673380544719273
252000	-31.87538410200613	-13.677790303787033	-18.197593798219096	0.0	1	0	0	1	1	0	0.24737516594125825	0.57781518936639	0.492410353389818	1.9033356020090808	1.6730910459625459	0.651841429898455	97.95807274647802	0.24737516594125825	0.0	0.0	1.9033356020090808	1.6730910459625459	0.0
253000	-31.21914919843605	-13.075445730165336	-18.14370346827071	0.0	1	0	0	1	1	0	1.0713332436194938	0.10873776310565104	0.39221712718783674	2.2956370833353805	0.4677124288689954	6.360276024112517	0.5902910533127234	1.0713332436194938	0.0	0.0	2.2956370833353805	0.4677124288689954	0.0
254000	-27.181206837550143	-12.323465389139594	-14.85774144841055	0.0	1	1	1	1	1	0	1.0932551019737218	1.091053570984905	0.6850468436359668	2.02638017770566	0.1497879314841389	0.41640382077047283	0.3313288407557625	1.0932551019737218	1.091053570984905	0.6850468436359668	2.02638017770566	0.1497879314841389	0.0
255000	-29.974048030164234	-12.028693781347414	-17.94535424881682	0.0	1	1	1	0	1	0	2.9206375107734703	1.670890597048533	0.8226728252982681	3.7074994441256677	0.4636084824942205	1.1923248672630808	0.15443433647651472	2.9206375107734703	1.670890597048533	0.8226728252982681	0.0	0.4636084824942205	0.0
256000	-24.92248643478363	-12.736704254907128	-12.185782179876501	0.0	1	1	0	0	0	1	0.8845445717566286	1.2913517075660155	0.8473471678974437	0.35178539494863637	0.037672457399325135	2.6162151197848935	0.16219965134030018	0.8845445717566286	1.2913517075660155	0.0	0.0	0.0	2.6162151197848935
257000	-29.32056191206467	-12.137202965698807	-17.18335894636586	0.0	0	1	1	0	0	1	0.3692388670905548	0.05598717019255015	0.9949034592415896	0.209379188937241	1.8913139702023554	3.2113912517643675	11.798852351555638	0.0	0.05598717019255015	0.9949034592415896	0.0	0.0	3.2113912517643675
258000	-27.834084696277934	-12.727056854291172	-15.10702784198676	0.0	0	1	0	1	0	1	0.4962330399177309	0.36232466605754715	0.6355306648749456	2.256212766437192	0.3791267657072652	2.392789616967626	1.8400047717549162	0.0	0.36232466605754715	0.0	2.256212766437192	0.0	2.392789616967626
259000	-24.527440072880754	-10.532791825827355	-13.9946482470534	0.0	1	0	0	1	1	0	0.075069957364975	0.26925837304585404	1.2795817660818747	0.5213867966798307	1.0075865160511486	2.087525019872745	2.179351974268428	0.075069957364975	0.0	0.0	0.5213867966798307	1.0075865160511486	0.0
260000	-28.501483837489047	-14.075008698785636	-14.42647513870341	0.0	1	0	1	1	1	0	1.401237669463798	0.9097141695872079	0.3873917781190867	2.760791694653927	0.12299689988269442	1.0538717800035506	0.28801405617783254	1.401237669463798	0.0	0.3873917781190867	2.760791694653927	0.12299689988269442	0.0
261000	-31.68908534107056	-11.52703553605791	-20.16204980501265	0.0	1	1	0	1	1	1	0.19055545322690465	0.06877068514443457	1.6048811011597994	2.3865803580404976	1.9338741970671545	0.7989948046608142	14.405831047271032	0.19055545322690465	0.06877068514443457	0.0	2.3865803580404976	1.9338741970671545	0.7989948046608142
262000	-26.13838219940712	-12.330917671375929	-13.807464528031192	0.0	0	1	1	0	0	1	0.5718672378507086	0.02334300855092088	0.7698972258264604	0.1118715689517977	1.5747341499743317	0.8767236044408079	6.68875318145488	0.0	0.02334300855092088	0.7698972258264604	0.0	0.0	0.8767236044408079
263000	-29.478996996549697	-11.813046688775083	-17.66595030777461	0.0	1	0	0	1	1	0	0.15600835046666178	1.3550663795758204	0.36843590060351544	2.3836422713337817	1.314283037443673	0.9586721253722783	23.015119159320395	0.15600835046666178	0.0	0.0	2.3836422713337817	1.314283037443673	0.0
264000	-33.86580913811184	-11.089568622786052	-22.776240515325792	0.0	1	0	1	1	1	0	0.3190966705758932	1.167999712218709	2.5043301680096643	1.262675167962675	4.577113223405398	2.7434051277397176	3.2087875970682433	0.3190966705758932	0.0	2.5043301680096643	1.262675167962675	4.577113223405398	0.0
265000	-30.907488544800056	-11.891121431592943	-19.016367113207114	0.0	1	1	1	1	1	1	1.8641893657237347	0.6039524914554619	2.6783241752513223	0.5922053255161028	1.4436605491300105	0.21723992985056784	0.5291877931557099	1.8641893657237347	0.6039524914554619	2.6783241752513223	0.5922053255161028	1.4436605491300105	0.21723992985056784
266000	-30.00313934033967	-11.30953906120602	-18.693600279133648	0.0	1	0	0	1	1	0	0.43359143317653365	2.1133876765547455	0.9126230517158206	1.9819532411766714	2.75281207596625	0.9098502376470802	5.013674787738121	0.43359143317653365	0.0	0.0	1.9819532411766714	2.75281207596625	0.0
267000	-25.99604076480062	-10.637418203167993	-15.358622561632629	0.0	1	0	1	1	1	0	0.1099379810913714	2.8913417819153078	0.04712126522099152	0.4995553911580516	0.9703366396161708	0.49334529166909624	3.7095152811013428	0.1099379810913714	0.0	0.04712126522099152	0.4995553911580516	0.9703366396161708	0.0
268000	-28.997480556341092	-12.125669521774153	-16.87181103456694	0.0	1	0	0	1	1	0	1.1007124095578409	0.912420600088478	0.04239158017603544	3.8091835358582395	2.145935888953849	0.45737411429911273	1.5355280546955397	1.1007124095578409	0.0	0.0	3.8091835358582395	2.145935888953849	0.0
269000	-32.808913487414515	-13.239429228399363	-19.569484259015148	0.0	0	1	1	0	1	1	2.630094184528704	1.1077424628227368	2.8060798481881526	0.09317045389378163	2.6764728956889305	0.7565957500198407	1.5912463137413149	0.0	1.1077424628227368	2.8060798481881526	0.0	2.6764728956889305	0.7565957500198407
270000	-23.64282601390274	-12.960720302411229	-10.682105711491515	0.0	1	1	1	1	0	1	1.3962981069664702	0.15450315751024576	0.06624275515710566	0.28473506075944033	0.385818401857413	0.14493696984436663	0.10520886581270407	1.3962981069664702	0.15450315751024576	0.06624275515710566	0.28473506075944033	0.0	0.14493696984436663
271000	-29.928505363874446	-12.54905352574104	-17.379451838133406	0.0	1	0	1	1	1	1	0.7607178055399808	0.2882388231026015	0.3939911063534721	1.9947443073199105	0.4970829232428044	2.4696688225493224	1.6077781194417249	0.7607178055399808	0.0	0.3939911063534721	1.9947443073199105	0.4970829232428044	2.4696688225493224
272000	-24.83153640807572	-10.479275950248551	-14.352260457827168	0.0	1	0	0	1	1	0	0.10481352983674855	0.7558332854490416	1.2234776388517474	0.8290517709667946	1.8732932993672757	0.1698461807307113	4.134711427612702	0.10481352983674855	0.0	0.0	0.8290517709667946	1.8732932993672757	0.0
273000	-27.515283371427977	-12.246301613181846	-15.268981758246131	0.0	1	1	1	0	0	1	1.8630057765617076	2.058338475991017	0.8210476727559055	1.6241298512829434	1.5596970941469597	0.1023744744075376	0.16608471163620106	1.8630057765617076	2.058338475991017	0.8210476727559055	0.0	0.0	0.1023744744075376
274000	-30.479950392093507	-11.13324952391781	-19.3467008681757	0.0	1	1	1	1	1	1	0.1688878038315505	0.022220815170755744	1.3815964545317159	1.1503680972707804	2.1817362817844734	0.35234876804234067	6.253122977814715	0.1688878038315505	0.022220815170755744	1.3815964545317159	1.1503680972707804	2.1817362817844734	0.35234876804234067
275000	-29.185508234551953	-11.59103497099336	-17.59447326355859	0.0	1	0	1	1	1	0	0.2943512512980048	0.00904916333410857	2.836161245453399	1.9236029524320424	0.9375959117967485	0.031106866404458363	12.416472808132415	0.2943512512980048	0.0	2.836161245453399	1.9236029524320424	0.9375959117967485	0.0
276000	-29.3994409184033	-11.707362764677042	-17.69207815372626	0.0	1	1	1	0	1	0	0.738641529483	0.33859960200107325	2.2440702390221423	2.4575813575702066	0.8731962495264114	2.2559254841507164	0.7782950123088168	0.738641529483	0.33859960200107325	2.2440702390221423	0.0	0.8731962495264114	0.0
277000	-23.77067462445509	-12.263046604187034	-11.507628020268058	0.0	1	0	1	1	1	0	0.32434754103575586	0.25376354280647767	0.3872419338451087	1.3724583667392596	0.3516688946650384	0.016933320135655527	0.7917613832278001	0.32434754103575586	0.0	0.3872419338451087	1.3724583667392596	0.3516688946650384	0.0
278000	-26.803460688516495	-12.034062530587141	-14.769398157929356	0.0	1	1	0	0	1	1	0.540986021565474	1.1384504615510718	0.8681418329520898	0.007967398696205476	1.6769908020172013	2.221931793967144	0.48677111018541075	0.540986021565474	1.1384504615510718	0.0	0.0	1.6769908020172013	2.221931793967144
279000	-31.430863904140157	-11.556726168911425	-19.874137735228732	0.0	1	0	0	1	1	1	0.1614277786089274	2.4397352964562296	0.44618644520113676	0.7313858653672225	3.0331633493551613	2.622552038502921	4.068755434564809	0.1614277786089274	0.0	0.0	0.7313858653672225	3.0331633493551613	2.622552038502921
280000	-34.43708154471546	-14.401040257257517	-20.036041287457945	0.0	0	1	0	0	1	1	2.488127079677376	0.7245354516518411	5.576606082835201	1.8644894561938778	0.18593225722333392	2.305060219337626	0.3382590075905778	0.0	0.7245354516518411	0.0	0.0	0.18593225722333392	2.305060219337626
281000	-28.276768823611192	-13.441692472954964	-14.83507635065623	0.0	1	1	1	0	0	0	0.8189830923676354	1.3568676986934929	2.2719689737125837	0.5875028105683664	1.3169483327996625	2.7025915982602555	0.1112578009782833	0.8189830923676354	1.3568676986934929	2.2719689737125837	0.0	0.0	0.0
282000	-27.972964413036813	-16.66476934002245	-11.308195073014364	0.0	1	1	0	0	0	0	1.9964294266946565	0.20680864929296178	0.3895946186775045	1.1639690845940827	0.12160410751174891	0.5699827483191845	0.4730747925006475	1.9964294266946565	0.20680864929296178	0.0	0.0	0.0	0.0
283000	-31.405650634972964	-11.334974659172731	-20.07067597580023	0.0	1	1	1	0	1	0	0.9373200336018989	0.4800694413285105	1.2805866197305786	1.2114700772177545	5.578227098407843	1.3331926803253233	1.2399868296490042	0.9373200336018989	0.4800694413285105	1.2805866197305786	0.0	5.578227098407843	0.0
284000	-20.833470102276394	-12.135417594113695	-8.698052508162698	0.0	1	1	0	0	1	0	0.5744669435767	0.2941718566869891	0.6824549829894964	0.32282633108882797	0.11914754325607342	0.9171488683792526	0.11210982313533335	0.5744669435767	0.2941718566869891	0.0	0.0	0.11914754325607342	0.0
285000	-29.895601628427826	-11.263538863629849	-18.63206276479798	0.0	1	0	0	1	1	1	0.8225593176327555	0.2605147918752601	0.9358403162926251	2.557762886473962	3.2954564687906487	1.0608683337954996	1.942736663047244	0.8225593176327555	0.0	0.0	2.557762886473962	3.2954564687906487	1.0608683337954996
286000	-26.454653050263513	-12.625689870331378	-13.828963179932135	0.0	1	1	1	0	1	1	0.8237023595848495	0.8764495809106766	0.5290297081801797	2.0087089472894037	0.6715647354296466	0.38646097332545204	0.13972446798708182	0.8237023595848495	0.8764495809106766	0.5290297081801797	0.0	0.6715647354296466	0.38646097332545204
287000	-29.629122926340074	-11.327300959885562	-18.30182196645451	0.0	0	1	0	0	1	1	0.6782612113620365	0.23340941548408425	0.4798382643891744	3.1630390673907196	1.0995195326569114	3.230313118786161	4.22426809499631	0.0	0.23340941548408425	0.0	0.0	1.0995195326569114	3.230313118786161
288000	-24.563488059277624	-12.113033806025916	-12.45045425325171	0.0	1	1	0	0	1	1	1.1675322817320801	0.5747979642955362	0.0825308590327267	0.1885158309395156	0.4025203065092082	2.408371401036023	0.24435033758296576	1.1675322817320801	0.5747979642955362	0.0	0.0	0.4025203065092082	2.408371401036023
289000	-25.09370476709408	-11.410523553337535	-13.683181213756544	0.0	0	1	0	1	1	1	2.234391725068426	0.22132035338186515	0.10806069836432357	0.042986935777955274	0.5121925985481127	1.1497913343360726	1.461803657144755	0.0	0.22132035338186515	0.0	0.042986935777955274	0.5121925985481127	1.1497913343360726
290000	-27.481424230155064	-11.906132398207546	-15.575291831947517	0.0	1	1	1	1	1	0	1.4098310587900817	0.5062862199902093	0.7176263094068219	0.8147960925824123	1.8495417012181765	0.8211675403410647	0.35191158055046123	1.4098310587900817	0.5062862199902093	0.7176263094068219	0.8147960925824123	1.8495417012181765	0.0
291000	-26.873867695460746	-11.266431659524484	-15.607436035936264	0.0	1	1	1	1	1	0	0.20898141867091521	0.014049430236205473	1.0418139511758455	1.1713610478298804	0.9859082086752504	1.1515381568996041	1.7050431536056319	0.20898141867091521	0.014049430236205473	1.0418139511758455	1.1713610478298804	0.9859082086752504	0.0
292000	-22.359755229946156	-10.652849669663201	-11.706905560282955	0.0	1	0	0	1	1	0	0.09080660231705713	0.042256041959955616	0.040978237458653366	0.3918652277548748	0.8433420271265105	1.7217883886147738	1.8236396453177872	0.09080660231705713	0.0	0.0	0.3918652277548748	0.8433420271265105	0.0
293000	-25.311548049980075	-11.223991469741986	-14.087556580238088	0.0	0	1	0	0	1	1	1.8365908849562753	0.09870935945086588	0.26116342999435027	0.2129734061604712	1.255990160209061	0.3997621378826441	7.712831228175263	0.0	0.09870935945086588	0.0	0.0	1.255990160209061	0.3997621378826441
294000	-32.909188459043754	-12.253543379199655	-20.6556450798441	0.0	1	0	1	1	1	0	0.5895447220869744	1.6461841913008528	3.5082636622227357	0.11970524586732298	0.6232020404149545	0.7480393694412867	74.91979147863955	0.5895447220869744	0.0	3.5082636622227357	0.11970524586732298	0.6232020404149545	0.0
295000	-27.351028983692792	-12.869796521764492	-14.481232461928302	0.0	1	0	0	1	1	0	0.19697208257505075	0.33879927559519224	1.119287804080738	0.5044535289285256	0.7129577050967801	2.0877285370190783	4.683670137752449	0.19697208257505075	0.0	0.0	0.5044535289285256	0.7129577050967801	0.0
296000	-25.773480055410417	-12.202026336528508	-13.571453718881909	0.0	1	1	0	1	1	0	0.6474809411146736	0.5345688878353057	0.9071043059506161	2.098334765574318	0.6924063300127643	0.5274881129000569	0.4185732050033332	0.6474809411146736	0.5345688878353057	0.0	2.098334765574318	0.6924063300127643	0.0
297000	-23.950740101309012	-13.288218285798353	-10.66252181551066	0.0	1	1	0	1	0	0	1.007222734718688	0.060500336883450904	0.12123582265615793	0.8664173521363132	0.3252081828562332	1.3583431552970833	0.349371770088617	1.007222734718688	0.060500336883450904	0.0	0.8664173521363132	0.0	0.0
298000	-23.017287066147517	-13.42131483578993	-9.595972230357587	0.0	1	1	0	0	0	1	0.6327010688860666	0.31823035528525434	0.0883849621867746	1.3314907130037936	0.04399648881639121	0.20674496463844405	0.36760120858884426	0.6327010688860666	0.31823035528525434	0.0	0.0	0.0	0.20674496463844405
299000	-27.726234013686497	-12.729098730239693	-14.997135283446804	0.0	1	1	1	0	0	0	2.555837224982834	0.2416959531015769	0.65022259107195	0.5103308827306069	4.354480525270885	0.4734118273458599	0.17125673233044195	2.555837224982834	0.2416959531015769	0.65022259107195	0.0	0.0	0.0
300000	-23.537539894014756	-10.8437945046881	-12.693745389326656	0.0	1	0	1	1	1	0	0.1552289843390458	0.04071865749846751	0.4892813898435144	0.29276043201459306	1.2855005965539625	7.349463768470712E-4	4.02772410919906	0.1552289843390458	0.0	0.4892813898435144	0.29276043201459306	1.2855005965539625	0.0
301000	-21.926646954697752	-11.482198660580762	-10.444448294116988	0.0	1	1	0	0	1	0	0.010208213597368341	0.028287219158022507	0.30441864786043865	0.3884679339381882	0.18302772622116617	0.6691677054345851	2.4242451619053966	0.010208213597368341	0.028287219158022507	0.0	0.0	0.18302772622116617	0.0
302000	-27.911137656396257	-11.995229840343447	-15.915907816052808	0.0	0	1	1	0	1	1	2.786627677576812	0.5460816518255859	0.482357134196129	0.14402652834618113	0.34984476749961974	2.199954779151797	1.4509988045112474	0.0	0.5460816518255859	0.482357134196129	0.0	0.34984476749961974	2.199954779151797
303000	-21.542539184459713	-12.054608729086889	-9.487930455372826	0.0	1	1	0	0	0	0	0.5791057065299542	0.23497312756724686	0.7452106810824312	1.1706789491553413	0.20455272308843883	0.9479489680095431	0.13482671301515634	0.5791057065299542	0.23497312756724686	0.0	0.0	0.0	0.0
304000	-28.91364928681468	-12.909035683140436	-16.004613603674244	0.0	1	1	1	0	0	1	2.830903624534139	2.4275954438946634	0.8134799659051731	0.11296715278984554	1.1807076871523168	0.7105768006040708	0.33063546446853564	2.830903624534139	2.4275954438946634	0.8134799659051731	0.0	0.0	0.7105768006040708
305000	-27.193781000085313	-11.420244150930571	-15.773536849154741	0.0	0	1	0	0	1	1	0.27175761953848965	0.06557412532782629	1.556392607669834	1.636498751803908	1.1198990416817607	1.4904153815244425	5.236256066511396	0.0	0.06557412532782629	0.0	0.0	1.1198990416817607	1.4904153815244425
306000	-29.624013775330404	-11.159385082833241	-18.464628692497165	0.0	0	1	1	1	0	1	3.7318890936993974	0.2365455250150346	1.0477383978384394	0.010205923243237155	1.3959167616865997	1.585951099511367	4.1370395668762	0.0	0.2365455250150346	1.0477383978384394	0.010205923243237155	0.0	1.585951099511367
307000	-28.758243415565406	-12.541358575602157	-16.21688483996325	0.0	0	1	1	0	0	1	1.9562502754156288	0.7085235740104618	1.1155486841598798	0.07312259387973097	0.43522674410609724	3.031257261263247	2.5131882107731323	0.0	0.7085235740104618	1.1155486841598798	0.0	0.0	3.031257261263247
308000	-22.592800336690928	-13.060340893107448	-9.532459443583482	0.0	0	1	0	0	0	1	0.17795247298071762	0.14542573925498947	0.7309512039596755	0.3153009616526334	0.06666116217260767	0.9276769134231869	0.6442428208612069	0.0	0.14542573925498947	0.0	0.0	0.0	0.9276769134231869
309000	-27.02877727526401	-12.503883289861822	-14.524893985402187	0.0	1	1	0	1	0	1	0.030206014781936828	0.41751769412052714	1.9071962984132593	0.013950696008242655	0.9756742353961778	2.4610497362772836	0.7294751503638736	0.030206014781936828	0.41751769412052714	0.0	0.013950696008242655	0.0	2.4610497362772836
310000	-24.819603172729863	-13.890053721360582	-10.92954945136928	0.0	1	1	1	0	0	0	0.6433892256528251	0.0168646163473903	0.3401112267723148	0.27776069130671494	1.0631486620803905	1.8830150351140036	0.2808027448037382	0.6433892256528251	0.0168646163473903	0.3401112267723148	0.0	0.0	0.0
311000	-28.361327041874418	-11.771176014775325	-16.590151027099093	0.0	0	1	1	0	0	1	0.53310547663569	0.16065624459085293	1.6436792951344248	1.0596671344991915	0.9958191707209663	1.258985114435034	19.073528728968693	0.0	0.16065624459085293	1.6436792951344248	0.0	0.0	1.258985114435034
312000	-26.073277372090484	-11.442469901929346	-14.630807470161137	0.0	0	1	0	0	1	1	0.6929295848072021	0.12764722806839043	1.039245188017331	1.1230541717308973	0.8712361614819242	2.0817496255080212	2.054021067753078	0.0	0.12764722806839043	0.0	0.0	0.8712361614819242	2.0817496255080212
313000	-21.38385414900275	-12.633619213385094	-8.750234935617659	0.0	1	1	0	0	0	0	0.04429050500281322	0.005859077115702434	2.6933370124729006	0.5586049366553696	0.08488411779085599	0.06846761352536337	0.09879498140043187	0.04429050500281322	0.005859077115702434	0.0	0.0	0.0	0.0
314000	-28.485231690341557	-11.0939612229866	-17.391270467354957	0.0	0	1	1	0	1	1	0.03412901533657401	0.4376346411576145	1.658061648688325	0.7053356249733446	1.5314231851143536	1.9989028746571464	7.292116071383905	0.0	0.4376346411576145	1.658061648688325	0.0	1.5314231851143536	1.9989028746571464
315000	-27.15222329979603	-13.747753164564756	-13.404470135231275	0.0	1	1	1	0	0	0	1.7537802751782652	0.32000595159738904	3.733680870146699	1.5210422294498005	0.12410865948499651	0.13676836960223387	0.11520935189288939	1.7537802751782652	0.32000595159738904	3.733680870146699	0.0	0.0	0.0
316000	-29.222976352231093	-11.169646086325992	-18.0533302659051	0.0	0	1	0	0	1	1	1.9653116489669085	0.2675930715902492	1.337386122865384	0.1740456339574106	2.077922600650373	3.4013280454372263	2.350047662651515	0.0	0.2675930715902492	0.0	0.0	2.077922600650373	3.4013280454372263
317000	-25.811946170867763	-12.529439318724098	-13.282506852143666	0.0	1	1	0	0	0	0	1.0271124308175323	0.5842099374952187	1.7662960100509764	1.6141599872435497	0.4735676424073918	1.7215745933678726	0.22019674859986044	1.0271124308175323	0.5842099374952187	0.0	0.0	0.0	0.0
318000	-23.271386085885585	-12.505052172443879	-10.766333913441706	0.0	1	1	0	0	0	0	1.554109189469258	1.8517782312845799	0.15276032098093506	0.2852980282411555	0.9562089742296007	0.047960174392422054	0.18438251910939968	1.554109189469258	1.8517782312845799	0.0	0.0	0.0	0.0
319000	-25.472863492735137	-13.221909620809045	-12.250953871926091	0.0	1	1	0	0	1	0	2.1134277847210474	0.4566574535328929	0.25320793923915524	1.9447457297611475	0.5413978217286985	0.07408515965728867	0.3302788325934087	2.1134277847210474	0.4566574535328929	0.0	0.0	0.5413978217286985	0.0
320000	-25.250300286017513	-12.108342356905265	-13.141957929112248	0.0	1	1	0	0	1	0	0.6395518137746077	0.39909820215841696	2.7776759659764076	0.3872638519454882	1.0800455209538264	1.5355999066239783	0.19148732246657157	0.6395518137746077	0.39909820215841696	0.0	0.0	1.0800455209538264	0.0
321000	-31.650408106366843	-10.9898949952555	-20.660513111111342	0.0	1	0	1	1	1	0	0.38856412949837027	0.07010394179430708	2.1172316026647477	1.3792430672224139	2.613249142701082	2.7732088089606024	9.754718049539084	0.38856412949837027	0.0	2.1172316026647477	1.3792430672224139	2.613249142701082	0.0
322000	-22.74157288420227	-12.916906331414413	-9.824666552787857	0.0	1	1	1	0	0	0	0.9746378718739986	1.1528686651410236	0.03479303249228934	1.8934898652687193	0.4438166653677299	0.08138756578593832	0.06502802171889481	0.9746378718739986	1.1528686651410236	0.03479303249228934	0.0	0.0	0.0
323000	-24.237145532269317	-13.188360133286489	-11.048785398982828	0.0	1	1	0	0	0	0	2.531185199498561	1.2095599164322346	0.5130461683868798	0.3157933151070791	1.574891306838942	0.3512713353874495	0.04702139080121006	2.531185199498561	1.2095599164322346	0.0	0.0	0.0	0.0
324000	-26.0710201721983	-12.084658545306786	-13.986361626891513	0.0	1	1	0	0	1	0	0.6464971777612372	0.7124452057015646	0.5007654294685142	2.9828413449886377	1.3883415501882013	0.8982512226920024	0.32692085128013315	0.6464971777612372	0.7124452057015646	0.0	0.0	1.3883415501882013	0.0
325000	-25.78450615338075	-12.408777546805347	-13.375728606575404	0.0	1	1	0	1	0	0	1.5748979930201161	0.705249192153554	0.20910023181022852	2.0441818453805474	0.8599117428080811	1.8802011812657298	0.15356171897529358	1.5748979930201161	0.705249192153554	0.0	2.0441818453805474	0.0	0.0
326000	-26.689665364233736	-14.057465303728707	-12.63220006050503	0.0	1	0	0	1	1	0	1.3864515415805831	1.1284352002002394	0.3275007896091397	2.1659706604624143	0.44232923317309153	0.5844664084757402	0.25198239074359485	1.3864515415805831	0.0	0.0	2.1659706604624143	0.44232923317309153	0.0
327000	-24.828318117843498	-13.496559099164438	-11.33175901867906	0.0	1	1	1	1	0	0	1.1983678856245064	0.8392661302188991	0.1502087494093931	0.3895911431421877	0.5581889004724221	2.1130308058524943	0.052152418958457694	1.1983678856245064	0.8392661302188991	0.1502087494093931	0.3895911431421877	0.0	0.0
328000	-34.011323655126404	-13.029043653869909	-20.9822800012565	0.0	1	1	0	0	0	1	2.4397358608599977	0.1919090848107602	2.8142002761890437	2.539473503994829	0.019517773434545062	5.6660331826249895	0.5150042193097156	2.4397358608599977	0.1919090848107602	0.0	0.0	0.0	5.6660331826249895
329000	-29.924077184753834	-11.177543605721548	-18.74653357903229	0.0	0	1	0	0	1	1	0.600290841756507	0.426145799412936	4.701378709419161	1.3252453624083862	1.9780434648408727	1.1511132508637092	1.8027095005432505	0.0	0.426145799412936	0.0	0.0	1.9780434648408727	1.1511132508637092
330000	-25.890111574203846	-11.98768626456355	-13.902425309640297	0.0	1	1	1	1	0	1	0.40841847204486253	0.3370674249695294	0.3839779704779723	0.6821644466312331	0.059121555983856634	2.0070122668693844	0.6216016446599412	0.40841847204486253	0.3370674249695294	0.3839779704779723	0.6821644466312331	0.0	2.0070122668693844
331000	-30.122999398864962	-13.08979591585144	-17.033203483013523	0.0	1	1	1	0	1	0	2.408520584287659	3.749226204351582	1.4162323219762711	1.277039335418507	0.39158557325440585	1.2312567153417302	0.08400301919551063	2.408520584287659	3.749226204351582	1.4162323219762711	0.0	0.39158557325440585	0.0
332000	-20.363157318181614	-13.367938832234284	-6.99521848594733	0.0	1	1	0	0	0	0	0.5273201577615664	0.24467914015930112	0.7549601340956774	0.3853156549499832	0.0418046259563405	0.5786265476783591	0.04294800296178469	0.5273201577615664	0.24467914015930112	0.0	0.0	0.0	0.0
333000	-25.70581488845319	-11.531007209650474	-14.174807678802718	0.0	0	1	0	0	1	1	2.6691519637200467	0.035049407615186635	1.2149208109184635	0.324219444328825	0.4749342937470883	0.5567264635699859	2.520349097727589	0.0	0.035049407615186635	0.0	0.0	0.4749342937470883	0.5567264635699859
334000	-23.4550168405148	-10.966245933413434	-12.488770907101369	0.0	0	1	0	0	1	1	0.09182792768233088	0.051439703915183474	1.8443174793430936	0.7191294450882645	0.4814933097270193	0.268905135140948	2.874926435874369	0.0	0.051439703915183474	0.0	0.0	0.4814933097270193	0.268905135140948
335000	-23.52440160181378	-12.20650422642463	-11.317897375389148	0.0	1	0	0	1	1	0	0.2708915106852216	1.7402263510055407	0.6003965163301553	0.5696861955095587	0.5510774829435823	0.058373959938596884	0.6391262044692063	0.2708915106852216	0.0	0.0	0.5696861955095587	0.5510774829435823	0.0
336000	-23.224242328682365	-11.793570891669448	-11.430671437012915	0.0	0	1	0	0	1	1	0.20852220400657792	0.27487892151557825	0.1392776662300549	0.46704556336490055	0.6555075602835163	0.9313841589429206	2.1789504917108022	0.0	0.27487892151557825	0.0	0.0	0.6555075602835163	0.9313841589429206
337000	-22.76459465345676	-12.560721837532833	-10.203872815923926	0.0	0	1	0	0	1	1	0.11903078386126101	0.006121667733014134	0.24179923754055632	0.4409537079634607	0.08353790303432027	0.3003594917453705	2.8192624732460922	0.0	0.006121667733014134	0.0	0.0	0.08353790303432027	0.3003594917453705
338000	-31.343861063868694	-13.341251763051446	-18.002609300817248	0.0	0	1	0	1	0	1	0.6382170564602243	0.012284724421150648	1.0537760593135943	1.3932385716615783	0.001987209635586255	3.3377760827038623	35.16028941164645	0.0	0.012284724421150648	0.0	1.3932385716615783	0.0	3.3377760827038623
339000	-29.13566567835361	-12.922301932426144	-16.213363745927467	0.0	1	1	1	1	1	1	0.19662931966549824	0.4736595974525784	1.7475206174986317	0.4931827271603479	0.005008741008738047	0.7407643192699389	1.3545993664090359	0.19662931966549824	0.4736595974525784	1.7475206174986317	0.4931827271603479	0.005008741008738047	0.7407643192699389
340000	-30.526536316034694	-14.38326064119267	-16.143275674842023	0.0	1	1	1	1	0	1	1.0430224957212546	3.493040296867591	0.12315062680168423	2.1672200702860143	1.2081123196725811	0.1689880382615131	0.07715651963711348	1.0430224957212546	3.493040296867591	0.12315062680168423	2.1672200702860143	0.0	0.1689880382615131
341000	-27.341647543175817	-12.072638099345387	-15.269009443830432	0.0	1	1	1	0	0	0	0.9097124976970669	0.4221729879176776	0.005970434885803369	0.677045541453447	4.014800760299241	3.1486729368844353	0.1517964732925358	0.9097124976970669	0.4221729879176776	0.005970434885803369	0.0	0.0	0.0
342000	-25.28144991291879	-11.757931086727893	-13.523518826190898	0.0	1	0	1	1	1	0	0.5653816258819789	0.5655025211154997	0.4683178157748171	0.7156984662640713	1.4998994876362635	0.2841272775864735	1.47671548696653	0.5653816258819789	0.0	0.4683178157748171	0.7156984662640713	1.4998994876362635	0.0
343000	-21.36066805629172	-13.06555983870318	-8.295108217588538	0.0	1	1	1	0	0	0	1.0318747846680174	1.2373093839575104	0.06616462994879041	0.3024569191943168	0.07106963894862185	0.41773444269702814	0.0603145446922553	1.0318747846680174	1.2373093839575104	0.06616462994879041	0.0	0.0	0.0
344000	-25.655480393180294	-14.98435401340402	-10.671126379776274	0.0	1	1	0	1	1	0	0.5507160964308959	0.7875833640783385	0.73822425246637	0.6317814348593872	0.2830251771711319	1.8117406575109352	0.04205235557173385	0.5507160964308959	0.7875833640783385	0.0	0.6317814348593872	0.2830251771711319	0.0
345000	-24.247358785408636	-13.290165996792355	-10.957192788616279	0.0	1	1	0	0	0	0	1.9649756535632927	0.44848044043473095	0.28812471928170114	1.3627819133044874	0.4066449267620182	0.17036334323122693	0.27449227155139444	1.9649756535632927	0.44848044043473095	0.0	0.0	0.0	0.0
346000	-29.47767522414746	-12.01982543774576	-17.4578497864017	0.0	1	0	1	1	1	0	0.7212658543806213	0.11454042748744067	1.8482748873130095	1.337825603910871	1.6045839749056845	0.787089914501166	7.427301508926392	0.7212658543806213	0.0	1.8482748873130095	1.337825603910871	1.6045839749056845	0.0
347000	-30.326006594467216	-13.416867447037303	-16.90913914742991	0.0	1	0	1	1	0	1	0.19207651840573137	2.923370298377152	0.6641760386668298	3.1618578599193383	0.33583579051035056	0.032776362012070015	1.7579846753610175	0.19207651840573137	0.0	0.6641760386668298	3.1618578599193383	0.0	0.032776362012070015
348000	-26.18643172545856	-11.183068525620838	-15.003363199837723	0.0	1	0	1	1	1	0	0.4982727863312081	0.47158354265595626	1.0282951786041228	0.5248272299655651	2.2980492781219555	0.25753865691593036	2.434077019035351	0.4982727863312081	0.0	1.0282951786041228	0.5248272299655651	2.2980492781219555	0.0
349000	-24.256732976956258	-12.38478590029173	-11.871947076664528	0.0	1	1	0	0	0	0	1.8799684980609048	1.1282768447919886	0.8848241316514591	0.7665597863878834	0.3459112781829714	1.8025721878625782	0.07840429485575996	1.8799684980609048	1.1282768447919886	0.0	0.0	0.0	0.0
350000	-27.07451325441958	-12.069350968292627	-15.00516228612695	0.0	1	1	0	1	0	1	1.0061943365062265	0.5952181922106684	2.1855938653886433	0.34814613155403995	0.44354489621055193	2.6089780039779398	0.29590668186062913	1.0061943365062265	0.5952181922106684	0.0	0.34814613155403995	0.0	2.6089780039779398
351000	-24.896955723590033	-13.577067377304342	-11.319888346285689	0.0	1	1	0	0	0	0	0.4926207697331765	0.7849154436150193	2.3107540174679735	0.35030235205610205	1.7102973939069903	1.0684255292449518	0.049411564512170034	0.4926207697331765	0.7849154436150193	0.0	0.0	0.0	0.0
352000	-27.495547014378484	-11.832075096547406	-15.663471917831078	0.0	1	1	1	0	1	0	0.41041534783881073	0.38804484876564405	0.943290223872857	2.431958758644275	1.1007350914212435	1.8742854016980115	0.5944868522447986	0.41041534783881073	0.38804484876564405	0.943290223872857	0.0	1.1007350914212435	0.0
353000	-24.774041184396488	-14.38863025389597	-10.385410930500518	0.0	1	1	0	0	1	1	2.0378007837087937	0.46931545617380793	1.0007199921197576	0.5780205782507332	0.23019305028010015	0.35651422456982923	0.03600138984253637	2.0378007837087937	0.46931545617380793	0.0	0.0	0.23019305028010015	0.35651422456982923
354000	-22.42449470268179	-11.644775242160032	-10.779719460521758	0.0	0	1	1	0	0	1	0.049715847901654446	0.11352775437542563	0.08949862235694693	0.27935442415775075	0.3482309987762359	1.4172304986601025	1.6606281951669182	0.0	0.11352775437542563	0.08949862235694693	0.0	0.0	1.4172304986601025
355000	-28.963088787214446	-11.353393179574136	-17.609695607640308	0.0	0	1	1	0	1	1	1.853232984332783	0.5222038373050886	0.727670772683133	0.7461641658133943	2.1096877872240376	0.9340303718698344	5.362008567737317	0.0	0.5222038373050886	0.727670772683133	0.0	2.1096877872240376	0.9340303718698344
356000	-31.535182345493773	-10.952170821145641	-20.58301152434813	0.0	0	1	1	1	1	1	3.873601740754749	0.2733528515076818	1.0650445444928989	0.8476627841991734	1.1129145296004437	1.499319053620098	4.093539264011607	0.0	0.2733528515076818	1.0650445444928989	0.8476627841991734	1.1129145296004437	1.499319053620098
357000	-27.3701450883173	-11.895122197321982	-15.47502289099532	0.0	0	1	0	1	0	1	0.011725025473023036	0.0702905886117176	1.6677536716864414	0.8795851317480338	0.36442062766270683	2.7506057024544064	5.770808698577487	0.0	0.0702905886117176	0.0	0.8795851317480338	0.0	2.7506057024544064
358000	-28.33516888229049	-12.452581919912172	-15.882586962378317	0.0	0	1	1	0	1	1	0.3431214253754888	0.7154112676875597	1.4605163684624038	0.8877151846064382	1.1892256452611363	2.308879757420876	0.9446236738088655	0.0	0.7154112676875597	1.4605163684624038	0.0	1.1892256452611363	2.308879757420876
359000	-28.11251574372688	-13.032904897028734	-15.079610846698145	0.0	1	1	0	0	0	1	1.1331361137386862	3.517321915148494	0.8510159849069715	0.5421272101386022	0.6129607163047529	2.101406364767196	0.1912804364938215	1.1331361137386862	3.517321915148494	0.0	0.0	0.0	2.101406364767196
360000	-26.791751843654886	-13.973488792939087	-12.8182630507158	0.0	1	0	0	1	1	1	0.4244309418551075	0.6526011501051435	1.3230007844638894	0.5163863474946592	0.08907461316154437	1.2011394255490175	0.654991698720299	0.4244309418551075	0.0	0.0	0.5163863474946592	0.08907461316154437	1.2011394255490175
361000	-27.62418129658427	-14.7691410211927	-12.855040275391566	0.0	0	1	0	0	0	1	1.053358133943663	1.1651138014919171	0.9321341052403456	0.48914167592737395	1.3031107571363127	1.4589364280762684	0.3149593997881326	0.0	1.1651138014919171	0.0	0.0	0.0	1.4589364280762684
362000	-25.366410972825385	-13.2850073078197	-12.081403665005684	0.0	1	1	1	1	1	0	0.7548969586389711	0.6672166794020049	1.3336468198231535	0.32388723260081037	0.6007877868191737	0.0011074238316071377	0.12228696095823144	0.7548969586389711	0.6672166794020049	1.3336468198231535	0.32388723260081037	0.6007877868191737	0.0
363000	-23.352881401407625	-10.535125565609288	-12.817755835798337	0.0	1	0	0	1	1	0	0.09980566918600824	1.2495960500505139	0.855483520731377	0.5935868068077655	0.8639419651444944	0.19180870782124695	2.6859199606464164	0.09980566918600824	0.0	0.0	0.5935868068077655	0.8639419651444944	0.0
364000	-29.548440015701914	-13.23764177320354	-16.31079824249837	0.0	0	1	0	1	0	1	1.4426282833094688	0.014704153367721332	0.6550749018677107	0.3848774411542462	0.4737453848892411	2.3863524314770763	19.359959187529835	0.0	0.014704153367721332	0.0	0.3848774411542462	0.0	2.3863524314770763
365000	-25.097729409562678	-12.062890421293488	-13.03483898826919	0.0	1	1	0	0	1	1	0.190124636632048	0.38567513538461734	0.7637154247200236	0.8872663523165886	1.6391353105302142	0.847412653787691	0.48998609282387373	0.190124636632048	0.38567513538461734	0.0	0.0	1.6391353105302142	0.847412653787691
366000	-25.145540171011845	-15.372884404489138	-9.772655766522707	0.0	1	0	0	1	0	0	0.17500545345877946	0.8763232917178506	0.39871445446152143	0.9725514764697064	0.8155107282437798	0.2301574545577395	0.2713707333747438	0.17500545345877946	0.0	0.0	0.9725514764697064	0.0	0.0
367000	-36.852318448055485	-14.057155979913443	-22.79516246814204	0.0	1	1	1	1	1	0	0.9154750767664731	0.20613547725921572	1.0155938116367502	0.17685206492735125	6.24293447913323	1.9191490452504367	6.145198446595149	0.9154750767664731	0.20613547725921572	1.0155938116367502	0.17685206492735125	6.24293447913323	0.0
368000	-28.738815902827465	-11.9774719269728	-16.761343975854665	0.0	1	0	1	1	1	0	0.25175880541568674	0.8653600166687662	1.0195839607480897	0.4749123689131322	1.2463427260735296	0.5854884862540584	26.085741906332196	0.25175880541568674	0.0	1.0195839607480897	0.4749123689131322	1.2463427260735296	0.0
369000	-30.17262623468304	-11.762671696391095	-18.409954538291945	0.0	1	1	1	1	1	0	0.04966210161108904	0.06584521703258524	0.04329010734354147	0.4356756933128376	1.750621253416539	2.684758962610302	17.57315530472537	0.04966210161108904	0.06584521703258524	0.04329010734354147	0.4356756933128376	1.750621253416539	0.0
370000	-28.096049830762137	-12.401505531316445	-15.694544299445692	0.0	1	1	0	0	1	0	0.5535134750958749	0.17647637736109997	1.6786791835493693	4.7553954028700325	0.36764329270299895	2.3226470393656555	0.11814100510798979	0.5535134750958749	0.17647637736109997	0.0	0.0	0.36764329270299895	0.0
371000	-34.73634254868457	-10.966426607714839	-23.76991594096973	0.0	1	0	0	1	1	1	0.27289114368999023	1.6787910251702058	0.8960197014804773	2.564473908526358	3.360504142805785	4.300293882589731	5.257522422110144	0.27289114368999023	0.0	0.0	2.564473908526358	3.360504142805785	4.300293882589731
372000	-31.767200923680313	-11.654502252297734	-20.11269867138258	0.0	1	0	0	1	1	0	0.3214702461195092	4.858242611356906	0.0430303851900454	1.6216699830048857	0.8732893816218359	4.340313536886411	1.0831433582931551	0.3214702461195092	0.0	0.0	1.6216699830048857	0.8732893816218359	0.0
373000	-27.161827521089258	-11.827839149024818	-15.33398837206444	0.0	0	1	1	1	0	1	1.4564940866780292	0.1502567991944061	1.0049174135567112	0.4022549138741353	0.1494354404759052	0.9352302122696258	8.979378560701441	0.0	0.1502567991944061	1.0049174135567112	0.4022549138741353	0.0	0.9352302122696258
374000	-22.994167893859903	-13.58349128367689	-9.410676610183014	0.0	1	1	0	1	0	0	2.2427488804845583	0.47787726189981367	0.2558786273223566	0.11447927720333816	0.7628466699158402	0.6864974339044936	0.044752193082874564	2.2427488804845583	0.47787726189981367	0.0	0.11447927720333816	0.0	0.0
375000	-26.289119894852064	-11.782911101916625	-14.506208792935437	0.0	1	0	1	1	1	1	0.18940448217569317	0.4785777332292556	0.7173463863156359	0.8850067367912243	0.675986915034389	0.8130882757253671	1.2798504141911995	0.18940448217569317	0.0	0.7173463863156359	0.8850067367912243	0.675986915034389	0.8130882757253671
376000	-27.292839643283703	-12.165105736985875	-15.127733906297827	0.0	1	0	0	1	1	1	0.2475763915068436	0.2664988625412773	0.4297390500909871	1.5498240053196113	1.0988678145887432	0.23247762972237299	9.599661505926926	0.2475763915068436	0.0	0.0	1.5498240053196113	1.0988678145887432	0.23247762972237299
377000	-34.3982686047681	-10.742601304580655	-23.655667300187446	0.0	1	1	1	1	1	1	0.20636179203045063	0.5562042596578906	0.9699364436708594	1.13113864873086	6.712001615525635	0.6617911676321316	3.203207744081071	0.20636179203045063	0.5562042596578906	0.9699364436708594	1.13113864873086	6.712001615525635	0.6617911676321316
378000	-29.03790264031425	-11.324254007643189	-17.713648632671063	0.0	1	0	1	1	1	0	0.26497102088041646	0.5652056904038134	1.041104259320964	1.1308999375881919	1.6814636302703927	1.1674902522721997	16.69237516150674	0.26497102088041646	0.0	1.041104259320964	1.1308999375881919	1.6814636302703927	0.0
379000	-30.607899736793495	-12.817201209581793	-17.790698527211703	0.0	1	1	1	1	1	0	0.17744633183455236	1.0152676389707944	0.04145665465931728	0.24446954006758356	5.322543627118443	0.4838057924772207	1.0057031781642112	0.17744633183455236	1.0152676389707944	0.04145665465931728	0.24446954006758356	5.322543627118443	0.0
380000	-25.199262448379642	-12.687771954670543	-12.511490493709097	0.0	1	1	0	1	1	0	3.4041104046763375	0.6804313281019382	0.5042060910937163	0.7823321186424221	0.17548123575939273	0.31366602565638074	0.09209836507741366	3.4041104046763375	0.6804313281019382	0.0	0.7823321186424221	0.17548123575939273	0.0
381000	-21.79864243311807	-12.082853444064044	-9.715788989054023	0.0	1	1	0	0	0	0	0.5037405614625703	0.219707205419062	0.48091649464428843	1.800082921614254	0.8641629976911842	0.11675063342053986	0.15279013804167446	0.5037405614625703	0.219707205419062	0.0	0.0	0.0	0.0
382000	-28.29327215260433	-13.856711679341762	-14.436560473262567	0.0	1	0	1	1	0	0	1.9208556560817913	0.7657428073422464	0.5157947023789774	2.9116293913184066	0.7017934348878384	0.17353817946463743	0.5899465800115155	1.9208556560817913	0.0	0.5157947023789774	2.9116293913184066	0.0	0.0
383000	-27.33250942506254	-12.427692394920038	-14.904817030142503	0.0	1	1	0	1	1	0	2.336503657378962	2.1440052629393467	1.6917816769479	0.2653629837329864	1.0740214586797567	0.5904503458797901	0.10717060874714736	2.336503657378962	2.1440052629393467	0.0	0.2653629837329864	1.0740214586797567	0.0
384000	-27.12558807162307	-11.257715288694998	-15.867872782928071	0.0	0	1	0	0	1	1	1.975392590553466	0.09984752297372664	1.0002845554731943	0.18943812537761462	1.744204306843397	0.9061141486153002	7.196227583621149	0.0	0.09984752297372664	0.0	0.0	1.744204306843397	0.9061141486153002
385000	-23.747051406974506	-12.67322235408341	-11.073829052891096	0.0	1	1	0	0	0	1	0.9354741368454181	1.1136509029766977	0.7138446184959938	1.0653489216874514	0.006927719057119581	0.5591431232661502	0.27364000911649405	0.9354741368454181	1.1136509029766977	0.0	0.0	0.0	0.5591431232661502
386000	-23.710256608708548	-11.983687743971002	-11.726568864737544	0.0	0	1	0	0	1	1	0.41704334508517305	0.07135265795582188	0.29236237422289313	1.5516623767867737	0.3724890421501915	0.0460820982417101	2.7184087419812077	0.0	0.07135265795582188	0.0	0.0	0.3724890421501915	0.0460820982417101
387000	-27.173127329180534	-11.966886501186224	-15.20624082799431	0.0	1	1	1	0	1	0	0.8729834744534242	0.458175640087184	0.1280858899270146	1.9036463786267164	1.166489834161613	3.1486403225394253	0.2215307623524343	0.8729834744534242	0.458175640087184	0.1280858899270146	0.0	1.166489834161613	0.0
388000	-32.89483191505019	-12.441396992878744	-20.453434922171446	0.0	1	1	1	0	1	0	2.609598832632563	0.974966104980591	0.5191402601086538	2.6575593905396793	1.133675933571738	5.740379262689683	0.10883786545802664	2.609598832632563	0.974966104980591	0.5191402601086538	0.0	1.133675933571738	0.0
389000	-32.01128142543837	-11.307475814369322	-20.703805611069047	0.0	1	1	1	1	1	1	0.7012908597844922	0.322307131371225	1.2759874135480374	0.5558391514270666	1.7918546342151007	3.5418367220525884	1.299020733202587	0.7012908597844922	0.322307131371225	1.2759874135480374	0.5558391514270666	1.7918546342151007	3.5418367220525884
390000	-29.4358658148821	-11.190494700830898	-18.245371114051203	0.0	1	1	1	0	1	1	0.4397035444619496	0.2058804622180693	0.5307302128646302	2.6164525267336356	3.3593490934369963	0.35992861483299726	1.2627290058444922	0.4397035444619496	0.2058804622180693	0.5307302128646302	0.0	3.3593490934369963	0.35992861483299726
391000	-23.68628536134792	-12.840055456878174	-10.846229904469748	0.0	1	1	0	1	0	0	0.8717958715737829	0.13099773800360281	2.221267090341659	0.49899500935690283	1.1574571211674594	0.16812598944980123	0.11320979844753803	0.8717958715737829	0.13099773800360281	0.0	0.49899500935690283	0.0	0.0
392000	-25.019121245491824	-12.974770826429314	-12.04435041906251	0.0	1	1	0	0	0	1	0.1291885642298518	0.5846680373872786	0.6856557427290493	0.7659697105420378	1.703192686543713	1.0158845184770575	0.44251604473552497	0.1291885642298518	0.5846680373872786	0.0	0.0	0.0	1.0158845184770575
393000	-26.210115790882714	-16.6372397232212	-9.572876067661515	0.0	0	1	0	0	1	1	0.22573203156835397	0.4283039707957588	0.08444165987413679	0.28131127364734587	0.5693566726361725	0.04336615695479631	0.9661383796683797	0.0	0.4283039707957588	0.0	0.0	0.5693566726361725	0.04336615695479631
394000	-25.507508188404053	-11.844715968112455	-13.6627922202916	0.0	1	1	0	1	1	0	0.19625988444008166	0.02526847672934242	1.8701638689196338	0.3475351951451181	0.46200949640499545	2.17599540982435	0.6381309060932284	0.19625988444008166	0.02526847672934242	0.0	0.3475351951451181	0.46200949640499545	0.0
395000	-21.81178462789933	-12.492308104249611	-9.319476523649715	0.0	1	1	0	0	0	0	0.3256229882204459	0.16834948453491158	0.37410849573549143	1.0925448597702738	1.6230056610296717	0.764256283592085	0.07148929314093386	0.3256229882204459	0.16834948453491158	0.0	0.0	0.0	0.0
396000	-27.912120406529	-11.438294496164211	-16.473825910364788	0.0	0	1	0	0	1	1	1.462813749302753	0.16299526497996197	0.21110707914893856	0.961434346757126	3.0720151003601304	0.6927597903875485	6.902735904475266	0.0	0.16299526497996197	0.0	0.0	3.0720151003601304	0.6927597903875485
397000	-28.335174791409422	-13.085704453624848	-15.249470337784574	0.0	1	1	0	0	0	0	3.2896461882301726	1.532972590273178	1.0756290526643038	1.860095816969617	0.6883001606473046	0.49349264940843907	0.2727158681627532	3.2896461882301726	1.532972590273178	0.0	0.0	0.0	0.0
398000	-26.812079648324186	-11.753974818509862	-15.058104829814322	0.0	0	1	0	0	0	1	0.68706194418583	0.07593905029642459	4.136441431505773	0.1591469770710979	0.47278420151365835	0.9259572224777505	2.6965758622747438	0.0	0.07593905029642459	0.0	0.0	0.0	0.9259572224777505
399000	-25.20115928481929	-12.391248692106696	-12.809910592712594	0.0	1	1	1	0	1	0	0.11288773893426854	0.03145770600327402	1.027240579618362	1.497934098479017	0.3847848968018207	0.9402510093652157	0.8030388313682166	0.11288773893426854	0.03145770600327402	1.027240579618362	0.0	0.3847848968018207	0.0
400000	-25.81227309839538	-12.648781318939069	-13.163491779456313	0.0	1	1	1	0	0	1	1.3763381810408033	0.38324546318000435	0.7028758367717259	0.10463061524524685	0.5380310193285124	2.644450529308416	0.19758559122436886	1.3763381810408033	0.38324546318000435	0.7028758367717259	0.0	0.0	2.644450529308416
401000	-24.276257308485633	-12.208344025594247	-12.067913282891386	0.0	1	0	0	1	1	0	0.3379452943399766	1.7183011992673505	0.44150407828355426	0.7905467046529151	1.0701694123002177	0.24076965703716743	0.6027552916869845	0.3379452943399766	0.0	0.0	0.7905467046529151	1.0701694123002177	0.0
402000	-27.013683474078626	-13.140644950902841	-13.873038523175786	0.0	1	1	0	0	0	1	0.1559585686876655	0.0100201112236072	4.09707503434296	0.5954375275512068	1.4828962525714144	0.4414260549840681	0.41276180611592866	0.1559585686876655	0.0100201112236072	0.0	0.0	0.0	0.4414260549840681
403000	-31.016504198403183	-10.912816473407354	-20.10368772499583	0.0	0	1	0	0	1	1	0.37682509053406016	0.4760169173258184	1.0553821161726835	3.568685174400444	3.59404506282012	1.915693820285293	3.1306423866154245	0.0	0.4760169173258184	0.0	0.0	3.59404506282012	1.915693820285293
404000	-29.994186139659668	-12.344230175039252	-17.649955964620418	0.0	1	1	0	0	1	0	0.13491851268583294	0.780730024493894	1.0031507284895633	1.8772230380905224	3.2043508751339775	1.8112614411470238	2.3702659412356657	0.13491851268583294	0.780730024493894	0.0	0.0	3.2043508751339775	0.0
405000	-30.679878282017825	-11.935644764688334	-18.74423351732949	0.0	0	1	1	1	0	1	0.002580796622820772	0.09487194072747024	0.6517805657407509	3.051751834603573	1.7751374459231755	1.6420497959219729	11.975751408912247	0.0	0.09487194072747024	0.6517805657407509	3.051751834603573	0.0	1.6420497959219729
406000	-30.066908710254943	-11.376211938083742	-18.6906967721712	0.0	1	0	1	1	1	0	0.24965980014022754	0.04355165203966672	3.170723730250211	1.280530987701676	1.141047722132864	0.8902280731797371	17.576460339464514	0.24965980014022754	0.0	3.170723730250211	1.280530987701676	1.141047722132864	0.0
407000	-25.754480145691247	-12.212605939081499	-13.54187420660975	0.0	1	0	1	1	1	0	0.05617681197312478	0.8003402137070175	0.2736388963048365	0.49420636168646154	0.14112132007505931	1.242591332732401	4.468903733269877	0.05617681197312478	0.0	0.2736388963048365	0.49420636168646154	0.14112132007505931	0.0
408000	-29.50649492029772	-12.722738864836922	-16.783756055460795	0.0	1	0	1	1	0	0	1.1148685320797076	0.24020711677746004	3.366469921132669	1.303995885607489	0.5972057881145886	1.5836865039924193	1.8262896300050773	1.1148685320797076	0.0	3.366469921132669	1.303995885607489	0.0	0.0
409000	-22.464624543798514	-12.29795637200783	-10.166668171790686	0.0	1	1	0	1	0	0	0.5706196461939365	0.3056358207868543	0.16576253808500419	1.8101712635174334	0.047040292354448725	0.3149187745872578	0.35963185691791866	0.5706196461939365	0.3056358207868543	0.0	1.8101712635174334	0.0	0.0
410000	-27.355095157416457	-12.609572265677441	-14.745522891739018	0.0	1	1	0	1	0	1	0.2514437777811749	0.20753937113946477	3.6037978312968844	0.8651163425032554	1.7985280220162738	0.29808475295346587	0.26867454122147605	0.2514437777811749	0.20753937113946477	0.0	0.8651163425032554	0.0	0.29808475295346587
411000	-29.57770961466903	-13.127407499785114	-16.450302114883915	0.0	1	1	1	1	1	1	0.7986074366393583	0.7890459256968176	3.049079426005724	0.5076932947865938	0.6742031488368395	0.014962819494221591	0.19453110203384685	0.7986074366393583	0.7890459256968176	3.049079426005724	0.5076932947865938	0.6742031488368395	0.014962819494221591
412000	-23.10900356803761	-12.3059509131567	-10.803052654880911	0.0	1	1	0	0	0	0	0.6177644201139035	0.20080419477522435	3.5150043902796915	0.2776398833329827	0.7946417945043788	0.21818821841483613	0.08798442515040482	0.6177644201139035	0.20080419477522435	0.0	0.0	0.0	0.0
413000	-27.12626834372454	-12.043702745884517	-15.082565597840023	0.0	0	1	0	0	1	1	0.30897074002525254	0.2054665183930194	0.5273937181361289	0.41178543775512993	2.0475941455712494	1.439289815365511	8.686142059437115	0.0	0.2054665183930194	0.0	0.0	2.0475941455712494	1.439289815365511
414000	-37.187065279987046	-14.25657247347827	-22.930492806508774	0.0	1	0	0	1	1	1	0.02699854914240305	0.9418407592251437	5.296063809143554	0.26991358731725024	1.3673014107352661	0.7826656731418714	157.5216010716649	0.02699854914240305	0.0	0.0	0.26991358731725024	1.3673014107352661	0.7826656731418714
415000	-28.224802720025068	-11.632200406304742	-16.592602313720324	0.0	0	1	0	0	1	1	0.18588462765898867	0.6372236403180368	1.9731077281758327	1.347821001096569	1.2500017120245803	2.6472492186348346	1.7794410952836972	0.0	0.6372236403180368	0.0	0.0	1.2500017120245803	2.6472492186348346
416000	-23.24109109092602	-12.736677067246264	-10.504414023679757	0.0	1	1	0	0	1	0	0.6351178597880685	0.4200465080853773	0.6284720518347404	1.3291714679103939	0.5502184568908847	1.3488484267335246	0.09220428993441641	0.6351178597880685	0.4200465080853773	0.0	0.0	0.5502184568908847	0.0
417000	-25.804115456616273	-13.619455445288052	-12.18466001132822	0.0	1	1	1	0	0	0	2.2494253701953246	0.9217756022457974	0.6426512096163298	0.5585237954324858	0.27602626657492274	0.49447157923296603	0.3932332553962176	2.2494253701953246	0.9217756022457974	0.6426512096163298	0.0	0.0	0.0
418000	-28.842856294318214	-12.812263524820036	-16.030592769498178	0.0	1	1	0	1	0	1	1.334619790716746	1.494687416226907	0.5568424848504705	1.4571223452385333	2.7872650044806027	0.39166406290296063	0.35819505722680184	1.334619790716746	1.494687416226907	0.0	1.4571223452385333	0.0	0.39166406290296063
419000	-27.351779897004434	-12.658353143741834	-14.693426753262601	0.0	1	1	0	0	0	0	0.951080820706607	0.6998863472867829	1.5243490429587871	4.420401099460519	1.5916528457979096	0.6149413976182948	0.06595674344813277	0.951080820706607	0.6998863472867829	0.0	0.0	0.0	0.0
420000	-31.96015251578419	-12.82832611669021	-19.13182639909398	0.0	1	0	1	1	1	0	1.9840232564833116	0.9223482420183194	4.827697631625414	0.5815030426200165	1.865934775495426	0.026843788981484675	0.8947466438658296	1.9840232564833116	0.0	4.827697631625414	0.5815030426200165	1.865934775495426	0.0
421000	-26.602985439803227	-11.832098776213604	-14.770886663589625	0.0	1	1	0	0	1	1	0.20646423427119087	0.2853956622978165	0.6710679195735091	1.1483724744699462	2.0183745271477127	0.548546368714336	2.357216235158991	0.20646423427119087	0.2853956622978165	0.0	0.0	2.0183745271477127	0.548546368714336
422000	-32.48575578621241	-14.344716732671781	-18.141039053540624	0.0	1	0	0	1	0	0	0.37840329272568607	0.994276498316956	1.5908092569096686	5.060742069359376	1.2066249475242312	0.20645915683063923	2.9884161119970876	0.37840329272568607	0.0	0.0	5.060742069359376	0.0	0.0
423000	-24.923383438411562	-11.59991065023629	-13.323472788175273	0.0	1	1	1	0	1	0	0.2624017835457259	0.06019836060835931	1.4555302649006823	0.6775086273228976	0.21150829057719622	0.9749190501198849	1.9087712658752718	0.2624017835457259	0.06019836060835931	1.4555302649006823	0.0	0.21150829057719622	0.0
424000	-25.533612357952578	-13.644806436756058	-11.888805921196518	0.0	1	1	1	0	0	0	0.23497418274734627	0.9916108842083452	0.5270489388321633	1.1506241235885544	2.3655809020414615	0.33261142562628065	0.18464311413047643	0.23497418274734627	0.9916108842083452	0.5270489388321633	0.0	0.0	0.0
425000	-27.291081647204248	-12.988352010677286	-14.302729636526962	0.0	1	0	1	1	0	0	0.12294656647417346	0.41826992170808086	0.6619535906549523	1.340137156992943	1.5538799444739666	1.692806110707016	1.7121502296884992	0.12294656647417346	0.0	0.6619535906549523	1.340137156992943	0.0	0.0
426000	-25.908160046398336	-11.868174485931485	-14.039985560466853	0.0	0	1	1	0	0	1	0.039004486968580006	0.141922623317214	0.3611639057747144	3.0628312899508146	0.40891741375809165	0.7683792566008223	3.602520634790037	0.0	0.141922623317214	0.3611639057747144	0.0	0.0	0.7683792566008223
427000	-29.244543692971018	-11.873560423828419	-17.3709832691426	0.0	1	1	0	1	1	0	1.4048174709358605	0.5886949089512379	3.244080591037667	0.9590617467037184	2.4492265884253026	0.7156302724216698	0.3585823746790593	1.4048174709358605	0.5886949089512379	0.0	0.9590617467037184	2.4492265884253026	0.0
428000	-24.732149617160275	-12.49282969011258	-12.239319927047696	0.0	1	1	1	1	0	0	1.7956681035745965	0.7479784033740583	0.40920775791418185	0.4905319974437754	1.2901820824504415	0.7904901722289863	0.098190873715986	1.7956681035745965	0.7479784033740583	0.40920775791418185	0.4905319974437754	0.0	0.0
429000	-23.93569031672554	-13.063674438548524	-10.872015878177017	0.0	1	1	0	0	1	0	0.3482185349893026	0.3483996466044475	0.4039455094704133	1.0253399027051073	1.6709688832232041	0.8319844468716325	0.1768307251262768	0.3482185349893026	0.3483996466044475	0.0	0.0	1.6709688832232041	0.0
430000	-27.576730321065064	-12.34152636321128	-15.235203957853786	0.0	1	1	0	0	0	1	1.1515525124086248	1.8765671034684384	0.4154706815336763	0.24409640160665652	0.6486982329295129	4.247068499607217	0.26616171412790207	1.1515525124086248	1.8765671034684384	0.0	0.0	0.0	4.247068499607217
431000	-21.717081149353497	-12.455162214599776	-9.26191893475372	0.0	1	1	1	0	0	0	0.25035898986682775	0.3608087360490244	0.4114268562530786	0.8032842153959397	0.6955244248159993	0.4296605925937127	0.18922644905728647	0.25035898986682775	0.3608087360490244	0.4114268562530786	0.0	0.0	0.0
432000	-24.32221908429374	-12.167006891871623	-12.155212192422116	0.0	1	1	0	1	0	0	3.4534498056794334	1.7955129429341783	0.11157126397543345	0.6688148081705242	0.0730396901749314	0.2803493935148615	0.11039927817351107	3.4534498056794334	1.7955129429341783	0.0	0.6688148081705242	0.0	0.0
433000	-27.520362156854308	-14.451172014410286	-13.069190142444022	0.0	0	1	0	1	0	1	0.3990178914835214	0.43757656835661557	0.04782013184522409	1.6618937728341168	1.6875377465749826	1.1735717594661574	0.7311885478902154	0.0	0.43757656835661557	0.0	1.6618937728341168	0.0	1.1735717594661574
434000	-25.981124456472443	-12.990091020831164	-12.99103343564128	0.0	1	1	0	1	1	0	1.7859076452917382	0.3508997085013335	0.028706436376276588	2.2153567648997297	0.054525587735006764	0.2753644552131157	0.4701815599507647	1.7859076452917382	0.3508997085013335	0.0	2.2153567648997297	0.054525587735006764	0.0
435000	-24.60611910207368	-12.236271942962318	-12.369847159111362	0.0	1	1	1	0	0	0	0.7934496962403644	0.8341435094999352	0.6849595891424619	0.5496386185768439	1.5187167805853834	1.5383849570200652	0.21762094068101118	0.7934496962403644	0.8341435094999352	0.6849595891424619	0.0	0.0	0.0
436000	-27.433714423246997	-12.706790585615353	-14.726923837631645	0.0	0	1	0	0	0	1	1.6072387746889385	0.2795471763294378	2.83872429814951	0.6837695201958035	0.006661174883424789	1.9664703103837542	0.7682762270757085	0.0	0.2795471763294378	0.0	0.0	0.0	1.9664703103837542
437000	-32.42868067170306	-11.122328648161815	-21.306352023541244	0.0	0	1	1	1	1	1	1.028889692124898	0.319185724071066	0.28910682673061117	1.3720966554050593	2.102042285311333	3.4861335997093006	9.052364123833428	0.0	0.319185724071066	0.28910682673061117	1.3720966554050593	2.102042285311333	3.4861335997093006
438000	-25.41195965402401	-10.972221962469254	-14.439737691554754	0.0	0	1	1	0	0	1	2.8421443518687535	0.013753905113997775	0.10787220103330755	0.45880863986176174	1.770621051005226	0.13962437025844804	3.0991665441989107	0.0	0.013753905113997775	0.10787220103330755	0.0	0.0	0.13962437025844804
439000	-25.404906123080046	-13.944601479766524	-11.460304643313524	0.0	1	1	0	1	0	0	0.9335594298361752	0.019164518991898798	0.3713607669118507	0.3269416135493059	1.073541512543463	2.6460965975325585	0.1516455223339858	0.9335594298361752	0.019164518991898798	0.0	0.3269416135493059	0.0	0.0
440000	-31.414315291028732	-11.913630474086784	-19.50068481694195	0.0	1	0	1	1	0	1	0.11370484904320578	2.899610300969981	2.6194160295197793	0.3426885972777883	0.9358966281594856	0.5594133822494015	19.679369437394566	0.11370484904320578	0.0	2.6194160295197793	0.3426885972777883	0.0	0.5594133822494015
441000	-26.878451084051175	-12.62110502309454	-14.257346060956635	0.0	0	1	0	0	1	1	0.02256722526508303	0.9592594161623708	1.5113493789964103	0.4678309714767679	2.2071270217024193	0.7260657063663384	1.4743957915378838	0.0	0.9592594161623708	0.0	0.0	2.2071270217024193	0.7260657063663384
442000	-22.805171783464253	-12.107055868415062	-10.698115915049192	0.0	1	1	1	0	0	0	0.6496525015854397	0.21478779913087673	1.020576270019303	0.24512937396507536	0.3825403877031895	1.6953569251351273	0.22640018528780326	0.6496525015854397	0.21478779913087673	1.020576270019303	0.0	0.0	0.0
443000	-21.26532602867214	-12.069694502533975	-9.195631526138163	0.0	1	1	0	0	0	0	0.3865890427876376	0.14615300235148054	1.0190798099107725	0.17051726374005036	1.0692071243736927	0.7687574970615364	0.13891797271902118	0.3865890427876376	0.14615300235148054	0.0	0.0	0.0	0.0
444000	-38.85681298821763	-11.599458191822388	-27.25735479639524	0.0	1	0	0	1	1	1	0.2098936041262635	1.3429975650526291	0.646308219214289	9.235748421131474	2.1332952470653463	2.4708864954885437	8.827669807129258	0.2098936041262635	0.0	0.0	9.235748421131474	2.1332952470653463	2.4708864954885437
445000	-30.29601425841415	-12.305330576616907	-17.990683681797243	0.0	1	0	1	1	1	1	0.15933890817271537	0.758744117834237	2.7516074564356447	1.6298069742040404	0.3390462405426975	0.2895408907672618	4.760615212744271	0.15933890817271537	0.0	2.7516074564356447	1.6298069742040404	0.3390462405426975	0.2895408907672618
446000	-26.02570701464125	-12.102931623548203	-13.922775391093044	0.0	0	1	0	0	0	1	0.6277307183230963	0.2066418584317803	0.04811523422441964	0.13729495909279305	0.6480901176537733	3.250581952347285	4.0333414007576325	0.0	0.2066418584317803	0.0	0.0	0.0	3.250581952347285
447000	-23.040539772612444	-12.068301507158182	-10.972238265454262	0.0	1	1	1	0	1	0	1.13782719664802	0.658098005115097	0.33439837470419964	0.03209828724892974	0.4526270270005184	1.1978697390273618	0.15314129597163184	1.13782719664802	0.658098005115097	0.33439837470419964	0.0	0.4526270270005184	0.0
448000	-30.257582964400903	-12.457837445688336	-17.79974551871257	0.0	1	1	1	0	1	1	0.0713381832703184	1.456388991868384	0.40535802362606455	0.03585687361499373	0.935409753126381	4.265137743712529	1.139084808647347	0.0713381832703184	1.456388991868384	0.40535802362606455	0.0	0.935409753126381	4.265137743712529
449000	-27.750879482470513	-12.539102805684463	-15.21177667678605	0.0	1	1	0	1	1	0	0.33008689026812116	0.07656541681889546	0.8224303033426921	1.2662011591662674	1.5909411779700922	0.14452977558027197	6.974809866370229	0.33008689026812116	0.07656541681889546	0.0	1.2662011591662674	1.5909411779700922	0.0
450000	-26.317627238258723	-12.140866546495454	-14.176760691763267	0.0	1	0	1	1	0	1	0.10205723629157858	1.1081037579524726	1.2827119088995749	0.27874234515690566	0.8105181102629184	0.4774346146645402	2.9495141563795353	0.10205723629157858	0.0	1.2827119088995749	0.27874234515690566	0.0	0.4774346146645402
451000	-22.695955042839252	-13.784095634755955	-8.911859408083298	0.0	1	1	0	0	0	0	0.0055185476542516125	0.007193286171715807	0.5957409319733453	1.8549747455946002	0.24907773891370066	1.780719835310022	0.04110255040097756	0.0055185476542516125	0.007193286171715807	0.0	0.0	0.0	0.0
452000	-24.216493511399243	-12.12177583936199	-12.094717672037252	0.0	1	1	0	0	1	1	2.1099900134191656	1.3268739893917523	0.08127538376654372	0.9641733655827597	0.23343332165505987	0.06726691091520717	0.17837236994545905	2.1099900134191656	1.3268739893917523	0.0	0.0	0.23343332165505987	0.06726691091520717
453000	-26.85127510342282	-12.796725524005616	-14.054549579417207	0.0	0	1	0	0	0	1	0.8858147550564857	0.032652761454791526	3.110862351108751	0.5145953297404353	0.0893577249786708	1.2343015005281053	1.7836708545248972	0.0	0.032652761454791526	0.0	0.0	0.0	1.2343015005281053
454000	-23.902522143409712	-12.040355584458256	-11.862166558951454	0.0	1	1	0	0	0	1	1.515385781504252	1.1136193388715456	0.19037865401982318	0.2646846289139843	0.4209277082183017	1.802771523970368	0.24145418676655447	1.515385781504252	1.1136193388715456	0.0	0.0	0.0	1.802771523970368
455000	-26.61585283320951	-12.810593021934219	-13.80525981127529	0.0	0	1	0	1	1	1	0.012510133422520943	0.2517569287094035	0.1832049105373139	1.1588589567052234	1.2402700520661618	0.20392924164437012	5.568877587548564	0.0	0.2517569287094035	0.0	1.1588589567052234	1.2402700520661618	0.20392924164437012
456000	-27.04108635830626	-11.249178640331445	-15.791907717974816	0.0	0	1	1	0	0	1	0.18314632240793957	0.16238619629286946	0.9139231520029496	0.18253410816058183	2.4601638208196315	1.595036119112539	10.105838774530817	0.0	0.16238619629286946	0.9139231520029496	0.0	0.0	1.595036119112539
457000	-29.93129866522058	-12.515208654992657	-17.416090010227926	0.0	1	1	0	1	1	0	1.0761419017690435	0.9190683343532141	0.12275386260639319	1.9982390636498204	0.7684181873455316	5.176696169491603	0.18622886632458452	1.0761419017690435	0.9190683343532141	0.0	1.9982390636498204	0.7684181873455316	0.0
458000	-26.173591985599792	-12.230182850780627	-13.943409134819166	0.0	1	1	1	0	0	0	0.3871275754762839	0.0733805801825131	1.2674601771522351	2.191633744576574	0.336716426981783	1.402220129541131	1.3634321405159757	0.3871275754762839	0.0733805801825131	1.2674601771522351	0.0	0.0	0.0
459000	-29.077393488310594	-13.26140181618165	-15.815991672128945	0.0	1	1	0	0	1	0	0.42849737000800614	1.4730173272648421	0.7589820552677182	0.7023246211473926	2.1252644149316637	3.8534794550591314	0.22288273803599212	0.42849737000800614	1.4730173272648421	0.0	0.0	2.1252644149316637	0.0
460000	-22.981557060744684	-12.693217350648686	-10.288339710095997	0.0	1	1	0	0	0	0	1.0536687898113684	1.4814519954210152	0.36075443294960563	0.4042013799112588	1.6904770301601801	0.17873736342973773	0.08285929150018426	1.0536687898113684	1.4814519954210152	0.0	0.0	0.0	0.0
461000	-30.664579229248176	-17.23797973405605	-13.426599495192127	0.0	0	1	1	0	0	1	0.6148733288780648	0.20232917907431994	1.883651634280614	0.07998371643792594	1.6530413515764852	1.84929374249931	0.435329370979359	0.0	0.20232917907431994	1.883651634280614	0.0	0.0	1.84929374249931
462000	-28.69382883294002	-12.974029658037589	-15.71979917490243	0.0	1	1	0	0	1	0	0.36951567378760336	1.323033374772695	1.8374801158145107	0.9715387770419587	2.9336382294089907	1.1636183743733466	0.425658853603587	0.36951567378760336	1.323033374772695	0.0	0.0	2.9336382294089907	0.0
463000	-25.426304126984554	-12.640856906046457	-12.785447220938096	0.0	1	0	0	1	1	0	0.3467648998324235	0.6187653734734363	0.610968303111397	0.39173250428111117	1.0863313718721275	1.202875250661632	1.7384816680397257	0.3467648998324235	0.0	0.0	0.39173250428111117	1.0863313718721275	0.0
464000	-25.892887620436895	-12.970300671619214	-12.922586948817683	0.0	1	1	1	1	0	0	1.0915746968763718	0.8674138871900174	0.007108941225320529	0.32582702445793127	3.620187755555394	0.7089639890842775	0.06489572060763583	1.0915746968763718	0.8674138871900174	0.007108941225320529	0.32582702445793127	0.0	0.0
465000	-26.053817904870733	-11.045507047717965	-15.00831085715277	0.0	0	1	1	0	1	1	0.288113109551628	0.23780368596990226	1.0997547808047032	1.6023595588705388	0.7097951377846751	1.133142404889841	2.4647617061778586	0.0	0.23780368596990226	1.0997547808047032	0.0	0.7097951377846751	1.133142404889841
466000	-30.187722506294982	-12.7551695600722	-17.43255294622278	0.0	1	1	1	1	1	0	0.06503490455041461	0.4231109500170843	0.4378767393629126	0.7617615606360377	2.360875217834662	0.526415642638035	10.488898382587466	0.06503490455041461	0.4231109500170843	0.4378767393629126	0.7617615606360377	2.360875217834662	0.0
467000	-25.886004647448495	-13.8973986492718	-11.988605998176695	0.0	0	1	1	0	0	1	0.5431562884636234	0.25822915186556894	1.6679820099379286	0.5430150108671703	0.22945674539633504	0.5762858481407146	1.2160994590284993	0.0	0.25822915186556894	1.6679820099379286	0.0	0.0	0.5762858481407146
468000	-23.937872890356715	-12.20826710623845	-11.729605784118267	0.0	1	1	1	0	0	0	1.2371382724041013	0.3377913293286354	0.03266662033006189	0.25222356679632923	2.873386437340404	0.8395323611033894	0.16219988450183745	1.2371382724041013	0.3377913293286354	0.03266662033006189	0.0	0.0	0.0
469000	-28.542613934980047	-12.659203379995375	-15.88341055498467	0.0	1	0	1	1	1	1	0.18465875146041202	0.4120964304449364	0.20511511706962948	0.1056118929955396	2.3006016511639373	1.266392287969266	2.4802034961974395	0.18465875146041202	0.0	0.20511511706962948	0.1056118929955396	2.3006016511639373	1.266392287969266
470000	-25.79982569544792	-11.331211311333456	-14.468614384114467	0.0	0	1	1	0	1	1	1.0507010805688486	0.17647137010078784	1.3852248068364037	0.520526879048391	0.3800123377229849	0.8104297784089443	3.033266598585678	0.0	0.17647137010078784	1.3852248068364037	0.0	0.3800123377229849	0.8104297784089443
471000	-29.189251973143996	-16.42700188077946	-12.762250092364537	0.0	1	1	1	0	0	0	0.12473623264352264	0.5410612169272714	0.41317449367545683	1.3119137902258087	2.0852545812605126	0.7108144882686768	0.6705970694668253	0.12473623264352264	0.5410612169272714	0.41317449367545683	0.0	0.0	0.0
472000	-24.51150016135761	-12.308217510068676	-12.203282651288934	0.0	1	1	0	0	0	1	0.40173229891429135	0.5889200871387759	0.2586647010546213	1.6851589331289223	1.261374060548547	1.3941880732415084	0.2561004037344948	0.40173229891429135	0.5889200871387759	0.0	0.0	0.0	1.3941880732415084
473000	-24.638544842380238	-12.54843441401118	-12.090110428369059	0.0	1	1	0	0	0	0	1.4468057044937797	1.740681143998346	0.06361955952934101	0.735534878497525	1.1247718878271642	1.0314866174269575	0.18981079051387492	1.4468057044937797	1.740681143998346	0.0	0.0	0.0	0.0
474000	-20.582259700966866	-12.890353088261678	-7.691906612705188	0.0	1	1	1	0	0	0	0.35434588835337427	0.06489790779763728	0.6675064559480312	0.2494380054799602	0.09108610572765417	0.06469116371710035	0.16934520809627515	0.35434588835337427	0.06489790779763728	0.6675064559480312	0.0	0.0	0.0
475000	-27.20940226390009	-12.681704225513927	-14.52769803838616	0.0	1	1	0	0	1	1	2.164120385477694	1.1748546198066798	1.3645347454175782	0.4338390584848017	0.9828922997277387	0.41091329095113815	0.35397349234687664	2.164120385477694	1.1748546198066798	0.0	0.0	0.9828922997277387	0.41091329095113815
476000	-21.895323053114716	-13.383691281155498	-8.51163177195922	0.0	1	1	0	0	0	0	0.7046725698062418	0.1318503585217954	1.9486885055580403	0.46328590877798054	0.09460789290585271	0.5706383056983133	0.04918041271829012	0.7046725698062418	0.1318503585217954	0.0	0.0	0.0	0.0
477000	-31.280564319798046	-15.510787583309627	-15.769776736488419	0.0	1	1	1	1	0	1	0.5291556135153761	1.8294029181798264	0.5250855916042564	2.5031066784189533	1.3883293159143733	1.01951370570431	0.07994267815319789	0.5291556135153761	1.8294029181798264	0.5250855916042564	2.5031066784189533	0.0	1.01951370570431
478000	-21.028309087330193	-12.109100745231919	-8.919208342098273	0.0	1	1	1	0	0	0	0.6730194397880123	0.40417306500838013	0.03404001248536961	0.046077764182555596	1.3386758964891645	0.2508199978954585	0.16474147145079213	0.6730194397880123	0.40417306500838013	0.03404001248536961	0.0	0.0	0.0
479000	-25.625189541528417	-12.446300636159087	-13.17888890536933	0.0	0	1	0	1	1	1	0.5103583071835119	0.10240594086804201	0.9820302647407283	0.02175175667822816	0.4254915926214308	0.03494603766894816	7.864964933467841	0.0	0.10240594086804201	0.0	0.02175175667822816	0.4254915926214308	0.03494603766894816
480000	-23.941013528141276	-11.51638611526417	-12.424627412877104	0.0	1	0	0	1	1	0	0.2405820637655977	0.2481658052917484	1.0651416917464627	0.2982808280739964	1.888554786095497	0.13963369139186826	1.7669571234236725	0.2405820637655977	0.0	0.0	0.2982808280739964	1.888554786095497	0.0
481000	-22.15173449131841	-12.465285619816008	-9.686448871502403	0.0	1	1	0	0	0	0	0.5290130143029375	0.3698436657988327	0.8235447345926368	0.1400540174559999	0.8128321921263265	0.9662680457362544	0.20930417337337626	0.5290130143029375	0.3698436657988327	0.0	0.0	0.0	0.0
482000	-20.227709215300166	-12.138122785289225	-8.089586430010941	0.0	1	1	0	0	0	0	0.7827220662494504	0.37017729212694	0.928281783878279	0.14362492278492847	0.5313937864628987	0.024210010324873684	0.10022770707937409	0.7827220662494504	0.37017729212694	0.0	0.0	0.0	0.0
483000	-31.06904581320467	-12.317579233964171	-18.7514665792405	0.0	1	1	1	1	0	1	2.4114557783902946	0.6757586994014253	1.652016566859422	1.242641271248615	3.7835036472515697	0.18915231067215993	0.1819597858460707	2.4114557783902946	0.6757586994014253	1.652016566859422	1.242641271248615	0.0	0.18915231067215993
484000	-27.055352985451986	-11.903018790868238	-15.152334194583748	0.0	1	1	1	0	1	1	0.7308391382711527	0.701267716598029	0.02295264870649228	0.6801494350586605	3.398782475872031	0.060087418264333475	0.389808964331685	0.7308391382711527	0.701267716598029	0.02295264870649228	0.0	3.398782475872031	0.060087418264333475
485000	-26.527568788630983	-13.72230776049491	-12.805261028136073	0.0	1	1	0	1	0	0	0.4963437745288505	1.7095971358108575	0.7247935772321011	1.2116874470014596	2.5869923910753303	0.18051266173020286	0.12484486306347976	0.4963437745288505	1.7095971358108575	0.0	1.2116874470014596	0.0	0.0
486000	-28.215265150534076	-11.658415179212252	-16.556849971321824	0.0	1	0	1	1	1	1	0.8097938374328059	0.25600799078767195	0.3302289780228558	1.9751620968764074	1.8780214205763297	0.5856326171751205	1.2485145955134445	0.8097938374328059	0.0	0.3302289780228558	1.9751620968764074	1.8780214205763297	0.5856326171751205
487000	-31.49497485201102	-13.814160462179045	-17.680814389831973	0.0	0	1	1	1	1	1	0.3866475120801743	0.0979982477961597	0.5096334332435426	2.0116444006047667	0.2794551478180266	0.3710237159816431	32.980145959638726	0.0	0.0979982477961597	0.5096334332435426	2.0116444006047667	0.2794551478180266	0.3710237159816431
488000	-30.442517872036078	-11.048651132237872	-19.393866739798206	0.0	0	1	0	0	1	1	3.63447411350986	0.1523455174859556	2.764022114566109	0.14860404766447677	1.5416961791581139	1.930564585385866	3.47681818520128	0.0	0.1523455174859556	0.0	0.0	1.5416961791581139	1.930564585385866
489000	-32.929597111484505	-12.789772573082109	-20.139824538402394	0.0	1	1	1	0	1	0	0.5390647096516473	0.35508301207697185	1.7110947818548112	2.4988451972760526	3.3004998265266017	0.024979097101452057	14.366114741756284	0.5390647096516473	0.35508301207697185	1.7110947818548112	0.0	3.3004998265266017	0.0
490000	-34.25841501475989	-12.276073642107729	-21.982341372652165	0.0	1	1	1	0	1	0	0.7019298429037714	0.02892795006015345	4.535380008420297	0.20598643628334884	0.30371691321196764	1.7784437054267406	184.08576642524798	0.7019298429037714	0.02892795006015345	4.535380008420297	0.0	0.30371691321196764	0.0
491000	-24.66116818407427	-12.016524182939095	-12.644644001135173	0.0	1	1	0	0	1	0	0.35056261164874736	0.24839078779860116	2.7576509519773436	0.5341711437085198	0.24427264368903845	2.1478512371461447	0.19911349522426489	0.35056261164874736	0.24839078779860116	0.0	0.0	0.24427264368903845	0.0
492000	-27.26562214299156	-11.530377427121248	-15.735244715870314	0.0	1	0	1	1	1	0	0.4376155153393335	0.86794172498298	1.975209225315218	0.22025541931193374	1.413210577005278	0.45262716224035404	3.789535373795288	0.4376155153393335	0.0	1.975209225315218	0.22025541931193374	1.413210577005278	0.0
493000	-25.55827281877243	-12.314096042722982	-13.24417677604945	0.0	0	1	0	0	0	1	2.3465749179880406	0.05713610599509547	0.018444896994727292	0.09812693155017675	2.307373891527972	0.3388599443545524	1.5991045019160097	0.0	0.05713610599509547	0.0	0.0	0.0	0.3388599443545524
494000	-34.51267796026585	-13.992235122594483	-20.520442837671368	0.0	1	1	1	0	1	1	0.772233361753263	0.12532409194184355	1.8317638451818214	0.6378743751295457	3.4766276530702083	0.4555760141368751	15.024863419459061	0.772233361753263	0.12532409194184355	1.8317638451818214	0.0	3.4766276530702083	0.4555760141368751
495000	-32.222895244848246	-13.50151485880031	-18.72138038604794	0.0	1	1	1	1	0	1	0.4246929266226145	0.17328851962548295	4.061783245682195	0.2932852747670492	0.3506751643372095	0.5048093589501972	11.080081252579877	0.4246929266226145	0.17328851962548295	4.061783245682195	0.2932852747670492	0.0	0.5048093589501972
496000	-24.70884965762503	-12.747318169810326	-11.961531487814707	0.0	0	1	0	1	1	1	0.18100590882738685	0.19342978428434862	0.3073052339711175	0.48340044011740985	0.08388345198341833	0.8822409674059454	2.2147990632968284	0.0	0.19342978428434862	0.0	0.48340044011740985	0.08388345198341833	0.8822409674059454
497000	-26.23559113177756	-11.277851165985789	-14.95773996579177	0.0	1	0	0	1	1	0	0.06688027772424071	0.32980197018982016	0.9088119651952888	0.6626808020582492	1.2003918113903513	1.244457626085661	12.942565731451726	0.06688027772424071	0.0	0.0	0.6626808020582492	1.2003918113903513	0.0
498000	-30.362753319560937	-12.076641146899888	-18.28611217266105	0.0	1	0	0	1	1	0	0.06490995674731252	2.6163164762277624	1.4034271633332196	0.07803855623108408	0.20331636434913802	6.097114109076785	0.859131452903171	0.06490995674731252	0.0	0.0	0.07803855623108408	0.20331636434913802	0.0
499000	-27.185665532949237	-10.673404992438895	-16.51226054051034	0.0	1	0	0	1	1	0	0.07983711972556116	3.2051444382614385	0.08245930263049253	0.70842656165318	2.1262042206731833	0.7345733494925395	4.945394255734585	0.07983711972556116	0.0	0.0	0.70842656165318	2.1262042206731833	0.0
500000	-28.050846605760203	-12.288850723278042	-15.76199588248216	0.0	1	1	0	1	1	0	1.5017591562968005	1.4972029803577935	0.4927959379709344	2.5332938594582264	1.5777767664707256	0.5276438505413293	0.24565908954684368	1.5017591562968005	1.4972029803577935	0.0	2.5332938594582264	1.5777767664707256	0.0
501000	-29.727645541157333	-12.27496325382376	-17.452682287333573	0.0	1	0	0	1	1	0	0.5583225264906304	1.0161414874133874	0.7254669793231392	1.4690494497201254	2.805581686405369	1.2894997890233793	5.009870108842883	0.5583225264906304	0.0	0.0	1.4690494497201254	2.805581686405369	0.0
502000	-26.731445078689354	-13.210857714878589	-13.520587363810765	0.0	1	1	0	0	0	1	0.6242054191717807	2.072543973825192	1.5794592691474816	0.5590903507234484	0.5149268888474077	1.4293707619077836	0.2910248583088123	0.6242054191717807	2.072543973825192	0.0	0.0	0.0	1.4293707619077836
503000	-26.062279975986243	-14.549807171779374	-11.51247280420687	0.0	1	0	0	1	0	0	0.9249124393851669	0.38423917414818143	0.7962651004151884	1.3725954397866649	0.4152501799171956	1.4908919836954246	0.2275293223865546	0.9249124393851669	0.0	0.0	1.3725954397866649	0.0	0.0
504000	-32.66741118765502	-16.964022893496846	-15.703388294158177	0.0	1	1	0	0	0	0	1.1483885564836305	1.1082088820767684	0.416773759840079	0.2685182751311577	3.7110992259864766	2.0943809889100375	0.5208771022824338	1.1483885564836305	1.1082088820767684	0.0	0.0	0.0	0.0
505000	-33.92931051169476	-13.129357009241884	-20.799953502452876	0.0	1	1	1	1	1	0	1.5338549483734332	0.5251701512741205	0.7329312647484527	5.524194837172323	1.4844226285768471	0.1645166560732133	1.3976303771198249	1.5338549483734332	0.5251701512741205	0.7329312647484527	5.524194837172323	1.4844226285768471	0.0
506000	-27.784200817632257	-13.0685317358576	-14.715669081774656	0.0	1	1	0	0	0	0	1.6661964705375443	2.785341276765564	0.08769027872891123	0.6591826105896702	0.326976017679984	4.256081225774534	0.06886343542430394	1.6661964705375443	2.785341276765564	0.0	0.0	0.0	0.0
507000	-24.482077960587176	-12.662021097455405	-11.820056863131773	0.0	1	1	0	0	0	0	1.352646915748798	1.3687204781724958	0.7772278597610125	1.8254407462187783	0.1223700951816315	0.29678247197142493	0.216110285346508	1.352646915748798	1.3687204781724958	0.0	0.0	0.0	0.0
508000	-22.299416675674387	-14.294858194278415	-8.004558481395971	0.0	1	1	1	1	0	0	1.0618232162719137	0.5999574633992957	0.282768016366879	0.03681124895098287	0.04510676761017436	0.33300351138253875	0.03364059402388118	1.0618232162719137	0.5999574633992957	0.282768016366879	0.03681124895098287	0.0	0.0
509000	-25.987039818816164	-15.461476783972197	-10.52556303484397	0.0	1	1	1	0	0	1	0.9235647613240822	0.15784899747844358	0.0908483614925298	0.07517950751573771	0.8128890367365668	2.2018424026710117	0.06246617870871907	0.9235647613240822	0.15784899747844358	0.0908483614925298	0.0	0.0	2.2018424026710117
510000	-33.30834440993438	-11.935864349768936	-21.372480060165444	0.0	1	1	0	1	1	1	0.27618144229824254	0.9690287894861592	1.5959753943983352	1.188853821324647	0.5477804553720231	6.281377963255313	1.0133484622163882	0.27618144229824254	0.9690287894861592	0.0	1.188853821324647	0.5477804553720231	6.281377963255313
511000	-37.17584901727377	-14.65125590268171	-22.524593114592058	0.0	1	0	1	1	1	0	2.074351379137877	0.43606116881015694	0.1830620941031389	4.377038053232697	3.8593350909289077	1.251630132106396	3.6952293717404525	2.074351379137877	0.0	0.1830620941031389	4.377038053232697	3.8593350909289077	0.0
512000	-25.288092325253572	-12.259276757907763	-13.02881556734581	0.0	1	1	0	0	0	0	0.25373333207400933	0.11641442025120839	1.5026062033160987	2.3646875856796674	2.308159844892994	0.5488030235159272	0.18739484542215917	0.25373333207400933	0.11641442025120839	0.0	0.0	0.0	0.0
513000	-28.600004040176046	-11.850655192098582	-16.749348848077464	0.0	1	1	1	0	0	0	1.200766721448251	0.6066583039713191	4.511451047372062	0.16738387902918075	2.7735104054672868	0.25231294534694665	0.4781827391498318	1.200766721448251	0.6066583039713191	4.511451047372062	0.0	0.0	0.0
514000	-25.29799366758148	-12.048921122698758	-13.249072544882722	0.0	1	1	0	0	0	0	2.0965420397513412	0.8815418109988135	0.6108233111406687	0.21616786799463675	0.03268003794608715	3.8321530035517437	0.13132454520369383	2.0965420397513412	0.8815418109988135	0.0	0.0	0.0	0.0
515000	-27.90159238045287	-11.920747510589289	-15.980844869863578	0.0	1	1	0	0	1	1	0.7508136491379552	0.565264113885878	0.706811560647419	1.7278271399327803	0.08783662610180033	3.8763951096190143	0.46346695203298405	0.7508136491379552	0.565264113885878	0.0	0.0	0.08783662610180033	3.8763951096190143
516000	-30.599184836463735	-12.474867781300306	-18.12431705516343	0.0	1	1	1	1	1	1	1.314295114074253	2.259875527343328	0.1800398515007569	0.5075149574655647	2.194643082464567	0.890973746537601	0.22837369923047746	1.314295114074253	2.259875527343328	0.1800398515007569	0.5075149574655647	2.194643082464567	0.890973746537601
517000	-27.610712395116643	-12.110716778165482	-15.499995616951162	0.0	1	1	1	1	1	1	0.6619814428043723	0.176779043563657	0.021406984828236154	1.3123146671156465	0.9864489038307174	0.23799711970917378	0.8607210240432108	0.6619814428043723	0.176779043563657	0.021406984828236154	1.3123146671156465	0.9864489038307174	0.23799711970917378
518000	-26.04187565693529	-12.393364266550646	-13.648511390384645	0.0	1	1	0	1	1	1	1.8246023644405662	0.4389404062638493	0.5485595607186629	1.007799096869328	0.19543287052755878	0.8801764293903972	0.17413170128176175	1.8246023644405662	0.4389404062638493	0.0	1.007799096869328	0.19543287052755878	0.8801764293903972
519000	-25.367829136042033	-14.19373517310167	-11.174093962940365	0.0	1	1	0	1	0	1	0.03489980795383768	0.4948386423645727	0.34553142905359624	1.1131143329815092	0.03218562782602265	0.6986124225224281	0.5599473371680099	0.03489980795383768	0.4948386423645727	0.0	1.1131143329815092	0.0	0.6986124225224281
520000	-21.511334235962757	-12.995330986595903	-8.516003249366852	0.0	1	1	0	0	0	0	0.49811996849011686	1.2498494019244153	0.07177839746554085	0.043891991507716686	0.29534028675737833	0.8989674243800536	0.11633300203174274	0.49811996849011686	1.2498494019244153	0.0	0.0	0.0	0.0
521000	-26.14953201079376	-14.475527836049626	-11.674004174744134	0.0	1	0	0	1	0	0	0.09919231105626704	0.9713450207777218	0.20448364930518637	1.7869651761036989	0.990986122362071	0.09857947317997778	0.9179266595175027	0.09919231105626704	0.0	0.0	1.7869651761036989	0.0	0.0
522000	-26.226705668756384	-11.009206605408052	-15.217499063348333	0.0	0	1	1	0	0	1	0.19237651642822598	0.15034003570659107	0.46324112269501316	0.08537429889247437	2.5044561169583908	2.2224182685518143	5.063406189898414	0.0	0.15034003570659107	0.46324112269501316	0.0	0.0	2.2224182685518143
523000	-29.31157558644501	-11.434318870600565	-17.877256715844442	0.0	1	1	0	1	1	0	0.12022227854769897	0.09866057266294531	1.0150520107037468	0.5412377416523403	2.048869248291275	2.7591860277652716	9.517008134346833	0.12022227854769897	0.09866057266294531	0.0	0.5412377416523403	2.048869248291275	0.0
524000	-25.100713852523356	-11.85184150463113	-13.248872347892224	0.0	0	1	0	0	0	1	0.3199952762857013	0.1316401676540237	1.8214838710770973	0.23862534125534618	0.11769492715565433	2.4685164319310458	1.7205633741008028	0.0	0.1316401676540237	0.0	0.0	0.0	2.4685164319310458
525000	-23.729322280390047	-11.426540328550132	-12.302781951839915	0.0	0	1	0	0	0	1	0.09761248982221125	0.06360988678183888	0.7384068203973162	0.4314266877454745	0.49504308253700186	1.5646802881201969	3.6786284074300974	0.0	0.06360988678183888	0.0	0.0	0.0	1.5646802881201969
526000	-24.91058192590457	-12.055346152647294	-12.855235773257276	0.0	0	1	1	0	0	1	1.4838266280742378	0.17536525419993468	0.1360502384477983	0.5968768927827856	1.1952112650546114	0.977774519557684	1.3706206928177238	0.0	0.17536525419993468	0.1360502384477983	0.0	0.0	0.977774519557684
527000	-37.24704938613216	-13.200333171378977	-24.046716214753182	0.0	0	1	0	0	0	1	0.18389118735517082	0.2827610644070767	4.77285742025321	3.2815636983255585	3.012507516399433	3.4350927308460175	4.340906222811134	0.0	0.2827610644070767	0.0	0.0	0.0	3.4350927308460175
528000	-27.107876815401443	-12.289850856461516	-14.818025958939927	0.0	0	1	1	0	0	1	2.447732929687816	0.4822752603106601	0.6665762312358727	0.39241068342361857	0.5687348746476865	2.1116779621384887	1.1898057771750419	0.0	0.4822752603106601	0.6665762312358727	0.0	0.0	2.1116779621384887
529000	-23.99232636903831	-11.074234796291723	-12.918091572746588	0.0	0	1	0	0	1	1	0.356533634045714	0.1270596246316164	1.1558222935560198	0.020779173293337283	0.7614717888925993	1.2288780613001085	3.6378346582888477	0.0	0.1270596246316164	0.0	0.0	0.7614717888925993	1.2288780613001085
530000	-20.82135968147121	-12.198407119018734	-8.622952562452477	0.0	1	1	0	0	0	1	0.6007764295681418	0.19697778456522982	0.5297363741858225	1.0031316686233418	0.001202766646517281	0.30630169152809406	0.1365432683798616	0.6007764295681418	0.19697778456522982	0.0	0.0	0.0	0.30630169152809406
531000	-22.245886779667998	-11.792966535738321	-10.452920243929679	0.0	0	1	0	0	1	1	0.5656860446022616	0.0728995074625813	0.20226699051363897	1.0643763630661518	0.30992499563354015	0.20022208996266533	1.0647396645973841	0.0	0.0728995074625813	0.0	0.0	0.30992499563354015	0.20022208996266533
532000	-26.1776465558616	-13.514584210716993	-12.663062345144606	0.0	1	0	1	1	1	0	1.1823523649881418	0.22578766867786598	0.30643839993490396	0.44584071925177265	1.4545901778776968	0.7003951249764223	0.5029740593349965	1.1823523649881418	0.0	0.30643839993490396	0.44584071925177265	1.4545901778776968	0.0
533000	-38.59459550635554	-12.698782779958554	-25.895812726396983	0.0	0	1	1	1	0	1	2.5443980536146	0.09474527886073096	3.8736803326831852	0.9814400639960712	2.7852248868309117	4.0106669048988	12.956248153791526	0.0	0.09474527886073096	3.8736803326831852	0.9814400639960712	0.0	4.0106669048988
534000	-28.76902150792717	-12.212268248627367	-16.556753259299803	0.0	1	1	0	1	1	0	0.13656116004663407	0.09639012773427708	0.7723603439024735	1.674392971345061	1.6565561993012612	3.274011213522622	0.9155714110352455	0.13656116004663407	0.09639012773427708	0.0	1.674392971345061	1.6565561993012612	0.0
535000	-27.808508057219044	-13.067613428434976	-14.740894628784067	0.0	1	0	1	1	0	1	0.6277696999186275	2.564150441245841	1.4737096724921672	0.3256464221463274	0.6889324570189865	0.2637760760148009	0.78835981024675	0.6277696999186275	0.0	1.4737096724921672	0.3256464221463274	0.0	0.2637760760148009
536000	-25.706864126181987	-12.096171067990912	-13.610693058191075	0.0	1	1	1	0	1	0	1.7655984843050598	0.9798836058351946	0.09774938531051032	1.2076222594452646	0.08011408865858481	2.6187312594041345	0.11361054002259122	1.7655984843050598	0.9798836058351946	0.09774938531051032	0.0	0.08011408865858481	0.0
537000	-21.398854637620243	-12.703203488236376	-8.695651149383867	0.0	1	1	0	0	0	0	0.345146970276615	0.27254580488520597	0.4112790765252699	0.26155519237953456	1.3449634588079453	1.1849477761547824	0.06491520761765897	0.345146970276615	0.27254580488520597	0.0	0.0	0.0	0.0
538000	-28.058902274699605	-12.934898478626065	-15.12400379607354	0.0	1	1	0	1	0	0	1.227410760555812	1.779489750268394	2.7729339876452643	2.728707786066227	0.08669697111697833	0.515292260689238	0.14051478026833694	1.227410760555812	1.779489750268394	0.0	2.728707786066227	0.0	0.0
539000	-28.17705805682668	-12.040775281918558	-16.136282774908125	0.0	1	1	1	1	0	1	1.193186853687512	0.735955110356753	0.24766300805277866	1.0500346953386979	1.0712851206547154	2.2546924899774794	0.39976712350788846	1.193186853687512	0.735955110356753	0.24766300805277866	1.0500346953386979	0.0	2.2546924899774794
540000	-27.063664383766536	-12.557989189150398	-14.505675194616138	0.0	1	1	0	0	1	0	0.5153465434513502	0.39883786973477053	1.5712762795461914	1.5232283073849457	2.1195728298982974	0.22781531196027047	1.1909721780456615	0.5153465434513502	0.39883786973477053	0.0	0.0	2.1195728298982974	0.0
541000	-21.346246378761528	-12.415554520431272	-8.930691858330256	0.0	1	1	0	0	1	0	0.5611981338369183	0.73922274776983	0.3666801795762323	0.2871397898740594	0.03499348469873489	1.1496510099814816	0.11255624053706308	0.5611981338369183	0.73922274776983	0.0	0.0	0.03499348469873489	0.0
542000	-28.42592128490783	-12.305201141422073	-16.12072014348576	0.0	1	1	1	0	0	1	0.618872500335204	0.7510867460474306	1.4038283412840897	2.4035731844978163	0.1503715484682392	1.9728559480199632	0.8068851282117007	0.618872500335204	0.7510867460474306	1.4038283412840897	0.0	0.0	1.9728559480199632
543000	-28.639673541531298	-11.333627460884134	-17.306046080647164	0.0	0	1	0	0	1	1	0.2358191396771899	0.2661710964016485	1.6441506311771372	0.3748257765785547	4.053327975469537	0.7619883788674804	7.320083247177936	0.0	0.2661710964016485	0.0	0.0	4.053327975469537	0.7619883788674804
544000	-31.984985070793304	-11.69481097560687	-20.290174095186433	0.0	1	0	1	1	1	0	0.25717165623591154	0.16858020637230936	3.607267036935834	0.25222134126308665	0.14921617966489104	1.9756142453380234	114.09803875369992	0.25717165623591154	0.0	3.607267036935834	0.25222134126308665	0.14921617966489104	0.0
545000	-29.90849017729625	-11.523124452811176	-18.385365724485073	0.0	0	1	1	0	1	1	0.7729565454006921	0.6032687739245958	1.591050979144273	2.1502825247019577	1.3506082307117495	1.4865896254964373	4.032098068760157	0.0	0.6032687739245958	1.591050979144273	0.0	1.3506082307117495	1.4865896254964373
546000	-22.831410711072095	-13.319465700943784	-9.511945010128311	0.0	1	1	0	1	0	0	0.7659262984712255	0.792696157583933	0.050475246673735374	0.14829177922057027	0.7009836355199375	0.28111769945922976	0.30033375023063674	0.7659262984712255	0.792696157583933	0.0	0.14829177922057027	0.0	0.0
547000	-28.606181217425956	-13.307973744154578	-15.298207473271377	0.0	0	1	0	1	0	1	0.16309551999753838	1.4118253904272835	1.0623970662330637	0.3475313329757549	0.5902022346499833	3.7990067261430145	0.9505980371794707	0.0	1.4118253904272835	0.0	0.3475313329757549	0.0	3.7990067261430145
548000	-29.570548378084123	-11.97688035184736	-17.593668026236763	0.0	1	0	1	1	1	1	0.6344192482971801	0.37853385602059303	2.180941162049473	0.8185894782052804	0.0418939132727287	1.550131213852471	4.4246877774899245	0.6344192482971801	0.0	2.180941162049473	0.8185894782052804	0.0418939132727287	1.550131213852471
549000	-24.328383137541298	-11.150378018627165	-13.178005118914133	0.0	0	1	0	0	1	1	0.9253914904100924	0.08763210724023546	0.7824191855518532	0.0468340514969771	0.5098850682954327	1.579663954182092	3.561124242031809	0.0	0.08763210724023546	0.0	0.0	0.5098850682954327	1.579663954182092
550000	-29.79388292080027	-11.737602444633167	-18.056280476167103	0.0	1	1	1	1	1	1	0.6336328283746212	0.31432355092341707	0.02785343671875205	2.3180745010665142	2.4133541338706985	0.5139925496023295	0.6583171320243136	0.6336328283746212	0.31432355092341707	0.02785343671875205	2.3180745010665142	2.4133541338706985	0.5139925496023295
551000	-38.46442411321683	-13.908156463623392	-24.556267649593437	0.0	1	0	1	1	1	0	0.28850722558755426	0.4878949661212914	0.8810952799983186	3.5849025006281976	2.16440728301594	0.4136191514575027	903.113961766124	0.28850722558755426	0.0	0.8810952799983186	3.5849025006281976	2.16440728301594	0.0
552000	-24.988087706333435	-11.304298045860552	-13.683789660472883	0.0	0	1	0	0	1	1	2.0435753538556134	0.09237421903155038	0.17380063639658405	0.09064391248581073	0.16554464917975556	1.9550817467641437	3.276799847052273	0.0	0.09237421903155038	0.0	0.0	0.16554464917975556	1.9550817467641437
553000	-32.34393797504037	-11.65748312724878	-20.68645484779159	0.0	1	0	0	1	1	1	0.08172298520483862	1.7832960315773572	3.415186251104905	2.1721010996439594	0.7107254433219424	0.4163317717258418	21.22619277993883	0.08172298520483862	0.0	0.0	2.1721010996439594	0.7107254433219424	0.4163317717258418
554000	-23.115530832932926	-12.21225249377174	-10.903278339161188	0.0	1	1	0	1	0	0	0.9120960092176017	0.7576435530115755	0.6762939028298243	0.7830188660590408	1.3739842307548622	0.20447497260735437	0.16863920147543623	0.9120960092176017	0.7576435530115755	0.0	0.7830188660590408	0.0	0.0
555000	-35.78921881637716	-15.19430736370463	-20.594911452672527	0.0	1	1	1	0	1	0	1.2256204651142173	2.273476779259937	3.1264733724753473	3.001162915258315	3.925123216377235	0.5974676855147327	0.07496281502681526	1.2256204651142173	2.273476779259937	3.1264733724753473	0.0	3.925123216377235	0.0
556000	-25.832583018834896	-12.080193662314384	-13.75238935652051	0.0	1	0	1	1	0	1	0.1991227241886773	1.0702021512036528	0.8532040322211589	0.6493592958417486	0.8421722524476637	0.6651932808065939	1.5501310061325968	0.1991227241886773	0.0	0.8532040322211589	0.6493592958417486	0.0	0.6651932808065939
557000	-23.205275007301807	-12.23702098102026	-10.96825402628155	0.0	1	1	0	1	0	0	0.9919709493556831	0.7218308472329995	0.49908846269925355	1.7125212803899905	0.02165894925641427	0.5288320261816446	0.22691710670463655	0.9919709493556831	0.7218308472329995	0.0	1.7125212803899905	0.0	0.0
558000	-26.487125351733567	-13.43175912037813	-13.055366231355439	0.0	1	1	0	0	0	1	1.8644793805658846	1.4174073849945754	0.9968612623495655	0.5336267563358029	3.056210832691971	0.279525316295807	0.04643634952936746	1.8644793805658846	1.4174073849945754	0.0	0.0	0.0	0.279525316295807
559000	-23.964085761230077	-15.353193190095208	-8.610892571134869	0.0	1	1	0	0	0	0	0.8944457674361422	0.013516752376172895	1.6997933880909188	0.0387930958286489	1.2850480846654742	0.03966338030389631	0.05127888072193128	0.8944457674361422	0.013516752376172895	0.0	0.0	0.0	0.0
560000	-26.12391645103063	-12.170761304561651	-13.95315514646898	0.0	1	1	1	0	0	1	0.8963851569826127	0.6249774762263857	0.1844936328919679	0.5197691685262307	0.5213745120964745	2.720971943610749	0.5771645234744852	0.8963851569826127	0.6249774762263857	0.1844936328919679	0.0	0.0	2.720971943610749
561000	-27.457896761162054	-12.052192498971829	-15.405704262190227	0.0	1	1	0	0	1	0	0.03953064921693471	0.4488257806941248	1.9738912297979367	0.2270806907990594	2.8362086599035257	0.6126283180673574	3.6378054025680626	0.03953064921693471	0.4488257806941248	0.0	0.0	2.8362086599035257	0.0
562000	-23.810321382524606	-12.03434316500869	-11.775978217515918	0.0	1	1	1	0	0	0	1.132285666027597	0.7947580447091024	1.130335499990799	0.3002116024752251	1.3550049596168943	0.593983085118535	0.22176423508044849	1.132285666027597	0.7947580447091024	1.130335499990799	0.0	0.0	0.0
563000	-29.408155195983106	-15.617571537133344	-13.790583658849762	0.0	0	1	1	1	0	1	1.5257954815140253	0.3809603635395955	0.2997059454958614	0.8467423394765048	0.2697901911977669	0.6126864304577904	2.269973870901267	0.0	0.3809603635395955	0.2997059454958614	0.8467423394765048	0.0	0.6126864304577904
564000	-32.75997325560177	-12.802396028031495	-19.957577227570276	0.0	1	0	1	1	0	1	1.0281027290747267	1.2615777625986495	2.14580719186936	0.7807884800539672	4.827424927292872	0.7466111874093172	1.1417605112834284	1.0281027290747267	0.0	2.14580719186936	0.7807884800539672	0.0	0.7466111874093172
565000	-23.645466551954254	-12.112160514844277	-11.533306037109977	0.0	1	1	0	0	1	0	0.901574407031908	0.4126459797639837	1.812268839306109	1.5133645230941297	0.6007962591318666	0.2624533844797607	0.1428874728718152	0.901574407031908	0.4126459797639837	0.0	0.0	0.6007962591318666	0.0
566000	-31.335791093011338	-12.28775937472026	-19.048031718291078	0.0	1	1	0	0	1	0	5.924225905152628	3.771214360568939	0.07000549212148861	0.9761761013113733	1.1213287807781782	1.5601452939096	0.09524310064151338	5.924225905152628	3.771214360568939	0.0	0.0	1.1213287807781782	0.0
567000	-29.64877888606172	-12.628766952996372	-17.020011933065348	0.0	1	0	0	1	1	0	0.6535169866116873	1.1829421953680903	0.45106224728761674	2.109759303914718	1.9979982868751318	1.348746629357204	3.66858337214846	0.6535169866116873	0.0	0.0	2.109759303914718	1.9979982868751318	0.0
568000	-25.999891079273528	-10.819857703434337	-15.18003337583919	0.0	0	1	1	0	0	1	1.518275875792819	0.07677198859780887	0.6564882786017022	0.2657502028116723	2.0533933655442844	0.8528294591085027	5.921379673671831	0.0	0.07677198859780887	0.6564882786017022	0.0	0.0	0.8528294591085027
569000	-26.705830174498182	-14.934645745453718	-11.771184429044464	0.0	1	1	0	0	0	0	0.7526485057457668	0.23185533973662592	0.7671816299949554	2.914087351730018	0.3574063500859104	0.0533105830237128	0.4010349438936215	0.7526485057457668	0.23185533973662592	0.0	0.0	0.0	0.0
570000	-26.689432723137635	-12.903651182629751	-13.785781540507886	0.0	0	1	0	1	0	1	0.7452787361381079	0.6014173239668323	0.4175891237505981	0.8690862634843817	0.6852373287408179	2.259091548096188	1.2626842996418435	0.0	0.6014173239668323	0.0	0.8690862634843817	0.0	2.259091548096188
571000	-27.964412038240305	-12.860235124743037	-15.104176913497266	0.0	1	1	1	1	0	1	1.5541295892337321	1.1557948456388023	0.19782229817312122	0.27328659429526503	1.3074721476394082	1.0407830089573291	0.39635090913120047	1.5541295892337321	1.1557948456388023	0.19782229817312122	0.27328659429526503	0.0	1.0407830089573291
572000	-27.820979337444488	-12.376692817577975	-15.444286519866512	0.0	0	1	0	0	0	1	0.33687883202048635	0.030913138297858404	0.026245208169381497	1.801778223659069	3.3715275055604716	0.6069534976114659	5.255667998516865	0.0	0.030913138297858404	0.0	0.0	0.0	0.6069534976114659
573000	-22.288187192847673	-12.350435401794451	-9.93775179105322	0.0	1	1	0	0	0	0	0.9032115337407809	0.6198697398659685	0.8312975985309293	0.9653174400917776	0.48350194250781736	0.15735194238782227	0.19559436052894166	0.9032115337407809	0.6198697398659685	0.0	0.0	0.0	0.0
574000	-22.322266837894198	-12.688847491295057	-9.633419346599139	0.0	1	1	1	0	0	0	0.7827649054222175	0.06547725566661135	0.9847501245956825	0.1880153638652441	0.6421968823869112	0.19556689986512174	0.300993784151194	0.7827649054222175	0.06547725566661135	0.9847501245956825	0.0	0.0	0.0
575000	-29.55287230936466	-11.945642416143246	-17.607229893221415	0.0	1	1	0	1	1	0	1.113118221921157	0.24599920059845323	1.6278159001475108	3.111956764453894	2.3376446716961086	0.06183094019995992	1.0769974096094013	1.113118221921157	0.24599920059845323	0.0	3.111956764453894	2.3376446716961086	0.0
576000	-29.21853211943657	-11.697921072203801	-17.52061104723277	0.0	1	0	1	1	1	1	0.3460636225259755	2.165348117157254	1.078885187824031	0.26061489462725423	0.721055605057064	1.3811676845096224	2.9055278376324556	0.3460636225259755	0.0	1.078885187824031	0.26061489462725423	0.721055605057064	1.3811676845096224
577000	-26.731051372579042	-12.500299739632052	-14.23075163294699	0.0	1	1	1	1	1	0	3.1581573537057097	0.6954590090136342	0.3579195427691475	0.7192571343814036	0.7949791673016768	0.10068862803595557	0.12283037593336538	3.1581573537057097	0.6954590090136342	0.3579195427691475	0.7192571343814036	0.7949791673016768	0.0
578000	-23.765708977005108	-11.961150874979925	-11.804558102025183	0.0	0	1	0	0	1	1	0.29769632230444654	0.43091690988246373	0.4038200524324792	0.2572018576881246	0.9584725757016255	1.5779754712607708	0.9081538258242706	0.0	0.43091690988246373	0.0	0.0	0.9584725757016255	1.5779754712607708
579000	-29.13285837890865	-15.332448819185695	-13.800409559722958	0.0	0	1	0	0	1	1	0.04281979147006739	2.5681105683875196	0.1912572815064136	1.2221040482313947	1.1320196128514455	1.8764699697605476	0.2988868485979167	0.0	2.5681105683875196	0.0	0.0	1.1320196128514455	1.8764699697605476
580000	-26.714097087785547	-12.010934874735316	-14.70316221305023	0.0	0	1	0	1	1	1	0.1276282564793037	0.9089727290038037	0.4337736183551893	0.18703838079092167	1.4416217685421633	2.383322302006629	1.2045455198861523	0.0	0.9089727290038037	0.0	0.18703838079092167	1.4416217685421633	2.383322302006629
581000	-24.27282824614211	-11.170202474536994	-13.102625771605116	0.0	1	0	0	1	1	1	0.1793150247167768	0.49416995456863805	1.0176820301551395	0.7269476775351869	1.0375621255811445	0.29892947071942977	1.3679051511654199	0.1793150247167768	0.0	0.0	0.7269476775351869	1.0375621255811445	0.29892947071942977
582000	-25.21862476340165	-11.732816940749924	-13.485807822651726	0.0	0	1	1	0	1	1	0.1318357016410014	0.30146697207299045	1.305544487271228	0.6754883648262595	0.2083642966439725	1.2070943425089466	1.8609542838833246	0.0	0.30146697207299045	1.305544487271228	0.0	0.2083642966439725	1.2070943425089466
583000	-31.135160167418363	-12.745814477588652	-18.38934568982971	0.0	0	1	0	0	1	1	1.6697391161174784	0.49253433394362833	4.493298915699227	0.9150802261846503	0.5565270214617631	2.689055978670996	0.6691328034039016	0.0	0.49253433394362833	0.0	0.0	0.5565270214617631	2.689055978670996
584000	-26.695228855179955	-12.534851796874129	-14.160377058305825	0.0	0	1	0	0	0	1	2.327131278386071	0.3767149132075362	0.3674823584916422	0.48458189803073043	1.3200140709704622	1.868474199524073	0.8252031918763495	0.0	0.3767149132075362	0.0	0.0	0.0	1.868474199524073
585000	-30.901907171457864	-11.160392027658377	-19.74151514379949	0.0	1	0	0	1	1	0	0.31868332877399275	0.7415386935357543	2.111155203085278	2.4282939343769216	3.2090433732853274	0.6654870220639332	9.835050341667806	0.31868332877399275	0.0	0.0	2.4282939343769216	3.2090433732853274	0.0
586000	-37.36325556114585	-15.211523517249159	-22.151732043896686	0.0	1	0	1	1	1	0	0.6088244093425764	0.7733712118741102	0.20625734285121344	2.4357242298581974	1.8607255865029577	3.086254244312474	59.80994013198689	0.6088244093425764	0.0	0.20625734285121344	2.4357242298581974	1.8607255865029577	0.0
587000	-30.168085894235904	-11.166480450752655	-19.00160544348325	0.0	0	1	1	0	1	1	1.1527503722733385	0.6745762084302301	1.6103052266567903	0.6832803294895178	3.1703909084020623	1.2778057460767922	4.039693193557694	0.0	0.6745762084302301	1.6103052266567903	0.0	3.1703909084020623	1.2778057460767922
588000	-24.693463266201974	-12.058656487762653	-12.634806778439323	0.0	1	1	0	1	1	1	1.1150130605687902	0.7178209657501751	0.6998147801131417	0.46663193604653513	0.5696619356685748	0.01012752709108968	0.23575406937160068	1.1150130605687902	0.7178209657501751	0.0	0.46663193604653513	0.5696619356685748	0.01012752709108968
589000	-27.482872693837407	-11.056290144132399	-16.426582549705007	0.0	1	0	1	1	1	1	0.3599238527229032	0.3256081257288646	1.6095541878205302	0.5829408772856061	1.124464918578958	0.47842931109038256	4.23696076983492	0.3599238527229032	0.0	1.6095541878205302	0.5829408772856061	1.124464918578958	0.47842931109038256
590000	-28.926051112232557	-14.27998425093574	-14.646066861296816	0.0	1	0	1	1	0	1	1.2593494128834322	1.2964866292577288	0.166029738163114	1.2191601852977323	0.811472921552052	1.6242686394162913	0.4650475087314279	1.2593494128834322	0.0	0.166029738163114	1.2191601852977323	0.0	1.6242686394162913
591000	-25.12572378053479	-12.595399014810143	-12.530324765724647	0.0	0	1	1	0	0	1	0.56238522280274	0.1605331047353377	0.9950777411857866	0.3819370566596949	0.6177456774088889	0.4514572712513985	3.9938977792473533	0.0	0.1605331047353377	0.9950777411857866	0.0	0.0	0.4514572712513985
592000	-26.713007674598867	-12.310367734163389	-14.402639940435478	0.0	1	1	0	0	0	0	1.0237352442992111	0.6129599404275087	2.4576193811107236	1.2508321850198918	0.3977454977559981	2.694004345625109	0.19336419674758532	1.0237352442992111	0.6129599404275087	0.0	0.0	0.0	0.0
593000	-29.104582476120285	-11.734143180659416	-17.37043929546087	0.0	1	1	1	1	1	1	0.17276442488010665	0.00940849404039905	0.6600293018666346	1.0927636523887831	0.31905444869670563	0.6659199266689527	8.950404714626398	0.17276442488010665	0.00940849404039905	0.6600293018666346	1.0927636523887831	0.31905444869670563	0.6659199266689527
594000	-26.899640461659015	-13.217001779952843	-13.682638681706171	0.0	1	1	0	0	1	1	0.4454845500397623	0.022130353207827563	0.9203687568133739	4.104318004019864	0.4566776674896867	0.0844348455751859	0.2500495897330142	0.4454845500397623	0.022130353207827563	0.0	0.0	0.4566776674896867	0.0844348455751859
595000	-24.93655168725335	-11.580678421687125	-13.355873265566222	0.0	0	1	1	0	1	1	1.2665783293714084	0.29877741314982714	0.1587830426657785	0.5277725556615549	0.6539803911537103	1.1983042455817836	1.2423038147285423	0.0	0.29877741314982714	0.1587830426657785	0.0	0.6539803911537103	1.1983042455817836
596000	-31.073679697067213	-12.15909458952405	-18.91458510754316	0.0	1	1	1	0	1	0	0.5980188207776864	0.32546989445480573	4.480293572992539	2.0684939241170985	0.934107214907907	0.2727252810944068	3.319030296031209	0.5980188207776864	0.32546989445480573	4.480293572992539	0.0	0.934107214907907	0.0
597000	-24.127249336330948	-11.931978189109458	-12.19527114722149	0.0	0	1	0	0	0	1	0.2480742296924443	0.016754851530141994	0.6226554124164734	0.6802564085221959	0.09809357924822205	1.1581472591484723	5.813307049840254	0.0	0.016754851530141994	0.0	0.0	0.0	1.1581472591484723
598000	-25.21725822859028	-12.58023926471942	-12.637018963870858	0.0	1	1	1	0	0	0	0.3089509874520861	0.529024154235079	2.697495571511419	0.5167550565655854	1.0444468368175104	0.25082312473642177	0.5038493243445703	0.3089509874520861	0.529024154235079	2.697495571511419	0.0	0.0	0.0
599000	-24.13490014816289	-12.853708726726618	-11.281191421436272	0.0	1	1	0	0	1	0	0.5840817775178323	0.7535012837676414	2.5121432701279898	1.0227741518398208	0.4691425932345171	0.34751628686512426	0.09215749382516351	0.5840817775178323	0.7535012837676414	0.0	0.0	0.4691425932345171	0.0
600000	-26.918625888187947	-11.957829881527129	-14.960796006660818	0.0	1	0	0	1	1	1	0.2086034431830698	0.20542465337649507	0.9561057831764533	1.3701798341713909	0.8989458764691561	0.3718012722395971	6.7612025177849375	0.2086034431830698	0.0	0.0	1.3701798341713909	0.8989458764691561	0.3718012722395971
601000	-27.04924789614661	-12.467880879237166	-14.581367016909445	0.0	1	1	1	1	0	0	1.969706133969958	1.94721249502041	0.1144765948475749	0.17696707345800855	2.417647146688535	0.4913880884866032	0.20773456894127565	1.969706133969958	1.94721249502041	0.1144765948475749	0.17696707345800855	0.0	0.0
602000	-26.572403532693105	-10.840042383169422	-15.732361149523683	0.0	0	1	1	0	0	1	0.5950752846884645	0.270174119750819	1.7729331773297554	0.2251258077972356	1.0445545111610715	2.435653869527736	4.105548083132609	0.0	0.270174119750819	1.7729331773297554	0.0	0.0	2.435653869527736
603000	-25.786334703983826	-12.143256289325404	-13.643078414658422	0.0	0	1	1	0	0	1	0.7541590437490762	0.40071814560270497	0.8184609231792901	0.36933453062899574	1.2596585427151548	1.6909442296813646	1.4548621118760254	0.0	0.40071814560270497	0.8184609231792901	0.0	0.0	1.6909442296813646
604000	-23.378172995170694	-14.010539487504849	-9.367633507665843	0.0	1	1	1	0	0	0	0.39518625368742644	0.6721593705151043	0.4637728861026308	2.2888452251539757	0.11252920809805557	0.2953032020505296	0.05860882260942599	0.39518625368742644	0.6721593705151043	0.4637728861026308	0.0	0.0	0.0
605000	-28.377231778214533	-13.429056514706982	-14.94817526350755	0.0	1	1	0	0	1	0	0.7178704275153599	1.2137235326038838	0.08273962871224903	1.1539685094039904	2.464400215793331	3.450794935150194	0.121072426674446	0.7178704275153599	1.2137235326038838	0.0	0.0	2.464400215793331	0.0
606000	-26.94992189448886	-13.030659491146626	-13.919262403342234	0.0	1	0	1	1	0	1	0.14639218484403338	0.1201902218269844	0.36364188510318457	0.15310052697215434	0.4151704530469131	1.293702653146088	10.858052300550206	0.14639218484403338	0.0	0.36364188510318457	0.15310052697215434	0.0	1.293702653146088
607000	-30.272671798688833	-12.198426053896192	-18.07424574479264	0.0	1	1	0	1	0	1	5.426513724162966	1.6831039180746379	2.2666019005746154	1.1808255799991285	0.01279844830869313	0.1305806870983348	0.1898132809358466	5.426513724162966	1.6831039180746379	0.0	1.1808255799991285	0.0	0.1305806870983348
608000	-28.344840430190285	-10.996886443400111	-17.347953986790174	0.0	0	1	1	0	0	1	0.5373203337440473	0.21164010011581422	1.056860122020975	4.152006176819828	0.47518659210203706	1.572827836529311	3.9186531081281335	0.0	0.21164010011581422	1.056860122020975	0.0	0.0	1.572827836529311
609000	-27.31318494496957	-11.47896038364149	-15.834224561328082	0.0	1	1	1	0	1	1	0.39098583313153373	0.18623445563809593	0.8860956219852276	0.16856874778349112	1.1954709243124078	2.4973331289383567	1.0095592554520079	0.39098583313153373	0.18623445563809593	0.8860956219852276	0.0	1.1954709243124078	2.4973331289383567
610000	-23.931254770069437	-12.080432066760874	-11.850822703308562	0.0	1	1	0	0	1	0	1.994342830737145	0.5743773497522383	0.4310325573712332	1.3246362547842945	1.1703522561661757	0.07213095300713775	0.18419922629059066	1.994342830737145	0.5743773497522383	0.0	0.0	1.1703522561661757	0.0
611000	-26.35320037085375	-12.12813042902342	-14.22506994183033	0.0	1	1	0	0	1	0	1.1427810815355341	0.9316028032607651	1.7125418265831818	2.0724936675557615	1.4432787664869537	0.6990260849287512	0.1733587799033278	1.1427810815355341	0.9316028032607651	0.0	0.0	1.4432787664869537	0.0
612000	-24.389981490247827	-12.055423524129901	-12.334557966117924	0.0	1	1	1	0	0	0	0.5433847832503352	0.3049794469412003	0.9917912264237345	0.10973000147561467	1.4272753481436495	2.4503748685740137	0.230273305473724	0.5433847832503352	0.3049794469412003	0.9917912264237345	0.0	0.0	0.0
613000	-27.176850727528574	-12.200473733041138	-14.976376994487438	0.0	1	1	1	1	1	0	0.9972747996714512	0.5347778944714183	0.466691256383854	1.3031787967910653	0.5542691047301479	2.0663205353563048	0.23531282155180466	0.9972747996714512	0.5347778944714183	0.466691256383854	1.3031787967910653	0.5542691047301479	0.0
614000	-32.60117940896717	-12.083686092468437	-20.51749331649873	0.0	1	0	1	1	0	1	0.3315780130510684	0.5760522525023906	2.795314046550101	1.3874327836606122	1.1713202104450233	1.1919220108006836	53.550225768978535	0.3315780130510684	0.0	2.795314046550101	1.3874327836606122	0.0	1.1919220108006836
615000	-24.975165320132	-12.625450965056741	-12.349714355075257	0.0	0	1	0	0	0	1	0.5019256643340001	0.057497891009323926	0.14824746644843242	0.6559359343227305	1.4131779138750875	0.6681563331661422	3.6521996912462056	0.0	0.057497891009323926	0.0	0.0	0.0	0.6681563331661422
616000	-27.521651315146066	-12.375030732547284	-15.146620582598782	0.0	0	1	0	0	0	1	0.13087799349670284	0.40304636441569336	0.1537634911435906	0.04022256750212191	4.811325422420781	1.965812073947989	1.0340524106256235	0.0	0.40304636441569336	0.0	0.0	0.0	1.965812073947989
617000	-29.085158250528984	-12.171729645032057	-16.913428605496925	0.0	1	1	1	1	0	0	2.6397276225540334	0.9218544750609962	1.2880786044966943	3.439936161968401	0.5254135265093285	0.12864421127057368	0.34461745096933266	2.6397276225540334	0.9218544750609962	1.2880786044966943	3.439936161968401	0.0	0.0
618000	-27.08368636297036	-15.142366354539686	-11.941320008430674	0.0	1	1	0	1	0	0	0.5948787568976829	0.5986015893838151	0.8700496822584908	0.2860926139411324	0.07029403076634917	5.174280528771713	0.02650701227023661	0.5948787568976829	0.5986015893838151	0.0	0.2860926139411324	0.0	0.0
619000	-30.663816677609674	-13.64776932764058	-17.016047349969092	0.0	1	0	0	1	1	1	0.1687995217803182	0.15723783687357648	0.3774948518602505	1.8585934699656543	0.838590743830544	0.12537220528053045	79.8984642697195	0.1687995217803182	0.0	0.0	1.8585934699656543	0.838590743830544	0.12537220528053045
620000	-26.391594446406273	-13.522247660794648	-12.869346785611624	0.0	1	1	0	1	0	0	0.3938872914883421	1.3074922580142863	2.6123990291095107	1.0769415517509513	1.1988343300365925	0.15783772234128812	0.15663017657144868	0.3938872914883421	1.3074922580142863	0.0	1.0769415517509513	0.0	0.0
621000	-25.493849593890296	-14.135937393904758	-11.357912199985538	0.0	1	1	0	1	0	1	0.8679147776230506	0.032196392015693444	0.5797694178474637	0.1513848452854244	0.4504255528757665	0.9073061715653121	0.5137856762381354	0.8679147776230506	0.032196392015693444	0.0	0.1513848452854244	0.0	0.9073061715653121
622000	-22.034334039111634	-13.488873335016853	-8.54546070409478	0.0	1	1	0	0	0	0	1.0158748830448483	0.07161461701608234	9.157135436743209E-4	0.9025871355346148	1.0935920762140754	0.5250215616020897	0.06897750266372543	1.0158748830448483	0.07161461701608234	0.0	0.0	0.0	0.0
623000	-24.724963940139077	-13.460793878135183	-11.264170062003892	0.0	1	1	0	1	0	1	0.20121719453128617	0.04525175517544565	2.1307297022396536	0.04667528807066586	0.3857090790014298	0.9224652287983475	0.22239765682288498	0.20121719453128617	0.04525175517544565	0.0	0.04667528807066586	0.0	0.9224652287983475
624000	-23.51056817317191	-12.156176667567106	-11.354391505604806	0.0	1	1	0	1	0	0	0.5889736508924629	0.37454237946265784	1.787368149531415	0.6593836820922959	0.9971828080507611	0.45443016086346094	0.22695325445721262	0.5889736508924629	0.37454237946265784	0.0	0.6593836820922959	0.0	0.0
625000	-32.94000090296381	-14.497460261721264	-18.442540641242545	0.0	1	1	1	0	1	1	0.04902568642513872	0.16045942647929867	1.067000224476218	1.8225786755274673	0.646969615033286	0.053004915158355294	59.673922813773316	0.04902568642513872	0.16045942647929867	1.067000224476218	0.0	0.646969615033286	0.053004915158355294
626000	-23.15499874808275	-13.275700473369678	-9.879298274713072	0.0	1	1	0	0	0	1	0.9496905820262489	0.09022728508267146	0.5731265959755178	0.31498319155574045	2.619845567545338	0.0209428862687774	0.06952524570702125	0.9496905820262489	0.09022728508267146	0.0	0.0	0.0	0.0209428862687774
627000	-26.880560281109915	-12.361223993977648	-14.519336287132267	0.0	1	1	0	0	1	1	2.193101290463385	1.654185857896977	0.23308766358801947	2.0853650654319633	0.1750687321997905	1.3198969153455373	0.11334213344174068	2.193101290463385	1.654185857896977	0.0	0.0	0.1750687321997905	1.3198969153455373
628000	-23.506478771270448	-12.190432736810859	-11.316046034459589	0.0	1	1	0	0	0	0	0.4314651319289129	0.3566737805739632	0.3857913452257822	0.26054141082678833	2.971363616196477	1.546616350385549	0.10583818334903425	0.4314651319289129	0.3566737805739632	0.0	0.0	0.0	0.0
629000	-24.24551553240694	-12.175239225301155	-12.070276307105786	0.0	1	0	0	1	1	0	0.15424312129697348	1.0317454402625126	0.19653542931110682	0.20535221089049932	0.4131654359995824	1.927748717371208	1.1813517564019942	0.15424312129697348	0.0	0.0	0.20535221089049932	0.4131654359995824	0.0
630000	-28.04977937552446	-13.639627849379904	-14.410151526144555	0.0	1	0	0	1	0	0	0.3410393011080713	2.1320786093315625	0.7521560518946517	1.284768906703811	2.5474073305947624	0.3774435514031725	0.5310002119302848	0.3410393011080713	0.0	0.0	1.284768906703811	0.0	0.0
631000	-28.909071958244922	-10.970823167129922	-17.938248791115	0.0	1	0	1	1	1	1	0.08505621697016975	1.464406651190097	0.15425533894353943	1.2328400747982757	1.2421228909600117	1.1911553050233563	7.874107432363848	0.08505621697016975	0.0	0.15425533894353943	1.2328400747982757	1.2421228909600117	1.1911553050233563
632000	-27.893668376682008	-13.409241477042345	-14.484426899639661	0.0	1	0	0	1	1	0	0.07889890615118293	0.6444148644818388	0.032482231545303254	0.5895323922588362	0.43434632333144463	0.5746497253390958	60.34314982733318	0.07889890615118293	0.0	0.0	0.5895323922588362	0.43434632333144463	0.0
633000	-27.067670867648907	-12.409868248449158	-14.65780261919975	0.0	1	0	0	1	1	0	0.048041758619414475	0.314568694197379	0.16964892796516373	1.153522586897635	0.6598392532498571	0.5919220514499605	40.826455922496685	0.048041758619414475	0.0	0.0	1.153522586897635	0.6598392532498571	0.0
634000	-25.69536754181331	-13.128853754897658	-12.566513786915651	0.0	1	1	0	0	0	0	1.3498897881571357	2.6692832139517444	0.30722735985827404	1.6379333608826987	0.5715624663211686	1.0255622496831018	0.07392457760392748	1.3498897881571357	2.6692832139517444	0.0	0.0	0.0	0.0
635000	-27.161201536420954	-12.976018442803369	-14.185183093617583	0.0	1	0	1	1	0	0	0.19515678761467278	2.3893195686277067	0.350856941728813	1.474670478549859	1.2291058387646778	0.39943302732636043	1.1874556250069384	0.19515678761467278	0.0	0.350856941728813	1.474670478549859	0.0	0.0
636000	-22.350488960255213	-12.409364562474	-9.941124397781211	0.0	1	1	1	0	0	1	0.4972724101222698	0.32879018828811984	0.9968999781155555	0.11623252101494179	0.5770496373148107	0.10942897958469656	0.17904235649037692	0.4972724101222698	0.32879018828811984	0.9968999781155555	0.0	0.0	0.10942897958469656
637000	-31.035877123598844	-12.633814060736732	-18.402063062862112	0.0	1	1	1	1	0	1	0.35905310037415883	0.13321929585467002	0.8087712316748783	3.487905587748969	2.1640411126963177	0.5402567240356292	1.504857037620182	0.35905310037415883	0.13321929585467002	0.8087712316748783	3.487905587748969	0.0	0.5402567240356292
638000	-22.68548574872841	-13.953975324594024	-8.731510424134388	0.0	1	1	0	0	0	0	0.27584083249328123	0.221916961286616	0.4142794336342689	1.2401716097814086	0.16906517880853236	2.187169689039888	0.03379504253634247	0.27584083249328123	0.221916961286616	0.0	0.0	0.0	0.0
639000	-19.942796446535695	-12.449834210086317	-7.492962236449378	0.0	1	1	0	0	0	0	0.11214334494020249	0.027062521672177077	0.295899856824273	0.3603471085221759	0.9738495373659787	0.5854611882590217	0.08446281771645715	0.11214334494020249	0.027062521672177077	0.0	0.0	0.0	0.0
640000	-30.11448084425419	-13.070951334007384	-17.043529510246806	0.0	0	1	1	1	1	1	0.6422765944745487	0.022175122516973927	0.1713608967550898	1.8173119216906146	0.3540697797899612	0.6049469667136875	18.482068858972372	0.0	0.022175122516973927	0.1713608967550898	1.8173119216906146	0.3540697797899612	0.6049469667136875
641000	-22.8109310591213	-13.004368791547689	-9.806562267573614	0.0	1	1	0	0	1	0	0.7659254046921686	1.0667353039858325	0.7264323332859652	0.08575395071008513	0.6285669554898524	1.0097294954723337	0.08604093827623022	0.7659254046921686	1.0667353039858325	0.0	0.0	0.6285669554898524	0.0
642000	-27.839002733913283	-13.66111818743583	-14.177884546477452	0.0	1	1	1	1	0	0	1.3153778547934516	0.6318857853657476	1.8956153882413065	0.43208700039527204	0.2358189267252061	3.1297833322415163	0.08217129537167689	1.3153778547934516	0.6318857853657476	1.8956153882413065	0.43208700039527204	0.0	0.0
643000	-32.41342541067386	-13.181761161946325	-19.231664248727533	0.0	0	1	0	0	1	1	1.0358777524216891	0.12434101399780106	0.9006521797536567	0.11836866739767134	4.800934397139587	1.037916174973996	24.978163448566896	0.0	0.12434101399780106	0.0	0.0	4.800934397139587	1.037916174973996
644000	-27.908482693449027	-12.86465265243244	-15.043830041016587	0.0	1	0	1	1	0	0	0.3854136166619899	0.029997637553781015	2.2233288737397228	2.9592365182492726	0.07217474726258379	1.2488756034956852	1.1618101845348938	0.3854136166619899	0.0	2.2233288737397228	2.9592365182492726	0.0	0.0
645000	-21.705288590344132	-12.156404946357007	-9.548883643987123	0.0	1	1	0	0	0	0	2.6460553814731833	0.7555200023855513	0.2058388033632143	0.03512721405648456	0.0024085943599792973	0.44501424591317157	0.11643360228322748	2.6460553814731833	0.7555200023855513	0.0	0.0	0.0	0.0
646000	-24.393186836547898	-13.571188607576893	-10.821998228971005	0.0	1	1	1	1	0	0	0.5091568420824694	0.036088428850598736	0.8435094183761921	0.878331848508719	0.0024949580605616597	0.957408406973442	0.23684407825413972	0.5091568420824694	0.036088428850598736	0.8435094183761921	0.878331848508719	0.0	0.0
647000	-29.312098717844506	-14.010582130646197	-15.30151658719831	0.0	1	1	1	1	1	1	1.2862622470918994	1.369160087720348	2.296834044563656	0.33429913556537744	0.11586348928348136	0.2450926780457558	0.07422074262955423	1.2862622470918994	1.369160087720348	2.296834044563656	0.33429913556537744	0.11586348928348136	0.2450926780457558
648000	-23.985546958130772	-12.936809666934767	-11.048737291196005	0.0	1	1	1	0	0	0	0.5614744896313565	0.047018886224603026	0.47540537318838766	1.1492218569376536	0.900781075025063	0.9262002758869496	0.3728660689814515	0.5614744896313565	0.047018886224603026	0.47540537318838766	0.0	0.0	0.0
649000	-24.071548398009362	-11.826205828702122	-12.245342569307242	0.0	0	1	0	0	0	1	2.245342195369358	0.0978968841447966	0.22650519200350003	0.7401120397514037	0.09050405049301184	0.8924814932941796	1.4110686882790722	0.0	0.0978968841447966	0.0	0.0	0.0	0.8924814932941796
650000	-32.992385926134055	-12.51176067685613	-20.480625249277928	0.0	1	1	1	1	1	1	0.6031852152468178	1.0889109305720437	1.8405119271834838	3.04230831192836	1.724134571307558	0.20656726333106795	0.757243907813171	0.6031852152468178	1.0889109305720437	1.8405119271834838	3.04230831192836	1.724134571307558	0.20656726333106795
651000	-27.840744219316555	-14.113609947469955	-13.727134271846598	0.0	1	1	1	1	0	1	0.3415401672158255	1.790799106853483	0.1812838898153717	0.8363057484326911	1.4071556196863477	0.5766832623296034	0.14841964133482097	0.3415401672158255	1.790799106853483	0.1812838898153717	0.8363057484326911	0.0	0.5766832623296034
652000	-21.432465824714217	-13.799456296333739	-7.633009528380478	0.0	1	1	0	0	0	0	0.29934279938282193	0.5274972076990025	0.7429577639832365	0.13739406247408503	1.092728850534052	0.3007089659387045	0.046059066491949026	0.29934279938282193	0.5274972076990025	0.0	0.0	0.0	0.0
653000	-25.772092428685035	-14.116992555302742	-11.655099873382294	0.0	1	1	0	0	0	0	0.4073482518791895	2.2505010861460266	2.58957792498989	0.6138259419484146	0.23399778418755082	0.20855251398874194	0.10454340167284254	0.4073482518791895	2.2505010861460266	0.0	0.0	0.0	0.0
654000	-28.481354344312393	-12.826647979981585	-15.654706364330808	0.0	1	0	1	1	1	1	1.2196675865279631	0.42247811788458317	1.533004007353738	2.0938560024191335	0.21328109461484857	0.12366168243977978	0.6367665367485503	1.2196675865279631	0.0	1.533004007353738	2.0938560024191335	0.21328109461484857	0.12366168243977978
655000	-27.37793966854499	-11.775859950602532	-15.602079717942456	0.0	1	0	0	1	1	0	0.7815418069893657	0.13295145033839806	1.5917674584817423	1.757973440234959	2.130682953585635	0.9639317148547676	1.3078433843457964	0.7815418069893657	0.0	0.0	1.757973440234959	2.130682953585635	0.0
656000	-26.581639165246536	-13.104992671993292	-13.476646493253245	0.0	1	1	0	0	1	1	2.7372999525598494	0.7286552062923872	1.6863755401162788	1.3274362945320397	0.11554916367899179	0.6044518291973523	0.06331526548447769	2.7372999525598494	0.7286552062923872	0.0	0.0	0.11554916367899179	0.6044518291973523
657000	-26.768333971561624	-14.995047313884514	-11.773286657677112	0.0	1	0	1	1	0	1	1.6152715739113035	1.106424208341737	0.4178900215997672	0.5852124079258758	0.3443469731954292	0.12634659401528073	0.2327989948019246	1.6152715739113035	0.0	0.4178900215997672	0.5852124079258758	0.0	0.12634659401528073
658000	-26.536285820923855	-11.315076635705134	-15.22120918521872	0.0	0	1	0	0	1	1	0.6908389844701855	0.45825066198174735	1.5322261012082403	0.9962338156684498	1.539135184238039	1.6737875952540824	1.4273982436161272	0.0	0.45825066198174735	0.0	0.0	1.539135184238039	1.6737875952540824
659000	-31.1591962961544	-12.942548383988575	-18.216647912165826	0.0	1	0	0	1	1	0	0.13536210176508046	0.8001189317808562	0.4969433444336713	2.2790544398759964	0.6001095517780927	2.505366280157736	29.944224092132888	0.13536210176508046	0.0	0.0	2.2790544398759964	0.6001095517780927	0.0
660000	-28.238708550700547	-11.291764343014684	-16.946944207685863	0.0	1	1	1	1	0	1	0.06500290864200553	0.3579391391939711	1.0183149707718488	0.30123744466171626	0.10891497570960784	3.4982880826536373	2.993154685647025	0.06500290864200553	0.3579391391939711	1.0183149707718488	0.30123744466171626	0.0	3.4982880826536373
661000	-24.214004542188476	-13.520790288706129	-10.693214253482346	0.0	1	1	1	0	1	0	1.2478898260379137	0.4964278083070705	0.27502064579743213	1.1194231208756782	0.611996269217232	0.7148873315381735	0.060266168868783235	1.2478898260379137	0.4964278083070705	0.27502064579743213	0.0	0.611996269217232	0.0
662000	-31.623501432926936	-16.77710735010853	-14.846394082818405	0.0	1	1	0	0	0	1	0.8265748470872181	1.0811628864308822	4.634097535539934	0.4615330745371275	1.6377823334093107	1.9416555321358067	0.024380725682389703	0.8265748470872181	1.0811628864308822	0.0	0.0	0.0	1.9416555321358067
663000	-26.176101794255626	-13.636720442939737	-12.539381351315889	0.0	1	0	0	1	1	0	0.29366353271502066	0.23826261347152308	1.2491758691554924	0.9156834828105761	0.7166357433973379	2.285713176725324	0.3214152352369194	0.29366353271502066	0.0	0.0	0.9156834828105761	0.7166357433973379	0.0
664000	-25.003932367567774	-14.008743309808173	-10.995189057759601	0.0	1	0	1	1	0	0	0.0545041654038172	1.0717118464275064	0.15622786501986402	0.09494085569014447	0.7824579402549658	1.909810111594839	0.3500513665040525	0.0545041654038172	0.0	0.15622786501986402	0.09494085569014447	0.0	0.0
665000	-28.685038540564246	-11.340029125788561	-17.345009414775685	0.0	0	1	1	0	1	1	0.16494994818795308	0.5141461866268373	0.5674131772231754	3.1565906456448554	1.7538989164326468	1.7351802077673892	1.518989039604503	0.0	0.5141461866268373	0.5674131772231754	0.0	1.7538989164326468	1.7351802077673892
666000	-27.248326307754297	-12.729428238784962	-14.518898068969335	0.0	1	1	1	1	0	1	1.1372907772887626	0.8240890422939307	1.8937738306027194	0.129226302337195	1.3941242556193556	0.5720182299751273	0.14475338240345917	1.1372907772887626	0.8240890422939307	1.8937738306027194	0.129226302337195	0.0	0.5720182299751273
667000	-27.744905946491823	-13.645671936877443	-14.09923400961438	0.0	1	0	0	1	1	1	0.5517819955790814	0.2530021143928345	0.8772781468878814	1.6148125599088943	0.870090631234592	1.6184459684630068	0.4862321525936634	0.5517819955790814	0.0	0.0	1.6148125599088943	0.870090631234592	1.6184459684630068
668000	-25.585570446244713	-11.009221555754905	-14.576348890489808	0.0	1	0	0	1	1	0	0.08955665683609718	1.2454553112856712	0.15691490189777954	1.5234554618145137	2.062577302151648	0.2473494116588966	3.5784309344607643	0.08955665683609718	0.0	0.0	1.5234554618145137	2.062577302151648	0.0
669000	-28.94001014136084	-10.965980213170592	-17.974029928190248	0.0	1	0	0	1	1	1	0.2710143262838541	0.12303133733436794	1.1996608199100323	1.5172187691988657	3.0452652353554415	1.0054510356710904	5.897808234354784	0.2710143262838541	0.0	0.0	1.5172187691988657	3.0452652353554415	1.0054510356710904
670000	-28.097626254316566	-11.137349951591881	-16.960276302724687	0.0	1	0	1	1	1	1	0.17833422239490943	0.35087103017939814	0.2093198235363059	1.4313442318268073	1.5349552802243902	0.4597999933446827	9.865592834017898	0.17833422239490943	0.0	0.2093198235363059	1.4313442318268073	1.5349552802243902	0.4597999933446827
671000	-23.50988135257917	-11.916799310028312	-11.593082042550858	0.0	1	1	1	0	0	0	0.44775102610829526	0.15952544518211845	0.9056344334431977	0.1110666493129289	2.2702873471549987	0.6500409482006932	0.3959932637325138	0.44775102610829526	0.15952544518211845	0.9056344334431977	0.0	0.0	0.0
672000	-32.67909264202469	-11.572810888462351	-21.10628175356234	0.0	0	1	1	0	1	1	1.0062536467186713	0.3382098705911825	1.1090010241898156	2.1911979692598957	4.415272782744849	2.072810015558234	2.555466606711189	0.0	0.3382098705911825	1.1090010241898156	0.0	4.415272782744849	2.072810015558234
673000	-34.11592725190675	-12.887218863528974	-21.228708388377775	0.0	1	0	1	1	1	0	0.8570837800622876	2.4920211739333213	3.392361360875318	2.5903350135336862	0.2934176615833644	1.444165582144379	3.0761750162317023	0.8570837800622876	0.0	3.392361360875318	2.5903350135336862	0.2934176615833644	0.0
674000	-26.91713638045001	-12.579234166979726	-14.337902213470283	0.0	1	1	0	0	0	0	2.3613831230067928	0.29757916430122616	0.6690972734864356	3.077337008662805	1.8782536353639083	0.3594457735379901	0.1474387879146636	2.3613831230067928	0.29757916430122616	0.0	0.0	0.0	0.0
675000	-24.672069539030428	-12.70025817032774	-11.971811368702689	0.0	1	1	0	0	0	1	2.2539688220160152	0.23203015660788762	1.7881565502970234	0.8157215489609827	0.23319290951695637	0.510293656700779	0.1592371316472702	2.2539688220160152	0.23203015660788762	0.0	0.0	0.0	0.510293656700779
676000	-27.796760875630024	-11.888213966909449	-15.908546908720576	0.0	1	1	0	0	0	1	0.09841262709304524	0.6410862489286208	0.3357322219486943	1.0984459336032069	0.47412372742563197	5.1563665025351595	1.1383262245906518	0.09841262709304524	0.6410862489286208	0.0	0.0	0.0	5.1563665025351595
677000	-22.86729497958521	-12.281381858419024	-10.585913121166184	0.0	1	1	1	0	0	1	0.11933300785323571	0.1871976545178155	0.11320996701289099	1.749520171256394	0.20230205156354958	0.32183242197494094	0.3189795957027973	0.11933300785323571	0.1871976545178155	0.11320996701289099	0.0	0.0	0.32183242197494094
678000	-30.042976864747096	-12.915477769194672	-17.127499095552427	0.0	1	1	1	0	1	1	0.8504668821368468	2.3452519825372184	0.41549243387602036	1.250700400358459	0.37148734274869843	2.9437066571777173	0.2121649780422778	0.8504668821368468	2.3452519825372184	0.41549243387602036	0.0	0.37148734274869843	2.9437066571777173
679000	-27.99063513898657	-10.713517537924565	-17.277117601062006	0.0	1	1	1	0	1	0	0.17742306051898973	0.13950096801872516	0.8479512460985211	0.5333308063993044	2.66702185187772	2.8643456392384183	2.751428797953982	0.17742306051898973	0.13950096801872516	0.8479512460985211	0.0	2.66702185187772	0.0
680000	-28.133750912341135	-12.107711366021597	-16.026039546319538	0.0	0	1	1	0	0	1	2.2454118188620042	0.07306954290200827	2.1644869391977037	0.6231108468596076	0.3826042588525079	0.6693940724021382	6.615557113106758	0.0	0.07306954290200827	2.1644869391977037	0.0	0.0	0.6693940724021382
681000	-23.848294626564932	-12.142069155736767	-11.706225470828166	0.0	1	1	0	1	0	1	0.9441173403627673	0.405217147331534	0.3165944853257518	1.0572333848699942	1.0659166629975139	0.3238600510942477	0.2364362898789402	0.9441173403627673	0.405217147331534	0.0	1.0572333848699942	0.0	0.3238600510942477
682000	-26.057763530631853	-12.110373252490078	-13.947390278141775	0.0	1	1	0	1	0	0	2.4450023373288197	1.886773118461105	1.4007142370647665	0.1736390310973478	1.4313446874889384	0.6448258241982416	0.13387274207034996	2.4450023373288197	1.886773118461105	0.0	0.1736390310973478	0.0	0.0
683000	-32.24313182427187	-13.05529927025677	-19.1878325540151	0.0	0	1	0	0	1	1	6.740686559917157	0.8733836112275921	0.6600086760276264	0.4266779316960917	1.9564845890736022	0.7843790077066999	0.7956276382568951	0.0	0.8733836112275921	0.0	0.0	1.9564845890736022	0.7843790077066999
684000	-27.99599769398905	-11.064780397180147	-16.931217296808903	0.0	0	1	1	1	1	1	0.1051948418386333	0.2900991791947003	0.4437692175013321	1.3754354129836444	1.4658861148749256	1.6765333496370247	2.9253825960232915	0.0	0.2900991791947003	0.4437692175013321	1.3754354129836444	1.4658861148749256	1.6765333496370247
685000	-24.079409625615178	-12.450212043217519	-11.629197582397657	0.0	0	1	0	0	1	1	0.19895716248628983	0.6802339915128935	0.014734453396677873	0.5858994825126216	0.782590788632753	1.5506992814161114	0.8532169242341423	0.0	0.6802339915128935	0.0	0.0	0.782590788632753	1.5506992814161114
686000	-24.814896550683123	-13.977612217822942	-10.837284332860179	0.0	1	0	1	1	0	0	0.2698681869608738	0.04246480804024111	1.4508084910718795	0.535242268988419	0.5996509300056048	0.7991070912559123	0.433901294222525	0.2698681869608738	0.0	1.4508084910718795	0.535242268988419	0.0	0.0
687000	-22.364254630835365	-12.224618365556886	-10.13963626527848	0.0	1	1	0	0	0	0	1.1952665421189101	0.6694341525886457	0.10947164549013404	1.3949366959457994	0.23683445038410716	0.6289550122469172	0.1819114914929315	1.1952665421189101	0.6694341525886457	0.0	0.0	0.0	0.0
688000	-27.74108959805472	-13.966510078169303	-13.774579519885418	0.0	1	1	0	1	1	1	0.7423912133652754	0.5500260755591474	2.0617315152484994	0.3060633589392377	1.684578710277824	0.32500372337119343	0.09101556287596028	0.7423912133652754	0.5500260755591474	0.0	0.3060633589392377	1.684578710277824	0.32500372337119343
689000	-25.317633436271926	-13.501460987603194	-11.816172448668734	0.0	1	1	1	0	0	1	0.5626546067808246	0.21038845973878784	0.9427173037108084	0.25713714613673094	0.7808891618682037	0.06013851326518706	0.9680828136275024	0.5626546067808246	0.21038845973878784	0.9427173037108084	0.0	0.0	0.06013851326518706
690000	-25.082548974418902	-14.950345038451774	-10.132203935967128	0.0	1	0	0	1	0	0	0.19970345822396635	0.1302000619006332	0.8345321413802825	0.6420674713776588	0.3416627922919525	0.10694185167566626	1.3086157152784794	0.19970345822396635	0.0	0.0	0.6420674713776588	0.0	0.0
691000	-26.59393589166108	-12.776009775393984	-13.817926116267095	0.0	0	1	0	0	0	1	0.18765347548633554	0.012804695751206388	2.3481222117927723	1.6642708802242439	1.5906662535792813	0.24981530025450624	1.1694034521360632	0.0	0.012804695751206388	0.0	0.0	0.0	0.24981530025450624
692000	-25.317477538222768	-11.584536713389241	-13.732940824833525	0.0	0	1	0	0	1	1	2.1771341968022266	0.09845755456060308	0.21558294808132933	0.3729660434200112	1.2936677426145347	0.21949534405933316	3.9718518838196304	0.0	0.09845755456060308	0.0	0.0	1.2936677426145347	0.21949534405933316
693000	-28.89048296972519	-13.273382688044828	-15.617100281680365	0.0	1	1	1	0	0	0	1.1026884625796027	1.2604684190033373	0.5276784354550355	2.4162237048082824	1.5389361930214844	1.8839588513844672	0.3368590603202092	1.1026884625796027	1.2604684190033373	0.5276784354550355	0.0	0.0	0.0
694000	-23.73048861042826	-12.217204287099117	-11.513284323329142	0.0	1	1	0	1	0	0	1.2205071277541084	0.8920557675177442	0.4223079673836128	1.6780822257534467	0.6734286410407913	0.2533386420531852	0.20148275127285653	1.2205071277541084	0.8920557675177442	0.0	1.6780822257534467	0.0	0.0
695000	-28.93953868761067	-13.111585282358735	-15.827953405251936	0.0	1	0	1	1	0	1	0.7142424019900977	0.5832929301676762	1.7901528729659155	0.4116347863305691	0.8149929661383845	0.8781334510135538	4.945473013679394	0.7142424019900977	0.0	1.7901528729659155	0.4116347863305691	0.0	0.8781334510135538
696000	-27.56856222541374	-11.782059001528971	-15.786503223884768	0.0	0	1	0	1	1	1	1.897861838399962	0.22194684752495672	1.174895674483185	0.3572715999965611	1.2647960596926384	1.5719066020073105	1.300959882882498	0.0	0.22194684752495672	0.0	0.3572715999965611	1.2647960596926384	1.5719066020073105
697000	-23.994339683441588	-12.331486575010628	-11.662853108430959	0.0	1	1	0	1	0	0	0.9085732922836566	0.42926677551317177	2.2243430714224264	0.38067873209820363	0.3807971662985476	0.7728704588260734	0.24435289607792987	0.9085732922836566	0.42926677551317177	0.0	0.38067873209820363	0.0	0.0
698000	-24.43074946722904	-12.880071365046508	-11.550678102182532	0.0	1	1	0	0	1	0	0.017408798051255957	0.12619662891580943	0.5884082736149735	0.3298317262715374	0.4722517011345599	1.5566364047033479	1.6241644161683877	0.017408798051255957	0.12619662891580943	0.0	0.0	0.4722517011345599	0.0
699000	-25.278590046770333	-11.852723348287823	-13.425866698482508	0.0	0	1	0	0	0	1	0.9776137190767122	0.25066462177995147	0.15130370876639798	0.6748151593090811	0.9387381803792857	2.514118194228147	1.364069999189077	0.0	0.25066462177995147	0.0	0.0	0.0	2.514118194228147
700000	-29.085679013238376	-11.005447479983554	-18.080231533254825	0.0	1	0	1	1	1	1	0.2240582649571077	0.026008012438375753	0.7420473319749299	1.92701975333904	1.0546777437544808	1.5729912780631392	7.605189481756573	0.2240582649571077	0.0	0.7420473319749299	1.92701975333904	1.0546777437544808	1.5729912780631392
701000	-33.54979313295627	-12.370377462298077	-21.179415670658194	0.0	1	1	1	1	1	0	0.1633971046570933	0.360545016759859	2.0816747184686064	0.5055207666685249	1.4530969636416489	5.251731401207321	2.370072624581624	0.1633971046570933	0.360545016759859	2.0816747184686064	0.5055207666685249	1.4530969636416489	0.0
702000	-26.411646816131572	-14.091910519726026	-12.319736296405544	0.0	1	1	0	0	1	1	1.1210506615784892	0.8613210383886392	0.6775951557862043	2.355389477305786	0.6847465099879223	0.5586386971568188	0.05101087917567555	1.1210506615784892	0.8613210383886392	0.0	0.0	0.6847465099879223	0.5586386971568188
703000	-25.469446579293866	-11.02987218759281	-14.439574391701058	0.0	1	0	0	1	1	0	0.07108071157773371	0.1611024248846545	1.3752179969074074	0.5325770082614473	2.1374200362432876	0.24322289278523776	6.959599454536622	0.07108071157773371	0.0	0.0	0.5325770082614473	2.1374200362432876	0.0
704000	-27.372728126512754	-17.880009669120437	-9.49271845739232	0.0	1	0	0	1	1	0	1.9011716946169253	1.3105414664929573	0.005591518225562928	0.11115270514546358	0.593705561808891	0.029085528728262325	0.08760962504628832	1.9011716946169253	0.0	0.0	0.11115270514546358	0.593705561808891	0.0
705000	-20.549833257313267	-12.370991378959353	-8.178841878353914	0.0	1	1	1	0	0	0	0.2566027816117614	0.32370069294287074	0.03425034082104954	0.27767144818188993	1.0639808758409726	0.36236509546149537	0.12053952228280772	0.2566027816117614	0.32370069294287074	0.03425034082104954	0.0	0.0	0.0
706000	-28.092756476154467	-10.872740953818159	-17.220015522336308	0.0	0	1	1	0	1	1	1.6265835873291175	0.34461362402355683	1.0863000652020063	1.2720829899703758	0.7428035552224942	2.037061030862287	2.9300844224375977	0.0	0.34461362402355683	1.0863000652020063	0.0	0.7428035552224942	2.037061030862287
707000	-27.8011640429228	-13.011458908019707	-14.789705134903091	0.0	1	1	0	1	0	1	1.6921899460821332	1.0646590652708838	0.5785699212824559	2.1177229584006807	0.17768793890053142	0.7862505339964	0.5156961500015907	1.6921899460821332	1.0646590652708838	0.0	2.1177229584006807	0.0	0.7862505339964
708000	-30.53442445200066	-14.355299939329669	-16.17912451267099	0.0	1	1	1	0	0	0	0.25768510438344056	0.4779779072310954	2.0224367833046397	1.8430122265842888	1.2485870658716895	2.0012198006889212	1.423791289802727	0.25768510438344056	0.4779779072310954	2.0224367833046397	0.0	0.0	0.0
709000	-27.09370230349579	-14.068559019665228	-13.025143283830559	0.0	0	1	0	0	0	1	2.1427777401625776	0.07900587288650321	1.0969977880811903	0.2208909641113632	1.34488093790333	0.22660939681880454	1.3577677859661619	0.0	0.07900587288650321	0.0	0.0	0.0	0.22660939681880454
710000	-25.724719392639276	-12.32780590071005	-13.396913491929226	0.0	1	1	0	1	0	1	1.5601080726502	1.255140149178574	2.272211918076007	0.4418902728447603	0.07252013444327894	0.23916553806136476	0.2277482932888703	1.5601080726502	1.255140149178574	0.0	0.4418902728447603	0.0	0.23916553806136476
711000	-25.296367901892374	-11.040816950631404	-14.255550951260972	0.0	1	0	0	1	1	0	0.08930550746325737	2.840319107594953	0.5450624978073514	0.17543275019258814	1.162541011423574	0.4347752069173821	2.808153985340404	0.08930550746325737	0.0	0.0	0.17543275019258814	1.162541011423574	0.0
712000	-25.50687490042297	-11.595652360847991	-13.911222539574979	0.0	1	0	1	1	1	0	0.3205376672031606	1.5274215014190644	0.7596700782632806	0.21998214798918905	1.59690379776476	0.08595396780227417	1.441945215558436	0.3205376672031606	0.0	0.7596700782632806	0.21998214798918905	1.59690379776476	0.0
713000	-24.25004864913925	-11.4228430796961	-12.827205569443148	0.0	0	1	0	0	0	1	0.2726385436398257	0.10555820403012547	1.5260655971655837	0.06679900847681662	0.00401521404534103	2.107388094881245	3.1132794736270752	0.0	0.10555820403012547	0.0	0.0	0.0	2.107388094881245
714000	-22.77846331495487	-12.94704393308151	-9.83141938187336	0.0	1	1	1	0	0	0	1.8204054452210656	0.5473802835617383	0.9043534760922054	0.013952324127628132	0.3107365044136532	0.8169366199766268	0.07739807392144203	1.8204054452210656	0.5473802835617383	0.9043534760922054	0.0	0.0	0.0
715000	-29.15329273520598	-12.250160814699269	-16.90313192050671	0.0	0	1	1	1	1	1	0.45402983220039567	0.8947357272333117	0.609574305659204	0.09227234538497438	2.222397057044474	0.9992880393325652	3.0951839155017136	0.0	0.8947357272333117	0.609574305659204	0.09227234538497438	2.222397057044474	0.9992880393325652
716000	-28.122526762317257	-11.129578672015427	-16.99294809030183	0.0	0	1	1	0	1	1	1.611198061544195	0.48728718571001745	0.2279285116593172	1.4479003498586036	2.2141804804580323	1.189491364501333	2.181202716481941	0.0	0.48728718571001745	0.2279285116593172	0.0	2.2141804804580323	1.189491364501333
717000	-28.537547018775072	-13.237067535440035	-15.300479483335039	0.0	0	1	0	0	1	1	0.7815160940819211	0.06479246718252307	0.9018804251703598	0.8682561394327317	2.6846723961201113	1.02898031331692	2.704346359361367	0.0	0.06479246718252307	0.0	0.0	2.6846723961201113	1.02898031331692
718000	-27.158489724929993	-11.320559543059604	-15.83793018187039	0.0	0	1	1	0	0	1	0.9959800515925643	0.06496545976947424	0.9500989371863346	1.9301159955535974	0.4380410147475543	0.9438442995240982	12.566530988571728	0.0	0.06496545976947424	0.9500989371863346	0.0	0.0	0.9438442995240982
719000	-22.49974704745633	-12.408618205548843	-10.09112884190749	0.0	1	1	0	0	1	1	0.31790512207326804	0.4511534773837921	1.0711998161835803	1.0789181949435678	0.05615678959576449	0.03988482289516768	0.14087609798920256	0.31790512207326804	0.4511534773837921	0.0	0.0	0.05615678959576449	0.03988482289516768
720000	-26.43457318194281	-11.199159538391475	-15.235413643551336	0.0	1	0	1	1	1	0	0.18293619963372007	0.12913208091737177	1.9216190342172697	0.3154088778003078	0.36999150528275904	0.7619983120803545	12.31525620235966	0.18293619963372007	0.0	1.9216190342172697	0.3154088778003078	0.36999150528275904	0.0
721000	-24.14460529116792	-11.260734512763104	-12.883870778404814	0.0	0	1	1	0	0	1	0.5326316647026108	0.19224424866854098	0.6018672341476938	0.23004700978120377	0.9391613620937858	1.3268879142113925	2.960458958004135	0.0	0.19224424866854098	0.6018672341476938	0.0	0.0	1.3268879142113925
722000	-25.715258704367876	-14.446952225526694	-11.268306478841183	0.0	0	1	0	1	0	1	0.3765753737264802	1.4362342395806622	0.04875974877846981	0.138511856414591	0.302831995720411	1.79378519427443	0.44777917350813345	0.0	1.4362342395806622	0.0	0.138511856414591	0.0	1.79378519427443
723000	-31.202780294989573	-12.465638615925366	-18.737141679064205	0.0	1	1	1	0	1	1	0.42309296854481937	1.0694515750127618	0.472496544583862	2.100726275335355	3.112475323588711	0.5949639645839772	1.5900838982418815	0.42309296854481937	1.0694515750127618	0.472496544583862	0.0	3.112475323588711	0.5949639645839772
724000	-27.852704333101485	-11.607953444920064	-16.24475088818142	0.0	1	0	0	1	1	0	0.194954745833731	1.621761196172725	1.4630044448322617	2.624761393534733	1.0511075323567374	0.5886692269160124	2.065433918774473	0.194954745833731	0.0	0.0	2.624761393534733	1.0511075323567374	0.0
725000	-25.33255561106796	-10.865691759113336	-14.466863851954626	0.0	1	0	0	1	1	0	0.08895217295314356	0.753954888614136	0.9226001627826161	0.6251983037348747	1.1435393326123966	1.1165676060189462	6.28266712810669	0.08895217295314356	0.0	0.0	0.6251983037348747	1.1435393326123966	0.0
726000	-30.633428476904573	-12.778509829579978	-17.854918647324595	0.0	1	0	1	1	0	1	0.4455807606679316	0.88926750303352	1.6982025657997368	0.4047376988640972	1.1948659269105564	0.7292354443794398	30.933589129213036	0.4455807606679316	0.0	1.6982025657997368	0.4047376988640972	0.0	0.7292354443794398
727000	-25.64095329576017	-13.835766763345687	-11.805186532414481	0.0	0	1	0	0	0	1	0.2007480765853945	0.8709703737881602	0.6478036453667103	0.3264244454326883	0.9463103401528804	2.065954012910485	0.42257219558862297	0.0	0.8709703737881602	0.0	0.0	0.0	2.065954012910485
728000	-29.780146672490115	-12.459781251062093	-17.320365421428022	0.0	0	1	0	0	0	1	1.170817050979525	0.233356904920967	0.2041347391454642	2.255817545195448	0.2700181792692806	5.2196256155903855	1.4310895713979357	0.0	0.233356904920967	0.0	0.0	0.0	5.2196256155903855
729000	-27.860167863299615	-13.80106927885864	-14.059098584440974	0.0	1	1	1	0	1	0	0.2934169852177641	1.327230477240422	0.3884592174040528	1.1553061741294768	0.7815712675305969	2.156418020041054	0.3401371087875674	0.2934169852177641	1.327230477240422	0.3884592174040528	0.0	0.7815712675305969	0.0
730000	-30.476891475885175	-11.177969367745016	-19.29892210814016	0.0	1	1	1	1	1	0	0.947979400467728	0.12259710386829328	1.2315957279481078	2.3787678723648185	3.4741964469506645	0.02556604874405749	1.8551403962607076	0.947979400467728	0.12259710386829328	1.2315957279481078	2.3787678723648185	3.4741964469506645	0.0
731000	-26.83347190606401	-15.138147843718958	-11.695324062345051	0.0	1	0	0	1	0	0	1.3624426329114663	3.169588564088762	0.27912613013974474	0.6969991816175977	0.25280307370783667	0.07183313813505354	0.17438737477803734	1.3624426329114663	0.0	0.0	0.6969991816175977	0.0	0.0
732000	-26.83176027906792	-10.972606802846995	-15.859153476220929	0.0	1	0	0	1	1	0	0.08511130131262232	0.5949914272275486	2.4446889143397117	0.8472376840387079	1.548756057131172	0.4335292937698623	6.86262719253212	0.08511130131262232	0.0	0.0	0.8472376840387079	1.548756057131172	0.0
733000	-26.070755501999123	-12.617701306066282	-13.453054195932843	0.0	1	0	0	1	1	0	0.14515754504091422	0.7586692785444682	0.9282047264040585	0.20715724049448347	0.2971800033035515	2.8903505965894607	1.2859380287573394	0.14515754504091422	0.0	0.0	0.20715724049448347	0.2971800033035515	0.0
734000	-29.92618177289566	-13.156184946112539	-16.76999682678312	0.0	1	1	1	0	0	1	0.28613880162735505	0.03221664264277699	1.5366093134871057	0.4041499832323746	0.1732296356034501	4.94279648315665	1.4334701948406434	0.28613880162735505	0.03221664264277699	1.5366093134871057	0.0	0.0	4.94279648315665
735000	-20.68288953997839	-13.044679602623152	-7.638209937355237	0.0	1	1	0	0	0	0	0.4660818151843138	0.12140482229612508	0.31732621300681574	0.08237838872843073	0.49366704945459766	1.4557382818863902	0.05456098177946513	0.4660818151843138	0.12140482229612508	0.0	0.0	0.0	0.0
736000	-25.813330909091217	-13.793615308460751	-12.019715600630466	0.0	1	0	0	1	1	0	0.9025941429531775	1.4011052333158818	1.1197473335950456	0.4489052002883819	0.6893792984592853	0.4632159263171658	0.37516137391301907	0.9025941429531775	0.0	0.0	0.4489052002883819	0.6893792984592853	0.0
737000	-25.730346132661744	-12.719313686874235	-13.01103244578751	0.0	1	1	0	1	0	1	0.5914538818847512	0.1527262062486608	1.9213913216980978	2.337071542704652	0.12041108631383811	0.0028478106103034116	0.3166302989049736	0.5914538818847512	0.1527262062486608	0.0	2.337071542704652	0.0	0.0028478106103034116
738000	-25.926922204359315	-11.516858422409047	-14.410063781950267	0.0	0	1	0	0	1	1	0.19336739879565812	0.3303712625076812	1.007912818977656	1.8555872232142412	0.6261969920786228	2.1419153498077343	1.3229415870372687	0.0	0.3303712625076812	0.0	0.0	0.6261969920786228	2.1419153498077343
739000	-30.554927405603785	-15.152269390244271	-15.402658015359513	0.0	1	0	1	1	0	0	2.2662967774028764	0.37192724156177537	3.7483019447525154	0.17272423129780992	1.0275160426288286	0.6198239729256794	0.4588729197452876	2.2662967774028764	0.0	3.7483019447525154	0.17272423129780992	0.0	0.0
740000	-26.959001921127882	-14.16324283541261	-12.795759085715272	0.0	1	0	1	1	0	0	0.30810677845494755	1.1397542060285792	0.3012729025085957	2.2530150541271228	1.0471673328348052	0.4682845986259265	0.49815265704243156	0.30810677845494755	0.0	0.3012729025085957	2.2530150541271228	0.0	0.0
741000	-23.57048002945701	-11.118686588484373	-12.451793440972638	0.0	1	0	0	1	1	0	0.02733008216721197	0.4990685443337761	0.5934665141312179	0.4563580574226327	0.7485346032914666	0.6119046909517875	4.656206323523534	0.02733008216721197	0.0	0.0	0.4563580574226327	0.7485346032914666	0.0
742000	-28.25525310022181	-11.16913510684903	-17.08611799337278	0.0	1	1	0	1	1	1	0.022612200744920614	0.101651302229972	1.9472000524970414	1.4320178880342949	0.5799484704560055	0.9127107647392202	4.892242433562672	0.022612200744920614	0.101651302229972	0.0	1.4320178880342949	0.5799484704560055	0.9127107647392202
743000	-35.221532773463096	-14.28559654992337	-20.935936223539727	0.0	1	0	1	1	0	0	0.547079878677706	0.3922081858708022	1.3003256852475957	5.864314587171524	0.37442398612993494	3.2007938929172894	3.599013332067858	0.547079878677706	0.0	1.3003256852475957	5.864314587171524	0.0	0.0
744000	-25.388930796910795	-12.25313697617397	-13.135793820736826	0.0	1	1	0	0	0	1	1.6132744142097086	0.5096832408408559	0.24410368317918182	2.1578190030936706	0.8883965698176535	1.569557873615042	0.16156668869586566	1.6132744142097086	0.5096832408408559	0.0	0.0	0.0	1.569557873615042
745000	-31.423899968846975	-12.309316339430556	-19.11458362941642	0.0	1	1	1	0	1	0	2.882003382889133	1.2464279012032131	3.964028948283123	1.1576876513015593	0.03192753778515818	1.5742594946062047	0.45993400198641665	2.882003382889133	1.2464279012032131	3.964028948283123	0.0	0.03192753778515818	0.0
746000	-24.545299952042413	-13.065690736757524	-11.479609215284889	0.0	1	1	0	0	0	1	0.10993687634625611	0.7309135494763778	1.681351492644942	0.263641318932705	0.12651500346441386	1.4391616033273071	0.428699853348278	0.10993687634625611	0.7309135494763778	0.0	0.0	0.0	1.4391616033273071
747000	-23.542016690883948	-11.796190157201279	-11.745826533682667	0.0	1	1	1	0	1	0	0.013184949566922868	0.06744641438652446	0.23470519907573437	0.10860788206281535	0.4670299044568118	0.21039754497540877	4.989760366528639	0.013184949566922868	0.06744641438652446	0.23470519907573437	0.0	0.4670299044568118	0.0
748000	-24.709320633721	-12.940715217331817	-11.768605416389182	0.0	1	1	0	1	0	1	0.15668485476650584	0.25582062646410425	0.6373198590934923	0.06010163388455575	3.4422541921636056	0.25599489278773585	0.12549918948145022	0.15668485476650584	0.25582062646410425	0.0	0.06010163388455575	0.0	0.25599489278773585
749000	-27.18025959696542	-11.632889779669497	-15.547369817295923	0.0	0	1	0	1	0	1	1.2278971565410464	0.2075291869259197	0.5816228344370812	0.24619976386480133	1.6850102289302813	2.87369121944703	2.117508662131637	0.0	0.2075291869259197	0.0	0.24619976386480133	0.0	2.87369121944703
750000	-24.67556102378188	-12.184576061645421	-12.49098496213646	0.0	1	1	0	0	1	0	1.6036179109620328	0.42372869739105895	2.0247136822017318	0.3438673528132049	0.7786592387368378	0.8180074403806189	0.2282927002794097	1.6036179109620328	0.42372869739105895	0.0	0.0	0.7786592387368378	0.0
751000	-26.98508843081958	-13.806238243728728	-13.178850187090854	0.0	1	1	0	0	0	0	0.5344966467045099	0.4905406246404434	3.162345320597318	2.392621897172839	1.272867323052649	1.0122424798681466	0.03700565886620797	0.5344966467045099	0.4905406246404434	0.0	0.0	0.0	0.0
752000	-25.864100346039255	-13.999384759465194	-11.86471558657406	0.0	0	1	0	0	0	1	2.408271775851597	0.08215717978454529	0.31308667957562025	0.3296952011726953	1.6359606370908377	0.36586681577950547	0.41532108139257207	0.0	0.08215717978454529	0.0	0.0	0.0	0.36586681577950547
753000	-29.975375725298555	-13.083602912862661	-16.891772812435896	0.0	1	0	0	1	1	0	0.032224798853082784	3.5614176455501836	0.9746962152624338	1.7254451348307194	0.7026626522497748	0.8161478340173044	3.0145648814513106	0.032224798853082784	0.0	0.0	1.7254451348307194	0.7026626522497748	0.0
754000	-26.92321201067037	-13.121902904308865	-13.801309106361504	0.0	1	0	0	1	1	0	0.3991660579398384	0.5559765247086061	1.037730687301233	1.0802534147319205	0.13558859263182485	2.9606673444159766	0.7096821707157857	0.3991660579398384	0.0	0.0	1.0802534147319205	0.13558859263182485	0.0
755000	-23.975721795716048	-12.162886619651472	-11.812835176064578	0.0	1	1	0	0	1	0	1.413418409185376	1.1516864891639311	1.7472840311865028	0.7920004017014723	0.3977787863430794	0.004344416321279054	0.18837003199814364	1.413418409185376	1.1516864891639311	0.0	0.0	0.3977787863430794	0.0
756000	-22.51921481310305	-15.598356218732054	-6.920858594370997	0.0	1	1	1	1	0	0	0.17007248529329252	0.19463930968859716	0.18277242167606703	0.30205352111508577	0.1659327260588266	0.014553593720376857	0.04302220483339673	0.17007248529329252	0.19463930968859716	0.18277242167606703	0.30205352111508577	0.0	0.0
757000	-25.14404003002599	-12.76426201431993	-12.379778015706062	0.0	1	1	1	0	0	1	1.2489039033015263	0.11132830481014232	1.0133440154534226	0.06997154711014157	1.9311949658164174	0.09798229507988285	0.32365306210692113	1.2489039033015263	0.11132830481014232	1.0133440154534226	0.0	0.0	0.09798229507988285
758000	-23.658198926598224	-12.858623942772455	-10.79957498382577	0.0	1	1	0	0	1	1	0.2166013816033878	0.12034035264844832	0.8854293826793047	0.1953545540101135	0.33057854985990803	1.2537505298070257	0.29005291927185545	0.2166013816033878	0.12034035264844832	0.0	0.0	0.33057854985990803	1.2537505298070257
759000	-27.67199284321765	-12.218525667180797	-15.453467176036856	0.0	0	1	0	0	1	1	1.8680987960360105	0.4980071941756225	1.0333118970048547	1.6166826789703297	1.2412394734899217	0.5681721260379912	1.9210557582786714	0.0	0.4980071941756225	0.0	0.0	1.2412394734899217	0.5681721260379912
760000	-25.870791000255338	-12.61362516712849	-13.25716583312685	0.0	1	1	1	1	1	0	1.2394827500474757	0.27924849062839385	0.7222496967317685	0.64039428480014	0.39967385662129057	1.3108323969425006	0.15949657644056778	1.2394827500474757	0.27924849062839385	0.7222496967317685	0.64039428480014	0.39967385662129057	0.0
761000	-24.7022544235884	-13.476456001606282	-11.225798421982116	0.0	1	0	1	1	1	0	0.23475389509321554	0.49522089418132187	0.6012423423962042	0.623341363522802	0.355819719306756	0.7894613412346496	0.4029118546633125	0.23475389509321554	0.0	0.6012423423962042	0.623341363522802	0.355819719306756	0.0
762000	-26.46751508206667	-11.931203126200739	-14.53631195586593	0.0	0	1	0	0	1	1	0.19359510009906922	0.39982290132378906	0.8500559630332108	1.1826925710395575	0.18960121909088315	3.021330605643575	2.0627972310969667	0.0	0.39982290132378906	0.0	0.0	0.18960121909088315	3.021330605643575
763000	-24.045780874533225	-12.610759556246702	-11.435021318286523	0.0	1	1	0	1	1	0	2.1753465816189803	0.364130478986902	0.9054189763289192	0.17174774528504902	0.22418018736349632	0.869020459736505	0.0991702132306706	2.1753465816189803	0.364130478986902	0.0	0.17174774528504902	0.22418018736349632	0.0
764000	-25.830874035630583	-12.58586346827886	-13.245010567351722	0.0	0	1	0	0	1	1	0.15885975761529209	0.14153007438351295	0.8491207516026791	0.23545448471801397	1.1306190447575857	2.5834893805663732	1.1866208454314116	0.0	0.14153007438351295	0.0	0.0	1.1306190447575857	2.5834893805663732
765000	-27.28973941648657	-13.79712848281262	-13.492610933673948	0.0	0	1	1	0	1	1	1.256288588093848	0.060357323800094065	1.5602601780197949	0.21135111090414468	0.3114324378050022	0.41617053402645326	1.8999133410365792	0.0	0.060357323800094065	1.5602601780197949	0.0	0.3114324378050022	0.41617053402645326
766000	-30.267561340065868	-13.090612231938609	-17.176949108127257	0.0	1	1	1	0	0	0	0.56031836216101	1.5289574586693488	2.458086958559888	5.05878317152276	0.03500040495062701	0.9394143046880741	0.25181657240381866	0.56031836216101	1.5289574586693488	2.458086958559888	0.0	0.0	0.0
767000	-28.427742775683626	-13.84258596072191	-14.585156814961715	0.0	1	1	1	0	0	0	1.837985446999024	0.3605292091149741	3.973151905262381	0.33607579613875355	0.6942675212897036	1.6283421645073866	0.10846400092598664	1.837985446999024	0.3605292091149741	3.973151905262381	0.0	0.0	0.0
