#
#model:
#
#<?xml version="1.0" encoding="UTF-8" standalone="no"?><input id="posterior" spec="beast.base.inference.CompoundDistribution">
#    <distribution id="prior" spec="beast.base.inference.CompoundDistribution">
#        <distribution id="FixedTreeModel.t:tree" spec="fixedtreeanalysis.evolution.tree.FixedTreeDistribution">
#            <tree IsLabelledNewick="true" adjustTipHeights="false" id="Tree.t:tree" newick="(((light-brownE:1,mid-greenE:1):1,(dark-purpleD:1,((dark-greenA:1,dark-greenC:1):1,(orangeF:1,orangeC:1,orangeA:1,blueF:1):0):1,((goldD:1,dark-pinkD:1):1,light-blueF:1):1):0):1,(greyC:1,(pinkC:1,(mid-blueE:1,mid-blueC:1):0):1):0)" spec="fixedtreeanalysis.evolution.tree.FixedTree">
#                <taxonset id="TaxonSet.1" spec="beast.base.evolution.alignment.TaxonSet">
#                    <taxon id="light-brownE" spec="beast.base.evolution.alignment.Taxon"/>
#                    <taxon id="mid-greenE" spec="beast.base.evolution.alignment.Taxon"/>
#                    <taxon id="dark-purpleD" spec="beast.base.evolution.alignment.Taxon"/>
#                    <taxon id="dark-greenA" spec="beast.base.evolution.alignment.Taxon"/>
#                    <taxon id="dark-greenC" spec="beast.base.evolution.alignment.Taxon"/>
#                    <taxon id="orangeF" spec="beast.base.evolution.alignment.Taxon"/>
#                    <taxon id="orangeC" spec="beast.base.evolution.alignment.Taxon"/>
#                    <taxon id="orangeA" spec="beast.base.evolution.alignment.Taxon"/>
#                    <taxon id="blueF" spec="beast.base.evolution.alignment.Taxon"/>
#                    <taxon id="goldD" spec="beast.base.evolution.alignment.Taxon"/>
#                    <taxon id="dark-pinkD" spec="beast.base.evolution.alignment.Taxon"/>
#                    <taxon id="light-blueF" spec="beast.base.evolution.alignment.Taxon"/>
#                    <taxon id="greyC" spec="beast.base.evolution.alignment.Taxon"/>
#                    <taxon id="pinkC" spec="beast.base.evolution.alignment.Taxon"/>
#                    <taxon id="mid-blueE" spec="beast.base.evolution.alignment.Taxon"/>
#                    <taxon id="mid-blueC" spec="beast.base.evolution.alignment.Taxon"/>
#                </taxonset>
#            </tree>
#        </distribution>
#        <prior id="nonZeroRatePrior.s:tissue" name="distribution">
#            <x id="nonZeroRates.s:tissue" spec="beast.base.evolution.Sum">
#                <arg dimension="10" id="rateIndicator.s:tissue" spec="beast.base.inference.parameter.BooleanParameter">true</arg>
#            </x>
#            <distr id="Poisson.0" offset="4.0" spec="beast.base.inference.distribution.Poisson">
#                <parameter estimate="false" id="RealParameter.10" name="lambda" spec="beast.base.inference.parameter.RealParameter">0.693</parameter>
#            </distr>
#        </prior>
#        <prior id="relativeGeoRatesPrior.s:tissue" name="distribution">
#            <parameter dimension="10" id="relativeGeoRates.s:tissue" name="x" spec="beast.base.inference.parameter.RealParameter">1.0</parameter>
#            <Gamma id="Gamma.2" name="distr">
#                <parameter estimate="false" id="RealParameter.8" name="alpha" spec="beast.base.inference.parameter.RealParameter">1.0</parameter>
#                <parameter estimate="false" id="RealParameter.9" name="beta" spec="beast.base.inference.parameter.RealParameter">1.0</parameter>
#            </Gamma>
#        </prior>
#        <prior id="geoclockPrior.c:tissue" name="distribution">
#            <parameter id="traitClockRate.c:tissue" name="x" spec="beast.base.inference.parameter.RealParameter">1.0</parameter>
#            <Gamma id="Gamma.1" name="distr">
#                <parameter estimate="false" id="RealParameter.6" name="alpha" spec="beast.base.inference.parameter.RealParameter">0.001</parameter>
#                <parameter estimate="false" id="RealParameter.7" name="beta" spec="beast.base.inference.parameter.RealParameter">1000.0</parameter>
#            </Gamma>
#        </prior>
#    </distribution>
#    <distribution id="likelihood" spec="beast.base.inference.CompoundDistribution" useThreads="true">
#        <distribution data="@sim1_true" id="treeLikelihood.sim1_true" spec="fixedtreeanalysis.evolution.likelihood.FixedTreeLikelihood" tree="@Tree.t:tree">
#            <siteModel id="FixedSiteModel.s:sim1_true" spec="fixedtreeanalysis.evolution.sitemodel.FixedSiteModel">
#                <parameter estimate="false" id="RealParameter.0" lower="0.0" name="mutationRate" spec="beast.base.inference.parameter.RealParameter" upper="1.0">1.0</parameter>
#                <parameter id="RealParameter.1" lower="0.0" name="shape" spec="beast.base.inference.parameter.RealParameter" upper="0.0">1.0</parameter>
#                <parameter id="RealParameter.2" lower="0.0" name="proportionInvariant" spec="beast.base.inference.parameter.RealParameter" upper="0.0">0.0</parameter>
#                <substModel id="JC69.s:sim1_true" spec="beast.base.evolution.substitutionmodel.JukesCantor"/>
#            </siteModel>
#            <branchRateModel id="FixedClock.c:sim1_true" spec="fixedtreeanalysis.evolution.branchratemodel.FixedClockModel">
#                <parameter estimate="false" id="RealParameter.3" name="clock.rate" spec="beast.base.inference.parameter.RealParameter">1.0</parameter>
#            </branchRateModel>
#        </distribution>
#        <distribution id="traitedtreeLikelihood.tissue" spec="beastclassic.evolution.likelihood.AncestralStateTreeLikelihood" tag="location" tree="@Tree.t:tree">
#            <rootFrequencies estimate="false" id="Frequencies" spec="beast.base.evolution.substitutionmodel.Frequencies">
#                <parameter dimension="5" id="RealParameter" lower="0.0" name="frequencies" spec="beast.base.inference.parameter.RealParameter" upper="0.0">1.0 0.0 0.0 0.0 0.0</parameter>
#            </rootFrequencies>
#            <data id="tissue" spec="beastclassic.evolution.alignment.AlignmentFromTrait">
#                <traitSet id="traitSet.tissue" spec="beast.base.evolution.tree.TraitSet" taxa="@TaxonSet.1" traitname="discrete" value="light-brownE=left-subclavicular-lymph-node, mid-greenE=left-subclavicular-lymph-node, dark-purpleD=left-cervical-lymph-node, dark-greenA=right-rib-8, dark-greenC=prostate, orangeF=right-humerus, orangeC=prostate, orangeA=right-rib-8, blueF=right-humerus, goldD=left-cervical-lymph-node, dark-pinkD=left-cervical-lymph-node, light-blueF=right-humerus, greyC=prostate, pinkC=prostate, mid-blueE=left-subclavicular-lymph-node, mid-blueC=prostate "/>
#                <userDataType codeMap="prostate=0,left-cervical-lymph-node=1,left-subclavicular-lymph-node=2,right-humerus=3,right-rib-8=4,? = 0 1 2 3 4" codelength="-1" id="traitDataType.tissue" spec="beast.base.evolution.datatype.UserDataType" states="5"/>
#            </data>
#            <siteModel gammaCategoryCount="1" id="geoSiteModel.s:tissue" spec="beast.base.evolution.sitemodel.SiteModel">
#                <parameter estimate="false" id="mutationRate.s:tissue" name="mutationRate" spec="beast.base.inference.parameter.RealParameter">1.0</parameter>
#                <parameter estimate="false" id="gammaShape.s:tissue" name="shape" spec="beast.base.inference.parameter.RealParameter">1.0</parameter>
#                <parameter estimate="false" id="proportionInvariant.s:tissue" lower="0.0" name="proportionInvariant" spec="beast.base.inference.parameter.RealParameter" upper="1.0">0.0</parameter>
#                <substModel id="svs.s:tissue" rateIndicator="@rateIndicator.s:tissue" rates="@relativeGeoRates.s:tissue" spec="beastclassic.evolution.substitutionmodel.SVSGeneralSubstitutionModel">
#                    <frequencies id="traitfreqs.s:tissue" spec="beast.base.evolution.substitutionmodel.Frequencies">
#                        <parameter dimension="5" id="traitfrequencies.s:tissue" name="frequencies" spec="beast.base.inference.parameter.RealParameter">0.2</parameter>
#                    </frequencies>
#                </substModel>
#            </siteModel>
#            <branchRateModel clock.rate="@traitClockRate.c:tissue" id="StrictClockModel.c:tissue" spec="beast.base.evolution.branchratemodel.StrictClockModel"/>
#        </distribution>
#    </distribution>
#</input>
#
Sample	posterior	likelihood	prior	treeLikelihood	rateIndicator.1	rateIndicator.2	rateIndicator.3	rateIndicator.4	rateIndicator.5	rateIndicator.6	rateIndicator.7	rateIndicator.8	rateIndicator.9	rateIndicator.10	relativeGeoRates.1	relativeGeoRates.2	relativeGeoRates.3	relativeGeoRates.4	relativeGeoRates.5	relativeGeoRates.6	relativeGeoRates.7	relativeGeoRates.8	relativeGeoRates.9	relativeGeoRates.10	traitClockRate	geoSubstModelLogger.relGeoRate_prostate_left-cervical-lymph-node	geoSubstModelLogger.relGeoRate_prostate_left-subclavicular-lymph-node	geoSubstModelLogger.relGeoRate_prostate_right-humerus	geoSubstModelLogger.relGeoRate_prostate_right-rib-8	geoSubstModelLogger.relGeoRate_left-cervical-lymph-node_left-subclavicular-lymph-node	geoSubstModelLogger.relGeoRate_left-cervical-lymph-node_right-humerus	geoSubstModelLogger.relGeoRate_left-cervical-lymph-node_right-rib-8	geoSubstModelLogger.relGeoRate_left-subclavicular-lymph-node_right-humerus	geoSubstModelLogger.relGeoRate_left-subclavicular-lymph-node_right-rib-8	geoSubstModelLogger.relGeoRate_right-humerus_right-rib-8
0	-48.73888868358155	-24.890246256241088	-23.848642427340458	0.0	1	1	1	1	1	1	1	1	1	0	1.0	1.0	1.0	1.0	1.0	1.0	1.0	1.0	1.0	1.0	0.6834331625559756	1.0	1.0	1.0	1.0	1.0	1.0	1.0	1.0	1.0	0.0
1000	-43.13433520882023	-25.247704882804726	-17.88663032601551	0.0	1	0	0	1	1	0	0	0	1	1	1.053095542935696	0.8479629450827074	1.0215215137381652	1.070333848432226	1.0174748869094035	0.9832238231641739	0.8518022693618353	1.0578124101473672	0.9124871178355087	1.0501295428854869	1.047046592556388	1.053095542935696	0.0	0.0	1.070333848432226	1.0174748869094035	0.0	0.0	0.0	0.9124871178355087	1.0501295428854869
2000	-51.00654657329612	-25.7510065989456	-25.25553997435052	0.0	0	1	0	0	1	1	1	1	0	1	1.1937508684627511	1.0434128360899004	1.1125218858991301	0.9943759167395624	1.1026267667664076	1.0862727265342127	0.9316177299756028	1.0440790327575322	0.9615096779486381	1.06920695297491	233.73734969404046	0.0	1.0434128360899004	0.0	0.0	1.1026267667664076	1.0862727265342127	0.9316177299756028	1.0440790327575322	0.0	1.06920695297491
3000	-53.31375839701326	-25.751006598945608	-27.56275179806765	0.0	1	0	1	0	0	0	1	1	0	0	1.049474449072151	1.3828578322659915	1.2859091751663276	0.9970567029441115	1.392029786237383	1.1530179446802107	0.8542752584864292	1.436017312163607	0.8078557967442186	1.0121356599355498	1369.8217643073363	1.049474449072151	0.0	1.2859091751663276	0.0	0.0	0.0	0.8542752584864292	1.436017312163607	0.0	0.0
4000	-47.89163727029269	-25.750538841447593	-22.141098428845098	0.0	0	0	1	1	0	1	1	1	0	0	1.269150050090149	1.551233316309535	1.1221322220658825	1.0752237859495655	1.3284808406733526	1.083436170795332	0.8994142082925708	1.2409428639231679	0.948405021365693	0.9442325936778895	14.769416315397066	0.0	0.0	1.1221322220658825	1.0752237859495655	0.0	1.083436170795332	0.8994142082925708	1.2409428639231679	0.0	0.0
5000	-44.842876412702836	-25.026801058199702	-19.816075354503134	0.0	1	0	0	1	0	1	0	0	1	1	1.4179411282334031	1.4031692540148915	1.1238981017372514	1.349588742879722	1.3919696687668632	0.985835444975818	0.8557526751567959	1.3894087627146674	1.1543596771012834	0.8550203151008159	0.9178843241409512	1.4179411282334031	0.0	0.0	1.349588742879722	0.0	0.985835444975818	0.0	0.0	1.1543596771012834	0.8550203151008159
6000	-53.9657143794399	-25.751006598945608	-28.214707780494297	0.0	0	0	1	1	1	0	1	1	0	1	1.277669187888071	1.4614244266916838	0.9810375383195821	1.4618037988489059	1.1650532081264526	1.1361802789564988	0.7853251899635396	1.0971516579085803	1.2744241832306937	0.8153497787274415	914.2825888672755	0.0	0.0	0.9810375383195821	1.4618037988489059	1.1650532081264526	0.0	0.7853251899635396	1.0971516579085803	0.0	0.8153497787274415
7000	-44.139637360170894	-25.72605832986511	-18.413579030305783	0.0	0	0	0	1	1	0	0	1	1	0	1.4214250998098628	1.583089952333975	1.0287782885113146	1.2306707025426133	0.9722246350752474	1.1206947712095867	0.6867079311038118	0.9018294136664601	1.0896862011843187	0.7562354062734656	1.0142504708599596	0.0	0.0	0.0	1.2306707025426133	0.9722246350752474	0.0	0.0	0.9018294136664601	1.0896862011843187	0.0
8000	-44.81480089266117	-25.376934297091644	-19.437866595569524	0.0	0	0	1	0	0	1	0	0	1	1	1.2202243297959305	1.6577174979832001	1.0413825194529749	1.2039345357095639	0.8832153078171697	1.0421441535663885	0.7591336145074714	0.7600411026148162	1.0463375747816575	0.7007953166846397	4.539547248256064	0.0	0.0	1.0413825194529749	0.0	0.0	1.0421441535663885	0.0	0.0	1.0463375747816575	0.7007953166846397
9000	-46.00536529527943	-24.71475043593247	-21.29061485934696	0.0	1	1	1	0	1	0	0	1	1	1	1.1932296204821184	1.8360813923717574	1.1019433855883163	1.322637800658103	0.9283812322000123	0.9631101892761122	0.8330807785317793	0.7114888668180732	1.1323802006675074	0.7879171300306362	0.9805340777171863	1.1932296204821184	1.8360813923717574	1.1019433855883163	0.0	0.9283812322000123	0.0	0.0	0.7114888668180732	1.1323802006675074	0.7879171300306362
10000	-45.338261454067094	-25.837804442255543	-19.500457011811548	0.0	1	0	0	1	0	0	0	1	1	0	1.1756744240857402	1.6496609424785225	1.0185587375545486	1.3387229042864242	0.9291812892637213	0.9702753771744808	0.8275610818411631	0.7940254939787436	1.0303261349552546	0.867321677202632	3.6317704553787853	1.1756744240857402	0.0	0.0	1.3387229042864242	0.0	0.0	0.0	0.7940254939787436	1.0303261349552546	0.0
11000	-51.746763414883155	-25.751006598945608	-25.995756815937547	0.0	0	1	0	0	0	1	0	0	1	1	1.280069845652941	1.6759441463505806	0.991874683964888	1.4470257638646353	0.8138329518418521	1.136576154837896	0.7956906963930963	0.7922212245071723	1.0001145902709376	0.8911049451393371	838.8798043228035	0.0	1.6759441463505806	0.0	0.0	0.0	1.136576154837896	0.0	0.0	1.0001145902709376	0.8911049451393371
12000	-45.802287106511194	-25.693877015803643	-20.10841009070755	0.0	1	1	1	1	0	0	0	0	0	0	1.0912470392118983	1.596630805000042	1.2469138446847687	1.4465392576805007	0.9646801316168186	1.092382039873082	0.7615617146870779	0.8354483262620197	1.1493711979073176	0.861350511094484	4.273262968907454	1.0912470392118983	1.596630805000042	1.2469138446847687	1.4465392576805007	0.0	0.0	0.0	0.0	0.0	0.0
13000	-45.23549584229316	-26.072427757650065	-19.163068084643097	0.0	1	0	0	0	0	1	0	1	1	0	0.9760758514493632	1.9007964603042833	0.9666418977555302	1.3705719520497959	0.9544018730533969	1.1119838033092335	0.702394382043485	0.8710807143484434	1.120725832186078	0.8148494559740567	2.1491558578561487	0.9760758514493632	0.0	0.0	0.0	0.0	1.1119838033092335	0.0	0.8710807143484434	1.120725832186078	0.0
14000	-48.23916445156551	-25.751006598945015	-22.488157852620493	0.0	0	0	0	1	1	0	1	0	0	1	0.8483051909850031	1.8791607780869033	0.9637542503733898	1.1984135679157917	0.8782830708147312	0.9374262612061708	0.7893768140270448	0.9496007475370438	1.0506505299847058	0.7630333621574287	93.17045069519281	0.0	0.0	0.0	1.1984135679157917	0.8782830708147312	0.0	0.7893768140270448	0.0	0.0	0.7630333621574287
15000	-46.16858383199694	-25.71602249069592	-20.452561341301024	0.0	1	0	1	0	1	0	1	0	0	1	0.8723613415666683	1.6430645966850563	0.9043746394889797	1.1069839212478392	0.9448450179605782	1.1083769860805996	0.8598150696105156	1.067333879780314	1.0937794511550412	0.9327199745682011	6.959275281913808	0.8723613415666683	0.0	0.9043746394889797	0.0	0.9448450179605782	0.0	0.8598150696105156	0.0	0.0	0.9327199745682011
16000	-49.90968648913723	-25.751006598945622	-24.158679890191607	0.0	1	0	0	0	1	1	0	1	0	1	0.8319906280878135	1.6335003789517124	0.9751557639220234	1.2055329862333448	1.0083177259458271	0.9341606372956491	0.9004254975341437	1.0612063110777423	1.3699427144617846	0.8910375220167036	180.8925421563962	0.8319906280878135	0.0	0.0	0.0	1.0083177259458271	0.9341606372956491	0.0	1.0612063110777423	0.0	0.8910375220167036
17000	-44.107938699215126	-24.45509094956903	-19.6528477496461	0.0	0	1	0	0	0	0	1	1	0	1	0.752269919147282	1.4235852037592187	1.0880953709172485	1.0977312157107735	1.088676866747357	1.0657400442522484	0.9442304742109849	1.0022942558501322	1.3393179336872976	1.1273169866831654	3.0482545636855436	0.0	1.4235852037592187	0.0	0.0	0.0	0.0	0.9442304742109849	1.0022942558501322	0.0	1.1273169866831654
18000	-47.27809225162344	-25.744431926236782	-21.53366032538666	0.0	1	0	0	1	1	0	0	0	0	1	0.8716886628267209	1.400241817066478	1.0405331917789562	1.1636207870878186	0.9530322266095488	1.0119499941435421	0.9276549726128533	1.0255030072191738	1.6710065067352124	1.139364531146289	15.024218006695992	0.8716886628267209	0.0	0.0	1.1636207870878186	0.9530322266095488	0.0	0.0	0.0	0.0	1.139364531146289
19000	-43.97013601278396	-25.248856561634398	-18.721279451149563	0.0	1	1	0	1	0	0	0	0	0	1	0.9193509633681588	1.7053917615059515	0.9890146654524811	1.0095349757154308	0.8518045740795218	1.021314676843603	0.8968010237380152	0.9289608102598486	2.0424004917863288	1.2916385708843876	0.580919104933436	0.9193509633681588	1.7053917615059515	0.0	1.0095349757154308	0.0	0.0	0.0	0.0	0.0	1.2916385708843876
20000	-46.2007285434288	-24.923546015330103	-21.2771825280987	0.0	0	0	0	1	1	1	0	1	1	0	0.9151513869605802	1.6587480708902027	0.961545556960858	1.0013478261906301	1.0481710472848893	1.0681549887376491	0.7900281040195094	1.074134505454986	1.9950634023609883	1.256659193890304	4.624062906950317	0.0	0.0	0.0	1.0013478261906301	1.0481710472848893	1.0681549887376491	0.0	1.074134505454986	1.9950634023609883	0.0
21000	-52.0329611613968	-25.751006598945597	-26.281954562451205	0.0	0	1	0	1	0	0	1	0	0	1	0.789949856953826	1.5797182568771864	1.00445460641244	1.1695623613137442	0.9404681556165663	1.0042967752019978	0.7996707195128988	1.3106717306746771	2.0203537012732653	1.4690960378201976	460.4827026156019	0.0	1.5797182568771864	0.0	1.1695623613137442	0.0	0.0	0.7996707195128988	0.0	0.0	1.4690960378201976
22000	-49.13588625127532	-25.750394870993873	-23.38549138028145	0.0	1	1	0	1	1	1	0	0	0	0	0.661005572730286	1.7853561685078272	0.9072709832000135	1.1885724335766146	1.1081115456736896	1.1305341500885098	0.697028829112222	1.1505909416928009	2.2866898576355252	1.4818587669010803	20.03779098325453	0.661005572730286	1.7853561685078272	0.0	1.1885724335766146	1.1081115456736896	1.1305341500885098	0.0	0.0	0.0	0.0
23000	-48.687906760783704	-25.750664638761016	-22.93724212202269	0.0	0	1	1	1	0	1	0	0	0	0	0.6556946072445167	1.6122615417810755	0.9845156640324877	1.262371908092753	1.151073758604355	0.975313866359213	0.7153575858844279	1.119405177374207	2.265032395809349	1.3706343335118805	24.464602273732478	0.0	1.6122615417810755	0.9845156640324877	1.262371908092753	0.0	0.975313866359213	0.0	0.0	0.0	0.0
24000	-49.31013206986721	-25.751006593190386	-23.559125476676826	0.0	1	0	1	1	0	0	0	1	0	1	0.5492483071278493	1.448408740395399	1.1406037338032928	1.2209618798094193	1.0731114006626108	0.810091294095441	0.6634708148276389	1.2062819923217811	2.4924696071740047	1.2455549279495144	40.38367459317568	0.5492483071278493	0.0	1.1406037338032928	1.2209618798094193	0.0	0.0	0.0	1.2062819923217811	0.0	1.2455549279495144
25000	-49.73694319898976	-25.751006598945594	-23.985936600044173	0.0	1	0	1	1	1	1	0	0	0	0	0.46502219197714584	1.2390105360939603	1.1481704456236008	1.164722875688577	1.0663981928609885	0.8142750699082689	0.7633990716644738	1.3289044082950208	2.102431416348206	1.2370871033584825	98.38669471762742	0.46502219197714584	0.0	1.1481704456236008	1.164722875688577	1.0663981928609885	0.8142750699082689	0.0	0.0	0.0	0.0
26000	-46.23295619435301	-25.124957821562724	-21.107998372790284	0.0	1	0	0	0	1	0	0	1	1	1	0.457588549807994	1.185759882123373	1.283738430363118	1.1465940456887858	1.0436785000648772	0.7286775621135289	0.7375349909674996	1.2824242151050693	1.9055413295869745	1.1298118902713268	9.26090662533409	0.457588549807994	0.0	0.0	0.0	1.0436785000648772	0.0	0.0	1.2824242151050693	1.9055413295869745	1.1298118902713268
27000	-48.01206160822632	-25.751006021827028	-22.261055586399294	0.0	1	0	0	1	0	0	0	1	0	1	0.5692810568982081	1.190934271873998	1.4657474846156384	0.9264845088787065	1.0420356162873186	0.6408502702858471	0.8015584284855146	1.1991895441077165	1.6489276908682533	1.0385138990612972	58.887803887646186	0.5692810568982081	0.0	0.0	0.9264845088787065	0.0	0.0	0.0	1.1991895441077165	0.0	1.0385138990612972
28000	-44.301031721796114	-24.870734063067143	-19.43029765872897	0.0	0	0	1	1	1	1	0	0	1	0	0.5373839246691738	1.186368143373977	2.001598623975665	0.9085449491022528	1.0155417079934008	0.7035155023031219	0.8571288494179242	1.1868730909682703	1.7616958077741522	1.0209022390350626	1.317704340297412	0.0	0.0	2.001598623975665	0.9085449491022528	1.0155417079934008	0.7035155023031219	0.0	0.0	1.7616958077741522	0.0
29000	-46.636547082794465	-25.027390652937914	-21.609156429856547	0.0	0	0	1	0	0	0	1	1	1	0	0.13730929482284804	2.233494481169683	1.1878854958251577	0.8698497459098173	1.4950330673393586	0.4277566130364397	0.519407090392573	1.282080788165046	0.4646902011352727	3.6965956510868936	5.388478938881499	0.0	0.0	1.1878854958251577	0.0	0.0	0.0	0.519407090392573	1.282080788165046	0.4646902011352727	0.0
30000	-48.52598409632786	-25.750955966626826	-22.775028129701035	0.0	0	1	0	1	0	1	1	1	0	0	1.2426395401280534	0.1070032035122958	0.48604831271106375	1.3967738737837698	0.9698259503517689	1.6679346753946862	3.236964035196425	0.6176703606621237	0.39016050961941695	0.968904199473897	39.697007870759165	0.0	0.1070032035122958	0.0	1.3967738737837698	0.0	1.6679346753946862	3.236964035196425	0.6176703606621237	0.0	0.0
31000	-46.940540608213475	-25.74688852671961	-21.193652081493866	0.0	0	0	1	1	0	0	1	0	1	0	0.48183389185099346	3.1200722880829237	0.6113829864536482	2.024930764711992	1.0522498591792364	0.547342426225744	1.2215614575051272	0.7724629189487056	0.1782978615812653	0.060640825017914644	32.67473117158677	0.0	0.0	0.6113829864536482	2.024930764711992	0.0	0.0	1.2215614575051272	0.0	0.1782978615812653	0.0
32000	-43.44452839753207	-24.834539070066498	-18.609989327465566	0.0	1	1	0	1	0	1	0	0	0	1	0.8847343239072927	0.12689460563652633	5.906816585490224	0.751305763061483	0.3894707620095407	0.5973663787909148	0.3404003914893939	0.7951129015620148	0.40632436895176016	0.8905812120952166	0.6351342156858677	0.8847343239072927	0.12689460563652633	0.0	0.751305763061483	0.0	0.5973663787909148	0.0	0.0	0.0	0.8905812120952166
33000	-51.610602926610724	-25.750717784317303	-25.859885142293425	0.0	0	1	0	0	0	1	0	1	0	1	0.2801412112691114	0.15292481791128396	0.11153409787483455	2.5361054277691086	0.2807323856493686	2.2290046369413496	1.3970726419009099	2.708845657819675	3.4345210351405036	0.16379247143402537	126.07601155362855	0.0	0.15292481791128396	0.0	0.0	0.0	2.2290046369413496	0.0	2.708845657819675	0.0	0.16379247143402537
34000	-49.000807896310974	-25.7510065989456	-23.24980129736537	0.0	0	1	1	0	0	1	0	0	1	0	1.091081133905167	0.5714117442117188	0.3748396418541845	0.04725533853010231	0.9999003430719609	0.5957954919234388	0.15945642994426268	2.353529690486776	1.8783742454754846	0.13703513512290347	780.6143304988211	0.0	0.5714117442117188	0.3748396418541845	0.0	0.0	0.5957954919234388	0.0	0.0	1.8783742454754846	0.0
35000	-46.19212550326549	-25.751006598945537	-20.441118904319953	0.0	0	0	1	1	0	1	0	0	1	1	0.41203660758397787	0.7425096905013098	2.4137223710636473	0.1757192381600595	0.1029262625668357	0.803858672812336	1.2193904644659053	0.30991001849015937	0.4522023870981558	0.1274467251752713	238.53654430083301	0.0	0.0	2.4137223710636473	0.1757192381600595	0.0	0.803858672812336	0.0	0.0	0.4522023870981558	0.1274467251752713
36000	-43.48352332141873	-25.623410054563337	-17.860113266855393	0.0	0	1	0	0	0	1	0	1	1	0	1.1302614601688066	0.40275197012904657	0.15845763701714763	0.6072776997756351	0.27676677627072777	0.08755339388614124	0.5113582167307609	1.1795957184763022	0.3177722356531634	2.7534843881480655	16.674596930501853	0.0	0.40275197012904657	0.0	0.0	0.0	0.08755339388614124	0.0	1.1795957184763022	0.3177722356531634	0.0
37000	-43.11311719727705	-25.44617029941938	-17.66694689785767	0.0	0	1	0	0	0	0	1	1	1	1	0.9148243614144019	1.2476787977844694	0.07402293421654091	0.4212106603023023	0.1344619734737585	0.04061153907550269	0.5405143876417656	2.1206890543238197	0.5050162235787355	1.5307657165848028	8.643886386348292	0.0	1.2476787977844694	0.0	0.0	0.0	0.0	0.5405143876417656	2.1206890543238197	0.5050162235787355	1.5307657165848028
38000	-40.31862257858816	-24.683718041352854	-15.634904537235307	0.0	1	1	0	0	1	0	0	1	0	1	0.13352660650557294	0.6236947212600552	0.7647689730160908	0.3532161008932603	1.2723064598011562	0.7759772418211316	0.9961258188303587	0.9887966532310081	0.1557057421254477	1.0300806204217918	1.7606775385159277	0.13352660650557294	0.6236947212600552	0.0	0.0	1.2723064598011562	0.0	0.0	0.9887966532310081	0.0	1.0300806204217918
39000	-41.73966903504182	-24.565367752264912	-17.17430128277691	0.0	0	0	1	1	1	1	0	1	0	1	2.2163413848751206	0.5206592513498505	0.16647410289482104	0.4230274245023832	1.5871053342520711	0.6317157646100819	0.9162981439040909	0.17528156321774416	0.012363833895101772	0.3477943489624194	3.131667616625238	0.0	0.0	0.16647410289482104	0.4230274245023832	1.5871053342520711	0.6317157646100819	0.0	0.17528156321774416	0.0	0.3477943489624194
40000	-39.953971617743534	-25.771140530186596	-14.182831087556938	0.0	1	0	1	0	1	0	1	0	0	0	0.729848610270159	0.11247390337357235	0.12117524774628619	1.2071793224870329	0.5314675740185288	0.5539554872517861	0.45640448053625493	0.0404505488775189	0.729473208730764	0.007231879580454975	8.005738556322846	0.729848610270159	0.0	0.12117524774628619	0.0	0.5314675740185288	0.0	0.45640448053625493	0.0	0.0	0.0
41000	-45.40141953627908	-25.750404758873813	-19.651014777405265	0.0	1	1	0	1	1	0	1	1	0	0	1.4013755461966535	0.2749016830323237	0.5637718203375731	0.7290059947471663	0.764131734496178	0.6354203528709738	0.1951644946450574	2.365906338849088	0.4269049405265743	0.033221123105649765	24.681426381454198	1.4013755461966535	0.2749016830323237	0.0	0.7290059947471663	0.764131734496178	0.0	0.1951644946450574	2.365906338849088	0.0	0.0
42000	-43.54026048844804	-24.66719727356268	-18.873063214885363	0.0	0	1	1	0	1	0	0	0	0	1	4.327143252567451	0.7639061215283856	1.7540033538423423	0.7548436762929392	0.1706190415983695	0.4334907274853491	0.3745186270536121	0.11819664010615448	0.868518108151049	0.6175338609146982	2.9486159319224208	0.0	0.7639061215283856	1.7540033538423423	0.0	0.1706190415983695	0.0	0.0	0.0	0.0	0.6175338609146982
43000	-40.66987937013107	-24.784367302369272	-15.885512067761798	0.0	0	1	1	1	0	1	0	0	0	0	2.267363233922434	0.5927933403240451	0.6039065989469049	0.7312212591553785	2.6594154522414213	0.6050358290660394	1.1579659745840376	0.3985527546763544	0.14067329445230103	0.1427247644418562	0.35965525213876137	0.0	0.5927933403240451	0.6039065989469049	0.7312212591553785	0.0	0.6050358290660394	0.0	0.0	0.0	0.0
44000	-41.7109740425405	-25.699674729618998	-16.011299312921498	0.0	0	1	1	0	0	0	1	0	1	0	0.12116619185784891	0.4900021402710069	0.242025240948773	0.16177273753528712	1.3168771960011767	0.7936968528862136	0.44257585101743857	1.021688744639291	1.703828381211466	0.23073853075054424	6.522083729700316	0.0	0.4900021402710069	0.242025240948773	0.0	0.0	0.0	0.44257585101743857	0.0	1.703828381211466	0.0
45000	-53.19803295318506	-25.751006568571427	-27.447026384613636	0.0	0	0	1	1	0	1	1	0	1	0	0.43596180242224447	0.9838664628061267	0.3436081273731155	0.25493904759225394	0.7130647399659141	0.2178873044856004	1.4779676092883722	0.5523240933467038	8.182734649585852	0.8793688032045178	189.95442632548745	0.0	0.0	0.3436081273731155	0.25493904759225394	0.0	0.2178873044856004	1.4779676092883722	0.0	8.182734649585852	0.0
46000	-48.210215882856765	-25.7510065989456	-22.459209283911164	0.0	0	0	1	0	0	1	1	1	0	0	0.8046350640739472	0.21508148939969454	0.5793685057170549	0.4515453034554401	1.6323909819231628	0.9689204157613451	1.0543801976578546	0.30599903617820856	2.104358160304539	1.0350259957514836	237.1583134716492	0.0	0.0	0.5793685057170549	0.0	0.0	0.9689204157613451	1.0543801976578546	0.30599903617820856	0.0	0.0
47000	-48.784469433042716	-25.751006598638003	-23.03346283440471	0.0	1	0	1	0	0	0	1	0	1	0	1.3316211297653286	0.14735336867319193	0.18852317145748676	1.241757845270686	1.0285907617050862	2.7438951357119405	0.49369909686072566	1.3153601337702616	1.0499147233961386	0.9993321076532018	118.25534431294686	1.3316211297653286	0.0	0.18852317145748676	0.0	0.0	0.0	0.49369909686072566	0.0	1.0499147233961386	0.0
48000	-53.149263853119294	-25.750847689233904	-27.398416163885393	0.0	0	1	0	0	1	1	0	0	0	1	1.9354647965354197	0.19928857857771573	0.5844186206400416	1.9639675330221773	0.4343034600236956	0.325831645976476	0.43581689737487755	4.659088189772558	4.84910006801921	0.5502740249492901	45.25586069219369	0.0	0.19928857857771573	0.0	0.0	0.4343034600236956	0.325831645976476	0.0	0.0	0.0	0.5502740249492901
49000	-52.284298326182906	-25.75100659894561	-26.53329172723729	0.0	0	0	1	0	1	1	1	1	1	0	0.7146801800101571	0.663042960723228	3.310856399645445	0.6171909527995922	0.8897776781114861	0.5961464038770459	0.8751288533788413	0.9202694940731987	1.668159887210428	1.8898909088106854	177.9791100180613	0.0	0.0	3.310856399645445	0.0	0.8897776781114861	0.5961464038770459	0.8751288533788413	0.9202694940731987	1.668159887210428	0.0
50000	-45.177020289529196	-27.79911808494027	-17.37790220458892	0.0	1	1	0	0	0	0	1	1	0	1	0.22942214832768695	1.7074151086846112	0.5111200669017736	0.035951153979281426	0.7580942652835045	0.9166676776792924	3.027563038473603	0.7641802491984875	0.9087651525492269	0.8888875210339361	0.7081995838731512	0.22942214832768695	1.7074151086846112	0.0	0.0	0.0	0.0	3.027563038473603	0.7641802491984875	0.0	0.8888875210339361
51000	-38.65418756001738	-24.3488645498073	-14.305323010210081	0.0	0	0	1	1	1	1	0	1	0	1	0.08330339630095752	0.5170885212101269	1.3661015541960335	0.21742378792580003	0.7316880752220868	0.5567779942866302	0.7657595293578721	0.2181118024988721	0.15540692062135303	0.7752661505106626	0.8902120284938998	0.0	0.0	1.3661015541960335	0.21742378792580003	0.7316880752220868	0.5567779942866302	0.0	0.2181118024988721	0.0	0.7752661505106626
52000	-42.64136272727569	-24.400233811109715	-18.241128916165977	0.0	0	1	0	0	1	0	0	0	1	1	0.09715263932179512	1.3165272872712124	0.609126369238785	0.4639394657423204	0.4813492482219984	2.1547509217339917	0.9501495890742775	1.779486425727023	0.6857224914089143	1.3744302540792783	2.0545833405825014	0.0	1.3165272872712124	0.0	0.0	0.4813492482219984	0.0	0.0	0.0	0.6857224914089143	1.3744302540792783
53000	-43.65611241042669	-25.33684737713472	-18.319265033291963	0.0	1	0	0	1	1	1	0	0	0	1	0.30282793128380275	1.1565940386071205	1.856069618906092	0.1993385818572158	0.35986967841590173	2.449693403903989	0.3433405829460348	1.0462124380540787	0.4085197168739505	0.3313754450433044	6.5988784199718635	0.30282793128380275	0.0	0.0	0.1993385818572158	0.35986967841590173	2.449693403903989	0.0	0.0	0.0	0.3313754450433044
54000	-48.389572473724854	-25.67114988490717	-22.718422588817685	0.0	0	0	1	0	1	0	0	1	0	1	0.03139416144582881	0.1992606620457497	1.3279846778027553	0.5219029032389662	0.028188077157130283	0.08899100855056727	1.6703937866663026	0.8289716185744762	1.1775925610338158	3.9548030831875103	167.28344557075653	0.0	0.0	1.3279846778027553	0.0	0.028188077157130283	0.0	0.0	0.8289716185744762	0.0	3.9548030831875103
55000	-39.14004554158204	-25.354101701173015	-13.785943840409029	0.0	1	0	1	1	0	0	0	1	0	0	0.09266845767919518	0.5499700514135432	0.07915334358085313	0.7813292242547674	1.0317132586348614	0.31706385969461415	0.3910118167375399	0.009916248387477684	0.5138608520704034	0.03354231002845796	10.700575226803531	0.09266845767919518	0.0	0.07915334358085313	0.7813292242547674	0.0	0.0	0.0	0.009916248387477684	0.0	0.0
56000	-42.801348143755604	-25.723398632465425	-17.077949511290182	0.0	0	0	0	1	1	1	0	0	1	0	1.1400480236704642	1.196989241028574	0.016401297724255772	0.1360466544894716	0.8757725284971521	0.15987620269049216	0.1378323898532057	1.2003892685015969	0.2511661695248919	1.0243039927465218	27.33080119295679	0.0	0.0	0.0	0.1360466544894716	0.8757725284971521	0.15987620269049216	0.0	0.0	0.2511661695248919	0.0
57000	-51.82257503269471	-25.698265201441902	-26.124309831252805	0.0	1	1	1	1	0	1	0	1	1	1	3.1171176710395905	0.6328009454137435	1.5184019122984997	1.8453293503714674	0.04449328910393325	1.075423160812923	0.18830475665777027	1.4184667363847097	0.7509520365031735	1.8370153968838507	4.225672802355547	3.1171176710395905	0.6328009454137435	1.5184019122984997	1.8453293503714674	0.0	1.075423160812923	0.0	1.4184667363847097	0.7509520365031735	1.8370153968838507
58000	-40.53634000201106	-24.06895016150721	-16.46738984050385	0.0	0	0	0	1	0	0	1	1	1	0	0.5737541415791051	0.09201008912356652	0.3078445081771898	0.21200477166186568	0.7039383112675809	2.375271078710806	0.11075123812888434	1.6381471044752545	0.8157972821330752	0.3258296618649982	5.480387450296503	0.0	0.0	0.0	0.21200477166186568	0.0	0.0	0.11075123812888434	1.6381471044752545	0.8157972821330752	0.0
59000	-53.82035760451451	-25.751006598945402	-28.069351005569107	0.0	1	0	0	1	1	0	1	0	0	1	0.5052855959961148	3.712632600101585	1.0359639625242472	0.5188602403724946	4.501789457119404	2.6936380659331314	0.600045117726484	0.10110583410255297	0.4666312440164209	1.029346702227274	122.98554047088514	0.5052855959961148	0.0	0.0	0.5188602403724946	4.501789457119404	0.0	0.600045117726484	0.0	0.0	1.029346702227274
60000	-51.76812365694052	-25.748920444820747	-26.01920321211977	0.0	0	0	0	1	0	0	1	1	1	0	0.16384497562236794	0.22149419873989812	0.008734030937693933	2.5169564811667393	2.187443517411854	4.280922303758646	1.7230013306462755	0.09928101479481378	1.934307610358469	0.5288736800863044	104.33151621059339	0.0	0.0	0.0	2.5169564811667393	0.0	0.0	1.7230013306462755	0.09928101479481378	1.934307610358469	0.0
61000	-52.74471078078235	-25.751006598945608	-26.99370418183674	0.0	0	1	1	0	1	1	1	1	0	1	0.9739436174647956	0.5572806860948679	0.015579823043426826	0.214991699887087	2.216536651722199	0.3510376398357132	1.8066991496769944	0.8136021394771025	2.4436303003236617	1.810165635680289	168.63081318388174	0.0	0.5572806860948679	0.015579823043426826	0.0	2.216536651722199	0.3510376398357132	1.8066991496769944	0.8136021394771025	0.0	1.810165635680289
62000	-44.205556762112735	-25.655690708244205	-18.549866053868527	0.0	0	1	0	0	1	1	1	0	0	0	0.04143886574760196	1.014156754252658	0.25363302189395037	0.41495995195573443	2.0635166416964354	0.5290451394444297	0.29598180836463917	3.017148655364746	0.6514899514284517	0.4411165222074926	9.14638822357902	0.0	1.014156754252658	0.0	0.0	2.0635166416964354	0.5290451394444297	0.29598180836463917	0.0	0.0	0.0
63000	-51.767789002932886	-25.751006598945605	-26.016782403987285	0.0	1	0	1	0	0	0	0	1	1	0	0.03191164053519186	0.12359462889125884	0.6489621151386821	0.27369261900499176	1.9831785306165723	4.0071293118312905	0.5636047765470816	0.568238858061634	0.6247219980787315	0.8127294210492512	1479.662280711243	0.03191164053519186	0.0	0.6489621151386821	0.0	0.0	0.0	0.0	0.568238858061634	0.6247219980787315	0.0
64000	-42.22701299457711	-25.415306141279903	-16.81170685329721	0.0	0	1	1	0	1	1	0	0	0	1	0.16233587981172723	0.08100517750767965	1.0096809364778494	0.8301345823458541	2.302027892621627	1.1829856308836793	0.052192118394250676	0.49671468845612304	0.24828201770074573	0.7307731968212875	5.684912383175472	0.0	0.08100517750767965	1.0096809364778494	0.0	2.302027892621627	1.1829856308836793	0.0	0.0	0.0	0.7307731968212875
65000	-45.27395485759639	-25.713899374984496	-19.56005548261189	0.0	1	0	1	1	1	0	1	0	1	0	0.3028337365159372	1.3409921027246172	0.6208213414487537	0.685284648097273	2.228094979910483	0.21098560287554097	0.5420142912282357	0.7393696552203696	0.9943556814324104	0.5011224770379389	10.51012209674029	0.3028337365159372	0.0	0.6208213414487537	0.685284648097273	2.228094979910483	0.0	0.5420142912282357	0.0	0.9943556814324104	0.0
66000	-41.2622177604371	-24.74777244056554	-16.514445319871562	0.0	0	0	1	1	0	1	0	1	1	0	0.9719524284149896	0.5842475415800685	0.056484780720454764	1.7006895486575804	0.6966299474000253	0.3384581029969082	1.4864678592783476	0.1572137131540247	1.0319035944916681	0.24273887576752523	3.566383921134088	0.0	0.0	0.056484780720454764	1.7006895486575804	0.0	0.3384581029969082	0.0	0.1572137131540247	1.0319035944916681	0.0
67000	-38.31134549491149	-23.51028305766065	-14.801062437250843	0.0	0	1	1	1	0	0	1	1	0	1	0.04998210339122612	0.9148247746741018	0.6836272570379772	0.16212735576575568	0.15805628597972365	0.11602570925207822	0.6694880835259253	0.17339224506057885	0.4982579409999924	2.3512498439910834	0.9894029488171857	0.0	0.9148247746741018	0.6836272570379772	0.16212735576575568	0.0	0.0	0.6694880835259253	0.17339224506057885	0.0	2.3512498439910834
68000	-40.551681149488786	-24.816842895475045	-15.734838254013738	0.0	0	1	1	0	0	1	1	0	0	0	0.5067247470213945	0.6850539483087593	0.3235849102325029	0.07041089471565078	0.27773863885049566	0.3289630000928383	0.8086209355334998	0.46536249837069743	3.1208329790888882	0.46511273006908554	2.925584357144941	0.0	0.6850539483087593	0.3235849102325029	0.0	0.0	0.3289630000928383	0.8086209355334998	0.0	0.0	0.0
69000	-48.167336512329676	-25.750947241934202	-22.416389270395474	0.0	1	1	0	1	1	0	0	1	0	0	0.7316440001211532	0.7932023277436197	3.7919999685878496	0.21260590291446513	0.9826612329644026	0.011201938475040266	0.5134475946908543	2.2104005222222396	0.6776400668505771	0.4050233332315335	57.910507975897424	0.7316440001211532	0.7932023277436197	0.0	0.21260590291446513	0.9826612329644026	0.0	0.0	2.2104005222222396	0.0	0.0
70000	-47.36566167133897	-25.7510065989456	-21.614655072393372	0.0	1	1	0	0	1	0	0	1	1	1	0.46200234151617303	1.0608412877984368	0.05460580094612626	0.05511439796169304	0.18763746337272727	0.34682837762568947	0.12673985223457745	0.6321986718392266	0.6421659601328704	1.7689396670114286	699.7394820182537	0.46200234151617303	1.0608412877984368	0.0	0.0	0.18763746337272727	0.0	0.0	0.6321986718392266	0.6421659601328704	1.7689396670114286
71000	-42.945989820329004	-25.3805226339192	-17.56546718640981	0.0	0	0	1	0	0	1	1	0	1	0	0.7606916819005543	0.5097646098615859	0.010455696630096142	0.3049132940014795	0.06223127091419882	0.30899264887930905	1.1279260152890966	0.051300760921763895	0.5993656447944196	1.0652074260701712	150.24911407864278	0.0	0.0	0.010455696630096142	0.0	0.0	0.30899264887930905	1.1279260152890966	0.0	0.5993656447944196	0.0
72000	-44.40131821466177	-25.145990281335177	-19.25532793332659	0.0	1	0	1	0	0	0	0	0	1	1	0.3167145059430027	0.14693991043005755	2.060354441961237	1.0578562270807172	0.5281011301210164	0.6962504679945327	0.6746998734014177	0.6514128903009174	2.030560758364715	1.7138537354186894	5.855662246438586	0.3167145059430027	0.0	2.060354441961237	0.0	0.0	0.0	0.0	0.0	2.030560758364715	1.7138537354186894
73000	-44.63351529949826	-24.85065023530013	-19.782865064198123	0.0	0	0	1	0	1	1	0	0	0	1	0.7342366566169161	0.031749702871831875	0.4550849029590853	0.7416429826565644	0.4208104192948278	0.1918856137438642	0.43875865458516167	0.1833996790549626	0.8053182812189832	5.295804611729848	17.504274175661543	0.0	0.0	0.4550849029590853	0.0	0.4208104192948278	0.1918856137438642	0.0	0.0	0.0	5.295804611729848
74000	-49.99023658262856	-25.751006598941842	-24.23922998368672	0.0	1	1	0	0	1	1	1	1	1	0	0.17216136950168948	0.0012635427823843564	0.18977377204999354	0.8187644912944444	4.077202405005728	0.5432771509848805	0.5974362167173928	0.13719815782084616	0.39227396331571845	0.7546337840906531	313.66045251066026	0.17216136950168948	0.0012635427823843564	0.0	0.0	4.077202405005728	0.5432771509848805	0.5974362167173928	0.13719815782084616	0.39227396331571845	0.0
75000	-47.49352991035305	-25.737939967429202	-21.755589942923848	0.0	1	1	0	1	1	1	0	1	0	0	2.0754701847393364	0.003607867745188331	1.9896826367314955	1.1846088962593064	1.6092272704824706	0.3145065230574523	0.4094453955151251	1.7256753720479554	0.5395802301937603	0.38182472347651436	11.927277600379067	2.0754701847393364	0.003607867745188331	0.0	1.1846088962593064	1.6092272704824706	0.3145065230574523	0.0	1.7256753720479554	0.0	0.0
76000	-46.043623404221194	-25.308932313665647	-20.734691090555543	0.0	1	0	1	0	1	1	1	0	0	0	0.2886154607934044	0.0025646498694131084	0.08037991208836101	1.9830391597706407	3.08056538130151	2.7567006254492425	2.887277205279014	0.043950307726745116	0.11986703203443598	0.2743212036399364	3.4603828337542257	0.2886154607934044	0.0	0.08037991208836101	0.0	3.08056538130151	2.7567006254492425	2.887277205279014	0.0	0.0	0.0
77000	-48.661615302202165	-25.70569045589856	-22.955924846303603	0.0	1	0	1	0	1	1	0	0	1	1	1.732467396245678	0.08893353944179573	3.688778046311195	0.33642390085574786	2.0979366533439787	1.9064081288659989	0.12058140006135341	0.030981587486359298	1.1238566655534301	0.7611989635334129	7.607206890126897	1.732467396245678	0.0	3.688778046311195	0.0	2.0979366533439787	1.9064081288659989	0.0	0.0	1.1238566655534301	0.7611989635334129
78000	-47.59052074570621	-25.751006597650164	-21.839514148056043	0.0	0	1	0	1	0	1	0	1	0	1	0.5641803810430932	1.139522812029774	0.022172119502235525	0.5777048927030113	3.39426644285638	2.6935478345139416	0.07220991359947686	0.1580131215116382	0.03417153151202966	0.4524726793233007	105.29846416203202	0.0	1.139522812029774	0.0	0.5777048927030113	0.0	2.6935478345139416	0.0	0.1580131215116382	0.0	0.4524726793233007
79000	-50.67286612749245	-25.751005873191367	-24.92186025430108	0.0	1	1	0	0	0	1	1	1	0	1	1.7437409291459967	0.6646941731319822	0.6682813784923423	1.1510085090604076	5.733041042120277	1.0042459877961962	0.8595947068923839	0.14985971170869175	0.09050208164760644	0.36705022015591326	30.838005548378693	1.7437409291459967	0.6646941731319822	0.0	0.0	0.0	1.0042459877961962	0.8595947068923839	0.14985971170869175	0.0	0.36705022015591326
80000	-47.6243122927264	-23.631645657913353	-23.992666634813048	0.0	0	1	1	0	0	1	1	0	0	1	1.9686069871915757	1.1079908381300598	4.225475898645311	1.2179079747261066	2.4199554674287835	1.2303814782292772	0.37457272860798385	1.2369743630941863	0.9634744006602067	1.6257911650455201	0.7023437914285434	0.0	1.1079908381300598	4.225475898645311	0.0	0.0	1.2303814782292772	0.37457272860798385	0.0	0.0	1.6257911650455201
81000	-49.71818206731197	-25.73541866636897	-23.982763400943	0.0	0	1	0	0	1	1	0	0	0	1	1.0899319308071993	0.10104296712746333	0.6517786267333442	0.5229538510873345	0.7034708547044273	6.080464398839088	0.12357686861681749	0.5726091440883206	0.170691047844162	1.1601804713713981	155.75306087947283	0.0	0.10104296712746333	0.0	0.0	0.7034708547044273	6.080464398839088	0.0	0.0	0.0	1.1601804713713981
82000	-46.696641563405976	-25.383184898084988	-21.31345666532099	0.0	0	0	1	1	1	1	0	0	1	1	0.6206275938022712	2.5020593315716297	1.8725760122995039	1.5355691912465566	1.186443212204291	0.4194482410955649	0.4089765173519629	0.07088208479774709	2.6893861846717964	1.423618509631279	0.6370529201967927	0.0	0.0	1.8725760122995039	1.5355691912465566	1.186443212204291	0.4194482410955649	0.0	0.0	2.6893861846717964	1.423618509631279
83000	-51.54509697652437	-25.75089252995904	-25.79420444656533	0.0	1	0	0	0	1	0	1	1	0	0	0.5948656821215526	1.150736222896356	0.4177873192165587	1.0904780748209024	1.6290195584602152	2.4426611574942814	2.361945818582019	0.17016626095584494	0.0346125584827055	3.8055811542573506	82.3763931041925	0.5948656821215526	0.0	0.0	0.0	1.6290195584602152	0.0	2.361945818582019	0.17016626095584494	0.0	0.0
84000	-43.88814233562199	-24.347057558678983	-19.541084776943013	0.0	1	1	1	0	0	1	1	0	0	1	1.1142945353577889	0.30708945229503015	1.3386287910149008	2.610124564045153	0.09713218259146097	0.26030201805286995	1.264161984033974	0.26873696425988913	0.5548680922294686	3.1758040212719614	0.615793963751957	1.1142945353577889	0.30708945229503015	1.3386287910149008	0.0	0.0	0.26030201805286995	1.264161984033974	0.0	0.0	3.1758040212719614
85000	-43.817362283680765	-25.75100659894559	-18.06635568473518	0.0	1	1	1	1	0	0	1	1	0	0	0.3190730381573762	0.18738213714941593	0.1874921316691516	0.3555036718143907	0.061360686417486106	0.2133096008708029	0.34271251977337674	1.3086231137126545	0.8007256815343229	0.23529757842204402	133.32137088565045	0.3190730381573762	0.18738213714941593	0.1874921316691516	0.3555036718143907	0.0	0.0	0.34271251977337674	1.3086231137126545	0.0	0.0
86000	-50.67539265744099	-25.7510065989456	-24.924386058495386	0.0	0	0	1	0	1	1	0	0	0	1	0.7603503976995998	4.400199256546063	0.3106512115315657	1.1868809643401328	0.09263184443596911	1.3700552838959204	0.853516716539303	0.7451999400175731	0.4001126180737558	0.28659592521712407	570.6594428131824	0.0	0.0	0.3106512115315657	0.0	0.09263184443596911	1.3700552838959204	0.0	0.0	0.0	0.28659592521712407
87000	-43.83395064895399	-25.5909341063108	-18.243016542643183	0.0	1	0	0	0	1	1	0	0	1	0	0.684867430215257	0.49686140886745905	1.0899796726429727	1.5312875545185214	2.2709807705617675	0.7133331188429634	0.6503824910663759	0.7636368446637141	0.3371439067810208	0.09627005677365714	7.358265255636607	0.684867430215257	0.0	0.0	0.0	2.2709807705617675	0.7133331188429634	0.0	0.0	0.3371439067810208	0.0
88000	-50.47133341363916	-25.60983808931553	-24.861495324323624	0.0	0	0	0	1	1	1	0	0	0	1	2.4371164088244415	1.4600522015755342	2.058972194355476	1.8663369301914738	1.0110160927447784	0.2139072874728793	1.1597383750372627	1.5623792428667858	0.18924032943228278	1.9153577264291797	28.645640164509437	0.0	0.0	0.0	1.8663369301914738	1.0110160927447784	0.2139072874728793	0.0	0.0	0.0	1.9153577264291797
89000	-47.56366642349584	-25.751006502067845	-21.812659921427993	0.0	1	1	0	0	0	1	0	0	1	0	1.2589398713120992	2.7621258563719464	1.3225941954177547	1.0114228350224312	0.47973699395961716	0.617765744219421	0.6017232465255433	0.060756225330607004	0.16330142918284066	0.7910670565119488	147.47497629179517	1.2589398713120992	2.7621258563719464	0.0	0.0	0.0	0.617765744219421	0.0	0.0	0.16330142918284066	0.0
90000	-44.977263738317276	-24.49612628096362	-20.48113745735366	0.0	0	1	0	0	0	0	1	1	1	1	0.23037753265868705	1.5635423158820068	0.3154484304931457	0.8309521471435196	0.9771094051803444	0.10410411598120996	1.6980910135748317	0.10646671878804423	0.5554937756555807	4.223721898677599	6.667519563389908	0.0	1.5635423158820068	0.0	0.0	0.0	0.0	1.6980910135748317	0.10646671878804423	0.5554937756555807	4.223721898677599
91000	-47.67334082434475	-24.411409257220914	-23.26193156712383	0.0	0	1	0	0	0	1	1	0	1	0	1.1047514128272067	2.450788787284938	3.517564088978889	0.9005341749908777	1.7928149438509788	0.8009501175265357	0.31744300049844215	0.7095843077533188	0.1675562472237296	2.0141272475576653	6.514886578837288	0.0	2.450788787284938	0.0	0.0	0.0	0.8009501175265357	0.31744300049844215	0.0	0.1675562472237296	0.0
92000	-52.915193168891236	-25.75100659894562	-27.164186569945613	0.0	0	0	1	0	0	1	1	1	0	1	2.4694989936560794	0.7279033177003933	0.3574243118276256	0.6118372175068466	1.094744996543095	1.1495720241102547	0.6262064726302254	1.3504229786771524	2.7911290686178414	1.8316466237609899	344.30430280522495	0.0	0.0	0.3574243118276256	0.0	0.0	1.1495720241102547	0.6262064726302254	1.3504229786771524	0.0	1.8316466237609899
93000	-42.722313843789024	-24.44832785863128	-18.273985985157747	0.0	0	1	0	1	0	1	1	0	0	0	2.2745316459837848	0.061418977076108335	1.4514164311642164	0.2486300550507528	1.6380249167844332	0.1562611794654734	0.23096935223738344	0.477404264329919	2.0176262706979937	1.0661765056940558	2.836712126448832	0.0	0.061418977076108335	0.0	0.2486300550507528	0.0	0.1562611794654734	0.23096935223738344	0.0	0.0	0.0
94000	-43.32001979138032	-25.231860069418033	-18.088159721962285	0.0	0	1	0	0	1	0	0	0	1	1	1.553389187638223	0.4859649563005814	0.30615304093414186	1.0689873001006958	0.2049946926302819	0.15161335489065655	0.2550926097840851	3.4225826339153773	1.0020744102828298	0.34792316655602235	5.358146963277487	0.0	0.4859649563005814	0.0	0.0	0.2049946926302819	0.0	0.0	0.0	1.0020744102828298	0.34792316655602235
95000	-41.538408126079304	-25.750998654098744	-15.787409471980563	0.0	0	1	1	0	1	1	0	0	0	1	0.6212000157715968	0.21800177230004156	0.3696476717865685	0.5637891025673761	0.1456048825484324	0.1996008388216458	0.6704968846276366	0.09816475932221376	0.598389779839571	1.1373239680000766	23.824724251618004	0.0	0.21800177230004156	0.3696476717865685	0.0	0.1456048825484324	0.1996008388216458	0.0	0.0	0.0	1.1373239680000766
96000	-51.13900973010641	-25.7510065989456	-25.388003131160808	0.0	1	1	0	1	0	0	1	0	0	1	0.05384009941620172	1.6838013405465482	0.29073643914106717	1.1378727307488714	3.840786611803692	0.6106929485116268	2.114208828362319	0.3281377923445132	1.496523122594196	0.7792544431413335	140.2012244741598	0.05384009941620172	1.6838013405465482	0.0	1.1378727307488714	0.0	0.0	2.114208828362319	0.0	0.0	0.7792544431413335
97000	-48.723228721819346	-25.712437562108384	-23.010791159710962	0.0	0	0	1	0	0	1	0	0	1	1	0.5851841437817787	0.1819360416617479	1.6906657633264457	3.316555350654798	0.8234630991798763	1.81080059853483	0.918632718030069	1.207138883877683	0.1000362932269147	0.9816137716261589	42.476472441828626	0.0	0.0	1.6906657633264457	0.0	0.0	1.81080059853483	0.0	0.0	0.1000362932269147	0.9816137716261589
98000	-50.09184809931049	-25.75100659618665	-24.34084150312384	0.0	0	1	1	1	1	0	0	0	0	0	1.8405702227665872	1.027841908649429	1.6568653279093644	0.5718478086735097	3.6241277891248425	1.6651298756582011	0.1065261092780998	0.24234418114638387	0.5603603253637892	0.9861815545257208	79.57953644035744	0.0	1.027841908649429	1.6568653279093644	0.5718478086735097	3.6241277891248425	0.0	0.0	0.0	0.0	0.0
99000	-41.17913836727169	-24.706282003373197	-16.472856363898494	0.0	0	1	0	0	1	0	1	1	0	1	0.5404155217640094	1.08397543907538	0.790403382607268	0.17180181438700634	0.271361510792613	0.8116791647525001	1.347540200674566	0.2542491165484765	0.27211280881598005	1.2929655115196412	5.25376599415369	0.0	1.08397543907538	0.0	0.0	0.271361510792613	0.0	1.347540200674566	0.2542491165484765	0.0	1.2929655115196412
100000	-48.1859278369722	-25.751006598778453	-22.434921238193745	0.0	1	1	1	0	1	0	1	1	0	1	1.1097302799587485	1.632993288979228	0.1414679938382123	0.6816726985428307	0.09913775490932564	1.1042181960060797	0.8875530921365495	0.5923729365434978	0.9490160773937861	1.0010822738530472	40.44370093812205	1.1097302799587485	1.632993288979228	0.1414679938382123	0.0	0.09913775490932564	0.0	0.8875530921365495	0.5923729365434978	0.0	1.0010822738530472
101000	-46.89822533241838	-25.76481038366063	-21.133414948757746	0.0	1	0	0	0	1	1	0	0	1	0	0.7296970239664976	1.28978388302188	1.970882025427357	1.1361839892330103	0.24945316405010012	0.2436479738025734	2.09674023956396	1.0877503098980799	0.1557066662885573	3.13403591799741	4.177443142883557	0.7296970239664976	0.0	0.0	0.0	0.24945316405010012	0.2436479738025734	0.0	0.0	0.1557066662885573	0.0
102000	-50.223049270522836	-25.749616031499656	-24.473433239023183	0.0	0	0	1	1	1	1	1	0	0	0	0.8516165374502025	0.31373963099153873	0.23978165780672328	6.509150613836367	0.8015689843275642	1.321186630753249	0.22664411342771384	0.8436788565983919	0.01402191123701498	1.0280511152805354	72.39034909776264	0.0	0.0	0.23978165780672328	6.509150613836367	0.8015689843275642	1.321186630753249	0.22664411342771384	0.0	0.0	0.0
103000	-46.18563110286135	-26.483000755826172	-19.702630347035182	0.0	0	1	1	1	0	1	0	0	1	0	1.555222091816355	0.5640707033041247	0.5382499940905585	0.09719772367436175	2.8153438226937766	3.4939682763451	0.7661000181452989	1.6652613593109766	0.407756522547384	0.2941891469780624	0.6252297491377258	0.0	0.5640707033041247	0.5382499940905585	0.09719772367436175	0.0	3.4939682763451	0.0	0.0	0.407756522547384	0.0
104000	-51.959228354224216	-26.85571962347788	-25.103508730746334	0.0	1	0	0	1	0	1	1	0	1	1	4.711147932373253	0.2732438433715124	0.3895820761030276	0.12108277120165258	0.8757369197013196	0.3864564876765234	0.165104441588634	3.6928080615960326	4.095561258942962	0.028396970297399463	3.774460219448275	4.711147932373253	0.0	0.0	0.12108277120165258	0.0	0.3864564876765234	0.165104441588634	0.0	4.095561258942962	0.028396970297399463
105000	-49.90085291034071	-25.305272904681832	-24.595580005658878	0.0	0	1	0	1	1	0	1	0	0	1	1.0240486213310356	0.13097568785837083	2.619240326521104	0.12747911121305414	0.8252834006453782	3.8244712293294763	0.10633200406993712	1.87985631071218	1.5250018787182869	2.05313078945265	12.137592328455494	0.0	0.13097568785837083	0.0	0.12747911121305414	0.8252834006453782	0.0	0.10633200406993712	0.0	0.0	2.05313078945265
106000	-48.88625872358159	-24.98422525507876	-23.902033468502836	0.0	0	1	0	0	0	1	1	1	0	1	5.2774671993551125	1.2744647434827148	1.2313582268360137	1.005145181226642	0.8372273949295042	0.09055669649415905	0.5498528236753935	0.07595314913453767	0.5912347680948326	1.5077373689398748	31.782024795222476	0.0	1.2744647434827148	0.0	0.0	0.0	0.09055669649415905	0.5498528236753935	0.07595314913453767	0.0	1.5077373689398748
107000	-58.620654413256105	-25.75100659894561	-32.86964781431049	0.0	1	1	1	1	0	1	0	0	0	0	0.9037672238389002	3.9046905739749755	0.2779779312203005	2.2099799751221734	0.016691231257349184	2.2092578012050943	2.8440890429824472	0.37120646124328266	0.7923186283032473	5.911140972437626	193.69541900504953	0.9037672238389002	3.9046905739749755	0.2779779312203005	2.2099799751221734	0.0	2.2092578012050943	0.0	0.0	0.0	0.0
108000	-52.732986911324105	-25.751006598933124	-26.981980312390984	0.0	0	1	1	1	0	0	1	0	0	0	1.651325840044418	0.15293587596291303	2.5955026653421807	1.0107886929559344	1.3889368675691762	0.6820477359807834	1.2697961507495028	1.8744998136261612	1.9257870774245727	1.022416859967803	257.06734332762113	0.0	0.15293587596291303	2.5955026653421807	1.0107886929559344	0.0	0.0	1.2697961507495028	0.0	0.0	0.0
109000	-50.414258375251116	-25.7510065989456	-24.663251776305515	0.0	0	1	0	0	0	1	1	0	1	0	0.5067170787942555	3.2695921192866306	0.45764444763917467	1.2370514491036924	1.1070770900402305	0.9570404203038698	1.74341916133688	0.2553194415207114	1.0268876609269835	0.8225092741894968	231.9277062214988	0.0	3.2695921192866306	0.0	0.0	0.0	0.9570404203038698	1.74341916133688	0.0	1.0268876609269835	0.0
110000	-41.52890574845536	-24.82492823101474	-16.703977517440613	0.0	0	0	0	1	0	0	1	1	0	1	0.4644815155711473	1.038837090563845	3.6983448136642734	0.22752074745841092	0.5572878189449508	1.113253834148106	0.37715150366251365	0.22609693498090536	0.05425952516556026	0.4216143446491767	2.5004201720780648	0.0	0.0	0.0	0.22752074745841092	0.0	0.0	0.37715150366251365	0.22609693498090536	0.0	0.4216143446491767
111000	-41.52637112176664	-24.192460633117374	-17.333910488649263	0.0	0	0	1	0	1	0	0	1	0	1	0.8532668329496024	0.6245050914157126	0.5718951298042937	1.660486466781426	0.4604233869493369	0.1532786240788079	0.9595335881583235	1.7800260529056442	1.0797065394531669	1.1945918449129016	1.4740655289084479	0.0	0.0	0.5718951298042937	0.0	0.4604233869493369	0.0	0.0	1.7800260529056442	0.0	1.1945918449129016
112000	-44.98431006098453	-24.67375901476556	-20.31055104621896	0.0	0	0	0	1	0	1	0	1	0	1	2.591283955142458	0.42923878299621027	0.30857852460022744	0.014421258742169915	0.9930271119057319	0.30083039985971755	0.3078821419363378	0.7889426621999661	1.9035828286975534	1.0308393407592087	53.78718536733999	0.0	0.0	0.0	0.014421258742169915	0.0	0.30083039985971755	0.0	0.7889426621999661	0.0	1.0308393407592087
113000	-44.22974324235937	-24.76353041117763	-19.46621283118174	0.0	0	1	0	0	1	1	0	0	0	1	3.5354169780327283	0.4211432555239809	0.2727908407236391	0.21098033509315195	1.8574139084781602	0.6267888577439261	0.2775283585380115	0.6207464265220666	0.3717090782712478	2.1748681346616467	4.42293668627856	0.0	0.4211432555239809	0.0	0.0	1.8574139084781602	0.6267888577439261	0.0	0.0	0.0	2.1748681346616467
114000	-52.083470706446946	-25.751001112084523	-26.332469594362426	0.0	0	0	1	0	1	1	1	1	1	1	0.8398641843130121	1.6615793742904263	0.8371100447611416	3.5805453296178165	0.597906153737495	0.4080992910496439	0.4500943853773782	0.09074646061633694	1.227592390092363	2.390005340666251	40.96241466747584	0.0	0.0	0.8371100447611416	0.0	0.597906153737495	0.4080992910496439	0.4500943853773782	0.09074646061633694	1.227592390092363	2.390005340666251
115000	-48.00518890692766	-25.647396538943223	-22.357792367984437	0.0	0	1	1	0	0	1	0	0	1	0	0.9924879249584736	2.3206375003054713	0.5869852669976883	0.3118448771455523	2.1749132607503996	0.5433917882773646	1.2619086443829588	1.2499881751549566	1.89592847625095	0.7554973558947276	14.092957088021342	0.0	2.3206375003054713	0.5869852669976883	0.0	0.0	0.5433917882773646	0.0	0.0	1.89592847625095	0.0
116000	-43.084858913855555	-24.60422384217094	-18.48063507168462	0.0	0	1	1	1	1	1	0	1	0	0	1.381204276426949	0.11489420693863253	1.7294291593085984	0.3989077690511121	0.02332941592875341	0.22415222135034593	0.5410320507930065	1.1372546277839477	0.38679449140135413	2.673208517701221	2.3054451531727884	0.0	0.11489420693863253	1.7294291593085984	0.3989077690511121	0.02332941592875341	0.22415222135034593	0.0	1.1372546277839477	0.0	0.0
117000	-45.338794335320955	-25.367352931757278	-19.971441403563674	0.0	1	1	1	0	0	0	0	0	0	1	0.5823188548682012	0.009589577861444959	1.407395391945404	1.1336512080447485	0.24831974529285952	1.303088609769648	0.973016502405889	0.8676915264802121	0.14060261725033224	0.9150446370201674	107.82325222835739	0.5823188548682012	0.009589577861444959	1.407395391945404	0.0	0.0	0.0	0.0	0.0	0.0	0.9150446370201674
118000	-41.36428079181787	-25.629782105863594	-15.734498685954275	0.0	0	0	1	0	1	0	1	1	0	0	0.7158010377052174	0.24501452877967406	0.42891222050914884	0.29732353320453386	0.017699600597907265	0.5339726511397137	0.5314080276284504	0.30697131229577224	0.23601058157334606	0.3978265041100671	77.00074648227705	0.0	0.0	0.42891222050914884	0.0	0.017699600597907265	0.0	0.5314080276284504	0.30697131229577224	0.0	0.0
119000	-49.49709501502407	-25.7510065989456	-23.746088416078468	0.0	1	0	1	0	1	1	0	1	1	1	0.08317010711588656	2.453548218519134	1.7294341127345707	0.7588634568100494	0.3617443679500379	0.6219637718796912	0.5974235890523824	0.17585277162640198	0.6022665936715557	0.42549327004926024	190.88527690323377	0.08317010711588656	0.0	1.7294341127345707	0.0	0.3617443679500379	0.6219637718796912	0.0	0.17585277162640198	0.6022665936715557	0.42549327004926024
120000	-44.92613959494547	-27.185348662810153	-17.74079093213531	0.0	1	1	0	1	0	0	0	1	0	1	0.28331696554239555	0.19660122238111125	3.0883543936225584	0.805654621275232	0.510981246478978	0.3958823670182432	0.865347934976592	0.15567386565239366	1.9825445221499551	2.4517933894871358	0.37888561628688816	0.28331696554239555	0.19660122238111125	0.0	0.805654621275232	0.0	0.0	0.0	0.15567386565239366	0.0	2.4517933894871358
121000	-55.14138153376359	-25.751006598945605	-29.390374934817984	0.0	1	0	0	1	1	1	0	0	1	0	3.147753766440156	0.6092656695946325	0.2676067803362866	2.658893080629244	0.06774448657131271	0.945254861870911	2.77879656338611	1.6210971724600667	1.1580696352626194	2.888858014590424	166.04947612421472	3.147753766440156	0.0	0.0	2.658893080629244	0.06774448657131271	0.945254861870911	0.0	0.0	1.1580696352626194	0.0
122000	-42.336893983439154	-24.5874722425412	-17.74942174089795	0.0	0	0	1	0	0	1	1	1	0	0	1.136053683626552	2.5371768260227383	0.19464647496787688	1.007356397433734	0.3566640456905683	0.7411040777179697	1.615552422747587	0.7298125181356877	0.053914156912026154	0.1319398068667469	5.127518369676455	0.0	0.0	0.19464647496787688	0.0	0.0	0.7411040777179697	1.615552422747587	0.7298125181356877	0.0	0.0
123000	-49.3602644623293	-25.75100659854607	-23.60925786378323	0.0	1	0	0	1	1	0	0	0	0	1	0.2236881805959703	1.181247334443199	1.7915202678312416	0.3883690623468669	1.2767075666126355	0.1983137559673666	0.43800117001982486	0.04401272529990286	0.6091717693949729	3.7533845262374173	323.7042877799232	0.2236881805959703	0.0	0.0	0.3883690623468669	1.2767075666126355	0.0	0.0	0.0	0.0	3.7533845262374173
124000	-46.94101595582964	-24.600120014225872	-22.340895941603765	0.0	0	1	1	0	1	0	0	0	0	1	2.5309181244938883	0.46026198960550546	1.7550391575416726	0.13693592798944437	0.2975805502132386	0.18060636306986452	3.0235007215174248	0.8209968386426953	2.999537091343593	1.7891332904944377	2.0916339559354706	0.0	0.46026198960550546	1.7550391575416726	0.0	0.2975805502132386	0.0	0.0	0.0	0.0	1.7891332904944377
125000	-43.11769978157828	-23.818705930576407	-19.298993851001875	0.0	0	1	1	1	0	1	1	1	1	0	0.2479331627125095	0.4500414315828862	1.6059017833881803	0.9483857559051608	1.307317687174181	1.5837393257151138	0.4540099067237193	1.1575892050519472	0.5967971188028409	0.8921381405582374	0.6408451490070992	0.0	0.4500414315828862	1.6059017833881803	0.9483857559051608	0.0	1.5837393257151138	0.4540099067237193	1.1575892050519472	0.5967971188028409	0.0
126000	-55.42513363494284	-25.751006598891074	-29.674127036051765	0.0	1	0	0	0	1	0	0	1	0	1	2.0286380909804786	0.45141742567664944	7.031953880696771	1.260355322363799	0.42990115222062064	0.3736208442648826	0.08317619251900145	0.2232024104184463	2.524351644132168	1.6649059465155838	299.40894568942707	2.0286380909804786	0.0	0.0	0.0	0.42990115222062064	0.0	0.0	0.2232024104184463	0.0	1.6649059465155838
127000	-39.5150886703933	-25.556518250722135	-13.958570419671162	0.0	1	0	1	0	0	0	0	1	1	0	0.4211926967765049	0.3683392757710725	0.7481588442894314	0.27289628034460145	0.6144010414718151	0.10034988014483513	0.3131119677702849	0.6425788013502128	0.2840876733947761	1.2045851568090375	3.9716819446140845	0.4211926967765049	0.0	0.7481588442894314	0.0	0.0	0.0	0.0	0.6425788013502128	0.2840876733947761	0.0
128000	-41.06166879331237	-25.9759357413097	-15.085733052002672	0.0	1	1	0	1	0	0	0	1	0	0	0.13933221615047647	0.19590068738232444	1.1251879545295913	1.6608893026108686	0.3689512973129852	1.2343706093943774	0.00602759324446702	0.37533332778595535	0.06479605888996812	0.7001187693409878	4.9747158187820375	0.13933221615047647	0.19590068738232444	0.0	1.6608893026108686	0.0	0.0	0.0	0.37533332778595535	0.0	0.0
129000	-46.011788956640274	-25.443143173059255	-20.56864578358102	0.0	1	0	0	1	0	1	0	1	0	0	0.06430267050933498	0.032288943365946454	0.8618493073809403	3.4731447701640414	0.35623037239686334	2.5259460272665453	0.004375252894349668	0.39567683825750216	0.763921017757783	0.013799605946224716	80.92275644959699	0.06430267050933498	0.0	0.0	3.4731447701640414	0.0	2.5259460272665453	0.0	0.39567683825750216	0.0	0.0
130000	-45.226046544012604	-25.680604610959534	-19.54544193305307	0.0	1	1	0	0	0	0	1	0	0	1	1.1180982022939283	0.13495649193582904	0.649483385646011	0.6454428064988486	1.4796079144786995	0.08278166247439159	0.02677850265492384	2.528997429785311	0.6982266534662236	0.025669944220875273	86.98959328966389	1.1180982022939283	0.13495649193582904	0.0	0.0	0.0	0.0	0.02677850265492384	0.0	0.0	0.025669944220875273
131000	-41.9917008595845	-25.50516842494923	-16.486532434635272	0.0	1	0	1	1	0	0	1	0	1	0	0.6112138429585455	0.6489360340389712	0.4754766344470926	0.28663799171934434	0.17898131056286404	0.4584559404811728	1.60619183101144	0.10032258772116999	0.44383036953665367	2.0624393671575687	5.138354965211025	0.6112138429585455	0.0	0.4754766344470926	0.28663799171934434	0.0	0.0	1.60619183101144	0.0	0.44383036953665367	0.0
132000	-46.117867967238624	-24.88243822555593	-21.235429741682697	0.0	0	0	0	1	1	1	1	0	1	0	1.4856317194909994	0.7554665514813246	2.764904736857539	0.12847368480638668	2.2052032900255627	1.52706792462457	0.036032138438498534	1.483439433616644	0.5718245825438174	0.40879838052920525	6.6196715440924505	0.0	0.0	0.0	0.12847368480638668	2.2052032900255627	1.52706792462457	0.036032138438498534	0.0	0.5718245825438174	0.0
133000	-45.174304435206516	-25.068146178593018	-20.106158256613497	0.0	0	0	0	1	1	0	0	1	1	1	1.865215659028149	1.1265007760980341	0.39185167700657786	1.0434434309592293	0.6280743251362216	0.6221030633461605	0.7720531426943926	1.4607753650294373	0.4765472670250515	1.9748223692998268	5.852527426824139	0.0	0.0	0.0	1.0434434309592293	0.6280743251362216	0.0	0.0	1.4607753650294373	0.4765472670250515	1.9748223692998268
134000	-46.540675211286654	-25.73839971608307	-20.80227549520358	0.0	0	1	1	1	1	0	0	1	0	1	2.0659008177200526	0.18285433152060035	0.07967760273800839	1.1049561993603114	0.49805733084534465	1.3912779113819262	0.2395612439200115	1.6377599277144346	1.2470716446646533	0.14425357336161757	23.497175809190104	0.0	0.18285433152060035	0.07967760273800839	1.1049561993603114	0.49805733084534465	0.0	0.0	1.6377599277144346	0.0	0.14425357336161757
135000	-47.94992504895952	-25.22832489490915	-22.72160015405037	0.0	0	0	1	0	0	0	1	1	1	1	0.6741836782408277	0.7808523554498685	0.2805332909997184	0.058092538079530985	1.1649139193199949	0.564710145141345	2.252496582202159	1.312413029948282	0.72627357099583	3.914759360301448	20.114613604733886	0.0	0.0	0.2805332909997184	0.0	0.0	0.0	2.252496582202159	1.312413029948282	0.72627357099583	3.914759360301448
136000	-38.104507591575256	-23.695656863958728	-14.408850727616525	0.0	1	1	1	0	0	0	0	0	0	1	0.21964291134364192	0.5377079168088278	0.44774041490295996	0.23352649061746353	1.6659033377367383	1.5333176524268668	0.8959921493973906	0.33824153555299014	0.11382970183376385	0.7396064976619209	1.0781564316580488	0.21964291134364192	0.5377079168088278	0.44774041490295996	0.0	0.0	0.0	0.0	0.0	0.0	0.7396064976619209
137000	-49.27609682493036	-25.751006598933575	-23.52509022599679	0.0	1	1	1	0	0	1	1	1	1	0	0.03290727489410889	1.0272824679031245	1.3373784869531011	1.2727598752364213	0.8887145772146553	0.8308682881256015	0.46423423722643425	1.6762788461931721	0.6106221932576426	0.8130650763930763	55.71567575025662	0.03290727489410889	1.0272824679031245	1.3373784869531011	0.0	0.0	0.8308682881256015	0.46423423722643425	1.6762788461931721	0.6106221932576426	0.0
138000	-47.190178080009645	-25.751006571442854	-21.439171508566787	0.0	1	1	1	0	0	1	1	0	0	0	1.507487869853698	0.7367396024240901	1.1763544396752028	0.9217059164859492	0.8865414319793022	0.8434643709246762	0.06894276424778654	0.03119901716625985	0.9503098536339984	0.22022644339671055	329.7751700509865	1.507487869853698	0.7367396024240901	1.1763544396752028	0.0	0.0	0.8434643709246762	0.06894276424778654	0.0	0.0	0.0
139000	-46.912736058223516	-25.7510065989456	-21.161729459277915	0.0	1	0	0	0	0	1	1	0	1	1	1.569950341908248	0.4601350711807555	0.4522611077751066	0.9213950144035729	0.6401465918342506	0.32184461808617726	0.6291113885203672	1.125280607820745	0.2729880241950919	0.46434888560699583	384.4900067997542	1.569950341908248	0.0	0.0	0.0	0.0	0.32184461808617726	0.6291113885203672	0.0	0.2729880241950919	0.46434888560699583
140000	-50.10207184056755	-25.751006598945615	-24.351065241621928	0.0	1	1	1	0	0	1	1	0	0	1	0.34773196638204357	1.6982907737693504	0.9840437869702432	0.6253996646421263	0.0944695897149596	0.034600334067804425	3.9157567990016124	0.1749297258942011	0.22325800019771114	0.5936179060335135	472.7898876258195	0.34773196638204357	1.6982907737693504	0.9840437869702432	0.0	0.0	0.034600334067804425	3.9157567990016124	0.0	0.0	0.5936179060335135
141000	-46.78760563736033	-25.595227696853954	-21.192377940506372	0.0	0	0	1	0	1	1	0	0	1	0	1.988313426189702	1.700425609741635	0.7458048570026742	2.237525682446053	0.749793905746031	0.7769461250790058	1.7980312071060587	0.13761469953388372	0.46157314590513215	0.7769874096568047	9.073941161923324	0.0	0.0	0.7458048570026742	0.0	0.749793905746031	0.7769461250790058	0.0	0.0	0.46157314590513215	0.0
142000	-46.965827071811155	-25.744617974224095	-21.22120909758706	0.0	0	0	1	0	0	0	1	1	1	1	0.32304018292832776	1.3677293693111297	1.7045747464947543	0.05658331807512973	2.559545092644017	2.5078835579628964	0.08364384874307615	0.18245433588456036	0.2891182705412514	0.2869146578041097	46.66916710606436	0.0	0.0	1.7045747464947543	0.0	0.0	0.0	0.08364384874307615	0.18245433588456036	0.2891182705412514	0.2869146578041097
143000	-47.45062810402456	-25.750897959219728	-21.69973014480483	0.0	0	1	0	0	0	1	0	1	1	1	2.0092162043711093	1.6425771588711688	0.7089346490103936	1.8938816566895762	2.3169967969714373	0.4567871406796225	0.26143377774382337	0.2311337137158239	0.27307294566702744	0.0767451702043936	45.31498025756877	0.0	1.6425771588711688	0.0	0.0	0.0	0.4567871406796225	0.0	0.2311337137158239	0.27307294566702744	0.0767451702043936
144000	-45.676622786081175	-25.751006598945597	-19.925616187135578	0.0	1	0	0	0	0	1	0	1	1	1	0.2538415191277079	0.40147625045840074	0.4596935012990574	0.4964795219672075	1.15532942990122	0.7912990928105348	1.101499942602252	0.7111785803205329	0.047232279121678315	1.2020290319323617	174.57173081882263	0.2538415191277079	0.0	0.0	0.0	0.0	0.7912990928105348	0.0	0.7111785803205329	0.047232279121678315	1.2020290319323617
145000	-50.32104724828328	-24.593766355886586	-25.727280892396696	0.0	1	0	0	1	0	1	0	0	1	1	0.032264373126050676	1.4066231096144775	5.339192270876963	0.5711649341636948	1.2962400327886745	0.13026980397208027	1.310934994768114	0.4184846523558627	4.350259583089766	0.676087067894926	9.161424925057908	0.032264373126050676	0.0	0.0	0.5711649341636948	0.0	0.13026980397208027	0.0	0.0	4.350259583089766	0.676087067894926
146000	-48.00833344950821	-25.7510065989456	-22.257326850562606	0.0	0	1	0	0	1	0	1	0	1	1	0.4191645564463037	1.6109997178453515	0.6716623140921714	0.7113746996257223	0.5824523405937742	1.0046985840174303	0.8081980424255328	1.2229853524167495	0.22163660003386873	0.6653897463218128	394.1636256896304	0.0	1.6109997178453515	0.0	0.0	0.5824523405937742	0.0	0.8081980424255328	0.0	0.22163660003386873	0.6653897463218128
147000	-39.99827522072073	-23.70228030217605	-16.29599491854468	0.0	0	1	1	0	1	1	1	0	0	1	0.7605077701774932	0.5213459906571544	0.3854919450146631	1.0224430946045977	0.19396151524481772	0.2945252786111728	0.8015842516275897	0.9870277248546553	0.3247318823429587	1.619971659178144	1.4185716771753794	0.0	0.5213459906571544	0.3854919450146631	0.0	0.19396151524481772	0.2945252786111728	0.8015842516275897	0.0	0.0	1.619971659178144
148000	-40.504909327528196	-25.810476617152105	-14.694432710376095	0.0	1	0	1	1	0	0	0	0	1	0	0.33176089371527334	0.10207462553013266	0.29237120444771497	0.3539843071210129	0.22748581425130796	1.7473724295737214	0.6830115916033086	0.22176388968218788	0.918733700547881	1.9520542555042175	1.2913622812597936	0.33176089371527334	0.0	0.29237120444771497	0.3539843071210129	0.0	0.0	0.0	0.0	0.918733700547881	0.0
149000	-46.98688271330745	-25.75005192304774	-21.236830790259713	0.0	1	0	0	0	0	1	0	1	0	1	0.562800989744837	0.41201534143845375	1.7024343157709394	0.8725566631147469	0.6305530871204229	0.40614418327284013	1.010833401229727	1.7622043805694314	0.7822734605160062	1.5126946100663397	50.82251868696385	0.562800989744837	0.0	0.0	0.0	0.0	0.40614418327284013	0.0	1.7622043805694314	0.0	1.5126946100663397
150000	-46.22032969544582	-25.32074137841935	-20.89958831702647	0.0	0	1	0	0	1	1	1	0	0	0	4.204723392701587	0.4165789719102727	1.4744066948891852	0.11231219371414151	0.9286877949022033	1.9636709886934078	0.6978898254277837	0.6161883584049068	0.46510189738631935	0.1286410779110316	9.745752600543495	0.0	0.4165789719102727	0.0	0.0	0.9286877949022033	1.9636709886934078	0.6978898254277837	0.0	0.0	0.0
151000	-49.41912695903292	-25.390312774012674	-24.028814185020245	0.0	0	1	1	1	1	0	1	0	0	1	1.7653810183657201	0.027039341145789538	0.30803639479025446	1.324994202596465	2.0329337109635497	0.3833622763556407	0.532199205761153	0.4378222345988429	0.505969604769286	5.009794775642475	14.23941239125054	0.0	0.027039341145789538	0.30803639479025446	1.324994202596465	2.0329337109635497	0.0	0.532199205761153	0.0	0.0	5.009794775642475
152000	-46.50155560909004	-25.332815737964857	-21.168739871125183	0.0	1	0	1	0	0	1	1	1	0	0	0.5412412809345679	0.25339167566373594	1.473479435852068	1.86261181120936	2.4428246943177196	0.430850319046805	1.7520597245737122	1.5184322891866953	1.2813845326964162	1.0696384349822377	1.764411413415935	0.5412412809345679	0.0	1.473479435852068	0.0	0.0	0.430850319046805	1.7520597245737122	1.5184322891866953	0.0	0.0
153000	-42.78391396692612	-25.52123474083906	-17.26267922608706	0.0	1	0	1	0	0	0	0	1	1	0	0.9993693820999411	0.585440385219389	0.11009053592336071	1.2970850193898362	0.3660279887969192	0.05896655898088126	0.5529386174464813	0.02670002474763913	1.2664572609049074	0.5399243058161403	45.204610969008975	0.9993693820999411	0.0	0.11009053592336071	0.0	0.0	0.0	0.0	0.02670002474763913	1.2664572609049074	0.0
154000	-51.96025200943594	-25.46001385268346	-26.50023815675248	0.0	1	0	0	0	1	0	0	1	1	1	0.29913275051672533	4.591393182117111	0.841924307085493	0.09746404214212046	1.8320467916557908	1.133321023008749	3.3919878822639924	1.1243861229353171	1.395632061802359	0.9365040373409436	17.600052496876952	0.29913275051672533	0.0	0.0	0.0	1.8320467916557908	0.0	0.0	1.1243861229353171	1.395632061802359	0.9365040373409436
155000	-42.414760206105385	-24.501653430107677	-17.91310677599771	0.0	0	0	0	1	0	1	1	1	0	1	0.9060971467639193	0.8489425492437309	2.4837505715563695	0.8756352551403396	0.5904660182216074	0.09034405597068756	0.7215576214175905	0.831425835862396	0.5393219607316985	1.8148393164534464	1.2660279243625385	0.0	0.0	0.0	0.8756352551403396	0.0	0.09034405597068756	0.7215576214175905	0.831425835862396	0.0	1.8148393164534464
156000	-49.3070216213648	-25.751006598945594	-23.556015022419203	0.0	0	0	1	0	1	0	1	1	1	1	0.19155343477601453	1.0709905933685617	0.5301287758868516	1.8314247231049863	1.7715122273510011	0.06370312959962766	1.8761757441854858	0.6225835238729701	0.7502496745633395	0.4913244479002955	173.22834428587151	0.0	0.0	0.5301287758868516	0.0	1.7715122273510011	0.0	1.8761757441854858	0.6225835238729701	0.7502496745633395	0.4913244479002955
157000	-46.67075391338068	-25.7503424596551	-20.920411453725578	0.0	0	0	0	1	1	0	0	0	1	1	0.21372495335830793	0.2736756582221165	0.32166020198426626	1.1045141331086499	4.298510933118436	1.4873137195197303	0.3886940733573469	0.34709084995214023	0.4143954479889197	0.3905175289333052	55.78282120473432	0.0	0.0	0.0	1.1045141331086499	4.298510933118436	0.0	0.0	0.0	0.4143954479889197	0.3905175289333052
158000	-42.92155927517933	-23.93364280306084	-18.987916472118485	0.0	0	1	1	0	1	0	1	0	0	1	0.5511119797655261	1.1123092715660279	0.4043965841021594	0.14428178498232333	0.31848655113182	4.475028659490082	0.12725567936945548	1.6647562574230728	0.08685641546761601	1.432943051507595	2.004449054155565	0.0	1.1123092715660279	0.4043965841021594	0.0	0.31848655113182	0.0	0.12725567936945548	0.0	0.0	1.432943051507595
159000	-41.134060296596786	-25.399110165343178	-15.734950131253605	0.0	1	1	0	0	0	1	0	1	1	1	0.1987835308576747	0.6472723555988757	0.7682643503872805	0.09800040342094123	0.22475049933539468	0.038801938261577816	0.6223883580127756	0.3208642800377524	1.7098837769135973	0.2897958810293448	5.919895518702286	0.1987835308576747	0.6472723555988757	0.0	0.0	0.0	0.038801938261577816	0.0	0.3208642800377524	1.7098837769135973	0.2897958810293448
160000	-45.54072334803753	-25.732820572605473	-19.807902775432055	0.0	1	1	0	1	1	1	0	1	0	0	0.738798695410835	0.3315371956550287	0.20414532395670903	2.611689545275903	0.36066855037230766	0.25868787221818323	0.4062893962787548	0.40903406926018565	0.2778246436248935	2.57174942879299	13.370043529878702	0.738798695410835	0.3315371956550287	0.0	2.611689545275903	0.36066855037230766	0.25868787221818323	0.0	0.40903406926018565	0.0	0.0
161000	-42.32395125122592	-24.153390345808187	-18.17056090541773	0.0	0	1	1	0	1	1	1	0	0	1	0.6355505373640233	0.03459064790495365	0.31678691287155286	0.6426651038624961	0.31250875558926683	0.0943795304752227	0.3854082085706109	1.089812606642862	3.145107444136821	1.7665296860663973	2.038492999107767	0.0	0.03459064790495365	0.31678691287155286	0.0	0.31250875558926683	0.0943795304752227	0.3854082085706109	0.0	0.0	1.7665296860663973
162000	-40.73871953927842	-25.059385619185054	-15.67933392009337	0.0	1	0	0	0	1	1	0	0	0	1	0.2766020183961516	0.1796340026807039	0.6198372910847436	0.07520854465632518	0.6662208077204647	1.6299720545186411	1.0125834647206993	0.17261087900502034	0.2658045421931791	1.1190859094040808	7.759956937572645	0.2766020183961516	0.0	0.0	0.0	0.6662208077204647	1.6299720545186411	0.0	0.0	0.0	1.1190859094040808
163000	-41.76015549769656	-24.603666696054166	-17.15648880164239	0.0	0	0	1	0	0	0	1	1	0	1	0.7783066330495935	1.8210102638436176	3.0009174024277803	0.3029908791328969	1.036014780423771	0.11728598249330528	0.5232593427351663	0.10979657299209353	0.2228406098050994	0.16959553903789928	4.3254803503689505	0.0	0.0	3.0009174024277803	0.0	0.0	0.0	0.5232593427351663	0.10979657299209353	0.0	0.16959553903789928
164000	-45.335884764847954	-25.74980414094038	-19.586080623907574	0.0	1	0	1	1	1	0	0	1	1	1	0.7072196830608749	0.8787850513133596	0.4286100463459629	1.7998240789915319	0.4612924488431531	0.7927439495030587	0.5884484709544459	0.045518299520965276	0.46611046558218344	0.5439218967516395	10.657807994367962	0.7072196830608749	0.0	0.4286100463459629	1.7998240789915319	0.4612924488431531	0.0	0.0	0.045518299520965276	0.46611046558218344	0.5439218967516395
165000	-41.03054563746548	-24.61041203226155	-16.42013360520393	0.0	0	0	0	1	0	1	0	1	1	1	0.12838734974811505	1.512675052673395	0.19711941313274592	1.017555625342019	0.24391705217576368	1.9782667438768433	0.010114972842582804	0.0582586922102649	1.3629702519714013	0.5675852517113965	3.9232287100821654	0.0	0.0	0.0	1.017555625342019	0.0	1.9782667438768433	0.0	0.0582586922102649	1.3629702519714013	0.5675852517113965
166000	-56.715043978312536	-25.751006509690892	-30.96403746862164	0.0	0	1	1	1	0	1	0	0	1	1	1.102772953320952	1.4509387799210334	1.1944909786570264	0.5909023128552202	0.31839857371024516	0.5299721460606608	2.776810872155805	0.027523453556818823	4.01387981379209	4.978552970777727	124.73610307855765	0.0	1.4509387799210334	1.1944909786570264	0.5909023128552202	0.0	0.5299721460606608	0.0	0.0	4.01387981379209	4.978552970777727
167000	-45.40628492146734	-25.683490582733853	-19.722794338733486	0.0	0	1	1	1	0	0	1	0	0	0	1.905532239153603	0.038123773885155435	1.0640114225867265	1.048028758215599	0.6757645144712486	0.3070059170009288	1.6676057677946723	0.0653916040282467	0.16075516417856353	0.8261827342372788	72.87322576196235	0.0	0.038123773885155435	1.0640114225867265	1.048028758215599	0.0	0.0	1.6676057677946723	0.0	0.0	0.0
168000	-49.72512795968518	-25.75100659894561	-23.974121360739566	0.0	0	1	0	0	1	1	0	0	1	1	1.279133043656702	0.17926647126727419	0.5595689796585683	0.6395195221849401	0.20283515343509467	1.7818523247506783	0.7870722913104987	2.269016265183063	0.9596730282753547	0.26492589521827703	633.1654440674032	0.0	0.17926647126727419	0.0	0.0	0.20283515343509467	1.7818523247506783	0.0	0.0	0.9596730282753547	0.26492589521827703
169000	-49.66528737393985	-25.7510065989456	-23.914280774994246	0.0	0	0	0	1	1	0	1	0	0	1	0.30022209727288207	0.03503562124453277	0.49205591954599076	1.3034549415342611	0.22089285773811	1.233747711684283	0.8381407560271955	2.5779011615019813	1.096911813482887	1.8250715798099537	399.51031912112825	0.0	0.0	0.0	1.3034549415342611	0.22089285773811	0.0	0.8381407560271955	0.0	0.0	1.8250715798099537
170000	-45.87160043789978	-24.363525370735452	-21.508075067164327	0.0	0	1	0	1	0	1	0	0	0	1	0.06255456932069507	0.23917369622148596	2.695226528347105	0.8876507651947313	0.3476563327336994	0.2910797620271458	0.08793653580516986	1.1736652853514802	1.7542332724619922	4.441373514996339	6.790760690637569	0.0	0.23917369622148596	0.0	0.8876507651947313	0.0	0.2910797620271458	0.0	0.0	0.0	4.441373514996339
171000	-51.10143619640314	-25.636321438471477	-25.465114757931666	0.0	1	0	0	0	0	0	1	1	1	0	4.668038826738612	2.835045586462819	0.5197296048924189	0.4965791219422452	0.08544818545680741	1.139995400077611	0.9953181766820336	1.0671915832613827	1.3303257710838619	1.8670895875050226	17.09876963988607	4.668038826738612	0.0	0.0	0.0	0.0	0.0	0.9953181766820336	1.0671915832613827	1.3303257710838619	0.0
172000	-38.80314636003751	-23.74671703872883	-15.056429321308682	0.0	0	1	0	1	0	1	0	0	1	1	0.6398666821698173	0.6264123450113154	0.3466545177093877	0.15779650459787128	0.22741438679078682	0.2642025712928893	0.7451898620829647	2.5492594323785105	0.3209637625903401	0.755241531219827	1.565958888181271	0.0	0.6264123450113154	0.0	0.15779650459787128	0.0	0.2642025712928893	0.0	0.0	0.3209637625903401	0.755241531219827
173000	-46.16102957581116	-25.496573015665813	-20.66445656014535	0.0	0	0	0	1	1	1	0	0	1	0	0.5357571956713261	0.6024209555669235	0.3998872922228818	1.6494893742536036	0.1532332350442289	1.787845880166327	1.2435712663654566	2.2574851033701826	0.4577303252788541	0.6477581121321397	27.06982856593675	0.0	0.0	0.0	1.6494893742536036	0.1532332350442289	1.787845880166327	0.0	0.0	0.4577303252788541	0.0
174000	-43.8294408187335	-25.773305442556595	-18.056135376176908	0.0	1	0	0	1	1	0	1	1	0	0	1.255631850729634	0.5311176195067628	1.346471687109531	0.11331681401102453	0.7837623257577535	0.1879354929300564	0.3887254875619885	2.966936837628993	0.39724833993708847	0.887478003264715	3.392367847287754	1.255631850729634	0.0	0.0	0.11331681401102453	0.7837623257577535	0.0	0.3887254875619885	2.966936837628993	0.0	0.0
175000	-50.22219325172466	-24.634807591639024	-25.58738566008564	0.0	1	1	0	1	0	1	0	1	0	1	1.5350484445061412	0.3657617144734573	8.269060094603995	0.3367866037306421	1.6783062520354282	1.1525046743091134	0.9234330388153505	0.2825124172225047	0.25950219916871914	1.1605316336283358	1.8022591991968433	1.5350484445061412	0.3657617144734573	0.0	0.3367866037306421	0.0	1.1525046743091134	0.0	0.2825124172225047	0.0	1.1605316336283358
176000	-50.51736315699399	-25.751006598945605	-24.766356558048383	0.0	1	0	1	0	0	0	1	1	0	0	0.8700034881386298	0.339875361718841	0.4607654793570555	2.8144216757079557	0.45666579959379044	0.4811491868445645	0.41802449639405753	0.4290672865706795	0.5011382020417574	3.040417685401624	743.2797884457894	0.8700034881386298	0.0	0.4607654793570555	0.0	0.0	0.0	0.41802449639405753	0.4290672865706795	0.0	0.0
177000	-46.90894144304883	-26.287552756123727	-20.621388686925105	0.0	0	0	0	1	1	0	0	1	1	0	0.35355877762607407	0.49761480135636416	2.7558310367094316	0.42969625651135296	2.6957074329482706	0.5093806436229751	1.148895426346218	2.0664786205935215	1.8978308015030882	0.2598706138144437	1.4893601849572833	0.0	0.0	0.0	0.42969625651135296	2.6957074329482706	0.0	0.0	2.0664786205935215	1.8978308015030882	0.0
178000	-47.00203878167988	-24.801653638095054	-22.200385143584825	0.0	1	0	1	1	1	0	0	0	0	1	1.9024486072739204	0.18798109100960306	0.8050056565895184	0.03818060331824829	0.6501634735737842	2.3676434006262697	2.4223957275901538	2.1987426218012214	0.16497875805769996	2.052608111158381	4.194041365964994	1.9024486072739204	0.0	0.8050056565895184	0.03818060331824829	0.6501634735737842	0.0	0.0	0.0	0.0	2.052608111158381
179000	-44.766623107284374	-25.737865927119117	-19.028757180165254	0.0	1	0	0	1	1	0	0	0	1	1	0.7249464927943897	0.2127387705643573	3.5615476377158317	0.6310960258389098	0.16034027272791035	0.8791569839287526	0.8596212776669211	0.06108558178753703	0.9490526375815211	0.21554205550509717	16.222216454591962	0.7249464927943897	0.0	0.0	0.6310960258389098	0.16034027272791035	0.0	0.0	0.0	0.9490526375815211	0.21554205550509717
180000	-45.03960616250188	-24.675225882604163	-20.364380279897716	0.0	0	0	0	1	1	1	0	0	0	1	0.27445784705419246	2.7713407581925615	1.188586116162236	0.49122205793432006	0.6524386971257773	0.06657369059634122	0.418218365076889	2.2075293647853784	1.1682496111057739	1.0819274168065336	11.334409059785164	0.0	0.0	0.0	0.49122205793432006	0.6524386971257773	0.06657369059634122	0.0	0.0	0.0	1.0819274168065336
181000	-52.36188921111301	-25.751006598945605	-26.61088261216741	0.0	1	1	1	1	1	0	0	0	0	0	1.0583888139964919	1.437972253093343	3.4611306902951413	1.1483314428084372	0.8312175501443113	0.8827417132861359	0.6994478903638526	1.6066503938259105	0.6495177876899465	1.5628752349530894	169.72886593640044	1.0583888139964919	1.437972253093343	3.4611306902951413	1.1483314428084372	0.8312175501443113	0.0	0.0	0.0	0.0	0.0
182000	-46.10184774965954	-25.751006596807507	-20.350841152852038	0.0	1	1	1	0	0	0	0	0	1	0	1.3392762384790615	0.9124252341432203	1.024877386576826	0.09734419698314817	0.9275559766223994	0.3848415021244917	1.6030042206115722	0.7781947211204767	0.9922551049481374	0.47562017356341313	63.378839718209825	1.3392762384790615	0.9124252341432203	1.024877386576826	0.0	0.0	0.0	0.0	0.0	0.9922551049481374	0.0
183000	-50.2784350555184	-25.337092055163023	-24.941343000355374	0.0	0	1	1	1	0	0	1	1	1	0	1.581370099459904	0.06406433083282861	2.1987194947681097	1.2423137525887444	1.583273917219353	2.0720456044742686	3.0442228235571513	0.9230371152528405	0.389139868056506	1.636870399501406	3.2237587842227553	0.0	0.06406433083282861	2.1987194947681097	1.2423137525887444	0.0	0.0	3.0442228235571513	0.9230371152528405	0.389139868056506	0.0
184000	-47.661286244794276	-25.55969780441292	-22.101588440381356	0.0	0	0	0	1	1	0	1	1	0	0	1.906628234424805	1.3015580297574167	0.22085014180643037	1.838153414676487	1.6197694525550799	2.7002893097049467	0.1407062496434849	0.2723137855124815	0.5558509929721297	1.671688926154143	9.577106696101854	0.0	0.0	0.0	1.838153414676487	1.6197694525550799	0.0	0.1407062496434849	0.2723137855124815	0.0	0.0
185000	-44.423888952987724	-24.501345560039066	-19.92254339294866	0.0	0	1	0	0	0	1	1	0	1	0	0.9721897580578708	1.2153586809229628	3.0426837864280016	0.0032227174692836115	0.20090807842117803	0.9483322676018185	1.7841501088835117	0.819680677792428	0.16287681414901503	1.3725338998551933	5.985404260401988	0.0	1.2153586809229628	0.0	0.0	0.0	0.9483322676018185	1.7841501088835117	0.0	0.16287681414901503	0.0
186000	-47.08769720521124	-25.751006598945605	-21.336690606265638	0.0	0	1	0	0	0	1	1	1	0	0	0.4232605353839313	0.13047474064157707	0.34240215361692106	0.7993593892103706	0.604696186370033	0.30225061045698853	2.4277029916171355	0.3323079971054413	0.2022475694561353	0.08341125265478097	1092.376120199847	0.0	0.13047474064157707	0.0	0.0	0.0	0.30225061045698853	2.4277029916171355	0.3323079971054413	0.0	0.0
187000	-61.65171738959722	-25.751006598945597	-35.90071079065163	0.0	0	1	0	1	0	0	1	0	0	1	4.21226206175845	0.5809016652640802	0.8792846749355437	0.7015494283537443	1.5373660517438046	0.1418563684933848	5.966576635988489	5.996156790197463	1.345605493022987	0.618506795027792	379.81460813109635	0.0	0.5809016652640802	0.0	0.7015494283537443	0.0	0.0	5.966576635988489	0.0	0.0	0.618506795027792
188000	-44.79624553820527	-25.49548366903389	-19.300761869171378	0.0	1	0	1	0	0	0	0	0	1	1	0.7689425082840784	0.2645853591414278	0.14910105329490428	0.757231253988029	0.4330771393966237	0.04936585494663085	0.9812219524368249	0.025578324601940424	0.017309734344083713	4.889366464900029	28.027912034353818	0.7689425082840784	0.0	0.14910105329490428	0.0	0.0	0.0	0.0	0.0	0.017309734344083713	4.889366464900029
189000	-52.94444379069954	-25.751006598945605	-27.193437191753937	0.0	1	1	1	1	0	0	0	1	1	1	0.8788892986126997	1.3325846738865132	1.3557244113369622	0.7237386097566535	0.08415357103498439	0.26361443688836117	1.231510597908243	0.8672731205460759	0.313736988986053	3.346226661468994	375.2631053183723	0.8788892986126997	1.3325846738865132	1.3557244113369622	0.7237386097566535	0.0	0.0	0.0	0.8672731205460759	0.313736988986053	3.346226661468994
190000	-51.974093493667645	-25.7510065989456	-26.223086894722044	0.0	0	0	0	1	1	1	1	1	0	0	2.36270021862323	0.6585057370749527	0.16576286772996218	0.1527947581575803	0.2687077156192257	2.287695084027385	3.2168108191647473	0.8594717853491837	0.04134467897972299	0.3145368132635923	1010.0787262505963	0.0	0.0	0.0	0.1527947581575803	0.2687077156192257	2.287695084027385	3.2168108191647473	0.8594717853491837	0.0	0.0
191000	-45.22353667365714	-27.882797682905107	-17.340738990752033	0.0	1	1	0	1	0	1	1	1	0	0	0.7324265834812189	0.5732496232315271	0.28139707198742187	0.8593587498086254	2.3175768033697963	0.7176939467823235	2.413455235434957	0.44182104897454694	0.7347225183711353	0.10343667407832748	0.4192146360080099	0.7324265834812189	0.5732496232315271	0.0	0.8593587498086254	0.0	0.7176939467823235	2.413455235434957	0.44182104897454694	0.0	0.0
192000	-47.09136402079146	-25.751006598945605	-21.34035742184586	0.0	1	0	0	0	0	0	1	0	1	1	0.9148867715166307	0.9092670127123974	0.09707216705592886	0.35537639169537566	1.9698859508287243	0.4604664409284063	1.353047778592268	1.3715767234322715	0.7398051033601225	0.23906606687283913	173.24844400829855	0.9148867715166307	0.0	0.0	0.0	0.0	0.0	1.353047778592268	0.0	0.7398051033601225	0.23906606687283913
193000	-47.48518638322526	-25.749217427209274	-21.735968956015988	0.0	0	1	1	1	0	1	0	1	0	0	0.2861857749118862	1.3757135828843365	0.6033660924290695	1.354741997940431	2.08870617859903	2.898898958476112	0.26686630956141044	0.4826182058365494	0.4676467937373502	0.8898089048023814	20.69595396701989	0.0	1.3757135828843365	0.6033660924290695	1.354741997940431	0.0	2.898898958476112	0.0	0.4826182058365494	0.0	0.0
194000	-45.894815480729825	-25.750279224718458	-20.144536256011367	0.0	0	1	1	0	0	0	1	0	1	0	2.418741654988943	1.446472139787076	0.10312599347277722	0.23770225262188008	1.7952734516091213	0.1886322649454685	0.3906423223057267	0.9552110077567639	0.9526806663752925	0.15301104593201123	47.11963847786226	0.0	1.446472139787076	0.10312599347277722	0.0	0.0	0.0	0.3906423223057267	0.0	0.9526806663752925	0.0
195000	-42.718434382003494	-25.267724904845487	-17.45070947715801	0.0	1	1	0	0	1	1	1	0	0	0	2.2428157167885736	1.3267361494511858	0.12405530523353428	0.9486295891080385	0.6646467164173746	1.1451853030371302	1.0075894893906407	0.125925203312207	1.3959428378730996	0.31973352202406	1.1907954749481282	2.2428157167885736	1.3267361494511858	0.0	0.0	0.6646467164173746	1.1451853030371302	1.0075894893906407	0.0	0.0	0.0
196000	-44.008871935121086	-26.48444505239451	-17.524426882726576	0.0	0	0	1	1	1	0	1	0	1	0	0.3044547420608304	0.8936040294063459	0.5015866769161654	0.5964510415102724	2.354543737805058	0.47922892914115733	1.7792757001780888	0.2552530567363729	0.8100415694613589	0.9559737341414625	1.8570026436385345	0.0	0.0	0.5015866769161654	0.5964510415102724	2.354543737805058	0.0	1.7792757001780888	0.0	0.8100415694613589	0.0
197000	-47.95512730129593	-25.751006598945207	-22.20412070235072	0.0	1	0	0	1	1	1	1	1	0	0	0.6191525238964839	2.7888343210815125	1.0943441011725905	0.40977727443791345	2.121736046693262	0.684505077849554	0.1166579943721258	0.2650895996265283	0.09327255696866872	0.16402713773831676	110.72221501150229	0.6191525238964839	0.0	0.0	0.40977727443791345	2.121736046693262	0.684505077849554	0.1166579943721258	0.2650895996265283	0.0	0.0
198000	-57.03534886187286	-25.67765359763184	-31.35769526424102	0.0	0	1	1	0	0	1	0	0	0	1	3.8669447766190266	0.09891239278998729	4.77706553176278	0.22136001880379827	2.6474949229611	0.03786536918062384	1.258550125747736	0.6475244055474051	0.5521523697142188	4.240275204844408	185.3640575244605	0.0	0.09891239278998729	4.77706553176278	0.0	0.0	0.03786536918062384	0.0	0.0	0.0	4.240275204844408
199000	-45.87504654571373	-25.75066291895495	-20.12438362675878	0.0	0	1	1	0	1	1	0	0	0	1	0.24909210994687198	0.21603037567647712	0.9989278641506983	0.45729643497353845	1.2976186424756455	0.06391094159367447	1.7054126939432672	0.05896479470538186	1.2922371852706078	1.7257690077917054	56.42538735366179	0.0	0.21603037567647712	0.9989278641506983	0.0	1.2976186424756455	0.06391094159367447	0.0	0.0	0.0	1.7257690077917054
200000	-47.21692340296552	-25.75084027851172	-21.466083124453796	0.0	1	1	1	0	0	1	1	1	0	0	0.6268173099691804	0.7628364967409221	2.2060112741473827	0.45784952305051413	1.7009431391151806	2.0128836999208306	0.5223008192584925	0.037021257816748546	0.010595873070173739	0.5099659767427676	34.94522821257008	0.6268173099691804	0.7628364967409221	2.2060112741473827	0.0	0.0	2.0128836999208306	0.5223008192584925	0.037021257816748546	0.0	0.0
201000	-44.05559907265142	-24.285290306042263	-19.770308766609155	0.0	0	0	1	0	1	0	0	1	0	1	0.29026727162113675	0.13061867009296324	0.6120357699532991	0.568691254454065	1.3285915907077916	0.38756899811398265	0.48224260688470216	3.286607990658448	2.300336009587898	1.543285002382728	3.423912260379452	0.0	0.0	0.6120357699532991	0.0	1.3285915907077916	0.0	0.0	3.286607990658448	0.0	1.543285002382728
202000	-51.66304556974728	-25.751006598945615	-25.912038970801667	0.0	1	0	1	0	1	0	1	1	0	0	0.48368808313501643	2.8581926578323653	0.16839817583424957	0.7889439178234153	0.6672246743343264	1.238286183474558	0.1869782321331024	0.6069372065798619	1.8105113043419288	2.641077790430813	430.08046880932585	0.48368808313501643	0.0	0.16839817583424957	0.0	0.6672246743343264	0.0	0.1869782321331024	0.6069372065798619	0.0	0.0
203000	-46.27915572956073	-24.78854558340179	-21.49061014615894	0.0	1	0	1	1	0	1	0	1	1	1	0.021833980772884527	2.346384729511834	0.04535045055781606	0.405407647927108	0.059119580753498095	2.5077712248040807	0.2594694919924583	2.662464145902429	0.8208673425864272	0.8131979712060439	2.8517072256869036	0.021833980772884527	0.0	0.04535045055781606	0.405407647927108	0.0	2.5077712248040807	0.0	2.662464145902429	0.8208673425864272	0.8131979712060439
204000	-41.75975519134222	-24.229051779809286	-17.53070341153294	0.0	0	1	0	1	0	1	1	0	0	1	0.372051294806484	1.7029680628508457	0.6459596482395017	0.6200448209726126	1.6632913636805826	1.3058911631196761	0.6386812473469252	1.1901661897658276	0.23194506981569593	0.20731437877519351	2.6562064127439213	0.0	1.7029680628508457	0.0	0.6200448209726126	0.0	1.3058911631196761	0.6386812473469252	0.0	0.0	0.20731437877519351
205000	-43.627864225230766	-25.918313367542098	-17.709550857688665	0.0	1	1	0	0	0	0	0	1	0	1	0.11356599803330074	0.07755564521860477	0.021034398095693182	4.220701535492043	1.0666953975640077	0.0319846461074224	1.8596176056262164	0.026067519407432464	0.14966377049560706	0.640579004620026	6.621141734027648	0.11356599803330074	0.07755564521860477	0.0	0.0	0.0	0.0	0.0	0.026067519407432464	0.0	0.640579004620026
206000	-40.811727409739945	-24.891160144267264	-15.920567265472679	0.0	0	1	1	1	1	1	0	1	0	0	0.5381268762927207	0.15496731087686366	0.8546662149895352	0.2884682979208814	0.34258540069004956	0.2733786016641642	0.9575607661002306	1.2878172898924776	0.3025436394331836	1.1257326715496843	2.1375449017657138	0.0	0.15496731087686366	0.8546662149895352	0.2884682979208814	0.34258540069004956	0.2733786016641642	0.0	1.2878172898924776	0.0	0.0
207000	-51.86297117909517	-25.751006598945484	-26.111964580149685	0.0	1	0	1	0	0	0	1	1	0	0	3.918996499013067	0.46144240055204083	0.6364133236593082	0.11491638692999179	1.0881372249200705	0.28984234788357843	1.7306402807942276	1.2701731212154723	0.9538764405135671	2.490402748636634	209.70085104978997	3.918996499013067	0.0	0.6364133236593082	0.0	0.0	0.0	1.7306402807942276	1.2701731212154723	0.0	0.0
208000	-46.27742504258826	-25.71199319178697	-20.56543185080129	0.0	0	0	1	1	1	1	1	0	0	0	3.0435813858361604	0.8806381236457976	0.5581990865286167	0.41407586662589047	1.893317853606789	1.225934840191042	0.5820814436783682	0.44084294321046186	0.6335245147421549	0.669204293086108	9.421936898266738	0.0	0.0	0.5581990865286167	0.41407586662589047	1.893317853606789	1.225934840191042	0.5820814436783682	0.0	0.0	0.0
209000	-52.317517447339746	-25.751006598945555	-26.56651084839419	0.0	0	0	1	1	1	0	0	0	1	0	0.9057359700931169	0.26121862483634367	0.05184533725344748	0.784555743489956	1.0925681741155542	0.09509951881901584	0.7880101237528627	4.031127644204712	1.5725595444925884	2.248183659644769	653.1677355542718	0.0	0.0	0.05184533725344748	0.784555743489956	1.0925681741155542	0.0	0.0	0.0	1.5725595444925884	0.0
210000	-49.97891457903515	-25.750330184706474	-24.228584394328678	0.0	1	1	0	0	1	0	0	1	1	0	1.9181331000243143	0.8561416720921603	0.886102985527397	0.5213328797137067	0.7856377780424298	0.3680940217204642	1.3120523326993492	2.1350011422530804	0.07137783549410578	2.1930342941509875	156.95584879169283	1.9181331000243143	0.8561416720921603	0.0	0.0	0.7856377780424298	0.0	0.0	2.1350011422530804	0.07137783549410578	0.0
211000	-44.69697684829562	-25.30142613236537	-19.395550715930245	0.0	1	0	1	1	1	0	1	0	0	1	0.6902732064699776	0.7889960689659815	1.6167453999102437	1.1938482522251386	0.1038575057681967	0.8720507837397188	0.7764004723413297	0.6033343843496911	0.5326904750478939	0.4191476352739497	15.667773870710688	0.6902732064699776	0.0	1.6167453999102437	1.1938482522251386	0.1038575057681967	0.0	0.7764004723413297	0.0	0.0	0.4191476352739497
212000	-41.79828291619867	-25.107507857998815	-16.690775058199854	0.0	1	1	0	1	1	0	0	1	0	1	0.695668368870891	0.17471584084718741	0.128130133746901	0.027799552558990265	0.7391506044977786	0.7276396874573204	1.7871198485349318	0.25122596182345625	0.2863895425791477	1.194585674372183	5.161078293855258	0.695668368870891	0.17471584084718741	0.0	0.027799552558990265	0.7391506044977786	0.0	0.0	0.25122596182345625	0.0	1.194585674372183
213000	-42.46314094281882	-25.264987122121475	-17.198153820697343	0.0	1	0	0	1	1	1	0	0	0	0	0.45828742443982834	0.8598549722686203	0.03518800612614035	0.25441340137695323	0.1424926737953759	0.5450656681326093	3.3686236082514305	0.8385922546443331	2.27568759364773	0.34325902018083815	1.5975536285750382	0.45828742443982834	0.0	0.0	0.25441340137695323	0.1424926737953759	0.5450656681326093	0.0	0.0	0.0	0.0
214000	-52.8665570030371	-25.751006598945608	-27.115550404091493	0.0	1	1	1	1	0	0	0	0	1	1	0.7399266165374775	0.445189660877386	1.155473158609666	0.057932931713659826	0.9860677234644001	4.760325690577481	1.1102787285586284	0.47475439192501867	1.0507485942326966	1.2848769345758335	304.2289219413993	0.7399266165374775	0.445189660877386	1.155473158609666	0.057932931713659826	0.0	0.0	0.0	0.0	1.0507485942326966	1.2848769345758335
215000	-39.03853471262974	-25.362418199461843	-13.676116513167901	0.0	0	0	1	1	0	1	0	1	0	1	0.011722545247501916	0.9012397351598884	0.6362184287980446	0.019112485601007884	0.4284898239864579	0.10618335309233623	0.09203229733135897	0.07019627111831059	1.08537569347961	0.3443791654253193	7.403502831974582	0.0	0.0	0.6362184287980446	0.019112485601007884	0.0	0.10618335309233623	0.0	0.07019627111831059	0.0	0.3443791654253193
216000	-44.20651423938824	-24.992387941628124	-19.214126297760114	0.0	0	1	0	0	1	0	1	0	0	1	0.23154612012049242	1.0245013546404593	2.622499147684327	0.13919788012945372	0.08719684292813842	0.3933582216528479	1.51217842395556	1.9598972688530352	0.3335951199196406	0.11118025693703734	23.836633276716242	0.0	1.0245013546404593	0.0	0.0	0.08719684292813842	0.0	1.51217842395556	0.0	0.0	0.11118025693703734
217000	-49.549944114035405	-25.751006598945608	-23.798937515089797	0.0	1	1	1	0	0	0	0	0	0	1	0.9424334543017957	0.6551623242489769	0.626980313781958	0.9732993201694164	0.11028453155697153	0.9982663444120363	0.3650572568860164	2.468288641359325	0.02867025994490886	0.7715574081454005	1183.0639567998946	0.9424334543017957	0.6551623242489769	0.626980313781958	0.0	0.0	0.0	0.0	0.0	0.0	0.7715574081454005
218000	-44.43765138697721	-25.751006598934328	-18.68664478804288	0.0	1	0	0	1	0	0	1	1	1	0	0.014656179790185223	0.3087127911310963	0.7143207006454683	0.36499110536991514	0.16032675761622997	0.7197694609454955	0.3974996405049771	0.825668047794911	0.40380418167835963	2.255942430973371	86.89586250934855	0.014656179790185223	0.0	0.0	0.36499110536991514	0.0	0.0	0.3974996405049771	0.825668047794911	0.40380418167835963	0.0
219000	-42.01351422498992	-24.273019594469243	-17.74049463052068	0.0	1	0	1	0	0	1	1	1	0	1	0.039650342722182534	1.4692293798491165	0.9096288478198793	0.18701617904993859	2.1233499625449976	0.14654985492870745	0.7552840720804639	0.9318874828738378	0.2804854193940028	1.1827045389697524	1.9733459505833462	0.039650342722182534	0.0	0.9096288478198793	0.0	0.0	0.14654985492870745	0.7552840720804639	0.9318874828738378	0.0	1.1827045389697524
220000	-46.459916596285936	-25.097007188539944	-21.362909407745995	0.0	1	1	1	0	0	1	1	0	0	0	0.9511497925489399	0.12565854191444736	1.2067627326451702	1.396450425972646	2.2364134987279423	0.7199822246394297	0.4263376952076574	1.5292820024769331	2.7119854243595043	0.3783107748146114	5.490268069386753	0.9511497925489399	0.12565854191444736	1.2067627326451702	0.0	0.0	0.7199822246394297	0.4263376952076574	0.0	0.0	0.0
221000	-50.15711786408403	-25.711403723960803	-24.445714140123222	0.0	0	1	1	1	1	0	0	1	0	0	2.7316435533958843	0.5007405756237577	0.10769011576092857	0.6710567859535685	4.338882043246523	0.04962253120214502	2.891981156523206	0.2677889225556293	1.241522824631491	0.9481482496131874	15.036779710937218	0.0	0.5007405756237577	0.10769011576092857	0.6710567859535685	4.338882043246523	0.0	0.0	0.2677889225556293	0.0	0.0
222000	-46.359714505726785	-25.749251251037244	-20.61046325468954	0.0	0	0	1	1	1	1	0	0	0	1	0.22085905482429738	0.11829988126579419	0.6290822871485997	1.84794914179534	0.4877933498227572	0.019172523667016435	0.6895951963158576	0.9107940541186298	0.20167462602817665	0.6500120272746523	552.7778839360625	0.0	0.0	0.6290822871485997	1.84794914179534	0.4877933498227572	0.019172523667016435	0.0	0.0	0.0	0.6500120272746523
223000	-46.45051583240635	-25.751006598945597	-20.699509233460752	0.0	1	0	0	0	1	0	1	0	0	1	0.9136974725417539	0.009463187842787268	0.35549056094000747	0.426558023380409	0.4949953220292414	0.2547235863477387	1.8653513977241083	1.8172728503594346	0.6057482691694427	0.7840815737781321	212.31717321964697	0.9136974725417539	0.0	0.0	0.0	0.4949953220292414	0.0	1.8653513977241083	0.0	0.0	0.7840815737781321
224000	-37.52970429969412	-23.687361404022344	-13.842342895671777	0.0	0	1	0	0	0	1	0	1	1	0	0.7619544899588494	0.6074486837367349	0.1460615773906804	0.23134143292132772	0.02256543059355952	0.42172103499071695	0.4538907934789519	0.7933940879094049	0.7236718738544636	1.6149733963816495	1.5795042951370724	0.0	0.6074486837367349	0.0	0.0	0.0	0.42172103499071695	0.0	0.7933940879094049	0.7236718738544636	0.0
225000	-50.71853150535024	-25.62490986062277	-25.09362164472747	0.0	0	1	1	1	1	0	0	0	1	0	2.969326347421589	1.1597484424115974	1.349628761617458	0.018582805542992787	1.7221931710140337	0.048118708358123964	1.321099922243388	1.082233480215699	5.023945847729013	0.11716340501277103	9.975118160338669	0.0	1.1597484424115974	1.349628761617458	0.018582805542992787	1.7221931710140337	0.0	0.0	0.0	5.023945847729013	0.0
226000	-47.927134882595084	-24.35002853838495	-23.57710634421013	0.0	0	1	0	1	0	1	0	0	0	1	0.15906725690371173	2.570161588307386	2.472865731609524	0.0749309788825739	3.204795003190649	0.8901792948686215	0.4421349524630363	1.8787983119018865	0.9828659847577416	0.18188574594910187	22.051415957076966	0.0	2.570161588307386	0.0	0.0749309788825739	0.0	0.8901792948686215	0.0	0.0	0.0	0.18188574594910187
227000	-51.44471420075118	-24.077047377644668	-27.36766682310651	0.0	1	0	1	1	1	0	0	1	0	1	1.9437232527852313	0.8494076623922028	0.9721636325316104	1.5739704401260126	4.630356967729555	0.07968401384656575	1.747451257218932	1.6172187333105468	1.176952235376233	3.4618625351902623	1.3233263566569247	1.9437232527852313	0.0	0.9721636325316104	1.5739704401260126	4.630356967729555	0.0	0.0	1.6172187333105468	0.0	3.4618625351902623
228000	-54.148757740948035	-25.568163671815103	-28.580594069132932	0.0	0	1	0	0	1	0	1	1	0	0	1.3043609149310547	0.18662919009659	2.2529239416265434	0.9777512130032137	0.344708120022505	4.9775662690606755	5.761302658957862	0.4491378215310281	0.6911711556436398	0.22135906470926955	43.25484885599404	0.0	0.18662919009659	0.0	0.0	0.344708120022505	0.0	5.761302658957862	0.4491378215310281	0.0	0.0
229000	-45.39222024901009	-24.10309029206259	-21.289129956947498	0.0	0	1	1	1	0	1	0	0	1	1	1.1504042568484014	1.3071691325393766	1.3975681863829317	1.0156162268483793	1.0321687520797294	0.9755626933337722	0.5576433739573886	1.9025208395976876	1.360819783293403	1.1647068907475064	1.4772442732585234	0.0	1.3071691325393766	1.3975681863829317	1.0156162268483793	0.0	0.9755626933337722	0.0	0.0	1.360819783293403	1.1647068907475064
230000	-47.16869869693994	-25.744661349438925	-21.42403734750102	0.0	1	1	0	1	0	1	0	0	1	0	1.297612761762687	0.7876295931424968	0.718686460716445	0.4272343080013423	1.1055131579176676	3.2593769765332676	0.31413301471908195	3.168767771114838	0.11829881433637202	0.46323650043557923	5.962910593524402	1.297612761762687	0.7876295931424968	0.0	0.4272343080013423	0.0	3.2593769765332676	0.0	0.0	0.11829881433637202	0.0
231000	-44.50528297099322	-24.850623616042064	-19.654659354951157	0.0	1	0	0	0	1	1	1	1	0	0	0.44054693841233233	0.4647638801725843	0.43261583360910955	1.407172075834579	1.2638179748895515	0.1448545657143464	2.1082291744061528	1.6054579370850108	0.5522354746600829	1.6332961104789327	5.075405737287188	0.44054693841233233	0.0	0.0	0.0	1.2638179748895515	0.1448545657143464	2.1082291744061528	1.6054579370850108	0.0	0.0
232000	-40.94284781083625	-25.460693462112577	-15.482154348723672	0.0	0	0	1	0	1	0	0	1	0	1	0.14778719037290738	0.3852537068910433	1.6850704508381358	1.051658018027339	0.8224448270044433	0.21408443588260778	0.4534814277857865	0.26650642636542415	2.3357068201284057	0.497716216092463	1.0144616575105623	0.0	0.0	1.6850704508381358	0.0	0.8224448270044433	0.0	0.0	0.26650642636542415	0.0	0.497716216092463
233000	-45.94345761294871	-25.166068867080256	-20.777388745868457	0.0	1	1	1	1	0	1	1	1	0	1	3.0629340139795627	1.2235526579244778	0.9007020179642417	0.029816004191892943	0.08329001540897467	0.7681574323600122	0.466256650310454	0.24932834815692032	0.7829854512005283	1.8741134182743264	0.39967417197125016	3.0629340139795627	1.2235526579244778	0.9007020179642417	0.029816004191892943	0.0	0.7681574323600122	0.466256650310454	0.24932834815692032	0.0	1.8741134182743264
234000	-43.90578897111537	-25.714225041142928	-18.19156392997244	0.0	0	1	0	0	1	1	1	0	0	1	2.8054403012564375	0.6169851711865542	1.0313055155959765	0.004701080861499213	0.5494217437472253	0.7579256879674416	1.182671713150034	0.26882702517772383	0.058097036269498255	0.08526726256234993	17.16356284645959	0.0	0.6169851711865542	0.0	0.0	0.5494217437472253	0.7579256879674416	1.182671713150034	0.0	0.0	0.08526726256234993
235000	-50.83155600457778	-25.751006598945615	-25.080549405632166	0.0	1	1	1	0	0	1	0	0	1	1	0.40631457487947414	0.11405761184187906	0.7757708828801516	0.17475271640786122	1.8887744587280662	0.20990958979706242	0.1414979146386017	2.8393931309515006	1.0368298933652167	0.20510996691080022	1184.4757713511658	0.40631457487947414	0.11405761184187906	0.7757708828801516	0.0	0.0	0.20990958979706242	0.0	0.0	1.0368298933652167	0.20510996691080022
236000	-41.71042946421314	-25.842998484825646	-15.867430979387498	0.0	0	0	0	1	0	1	1	1	0	0	0.6060613751544891	0.8464646340798052	2.36455314534498	0.6433324333909585	0.2929246065825799	0.8534990234956945	0.6368138845432995	0.7286556372321494	0.43428371445517006	0.09008419513482371	2.143180198346609	0.0	0.0	0.0	0.6433324333909585	0.0	0.8534990234956945	0.6368138845432995	0.7286556372321494	0.0	0.0
237000	-51.28410458259813	-25.673880086335913	-25.610224496262223	0.0	0	1	1	0	0	0	1	0	1	0	0.7405480573325938	0.11381371949459713	1.830245057346984	0.23466522750282423	0.9336455145708711	1.3424233451220229	5.295352077434077	2.112335747607979	0.5507621587824671	0.056152602485647574	108.75802382480467	0.0	0.11381371949459713	1.830245057346984	0.0	0.0	0.0	5.295352077434077	0.0	0.5507621587824671	0.0
238000	-49.20575921794759	-23.685545227501795	-25.52021399044579	0.0	0	1	1	0	0	1	1	1	0	1	3.2264284919454473	0.2560153579516731	0.5230717906025798	1.8515473173598471	0.30487219331698434	2.4512836653852044	1.859571151021376	0.17550361440790396	0.8659129912729301	3.5529761494017595	4.12324420972423	0.0	0.2560153579516731	0.5230717906025798	0.0	0.0	2.4512836653852044	1.859571151021376	0.17550361440790396	0.0	3.5529761494017595
239000	-52.05615929947233	-25.751006598945608	-26.30515270052672	0.0	1	1	1	0	0	1	1	1	1	0	0.2259985000278741	0.07578085581919666	1.3147330290524486	1.6609189243148939	1.6153483352584939	0.9509551440878478	0.47798937314936524	0.2658173721259649	1.1479862941783576	2.001768946949732	316.68483028181635	0.2259985000278741	0.07578085581919666	1.3147330290524486	0.0	0.0	0.9509551440878478	0.47798937314936524	0.2658173721259649	1.1479862941783576	0.0
240000	-40.43402346117354	-24.953132706423126	-15.480890754750416	0.0	0	1	0	1	0	1	0	0	0	1	0.4289970162677673	0.6611185055696308	0.20628721819291757	0.45225321991913736	1.2550348146716093	0.3423875420900689	0.1742990051985772	0.8632820521391625	0.9449711473523625	0.8737513179701711	5.300438884137574	0.0	0.6611185055696308	0.0	0.45225321991913736	0.0	0.3423875420900689	0.0	0.0	0.0	0.8737513179701711
241000	-49.135477405247045	-25.5318434343989	-23.603633970848144	0.0	0	0	1	1	1	1	0	0	0	0	1.5855504913793435	0.16755584633818338	1.475105925913502	1.9965940501827903	0.027178201470859996	0.7526685230537054	0.27607237113584493	2.4634691169834775	1.9616051266174386	0.8488501485659101	78.84032672624599	0.0	0.0	1.475105925913502	1.9965940501827903	0.027178201470859996	0.7526685230537054	0.0	0.0	0.0	0.0
242000	-44.64688914249565	-25.43142924883565	-19.215459893660004	0.0	1	1	0	1	0	0	0	1	1	1	0.3710927661184982	0.2705302618311792	0.12276647922566841	0.3595752902873021	0.27159265622844425	0.489661276435816	1.7473824433957872	3.9814791523156847	0.5407918932036322	0.43532307779409224	4.895288445343347	0.3710927661184982	0.2705302618311792	0.0	0.3595752902873021	0.0	0.0	0.0	3.9814791523156847	0.5407918932036322	0.43532307779409224
243000	-46.22509815109609	-25.201395545926378	-21.023702605169717	0.0	1	0	0	0	0	1	0	1	1	0	0.26512020055563984	0.04600246824284814	1.2942513587209594	0.003172104276770213	1.0369489266319984	1.945641839725218	0.009481859039837861	6.128932673174171	0.12476443823981907	0.03041412866786313	12.452918384698975	0.26512020055563984	0.0	0.0	0.0	0.0	1.945641839725218	0.0	6.128932673174171	0.12476443823981907	0.0
244000	-36.64243900594215	-24.70998373168909	-11.932455274253062	0.0	0	1	1	1	0	1	0	1	0	0	0.033866725851087194	0.02738753400552331	0.8244662509372027	0.400204051143806	0.39671948600443446	0.16948147919574172	0.37808314831178313	1.1342937082993676	0.910260752438979	0.07871055685235089	0.6730744623622372	0.0	0.02738753400552331	0.8244662509372027	0.400204051143806	0.0	0.16948147919574172	0.0	1.1342937082993676	0.0	0.0
245000	-38.38563446118955	-24.65954473574486	-13.72608972544469	0.0	1	1	0	1	0	0	1	0	0	1	0.008204518778096082	0.13997903749326823	0.4338152613111698	0.38445358751658126	0.043848910393330144	3.3715299399340943	0.27167036396254984	1.0280860514090921	0.3373171031700366	0.14975640521242167	0.6587181352206163	0.008204518778096082	0.13997903749326823	0.0	0.38445358751658126	0.0	0.0	0.27167036396254984	0.0	0.0	0.14975640521242167
246000	-49.114232166687486	-25.75100659894554	-23.363225567741942	0.0	1	1	0	0	0	1	1	0	1	1	0.34891288102349677	2.011960895832943	0.280142379768321	0.07512085017239581	0.0044512223583731084	3.0442185053203654	0.08509164010319316	0.34639473737805593	1.3867987947889315	2.0591327552674956	98.80108158297858	0.34891288102349677	2.011960895832943	0.0	0.0	0.0	3.0442185053203654	0.08509164010319316	0.0	1.3867987947889315	2.0591327552674956
247000	-45.69634305709555	-25.750524229790177	-19.945818827305366	0.0	0	0	1	0	1	0	1	1	0	1	2.8976695509281356	1.3175377102641306	0.4767581704387744	0.4582008961191779	0.07005831398122699	0.1526175130425293	0.5999823756057789	0.32267560479837404	0.9435391694447012	1.513691949304786	24.4832782719451	0.0	0.0	0.4767581704387744	0.0	0.07005831398122699	0.0	0.5999823756057789	0.32267560479837404	0.0	1.513691949304786
248000	-45.94099268958221	-24.325418609514962	-21.615574080067248	0.0	0	0	1	1	0	1	0	0	1	0	0.4467351241759157	0.44937367890411833	2.6540909420441587	1.9623459310527047	0.7855814635909769	0.051911313181160844	0.62569885316253	3.871001855255212	0.10818484235928769	0.8637187117204773	8.87424826573351	0.0	0.0	2.6540909420441587	1.9623459310527047	0.0	0.051911313181160844	0.0	0.0	0.10818484235928769	0.0
249000	-45.872140204454865	-24.470122600874987	-21.40201760357988	0.0	1	1	0	0	0	1	1	0	0	1	0.9625707664514934	2.4933861683187395	0.8713618485742488	1.0831614783078893	0.12630084160831154	1.283629176021384	0.8091160421578278	0.6436543272875708	4.459268844127951	0.0826782821327374	1.84383182951207	0.9625707664514934	2.4933861683187395	0.0	0.0	0.0	1.283629176021384	0.8091160421578278	0.0	0.0	0.0826782821327374
250000	-46.289610853453354	-25.508805878950362	-20.78080497450299	0.0	1	0	0	0	0	0	1	1	1	0	0.586986526667248	1.2670247180585619	0.7232138350447908	0.9354564555677561	0.14947996794320678	2.6675694143554436	0.1924622833016015	1.751298226329075	0.1391616262175822	1.6918985884188347	21.138153245179797	0.586986526667248	0.0	0.0	0.0	0.0	0.0	0.1924622833016015	1.751298226329075	0.1391616262175822	0.0
251000	-41.826279573950586	-25.053255462259045	-16.773024111691544	0.0	0	1	0	1	1	0	0	0	0	1	0.9085702923138756	1.408368474488276	0.4131383735459463	0.5369199409361429	1.7185804106297309	0.39329182088788395	0.6855092374793336	0.020691516119501083	1.4068738595528327	0.6734290873711797	2.7151525869738116	0.0	1.408368474488276	0.0	0.5369199409361429	1.7185804106297309	0.0	0.0	0.0	0.0	0.6734290873711797
252000	-44.69412440659664	-25.55324540424864	-19.140879002348	0.0	1	0	0	1	0	0	1	1	0	1	0.4215100033048123	3.1124640006497715	0.058181802269438095	1.3772860170974435	0.08006099930689968	1.3401397011375538	0.09180075719757677	0.3962831256328785	0.40038738724905387	1.9363580719079758	7.011357888544365	0.4215100033048123	0.0	0.0	1.3772860170974435	0.0	0.0	0.09180075719757677	0.3962831256328785	0.0	1.9363580719079758
253000	-45.88002917119617	-25.5183016678112	-20.36172750338497	0.0	1	0	1	0	0	0	0	1	1	0	0.338365023564721	0.32473231097953426	0.0950462421668606	0.3904072107281064	6.258826237920556	0.171348404326571	0.2852453469794733	0.19293892773588098	1.8057010281211177	0.19271009221894767	14.69217701301614	0.338365023564721	0.0	0.0950462421668606	0.0	0.0	0.0	0.0	0.19293892773588098	1.8057010281211177	0.0
254000	-47.3910604244398	-25.750964137085475	-21.640096287354325	0.0	1	0	0	1	1	1	0	0	0	0	1.4018725645454027	0.6294636586283154	0.37929902076976296	0.06441685838368048	0.8085312662656581	1.0147014623188115	0.4066512464546165	0.954613527671171	3.2610885931356046	0.03274247963964125	140.360323836842	1.4018725645454027	0.0	0.0	0.06441685838368048	0.8085312662656581	1.0147014623188115	0.0	0.0	0.0	0.0
255000	-47.31861395924281	-25.751006513741522	-21.567607445501288	0.0	1	1	0	1	0	0	1	0	0	1	0.5399301173669052	0.7763615089277286	0.534085191169418	0.888225608006438	0.2655284986456197	0.7984528771061394	1.5345107674425031	3.5308899185327824	0.01841943986683641	0.2897568835116908	77.08399096488641	0.5399301173669052	0.7763615089277286	0.0	0.888225608006438	0.0	0.0	1.5345107674425031	0.0	0.0	0.2897568835116908
256000	-46.080119635321275	-25.609638447866864	-20.47048118745441	0.0	0	0	1	1	1	1	0	0	0	0	2.6855161683487374	0.9346496199245112	1.1714814537416196	0.6664234522288957	0.6979922010963485	1.201885800764696	2.1486608801782157	0.5105495843236297	0.7485484828762592	0.10610003881928107	7.288405108669163	0.0	0.0	1.1714814537416196	0.6664234522288957	0.6979922010963485	1.201885800764696	0.0	0.0	0.0	0.0
257000	-40.746517001471545	-25.541773395607148	-15.204743605864394	0.0	1	0	0	0	1	1	1	1	0	0	0.5232012524614341	0.8476693589795585	0.6665957936192369	0.4034788008411035	1.1255554853025032	0.30976951387914137	0.3009843387728869	0.3691805424881969	0.18542979057457862	0.7599263281101181	5.6700934130015295	0.5232012524614341	0.0	0.0	0.0	1.1255554853025032	0.30976951387914137	0.3009843387728869	0.3691805424881969	0.0	0.0
258000	-55.00683760080338	-24.98263725431525	-30.024200346488126	0.0	0	1	1	1	1	0	0	1	1	1	1.5708782216000696	0.7149723387788365	0.8117702289048928	0.8084506033880591	1.1658629122754771	4.505241520099253	0.38987101300762017	5.284413427167115	0.447771701869094	2.3180383276242416	4.5037449725565715	0.0	0.7149723387788365	0.8117702289048928	0.8084506033880591	1.1658629122754771	0.0	0.0	5.284413427167115	0.447771701869094	2.3180383276242416
259000	-41.7210256572572	-25.17282314602684	-16.548202511230357	0.0	1	0	1	1	1	0	1	0	0	0	1.033692364902594	0.2890371059929131	0.9658390153330786	1.025597428601344	0.4568177211121691	1.029932003188766	0.7143495192718995	0.09463773442902454	1.1601495594160458	0.8657546141739895	2.55223197498214	1.033692364902594	0.0	0.9658390153330786	1.025597428601344	0.4568177211121691	0.0	0.7143495192718995	0.0	0.0	0.0
260000	-43.98046836775306	-25.669647797488786	-18.310820570264273	0.0	0	1	1	0	0	1	0	1	1	0	0.29598672618534916	1.64848863838298	0.8448713953760832	0.7400272230316924	0.2158714287615374	0.8543148420570837	0.967032963492351	0.28103064245033654	0.48540193526230724	2.3029921383180403	5.458800870047326	0.0	1.64848863838298	0.8448713953760832	0.0	0.0	0.8543148420570837	0.0	0.28103064245033654	0.48540193526230724	0.0
261000	-49.527777632851475	-25.751006598945608	-23.776771033905867	0.0	0	1	1	0	0	1	1	0	1	0	0.6521744059397945	1.154315271150644	1.331376611761834	1.1228527963488901	0.16838434023688012	0.2711326568185314	0.6550626091964037	1.1237981994593358	0.1423586060039696	0.38120771651590707	1496.6334052975124	0.0	1.154315271150644	1.331376611761834	0.0	0.0	0.2711326568185314	0.6550626091964037	0.0	0.1423586060039696	0.0
262000	-40.62418781970027	-25.353545294990642	-15.270642524709626	0.0	0	0	0	1	1	0	1	0	1	1	0.2517146434373954	0.05241992523579447	0.21502471763076886	2.172751270413544	0.1526706364503015	0.24189009006797996	0.4827163368349574	1.2585167326282953	1.7607596174080125	1.1258375757569214	0.6580018796959757	0.0	0.0	0.0	2.172751270413544	0.1526706364503015	0.0	0.4827163368349574	0.0	1.7607596174080125	1.1258375757569214
263000	-49.25297934008172	-25.750987592229226	-23.5019917478525	0.0	1	1	0	1	0	1	1	1	0	1	0.7932419098848077	2.140497164159223	0.594074630953544	2.0099193800904294	0.18319168803830574	0.008588311305721638	1.1996655763380846	0.8133514029690833	1.7348928941951767	0.5640413248793575	19.018878093319014	0.7932419098848077	2.140497164159223	0.0	2.0099193800904294	0.0	0.008588311305721638	1.1996655763380846	0.8133514029690833	0.0	0.5640413248793575
264000	-49.82123380155014	-25.68194853101521	-24.139285270534934	0.0	0	1	0	0	1	0	0	0	1	1	0.8536104346192042	1.2983638278167777	1.900611767566636	1.3425699549339198	0.015535446561105344	0.11478792873458052	2.2978544171408446	0.6088036139424821	1.3818082625503971	1.2449742676776117	196.72972199388045	0.0	1.2983638278167777	0.0	0.0	0.015535446561105344	0.0	0.0	0.0	1.3818082625503971	1.2449742676776117
265000	-53.92548025379533	-25.75085889364201	-28.174621360153317	0.0	0	1	0	1	1	0	0	1	0	0	0.1732258214098516	0.07398101040852442	0.08491343241122085	1.0011818543753017	7.653903190776502	0.2516895546702444	0.8315931777021526	1.5771028812598138	0.2206326994763117	1.6345729839943919	628.2472490848298	0.0	0.07398101040852442	0.0	1.0011818543753017	7.653903190776502	0.0	0.0	1.5771028812598138	0.0	0.0
266000	-50.96035946120006	-25.75100659800772	-25.209352863192343	0.0	1	1	0	0	0	0	0	1	0	1	2.8390495779655964	0.12856111925333347	0.9201750778231302	2.250224714761724	1.189824956023614	1.1314619140841728	1.1941183489379308	0.27434235679585395	0.6588532666843953	0.6310941556715108	399.73920354350014	2.8390495779655964	0.12856111925333347	0.0	0.0	0.0	0.0	0.0	0.27434235679585395	0.0	0.6310941556715108
267000	-38.58605001508515	-25.031347062442563	-13.554702952642586	0.0	1	0	1	1	1	0	0	0	1	0	0.024382085273418997	0.8109966365614263	0.2149839239447197	0.8446763723590249	0.7798676032708103	0.37064197888070183	0.03552750892436149	0.41197742504886353	0.17851548812974316	0.3399158761819895	4.788340865200093	0.024382085273418997	0.0	0.2149839239447197	0.8446763723590249	0.7798676032708103	0.0	0.0	0.0	0.17851548812974316	0.0
268000	-46.01768571186055	-26.00932406603984	-20.008361645820713	0.0	1	1	0	0	0	0	1	1	0	0	2.0253503869601617	0.6880658377292462	1.093590435910437	0.17658929444504182	0.39625075295722145	0.695556111625629	1.2503843064478413	0.03241408511372577	0.9679052868363731	1.5173177272256457	34.03347666129676	2.0253503869601617	0.6880658377292462	0.0	0.0	0.0	0.0	1.2503843064478413	0.03241408511372577	0.0	0.0
269000	-44.03055002367422	-25.714972350362906	-18.315577673311317	0.0	0	0	1	0	0	1	1	0	1	0	0.4959516190128435	0.37132948331014665	1.7350301029635817	0.12251093285877825	1.4721787194986775	1.1057399456043155	0.7288931963426076	0.7292921940109003	0.8932369362608445	0.1441958931347824	18.08249705813347	0.0	0.0	1.7350301029635817	0.0	0.0	1.1057399456043155	0.7288931963426076	0.0	0.8932369362608445	0.0
270000	-47.687677238690846	-25.748688250902696	-21.93898898778815	0.0	1	0	0	1	1	0	0	0	0	1	2.7197427433495904	1.7811648306976426	0.15878617945055376	2.5029713926925123	0.6295982959860552	1.533838234382786	0.2516658471558974	0.3759844678109228	0.6891744891337086	0.42696929281657253	25.52656633830231	2.7197427433495904	0.0	0.0	2.5029713926925123	0.6295982959860552	0.0	0.0	0.0	0.0	0.42696929281657253
271000	-46.44072196371635	-25.749610919059577	-20.691111044656772	0.0	1	1	1	0	0	0	1	0	1	0	2.9623865988889286	0.2757854028196645	0.071482453198196	1.878072214105371	0.23498025901942443	0.21409036929922895	0.1339066404088038	0.1541064831627816	1.4534190111393648	0.5514188663373188	108.21499578220369	2.9623865988889286	0.2757854028196645	0.071482453198196	0.0	0.0	0.0	0.1339066404088038	0.0	1.4534190111393648	0.0
272000	-40.66077087885935	-24.82280759275713	-15.83796328610222	0.0	0	1	1	0	0	1	1	1	0	1	0.38555119025658463	0.2805473066764345	0.6857579533612042	0.397873947254558	0.5936498960750423	0.4410926652611156	1.0810540697859308	1.5842974609096905	0.36272628995318085	1.1340158702174448	0.8664962148046179	0.0	0.2805473066764345	0.6857579533612042	0.0	0.0	0.4410926652611156	1.0810540697859308	1.5842974609096905	0.0	1.1340158702174448
273000	-50.42254277311198	-25.751005813510425	-24.671536959601553	0.0	1	0	0	0	0	0	1	0	1	1	2.8663601035319557	0.5003105012988794	0.83173705872564	2.703045785891391	0.8340508564562207	1.9689439858611222	0.6421830630385419	0.6549075641953116	1.1592623024494395	0.30943827947457897	90.7383797974159	2.8663601035319557	0.0	0.0	0.0	0.0	0.0	0.6421830630385419	0.0	1.1592623024494395	0.30943827947457897
274000	-45.96022139433921	-24.903430652958438	-21.05679074138077	0.0	0	0	0	1	1	1	0	1	0	1	0.25136701451206617	3.9700232447917045	0.907727348795349	0.6984540793916385	0.6057148084615885	2.426051740253309	0.010418812205621535	1.6403098900742024	0.6710197850577809	0.6654119659931146	3.43589866394018	0.0	0.0	0.0	0.6984540793916385	0.6057148084615885	2.426051740253309	0.0	1.6403098900742024	0.0	0.6654119659931146
275000	-44.23002581530697	-26.332699533939763	-17.897326281367214	0.0	1	0	0	0	1	0	0	0	1	1	2.9975832626967396	0.2610841844041591	0.9302282241961196	1.5211629475250925	0.6196341189435659	0.20410377760732817	0.6962049203961592	0.45934421838862516	0.9995489264980962	0.3874516235769588	3.3593444067636526	2.9975832626967396	0.0	0.0	0.0	0.6196341189435659	0.0	0.0	0.0	0.9995489264980962	0.3874516235769588
276000	-48.519693817464855	-25.74575231328864	-22.773941504176214	0.0	1	0	0	0	1	1	0	1	0	1	1.4032300567123865	1.6317209626911076	2.1880822217291964	0.8120308043145995	0.7147870001791823	0.6097760031731999	0.45234977582025704	0.764401733040319	0.19552447881285023	2.9452616334815773	21.42596600704321	1.4032300567123865	0.0	0.0	0.0	0.7147870001791823	0.6097760031731999	0.0	0.764401733040319	0.0	2.9452616334815773
277000	-46.44277862909118	-25.567186914551396	-20.875591714539787	0.0	0	1	1	0	1	0	0	0	1	1	1.6910428122261665	0.607990014072529	1.7120543659306686	0.5661213813888761	0.2515742659790263	1.1506029837340996	1.1424153805999153	0.3197435962013853	0.180485188655413	2.5124245588179352	15.71111618062594	0.0	0.607990014072529	1.7120543659306686	0.0	0.2515742659790263	0.0	0.0	0.0	0.180485188655413	2.5124245588179352
278000	-42.52953875497555	-25.273965323265568	-17.25557343170998	0.0	0	0	1	1	1	0	1	1	0	1	1.2949714470359577	0.6255289755268888	0.6858562235446781	2.1254865454305722	0.5245466688720543	0.42393530271969865	0.28040672578716275	0.05585120510376544	1.309940950396432	0.17914613001013965	2.0439614352011137	0.0	0.0	0.6858562235446781	2.1254865454305722	0.5245466688720543	0.0	0.28040672578716275	0.05585120510376544	0.0	0.17914613001013965
279000	-54.87426884644767	-26.555897599549148	-28.318371246898522	0.0	1	1	0	0	1	1	0	0	0	1	0.9414046477878042	0.8695850349875965	1.8633230616533216	1.3734092290169007	1.0011891490095441	1.350415612014328	3.23676283268974	3.209412049251905	5.105618926261245	0.07364044470823917	3.7336342419521418	0.9414046477878042	0.8695850349875965	0.0	0.0	1.0011891490095441	1.350415612014328	0.0	0.0	0.0	0.07364044470823917
280000	-49.692642092869875	-25.640467711606576	-24.0521743812633	0.0	0	1	0	1	1	0	0	1	0	0	1.8418309639928205	0.14842435595632303	2.631849694225095	0.8937374690833229	1.0113434091443083	0.5699368752584212	0.7756856212042259	0.17969938332929	2.037192715962508	3.30876689426318	20.67599441275695	0.0	0.14842435595632303	0.0	0.8937374690833229	1.0113434091443083	0.0	0.0	0.17969938332929	0.0	0.0
281000	-50.66366923224211	-25.751006598945608	-24.9126626332965	0.0	1	0	1	1	1	1	0	1	1	1	0.21616244049400207	0.02108935532224752	0.11833777931886888	2.8853993712574764	0.09727925498046532	0.12671158507720487	0.10027406654760886	0.4917448476865594	1.1620219585496914	1.254074507731362	346.24021416969794	0.21616244049400207	0.0	0.11833777931886888	2.8853993712574764	0.09727925498046532	0.12671158507720487	0.0	0.4917448476865594	1.1620219585496914	1.254074507731362
282000	-49.79721637410843	-25.7479509428248	-24.04926543128363	0.0	0	1	0	0	0	1	0	1	1	0	0.2066415343829967	4.367121288541663	0.05085550109945088	0.5903497430796737	1.2525591295014826	0.6798278265080561	1.3454073379309035	0.19706366075048565	2.0829263364189927	0.9074424056846329	105.73251143176563	0.0	4.367121288541663	0.0	0.0	0.0	0.6798278265080561	0.0	0.19706366075048565	2.0829263364189927	0.0
283000	-48.65684994636887	-25.439222059698757	-23.217627886670115	0.0	0	1	0	1	1	0	0	0	0	1	1.245581154984718	0.57064671983914	2.977034445781944	1.1848591329489924	2.989445129014083	0.26193766361580145	1.4856251564229175	0.44709271808024564	0.30260513847225456	1.7516028033147815	10.865915794339442	0.0	0.57064671983914	0.0	1.1848591329489924	2.989445129014083	0.0	0.0	0.0	0.0	1.7516028033147815
284000	-46.672939155963554	-25.7510065989456	-20.921932557017954	0.0	0	0	1	0	1	0	1	0	1	1	0.30764444043268435	0.8910719752859467	0.9718245781650491	0.03720375056251938	0.1130796767776129	0.28910366668997856	0.3970774355661543	0.10024633145208803	1.627535283244881	0.791393488993247	775.3188804384151	0.0	0.0	0.9718245781650491	0.0	0.1130796767776129	0.0	0.3970774355661543	0.0	1.627535283244881	0.791393488993247
285000	-38.672708054316885	-24.934591815546547	-13.738116238770337	0.0	1	1	1	0	0	0	0	1	0	1	0.11155095277246231	0.47678788891770796	0.291961988961117	0.2600506721858485	0.9616254083001654	1.3431015540594704	0.32587781687990247	0.3247735421031027	0.19594186849456932	0.36289042664511095	3.0277575520911455	0.11155095277246231	0.47678788891770796	0.291961988961117	0.0	0.0	0.0	0.0	0.3247735421031027	0.0	0.36289042664511095
286000	-47.75544046341196	-25.751006598945597	-22.00443386446636	0.0	0	0	1	1	1	1	0	0	1	0	0.3825080654031251	0.04247680136900495	1.8261888371341577	0.4185375013585161	0.1535838849856513	0.20749316194149114	1.8981904090500463	0.16901751588832126	2.7785192436018997	0.10017234577169433	313.1138576236427	0.0	0.0	1.8261888371341577	0.4185375013585161	0.1535838849856513	0.20749316194149114	0.0	0.0	2.7785192436018997	0.0
287000	-45.409835983834284	-25.74805985857904	-19.661776125255248	0.0	0	0	0	1	1	1	0	1	0	1	1.0622306885446335	0.14111563991980972	1.0330421187282408	0.48781906457947105	0.05589638614163344	0.16093774785909573	2.5448243439522296	1.6986728472273642	0.32160086428314955	0.612956862639923	34.398306774340654	0.0	0.0	0.0	0.48781906457947105	0.05589638614163344	0.16093774785909573	0.0	1.6986728472273642	0.0	0.612956862639923
288000	-50.29828209376097	-25.75100357248293	-24.547278521278038	0.0	0	1	0	0	0	0	1	0	1	1	1.4958679532341563	0.2808430440762402	1.75310507529003	0.019076235123189834	0.27002977364080627	1.4325290717354062	2.223359679499434	1.9942165395862221	2.382814875244727	0.3730523742647173	101.34870736739283	0.0	0.2808430440762402	0.0	0.0	0.0	0.0	2.223359679499434	0.0	2.382814875244727	0.3730523742647173
289000	-42.66626908138686	-25.240506726176367	-17.42576235521049	0.0	0	1	0	1	1	1	0	0	0	1	0.4674812462044299	0.667555998567085	0.21917002836827232	0.11442387305275831	1.3154194098741374	0.43535863157746857	3.455639388553953	0.5418557905309681	2.005368984554581	0.36099035183833605	0.8760591660428094	0.0	0.667555998567085	0.0	0.11442387305275831	1.3154194098741374	0.43535863157746857	0.0	0.0	0.0	0.36099035183833605
290000	-50.93616637698282	-25.751006598945605	-25.185159778037214	0.0	0	1	1	0	0	1	0	0	0	1	1.4600549720050002	0.17221518242542316	0.5009819595151893	2.1405719430088954	0.18235018028801675	0.3417439655120372	2.3573255194425085	0.02469688297079588	1.9357106495587837	0.47846275549983436	1042.0055148250215	0.0	0.17221518242542316	0.5009819595151893	0.0	0.0	0.3417439655120372	0.0	0.0	0.0	0.47846275549983436
291000	-49.613528992108485	-25.751006598945605	-23.86252239316288	0.0	0	0	1	1	1	1	1	0	0	0	0.6949809459417942	1.4885061916964493	0.44753900295330046	0.7320358399262934	2.9416236414999126	1.4196371470204336	0.8219013143817833	0.1287403904789188	0.26909485327927374	1.6154799753277553	174.189207048702	0.0	0.0	0.44753900295330046	0.7320358399262934	2.9416236414999126	1.4196371470204336	0.8219013143817833	0.0	0.0	0.0
292000	-49.09160579109516	-27.38406748213461	-21.70753830896055	0.0	1	1	1	0	0	0	1	0	0	0	0.09161820523244694	4.022176832123447	0.2345805165278407	3.939820756188459	1.0248542027692564	0.44512399412075665	0.8666766251069912	0.013095984908486813	0.8311228198529553	0.7824734565159549	6.324482547683986	0.09161820523244694	4.022176832123447	0.2345805165278407	0.0	0.0	0.0	0.8666766251069912	0.0	0.0	0.0
293000	-46.58037904471442	-25.485079442369816	-21.095299602344603	0.0	1	0	0	0	1	0	1	0	0	1	1.6601097715740247	2.1349488289929965	1.0304746245797025	0.05515028470866775	1.746406193093337	0.11863572378656753	1.5666305681654036	1.1507856613217282	1.2970579732727987	0.8966445205386594	6.2150930660857115	1.6601097715740247	0.0	0.0	0.0	1.746406193093337	0.0	1.5666305681654036	0.0	0.0	0.8966445205386594
294000	-45.46534214429703	-25.751006598945608	-19.714335545351425	0.0	1	0	0	1	1	1	0	1	0	1	0.22253194444325086	0.4287265441111815	0.30550563389164065	0.014501865154929426	0.28307557171402786	0.3333890886800975	1.3388811350361456	0.7987666699795724	1.2622457794775006	0.2715704585256122	188.35679604690478	0.22253194444325086	0.0	0.0	0.014501865154929426	0.28307557171402786	0.3333890886800975	0.0	0.7987666699795724	0.0	0.2715704585256122
295000	-47.36906844376004	-25.60524560219248	-21.76382284156756	0.0	1	0	0	1	1	1	1	1	0	0	0.5412654187692599	0.3510621884762808	0.9206898484636229	2.3852035115025267	0.09773801279613692	0.27509599465940904	0.12791942019148203	0.8873689092855681	1.1551698077496726	3.5459141905623124	11.401482820352774	0.5412654187692599	0.0	0.0	2.3852035115025267	0.09773801279613692	0.27509599465940904	0.12791942019148203	0.8873689092855681	0.0	0.0
296000	-46.84281771567569	-25.433613600408783	-21.409204115266906	0.0	1	0	1	0	1	0	0	1	0	1	0.6378754614297238	1.129216574869103	0.455690594588279	1.1122354769171765	0.3341070636672316	0.469638668119936	0.4843717534535946	2.4145264064206895	1.8397386652260115	2.6771197486122613	6.52877432383079	0.6378754614297238	0.0	0.455690594588279	0.0	0.3341070636672316	0.0	0.0	2.4145264064206895	0.0	2.6771197486122613
297000	-46.676644933875025	-27.241320658539106	-19.43532427533592	0.0	1	0	1	1	1	0	0	1	1	0	0.8801314772762444	0.2872453227965475	0.6145179658116388	2.8397588360143193	1.7777335176844296	1.2632591495485026	2.2805790255899634	0.9349852403224221	0.2187132947844018	0.01060063233058604	0.4930795633153285	0.8801314772762444	0.0	0.6145179658116388	2.8397588360143193	1.7777335176844296	0.0	0.0	0.9349852403224221	0.2187132947844018	0.0
298000	-45.59372014325933	-25.751006598633523	-19.84271354462581	0.0	1	0	0	0	1	1	1	0	0	1	1.451051856088694	0.6740933311887884	0.27476684160506554	1.4829817454858765	0.9182155045464726	0.30885544593156655	0.6343895550430696	1.5870009439126582	0.10764783924919509	0.40402294667991956	53.33117010944877	1.451051856088694	0.0	0.0	0.0	0.9182155045464726	0.30885544593156655	0.6343895550430696	0.0	0.0	0.40402294667991956
299000	-47.88448564581346	-25.750705673991323	-22.13377997182214	0.0	1	0	0	1	0	1	0	1	1	0	0.8046597054478862	0.019980931613289878	1.0068956852161597	0.23322288602517502	0.8405169132926118	1.3654240628431735	0.45195368025885574	1.0526419479964169	0.9526583397458227	4.410387944764929	20.175221397571764	0.8046597054478862	0.0	0.0	0.23322288602517502	0.0	1.3654240628431735	0.0	1.0526419479964169	0.9526583397458227	0.0
300000	-40.559448637372945	-24.452354200305347	-16.107094437067598	0.0	1	1	1	0	0	0	0	0	0	1	1.0605232089182695	0.7325805240090165	1.2114871245654777	1.4387574513798125	0.16226570889556025	1.6081973515426684	1.2445764446913177	0.602271486244452	0.8318915454262386	0.8461671363660086	0.28931484921753514	1.0605232089182695	0.7325805240090165	1.2114871245654777	0.0	0.0	0.0	0.0	0.0	0.0	0.8461671363660086
301000	-49.50092994264457	-25.751006598945605	-23.749923343698963	0.0	0	1	1	0	1	1	0	0	1	0	0.7005698472970211	2.6161391122296513	0.44001824953732427	1.223987117914452	0.4914452715778812	0.34579332566188586	1.7413673177606364	0.07739606030198587	2.0202669549410683	0.4870679599488763	224.33461053335608	0.0	2.6161391122296513	0.44001824953732427	0.0	0.4914452715778812	0.34579332566188586	0.0	0.0	2.0202669549410683	0.0
302000	-45.38468599261515	-24.231434615840673	-21.153251376774477	0.0	0	1	1	0	0	1	1	0	0	0	1.6585531957909165	0.3776509494192638	1.7760460899457666	0.48650725079306284	1.5469826194688818	1.9536215295672745	2.2849843507676217	1.0209419445070873	0.7092870536169092	0.9278922398870703	2.2305968261441027	0.0	0.3776509494192638	1.7760460899457666	0.0	0.0	1.9536215295672745	2.2849843507676217	0.0	0.0	0.0
303000	-45.01532262157051	-24.903470392227586	-20.111852229342926	0.0	0	1	0	0	1	0	1	1	0	0	0.473462949234213	0.5924145187390133	0.5454043011197949	0.3828528974880802	0.8788266582919148	1.0223207230759404	1.107183017413036	2.4625012706662863	0.41523761855446695	3.6431936216940577	2.6636146248183006	0.0	0.5924145187390133	0.0	0.0	0.8788266582919148	0.0	1.107183017413036	2.4625012706662863	0.0	0.0
304000	-46.10708850486512	-25.732390220346748	-20.374698284518374	0.0	0	1	0	1	0	1	1	0	0	1	3.1882653649374055	0.9571618691392056	1.1318300019159093	0.34563201521571907	0.28869019776146754	0.023297982345810275	0.8838585485341405	1.9832707744316618	0.319987120632626	0.3026536277554992	19.296093584572596	0.0	0.9571618691392056	0.0	0.34563201521571907	0.0	0.023297982345810275	0.8838585485341405	0.0	0.0	0.3026536277554992
305000	-47.94720103310545	-25.7236891288765	-22.22351190422895	0.0	1	0	0	0	0	0	1	1	1	0	0.9313733950976355	1.3724333325016684	3.9024334285971607	2.3522731502719907	1.6325874225316712	0.015491802306730917	0.6282943067088339	0.09179074807510043	0.27036139322222874	0.03278906133755556	28.82192645996239	0.9313733950976355	0.0	0.0	0.0	0.0	0.0	0.6282943067088339	0.09179074807510043	0.27036139322222874	0.0
306000	-46.141920308761314	-24.185352275232006	-21.956568033529308	0.0	1	0	0	1	0	1	1	0	1	0	0.027456272809687238	0.3794778169091241	0.334347975832337	0.8574564197604663	2.3455956823082764	3.0371195009970626	1.5726947543768424	1.996470054217815	0.4502566762458959	1.791533299105591	3.281348829097757	0.027456272809687238	0.0	0.0	0.8574564197604663	0.0	3.0371195009970626	1.5726947543768424	0.0	0.4502566762458959	0.0
307000	-42.435857042721594	-25.747590597617346	-16.68826644510425	0.0	0	1	0	0	0	0	1	1	0	1	0.15532511236497537	0.20298134634778334	0.03460256613896848	1.6938945753820847	0.5177821839304946	0.6030440685494102	0.45760618641388645	0.11238872567327614	1.4021567992295225	0.13802230110269476	41.49633896159253	0.0	0.20298134634778334	0.0	0.0	0.0	0.0	0.45760618641388645	0.11238872567327614	0.0	0.13802230110269476
308000	-46.88532941110838	-24.449844766532546	-22.435484644575833	0.0	1	1	0	0	0	1	1	0	0	0	0.031773334149828046	1.0778049409090535	0.10111995100005255	1.8753593718582255	2.145255469672881	2.0422238018277143	1.4091202568911176	0.5201233358373005	1.3283130970047428	0.1633385523068969	59.08403866608052	0.031773334149828046	1.0778049409090535	0.0	0.0	0.0	2.0422238018277143	1.4091202568911176	0.0	0.0	0.0
309000	-53.54750167297881	-25.74952815990893	-27.797973513069884	0.0	1	0	1	0	1	1	0	0	0	1	0.05965667166301432	4.1240707983546985	0.9657312907583004	0.04168056097484986	0.841906695918028	0.8165268453612389	0.7416934131728886	1.6355038950859633	2.4536047780855177	4.47298395581948	37.95803230008121	0.05965667166301432	0.0	0.9657312907583004	0.0	0.841906695918028	0.8165268453612389	0.0	0.0	0.0	4.47298395581948
310000	-46.22837375631692	-24.775547308422013	-21.452826447894907	0.0	0	0	0	1	1	1	0	0	0	1	0.7888232583748602	0.6764944324111674	1.2501912915698175	1.0889124564263253	1.0089431294917697	0.8441150038501624	4.757074112222766	0.6967431183085749	0.7346156722180984	0.5490923515725752	4.254293108636635	0.0	0.0	0.0	1.0889124564263253	1.0089431294917697	0.8441150038501624	0.0	0.0	0.0	0.5490923515725752
311000	-49.44957521422849	-25.323403310658353	-24.12617190357014	0.0	1	0	0	0	1	0	1	1	1	0	3.542431095674114	0.20116071161977925	0.41997301852905256	0.8939604088789801	0.6809390552039898	1.7880718450487365	0.03923047993928285	3.087590355707094	1.3036609486233104	2.0501140581919546	8.489897987933565	3.542431095674114	0.0	0.0	0.0	0.6809390552039898	0.0	0.03923047993928285	3.087590355707094	1.3036609486233104	0.0
312000	-51.55874935198833	-25.672531952266944	-25.88621739972139	0.0	1	0	0	0	1	0	1	0	0	1	2.5789007159011135	0.3412950850467416	0.5814431184096428	0.6113082497578474	3.410506213398638	1.1392110313574935	0.0854670581441875	3.5528593537782465	0.390660866114535	0.8257158183095586	105.7113829771679	2.5789007159011135	0.0	0.0	0.0	3.410506213398638	0.0	0.0854670581441875	0.0	0.0	0.8257158183095586
313000	-48.928349159826396	-26.36537434990005	-22.562974809926345	0.0	1	0	0	0	0	1	1	0	1	1	0.7402453502671082	0.7909653013719664	0.5365724158319802	4.875223146781184	1.193721482711259	0.19589345528098434	2.7122035025106634	0.2000580510122259	2.0446996914882827	0.9155201754385461	1.4666437830136745	0.7402453502671082	0.0	0.0	0.0	0.0	0.19589345528098434	2.7122035025106634	0.0	2.0446996914882827	0.9155201754385461
314000	-56.04833661280214	-25.7510065989456	-30.297330013856538	0.0	0	0	1	0	1	1	0	1	1	1	0.334088062708288	0.6082270605956582	1.0696768403238364	4.705228771616771	2.7934270708223403	1.2451258560457665	1.5167223411212962	2.8623791885127754	0.6414665640558685	0.17942269164579375	171.05251888825353	0.0	0.0	1.0696768403238364	0.0	2.7934270708223403	1.2451258560457665	0.0	2.8623791885127754	0.6414665640558685	0.17942269164579375
315000	-42.96776840458516	-25.213093294277666	-17.754675110307495	0.0	0	1	1	1	0	1	0	0	1	0	0.1622657431537144	1.627616694706414	1.5875217950101572	0.7894628711713718	0.652596143665355	0.24448423264725067	1.1077110211697863	0.56460592939461	0.7250153689128392	2.5948023347478912	0.7586203541386775	0.0	1.627616694706414	1.5875217950101572	0.7894628711713718	0.0	0.24448423264725067	0.0	0.0	0.7250153689128392	0.0
316000	-49.43677460230299	-25.7508749101263	-23.68589969217669	0.0	1	0	0	1	1	0	1	1	1	0	0.2426536950590263	1.5535299173629367	2.0327583171430987	1.0722206640309682	0.2560108307575519	0.3221216657518129	1.283070477264929	0.7937360889865055	2.999868519328784	0.6339077071065964	31.023611192613792	0.2426536950590263	0.0	0.0	1.0722206640309682	0.2560108307575519	0.0	1.283070477264929	0.7937360889865055	2.999868519328784	0.0
317000	-47.57751247896588	-25.56443006926913	-22.01308240969675	0.0	1	0	1	1	1	0	1	1	0	0	0.06267313714099444	0.32650677497445274	0.8515341787914957	0.966153098199074	0.4056969981510215	0.596035555991058	2.7996208512772283	1.9271837824251226	1.6397656761433699	2.3339914342496435	2.9107018391459576	0.06267313714099444	0.0	0.8515341787914957	0.966153098199074	0.4056969981510215	0.0	2.7996208512772283	1.9271837824251226	0.0	0.0
318000	-40.64583960618074	-24.308947103903744	-16.336892502276996	0.0	0	0	1	0	1	0	0	1	1	1	0.08099870320444902	0.13666140338227006	2.258043908599927	2.0634903686296697	0.8239564046769833	0.0079155701705931	0.04074771711674175	1.1273985919701315	0.38173846272406203	0.9574967349532988	1.6217316194209448	0.0	0.0	2.258043908599927	0.0	0.8239564046769833	0.0	0.0	1.1273985919701315	0.38173846272406203	0.9574967349532988
319000	-49.805218641357236	-25.751006598945608	-24.054212042411628	0.0	1	1	0	0	1	1	0	0	1	0	0.19708203479579678	0.3985367508872479	1.351183684343323	1.0410128392976734	0.33307937001929006	1.8218464076838128	1.2250387647352416	0.6731058629741746	1.9819449718986986	0.9783468072335928	319.1928761462272	0.19708203479579678	0.3985367508872479	0.0	0.0	0.33307937001929006	1.8218464076838128	0.0	0.0	1.9819449718986986	0.0
320000	-54.89531653779902	-25.750978145708697	-29.144338392090326	0.0	1	0	1	0	1	0	1	0	0	0	1.2693325664826898	1.0431554948663766	2.7887393946376795	0.3198224061709307	0.9615844842843805	6.601168975515997	0.559823922613418	1.8326482531031256	0.3100932867782966	2.127084623349863	39.94643562947281	1.2693325664826898	0.0	2.7887393946376795	0.0	0.9615844842843805	0.0	0.559823922613418	0.0	0.0	0.0
321000	-55.8713314723136	-25.75045937659095	-30.120872095722653	0.0	1	0	1	0	0	0	1	0	1	0	1.8347682544010087	0.9736325405970316	3.6612015382931378	4.738706806218263	1.9663427015019515	1.2395317017123573	0.3158815281829111	1.3556671996604421	0.5111658359213642	1.3461536638864144	88.80272831088314	1.8347682544010087	0.0	3.6612015382931378	0.0	0.0	0.0	0.3158815281829111	0.0	0.5111658359213642	0.0
322000	-49.327073497785236	-24.768929193980863	-24.55814430380437	0.0	1	0	0	0	1	1	1	0	0	1	0.8418187298765323	1.0850904400214127	2.142785315009883	3.974676163641583	1.477846388950732	1.8193956899928831	1.2044662551008403	0.48787527948688836	1.7350510327103668	0.6504895586959163	3.1988822409091306	0.8418187298765323	0.0	0.0	0.0	1.477846388950732	1.8193956899928831	1.2044662551008403	0.0	0.0	0.6504895586959163
323000	-51.13397080646412	-25.751006240791696	-25.382964565672424	0.0	1	1	0	0	1	1	0	0	0	1	0.3092015592673807	1.1653269074349535	0.10266736009266504	0.4977774909844571	3.161921206436462	1.8790358454762335	1.2834103246776234	2.1208167453807505	1.2455511117020268	0.16034842736200386	198.35042285594173	0.3092015592673807	1.1653269074349535	0.0	0.0	3.161921206436462	1.8790358454762335	0.0	0.0	0.0	0.16034842736200386
324000	-45.877949869966145	-25.716252669023838	-20.161697200942307	0.0	0	0	0	1	1	0	1	1	0	0	0.15096028572952422	1.079855877210197	2.3202399311641346	0.1756084585221817	1.6477614498357542	1.0358493077730666	1.4756900353099303	0.585672581676085	0.39800627776288294	0.006309438817715809	38.246589074938626	0.0	0.0	0.0	0.1756084585221817	1.6477614498357542	0.0	1.4756900353099303	0.585672581676085	0.0	0.0
325000	-41.77009493403577	-25.454362869139814	-16.315732064895954	0.0	0	1	0	0	0	1	0	1	1	1	0.36719789309354606	2.384182521454464	1.4064489397657265	0.15586735517356917	0.36340650615160247	1.8000705011346663	0.22362812060125747	0.4189121420378697	0.8613452885351134	0.014886063508805393	1.411859826348623	0.0	2.384182521454464	0.0	0.0	0.0	1.8000705011346663	0.0	0.4189121420378697	0.8613452885351134	0.014886063508805393
326000	-49.75086412228694	-24.341596465443523	-25.409267656843422	0.0	0	1	1	0	0	0	1	0	1	1	1.2052206091842559	3.5111283705223864	0.906220211351871	1.6667590851344993	1.415242114836502	0.9363141367892294	1.4234600255886203	3.4610944965446735	1.1825651340696637	1.0075417123246613	2.0515116369825765	0.0	3.5111283705223864	0.906220211351871	0.0	0.0	0.0	1.4234600255886203	0.0	1.1825651340696637	1.0075417123246613
327000	-43.72763440827818	-23.486117304174915	-20.241517104103266	0.0	1	1	1	1	0	1	0	0	0	1	0.658379777680077	1.6214571722447355	0.13286722469285808	1.167295708589758	1.4159700398323807	1.6064741686554789	1.1336169073669706	2.4543552212887554	0.06473503659847178	1.4867274890235247	0.5855716314506514	0.658379777680077	1.6214571722447355	0.13286722469285808	1.167295708589758	0.0	1.6064741686554789	0.0	0.0	0.0	1.4867274890235247
328000	-43.484993061610425	-25.673919486270265	-17.811073575340163	0.0	1	1	0	1	0	0	0	0	0	1	0.34796824184961017	0.1467801822968942	0.4245644839402063	0.5627519182870974	0.4230104908998052	0.3346199051802067	3.7225164523040823	0.3901801331533554	1.3814066071958748	0.38614338054714675	7.989544332434235	0.34796824184961017	0.1467801822968942	0.0	0.5627519182870974	0.0	0.0	0.0	0.0	0.0	0.38614338054714675
329000	-49.5075613278096	-25.751006598945597	-23.756554728864003	0.0	1	0	0	0	1	0	0	1	1	0	0.4115074780039921	1.3220020242654331	0.763748517930129	0.31010331723812196	0.9037857502571348	0.28386492156712395	2.246270691535603	0.9407929433544878	0.6197942273545621	3.476134768182932	116.69126800697435	0.4115074780039921	0.0	0.0	0.0	0.9037857502571348	0.0	0.0	0.9407929433544878	0.6197942273545621	0.0
330000	-46.55529173547367	-25.268895215370392	-21.286396520103278	0.0	0	0	0	1	1	1	1	0	0	0	0.9998267721151863	0.021029402914704835	1.6250287344404173	4.536029504839261	0.22834961662316414	0.4290398671441075	0.03444928948728943	0.1573138562944241	1.0694194643422186	0.6883829223562317	46.87179326886461	0.0	0.0	0.0	4.536029504839261	0.22834961662316414	0.4290398671441075	0.03444928948728943	0.0	0.0	0.0
331000	-42.97749916695713	-25.607363133379806	-17.370136033577324	0.0	1	0	0	0	0	0	1	1	1	0	0.1562387996748582	0.4125046645680915	1.816407830779249	0.032395165573993724	1.6610866207874126	0.10160421319548286	0.5613741295127105	0.45996347894760886	0.16340950928326134	1.6548263189126347	15.342500501463164	0.1562387996748582	0.0	0.0	0.0	0.0	0.0	0.5613741295127105	0.45996347894760886	0.16340950928326134	0.0
332000	-46.26477723018624	-25.751006568765657	-20.51377066142058	0.0	0	0	1	0	1	1	0	1	1	0	1.9258421066095417	0.4351716226084166	0.6542704515803077	0.5865412485009166	1.190868321200315	0.007083911015630516	1.1011462351391175	0.5371045871795895	0.256584283121529	1.418430489267415	77.75147538445601	0.0	0.0	0.6542704515803077	0.0	1.190868321200315	0.007083911015630516	0.0	0.5371045871795895	0.256584283121529	0.0
333000	-51.47244941201954	-25.751006534209086	-25.721442877810453	0.0	0	0	1	1	0	1	1	0	1	0	3.070324439005948	2.934229638695575	0.3334592047451249	1.3338863221009511	0.31993918993232123	1.2242899123422076E-4	3.538171463382879	0.13318082938374018	0.09497014842975872	0.06709035593772823	282.8798190635408	0.0	0.0	0.3334592047451249	1.3338863221009511	0.0	1.2242899123422076E-4	3.538171463382879	0.0	0.09497014842975872	0.0
334000	-45.76619992424182	-25.751006598945605	-20.01519332529621	0.0	1	0	1	0	1	0	1	1	0	1	0.2697458614604821	1.7499990212828482	0.8170205883249603	0.40036576395808543	0.23289640918450522	0.009137937204485323	1.4082061341040397	0.2390672227656025	0.9423622704917485	0.008327778352770938	120.17982057227084	0.2697458614604821	0.0	0.8170205883249603	0.0	0.23289640918450522	0.0	1.4082061341040397	0.2390672227656025	0.0	0.008327778352770938
335000	-43.8637546724195	-25.670287240261807	-18.1934674321577	0.0	0	0	1	1	1	0	0	0	1	0	0.09506172076924768	0.5665708340724527	1.877972113332469	1.242476283887292	1.1282812024286308	0.13920356622318675	0.2513723652963522	1.5982943085379528	0.21397437392277438	0.028167891419436517	30.50584204610638	0.0	0.0	1.877972113332469	1.242476283887292	1.1282812024286308	0.0	0.0	0.0	0.21397437392277438	0.0
336000	-47.947954172039545	-25.747608198295495	-22.20034597374405	0.0	0	0	1	1	0	1	1	0	1	0	0.2877862581742775	1.4452992807856488	0.4464128385296732	2.3800866522898785	0.41428875215448774	0.6039991009492194	3.2151070472893797	1.6220443464670151	0.39946904870955946	0.10938316156591377	26.559239853490418	0.0	0.0	0.4464128385296732	2.3800866522898785	0.0	0.6039991009492194	3.2151070472893797	0.0	0.39946904870955946	0.0
337000	-45.33107882544034	-25.716592598416856	-19.61448622702349	0.0	0	1	0	0	1	1	0	0	1	0	0.11464058003625228	0.3219920910791897	0.45958957776535997	0.39999201939502305	0.16713178750265828	2.792176830727161	1.2028430093446416	0.6432213726649422	0.4495685023947213	1.6871839202199153	41.72361788808679	0.0	0.3219920910791897	0.0	0.0	0.16713178750265828	2.792176830727161	0.0	0.0	0.4495685023947213	0.0
338000	-50.049746013731486	-25.751006598945605	-24.29873941478588	0.0	0	0	1	1	1	1	0	0	0	1	0.8299320168232412	2.5471800481322773	1.1234507525900888	1.5703926310314626	0.443171445954694	0.4334810265909847	0.5440448101025844	0.03004569181869348	2.5493855812710198	0.022074370341959543	357.7670171624349	0.0	0.0	1.1234507525900888	1.5703926310314626	0.443171445954694	0.4334810265909847	0.0	0.0	0.0	0.022074370341959543
339000	-41.38920614801256	-25.747907431945887	-15.641298716066672	0.0	0	1	1	0	0	1	1	0	0	1	0.1112441564897772	0.6869953252037186	0.105507887075616	0.5001917231567183	0.22664701848323723	0.29556737214059947	0.07881306854096627	1.5501672758007847	0.22628585858842398	0.10756151612517682	42.10395910147098	0.0	0.6869953252037186	0.105507887075616	0.0	0.0	0.29556737214059947	0.07881306854096627	0.0	0.0	0.10756151612517682
340000	-48.56501630534773	-25.751006598945608	-22.814009706402125	0.0	1	1	0	1	0	1	0	1	0	0	0.8568079141779555	0.031063831008052798	0.15415073045658736	0.6511154435681952	0.10735817118506395	0.4410324492544157	0.6137594738028561	1.007603148510981	0.745144339058988	3.4960421784235627	509.30537221489	0.8568079141779555	0.031063831008052798	0.0	0.6511154435681952	0.0	0.4410324492544157	0.0	1.007603148510981	0.0	0.0
341000	-47.99880824122341	-25.751001449240178	-22.24780679198323	0.0	0	1	0	0	0	1	1	0	1	1	0.005857955150099125	1.6965035507253505	3.2086668537772285	0.1412012075267068	1.6015761869958898	1.13482235208169	0.6379768440583773	0.06126357074921636	0.431798872325833	0.8671197055302777	82.21989275705714	0.0	1.6965035507253505	0.0	0.0	0.0	1.13482235208169	0.6379768440583773	0.0	0.431798872325833	0.8671197055302777
342000	-42.38543628491818	-25.55150766897952	-16.833928615938657	0.0	1	0	0	1	1	0	1	1	1	0	0.42765400348688004	0.8112949240401157	1.0256923805694067	0.307954720445859	0.679811108820932	0.14675209277838208	1.1282324123719119	0.4985165855926939	0.8096558323919231	0.05491458328647904	6.719081484398884	0.42765400348688004	0.0	0.0	0.307954720445859	0.679811108820932	0.0	1.1282324123719119	0.4985165855926939	0.8096558323919231	0.0
343000	-47.441473492150806	-25.133758269775814	-22.307715222374988	0.0	1	0	0	0	0	1	1	0	1	1	1.2880128244818474	0.8640346451494324	0.3019962990903245	1.0812416690680184	3.269512945788772	0.20374584086106715	2.574906381078492	0.30016699504085353	0.11457506664382217	1.8408297501219932	12.005450973213478	1.2880128244818474	0.0	0.0	0.0	0.0	0.20374584086106715	2.574906381078492	0.0	0.11457506664382217	1.8408297501219932
344000	-47.47330671961359	-25.719899832765734	-21.75340688684786	0.0	0	1	1	0	1	0	0	1	1	0	1.2123273803571732	0.34830626614023236	0.5815147811546645	1.7905343758862156	0.7976311298292278	1.41259147001322	0.07616942769406634	3.3653483496256555	0.13107047141314282	0.8202373909075242	25.07841499723672	0.0	0.34830626614023236	0.5815147811546645	0.0	0.7976311298292278	0.0	0.0	3.3653483496256555	0.13107047141314282	0.0
345000	-49.758351136087754	-24.185568990492285	-25.57278214559547	0.0	0	1	0	1	0	0	1	0	0	1	0.22742921215603581	3.736720946411918	1.6060245002254172	0.6345603261284588	0.09975501343197887	0.3023536008894094	1.6938103892097776	7.058342301605111	0.25182585858197537	1.1844362219672868	3.216805279296842	0.0	3.736720946411918	0.0	0.6345603261284588	0.0	0.0	1.6938103892097776	0.0	0.0	1.1844362219672868
346000	-43.69715462759202	-25.023247094675334	-18.673907532916687	0.0	0	0	1	0	0	0	1	0	1	1	0.008965069629775476	0.5311534930706577	0.3902626288755195	0.8166662421603813	1.0629257416520734	1.769076169124731	0.7379699836092886	2.7491257111756684	1.102814442077029	0.19169031108507614	5.48702634769911	0.0	0.0	0.3902626288755195	0.0	0.0	0.0	0.7379699836092886	0.0	1.102814442077029	0.19169031108507614
347000	-41.559128726631286	-23.686576428860516	-17.872552297770767	0.0	0	1	0	1	0	1	1	0	0	1	1.284184264936118	0.18942294023697429	0.49842672941181726	0.15685003495434835	0.11851866276083575	0.32464593158785343	2.6326103361798454	0.30381003636477594	2.117939885917635	0.5765472484661256	5.430579081974827	0.0	0.18942294023697429	0.0	0.15685003495434835	0.0	0.32464593158785343	2.6326103361798454	0.0	0.0	0.5765472484661256
348000	-43.487142515336345	-24.920624885800517	-18.566517629535824	0.0	0	0	1	0	1	0	0	0	1	1	1.9224584409976297	0.3610605725707627	0.13255873691481182	1.2558358530845677	2.179203064928061	0.1515725983138101	0.3924439410634414	0.37307348147976815	0.5507144504560011	0.8824375974632104	15.56849016621985	0.0	0.0	0.13255873691481182	0.0	2.179203064928061	0.0	0.0	0.0	0.5507144504560011	0.8824375974632104
349000	-44.670679537070335	-25.66063213611698	-19.010047400953354	0.0	1	0	0	0	1	1	0	0	1	1	0.8141268459772729	0.7911458051844058	0.24930810987018148	1.3690333359846214	1.1042208703671104	0.8390404212652821	2.2558769265209397	0.3044228926953387	0.6516177251631465	0.5521317128587585	8.160047881312348	0.8141268459772729	0.0	0.0	0.0	1.1042208703671104	0.8390404212652821	0.0	0.0	0.6516177251631465	0.5521317128587585
350000	-51.20753522764119	-25.635482759670918	-25.572052467970266	0.0	1	1	0	0	1	1	1	0	1	0	6.864741979167938	2.8585990511409807	0.018425620335515834	1.3023212289703778	0.4677497938788831	1.6410729809914881	1.1130625532399254	0.6765781282012939	0.1895259190861851	0.5456633840620818	2.361094962512734	6.864741979167938	2.8585990511409807	0.0	0.0	0.4677497938788831	1.6410729809914881	1.1130625532399254	0.0	0.1895259190861851	0.0
351000	-47.46914584541581	-25.689354411863967	-21.779791433551846	0.0	0	1	1	0	1	1	0	1	1	0	1.194757723395657	0.5644277770936836	0.02927104574517096	0.7981751968138369	2.6367631985677047	0.13910457881348864	0.20211071247531578	0.4143356463128413	0.28061688388405015	4.030775773980352	11.549768718058589	0.0	0.5644277770936836	0.02927104574517096	0.0	2.6367631985677047	0.13910457881348864	0.0	0.4143356463128413	0.28061688388405015	0.0
352000	-44.532746631950516	-25.09089330611902	-19.4418533258315	0.0	1	0	1	0	1	0	1	1	0	1	0.7957083933704729	1.7852239190274217	0.07296375181999551	1.2793262979105702	1.060375790069148	0.9422940069943669	2.621737115220919	0.451512888195658	0.11005266371430773	0.800378602374397	1.6281669381639292	0.7957083933704729	0.0	0.07296375181999551	0.0	1.060375790069148	0.0	2.621737115220919	0.451512888195658	0.0	0.800378602374397
353000	-48.4469865070606	-24.760189070372263	-23.686797436688334	0.0	1	1	1	1	0	0	0	0	0	1	3.8922386488033647	1.1649853293370709	2.790923051786422	2.6961417996599217	1.2890416613879185	1.1807878113800763	0.3642416385041918	0.5754124101810566	0.05684720864760949	1.4837381216604877	1.2430926467961085	3.8922386488033647	1.1649853293370709	2.790923051786422	2.6961417996599217	0.0	0.0	0.0	0.0	0.0	1.4837381216604877
354000	-44.06887401039662	-25.751005003680476	-18.317869006716144	0.0	1	0	1	0	1	0	1	0	0	0	0.6624792586733025	0.024149853739297792	0.14161321568201218	0.05503348991473588	0.6197562060572351	1.0819862538478486	0.7341282713324969	0.047930887564339615	1.5727700949494452	1.7907376048206234	51.06334648618906	0.6624792586733025	0.0	0.14161321568201218	0.0	0.6197562060572351	0.0	0.7341282713324969	0.0	0.0	0.0
355000	-39.87338619822957	-24.806499324467588	-15.066886873761977	0.0	1	0	0	0	0	1	1	1	1	0	0.09216384745516082	0.5212931515022712	0.5230299137639068	0.11453114145088243	1.6189697424343459	0.2699832949822747	0.355127545947171	0.22807041657042698	0.9434074751873861	0.5854845409151962	6.27501230666514	0.09216384745516082	0.0	0.0	0.0	0.0	0.2699832949822747	0.355127545947171	0.22807041657042698	0.9434074751873861	0.0
356000	-48.6416808390358	-25.751006598945594	-22.89067424009021	0.0	0	0	0	1	1	1	0	0	0	1	0.16651733791603923	1.853118766247187	0.7194548306245235	0.049939609772067635	0.6013046762031475	0.6442568280206715	0.6916384359457078	2.2166084605672736	0.10694234701717723	0.5433392786166789	897.5726539751319	0.0	0.0	0.0	0.049939609772067635	0.6013046762031475	0.6442568280206715	0.0	0.0	0.0	0.5433392786166789
357000	-53.67633049771716	-25.751006598945605	-27.92532389877156	0.0	0	1	0	0	0	0	1	1	0	1	0.13609554203641488	1.116397322147849	2.4694659500549663	0.12771988764134654	4.571238949058576	0.5560399929331158	0.33889758169274836	2.872152133003452	0.5843781272490458	1.7954060808152241	246.91412558836356	0.0	1.116397322147849	0.0	0.0	0.0	0.0	0.33889758169274836	2.872152133003452	0.0	1.7954060808152241
358000	-41.631657181382565	-24.476091063973733	-17.155566117408828	0.0	0	1	0	0	0	1	1	0	1	0	1.079791793311661	0.6779046721435736	0.01127145330983807	0.10428855371863083	0.18791418422945674	1.000529196423508	1.508165483502319	1.3068390434065227	0.18677473686212637	1.2638118094447117	9.154524828579179	0.0	0.6779046721435736	0.0	0.0	0.0	1.000529196423508	1.508165483502319	0.0	0.18677473686212637	0.0
359000	-43.12254608095516	-25.152021315672144	-17.970524765283017	0.0	0	0	0	1	0	1	0	0	1	1	0.45162068256881727	0.6566563972826098	0.15457717734319537	1.1098926989000861	1.0474144303771544	1.3970167154031525	0.9287706382790429	1.7622276252082274	0.6105022079099502	0.3824847918895491	6.409128831543943	0.0	0.0	0.0	1.1098926989000861	0.0	1.3970167154031525	0.0	0.0	0.6105022079099502	0.3824847918895491
360000	-43.745467595055786	-23.974821943352215	-19.77064565170357	0.0	0	1	0	0	0	0	1	1	1	0	0.7530989740479643	0.4357279819222442	1.369669402303034	1.8071475944501663	0.43688321304014677	0.1965473668350079	0.19975487698347802	2.804563903924921	1.3624646273286851	1.4565758061070413	3.8138913619717085	0.0	0.4357279819222442	0.0	0.0	0.0	0.0	0.19975487698347802	2.804563903924921	1.3624646273286851	0.0
361000	-48.36146192002374	-24.830307239398774	-23.531154680624965	0.0	0	0	1	1	1	1	0	1	0	0	0.10015544640050467	2.8353847379773587	6.203770086233229	0.21706223568857883	1.4915077809078607	0.24703840327725254	1.3401457029869128	0.13091824671385371	0.984131826492762	0.7527256737412341	3.4982283270709056	0.0	0.0	6.203770086233229	0.21706223568857883	1.4915077809078607	0.24703840327725254	0.0	0.13091824671385371	0.0	0.0
362000	-48.96312494315826	-25.751006598885308	-23.21211834427296	0.0	0	0	0	1	0	0	1	0	1	1	0.1458983093657445	1.3120653937728413	0.6258886525266425	0.11524703261052961	0.5299689354895915	0.0893124974546502	0.9858007313580186	2.330371722132917	3.131629385002937	0.22518947480764004	327.6143257501531	0.0	0.0	0.0	0.11524703261052961	0.0	0.0	0.9858007313580186	0.0	3.131629385002937	0.22518947480764004
363000	-45.069496497311754	-25.751006598937984	-19.31848989837377	0.0	0	0	0	1	0	0	1	1	1	0	1.1120992332305457	1.014423335885708	0.3469868427321601	0.01753378452754871	0.1762369618940189	0.4978890271710379	0.2786674718242511	0.7147847139681284	0.15053286806202645	0.42727951587628615	594.1779044143351	0.0	0.0	0.0	0.01753378452754871	0.0	0.0	0.2786674718242511	0.7147847139681284	0.15053286806202645	0.0
364000	-46.16820405222174	-25.751006018246354	-20.41719803397538	0.0	0	1	0	1	1	1	0	0	1	1	0.6880018416411412	2.7701319525786543	0.8701571932798237	0.3451190918710469	0.6699785849931079	0.7520850465148925	0.004375180392787905	0.012403701515639772	0.8323440009023907	0.8845508523275859	33.9188638251061	0.0	2.7701319525786543	0.0	0.3451190918710469	0.6699785849931079	0.7520850465148925	0.0	0.0	0.8323440009023907	0.8845508523275859
365000	-57.214273379145716	-25.751006598945608	-31.463266780200108	0.0	0	0	0	1	1	1	1	1	0	1	2.347576126141371	0.6875509415156791	1.3820127462167755	0.19437064464500176	1.7439231308167753	0.8907448514137513	0.8791698854010673	0.10096387189631333	5.506978082873135	0.7777460482442534	1008.873258332834	0.0	0.0	0.0	0.19437064464500176	1.7439231308167753	0.8907448514137513	0.8791698854010673	0.10096387189631333	0.0	0.7777460482442534
366000	-42.61457141156062	-24.849538223490395	-17.765033188070223	0.0	0	1	1	0	0	1	1	1	1	0	1.8331578664137858	1.339900578098447	0.855682524649651	0.11269118508378907	0.6454429408445025	1.024091828648397	1.2873365705715056	0.5379544905913529	0.37874594355428637	0.7218939843356167	0.9934722718646577	0.0	1.339900578098447	0.855682524649651	0.0	0.0	1.024091828648397	1.2873365705715056	0.5379544905913529	0.37874594355428637	0.0
367000	-48.742109692313555	-25.751006598945597	-22.991103093367958	0.0	0	1	1	0	1	0	1	0	0	0	1.5942654344715685	0.16239537912523125	0.47709838939085025	0.14997704285419056	1.8632186958295978	2.0431815763401886	0.3434372692165047	0.333313430062181	0.7662600972013691	1.5177531408583504	332.44575877765175	0.0	0.16239537912523125	0.47709838939085025	0.0	1.8632186958295978	0.0	0.3434372692165047	0.0	0.0	0.0
368000	-44.35901156206674	-24.4917024191974	-19.867309142869345	0.0	0	0	1	1	1	0	0	0	1	1	0.6021375722422087	1.4179414705047708	0.059983737381020565	0.18067096335662947	1.116933785891674	0.9498863582664475	1.2693206579009708	0.2295704780158745	1.2353850779277402	2.8906011096701723	6.931461050835823	0.0	0.0	0.059983737381020565	0.18067096335662947	1.116933785891674	0.0	0.0	0.0	1.2353850779277402	2.8906011096701723
369000	-44.45555025690055	-24.842728449270354	-19.612821807630194	0.0	0	1	0	1	0	1	1	1	0	1	0.47254088638255015	1.5638676458134517	0.29286250956345045	0.5611489902384166	0.6762254283784705	1.9763745922619405	0.7476092188307056	0.16283764203541926	0.07721845861758111	2.2084134889508436	6.268927226582135	0.0	1.5638676458134517	0.0	0.5611489902384166	0.0	1.9763745922619405	0.7476092188307056	0.16283764203541926	0.0	2.2084134889508436
370000	-51.33514848820127	-25.751006598945608	-25.584141889255662	0.0	0	0	1	0	0	0	1	1	1	0	0.19550793261341148	2.511438531499963	0.7257639956504891	2.3155260009346104	0.6460156008921373	0.05214527252854031	0.391646199945936	0.8361736881693105	1.0183283986775742	2.1248562822889108	665.5460786639072	0.0	0.0	0.7257639956504891	0.0	0.0	0.0	0.391646199945936	0.8361736881693105	1.0183283986775742	0.0
371000	-51.73411161470275	-25.685382260898965	-26.048729353803783	0.0	0	0	1	1	0	1	0	0	1	0	1.2596633249878209	1.193131800051947	2.6852719561647493	0.5782909620544627	2.0157211749113473	1.9264895644169142	0.1276020320579421	0.18486525548811716	1.2875602131243211	4.582453928715554	13.32783257066055	0.0	0.0	2.6852719561647493	0.5782909620544627	0.0	1.9264895644169142	0.0	0.0	1.2875602131243211	0.0
372000	-44.988520329336275	-25.750159271554306	-19.23836105778197	0.0	0	1	1	1	1	1	0	0	0	0	0.20775579997561858	0.29526346932697584	1.7926205770692605	0.3859901109341508	0.6609446666748845	0.4894593105799476	0.12976258208260855	0.2510738704870454	1.3380203216315738	2.9906441675296294	15.039579611833144	0.0	0.29526346932697584	1.7926205770692605	0.3859901109341508	0.6609446666748845	0.4894593105799476	0.0	0.0	0.0	0.0
373000	-42.06266827614365	-24.645218873451515	-17.41744940269213	0.0	0	0	1	0	1	0	0	1	1	1	0.5825215806869962	1.360940504081453	1.5208375632342988	0.01879346712209742	0.2755466492850931	0.6086855676948177	0.3517604551156567	0.6674553578261602	0.06631864850026478	3.2653235819089548	2.0629052748552827	0.0	0.0	1.5208375632342988	0.0	0.2755466492850931	0.0	0.0	0.6674553578261602	0.06631864850026478	3.2653235819089548
374000	-47.042059959138925	-24.867215749204227	-22.174844209934694	0.0	1	0	0	1	1	1	1	0	0	0	1.3333868845468626	1.73160851600789	2.7055374989828924	0.012973419442485588	0.6770474017677867	1.012145116592674	2.189107137535964	0.0715412733875779	2.320703983120379	1.1153389786051424	2.8007052081612875	1.3333868845468626	0.0	0.0	0.012973419442485588	0.6770474017677867	1.012145116592674	2.189107137535964	0.0	0.0	0.0
375000	-56.98609355875148	-25.751006598945605	-31.23508695980587	0.0	1	1	0	1	1	1	1	1	1	0	2.8491533552901784	0.13824014234605358	1.7300967375086753	0.05708212450859584	1.2577737115947003	3.441869117618193	1.4361237678352112	1.5452118366683263	0.39765010519414534	1.8287251834735025	69.145307124653	2.8491533552901784	0.13824014234605358	0.0	0.05708212450859584	1.2577737115947003	3.441869117618193	1.4361237678352112	1.5452118366683263	0.39765010519414534	0.0
376000	-42.40898657598129	-24.559040028404592	-17.8499465475767	0.0	1	0	1	1	1	1	0	1	1	0	0.07003144056093599	1.157816690547759	1.0112004880344254	0.20877532051636968	0.7451802246270337	0.00417072822303618	0.5767694273866488	1.156780876147072	1.3078363498745693	0.420327798206537	1.9951730968171375	0.07003144056093599	0.0	1.0112004880344254	0.20877532051636968	0.7451802246270337	0.00417072822303618	0.0	1.156780876147072	1.3078363498745693	0.0
377000	-43.82684295660377	-25.025344812853422	-18.80149814375035	0.0	1	0	1	0	0	0	0	1	1	0	0.04897505525357932	1.7333995230896655	0.5126103493102223	0.6340209348365419	1.9432518889426023	0.02964580449537518	0.3078590255877086	1.0478321443220835	2.1254958669654602	0.07606994018251073	15.222149515978986	0.04897505525357932	0.0	0.5126103493102223	0.0	0.0	0.0	0.0	1.0478321443220835	2.1254958669654602	0.0
378000	-46.44306757870485	-24.595424303338344	-21.847643275366504	0.0	0	0	1	0	1	0	1	0	1	1	3.4773949147007146	0.22691337256365732	1.7947502648536064	0.4513592864106478	1.6719806934530839	1.4549731258503547	0.08208092750036132	0.1347030886574497	1.1990203363590515	2.645572334319139	2.08284323646336	0.0	0.0	1.7947502648536064	0.0	1.6719806934530839	0.0	0.08208092750036132	0.0	1.1990203363590515	2.645572334319139
379000	-52.54149624754811	-25.218255078420558	-27.323241169127556	0.0	0	0	1	1	1	1	0	1	1	0	3.630464502405979	1.142411167608312	0.14525381136567747	4.479010570674584	1.1214476721631694	2.8111513264888024	0.09902932968413984	1.0810802179782195	0.10719553570219177	0.6227067007832582	20.740687755448953	0.0	0.0	0.14525381136567747	4.479010570674584	1.1214476721631694	2.8111513264888024	0.0	1.0810802179782195	0.10719553570219177	0.0
380000	-44.21841865672516	-25.68912664880585	-18.529292007919313	0.0	1	0	0	1	0	1	0	1	0	1	1.0713307440677196	1.3903038099735694	0.13996138007155925	1.1993366720092333	0.2061982378841346	0.15799981851386113	1.6686176262371428	0.18206146754284624	1.301750218226122	0.43757963648364845	16.23057482646417	1.0713307440677196	0.0	0.0	1.1993366720092333	0.0	0.15799981851386113	0.0	0.18206146754284624	0.0	0.43757963648364845
381000	-46.96726204191802	-24.264256305801087	-22.703005736116936	0.0	0	0	1	0	0	1	0	1	1	0	0.7973953637945431	1.4521765929825066	0.6936391369638406	0.4851967760771556	0.11384009399540948	0.6634382511750166	0.47320140570760905	2.38373062523623	6.231176999894164	0.5750643499222764	3.403759719763624	0.0	0.0	0.6936391369638406	0.0	0.0	0.6634382511750166	0.0	2.38373062523623	6.231176999894164	0.0
382000	-44.941375316817165	-24.4472937483712	-20.494081568445964	0.0	0	0	1	0	1	0	0	1	0	1	0.7921984952862068	1.495522451201228	0.6413282268725088	0.6141505750718137	0.7374323842662196	0.68516145466363	2.2134106980040777	1.9640126464438699	0.961064275272311	1.4550228796459959	3.7631371459931344	0.0	0.0	0.6413282268725088	0.0	0.7374323842662196	0.0	0.0	1.9640126464438699	0.0	1.4550228796459959
383000	-47.09875368561471	-25.72979691103613	-21.368956774578585	0.0	0	1	0	1	1	0	0	0	1	1	0.8158660967785786	0.47690424969710726	0.7858610503225776	1.1783005770614479	2.4947026881094416	0.4431467865849078	0.09186106317263121	1.2995428464351502	2.4724779682919515	0.9630128989850307	10.64603772931571	0.0	0.47690424969710726	0.0	1.1783005770614479	2.4947026881094416	0.0	0.0	0.0	2.4724779682919515	0.9630128989850307
384000	-45.60724832568934	-24.82455791512996	-20.782690410559375	0.0	0	0	1	0	1	0	0	1	1	0	2.7343169640389027	0.5131318556212583	0.15384181208246325	0.7628081631634788	0.3151141872534542	0.49938873050673166	0.5848676685558762	0.9603300109798362	3.729232356803748	0.043606565698575114	17.536652095772624	0.0	0.0	0.15384181208246325	0.0	0.3151141872534542	0.0	0.0	0.9603300109798362	3.729232356803748	0.0
385000	-47.287081431446886	-25.59644849620311	-21.690632935243777	0.0	0	1	0	0	1	1	1	0	0	1	1.208699311719795	0.34081397328856705	2.6934740062495917	0.7612226508246279	0.09969853480957475	1.1932265380570737	0.4217752887286941	1.2855818954682519	0.5005903128974023	1.2863866457188666	48.461567474886245	0.0	0.34081397328856705	0.0	0.0	0.09969853480957475	1.1932265380570737	0.4217752887286941	0.0	0.0	1.2863866457188666
386000	-40.28577894836535	-25.420764293266046	-14.865014655099298	0.0	0	0	1	1	1	1	0	0	0	0	0.04673523604411447	0.1692180868495677	0.9358912244029765	0.05232612186636504	0.1268905004522595	1.6257545050514057	1.7349687503201778	0.48851851245279193	0.10464504884119144	0.3857792587452167	4.873979264312574	0.0	0.0	0.9358912244029765	0.05232612186636504	0.1268905004522595	1.6257545050514057	0.0	0.0	0.0	0.0
387000	-54.66274093996453	-25.751006598945608	-28.91173434101892	0.0	0	0	0	1	1	0	0	1	0	1	0.8367941136322983	2.0941380623103525	0.03258198609425568	1.0822950746038207	1.335622520569587	1.84320139940552	2.4052557149688627	1.268332409694083	1.3936324455479114	0.8117944007640594	1155.641287400504	0.0	0.0	0.0	1.0822950746038207	1.335622520569587	0.0	0.0	1.268332409694083	0.0	0.8117944007640594
388000	-49.116577397779615	-25.750984758043963	-23.365592639735652	0.0	1	1	0	0	0	0	1	1	0	0	0.7000002642563286	0.9620467080176236	0.22645420308955516	2.794389940214828	1.6491057541233598	1.2668415925719303	0.36429041898215914	1.4064513478148362	0.3401732233562981	2.204101016060762	44.86208640310304	0.7000002642563286	0.9620467080176236	0.0	0.0	0.0	0.0	0.36429041898215914	1.4064513478148362	0.0	0.0
389000	-43.97003691718078	-24.52054932113096	-19.44948759604982	0.0	0	1	0	0	1	1	1	1	1	0	1.7977008445496596	2.4825155672506707	0.5704385497580855	1.5116586073468736	0.008061091741888685	0.7835692117029401	0.6893727372294893	0.08998924057658324	0.521182477860833	0.846584887423298	3.0428663011845853	0.0	2.4825155672506707	0.0	0.0	0.008061091741888685	0.7835692117029401	0.6893727372294893	0.08998924057658324	0.521182477860833	0.0
390000	-49.79083551736376	-25.750588387235023	-24.040247130128737	0.0	0	1	0	0	1	0	1	0	0	1	0.3699349169241834	0.1593910736189053	3.33389514138076	3.4845878927879044	0.05248704725085043	0.6167345788060163	0.06668357333270288	0.21266101075655033	0.07602864949443355	2.1235308247372444	286.19813033424174	0.0	0.1593910736189053	0.0	0.0	0.05248704725085043	0.0	0.06668357333270288	0.0	0.0	2.1235308247372444
391000	-47.97972557110174	-25.75098664049033	-22.228738930611406	0.0	1	0	0	0	0	1	1	0	1	1	3.6162659105426878	0.17575365499297832	0.30936975126349764	0.46630469867008806	0.4005577049395571	2.700111347055391	0.5389519836024804	0.6712269270961947	0.22278276082639353	0.16848610970022623	129.1331285864453	3.6162659105426878	0.0	0.0	0.0	0.0	2.700111347055391	0.5389519836024804	0.0	0.22278276082639353	0.16848610970022623
392000	-49.25099135337818	-25.749896960154526	-23.50109439322366	0.0	0	0	0	1	1	1	0	1	0	1	0.8817846263806802	2.3782707882707275	0.6938773159884352	1.0471764920952777	1.285069713242475	1.3307009242838597	2.5325715155391144	0.10279483538478906	0.5564472097373068	1.2917276421173507	29.9727591120753	0.0	0.0	0.0	1.0471764920952777	1.285069713242475	1.3307009242838597	0.0	0.10279483538478906	0.0	1.2917276421173507
393000	-48.461905530764994	-25.62369915011033	-22.83820638065467	0.0	0	0	1	1	1	0	0	0	1	1	2.0026429046415375	1.8485431435283692	2.7549637526674076	0.35831798583876207	0.1947257884473586	0.345625677518278	1.4804853811402054	0.13632367207447368	0.022785424429820497	0.32474946648673303	184.2350558845426	0.0	0.0	2.7549637526674076	0.35831798583876207	0.1947257884473586	0.0	0.0	0.0	0.022785424429820497	0.32474946648673303
394000	-44.60120784117231	-25.006114853942844	-19.595092987229464	0.0	0	1	0	1	0	1	0	1	1	0	0.418873247199384	1.7600426878245659	0.39701451919729625	0.8406447030533716	0.6833396333370506	1.0312029752973886	1.6567161992744586	1.1738939341796273	0.5948687094597084	1.7722502015764066	3.633117988593912	0.0	1.7600426878245659	0.0	0.8406447030533716	0.0	1.0312029752973886	0.0	1.1738939341796273	0.5948687094597084	0.0
395000	-52.60078218735967	-25.750762782910005	-26.850019404449668	0.0	1	0	0	0	0	1	0	1	1	0	0.9097923774963793	0.17020742616045276	1.0469536482122506	0.7092125354102614	0.049272726136373506	8.897154277503562	0.2671141037698573	1.255587636332072	1.182496739635175	0.40050721162547215	72.6917948592409	0.9097923774963793	0.0	0.0	0.0	0.0	8.897154277503562	0.0	1.255587636332072	1.182496739635175	0.0
396000	-45.87312698864973	-25.749051962011908	-20.124075026637826	0.0	1	0	1	1	0	0	1	0	1	0	0.3002774020439403	0.07343515578792198	0.2271937260209943	0.8179628570215393	0.020756190583734725	1.1143202718085796	0.5676770031131702	1.0926866372470152	4.099066025107128	0.2093244454507005	36.4066515184267	0.3002774020439403	0.0	0.2271937260209943	0.8179628570215393	0.0	0.0	0.5676770031131702	0.0	4.099066025107128	0.0
397000	-45.555102237468205	-24.726719451007185	-20.82838278646102	0.0	0	1	0	1	0	1	1	1	0	0	0.6434384460363631	2.0733773047350934	1.5565706066196268	0.2723402640903761	0.007869322646578638	1.8933457508158014	0.4602647516057189	0.5720453755765134	1.8553305637890152	2.298736090771812	3.3840979243247333	0.0	2.0733773047350934	0.0	0.2723402640903761	0.0	1.8933457508158014	0.4602647516057189	0.5720453755765134	0.0	0.0
398000	-54.280542905081326	-25.750989596251625	-28.5295533088297	0.0	1	0	1	0	0	0	0	1	1	0	0.6019757765892344	0.8655667965729941	2.8020019514366634	3.486722627562523	0.5730215269129323	3.1508546448234993	0.625328049778981	0.057536204319506755	1.6767786723122082	0.4810875336936039	465.2215830992003	0.6019757765892344	0.0	2.8020019514366634	0.0	0.0	0.0	0.0	0.057536204319506755	1.6767786723122082	0.0
399000	-44.050601841007875	-25.804004008450764	-18.246597832557114	0.0	1	1	0	0	1	1	0	0	0	1	0.12938867741989074	1.0269423723518627	0.9828132253709295	2.4232138736351043	0.19214770753083132	1.3021564143679938	1.098681717729844	0.12425359718878413	0.09308930259814878	2.4306830192499436	1.597255806633485	0.12938867741989074	1.0269423723518627	0.0	0.0	0.19214770753083132	1.3021564143679938	0.0	0.0	0.0	2.4306830192499436
400000	-54.4252041829306	-25.751006598881947	-28.67419758404865	0.0	0	0	1	1	1	0	0	0	1	0	0.9741931559945071	0.8034527187411359	0.5868724992600753	0.8446004164084441	0.3102099739091191	0.4146330221954914	4.445751199807316	2.208992123700439	4.5605952529644584	0.4400042198805238	197.47582168424037	0.0	0.0	0.5868724992600753	0.8446004164084441	0.3102099739091191	0.0	0.0	0.0	4.5605952529644584	0.0
401000	-50.59951329526713	-25.21327547946314	-25.386237815803995	0.0	1	1	1	0	0	0	1	0	0	0	5.838859611971926	0.03866614001556425	0.13920645940733167	0.46790766833787795	1.822328535885464	1.1001536254438198	2.275795838622663	0.21836789965000392	0.13826535920311486	1.5910521043603194	59.90362632628136	5.838859611971926	0.03866614001556425	0.13920645940733167	0.0	0.0	0.0	2.275795838622663	0.0	0.0	0.0
402000	-43.76679604192891	-25.15699073460059	-18.609805307328322	0.0	1	0	0	1	0	1	0	1	1	0	0.4171825656872038	0.02342970880409336	0.41653045301022146	0.030894214749328405	0.1465613426545834	3.170950579290521	1.7950245387215649	0.9006754921504757	1.0687085184248077	0.6501216450172462	7.466736700739201	0.4171825656872038	0.0	0.0	0.030894214749328405	0.0	3.170950579290521	0.0	0.9006754921504757	1.0687085184248077	0.0
403000	-47.04886148068418	-25.750805631942374	-21.298055848741804	0.0	1	0	0	1	0	0	0	0	1	1	0.07368497917380017	0.07678357501544361	0.22248125204651767	0.5557069071568991	1.5424378364184224	1.9798057512408587	1.7896365977960835	0.23360238906537426	1.5711319490183093	1.0150893596467778	93.81587378290945	0.07368497917380017	0.0	0.0	0.5557069071568991	0.0	0.0	0.0	0.0	1.5711319490183093	1.0150893596467778
404000	-48.06202391833213	-25.751006598945608	-22.311017319386526	0.0	0	0	1	0	0	1	0	1	1	1	0.7771374631213553	0.20647195578380098	0.9365430305474883	2.259154885559681	1.6560931934484513	0.6352924395705627	0.09738774736804359	0.2972179402763176	0.9999008664738795	0.7315001331497197	244.95052962878486	0.0	0.0	0.9365430305474883	0.0	0.0	0.6352924395705627	0.0	0.2972179402763176	0.9999008664738795	0.7315001331497197
405000	-46.273405554074095	-26.654797211201533	-19.618608342872562	0.0	0	1	0	1	0	1	0	1	1	1	0.3641875932489318	0.7648892727508017	1.2085366484851998	0.7884966910699411	1.5315432482636557	0.42625323755518096	2.4359052072160132	1.9151921835358046	0.4493794763444359	1.65311862970216	0.3852289783764806	0.0	0.7648892727508017	0.0	0.7884966910699411	0.0	0.42625323755518096	0.0	1.9151921835358046	0.4493794763444359	1.65311862970216
406000	-44.718013462318424	-25.76711898525117	-18.95089447706725	0.0	0	1	1	0	1	0	1	0	0	0	0.1316289048244598	0.2919417371414703	1.9125975269124305	0.750490960272639	1.3218216389441073	0.12692051941918486	0.024855852030351948	0.3354324479486806	0.9825599657033691	1.913546354619686	33.84163946475075	0.0	0.2919417371414703	1.9125975269124305	0.0	1.3218216389441073	0.0	0.024855852030351948	0.0	0.0	0.0
407000	-45.81278296811218	-25.00196583191824	-20.81081713619394	0.0	1	1	0	0	0	1	1	1	0	0	0.5769722466958875	0.18821558137830668	1.1683464776657229	3.7395507441844584	0.15615887256703187	0.9147952646368313	1.2047901250168964	2.287080972771362	0.4604092672493584	0.9918465974681963	3.148221475121072	0.5769722466958875	0.18821558137830668	0.0	0.0	0.0	0.9147952646368313	1.2047901250168964	2.287080972771362	0.0	0.0
408000	-48.67072868216202	-25.131988721246774	-23.538739960915244	0.0	0	1	0	1	0	1	1	1	0	0	0.9344010318253478	0.13537250656497424	0.8105721915819761	0.27025586798432955	1.3533949675125134	1.771875161057237	0.9561263241704064	5.07624154255621	1.5773400885298456	0.13877389836256787	12.560345386509109	0.0	0.13537250656497424	0.0	0.27025586798432955	0.0	1.771875161057237	0.9561263241704064	5.07624154255621	0.0	0.0
409000	-49.46456821377413	-25.751006598945597	-23.713561614828535	0.0	1	0	0	0	1	0	1	0	0	1	2.2331967105639836	1.3794247571270957	0.39308293737055067	0.04382112061183623	2.7011860861904298	0.022258374890040077	0.5320879246952173	0.9695033623890693	0.6276119470196753	0.5393124666388687	485.6619643053267	2.2331967105639836	0.0	0.0	0.0	2.7011860861904298	0.0	0.5320879246952173	0.0	0.0	0.5393124666388687
410000	-48.62851361005825	-25.817467906958417	-22.81104570309983	0.0	0	1	0	1	0	1	0	0	0	1	0.25808010991074626	2.433867675821532	0.22955391015640572	1.5389654118524465	2.2969622356399446	0.05336105727884223	1.0414907328465381	3.2296088893855925	1.4086103104578582	1.5958577755676513	3.0515968825620945	0.0	2.433867675821532	0.0	1.5389654118524465	0.0	0.05336105727884223	0.0	0.0	0.0	1.5958577755676513
411000	-50.294941520527985	-25.751006598945605	-24.543934921582377	0.0	1	1	1	0	0	0	0	0	0	1	2.663674872594016	0.6925587272045244	1.4309088568902961	0.5418901328418826	0.03636286514046724	0.39341133837675657	0.09959964223936428	2.3557340909730526	1.864656759223987	0.5721204442035984	372.2593508804278	2.663674872594016	0.6925587272045244	1.4309088568902961	0.0	0.0	0.0	0.0	0.0	0.0	0.5721204442035984
412000	-44.4969860845221	-24.570785212765866	-19.926200871756233	0.0	0	1	1	0	0	0	1	0	0	1	2.178988819891681	0.19423252424454165	2.368163177443743	0.9882679546528892	0.37247279369965597	1.8188612530417123	0.47447257182726865	0.13533970268997855	1.64199295407966	0.683990851963474	4.303752696532167	0.0	0.19423252424454165	2.368163177443743	0.0	0.0	0.0	0.47447257182726865	0.0	0.0	0.683990851963474
413000	-49.56155067056801	-25.719059184787053	-23.84249148578096	0.0	0	1	0	0	1	0	1	0	0	1	0.7110642300977539	2.504918278497796	0.3921682206183484	1.1659623738086835	0.21610676640468782	0.6615273403559679	0.07615507873802661	0.10923504841315168	3.6366046065311033	1.8162463719181239	124.65912228003242	0.0	2.504918278497796	0.0	0.0	0.21610676640468782	0.0	0.07615507873802661	0.0	0.0	1.8162463719181239
414000	-47.5572645221097	-25.749120291681294	-21.808144230428404	0.0	0	0	0	1	1	1	1	1	0	1	0.7101094380881643	1.064374730793812	0.6900411644938712	0.5634770152324223	0.04758121988870908	1.453865284007875	0.2771357346413027	0.6600690088234481	1.4413113324444828	2.435634688461797	30.089460098540833	0.0	0.0	0.0	0.5634770152324223	0.04758121988870908	1.453865284007875	0.2771357346413027	0.6600690088234481	0.0	2.435634688461797
415000	-45.951634263664744	-24.38795737231789	-21.563676891346855	0.0	0	1	1	0	1	1	1	1	1	0	1.2816223515257488	1.438852863166712	0.5832913408237456	0.12921601641700006	0.32168412670645324	1.7703230766607811	4.0150025583724105	0.15224525135365116	0.10377894213340406	0.35706733371930693	2.484314492815175	0.0	1.438852863166712	0.5832913408237456	0.0	0.32168412670645324	1.7703230766607811	4.0150025583724105	0.15224525135365116	0.10377894213340406	0.0
416000	-46.41289912453472	-24.684694519326815	-21.7282046052079	0.0	0	1	0	0	1	0	0	0	1	1	0.27283732758109197	0.7941092689170217	2.3397464575254303	0.5229313868840195	0.3767676532140505	0.7903489778287427	2.5770447529564824	0.014907862267758294	0.915243855980577	3.6812808766689233	6.243168736639466	0.0	0.7941092689170217	0.0	0.0	0.3767676532140505	0.0	0.0	0.0	0.915243855980577	3.6812808766689233
417000	-43.76947999793498	-24.36634714432237	-19.403132853612608	0.0	0	0	0	1	0	1	0	1	0	1	2.9654711428693066	0.18422715609783324	0.39337852231675385	0.7449672130351253	2.1040964239880884	0.1149906623226787	0.4651384876130848	0.11605040574179185	1.5616727570173794	1.3822461791353358	5.811019329679987	0.0	0.0	0.0	0.7449672130351253	0.0	0.1149906623226787	0.0	0.11605040574179185	0.0	1.3822461791353358
418000	-43.065493174913925	-25.406549501161425	-17.6589436737525	0.0	0	1	0	0	0	0	1	1	1	0	0.050831819747718866	1.319954468173134	1.6490741068483894	0.11053060202322787	0.9796532474939236	2.1152030288768526	0.41469582419434775	0.3590502962979307	1.284379045575514	0.14003699522182933	5.078389598894903	0.0	1.319954468173134	0.0	0.0	0.0	0.0	0.41469582419434775	0.3590502962979307	1.284379045575514	0.0
419000	-40.45108036452024	-25.020779753901454	-15.430300610618787	0.0	1	1	0	0	0	1	0	0	0	1	1.0657882260614862	0.25681439277493956	0.745293998085608	0.7438965906896025	1.1505099884386967	0.18006359398420943	0.17547058181383568	0.1786926946871503	0.18875000884685816	0.9771739401723899	8.621787752962165	1.0657882260614862	0.25681439277493956	0.0	0.0	0.0	0.18006359398420943	0.0	0.0	0.0	0.9771739401723899
420000	-47.74184582734571	-25.751006598944254	-21.990839228401455	0.0	0	0	1	0	0	1	1	1	0	1	1.6730470635628059	0.02752376161046402	1.5946547926911214	2.015831822307828	0.06335548628984475	0.3409335444433553	0.5918026796427254	0.19172392320485834	0.6326517097694827	1.4661208471779907	188.02790182598815	0.0	0.0	1.5946547926911214	0.0	0.0	0.3409335444433553	0.5918026796427254	0.19172392320485834	0.0	1.4661208471779907
421000	-38.96637895759063	-25.015123881421435	-13.951255076169193	0.0	1	0	0	0	1	1	1	0	0	0	0.1799306377128478	0.9607275955633112	0.793329940460008	1.4834729379265985	0.20128138369713877	0.19769972742924852	0.6039165017480802	0.7173032785424956	0.5908789856268561	0.1698615794665545	1.5599450135137014	0.1799306377128478	0.0	0.0	0.0	0.20128138369713877	0.19769972742924852	0.6039165017480802	0.0	0.0	0.0
422000	-40.05431665813285	-25.002336316139797	-15.051980341993048	0.0	0	1	1	1	1	0	0	1	0	0	0.8967813481121333	0.827604289073987	0.25157610543235165	0.2270405345542757	0.5451143115715625	1.6449453564371281	0.119304771731995	0.5509248178552845	1.0144285766263423	1.1490692802299196	0.8610250965733586	0.0	0.827604289073987	0.25157610543235165	0.2270405345542757	0.5451143115715625	0.0	0.0	0.5509248178552845	0.0	0.0
423000	-44.98849784642098	-24.233340934599283	-20.755156911821693	0.0	0	1	0	0	0	0	1	0	1	1	0.06160914029587608	2.6737975815753368	2.0418332569876743	4.8715968948140294E-4	0.6809152857218254	2.8288180939004754	0.5538731799716217	1.9664127961136841	0.2905825105021032	0.6753144809059356	3.9426614100811004	0.0	2.6737975815753368	0.0	0.0	0.0	0.0	0.5538731799716217	0.0	0.2905825105021032	0.6753144809059356
424000	-42.82594387390017	-24.442754675862563	-18.383189198037606	0.0	0	0	1	1	0	1	0	1	0	0	0.029737675140858205	1.2763016754454677	0.5894917733560937	2.36036610483054	0.4233801704689807	0.27882394903023106	0.18240204719596623	2.0423974240311424	1.6545915149205532	0.3873116811844382	4.702733578744761	0.0	0.0	0.5894917733560937	2.36036610483054	0.0	0.27882394903023106	0.0	2.0423974240311424	0.0	0.0
425000	-44.757890761186545	-24.35916708903298	-20.39872367215357	0.0	0	1	0	0	0	1	0	0	1	1	0.26425757378755593	4.955092123414605	0.27045887730634577	0.6432852418795768	0.12595957868775082	1.6872139475416612	1.3627221030646843	0.3336448330732101	0.7759955225310687	1.4730505110277077	2.4556695399288886	0.0	4.955092123414605	0.0	0.0	0.0	1.6872139475416612	0.0	0.0	0.7759955225310687	1.4730505110277077
426000	-48.74547351512297	-25.751006598945562	-22.994466916177405	0.0	1	0	1	0	0	0	1	1	1	1	1.2758874077734272	0.17874882678173876	1.562482385040059	0.36396574482055793	0.11305729601346348	0.4374037114846499	0.39335830793258997	1.3715570092654967	2.9241274555225973	0.8241460149751828	84.44024893118359	1.2758874077734272	0.0	1.562482385040059	0.0	0.0	0.0	0.39335830793258997	1.3715570092654967	2.9241274555225973	0.8241460149751828
427000	-50.17132109722483	-25.751006598945605	-24.420314498279225	0.0	0	0	1	0	0	1	1	0	1	1	0.6130588373907042	1.2633724130078605	0.5925420173642597	0.30224634386307947	1.5655764895331388	0.3071837741141382	2.9510642007057624	0.5986380137298714	0.36357052478080953	1.1634348634086975	505.8335819288241	0.0	0.0	0.5925420173642597	0.0	0.0	0.3071837741141382	2.9510642007057624	0.0	0.36357052478080953	1.1634348634086975
428000	-45.805804656945	-24.646664800344002	-21.159139856601	0.0	0	1	1	1	0	1	0	0	0	0	1.8063312571071726	0.20691757039942754	0.21353080135483	1.7782145905956823	0.2969590762215097	1.444090987427688	2.030022306255075	1.108745938281306	1.3164768691316262	2.116097389885078	3.4296877113464554	0.0	0.20691757039942754	0.21353080135483	1.7782145905956823	0.0	1.444090987427688	0.0	0.0	0.0	0.0
429000	-47.186687243404904	-24.29639092864692	-22.890296314757986	0.0	0	1	1	0	1	0	0	1	1	0	1.5585352474562038	0.1030134636360172	1.4509961981001707	0.09030977064705246	0.4816338604781154	2.704836923398924	0.9565819491389396	3.9212650675318153	1.886559295017867	0.6058057729204861	3.1737948298206367	0.0	0.1030134636360172	1.4509961981001707	0.0	0.4816338604781154	0.0	0.0	3.9212650675318153	1.886559295017867	0.0
430000	-50.99316174048103	-25.751006598945605	-25.242155141535424	0.0	0	0	1	0	1	0	1	0	1	1	1.056463711113483	2.8460199801534123	0.9033912567565437	1.3625477096942928	0.6466778700505678	0.6600218378877072	1.9179289771583512	0.3557795580620779	1.2905623750319986	0.8186461363727325	186.59456821779347	0.0	0.0	0.9033912567565437	0.0	0.6466778700505678	0.0	1.9179289771583512	0.0	1.2905623750319986	0.8186461363727325
431000	-41.191496646258976	-25.3651379115549	-15.826358734704076	0.0	1	1	0	0	0	1	0	1	0	1	0.2832290346075454	0.40732318417298224	1.9111625068749747	0.7340711006697542	0.980937387855607	0.3905011986203309	0.3419128845988241	0.6315510093665884	0.4608559672150965	0.49980875037476336	3.350308843184555	0.2832290346075454	0.40732318417298224	0.0	0.0	0.0	0.3905011986203309	0.0	0.6315510093665884	0.0	0.49980875037476336
432000	-46.91953720732675	-25.75100657996166	-21.168530627365087	0.0	1	1	0	0	0	0	1	1	0	1	1.490365521218335	0.4517048095978191	1.2191458765693708	0.26387999085297215	0.23719040282614498	0.3423840845257076	3.294982746179888	0.3687204914445498	0.43595324999080454	1.3069534973434516	42.30388924460505	1.490365521218335	0.4517048095978191	0.0	0.0	0.0	0.0	3.294982746179888	0.3687204914445498	0.0	1.3069534973434516
433000	-48.22976218554685	-24.637112511824107	-23.592649673722747	0.0	1	0	1	1	0	1	1	1	1	1	0.9646367609512397	2.9241526915745726	1.9513005998755748	0.6170631666153207	0.4227212521097291	0.593025402821007	1.0086068592966473	0.8851017708049426	0.21293290608608992	2.051638835974768	0.7470592104923176	0.9646367609512397	0.0	1.9513005998755748	0.6170631666153207	0.0	0.593025402821007	1.0086068592966473	0.8851017708049426	0.21293290608608992	2.051638835974768
434000	-54.079481490364145	-25.7510065989456	-28.328474891418544	0.0	0	1	1	1	0	1	0	0	1	0	0.4359811737358686	1.521682651149919	3.5514871873905736	0.66101882695258	2.1644455713300728	1.3728423503417135	0.10606882679051968	1.5931486361301832	0.11386195666373662	1.8926514782536323	581.7682359571664	0.0	1.521682651149919	3.5514871873905736	0.66101882695258	0.0	1.3728423503417135	0.0	0.0	0.11386195666373662	0.0
435000	-52.17149196118875	-25.75086154262188	-26.420630418566873	0.0	1	1	0	1	0	0	0	0	0	1	1.102833991051691	3.880562909449479	2.1568150072133876	2.324809648973707	0.32174991172124645	1.3544056586903628	0.42908125597390834	0.088012603337052	1.9148986463853457	0.12832849251295966	144.40391672435604	1.102833991051691	3.880562909449479	0.0	2.324809648973707	0.0	0.0	0.0	0.0	0.0	0.12832849251295966
436000	-49.27635610830002	-25.385725779557493	-23.890630328742525	0.0	0	0	1	0	0	1	1	0	1	1	0.0902540019544205	1.1856546161769077	2.0634113741113254	1.0260032604644267	0.4821504018740814	2.7675959124233485	0.552633291797219	2.696314027982504	2.977708955996192	0.26982163703688056	6.055797918065092	0.0	0.0	2.0634113741113254	0.0	0.0	2.7675959124233485	0.552633291797219	0.0	2.977708955996192	0.26982163703688056
437000	-48.902686270551726	-25.751006598945448	-23.151679671606278	0.0	1	0	1	1	1	0	1	0	0	0	0.6414327139431174	0.08557948753907069	1.05015283928861	0.2830040568937777	0.24706443511247528	2.1557405939618968	2.754545627926903	1.5547415679117214	0.5141713358415935	0.3374167785124847	210.39249220861464	0.6414327139431174	0.0	1.05015283928861	0.2830040568937777	0.24706443511247528	0.0	2.754545627926903	0.0	0.0	0.0
438000	-40.75849746736546	-24.53660109229411	-16.221896375071353	0.0	0	0	0	1	1	0	0	0	1	1	1.6362722031711427	0.764102268850346	0.23470063656211523	0.28073131930981704	0.9957787383649978	0.4244618587828489	0.6574647072309542	0.9734224776039119	0.4799061209740609	0.6814330323615607	4.4088379195234255	0.0	0.0	0.0	0.28073131930981704	0.9957787383649978	0.0	0.0	0.0	0.4799061209740609	0.6814330323615607
439000	-52.29904464988935	-25.75100623899488	-26.54803841089447	0.0	1	0	1	0	0	1	0	1	1	1	2.997449129322635	0.8575352504623317	0.22294957747677643	0.44105497106048125	0.1942789953003293	0.16635722778593692	0.6748811088917119	2.928805364040409	0.6550250517023054	2.933340426363624	191.74849915735783	2.997449129322635	0.0	0.22294957747677643	0.0	0.0	0.16635722778593692	0.0	2.928805364040409	0.6550250517023054	2.933340426363624
440000	-41.90466895452916	-24.750386236771956	-17.154282717757205	0.0	0	0	1	0	1	0	0	1	1	1	0.08137684552414924	0.24856599115957762	0.9692446717459886	1.8917221300391265	1.5190230020780302	0.728160318300249	1.5831783591197843	0.017530641575895484	0.355939144659374	0.7040365641395316	2.9441754130529425	0.0	0.0	0.9692446717459886	0.0	1.5190230020780302	0.0	0.0	0.017530641575895484	0.355939144659374	0.7040365641395316
441000	-51.80429563742985	-25.7510065989456	-26.05328903848425	0.0	0	1	1	0	0	1	1	0	0	0	0.604914084738098	1.238054780655007	0.3133181181117982	3.1306475626571246	0.937812873547421	0.3763383742632149	1.988426566469596	0.10542053628285719	2.6511266069808253	0.6307787383694453	424.5009131156617	0.0	1.238054780655007	0.3133181181117982	0.0	0.0	0.3763383742632149	1.988426566469596	0.0	0.0	0.0
442000	-48.35900215360156	-24.496110137424253	-23.862892016177305	0.0	0	1	1	1	1	1	0	0	0	1	4.023615731381492	1.073133671409901	1.1817609624045295	3.1016366914242757	1.7577701653236062	0.9712431264454137	0.2923195608721192	1.5016271178701606	0.6142516423963355	0.12671705525387392	1.2021527065393212	0.0	1.073133671409901	1.1817609624045295	3.1016366914242757	1.7577701653236062	0.9712431264454137	0.0	0.0	0.0	0.12671705525387392
443000	-54.580077072387034	-25.7510065989456	-28.829070473441433	0.0	0	1	1	0	1	1	0	0	1	1	0.6786470859534098	0.278723814924254	0.40653335533874274	2.1187454633403493	2.1109324624308656	2.561722397503767	0.3908493939232522	1.4641590722812283	0.9503289587041475	1.4838737607202386	744.6153794532898	0.0	0.278723814924254	0.40653335533874274	0.0	2.1109324624308656	2.561722397503767	0.0	0.0	0.9503289587041475	1.4838737607202386
444000	-51.19425281986673	-25.7510065989456	-25.443246220921132	0.0	1	1	0	0	1	1	1	0	0	0	0.6327499826723814	0.4050675309851211	0.09592402600468017	0.4690746675570043	2.066894517673833	3.975306012574252	0.7638136081874521	0.8916311455032	0.18948955151832958	1.1843430019669086	529.4927335488878	0.6327499826723814	0.4050675309851211	0.0	0.0	2.066894517673833	3.975306012574252	0.7638136081874521	0.0	0.0	0.0
445000	-56.531261189913444	-25.751006453325612	-30.780254736587832	0.0	1	0	0	0	1	1	1	0	0	1	0.7224196697720803	1.9816536648862637	3.013325068492904	1.016749254887326	1.2139952941809415	2.214682646856746	2.1499863942566653	0.9822911314166949	3.864726890018148	1.4229798076647207	64.29618565153959	0.7224196697720803	0.0	0.0	0.0	1.2139952941809415	2.214682646856746	2.1499863942566653	0.0	0.0	1.4229798076647207
446000	-50.93427757814871	-25.751004158062774	-25.183273420085932	0.0	1	0	1	0	0	0	0	1	1	0	0.6691430088283589	1.3444118854308469	0.6730908301439322	2.4703427503516373	1.7063793788243975	0.46426977985848933	2.8077641214487556	0.5760533472375319	1.3689969104302095	1.2732125546512068	64.22905104232096	0.6691430088283589	0.0	0.6730908301439322	0.0	0.0	0.0	0.0	0.5760533472375319	1.3689969104302095	0.0
447000	-54.433917465956675	-25.72330252138711	-28.710614944569564	0.0	1	0	0	0	1	1	1	1	0	1	4.09633121114213	1.6194259267490776	0.9991056640214058	1.5787617640122693	2.9489695775812392	1.233216836815221	3.1441605779203465	0.8394075722685569	0.46317821116204283	0.7104505617202782	7.677419776566863	4.09633121114213	0.0	0.0	0.0	2.9489695775812392	1.233216836815221	3.1441605779203465	0.8394075722685569	0.0	0.7104505617202782
448000	-52.789019696005624	-25.751006598934755	-27.038013097070866	0.0	0	1	1	1	1	0	0	0	0	1	0.44773788784455015	1.6325476674863864	0.9273899846901545	5.524923604289588	0.9402118918437246	0.7219429935420127	1.790741545557901	0.8949335897787177	0.927513333138295	0.28359879544440086	127.71425928010169	0.0	1.6325476674863864	0.9273899846901545	5.524923604289588	0.9402118918437246	0.0	0.0	0.0	0.0	0.28359879544440086
449000	-39.38403625355193	-24.612226409090578	-14.771809844461355	0.0	0	1	0	0	1	1	0	0	0	1	0.06176325489919351	0.07827274043020957	0.09629114957169094	1.5414618809261726	0.5685068638407887	1.0117201111733174	1.193509997842926	0.21035869111385241	0.14858678726204066	0.14464285915568023	8.194944506279294	0.0	0.07827274043020957	0.0	0.0	0.5685068638407887	1.0117201111733174	0.0	0.0	0.0	0.14464285915568023
450000	-43.795160015825765	-25.157906894269555	-18.63725312155621	0.0	1	0	1	0	0	1	1	0	1	1	0.8659550416289334	2.2991375274570256	0.6102745840274959	0.1424784663338632	0.4507539163781854	0.7786564175340029	0.6560574902895581	0.5654675421911205	0.20724349320905075	2.0460810385198336	2.663867820436603	0.8659550416289334	0.0	0.6102745840274959	0.0	0.0	0.7786564175340029	0.6560574902895581	0.0	0.20724349320905075	2.0460810385198336
451000	-52.3545672851707	-25.751006598945605	-26.603560686225094	0.0	1	1	1	1	1	0	0	0	1	0	0.7756530036129794	1.0788080750627573	0.461330287779967	0.7006112420301449	0.9118520605958248	0.202953930834819	1.5751620610261647	1.9522757329928448	0.3381346709068087	1.20376612783571	1247.5339750432006	0.7756530036129794	1.0788080750627573	0.461330287779967	0.7006112420301449	0.9118520605958248	0.0	0.0	0.0	0.3381346709068087	0.0
452000	-55.832154551400045	-25.751006454035135	-30.08114809736491	0.0	0	1	1	1	1	1	0	0	0	0	7.047295021787427	0.5883653764674558	0.2833857199559253	0.7289959065993048	1.5480152848003288	0.7123571788361636	0.8305997481740838	0.2824319681428149	3.4179781209175326	2.7680986873744216	47.29364334988622	0.0	0.5883653764674558	0.2833857199559253	0.7289959065993048	1.5480152848003288	0.7123571788361636	0.0	0.0	0.0	0.0
453000	-42.81763451146754	-25.186398801380363	-17.631235710087175	0.0	0	1	1	0	0	0	1	1	1	0	0.1586137232791974	0.18109201502384026	0.7901943348294598	1.3434735732966305	0.04283387849894313	0.6331299521929462	0.6713288914386383	0.15407148008906285	2.860795844640493	1.1202750101084835	5.462195099706896	0.0	0.18109201502384026	0.7901943348294598	0.0	0.0	0.0	0.6713288914386383	0.15407148008906285	2.860795844640493	0.0
454000	-42.40361107123903	-24.476637963272715	-17.926973107966308	0.0	0	1	0	1	0	1	1	0	1	0	0.7747234334397097	0.13534151014336981	0.6563115986203271	0.7575747356813918	0.09888169467817418	1.292557332006852	0.8459388779637326	2.023074591033405	0.7967956514311488	2.1469293430085683	1.527952181948517	0.0	0.13534151014336981	0.0	0.7575747356813918	0.0	1.292557332006852	0.8459388779637326	0.0	0.7967956514311488	0.0
455000	-47.6137573413002	-24.964135061291383	-22.64962228000882	0.0	0	1	0	0	1	1	1	1	1	0	0.26639629339645166	0.3707093142945839	1.2243237590830367	0.137003727178982	1.9554570051224904	1.515027104245786	0.6066781822447979	5.25413224733326	0.22684687242533622	0.5134686154296316	4.6774825845421875	0.0	0.3707093142945839	0.0	0.0	1.9554570051224904	1.515027104245786	0.6066781822447979	5.25413224733326	0.22684687242533622	0.0
456000	-47.802791040757086	-25.751006598443713	-22.051784442313377	0.0	1	1	1	0	0	0	0	1	1	0	0.5464529341382152	1.7273119484666986	1.2292528094596546	0.133015665832708	0.053203802736892375	2.1558138763665755	1.121141652670185	0.9911315501805021	0.38181455119326335	1.0861012961885705	95.73281907626598	0.5464529341382152	1.7273119484666986	1.2292528094596546	0.0	0.0	0.0	0.0	0.9911315501805021	0.38181455119326335	0.0
457000	-51.28696761156115	-25.751006598945608	-25.535961012615548	0.0	0	1	1	0	0	0	1	0	0	1	0.12235012643068216	0.8987423985725772	1.6453652613089795	1.7450422228365505	0.8029981274982885	0.24562154519687915	1.9916127029051456	1.0441816659922072	0.08862750941741794	1.220453446185632	1114.6235943205984	0.0	0.8987423985725772	1.6453652613089795	0.0	0.0	0.0	1.9916127029051456	0.0	0.0	1.220453446185632
458000	-42.44811646933473	-25.72903701633733	-16.7190794529974	0.0	0	1	0	0	0	1	0	1	0	1	0.37061610306974696	1.758735441953892	1.4459811461527985	0.19052658339751583	0.41514129312934567	0.1903114365085045	0.4280470371728796	0.3431232369117439	0.24366251868254532	0.48499039215339523	25.004899739822157	0.0	1.758735441953892	0.0	0.0	0.0	0.1903114365085045	0.0	0.3431232369117439	0.0	0.48499039215339523
459000	-45.51128347495928	-25.75033667177508	-19.760946803184197	0.0	0	0	1	1	1	0	0	1	0	0	0.45076359912367314	0.9785453834095588	1.3357026675198889	1.2234146293610522	1.4186226353810083	1.084731105442124	0.29917037481872344	1.0403074491800144	0.37960583169629164	0.5071958652885591	30.234248794414512	0.0	0.0	1.3357026675198889	1.2234146293610522	1.4186226353810083	0.0	0.0	1.0403074491800144	0.0	0.0
460000	-47.88073196840372	-25.730408330614825	-22.150323637788894	0.0	1	0	1	0	1	1	0	0	1	0	3.0103539675126227	0.6316013910484916	0.7058279057110546	0.21393243164018946	1.9901541469640938	1.7759806243550635	0.7397261012238052	0.33888253717576167	0.8061859961512742	1.3052120696492577	14.114285602068447	3.0103539675126227	0.0	0.7058279057110546	0.0	1.9901541469640938	1.7759806243550635	0.0	0.0	0.8061859961512742	0.0
461000	-46.72819529408757	-25.41104496466105	-21.317150329426525	0.0	0	0	1	0	0	1	0	0	1	1	2.0537536208935494	0.8984440457092884	1.0095318805162452	0.11513561368720863	2.6427034243444556	0.5164208578353588	3.352558089675846	0.00770220416104889	1.0364006526901728	0.4648548774070103	4.998655296099251	0.0	0.0	1.0095318805162452	0.0	0.0	0.5164208578353588	0.0	0.0	1.0364006526901728	0.4648548774070103
462000	-49.29084169380247	-25.751006598945608	-23.539835094856862	0.0	1	1	1	1	1	0	0	0	0	0	0.1050697310141778	0.28169087307847973	2.176305313801063	1.9924546301079455	0.14211156382959939	0.7887720264150359	1.9364079140420158	0.01679886601146111	0.03553612072604467	1.8128982723053484	370.1049731449112	0.1050697310141778	0.28169087307847973	2.176305313801063	1.9924546301079455	0.14211156382959939	0.0	0.0	0.0	0.0	0.0
463000	-42.526171078542966	-24.23630567275179	-18.289865405791176	0.0	0	1	0	1	0	0	1	0	0	1	0.473469056826591	2.3077863285967775	3.132250736156324	0.9115731170466326	0.8409271890444543	0.15539525755735814	1.0400300067497161	0.6364174106651721	0.012276488542177435	0.83124764705126	1.4054259742568014	0.0	2.3077863285967775	0.0	0.9115731170466326	0.0	0.0	1.0400300067497161	0.0	0.0	0.83124764705126
464000	-44.7875941656647	-25.750680013453373	-19.036914152211324	0.0	1	0	1	0	0	0	1	0	1	0	0.1701277976992157	0.9449185832635313	0.28731002196212124	0.06944579130047557	0.09033012593353044	0.5205425832952023	0.7369436589206627	2.3823780624722626	0.30268111454054536	2.0476167698361682	46.296730505305355	0.1701277976992157	0.0	0.28731002196212124	0.0	0.0	0.0	0.7369436589206627	0.0	0.30268111454054536	0.0
465000	-47.66027219291867	-25.751006598945605	-21.909265593973068	0.0	0	1	1	1	1	0	0	0	1	0	2.5129122552283167	0.2764237495816775	0.6093041282342535	1.6535465328834573	0.15979228979247295	0.10904507070090894	0.05363725850788941	0.6693831048746538	1.2156041539147089	0.09453439830902483	458.7952668110561	0.0	0.2764237495816775	0.6093041282342535	1.6535465328834573	0.15979228979247295	0.0	0.0	0.0	1.2156041539147089	0.0
466000	-45.15679509699158	-25.745852404867087	-19.410942692124493	0.0	1	0	0	1	0	1	0	1	0	1	1.1352215843575884	1.2141543752277726	0.33300089477645467	0.6153576773190098	0.005349450796836744	2.7344119183030906	0.32325459866381845	0.14563921252677292	1.0103087312962906	0.010714508071999022	47.74337371367617	1.1352215843575884	0.0	0.0	0.6153576773190098	0.0	2.7344119183030906	0.0	0.14563921252677292	0.0	0.010714508071999022
467000	-46.55044051628363	-25.677668823001635	-20.872771693281997	0.0	0	0	1	0	1	0	0	1	0	1	0.4301417175048136	1.0250806887286914	0.33425541421640903	0.08750861484483355	0.7650215408362889	1.5741295816262233	0.08559458270909447	2.1708438244941246	3.1144850268676736	0.8121833433901827	17.321886230575423	0.0	0.0	0.33425541421640903	0.0	0.7650215408362889	0.0	0.0	2.1708438244941246	0.0	0.8121833433901827
468000	-50.845478676521026	-25.751006598945608	-25.094472077575418	0.0	1	1	1	0	0	0	0	0	1	1	0.3355959424101349	0.24165260918719292	1.6914096473178883	0.9362541619414588	0.852925251330404	1.5813758210936524	1.1355069008299559	2.5894021500016375	0.1748291230119187	1.5504342186033686	307.7419584481775	0.3355959424101349	0.24165260918719292	1.6914096473178883	0.0	0.0	0.0	0.0	0.0	0.1748291230119187	1.5504342186033686
469000	-42.551948963813444	-25.108574842986904	-17.44337412082654	0.0	1	0	0	0	1	1	1	0	0	0	0.25034053472633444	0.8524527943223396	0.20168536499570452	1.1233665513280457	0.23099649021663005	0.3301680263464848	3.0488178017186636	0.30012988795717915	0.27541451499585057	2.142513570744705	2.940383747412418	0.25034053472633444	0.0	0.0	0.0	0.23099649021663005	0.3301680263464848	3.0488178017186636	0.0	0.0	0.0
470000	-40.536411361200095	-26.861621670311074	-13.67478969088902	0.0	1	1	1	0	0	0	1	0	0	0	0.46993612539378093	1.3421976207268316	0.4183406951023335	0.6023868570893608	0.9305942527874325	0.31516795016771265	1.0245566568468172	0.0014974358039389424	0.34856122127392286	0.18684461730509108	1.5319083160949065	0.46993612539378093	1.3421976207268316	0.4183406951023335	0.0	0.0	0.0	1.0245566568468172	0.0	0.0	0.0
471000	-42.54166020753072	-25.714127743665674	-16.827532463865044	0.0	1	0	0	1	1	1	0	0	1	1	0.12174531448536571	0.3909356581683287	0.8476333280075715	0.19354879094940253	0.26780761332486025	1.6965878645347385	0.1259678681873183	0.06046328390159841	0.43432322800998663	0.7792544919665537	17.478354854406675	0.12174531448536571	0.0	0.0	0.19354879094940253	0.26780761332486025	1.6965878645347385	0.0	0.0	0.43432322800998663	0.7792544919665537
472000	-45.093492100806984	-25.70905150557353	-19.38444059523345	0.0	0	1	0	1	1	1	0	1	1	1	0.8792478376723583	0.47398729723166727	1.8593285677491562	0.15188262478781606	0.2670793256234875	2.016662353555525	0.23004887219692366	0.01064126349945151	0.1517183150778705	0.10960318385041141	15.221669764821844	0.0	0.47398729723166727	0.0	0.15188262478781606	0.2670793256234875	2.016662353555525	0.0	0.01064126349945151	0.1517183150778705	0.10960318385041141
473000	-40.48448398116008	-24.03613305214014	-16.448350929019938	0.0	0	1	1	0	0	0	1	0	0	1	1.2292559350459487	0.3410204196988827	0.8490024265532397	0.2537191322019411	1.0324756625126181	0.5886346476456362	0.9873723819535605	0.3053889620809501	2.6039583322811093	0.5465876613592652	1.1083176695544439	0.0	0.3410204196988827	0.8490024265532397	0.0	0.0	0.0	0.9873723819535605	0.0	0.0	0.5465876613592652
474000	-43.87773562846823	-25.105813691671838	-18.771921936796396	0.0	0	1	0	0	1	1	0	0	1	0	0.4682605249560582	0.021790507064717943	1.1036178200162658	0.14767644266547283	0.7204306428193873	1.277916807430443	0.3979994274568288	0.020427142316223633	1.95364102105471	0.2995051872773011	104.9299624896678	0.0	0.021790507064717943	0.0	0.0	0.7204306428193873	1.277916807430443	0.0	0.0	1.95364102105471	0.0
475000	-41.37635743576201	-25.680083006725816	-15.696274429036194	0.0	0	1	0	1	1	1	1	0	0	0	0.09306464532574464	0.25029836953575074	0.6537309928782703	0.42259519802562223	0.6753420386467048	0.07338552774094294	0.009345468046192197	1.187461190474096	0.0178264275210238	1.7996518350591992	12.550246528724976	0.0	0.25029836953575074	0.0	0.42259519802562223	0.6753420386467048	0.07338552774094294	0.009345468046192197	0.0	0.0	0.0
476000	-50.29002271997635	-25.648271892888314	-24.641750827088035	0.0	0	0	0	1	1	0	1	0	0	1	0.5680043686281182	1.9762087813143425	3.3723556050621357	0.2879836148380703	2.2156159447901267	0.6835323267162378	2.253229788907873	0.9923213352012871	3.1527906016790377	0.6410922563514074	2.4350917989382177	0.0	0.0	0.0	0.2879836148380703	2.2156159447901267	0.0	2.253229788907873	0.0	0.0	0.6410922563514074
477000	-43.99581983032143	-25.489254704810875	-18.506565125510555	0.0	0	1	0	0	0	0	1	1	1	1	0.5268975107771618	0.40134041751641203	1.6180114286162477	0.2154400027574221	0.6898236569001931	0.21290028593317376	1.0644846683655271	1.6139691047445135	1.201424630824571	0.5026033347804246	11.898779362748389	0.0	0.40134041751641203	0.0	0.0	0.0	0.0	1.0644846683655271	1.6139691047445135	1.201424630824571	0.5026033347804246
478000	-42.078606220992555	-24.638871375982806	-17.439734845009752	0.0	0	0	1	0	1	1	0	0	1	1	0.3199996775599155	0.13525625633196864	0.6425161748685181	0.40657558637326985	2.7153159982046446	0.08539790055971261	0.14242311592647164	1.0570164212301445	0.06343847128172819	1.4830417226894	11.092348063753647	0.0	0.0	0.6425161748685181	0.0	2.7153159982046446	0.08539790055971261	0.0	0.0	0.06343847128172819	1.4830417226894
479000	-51.42577158692626	-25.7509964540986	-25.674775132827655	0.0	1	0	0	0	0	1	0	1	1	1	3.2970231495138504	2.2055377139682766	0.1109188019899787	1.0133244914317883	0.44958280152642255	1.450885850742103	3.3475008684489476	0.9184855923568132	0.6097174510190789	0.16872420084936057	58.821937268582104	3.2970231495138504	0.0	0.0	0.0	0.0	1.450885850742103	0.0	0.9184855923568132	0.6097174510190789	0.16872420084936057
480000	-42.35493166858415	-24.84237753489213	-17.51255413369202	0.0	0	1	1	0	0	1	0	0	1	1	0.9722711324177846	2.6880261630602145	0.6251438689602979	0.39543598810863456	0.16185187702339937	0.5573813521406876	0.05341498534791432	1.3241007430323735	1.037005726554275	0.3141242620634935	4.084945869303662	0.0	2.6880261630602145	0.6251438689602979	0.0	0.0	0.5573813521406876	0.0	0.0	1.037005726554275	0.3141242620634935
481000	-49.11119032587932	-25.707911599243165	-23.40327872663616	0.0	0	0	0	1	0	1	1	1	1	0	1.7679069353463566	1.7005109422395106	1.3195863648673987	0.26409684182653187	2.671369466795513	2.0380864082984025	0.011046875798844911	1.0281520076378847	1.097681872620027	0.0702830119037288	30.975716713536634	0.0	0.0	0.0	0.26409684182653187	0.0	2.0380864082984025	0.011046875798844911	1.0281520076378847	1.097681872620027	0.0
482000	-48.610878716535765	-25.69345542503741	-22.91742329149836	0.0	1	0	0	0	1	1	1	0	0	0	1.2128734137964017	1.541497404175636	1.0346405187862107	1.5582893568646596	2.32881529523954	0.7518607495602413	0.27468896598313935	1.1604098239546128	0.7558394822943285	2.801377881933732	6.588597485875258	1.2128734137964017	0.0	0.0	0.0	2.32881529523954	0.7518607495602413	0.27468896598313935	0.0	0.0	0.0
483000	-49.458228754536925	-25.751006598945608	-23.707222155591317	0.0	0	0	1	0	0	0	1	0	1	1	1.0920742826217793	0.38342608465696243	0.6538521176292796	0.16662694606458692	1.2883051981118832	0.9434322278489949	1.4826595387999078	1.336263521502056	0.5300983514251463	0.812819622509059	770.3628490326709	0.0	0.0	0.6538521176292796	0.0	0.0	0.0	1.4826595387999078	0.0	0.5300983514251463	0.812819622509059
484000	-48.501743571775975	-25.225131397722034	-23.27661217405394	0.0	0	0	0	1	1	1	1	0	1	1	0.6183897099025476	0.8572637349725055	1.2881553223000142	0.04615504413369003	2.2203261830258803	1.9943434064896315	0.2544081369703765	0.23313913974221315	0.4452550197772535	1.669691038064488	92.552523981842	0.0	0.0	0.0	0.04615504413369003	2.2203261830258803	1.9943434064896315	0.2544081369703765	0.0	0.4452550197772535	1.669691038064488
485000	-48.69606936437174	-24.57682393188242	-24.119245432489322	0.0	0	0	1	1	0	1	1	0	1	1	0.6027440671408898	0.00546955145031432	0.22769856052579518	1.5223182625723168	2.0537432463880587	2.5742493472597974	0.02050273310180181	0.3992556485237632	0.28279425601733765	6.156022085854444	3.4506107120704117	0.0	0.0	0.22769856052579518	1.5223182625723168	0.0	2.5742493472597974	0.02050273310180181	0.0	0.28279425601733765	6.156022085854444
486000	-47.0245857936349	-25.508777180539838	-21.515808613095057	0.0	0	1	1	1	1	0	0	1	1	0	0.1955010082287033	0.004135564527708719	0.9996048411022374	3.4553059196454075	2.6542488928367756	0.7520650106749999	0.2415993584546309	0.9342040212927292	1.9169796674222035	1.444517948444752	0.8895455270349597	0.0	0.004135564527708719	0.9996048411022374	3.4553059196454075	2.6542488928367756	0.0	0.0	0.9342040212927292	1.9169796674222035	0.0
487000	-45.38783227260768	-25.893580561326313	-19.494251711281365	0.0	0	0	0	1	0	1	0	1	1	0	0.1657823343725672	0.0787093561677164	0.8380326671754652	1.4624235205645937	0.4068354585028728	0.34625137410326656	4.585181514998384	2.652399656938767	0.24189643503498678	0.21325629979534994	2.44695487277774	0.0	0.0	0.0	1.4624235205645937	0.0	0.34625137410326656	0.0	2.652399656938767	0.24189643503498678	0.0
488000	-53.959741611238044	-25.67901914833381	-28.280722462904237	0.0	0	1	1	0	0	0	1	0	1	0	0.0783870795927773	1.3452906403141072	1.9486777120016592	2.1318306345437614	0.8409875442078819	4.435361811615591	0.05977033766787723	2.371883373437697	2.2203568529207836	0.8590206704062919	74.57504448921502	0.0	1.3452906403141072	1.9486777120016592	0.0	0.0	0.0	0.05977033766787723	0.0	2.2203568529207836	0.0
489000	-55.431712995193536	-25.751006598945608	-29.68070639624793	0.0	0	1	0	1	1	1	1	0	0	0	4.113207483895116	0.9154157466109769	0.12767207886284035	2.8633105255871985	1.1279040381163346	1.1080987565009934	2.321882131155388	1.9956274488231656	0.21995594246492706	0.33059805147726734	459.40973470559214	0.0	0.9154157466109769	0.0	2.8633105255871985	1.1279040381163346	1.1080987565009934	2.321882131155388	0.0	0.0	0.0
490000	-45.468159586079054	-25.689033635340454	-19.779125950738603	0.0	0	0	0	1	1	1	1	0	0	1	0.5126629642563186	0.3022499464638027	0.3079352208291181	0.07214285063407289	2.0665572629354227	1.2045263543203042	0.718960365225138	1.6023487486957242	0.5184941767088399	0.0369099861065812	80.36269002755786	0.0	0.0	0.0	0.07214285063407289	2.0665572629354227	1.2045263543203042	0.718960365225138	0.0	0.0	0.0369099861065812
491000	-47.28109590948431	-25.75100339113673	-21.53009251834758	0.0	0	0	1	1	1	0	1	0	1	0	0.9496023055032808	0.6153092756692412	0.18683527894221683	1.7372344440171175	0.3172913981726875	1.1521921334897023	0.0557664142092609	0.30723425608175037	2.516986281676005	1.1949469382239555	84.97438332494704	0.0	0.0	0.18683527894221683	1.7372344440171175	0.3172913981726875	0.0	0.0557664142092609	0.0	2.516986281676005	0.0
492000	-46.27481567842527	-25.06753792542745	-21.20727775299782	0.0	1	0	0	0	1	0	1	0	0	1	0.6201728901918843	0.6534046581435367	0.9435096002853177	0.6200407398026108	3.1194496710918953	1.4344361463037614	0.13437829876930052	1.7903007884015298	0.3525024000702724	1.1149546916588284	16.49974339634203	0.6201728901918843	0.0	0.0	0.0	3.1194496710918953	0.0	0.13437829876930052	0.0	0.0	1.1149546916588284
493000	-52.058728170084066	-25.751006598945605	-26.307721571138458	0.0	1	1	1	1	0	0	0	0	0	0	1.6767239960019107	1.1374269367502496	1.0378736895667315	0.2300980648728701	0.39353721468396585	0.4714988075046946	1.1140665135960035	0.3074457349816593	1.9342375932602227	2.143368123556913	1184.4236789240688	1.6767239960019107	1.1374269367502496	1.0378736895667315	0.2300980648728701	0.0	0.0	0.0	0.0	0.0	0.0
494000	-50.905624422318226	-25.749979535047025	-25.1556448872712	0.0	1	1	0	0	0	0	1	1	0	0	0.02410011123167891	0.04238308342555049	3.904945965016045	0.3602164946697679	0.6447716565099858	0.21104287633158716	0.48996540526733395	0.2611794985566454	1.821157119818506	5.0804265420501995	100.71243960716671	0.02410011123167891	0.04238308342555049	0.0	0.0	0.0	0.0	0.48996540526733395	0.2611794985566454	0.0	0.0
495000	-54.22709449074273	-25.750994575256396	-28.476099915486337	0.0	0	0	0	1	1	1	0	0	1	0	2.313105099623668	1.3682062033744	0.051019419997771466	0.009524209179958396	1.6830449718098295	1.3715430476931536	2.247077359621648	0.12124373817995378	0.6629473532567356	2.0574748816007102	1608.2857656985054	0.0	0.0	0.0	0.009524209179958396	1.6830449718098295	1.3715430476931536	0.0	0.0	0.6629473532567356	0.0
496000	-47.7660031009861	-25.751006598945608	-22.01499650204049	0.0	0	1	0	0	0	1	0	1	1	0	0.09197767452266131	1.6400501466570279	0.38809992313270053	0.00418372381509518	0.5489924611512911	0.8427162846226767	0.27228977383025255	0.9531417459973233	0.3923193341078973	3.3304728706125806	287.6350670667781	0.0	1.6400501466570279	0.0	0.0	0.0	0.8427162846226767	0.0	0.9531417459973233	0.3923193341078973	0.0
497000	-45.612779427110524	-25.550698275353373	-20.062081151757155	0.0	1	1	0	1	0	1	1	1	0	1	0.07757972147044208	0.05023769186784799	0.11451143874507683	0.4056969124072216	0.40501503290694085	2.0684782200088714	0.3415105800663897	0.6037056455984318	2.2730348089171875	0.9891972016489029	9.272439961357165	0.07757972147044208	0.05023769186784799	0.0	0.4056969124072216	0.0	2.0684782200088714	0.3415105800663897	0.6037056455984318	0.0	0.9891972016489029
498000	-40.92679092856098	-25.75565412537631	-15.171136803184673	0.0	1	0	1	1	0	1	0	1	0	0	0.1840293564762144	2.48033534772958	0.20847002824929173	0.14020657601258152	0.3260447773434766	0.16024926916643004	0.8515737649948646	0.4844427288552321	0.07786939549173474	0.11639838045660274	8.681419253068588	0.1840293564762144	0.0	0.20847002824929173	0.14020657601258152	0.0	0.16024926916643004	0.0	0.4844427288552321	0.0	0.0
499000	-48.28592437300995	-25.751006574613875	-22.534917798396073	0.0	1	1	0	0	0	1	1	1	0	1	0.48712703832571425	1.3857473158805649	1.2213443675610898	0.6882543277936043	2.2470900461560426	1.9779606536054701	0.3270293569393094	0.701386991069981	0.003356415549988912	0.38621028968503845	55.915146674784175	0.48712703832571425	1.3857473158805649	0.0	0.0	0.0	1.9779606536054701	0.3270293569393094	0.701386991069981	0.0	0.38621028968503845
500000	-46.33223970267529	-24.435945322365598	-21.89629438030969	0.0	0	0	1	1	0	0	1	1	1	1	0.5505304864986273	1.8242890987803373	0.8991442151948723	0.6567382428054217	0.6979786641433081	1.536605031522495	1.649691820967753	2.5629670092122483	0.10875244075346951	1.5885436014470382	2.1945144933419987	0.0	0.0	0.8991442151948723	0.6567382428054217	0.0	0.0	1.649691820967753	2.5629670092122483	0.10875244075346951	1.5885436014470382
501000	-52.07536710614556	-25.751006598945597	-26.324360507199962	0.0	1	0	0	0	1	1	1	1	0	0	0.24779869311381392	0.24451715312187	0.9449189418033547	2.493440404811323	2.4923176050864244	0.6020200207096311	0.39769909563061123	0.5445592306231434	1.7553237001583935	2.230358286493937	403.4767381545918	0.24779869311381392	0.0	0.0	0.0	2.4923176050864244	0.6020200207096311	0.39769909563061123	0.5445592306231434	0.0	0.0
502000	-46.8871088276685	-25.751006598945605	-21.13610222872289	0.0	1	1	1	1	0	0	0	0	0	0	0.24352111798752854	0.5010565831508391	0.4384225022834037	0.8495195413023843	1.5065959268546891	1.3459691804737934	0.5813403730649763	0.6731958341577993	0.660518866168703	0.36621562968996924	393.51527285511753	0.24352111798752854	0.5010565831508391	0.4384225022834037	0.8495195413023843	0.0	0.0	0.0	0.0	0.0	0.0
503000	-47.081973012586595	-25.751006530171544	-21.33096648241505	0.0	0	0	0	1	0	1	1	0	1	1	0.8655949477112154	0.2540816302239947	1.393060973983801	1.0399267622606638	0.33037193443000806	0.4710217349970369	1.826773698655113	0.8594130280770866	0.11013770409785999	0.7755517059014887	189.91107280712302	0.0	0.0	0.0	1.0399267622606638	0.0	0.4710217349970369	1.826773698655113	0.0	0.11013770409785999	0.7755517059014887
504000	-40.91659879860856	-24.566207974464	-16.35039082414456	0.0	1	1	0	0	1	1	1	0	0	0	0.2720616145787532	0.06261774124361222	0.6988743741722225	0.6124006368085343	0.4204117497683751	1.7472953173837225	1.1073024972243892	0.010490185920050743	0.08592147064666956	1.940724684431357	4.1196768646547595	0.2720616145787532	0.06261774124361222	0.0	0.0	0.4204117497683751	1.7472953173837225	1.1073024972243892	0.0	0.0	0.0
505000	-46.89044687066167	-25.72097155184104	-21.16947531882063	0.0	1	1	0	1	0	0	1	0	0	1	3.212019455371939	0.6764065354636486	1.873343946908314	0.01383129179051917	0.7412379214351115	0.17561006781993826	2.1044789850147687	0.24647349638196953	0.6914217029064903	0.7721952573101863	14.538252350162104	3.212019455371939	0.6764065354636486	0.0	0.01383129179051917	0.0	0.0	2.1044789850147687	0.0	0.0	0.7721952573101863
506000	-56.65422638476301	-25.751006598945605	-30.903219785817406	0.0	0	1	1	0	1	1	1	0	1	1	0.0698604233151389	3.6298095858051607	3.4940286679046912	0.30315856271332264	0.6123246602571062	0.6509987891870191	1.0695066090882994	0.014794794538541592	0.3801386200794841	5.070946311000079	143.9732086522057	0.0	3.6298095858051607	3.4940286679046912	0.0	0.6123246602571062	0.6509987891870191	1.0695066090882994	0.0	0.3801386200794841	5.070946311000079
507000	-49.535506981142504	-25.751006598945608	-23.784500382196896	0.0	0	0	1	0	1	1	0	0	1	1	0.6240317867035511	0.6278526715348516	1.8085560445131137	3.3916649602449485	0.19518488430093853	0.6159682984017159	0.07596433371074857	0.3519704107902269	0.42194813028149053	0.23619653984831246	792.6473547617538	0.0	0.0	1.8085560445131137	0.0	0.19518488430093853	0.6159682984017159	0.0	0.0	0.42194813028149053	0.23619653984831246
508000	-49.983965838146275	-24.25434548600615	-25.72962035214012	0.0	0	1	0	1	1	1	0	0	0	1	0.29881190707425026	1.6894369845184245	2.7715917291964316	3.8728623509498217	0.26336725402179056	0.6333366722725349	0.6075718632586645	2.42937796254368	1.0108470843678947	3.2171757365990965	2.6111155632009826	0.0	1.6894369845184245	0.0	3.8728623509498217	0.26336725402179056	0.6333366722725349	0.0	0.0	0.0	3.2171757365990965
509000	-44.10531373279806	-25.453790136868196	-18.651523595929863	0.0	1	0	0	0	0	0	1	1	1	0	1.1248490564800482	0.24977116433658364	0.5119649746143572	0.3948994710942664	0.6253997163708123	0.49098916334785053	0.6489315291483087	2.4685036376199485	1.5866465626416242	1.2362476082962386	5.487370341369787	1.1248490564800482	0.0	0.0	0.0	0.0	0.0	0.6489315291483087	2.4685036376199485	1.5866465626416242	0.0
510000	-41.510417032785774	-23.848867740459777	-17.661549292325997	0.0	0	1	1	0	0	1	0	0	0	1	0.24498741564807366	0.2777591019214885	0.3937506159076747	1.7558228448103756	1.4388743200730238	1.1051376140290043	1.8267975661192741	1.3197548832547241	1.2161849908895155	0.5559366145421414	0.9216898024561393	0.0	0.2777591019214885	0.3937506159076747	0.0	0.0	1.1051376140290043	0.0	0.0	0.0	0.5559366145421414
511000	-50.77932360770197	-25.751006596081233	-25.028317011620736	0.0	0	1	0	1	1	1	0	0	0	0	0.5509560062097155	1.2410393549135097	1.1702999847669906	1.4609844472544082	1.7493307995296468	0.48075318523397526	0.6940379733248347	2.9745396904412282	1.7904373359455465	0.6731144965927766	94.2570886059797	0.0	1.2410393549135097	0.0	1.4609844472544082	1.7493307995296468	0.48075318523397526	0.0	0.0	0.0	0.0
512000	-42.60593773849409	-24.054520258753335	-18.551417479740756	0.0	0	1	1	0	1	0	0	0	1	1	0.587575741133432	0.8092230439265071	0.48513369628136377	1.1138100209921484	1.853839711590942	0.4688550216397962	0.17148303489384664	1.0919609478529984	2.1071145968308245	1.4224160132980022	1.5921203434420532	0.0	0.8092230439265071	0.48513369628136377	0.0	1.853839711590942	0.0	0.0	0.0	2.1071145968308245	1.4224160132980022
513000	-49.463070950566106	-25.751006598945605	-23.712064351620505	0.0	1	0	0	1	1	0	0	1	1	0	0.39609950024489327	0.18949327792042478	1.7634429945822727	0.8129562988775081	0.6902754209228599	2.6980743591515597	0.047518532200959536	0.7523338685352404	1.8581343265003025	1.5875523675347454	124.32171066238297	0.39609950024489327	0.0	0.0	0.8129562988775081	0.6902754209228599	0.0	0.0	0.7523338685352404	1.8581343265003025	0.0
514000	-38.750734323587196	-24.386051072323987	-14.364683251263209	0.0	1	1	0	0	0	1	1	1	1	0	0.07980171589963893	0.21823315548584563	0.929155303493144	0.7333683849910168	1.5854800737803132	0.42204672145566324	0.13421416108858905	0.08444447289575324	0.26705302926023705	0.6538163450278	1.2490195036336385	0.07980171589963893	0.21823315548584563	0.0	0.0	0.0	0.42204672145566324	0.13421416108858905	0.08444447289575324	0.26705302926023705	0.0
515000	-49.39024267852665	-25.750943104349435	-23.63929957417721	0.0	0	1	1	0	0	1	0	0	0	1	0.34227019832857214	0.614364705202338	1.4726030740839013	1.656622669438023	1.7002109270369268	1.1764046930950651	2.8755746215678104	0.10443509478807099	0.18180562269225503	2.480803920472819	29.98021690479496	0.0	0.614364705202338	1.4726030740839013	0.0	0.0	1.1764046930950651	0.0	0.0	0.0	2.480803920472819
516000	-51.204112807091505	-25.7510065989456	-25.453106208145904	0.0	0	1	0	1	0	1	0	1	0	0	0.3501551262618646	1.4354384566160805	2.1291347999537926	2.1578794655472024	0.6758088966925928	3.3684318087912866	0.4401263904043786	1.1343209578816336	0.13345029829529337	0.0709627881696813	289.1235000743025	0.0	1.4354384566160805	0.0	2.1578794655472024	0.0	3.3684318087912866	0.0	1.1343209578816336	0.0	0.0
517000	-51.02203402011881	-25.7510065989456	-25.27102742117321	0.0	1	1	0	1	1	1	0	0	1	1	0.7413796379834496	0.01896085119096371	0.2852756258394145	0.3121895092353906	0.7235170289518073	0.3178439159463651	1.342574933570757	1.6783557571837295	0.7380403021910822	1.8916475956431449	504.62619159405534	0.7413796379834496	0.01896085119096371	0.0	0.3121895092353906	0.7235170289518073	0.3178439159463651	0.0	0.0	0.7380403021910822	1.8916475956431449
518000	-43.18582057032023	-25.751006591382872	-17.434813978937363	0.0	0	1	0	1	0	1	1	0	0	0	0.1036378340221252	0.43399270954059643	1.0981396930845977	0.10202635801410083	0.591097906457184	0.35951502506114025	0.16330656860967815	0.7846558775777018	0.3456575407141178	0.7725025965931382	139.5696968936181	0.0	0.43399270954059643	0.0	0.10202635801410083	0.0	0.35951502506114025	0.16330656860967815	0.0	0.0	0.0
519000	-49.544971191493815	-25.7480931294215	-23.796878062072313	0.0	1	1	1	1	0	0	0	0	0	1	1.0498266821164715	0.33644839324769116	3.2956655195519144	0.26497918433831225	0.5213302287707512	0.47176629492065963	0.6005589240156743	2.7028303415470076	2.0269386122265223	1.2629671997470406	26.227131389410093	1.0498266821164715	0.33644839324769116	3.2956655195519144	0.26497918433831225	0.0	0.0	0.0	0.0	0.0	1.2629671997470406
520000	-42.829531092613806	-25.71628407232773	-17.113247020286074	0.0	0	1	1	0	1	1	0	0	1	0	2.7527045238547827	0.17366369209429525	0.9135531205415297	0.17133257245216366	0.13468373332305297	0.6142728923769912	0.5346480965133468	0.8359248312667454	0.14339272233795028	0.5196201790400602	10.356556519678822	0.0	0.17366369209429525	0.9135531205415297	0.0	0.13468373332305297	0.6142728923769912	0.0	0.0	0.14339272233795028	0.0
521000	-47.57565086483517	-25.75100638398408	-21.82464448085109	0.0	0	0	1	0	1	0	1	0	1	1	0.19940527335915942	0.027348766695731195	1.5790964802661083	1.1590588920020282	0.1269224160452496	1.130784482421287	0.24985906705765595	1.2529634226560855	1.5706081253234347	2.114611944236125	78.71432728626509	0.0	0.0	1.5790964802661083	0.0	0.1269224160452496	0.0	0.24985906705765595	0.0	1.5706081253234347	2.114611944236125
522000	-50.86637372805566	-25.74372036209631	-25.12265336595935	0.0	0	1	1	0	0	1	0	0	1	0	1.1014471466834082	0.3541707403828641	4.32908015895897	2.961945413008259	0.32899429036548294	1.1771633991170674	1.6902920646034436	0.3695840201611469	0.4841534711738482	0.8399270616960148	46.3532762655792	0.0	0.3541707403828641	4.32908015895897	0.0	0.0	1.1771633991170674	0.0	0.0	0.4841534711738482	0.0
523000	-53.427396850668174	-25.438655794832183	-27.988741055835995	0.0	1	0	0	0	0	1	0	1	1	0	0.30160989867342847	0.903845377664747	0.8952192911300575	2.1642342078003454	1.7370262349457548	0.2949243175259954	1.9956829201052118	0.251094550675531	5.755243310973083	2.422272527172349	37.58276468910801	0.30160989867342847	0.0	0.0	0.0	0.0	0.2949243175259954	0.0	0.251094550675531	5.755243310973083	0.0
524000	-46.14207666893332	-25.75888498627917	-20.38319168265415	0.0	1	1	0	1	0	0	0	1	0	0	0.631698884634092	1.661517299170196	2.867786178331832	0.21616224396897338	0.1770554715842689	0.1991544611452831	1.8900778921828019	0.9563833557706426	1.3290831030090473	0.45733692622077654	10.820153745633323	0.631698884634092	1.661517299170196	0.0	0.21616224396897338	0.0	0.0	0.0	0.9563833557706426	0.0	0.0
525000	-43.277210784753464	-24.640706938793066	-18.6365038459604	0.0	1	1	0	0	1	1	1	0	0	0	0.7448627338582284	0.1500301270596186	0.6881422559301329	1.455976670123735	0.3024387228585732	0.5593021660122708	0.7832249144988652	0.06692282727738709	0.9708913609140001	4.842714876235071	1.1020591583147368	0.7448627338582284	0.1500301270596186	0.0	0.0	0.3024387228585732	0.5593021660122708	0.7832249144988652	0.0	0.0	0.0
526000	-56.99880834253044	-25.751006598943224	-31.24780174358721	0.0	1	0	1	1	1	0	0	1	0	0	0.5484012622749085	3.5260168675401653	0.6803220925689925	7.569558507865417	1.690168052268462	0.7185421610757593	0.9243885115982016	0.03900462377553372	0.8029400583352438	0.9691454463268209	258.0196254578066	0.5484012622749085	0.0	0.6803220925689925	7.569558507865417	1.690168052268462	0.0	0.0	0.03900462377553372	0.0	0.0
527000	-43.38320460657535	-25.99498199294854	-17.38822261362681	0.0	0	1	1	0	0	1	0	0	1	0	1.6351254612120718	1.7639412873489508	1.2705430962237465	1.064052736064724	0.5705688131141979	0.9256080832604413	0.17254879311929078	9.105676190393629E-4	0.0967722724310062	0.5922247433850354	5.393163257538041	0.0	1.7639412873489508	1.2705430962237465	0.0	0.0	0.9256080832604413	0.0	0.0	0.0967722724310062	0.0
528000	-45.7419605296685	-25.74901577797897	-19.992944751689535	0.0	1	1	1	0	0	0	1	0	1	0	0.2905075463674638	1.1084540860440348	0.7074752980016195	0.2926615397226792	0.7771764998223061	0.6060661543185812	3.1176999705488773	0.004760600173574397	1.2379324283118078	0.8519415961120019	20.231342331391183	0.2905075463674638	1.1084540860440348	0.7074752980016195	0.0	0.0	0.0	3.1176999705488773	0.0	1.2379324283118078	0.0
529000	-42.10318292041411	-25.75100659894545	-16.35217632146866	0.0	1	0	0	0	0	1	1	1	0	0	0.04717203355239807	0.19474897032323607	0.22004297582617882	0.17160430475445243	0.0025822986665790517	0.37598833574983204	0.39126298438944174	0.8120169095014995	0.12938540176574428	0.17402921312419628	356.315498789265	0.04717203355239807	0.0	0.0	0.0	0.0	0.37598833574983204	0.39126298438944174	0.8120169095014995	0.0	0.0
530000	-42.5346215741307	-27.079431519644842	-15.455190054485861	0.0	1	0	1	1	1	0	0	1	1	0	0.4726315355728292	1.5193422094825506	0.2784278713982782	0.2450688693597152	0.007639946484378351	0.6609365288364532	1.3139406081633525	0.25633521146876415	0.43810817858900636	1.9016185787990825	0.5098047872384208	0.4726315355728292	0.0	0.2784278713982782	0.2450688693597152	0.007639946484378351	0.0	0.0	0.25633521146876415	0.43810817858900636	0.0
531000	-43.07898877477001	-25.75078205257794	-17.32820672219207	0.0	1	1	1	1	0	1	0	0	0	0	1.04814301838205	0.7034393760956179	0.07296989126799273	0.24777942345159498	0.036417699352526214	1.180428237506967	0.3428854374197279	1.5751082227292037	0.22952455223263146	0.635765043895111	26.02780170205828	1.04814301838205	0.7034393760956179	0.07296989126799273	0.24777942345159498	0.0	1.180428237506967	0.0	0.0	0.0	0.0
532000	-44.593796527168934	-25.750866630921923	-18.842929896247014	0.0	0	0	1	1	1	1	1	0	0	0	1.4042445704903943	0.6732342602241628	0.35847106034851195	0.11979828526719252	0.6921103643728614	2.1833649583348764	0.1642808055219455	1.1854254515558247	0.42933484404317884	0.2422914668837911	29.674200153401145	0.0	0.0	0.35847106034851195	0.11979828526719252	0.6921103643728614	2.1833649583348764	0.1642808055219455	0.0	0.0	0.0
533000	-44.70238618525738	-25.18751380569656	-19.51487237956082	0.0	0	0	1	1	1	0	0	0	1	1	0.3531495406705545	0.45753557351189733	0.9300340390138515	2.0793057391346794	0.266156662323661	0.3646332940236785	0.5699220636581754	1.8120975742383565	1.53992307047826	0.9613471607650956	9.026184002009536	0.0	0.0	0.9300340390138515	2.0793057391346794	0.266156662323661	0.0	0.0	0.0	1.53992307047826	0.9613471607650956
534000	-38.80528964244581	-25.350589184385985	-13.454700458059822	0.0	1	0	0	0	1	1	0	0	0	1	0.5086571218547354	0.10040498657488575	0.4769012250114235	0.21575666752769856	0.5290484938028324	0.30640424648537146	1.2940957672031366	0.42620692995369736	0.2461572245366243	0.15783805123566505	4.868846805743032	0.5086571218547354	0.0	0.0	0.0	0.5290484938028324	0.30640424648537146	0.0	0.0	0.0	0.15783805123566505
535000	-50.88543886523737	-25.75100537748962	-25.13443348774775	0.0	1	1	1	0	0	1	0	1	0	1	0.2634093765370247	0.7496647149530479	1.6768465609817713	0.5533291772103225	2.4567155465221795	0.23084748996746535	1.2030091890064945	0.8223492609135545	0.07306154944257921	3.930013555134674	59.50631569367939	0.2634093765370247	0.7496647149530479	1.6768465609817713	0.0	0.0	0.23084748996746535	0.0	0.8223492609135545	0.0	3.930013555134674
536000	-41.081194992148795	-24.347448710653993	-16.733746281494803	0.0	0	0	1	1	1	1	0	0	1	1	1.8559699938465213	0.2435876989468263	0.5230093322624376	0.3139783592122936	0.1907317487598642	0.7890472544748145	0.3401700513648028	0.7372549344299021	2.133565801304191	0.07194669585818583	1.648146848988922	0.0	0.0	0.5230093322624376	0.3139783592122936	0.1907317487598642	0.7890472544748145	0.0	0.0	2.133565801304191	0.07194669585818583
537000	-48.133438497841766	-24.967831170635264	-23.165607327206498	0.0	1	1	1	1	1	0	0	0	0	1	1.377740937954271	1.8190854199784519	1.6831061408621248	1.5824287819029124	0.39632580602777273	0.19835840199165647	1.1885467285156004	2.197096949699157	0.033942803685496174	2.7859299582325625	2.381777570015106	1.377740937954271	1.8190854199784519	1.6831061408621248	1.5824287819029124	0.39632580602777273	0.0	0.0	0.0	0.0	2.7859299582325625
538000	-42.14789271139334	-25.590979522338632	-16.55691318905471	0.0	1	1	1	0	0	0	0	0	0	1	0.597443997489849	0.8392664107640799	0.5570410286994252	0.8458107303616608	0.5493903754722019	0.4702968642695114	0.3135658895860049	1.702941916585917	0.6071370606773927	0.6425336817394842	6.172145409893768	0.597443997489849	0.8392664107640799	0.5570410286994252	0.0	0.0	0.0	0.0	0.0	0.0	0.6425336817394842
539000	-55.37916878527623	-25.751006598945605	-29.628162186330623	0.0	0	0	1	0	1	1	1	0	0	0	1.5084815889354721	1.362702457389829	1.325724732634413	1.606705467144158	1.233883561026999	1.6561584519153048	1.5822313214061519	2.496125555838716	0.059969904303527076	2.184407072761876	605.325261828044	0.0	0.0	1.325724732634413	0.0	1.233883561026999	1.6561584519153048	1.5822313214061519	0.0	0.0	0.0
540000	-44.70792883823493	-24.78231657429873	-19.9256122639362	0.0	0	1	0	1	0	1	1	1	0	0	1.812938395844841	0.9697845022375686	0.14672442100305294	2.115414814276296	2.8690034220032805	1.6212929830565939	0.6192998449219806	0.02536348301404186	0.4309906524890504	0.6107459385449318	2.07279510551804	0.0	0.9697845022375686	0.0	2.115414814276296	0.0	1.6212929830565939	0.6192998449219806	0.02536348301404186	0.0	0.0
541000	-43.94118903601328	-25.132074101061008	-18.80911493495227	0.0	0	1	1	1	0	1	1	0	0	0	0.182978341363748	0.10281247279909574	0.7881921209575176	1.517512264308957	0.14980092786571225	2.907435819288112	0.25169899648772176	1.1160167832335208	1.60970300492756	0.06089094742809146	8.515497393179379	0.0	0.10281247279909574	0.7881921209575176	1.517512264308957	0.0	2.907435819288112	0.25169899648772176	0.0	0.0	0.0
542000	-45.40044190201934	-25.650963674695223	-19.74947822732411	0.0	0	0	1	1	1	0	1	0	0	0	0.5516353055214135	1.945323404444934	1.2564330418979255	0.7825112048903955	0.7190784942272567	0.6951547224693791	0.08579388372100931	1.1690618725121835	0.9397904369953003	0.20032049759635667	42.87018985573456	0.0	0.0	1.2564330418979255	0.7825112048903955	0.7190784942272567	0.0	0.08579388372100931	0.0	0.0	0.0
543000	-43.469744405995996	-25.6020209021722	-17.867723503823797	0.0	0	0	1	1	0	1	0	1	0	1	0.01846980494262387	2.0298935428830958	0.26606119447966814	0.5085472207983339	0.45963438410800594	0.1828362675816921	0.6294614099071283	1.126487522555907	2.1834482704444413	0.013780959616177962	11.77503896510677	0.0	0.0	0.26606119447966814	0.5085472207983339	0.0	0.1828362675816921	0.0	1.126487522555907	0.0	0.013780959616177962
544000	-43.73317608397632	-25.744728961568196	-17.988447122408118	0.0	1	0	1	1	1	0	0	1	0	0	0.07032920974740504	1.3562937809692452	0.40130406470060337	1.325440489447233	0.3216823011907521	0.7385436626229197	0.0953364195450757	1.0767476686506918	0.18856042166728057	1.3231472400296735	22.15781636058481	0.07032920974740504	0.0	0.40130406470060337	1.325440489447233	0.3216823011907521	0.0	0.0	1.0767476686506918	0.0	0.0
545000	-40.486521195466416	-24.291883664603507	-16.19463753086291	0.0	0	0	1	1	1	1	0	1	0	1	0.21178751880327248	1.6829983610253392	1.3291725720493084	0.42713661014926657	0.786009022593632	0.9469540591031578	1.453612276362431	0.3533665959919661	0.23349808170536404	0.02327071025991865	0.749843776494137	0.0	0.0	1.3291725720493084	0.42713661014926657	0.786009022593632	0.9469540591031578	0.0	0.3533665959919661	0.0	0.02327071025991865
546000	-44.64031926506358	-25.750992800023393	-18.88932646504019	0.0	1	0	0	0	1	0	0	1	0	1	0.4505723110501986	1.204766991484493	0.1255829740135788	1.658396114603365	0.5293578290757346	0.17433959671237073	0.27639220417446664	0.16591664568703532	1.2581887512930248	0.901300614436513	86.12157627331938	0.4505723110501986	0.0	0.0	0.0	0.5293578290757346	0.0	0.0	0.16591664568703532	0.0	0.901300614436513
547000	-44.67392782614266	-25.68893260569454	-18.984995220448123	0.0	1	1	1	1	0	0	0	0	1	1	0.029974233971348213	0.3661098487280713	0.4386434930520852	0.06471133328578603	0.03719415886892389	0.5522150288507083	0.807315122487961	0.3130132972219305	0.4243876497711249	2.269874861762441	95.30862471373479	0.029974233971348213	0.3661098487280713	0.4386434930520852	0.06471133328578603	0.0	0.0	0.0	0.0	0.4243876497711249	2.269874861762441
548000	-42.84264708068103	-25.05997245655922	-17.78267462412181	0.0	1	1	0	1	0	0	0	0	0	1	0.8651867300133532	0.5957370341592112	0.567773528475645	0.2511384797356542	0.04315908100671596	0.9759030921858168	2.8699955098998005	0.5553340415889103	1.7138736029465482	1.0642379316955097	1.9580769382685312	0.8651867300133532	0.5957370341592112	0.0	0.2511384797356542	0.0	0.0	0.0	0.0	0.0	1.0642379316955097
549000	-45.25334931058732	-25.712465257638645	-19.540884052948673	0.0	1	0	1	0	1	0	0	0	1	1	2.9049079047365973	0.5143871499129589	1.312802335735982	0.855527692274168	0.05078699433395139	0.7123017835620066	0.553979789486205	0.39093931454896036	0.5578071619774899	0.9238069713372906	16.063317484844962	2.9049079047365973	0.0	1.312802335735982	0.0	0.05078699433395139	0.0	0.0	0.0	0.5578071619774899	0.9238069713372906
550000	-52.10200990479846	-25.7510065989456	-26.351003305852856	0.0	1	0	1	1	1	1	1	1	0	0	1.437619326929681	0.32716857302471297	1.5704750041983007	0.8106667106634148	0.16440299519457047	0.7267849264134798	0.8221878262252604	2.237752298742262	0.19099606079793388	1.0328255927050116	443.1922950266847	1.437619326929681	0.0	1.5704750041983007	0.8106667106634148	0.16440299519457047	0.7267849264134798	0.8221878262252604	2.237752298742262	0.0	0.0
551000	-48.63726111892218	-24.957090579462694	-23.68017053945949	0.0	1	1	0	0	0	1	0	1	1	0	0.01749197726905437	2.0393620281836045	0.5882265285041094	1.586424650240835	3.152562078726357	0.406715415451911	0.11191760166996559	2.2969600403810264	0.8581786955256065	3.071391426616354	4.8253184601193935	0.01749197726905437	2.0393620281836045	0.0	0.0	0.0	0.406715415451911	0.0	2.2969600403810264	0.8581786955256065	0.0
552000	-43.53757013072079	-25.75100639498338	-17.786563735737406	0.0	1	1	1	1	0	1	0	0	0	0	0.4214410527405367	1.3065117375321955	0.7145780389925925	0.6052851985672199	1.9785455743562328	0.040593999165570174	0.22500811717856534	0.9082428819403522	0.2008665581508055	0.009906305882287948	29.250530719630312	0.4214410527405367	1.3065117375321955	0.7145780389925925	0.6052851985672199	0.0	0.040593999165570174	0.0	0.0	0.0	0.0
553000	-48.680283277244094	-25.544281237050203	-23.13600204019389	0.0	0	1	1	0	1	0	0	1	0	1	0.21997746355716663	6.272620641212055	1.0243439934288807	0.37489125517976213	0.7251915616097494	0.7919871618659939	1.9587619347060432	0.6934214606520575	0.3831204101109156	0.33541229090084596	10.741285299314828	0.0	6.272620641212055	1.0243439934288807	0.0	0.7251915616097494	0.0	0.0	0.6934214606520575	0.0	0.33541229090084596
554000	-51.02120385543314	-25.75100659894561	-25.270197256487528	0.0	1	0	0	0	1	1	1	1	1	0	0.43496776077179716	0.16969047014673136	1.3094973968515766	1.0876900683555502	1.3351404595662655	3.0381395299924763	0.43917291129796143	0.35880422264348294	0.47322740050907347	1.160392746221278	412.81451992535216	0.43496776077179716	0.0	0.0	0.0	1.3351404595662655	3.0381395299924763	0.43917291129796143	0.35880422264348294	0.47322740050907347	0.0
555000	-45.82301512579143	-25.6202302191821	-20.202784906609327	0.0	1	1	0	0	0	1	1	0	0	1	1.1901629750047358	1.9476700730284702	2.4709687742070847	0.09639912542013311	0.19379792478019295	0.13338003256993844	2.557122488684523	0.296591878028483	0.520380667800724	0.14460835030524793	14.384799643468655	1.1901629750047358	1.9476700730284702	0.0	0.0	0.0	0.13338003256993844	2.557122488684523	0.0	0.0	0.14460835030524793
556000	-43.00750387308238	-25.750216194468408	-17.25728767861397	0.0	0	0	1	0	0	1	0	1	1	1	1.3580279208479191	0.10020883071735703	0.18669449630473076	0.4314092083665682	0.08350400176874694	0.03470996998841495	0.8466812274442235	1.2109224336276228	0.32280457826298264	0.0031886013593636652	100.43392645524854	0.0	0.0	0.18669449630473076	0.0	0.0	0.03470996998841495	0.0	1.2109224336276228	0.32280457826298264	0.0031886013593636652
557000	-49.81523609586519	-25.75100659894468	-24.06422949692051	0.0	1	1	0	0	1	0	0	1	1	0	2.3330173707370916	0.18514810445308102	0.1803716640697389	0.5660215995992954	2.9551284138674085	0.8663694485522271	0.6974089822619071	1.402532147899308	2.435147458580079	0.007403647606523953	80.31375673481	2.3330173707370916	0.18514810445308102	0.0	0.0	2.9551284138674085	0.0	0.0	1.402532147899308	2.435147458580079	0.0
558000	-45.94021628606957	-25.721368233988418	-20.21884805208115	0.0	0	1	1	0	1	1	0	0	0	1	0.6500287985602137	0.6446266888784531	1.716823488215139	0.31475270238784386	0.763591624057718	0.31310162354144905	0.37468587100627815	0.5891346563788243	2.564668325292646	0.016869039821752488	68.86321982858563	0.0	0.6446266888784531	1.716823488215139	0.0	0.763591624057718	0.31310162354144905	0.0	0.0	0.0	0.016869039821752488
559000	-50.14355428893765	-25.717977526014742	-24.425576762922912	0.0	0	1	0	1	0	0	1	0	0	1	1.6240412989088633	0.6879376251145165	2.717379637166633	0.050246733626266527	0.3012777367094166	0.20716238117004052	1.1215727253887855	2.6865701193092573	0.8548949792554166	1.5747199424708616	130.00230606551804	0.0	0.6879376251145165	0.0	0.050246733626266527	0.0	0.0	1.1215727253887855	0.0	0.0	1.5747199424708616
560000	-46.92881435727608	-25.707347653173173	-21.221466704102905	0.0	0	1	1	0	1	0	0	1	1	1	0.059034975025537374	1.106633749527665	1.6404073531450893	0.16389466022398952	0.13636863658284437	1.2246645784803238	1.5837637447327584	0.8098163809585982	0.9681283701021078	0.8689416627363076	36.3562218812687	0.0	1.106633749527665	1.6404073531450893	0.0	0.13636863658284437	0.0	0.0	0.8098163809585982	0.9681283701021078	0.8689416627363076
561000	-46.211008583215445	-24.620271099589427	-21.59073748362602	0.0	0	0	0	1	1	0	0	1	1	1	0.001593820200831999	1.3327096970822025	2.6231862751186097	0.14791229242890383	2.1145624805942504	1.31924061126813	0.5104714887858978	0.7420419020212435	1.687032625506771	0.9610199871876951	8.763205296236798	0.0	0.0	0.0	0.14791229242890383	2.1145624805942504	0.0	0.0	0.7420419020212435	1.687032625506771	0.9610199871876951
562000	-49.58571120597839	-25.751006520755986	-23.834704685222405	0.0	0	1	1	1	1	0	1	0	0	0	0.033805466765091906	0.37478023179263426	1.611603886047389	0.2589215808731045	2.7560704919046617	0.025045175322074488	2.142870502057075	0.1799237092072615	3.3566939114881946	0.41588903040840114	100.43066432216239	0.0	0.37478023179263426	1.611603886047389	0.2589215808731045	2.7560704919046617	0.0	2.142870502057075	0.0	0.0	0.0
563000	-43.42931149095565	-24.952788275216854	-18.476523215738794	0.0	0	0	1	0	1	0	0	1	0	1	1.1026560510228685	2.335406758359149	0.48033770775629775	0.6135984842573514	0.16303468705607993	0.053526584684744215	1.0857338838382593	1.7309689105210913	0.9434560857972726	0.4551559435312549	6.69105257190131	0.0	0.0	0.48033770775629775	0.0	0.16303468705607993	0.0	0.0	1.7309689105210913	0.0	0.4551559435312549
564000	-45.355304382072674	-24.42631399110113	-20.92899039097155	0.0	0	1	0	0	0	1	0	0	1	1	2.199825468093308	0.05555452262271147	1.6361573838480832	0.5659603132940635	2.6449741237154845	0.06566379728114004	0.46104383717762987	2.2383336547771044	0.06498107581022758	1.466818403579149	6.805312527076651	0.0	0.05555452262271147	0.0	0.0	0.0	0.06566379728114004	0.0	0.0	0.06498107581022758	1.466818403579149
565000	-41.81611191002507	-25.750933633104264	-16.065178276920808	0.0	0	1	1	0	0	1	1	0	0	1	0.30122563865340374	0.7474042024671449	0.24779552385925552	0.054965057805792486	0.1602097057633076	0.10657002119159252	0.1119078196592462	0.4969903245710704	0.5075283840547763	1.1852399730116825	61.21712712263151	0.0	0.7474042024671449	0.24779552385925552	0.0	0.0	0.10657002119159252	0.1119078196592462	0.0	0.0	1.1852399730116825
566000	-42.31184267956005	-25.276125988683617	-17.035716690876434	0.0	0	0	1	1	1	1	0	0	0	1	1.1676072940122384	0.5085429574292085	0.6287317983032356	0.20933490247451217	0.16813779443172627	0.2935387924308635	0.4591910429844118	0.033344294454107554	0.5754867824868837	2.4102912509263	13.421703091077083	0.0	0.0	0.6287317983032356	0.20933490247451217	0.16813779443172627	0.2935387924308635	0.0	0.0	0.0	2.4102912509263
567000	-40.548153938074414	-25.247895445260095	-15.300258492814319	0.0	0	1	1	1	1	0	0	0	0	0	1.7100743152705364	0.4445104867529833	0.5360313714805097	0.2902292246162848	0.25882322133666724	0.038922395298999074	1.4120714915543744	0.053852054969087924	1.027369319233928	0.6119881046970939	3.694746818975533	0.0	0.4445104867529833	0.5360313714805097	0.2902292246162848	0.25882322133666724	0.0	0.0	0.0	0.0	0.0
568000	-53.16767793831892	-26.691850472628616	-26.475827465690298	0.0	1	1	1	1	0	0	1	0	1	0	4.330113950818421	2.023567735828323	1.4129974702617643	1.8106021811061301	1.4984489583288196	0.7661494202534491	5.432995661401426	0.002284707292062541	0.23968512736453126	0.43828418265712554	0.5980395151356099	4.330113950818421	2.023567735828323	1.4129974702617643	1.8106021811061301	0.0	0.0	5.432995661401426	0.0	0.23968512736453126	0.0
569000	-46.90547503885661	-25.751006560844505	-21.1544684780121	0.0	1	1	0	1	0	0	0	1	0	0	2.377162703199849	0.5989031874821215	0.20404180761079282	0.2330864058979827	0.3439157984356858	0.8404351672536	0.2888337827546443	0.4426767293780008	2.3825401628805336	1.402651218725321	78.20177830845955	2.377162703199849	0.5989031874821215	0.0	0.2330864058979827	0.0	0.0	0.0	0.4426767293780008	0.0	0.0
570000	-42.40919624905767	-24.020697687739517	-18.38849856131815	0.0	0	1	1	0	1	0	0	1	0	1	1.3552742052965119	1.068625497722407	2.5016372424579196	0.0652109165305298	1.4511745625262131	0.5864196855330376	0.1758581553318815	1.3869093776940997	0.754953066043917	1.2281230609016711	0.8517081577524589	0.0	1.068625497722407	2.5016372424579196	0.0	1.4511745625262131	0.0	0.0	1.3869093776940997	0.0	1.2281230609016711
571000	-38.795819290250265	-24.341011326553158	-14.454807963697107	0.0	1	1	1	1	0	0	0	1	0	1	0.6256864014717509	0.1950572571957944	0.7582794914678196	0.13707922502753547	1.9081969736561033	0.21741121293715923	0.34302289070820013	0.18377697654852512	0.5328263846418816	0.5393211119206756	0.9796748460823915	0.6256864014717509	0.1950572571957944	0.7582794914678196	0.13707922502753547	0.0	0.0	0.0	0.18377697654852512	0.0	0.5393211119206756
572000	-51.990262585339025	-25.751006597997133	-26.239255987341892	0.0	1	0	0	0	1	1	0	0	0	1	0.05272121194612269	0.7359031912309498	0.6073510867154157	0.5028801249554948	3.839058437591775	0.5667415740173373	0.19966613686046206	0.36242956578677604	1.1043933681637266	2.7625451426699503	998.8157499321362	0.05272121194612269	0.0	0.0	0.0	3.839058437591775	0.5667415740173373	0.0	0.0	0.0	2.7625451426699503
573000	-43.434035158649664	-25.565319566973553	-17.868715591676114	0.0	1	0	0	1	0	0	0	0	1	1	1.1562380124167873	0.485818850181425	0.6829315993593216	0.35269362264171883	0.6393777197926961	0.7122981770770425	0.4091288578959213	0.525046030754595	1.3420851216003555	1.3939061217947148	12.83051285317533	1.1562380124167873	0.0	0.0	0.35269362264171883	0.0	0.0	0.0	0.0	1.3420851216003555	1.3939061217947148
574000	-55.132930337380685	-25.728524955179054	-29.40440538220163	0.0	1	1	1	1	0	0	1	0	0	1	1.3949993374839993	1.1063035869308042	0.2518174197993151	3.2104461605994437	0.15319746003838722	2.5808235020372416	2.802393818971878	4.213560068205078	1.0635033793192705	1.255207536296335	10.283246333586929	1.3949993374839993	1.1063035869308042	0.2518174197993151	3.2104461605994437	0.0	0.0	2.802393818971878	0.0	0.0	1.255207536296335
575000	-44.50265254267765	-25.436391249199843	-19.066261293477808	0.0	0	1	0	1	1	0	0	0	1	1	0.4897321938106616	1.5076178392743447	0.08779265904377236	0.2756910440788479	1.8179797815721919	1.4534878982712758	0.36745285929123883	1.2902718733035408	0.017244140893301847	1.1409592110099172	13.914593990189301	0.0	1.5076178392743447	0.0	0.2756910440788479	1.8179797815721919	0.0	0.0	0.0	0.017244140893301847	1.1409592110099172
576000	-42.792709741276006	-24.26865285750577	-18.524056883770236	0.0	1	1	0	0	0	1	1	0	0	1	0.33432166634759214	2.3068492042440014	0.13428216770298293	0.09566386134495775	0.885288487265356	0.18777614570088222	1.7372283074433492	0.9738895561583778	0.09976225443524056	1.9758251308815429	6.141272335130836	0.33432166634759214	2.3068492042440014	0.0	0.0	0.0	0.18777614570088222	1.7372283074433492	0.0	0.0	1.9758251308815429
577000	-47.535222377257426	-25.246960984945378	-22.288261392312048	0.0	0	1	0	1	1	1	0	0	1	0	0.21440472856706022	3.6715976883927772	0.3078177445580729	0.19991471551273382	2.639486507027962	2.4417204978254468	1.5913351162026266	1.1497511574146853	0.7750381387995741	0.8352803946102559	1.6273653866420197	0.0	3.6715976883927772	0.0	0.19991471551273382	2.639486507027962	2.4417204978254468	0.0	0.0	0.7750381387995741	0.0
578000	-51.104257724777554	-25.73115726493803	-25.373100459839527	0.0	0	1	1	0	1	0	0	0	1	0	3.0373243925893942	0.4166581201483978	0.2704886818065942	0.5997652556644918	3.9804521113533937	2.5418455074593114	0.2864440655960807	1.0675088491283582	0.7202550057564822	1.5763811170494304	25.6986509968369	0.0	0.4166581201483978	0.2704886818065942	0.0	3.9804521113533937	0.0	0.0	0.0	0.7202550057564822	0.0
579000	-37.84067365911413	-24.11522206310865	-13.725451596005481	0.0	0	1	1	0	0	0	1	0	1	1	0.10186683922468548	1.7723949148992029	0.33988586883936955	0.045125414517401534	0.23887633447384615	0.35173161713650986	0.6203620524631993	0.9768609065678476	0.281426897473083	0.4765695175711347	1.725228392959449	0.0	1.7723949148992029	0.33988586883936955	0.0	0.0	0.0	0.6203620524631993	0.0	0.281426897473083	0.4765695175711347
580000	-46.902685366610484	-25.65990923407905	-21.242776132531432	0.0	0	0	1	0	1	1	1	1	0	0	0.5288260556832063	0.1015094461573918	0.45262382729495065	1.629695749625326	0.7433602716076564	1.05156698093034	0.2990110486543223	1.3382581093300265	2.7275133234846636	1.7420972786415139	14.056552495204123	0.0	0.0	0.45262382729495065	0.0	0.7433602716076564	1.05156698093034	0.2990110486543223	1.3382581093300265	0.0	0.0
581000	-47.105638526995506	-25.728068674370675	-21.377569852624834	0.0	0	0	0	1	0	1	0	0	1	1	0.5233574693685258	0.5128226498618774	0.9050800108649255	0.629020891374335	0.8322173542043357	0.16405061573837817	1.6960133846154366	1.495001519122318	1.7587668177184632	1.7865169627419883	31.18358526080752	0.0	0.0	0.0	0.629020891374335	0.0	0.16405061573837817	0.0	0.0	1.7587668177184632	1.7865169627419883
582000	-46.187065398624604	-25.751006598945608	-20.436058799678996	0.0	0	0	0	1	1	0	0	1	1	0	1.0298437625177816	0.3997942557818229	0.25097718252332	0.31221448044151745	1.6849474189101596	0.5126336425627706	0.09756661937857221	0.35852784338948535	1.7478488854723304	0.7116080211797069	241.524811620689	0.0	0.0	0.0	0.31221448044151745	1.6849474189101596	0.0	0.0	0.35852784338948535	1.7478488854723304	0.0
583000	-45.488942319829334	-24.311550174494638	-21.177392145334693	0.0	0	1	1	0	0	1	0	0	1	1	0.4713041354710443	2.5478095758947377	1.0189971180891113	2.345972806888373	0.5635828969405644	0.6730996460706483	1.977481408498356	0.6210823817035129	2.7554788954693703	0.2423071300642137	0.9855692604598053	0.0	2.5478095758947377	1.0189971180891113	0.0	0.0	0.6730996460706483	0.0	0.0	2.7554788954693703	0.2423071300642137
584000	-42.4840699838324	-25.37111975378668	-17.11295023004572	0.0	0	1	1	0	1	0	0	0	0	1	0.46956201844616735	0.29808126534290086	1.870769910463587	2.3555518237859436	0.5718830131222359	0.15807554422730152	0.4633597370914446	0.26292113577910303	1.266999291461477	1.6952264690523706	1.096835235357417	0.0	0.29808126534290086	1.870769910463587	0.0	0.5718830131222359	0.0	0.0	0.0	0.0	1.6952264690523706
585000	-46.686071476335044	-25.699227086478242	-20.9868443898568	0.0	1	1	0	0	0	0	1	1	1	0	0.3669590157826619	0.12631211670315962	1.1085690801682337	0.6109053454885132	0.4872613663633929	0.49188056878183933	0.34358224781689817	3.5012067184294207	0.7468728994367694	2.0833438581772747	22.793429064207757	0.3669590157826619	0.12631211670315962	0.0	0.0	0.0	0.0	0.34358224781689817	3.5012067184294207	0.7468728994367694	0.0
586000	-42.71258242370078	-24.69609321709632	-18.01648920660446	0.0	0	1	0	1	0	0	1	1	0	1	2.2410307319352136	0.2513355995842053	0.6213207545568143	1.5210977857919694	0.864614602340863	0.9695776716581882	0.3618639871896762	1.6056686076170252	0.2942229642087705	1.097481081165188	1.2379279961193537	0.0	0.2513355995842053	0.0	1.5210977857919694	0.0	0.0	0.3618639871896762	1.6056686076170252	0.0	1.097481081165188
587000	-54.98939218811105	-25.669223208746786	-29.32016897936426	0.0	0	0	1	1	1	0	1	1	0	0	6.647851634152308	0.22966321886132185	3.067776819519704	0.3606854299622595	1.2501951597489638	2.8381136382323966	0.9412892368332298	2.728557027141873	1.1395012763255297	0.10569170273794587	7.625045640093787	0.0	0.0	3.067776819519704	0.3606854299622595	1.2501951597489638	0.0	0.9412892368332298	2.728557027141873	0.0	0.0
588000	-49.90976119913856	-25.169669713251835	-24.740091485886722	0.0	1	1	0	0	0	1	0	0	1	0	0.16911376588733262	1.9591684623311911	0.9681069472682827	0.3263383651318991	2.46244536245443	0.8796331223961843	0.4637018947016836	3.435933363210601	2.7401601662437898	1.2267898910457424	12.085662849124445	0.16911376588733262	1.9591684623311911	0.0	0.0	0.0	0.8796331223961843	0.0	0.0	2.7401601662437898	0.0
589000	-42.365372798126444	-24.55692095646173	-17.808451841664713	0.0	1	1	0	0	0	0	1	1	0	1	0.16074892205825508	0.23364131468611707	1.2655699135811849	0.8843950276176752	0.06819342128390099	0.06466949433437735	0.8883829471646619	0.5438014251701081	4.556903482649469	0.31863228848893344	2.3354729659839695	0.16074892205825508	0.23364131468611707	0.0	0.0	0.0	0.0	0.8883829471646619	0.5438014251701081	0.0	0.31863228848893344
590000	-48.31823833956852	-25.751006598945605	-22.567231740622923	0.0	1	1	0	1	0	1	0	1	0	0	0.7946797389863363	2.142897391610548	1.803432848913677	0.6601786776504254	0.1955973844185411	0.18507056978859485	0.526914130790132	0.5377363141630918	1.3203352441212621	1.324508732724532	143.14870261082203	0.7946797389863363	2.142897391610548	0.0	0.6601786776504254	0.0	0.18507056978859485	0.0	0.5377363141630918	0.0	0.0
591000	-46.46827184203356	-25.74990615783086	-20.718365684202695	0.0	1	0	0	1	1	1	1	0	0	0	1.0450709747358153	0.36037055949647806	0.4616118263381147	0.004964909762744934	0.3796354872043916	1.8744365664784457	2.185049832237358	0.6688469943166871	1.1523586737036593	1.2135152221869459	29.163052064268296	1.0450709747358153	0.0	0.0	0.004964909762744934	0.3796354872043916	1.8744365664784457	2.185049832237358	0.0	0.0	0.0
592000	-48.11334027218907	-25.390566636136374	-22.722773636052697	0.0	0	0	1	0	1	0	1	1	1	1	1.474304361361909	0.8724588913182171	0.37609905423497975	0.17673574015077484	0.10924304150031101	1.9040504429363925	3.3664325209736967	0.08348014641864004	2.9342270132591928	0.9913141855640636	4.0474800272652125	0.0	0.0	0.37609905423497975	0.0	0.10924304150031101	0.0	3.3664325209736967	0.08348014641864004	2.9342270132591928	0.9913141855640636
593000	-41.761613484612724	-24.524303542723487	-17.23730994188924	0.0	0	0	0	1	1	0	0	1	0	1	0.0988268885632749	0.0960636315644507	1.9740531323918575	0.24380221055011628	0.7301711962758242	0.4377857528419644	1.13406182326993	0.6910941867018541	1.9558603555795013	0.7092573289786798	4.740121346460518	0.0	0.0	0.0	0.24380221055011628	0.7301711962758242	0.0	0.0	0.6910941867018541	0.0	0.7092573289786798
594000	-47.00982838688684	-25.328973827898427	-21.680854558988415	0.0	0	1	1	1	1	0	1	0	0	1	0.09832751080347829	0.7564298191279138	1.8037088870223845	1.1446105452895017	1.37551768690202	0.24504188213340705	3.0203236125190775	1.6101738826915732	0.17443915248115444	1.3339169707381495	2.952965951609323	0.0	0.7564298191279138	1.8037088870223845	1.1446105452895017	1.37551768690202	0.0	3.0203236125190775	0.0	0.0	1.3339169707381495
595000	-48.50462057833747	-25.75100486388397	-22.753615714453503	0.0	0	1	0	0	1	1	1	0	0	0	0.536114584787138	0.10889144329828275	1.7447761868318026	1.561521652917169	0.8224257715204549	0.4942376609548257	1.8750851882076538	1.5735100039113572	0.3398566475528674	0.8784927263073309	157.46611643405961	0.0	0.10889144329828275	0.0	0.0	0.8224257715204549	0.4942376609548257	1.8750851882076538	0.0	0.0	0.0
596000	-44.44136649754503	-25.715080439800737	-18.726286057744296	0.0	0	1	0	0	1	0	1	1	0	0	0.5037687910247929	2.365388031148365	0.5922254143994484	0.47026036661556897	0.30510847779847067	0.31347950781603245	0.09815587674417074	0.6539106246472208	0.6603319450855285	1.766992760243365	28.905619935822095	0.0	2.365388031148365	0.0	0.0	0.30510847779847067	0.0	0.09815587674417074	0.6539106246472208	0.0	0.0
597000	-49.09206263213167	-23.785446929845833	-25.30661570228584	0.0	0	1	0	0	0	0	1	0	1	1	0.8984644880366253	0.8557010213839781	0.8230128280439591	0.7231829559266065	8.55022124401891	1.45744652462301	0.5330887505231401	0.029777119206631238	1.138164255842256	1.8601473478735537	2.2907074028865737	0.0	0.8557010213839781	0.0	0.0	0.0	0.0	0.5330887505231401	0.0	1.138164255842256	1.8601473478735537
598000	-40.01096215573843	-23.970656501198576	-16.040305654539857	0.0	0	0	1	1	0	1	0	1	0	1	1.5764247619135914	0.06811507106067169	1.8252495468073953	1.2982906033326191	0.1560848850072159	0.4983876413073583	0.19528573274039968	1.171983244890044	0.5457165079581572	0.8418854439280525	0.8941017085634987	0.0	0.0	1.8252495468073953	1.2982906033326191	0.0	0.4983876413073583	0.0	1.171983244890044	0.0	0.8418854439280525
599000	-40.20728088773267	-24.669755963439105	-15.537524924293567	0.0	0	0	0	1	0	0	1	0	1	1	1.834475579587602	0.5828595398230044	0.17125433228771347	0.13470212018601843	0.5779919594505758	0.7814721408625915	0.046090928314098785	0.1340818800146155	0.4780036703545789	0.9171093056686762	9.631417774563154	0.0	0.0	0.0	0.13470212018601843	0.0	0.0	0.046090928314098785	0.0	0.4780036703545789	0.9171093056686762
600000	-49.41409117396576	-25.751006598945608	-23.663084575020147	0.0	0	0	1	1	1	0	1	1	0	1	1.0467987424362566	1.2929629243391985	0.8262749044428831	0.28607067307476447	0.3084404091041915	0.46101025805711915	1.2350324884194213	2.227486029070597	0.5399860812150415	0.08750454890253392	380.99352839568866	0.0	0.0	0.8262749044428831	0.28607067307476447	0.3084404091041915	0.0	1.2350324884194213	2.227486029070597	0.0	0.08750454890253392
601000	-44.24669068590484	-24.6614291657104	-19.58526152019444	0.0	0	1	1	1	1	1	1	0	0	0	0.4272728078342342	0.8428925658919437	0.12325558648005731	1.357913091784635	0.6643450284242621	1.329301873992481	2.086878006768002	0.3619697684415698	1.5490862393418394	1.3663607362570354	1.554553038401041	0.0	0.8428925658919437	0.12325558648005731	1.357913091784635	0.6643450284242621	1.329301873992481	2.086878006768002	0.0	0.0	0.0
602000	-53.24107006829692	-25.746523684468713	-27.49454638382821	0.0	1	1	1	0	1	1	1	1	1	1	0.6695539998425627	0.11801450048197829	0.2749021925844026	0.7947999969013211	2.822048244715925	0.6535179449512686	2.1982910703032856	1.8333066575967976	0.3633934523217893	0.5217534291938448	20.079124016224817	0.6695539998425627	0.11801450048197829	0.2749021925844026	0.0	2.822048244715925	0.6535179449512686	2.1982910703032856	1.8333066575967976	0.3633934523217893	0.5217534291938448
603000	-41.39521710558827	-25.33410830163261	-16.06110880395566	0.0	0	1	0	0	0	1	1	1	0	1	0.08855979172434317	0.018608610051906564	0.07125117419014217	0.9093382654457075	0.5158969234037587	0.42132342036578074	0.017366195056728696	2.062622593762575	0.05957164315338954	0.8458262999787126	21.299657647935494	0.0	0.018608610051906564	0.0	0.0	0.0	0.42132342036578074	0.017366195056728696	2.062622593762575	0.0	0.8458262999787126
604000	-41.97891126776963	-25.086846370780183	-16.892064896989446	0.0	0	0	0	1	1	1	1	0	1	0	0.030073867896225605	0.5494386915601428	0.11674552933697604	0.13182221415656703	0.4997140737528727	0.9909027805354549	0.6758955647308651	0.807539034138999	2.1263447352374585	1.4853875448623024	4.487978439836818	0.0	0.0	0.0	0.13182221415656703	0.4997140737528727	0.9909027805354549	0.6758955647308651	0.0	2.1263447352374585	0.0
605000	-35.77354702618966	-23.59050716157628	-12.183039864613383	0.0	0	1	0	1	0	1	0	0	0	1	1.3835084232649344	0.2523097732695931	0.7273815608916323	0.11480497894767376	0.19146762972772635	0.20433635317572732	0.28304935846637536	0.5635917357325775	0.16021406091113655	0.33051839605998823	1.438636820351204	0.0	0.2523097732695931	0.0	0.11480497894767376	0.0	0.20433635317572732	0.0	0.0	0.0	0.33051839605998823
606000	-50.58541226464893	-25.75100659894555	-24.83440566570338	0.0	1	1	0	0	0	0	1	1	1	0	0.8340272164725802	2.2701854302528597	3.760916113404554	0.8956053572066666	2.134716725011332	0.20220910749448753	0.8496184589149357	0.5249627481334723	0.3577128829900411	0.28195707662838093	104.46636266412312	0.8340272164725802	2.2701854302528597	0.0	0.0	0.0	0.0	0.8496184589149357	0.5249627481334723	0.3577128829900411	0.0
607000	-48.204684223623545	-25.751006598945605	-22.453677624677944	0.0	0	0	0	1	0	1	0	1	1	0	0.6682960722794337	1.1964065993517194	0.1696592759601392	0.3229921592238921	2.4498436092017903	0.4441435828544966	0.7131942063230362	1.1278437408562438	1.87397101638796	0.17271031059917785	238.52610990943336	0.0	0.0	0.0	0.3229921592238921	0.0	0.4441435828544966	0.0	1.1278437408562438	1.87397101638796	0.0
608000	-48.97616141805669	-25.680004557475232	-23.296156860581455	0.0	0	1	0	1	0	0	1	0	0	1	0.2386105534251383	3.6520619398426963	0.19897355705065722	1.1525200422152804	0.20734927109761078	3.2827365935266197	0.821140943402852	0.9152497809744973	2.0741330498488924	0.584264643471578	12.829561946677815	0.0	3.6520619398426963	0.0	1.1525200422152804	0.0	0.0	0.821140943402852	0.0	0.0	0.584264643471578
609000	-51.313944678214675	-25.740256726928685	-25.57368795128599	0.0	0	0	1	0	1	0	1	0	0	1	1.2227940653784855	2.5654597904617056	0.3260131405061887	1.0528891579851867	0.13152112648202752	1.0494634964015692	0.12586152978187898	4.346234383268398	1.077805875188089	1.9136411036647036	60.2649936830695	0.0	0.0	0.3260131405061887	0.0	0.13152112648202752	0.0	0.12586152978187898	0.0	0.0	1.9136411036647036
610000	-42.48802779641206	-24.12722063971008	-18.36080715670198	0.0	0	0	0	1	1	0	0	1	1	1	0.9456135763757115	2.5293196919974714	1.9377031123047648	0.22762824155748632	0.35447602711563037	2.4316779769373085	0.018331933880663013	0.18356770258178165	0.5440148630805949	0.33464127975765146	2.407266943805447	0.0	0.0	0.0	0.22762824155748632	0.35447602711563037	0.0	0.0	0.18356770258178165	0.5440148630805949	0.33464127975765146
611000	-41.832560019446966	-25.48332162406247	-16.349238395384496	0.0	1	0	0	1	1	1	1	0	1	1	1.467760334829278	0.7462720579461468	0.3267265117277868	0.16161819923759357	0.6474897297984475	0.23246452421445607	1.209483817014706	0.08484592695181993	0.3510476073976983	0.6064363528940826	1.0151854142619794	1.467760334829278	0.0	0.0	0.16161819923759357	0.6474897297984475	0.23246452421445607	1.209483817014706	0.0	0.3510476073976983	0.6064363528940826
612000	-43.525252319143355	-24.935032509373706	-18.59021980976965	0.0	0	1	0	0	0	1	1	1	0	0	0.6917280632826388	0.33343848233360546	1.424809931844875	4.822900851071106	0.23559168479633766	1.1043823874094787	0.17802453665911655	0.5337831113238031	0.1532641555921378	0.21036856582944816	3.64185089521554	0.0	0.33343848233360546	0.0	0.0	0.0	1.1043823874094787	0.17802453665911655	0.5337831113238031	0.0	0.0
613000	-46.34562082506382	-25.75100659894561	-20.59461422611821	0.0	0	1	0	1	1	1	0	0	0	1	1.469424478116725	0.3304522868479196	0.6157951069075318	2.501401513048292	0.017936645359166937	0.3850034592717164	0.11721441185102369	0.19550291476127454	0.4438941415102432	0.9430117639245642	218.72736491236546	0.0	0.3304522868479196	0.0	2.501401513048292	0.017936645359166937	0.3850034592717164	0.0	0.0	0.0	0.9430117639245642
614000	-48.67152247331533	-25.7510065989456	-22.920515874369727	0.0	0	0	0	1	1	0	1	0	1	1	0.034346864821365265	0.17683103445019133	0.6249831089010338	0.35871446793546996	0.12125193012998398	1.8696946390554225	2.0440340622606725	0.31660455344866006	1.2964852722968545	0.11782159973575333	1043.015232519561	0.0	0.0	0.0	0.35871446793546996	0.12125193012998398	0.0	2.0440340622606725	0.0	1.2964852722968545	0.11782159973575333
615000	-46.865740999806384	-25.751006598945608	-21.114734400860776	0.0	1	0	1	0	0	0	0	1	1	0	1.0729677223437086	1.4632276412956433	1.0156045563838496	0.4702855807095552	0.868814202053709	0.134528159242474	1.1762054632794543	0.5421346002076645	0.2811887159544276	0.756686390830465	242.10842998452569	1.0729677223437086	0.0	1.0156045563838496	0.0	0.0	0.0	0.0	0.5421346002076645	0.2811887159544276	0.0
616000	-49.113978342354024	-25.58755298499677	-23.526425357357255	0.0	0	0	1	0	1	1	1	1	0	1	0.24656715408604057	1.425636690765964	0.16689763605494393	1.3947098867214245	1.811638144718196	0.7134962382027672	0.3824101502089666	1.931331656390236	2.620779042108415	0.2545364499405904	33.60411276018344	0.0	0.0	0.16689763605494393	0.0	1.811638144718196	0.7134962382027672	0.3824101502089666	1.931331656390236	0.0	0.2545364499405904
617000	-42.53607045384595	-25.777607999174002	-16.758462454671953	0.0	1	0	1	0	0	0	1	1	0	0	0.38637845154266065	1.6588099644023007	0.8590908829302982	0.509307776003718	0.6605374057837039	0.15274642652686463	1.7663020451984892	0.6933299249487006	0.4779582245854113	1.548187025525863	1.549010426342418	0.38637845154266065	0.0	0.8590908829302982	0.0	0.0	0.0	1.7663020451984892	0.6933299249487006	0.0	0.0
618000	-43.640164552736294	-25.750246225088993	-17.889918327647298	0.0	1	0	0	1	1	0	1	1	1	0	0.25777746060627665	0.40125764997587965	0.02666283127626662	0.1399570871241472	0.6561273098237594	1.7810915575540587	0.39685291240145293	1.1792032667024948	0.169886243625786	0.6090626899882055	24.943860139682194	0.25777746060627665	0.0	0.0	0.1399570871241472	0.6561273098237594	0.0	0.39685291240145293	1.1792032667024948	0.169886243625786	0.0
619000	-39.35430715481417	-24.13727783219393	-15.217029322620242	0.0	0	1	0	1	1	1	0	1	1	0	0.5856990864003855	0.06816292662288578	0.01779327432857531	0.8499307540735064	0.2915843978984616	0.028122559659031043	0.6033249408642832	0.9921193301470691	1.8759895690906132	0.13587858503720418	2.0821286915361283	0.0	0.06816292662288578	0.0	0.8499307540735064	0.2915843978984616	0.028122559659031043	0.0	0.9921193301470691	1.8759895690906132	0.0
620000	-41.48982476752073	-24.292090001184345	-17.19773476633638	0.0	0	1	0	1	0	0	1	1	1	1	0.2432650193825813	0.5565094824282608	0.8032123868404671	1.0783988202380899	0.602593565651501	0.24995372125230708	1.7937187232300629	0.3372907212638932	0.6986206583222666	1.282140510894962	1.6773021851568592	0.0	0.5565094824282608	0.0	1.0783988202380899	0.0	0.0	1.7937187232300629	0.3372907212638932	0.6986206583222666	1.282140510894962
621000	-42.8036278375228	-25.45303373515239	-17.350594102370405	0.0	1	1	0	0	0	0	1	1	1	0	3.305694870783152	0.6431216963612711	0.9425336586136889	0.48568803695324303	0.21506795154414698	0.3996789973909638	0.11385987939176995	0.731790874678416	0.8142301887367663	0.1838651676008335	4.655890084545942	3.305694870783152	0.6431216963612711	0.0	0.0	0.0	0.0	0.11385987939176995	0.731790874678416	0.8142301887367663	0.0
622000	-50.5115817020932	-25.751006598945608	-24.760575103147595	0.0	1	0	0	1	0	1	0	1	0	1	1.1965291304984047	0.10234066356437548	0.10865314760875414	0.27845819367608254	3.7478093424988037	1.0998342570610404	1.0672197255637321	1.1770128676827218	1.8568271031740113	1.5806244637371247	88.86157259750716	1.1965291304984047	0.0	0.0	0.27845819367608254	0.0	1.0998342570610404	0.0	1.1770128676827218	0.0	1.5806244637371247
623000	-48.4260408565255	-25.751006598945605	-22.675034257579902	0.0	0	1	0	0	1	0	1	1	0	0	2.4367291551646137	0.5571270984444682	0.48327083095433626	0.045674366035330705	2.022940956357627	0.9157388249986893	0.6998986709049902	0.7693105280445839	0.12203373999430446	1.3192792228150187	236.30136603917396	0.0	0.5571270984444682	0.0	0.0	2.022940956357627	0.0	0.6998986709049902	0.7693105280445839	0.0	0.0
624000	-45.55433217430864	-25.74594675481165	-19.808385419496986	0.0	0	1	0	0	1	1	0	0	1	0	0.6116442703215196	1.4174898026437845	1.6425825050802905	0.32880684264201676	2.1048321589033296	0.7081257845172847	0.9340562972443379	0.8460719974823565	0.460067641204541	0.6016977363097155	12.626940104709266	0.0	1.4174898026437845	0.0	0.0	2.1048321589033296	0.7081257845172847	0.0	0.0	0.460067641204541	0.0
625000	-47.149821056135856	-25.710523954106257	-21.4392971020296	0.0	0	0	1	1	0	1	0	0	1	1	0.634428761070056	2.107128558959914	0.5156669877665742	0.22961887025230146	0.8562013321046135	0.45467609828395594	1.142546967605815	0.31615786864173606	3.4144760637204943	1.0637689612461867	15.15571030851434	0.0	0.0	0.5156669877665742	0.22961887025230146	0.0	0.45467609828395594	0.0	0.0	3.4144760637204943	1.0637689612461867
626000	-48.37339537028052	-24.530686394972566	-23.84270897530795	0.0	0	1	0	0	1	1	0	1	0	1	1.5894813911160632	0.7387301656751717	2.0173988480138254	0.05238409777932684	0.33416003462724586	1.7816080469449225	0.2623922930786868	0.3899058509425822	5.300079214207659	1.8370488077096239	4.770733522153963	0.0	0.7387301656751717	0.0	0.0	0.33416003462724586	1.7816080469449225	0.0	0.3899058509425822	0.0	1.8370488077096239
627000	-40.33849594204219	-24.508617319784232	-15.829878622257958	0.0	0	0	1	0	0	0	1	1	0	1	0.3248159023151646	0.20764280535165386	2.098367341421016	0.187917320323637	0.752555374386006	1.1644892164195892	0.5074447952074002	0.5259522680460161	1.508229080716733	0.7866923133195979	1.1707826466012694	0.0	0.0	2.098367341421016	0.0	0.0	0.0	0.5074447952074002	0.5259522680460161	0.0	0.7866923133195979
628000	-51.08313967894267	-25.750477157189092	-25.332662521753583	0.0	0	0	1	1	0	0	1	1	1	1	1.4423924662107601	0.26195726767026184	1.2463806207047816	0.6582805673078591	2.4181969245698673	0.20937062540575524	3.1409269508621933	0.16457771702599786	0.147038678923552	2.585530444929247	53.2526857443638	0.0	0.0	1.2463806207047816	0.6582805673078591	0.0	0.0	3.1409269508621933	0.16457771702599786	0.147038678923552	2.585530444929247
629000	-46.200066359946916	-23.89700316139809	-22.303063198548827	0.0	0	0	0	1	0	0	1	1	1	1	3.7134971457276915	4.803192547341413	0.20331221973889646	0.3909310918246418	0.09184133208217682	2.498525035089894	0.15445608342820447	0.0013153089418016654	0.07450717453559856	1.338757656459905	2.8779976159306075	0.0	0.0	0.0	0.3909310918246418	0.0	0.0	0.15445608342820447	0.0013153089418016654	0.07450717453559856	1.338757656459905
630000	-41.602304276888034	-25.323813865950196	-16.278490410937835	0.0	1	1	1	1	1	0	1	0	0	1	0.04724861163022083	0.9419475419531753	1.0565283944269905	0.39704271806817415	0.22822327312917548	0.5600492013157353	0.4472866606921512	0.0250806061727316	0.12015847006333738	0.8338032584807396	3.0653279203793415	0.04724861163022083	0.9419475419531753	1.0565283944269905	0.39704271806817415	0.22822327312917548	0.0	0.4472866606921512	0.0	0.0	0.8338032584807396
631000	-52.540691656237435	-25.751006595286846	-26.78968506095059	0.0	0	0	0	1	0	1	0	1	0	1	1.7136330142815248	0.14385193438475755	0.8215122261195817	2.067913120980641	0.0033858700374419124	3.777443869524611	0.4139998453007596	3.6639434362188763	0.642263911831502	0.6929090414526757	161.6143599489952	0.0	0.0	0.0	2.067913120980641	0.0	3.777443869524611	0.0	3.6639434362188763	0.0	0.6929090414526757
632000	-43.66017807411051	-25.75100659541799	-17.90917147869252	0.0	1	1	1	0	1	0	0	0	1	0	0.2808877171139452	2.698169684199545	0.23175509751980555	0.14650895823783305	0.12516969868677763	0.6628072849408636	0.3940119797090581	0.4088558286712544	0.25001426889127715	0.27905954885427897	80.03521632163962	0.2808877171139452	2.698169684199545	0.23175509751980555	0.0	0.12516969868677763	0.0	0.0	0.0	0.25001426889127715	0.0
633000	-50.536863041204576	-25.751006598945608	-24.785856442258968	0.0	1	1	1	1	0	1	0	0	0	1	0.6595851160151471	1.7967604853041157	0.2076850060505145	0.5771495472286488	0.46790324828632124	0.34692855558978697	3.6771609304201838	0.5230199162567246	2.751256834719358	0.009118769945369446	103.23478615089819	0.6595851160151471	1.7967604853041157	0.2076850060505145	0.5771495472286488	0.0	0.34692855558978697	0.0	0.0	0.0	0.009118769945369446
634000	-48.61401279171977	-25.75100627416611	-22.863006517553664	0.0	0	1	0	1	1	0	0	1	0	0	0.08202450566206979	2.575411544938092	0.45121814942906835	2.8118056744259134	0.8671451940426494	0.3706575889014042	0.3509829532619661	0.983698679841198	2.909160429748428	0.01176274315336529	44.750517075358815	0.0	2.575411544938092	0.0	2.8118056744259134	0.8671451940426494	0.0	0.0	0.983698679841198	0.0	0.0
635000	-58.24012726733875	-25.751006598945605	-32.48912066839314	0.0	1	1	1	1	0	0	0	0	1	0	1.4724105191000962	1.7275036246515725	1.812335473043106	0.7924395579548692	0.7791625927529625	0.8769599070812227	3.087837630285039	3.0652891846546786	5.958266243408577	0.0292579144466567	121.20015893824957	1.4724105191000962	1.7275036246515725	1.812335473043106	0.7924395579548692	0.0	0.0	0.0	0.0	5.958266243408577	0.0
636000	-58.438700462223764	-25.751004486478315	-32.68769597574545	0.0	1	0	0	0	0	1	1	0	1	1	4.858265496957837	0.30573383620187666	4.343224016693531	0.1764550983953717	0.39260712021607574	3.350799310981882	1.72293669032304	2.2464073616976172	0.086995077963304	0.6102631729165162	471.1581833788905	4.858265496957837	0.0	0.0	0.0	0.0	3.350799310981882	1.72293669032304	0.0	0.086995077963304	0.6102631729165162
637000	-57.25938165564307	-25.750955429106458	-31.508426226536614	0.0	0	1	0	1	1	0	1	1	1	1	3.6612757710711925	1.4082267374467048	2.075345138607125	4.03736106219891	0.38424426384785687	0.7601404673771288	0.8614595221878215	0.958395904671824	0.2791438285483827	3.300500465999243	26.062795271836666	0.0	1.4082267374467048	0.0	4.03736106219891	0.38424426384785687	0.0	0.8614595221878215	0.958395904671824	0.2791438285483827	3.300500465999243
638000	-50.281012872988036	-25.75090214213763	-24.530110730850406	0.0	1	0	1	1	0	1	1	1	1	1	0.07976393556272038	1.796168651684841	0.5805471029744226	1.3645641008219618	0.2856174325664168	0.45544687910781323	2.2925392508651785	1.217728795691206	1.1711682495547455	0.31847043559491056	14.93670229435682	0.07976393556272038	0.0	0.5805471029744226	1.3645641008219618	0.0	0.45544687910781323	2.2925392508651785	1.217728795691206	1.1711682495547455	0.31847043559491056
639000	-46.36941516849065	-25.007508361756457	-21.36190680673419	0.0	0	1	0	0	0	1	0	0	1	1	1.5560774969822722	0.6271790108098371	1.9474899700513058	0.2508552553309684	0.5216614184033989	0.9991738908161162	0.26292052131713867	0.32441233480764675	1.9439385095225357	0.006544229605801883	172.03239707491633	0.0	0.6271790108098371	0.0	0.0	0.0	0.9991738908161162	0.0	0.0	1.9439385095225357	0.006544229605801883
640000	-40.51033731992291	-24.528056109024654	-15.982281210898256	0.0	0	0	0	1	0	1	0	1	1	0	0.30027175818686036	0.4385612155812113	3.092472641104804	0.09611010483035688	1.235875139446909	0.4799737621867091	0.19648491402678286	0.16741942912108956	0.41311942722676054	0.135335684879929	6.1425696669776375	0.0	0.0	0.0	0.09611010483035688	0.0	0.4799737621867091	0.0	0.16741942912108956	0.41311942722676054	0.0
641000	-49.94965963910431	-24.258033582441097	-25.691626056663218	0.0	0	1	1	1	0	0	1	0	0	1	0.2957135646655153	4.088426923071891	0.11891494913625385	0.3653984743689609	1.0101501091485887	1.6364160376543566	4.081314735040545	0.4844524518845401	2.8157967310544056	0.9776532788893315	6.2910310438793475	0.0	4.088426923071891	0.11891494913625385	0.3653984743689609	0.0	0.0	4.081314735040545	0.0	0.0	0.9776532788893315
642000	-43.13997391346899	-24.52312502974448	-18.616848883724515	0.0	1	0	0	1	1	0	0	0	1	1	3.4120446032096887	0.9129247426202203	0.31906808946731235	1.6226427420084442	0.8832641117052499	0.739472496486018	0.11432120838285396	0.1211972783849543	0.11166403563487091	1.722055817411707	1.9799764416180912	3.4120446032096887	0.0	0.0	1.6226427420084442	0.8832641117052499	0.0	0.0	0.0	0.11166403563487091	1.722055817411707
643000	-46.07548598658571	-24.946382039866492	-21.12910394671922	0.0	1	0	1	0	1	1	0	0	0	1	2.967049984688601	0.43831474268979304	0.6559354975445331	0.8061728810312998	2.5341870326488696	0.6492970971630563	5.094885501138839E-4	0.5486287321702599	2.8652177038525224	0.7202548086232858	2.6328299298711	2.967049984688601	0.0	0.6559354975445331	0.0	2.5341870326488696	0.6492970971630563	0.0	0.0	0.0	0.7202548086232858
644000	-43.06786766884095	-24.536793184973195	-18.531074483867748	0.0	0	1	0	1	0	1	0	1	1	0	1.612937559307086	3.2084355972548835	0.5684165792197934	1.9474525670517429	0.5527671884144582	0.6984253127328759	0.0019022049857678944	1.2260597887343028	0.1789216377465751	0.012253137713581632	1.7306703668010779	0.0	3.2084355972548835	0.0	1.9474525670517429	0.0	0.6984253127328759	0.0	1.2260597887343028	0.1789216377465751	0.0
645000	-48.78921625234922	-25.750993335941445	-23.038222916407776	0.0	0	1	0	1	0	1	1	1	0	0	0.7396833248075105	1.2462846590004868	3.246844478921458	0.3959719405331905	0.42023436522364316	0.3320821094697314	0.26459465933677606	2.5644169883937162	0.4880514644437976	1.7984129240733162	34.36391973963226	0.0	1.2462846590004868	0.0	0.3959719405331905	0.0	0.3320821094697314	0.26459465933677606	2.5644169883937162	0.0	0.0
646000	-45.29357297118278	-25.751006498008213	-19.542566473174574	0.0	0	1	1	0	0	0	1	0	0	1	0.22425031564563977	0.3997792400176755	0.17917533096692895	0.08005277108734514	2.1932627305723797	1.9121651445475332	0.3148821644020944	1.3138106088383747	0.5845640945415503	0.21487340576773056	84.64433231228861	0.0	0.3997792400176755	0.17917533096692895	0.0	0.0	0.0	0.3148821644020944	0.0	0.0	0.21487340576773056
647000	-50.449114780848106	-25.751006598926587	-24.69810818192152	0.0	0	1	0	0	1	1	1	0	0	0	0.05428366184815012	0.05935096286529435	0.02846350182960898	1.2827439330437467	0.936348497213687	1.1954929593372137	0.7134293667631171	0.0667643133924832	5.33599425389499	0.938218184210097	427.6605239819492	0.0	0.05935096286529435	0.0	0.0	0.936348497213687	1.1954929593372137	0.7134293667631171	0.0	0.0	0.0
648000	-45.50430233017981	-25.75100659638115	-19.75329573379866	0.0	1	0	0	0	0	0	1	1	1	0	2.525915662094755	0.059945576321725154	1.2882325059941515	0.2391800911354959	0.25944171191510057	0.040778464357616624	0.45516213709635317	0.056399538823099504	0.2695667082431662	0.4740496404142462	426.9430576061441	2.525915662094755	0.0	0.0	0.0	0.0	0.0	0.45516213709635317	0.056399538823099504	0.2695667082431662	0.0
649000	-37.15287810883051	-24.106051666660658	-13.04682644216985	0.0	0	1	0	1	0	0	1	0	1	1	0.2191814858180877	0.04784056536831508	0.1415118202186294	0.11869010262532162	0.030724362124534936	0.055922459348366496	0.6988069435557901	2.263244410285364	0.15676500014033334	0.36093618810137235	2.6583630314052553	0.0	0.04784056536831508	0.0	0.11869010262532162	0.0	0.0	0.6988069435557901	0.0	0.15676500014033334	0.36093618810137235
650000	-42.3920960552913	-27.52684022863589	-14.865255826655407	0.0	0	0	1	1	0	1	1	0	1	1	0.037804736860251355	0.25806162139662914	1.4940414139203657	0.22186261282078978	0.4223261289676472	0.2835364237717161	0.1852020726988257	1.256770206878985	1.8855054128408002	0.6313459144733282	0.4290592239900371	0.0	0.0	1.4940414139203657	0.22186261282078978	0.0	0.2835364237717161	0.1852020726988257	0.0	1.8855054128408002	0.6313459144733282
651000	-50.68740676587348	-25.751006598945615	-24.936400166927868	0.0	1	1	0	0	0	1	0	1	1	1	0.016724093590217832	2.7038009315608194	0.10649447484563998	2.4138476565288416	1.0177945308457932	1.857889907062287	0.2977532839045067	0.3751009564994243	0.8385404651542302	0.27069353674831337	301.38750787680584	0.016724093590217832	2.7038009315608194	0.0	0.0	0.0	1.857889907062287	0.0	0.3751009564994243	0.8385404651542302	0.27069353674831337
652000	-42.591678404494246	-25.74703776227483	-16.844640642219417	0.0	0	0	1	0	1	1	1	0	0	0	0.046807579734428784	0.10240781515325367	0.5402550005110166	0.8838991560775148	0.4122119971420356	0.3134252574167995	1.1283483711342828	1.4528348527130068	0.8193509439536419	0.0952071901390696	30.44071151234821	0.0	0.0	0.5402550005110166	0.0	0.4122119971420356	0.3134252574167995	1.1283483711342828	0.0	0.0	0.0
653000	-43.84101980941837	-25.48607137997667	-18.3549484294417	0.0	1	0	0	0	0	0	1	1	0	1	0.6775373598723375	0.6196646174461286	0.7604736221172355	4.993244917013297	0.8645600975857646	0.22295766499183556	0.4881071871511779	0.18115967054110255	0.2763457430853727	0.2679711745462334	4.027739097469402	0.6775373598723375	0.0	0.0	0.0	0.0	0.0	0.4881071871511779	0.18115967054110255	0.0	0.2679711745462334
654000	-42.84721081163408	-25.39370343156626	-17.45350738006782	0.0	1	1	1	0	0	0	1	1	1	0	0.14383753572559133	0.2235898902160095	0.42816483951450246	0.44442125323569526	0.9988952586634877	0.1935053303137166	1.9300249996898542	0.8560832295456188	0.1827059551395195	1.7813210482184394	3.4386195922077416	0.14383753572559133	0.2235898902160095	0.42816483951450246	0.0	0.0	0.0	1.9300249996898542	0.8560832295456188	0.1827059551395195	0.0
655000	-46.57781684515921	-25.139397917427114	-21.438418927732098	0.0	1	1	1	0	0	1	1	0	0	0	1.059286283520825	1.7807155942524528	0.6649259256361477	0.6157073264753449	0.19453826724520595	0.6524621683995107	4.00364452742289	0.9008958959208558	0.2851796934638936	3.2835737537282417	1.0229363971130734	1.059286283520825	1.7807155942524528	0.6649259256361477	0.0	0.0	0.6524621683995107	4.00364452742289	0.0	0.0	0.0
656000	-57.521190783451146	-24.995671709920348	-32.525519073530795	0.0	0	1	0	1	0	1	0	0	0	1	0.7008322412183889	0.0763294545124708	2.679639214675528	5.386905841346121	0.05992979992789678	7.275285998613933	0.20388591444663748	2.629558570760707	2.3799250664773353	0.6140480969209816	18.117380483030423	0.0	0.0763294545124708	0.0	5.386905841346121	0.0	7.275285998613933	0.0	0.0	0.0	0.6140480969209816
657000	-47.89288877872148	-25.350546022732566	-22.542342755988912	0.0	0	0	1	1	0	1	0	0	1	0	1.0674914255916113	0.5533951475359182	0.4372652040090993	1.533131083269981	0.1869988152959139	5.698133010273702	0.2398788945109372	0.2793735728742294	2.118876572177254	0.16297215347249777	14.101553488357181	0.0	0.0	0.4372652040090993	1.533131083269981	0.0	5.698133010273702	0.0	0.0	2.118876572177254	0.0
658000	-39.83051876668429	-24.524080458163567	-15.306438308520725	0.0	0	0	0	1	1	0	0	1	0	1	0.8845314604468039	0.25453239522994836	0.5201028793175585	1.918251424703825	0.13866141386697667	0.5694031590931727	0.02161824390861133	0.7978219944858683	0.18560704595286381	0.2306810599316549	8.77178522447723	0.0	0.0	0.0	1.918251424703825	0.13866141386697667	0.0	0.0	0.7978219944858683	0.0	0.2306810599316549
659000	-50.940066144138825	-25.7510065989456	-25.189059545193224	0.0	1	0	0	1	1	0	1	1	0	0	0.3763000542575375	0.6353668108111583	1.0224803283805388	2.6973846348431936	1.6372592334562666	0.04410386230326175	1.1212810582616985	0.3014395745555307	1.4740694023914778	0.28234834629891287	866.0433217194994	0.3763000542575375	0.0	0.0	2.6973846348431936	1.6372592334562666	0.0	1.1212810582616985	0.3014395745555307	0.0	0.0
660000	-40.18488453882959	-24.85539024588271	-15.32949429294688	0.0	0	1	1	1	1	0	0	1	0	0	0.33297519290468364	0.6358993949230433	1.7379051730856965	0.19812446500111258	0.5688854494418972	0.036284154504573014	0.4262140726582654	0.12744578024325479	1.5259414992325526	0.8744971234671154	2.435044393107804	0.0	0.6358993949230433	1.7379051730856965	0.19812446500111258	0.5688854494418972	0.0	0.0	0.12744578024325479	0.0	0.0
661000	-51.13976826282051	-25.751006598945605	-25.388761663874906	0.0	1	1	1	1	1	0	1	1	0	1	0.8310219052252779	0.19822983784830794	1.105441399787672	1.1053443850718585	2.4083069858043653	0.27046095569774864	0.04678577396797173	0.2840647267164483	0.41220139950862533	1.718862456322702	105.16121249327632	0.8310219052252779	0.19822983784830794	1.105441399787672	1.1053443850718585	2.4083069858043653	0.0	0.04678577396797173	0.2840647267164483	0.0	1.718862456322702
662000	-42.01107820527681	-24.559376507229217	-17.451701698047593	0.0	0	1	0	0	1	1	1	1	0	1	0.1593745676426003	0.13321044464882442	0.8067192702197855	1.2658050780886765	1.2466202897729934	0.9777947821489515	0.0488132420601529	0.9613006178176277	0.13043238239394775	0.4915836562472012	8.93182536005673	0.0	0.13321044464882442	0.0	0.0	1.2466202897729934	0.9777947821489515	0.0488132420601529	0.9613006178176277	0.0	0.4915836562472012
663000	-49.590647979592035	-25.751006598945597	-23.839641380646437	0.0	1	0	1	0	1	1	0	0	1	0	1.0513078714214794	0.6059363674107219	2.2504851503957553	0.05343732484549502	0.32073349509230265	1.5256452798365472	1.608615858160299	1.1565620841555553	0.7350071306936667	0.20334851438572352	391.2846130919032	1.0513078714214794	0.0	2.2504851503957553	0.0	0.32073349509230265	1.5256452798365472	0.0	0.0	0.7350071306936667	0.0
664000	-50.297490871625016	-25.75023052291208	-24.54726034871294	0.0	1	1	0	0	1	0	0	1	0	1	2.122535918143715	3.502650994131821	1.9181074093473984	0.5434320846050632	0.07101850563178189	0.7046317799803744	0.8916190841899808	1.2312612658093316	0.7802909862438874	1.2514675439134717	33.98679389795211	2.122535918143715	3.502650994131821	0.0	0.0	0.07101850563178189	0.0	0.0	1.2312612658093316	0.0	1.2514675439134717
665000	-51.225597506196515	-25.751006597788148	-25.474590908408366	0.0	1	1	1	0	0	1	0	0	1	0	0.4185369976749259	2.129554725721335	0.518715073224764	0.3848638700140358	0.5965824885775051	1.4407674766945557	0.9039928681727077	1.3383261055541886	1.5635190673253991	3.803201288934756	76.02237315516379	0.4185369976749259	2.129554725721335	0.518715073224764	0.0	0.0	1.4407674766945557	0.0	0.0	1.5635190673253991	0.0
666000	-45.93248197478991	-25.659300227682056	-20.27318174710785	0.0	1	0	0	1	1	1	0	1	0	0	0.7377073993520521	0.5298224243173559	0.49928731239365226	0.880598224919533	0.6292921812190633	0.8622408207704407	3.4109611074921884	0.6583005215524039	2.0461128493608434	0.6838691009287003	3.890919908657438	0.7377073993520521	0.0	0.0	0.880598224919533	0.6292921812190633	0.8622408207704407	0.0	0.6583005215524039	0.0	0.0
667000	-51.0792455931184	-25.7510065989456	-25.3282389941728	0.0	0	1	0	1	0	1	0	1	0	1	0.03078507130302019	0.3379704088394369	2.8927603166696794	0.2088530264505746	0.205730596757392	0.22279330500668354	0.14154158332953892	0.4071278503623134	4.273183752273995	0.26874374951216723	1245.0962589774763	0.0	0.3379704088394369	0.0	0.2088530264505746	0.0	0.22279330500668354	0.0	0.4071278503623134	0.0	0.26874374951216723
668000	-43.42753309261369	-24.958682753728425	-18.468850338885268	0.0	0	0	1	1	1	0	1	0	0	0	0.8931726023267611	0.11748480200378125	0.8672754867516126	0.483866591404712	2.26411949774636	1.3906427348297405	0.26766989630170634	0.41254108106075466	0.9141382921219677	1.5153564898407617	5.64956323616662	0.0	0.0	0.8672754867516126	0.483866591404712	2.26411949774636	0.0	0.26766989630170634	0.0	0.0	0.0
669000	-51.31472174793625	-27.15497046837587	-24.159751279560382	0.0	1	1	0	1	0	1	0	1	0	1	0.8844951267385145	1.3115017949959826	2.496763526720533	0.34990779101037855	0.8032225268218038	0.5880372794260145	0.4424933835265225	7.453701909378914	0.8186089238284651	0.3912060783967548	0.6603754353241611	0.8844951267385145	1.3115017949959826	0.0	0.34990779101037855	0.0	0.5880372794260145	0.0	7.453701909378914	0.0	0.3912060783967548
670000	-46.75163679774373	-25.751006591611006	-21.000630206132726	0.0	0	0	1	1	1	0	0	1	1	0	0.4508697127588649	0.2000936154594473	0.7972921896340464	1.2092391755724712	0.9018080163971646	1.6653619897089307	0.5800607038594682	0.7777863268971834	0.8997621245042545	1.6602975183464217	46.59500742159222	0.0	0.0	0.7972921896340464	1.2092391755724712	0.9018080163971646	0.0	0.0	0.7777863268971834	0.8997621245042545	0.0
671000	-40.97045350601146	-25.399776303501095	-15.570677202510364	0.0	0	1	1	0	0	0	1	1	1	0	0.1996832278410461	0.9672069955262073	0.10784763512194948	1.3045286902147353	0.732430134154158	0.1872488599578876	0.6044398921852916	0.4478916572863763	2.3362934075651625	0.5370982839108458	1.1867054921603442	0.0	0.9672069955262073	0.10784763512194948	0.0	0.0	0.0	0.6044398921852916	0.4478916572863763	2.3362934075651625	0.0
672000	-41.88167325208248	-24.90912662408278	-16.972546627999698	0.0	0	0	1	1	1	1	0	0	0	1	0.8627142736918689	0.29320902476280647	1.3565779899554207	0.04339147074598177	0.3801279450875988	1.105357679812121	3.5466156997768974	0.0578223170565802	0.702157894872408	0.5518461948111162	1.1028627106932276	0.0	0.0	1.3565779899554207	0.04339147074598177	0.3801279450875988	1.105357679812121	0.0	0.0	0.0	0.5518461948111162
673000	-42.1816268885605	-23.992062242472645	-18.189564646087852	0.0	1	1	0	1	0	1	0	0	0	1	0.12458907561608222	0.15447029573756096	0.06692836729055081	1.3510692688923844	0.10465232228299175	0.3749274888661769	1.950964456331557	0.11925443419585763	1.4864481922181325	3.8051301956919024	1.966054225312658	0.12458907561608222	0.15447029573756096	0.0	1.3510692688923844	0.0	0.3749274888661769	0.0	0.0	0.0	3.8051301956919024
674000	-40.448100567244815	-25.7018370275442	-14.746263539700614	0.0	1	0	1	0	0	1	1	1	0	0	1.4791149897507785	0.1490440406105503	1.4172935830011246	0.689702368681949	0.09776119997692041	0.27203817196224794	0.12978962758860585	0.4081936224003342	0.49852890835572544	0.8647381712624596	2.14870019436604	1.4791149897507785	0.0	1.4172935830011246	0.0	0.0	0.27203817196224794	0.12978962758860585	0.4081936224003342	0.0	0.0
675000	-50.34078007139981	-25.750911106184198	-24.589868965215615	0.0	1	0	1	0	1	1	0	0	0	1	3.3381083340780044	0.4908456667628328	0.2904095357776617	0.8190507788692606	0.46183712661796983	0.30920002352764564	4.413869796494802	0.1959705942286653	1.3798509983565757	0.12463244410967295	108.66845920565669	3.3381083340780044	0.0	0.2904095357776617	0.0	0.46183712661796983	0.30920002352764564	0.0	0.0	0.0	0.12463244410967295
676000	-45.32486165472146	-25.750983672422713	-19.57387798229875	0.0	0	1	0	1	0	1	1	0	0	1	0.16054339976572599	0.09188185596203492	0.10759871859598313	0.9658199386686254	0.3009988432086322	0.6131621632331642	1.3971772723526552	0.9541730402893208	0.7551723703182919	1.2121972347519876	135.7125700641684	0.0	0.09188185596203492	0.0	0.9658199386686254	0.0	0.6131621632331642	1.3971772723526552	0.0	0.0	1.2121972347519876
677000	-44.65375117876782	-24.6858238675127	-19.967927311255124	0.0	1	0	0	1	1	0	0	0	0	1	0.8180552098572033	0.7040538841883888	0.2749902659312325	1.2043528373878156	1.689673517230812	0.6528426171465007	1.2352822142947566	0.29272218335160227	2.3829557850034377	2.8486065495941473	1.2921012577020439	0.8180552098572033	0.0	0.0	1.2043528373878156	1.689673517230812	0.0	0.0	0.0	0.0	2.8486065495941473
678000	-48.13342909612811	-25.751000746272975	-22.38242834985514	0.0	1	0	0	1	0	0	1	1	0	1	0.1442265266856281	0.26537312443597977	1.408043987561391	2.797884572038298	0.20717970841433805	2.387707562011383	1.2230421518077508	0.5758618554163898	0.39944827097115343	0.8061806987972592	62.50804223649508	0.1442265266856281	0.0	0.0	2.797884572038298	0.0	0.0	1.2230421518077508	0.5758618554163898	0.0	0.8061806987972592
679000	-42.77990393517925	-25.059164343501646	-17.720739591677603	0.0	1	0	0	0	1	1	1	1	0	0	0.2251116590327279	0.336154889203377	1.184780580500678	2.5462738584123836	0.8446497630095274	1.7058517124849195	0.3630928685336359	0.2797855473481085	0.3940899227182208	0.7119726407161904	3.1681544440515164	0.2251116590327279	0.0	0.0	0.0	0.8446497630095274	1.7058517124849195	0.3630928685336359	0.2797855473481085	0.0	0.0
680000	-42.192929790184856	-25.608800799434512	-16.584128990750344	0.0	1	1	0	1	0	1	1	0	1	0	0.1964722809578626	0.09764259948674862	0.6399958435745112	0.343475535692086	0.14139737230846322	1.1723753951352889	2.342962639781217	0.07386675374018166	1.9321559306155511	0.47439201649674934	1.1441920432697223	0.1964722809578626	0.09764259948674862	0.0	0.343475535692086	0.0	1.1723753951352889	2.342962639781217	0.0	1.9321559306155511	0.0
681000	-43.73034986846274	-25.750954087270177	-17.97939578119256	0.0	1	0	0	1	1	0	0	0	1	1	0.22969162894198686	0.5674400386091253	0.6613666781241713	0.2989508769864702	0.1452693386878974	0.903054908677765	0.42576971492419824	0.05422199152905162	0.9649995998299895	2.014543136462197	40.584836279553194	0.22969162894198686	0.0	0.0	0.2989508769864702	0.1452693386878974	0.0	0.0	0.0	0.9649995998299895	2.014543136462197
682000	-48.85292843829053	-25.750993775773683	-23.101934662516847	0.0	1	1	0	0	0	0	0	1	1	0	0.3406570963039082	0.5959860679888286	3.524079962075732	0.02012026826785957	1.2167168925957699	3.2636018148170636	1.0038260466781985	0.841059153458165	0.19483557683755615	0.7285185211269641	41.578999393423466	0.3406570963039082	0.5959860679888286	0.0	0.0	0.0	0.0	0.0	0.841059153458165	0.19483557683755615	0.0
683000	-44.362370181495606	-23.56157235972688	-20.800797821768725	0.0	0	1	1	1	0	1	1	0	0	1	2.4549946591369447	0.7287228674277566	0.024379817699104328	0.9635768948634404	0.3224324540818279	1.8326449765783748	1.5274216485160288	0.5862299648970705	0.4598157210669599	2.2879826706892725	1.781948671671357	0.0	0.7287228674277566	0.024379817699104328	0.9635768948634404	0.0	1.8326449765783748	1.5274216485160288	0.0	0.0	2.2879826706892725
684000	-50.30579858399885	-25.70435554152548	-24.601443042473374	0.0	1	1	1	1	1	0	0	0	0	0	0.03659921993174198	3.465598770606155	0.009462434106230025	0.09149381381240934	1.4691357530322329	0.969830439411695	0.556770156273833	0.1178876140646027	0.8661105470531485	2.903481280096372	334.48415974092035	0.03659921993174198	3.465598770606155	0.009462434106230025	0.09149381381240934	1.4691357530322329	0.0	0.0	0.0	0.0	0.0
685000	-45.21218744898019	-25.313123306615037	-19.899064142365148	0.0	1	1	0	1	1	0	0	1	0	1	0.15445482397513643	2.5339391909383333	0.05253299051731704	0.28697673239406785	3.3894359282540307	1.6503015098791678	0.2896164412161046	0.9570930703314582	0.6635101354209401	0.2421003531429556	1.9043835497889572	0.15445482397513643	2.5339391909383333	0.0	0.28697673239406785	3.3894359282540307	0.0	0.0	0.9570930703314582	0.0	0.2421003531429556
686000	-47.80856581380483	-25.751006586445676	-22.057559227359153	0.0	1	1	1	0	0	0	1	1	1	0	0.2087867567697877	0.3116445729982956	2.382489752835379	1.2327000324014785	0.30081548514288353	2.698235247633638	0.22085233091174838	0.3714264971877028	0.24157059930607444	0.6733335953221763	74.57162765287747	0.2087867567697877	0.3116445729982956	2.382489752835379	0.0	0.0	0.0	0.22085233091174838	0.3714264971877028	0.24157059930607444	0.0
687000	-42.58786854129062	-25.746048672861438	-16.841819868429184	0.0	0	1	0	1	1	1	1	0	0	0	0.868562189134716	0.6499208333252097	2.01653987554518	0.034841107401399424	0.6463389651981243	0.34153047662386193	0.04501768972472298	0.958000512975791	0.29210324000439164	0.17362444952732245	16.902367397500605	0.0	0.6499208333252097	0.0	0.034841107401399424	0.6463389651981243	0.34153047662386193	0.04501768972472298	0.0	0.0	0.0
688000	-41.38063835870037	-25.48354181125471	-15.897096547445654	0.0	0	1	1	1	0	1	1	0	0	0	0.6946931379012737	2.345077994043279	0.36355325929577015	0.02507337915276848	0.19940996303321248	0.8105519236031463	0.4611733889496758	2.4692048706702567	0.1783693069159451	0.10685501964632606	1.3077171057334658	0.0	2.345077994043279	0.36355325929577015	0.02507337915276848	0.0	0.8105519236031463	0.4611733889496758	0.0	0.0	0.0
689000	-39.8181448543243	-24.80127104572126	-15.016873808603037	0.0	0	1	0	0	1	1	1	0	0	0	0.3763622548859159	0.1221652869610838	0.28388893295249074	1.2860606936623613	0.10377758678950356	1.058226061793524	0.09920833515791744	0.030183239620746573	0.5374730737725576	1.112759581902277	10.926021591144012	0.0	0.1221652869610838	0.0	0.0	0.10377758678950356	1.058226061793524	0.09920833515791744	0.0	0.0	0.0
690000	-43.83244819974116	-23.860752082842247	-19.97169611689891	0.0	0	0	1	1	0	1	0	0	1	1	0.9417159792902093	0.7443804005032335	1.3441377516658126	1.2562794528031562	1.322502279835968	0.49629584707250923	0.0674302471779018	0.9480966225292307	3.765868791826343	0.8525436545332188	1.293817239079118	0.0	0.0	1.3441377516658126	1.2562794528031562	0.0	0.49629584707250923	0.0	0.0	3.765868791826343	0.8525436545332188
691000	-44.61489402141091	-25.210362145732947	-19.404531875677964	0.0	1	0	1	1	0	0	0	0	1	0	2.4359041372731305	0.4751984133666913	0.3447468898856963	0.8915158204636293	0.8608622990063909	2.0596682836591764	0.7202799008767707	1.3222120127427153	0.044415505039020094	0.5006175486694893	8.462944617492989	2.4359041372731305	0.0	0.3447468898856963	0.8915158204636293	0.0	0.0	0.0	0.0	0.044415505039020094	0.0
692000	-46.50460512165744	-25.743482530967334	-20.761122590690107	0.0	1	1	0	0	0	1	1	1	0	1	0.14469988188484945	2.587737697456355	0.03843812665338176	0.6704128660402912	0.07131556642480907	0.9574103116876551	1.926553401324726	1.4959459416307406	0.4087330471958541	0.4130839055009746	20.007281432669796	0.14469988188484945	2.587737697456355	0.0	0.0	0.0	0.9574103116876551	1.926553401324726	1.4959459416307406	0.0	0.4130839055009746
693000	-45.44976944623464	-25.082359958109276	-20.36740948812536	0.0	1	0	0	1	0	0	1	1	0	1	0.3056743717038059	2.566744986236635	0.4489268359483607	0.9547352860652499	1.5836479359154758	0.606517830697312	0.1910413907426055	2.7581147170343128	0.48320514672743786	1.5518831666220032	2.5637822289628955	0.3056743717038059	0.0	0.0	0.9547352860652499	0.0	0.0	0.1910413907426055	2.7581147170343128	0.0	1.5518831666220032
694000	-50.12701408078357	-25.71272928277811	-24.41428479800546	0.0	1	1	1	0	0	1	0	1	1	0	2.4818160712904938	1.0529153490650667	2.171024174990427	0.2096812413814988	1.2998429949461354	1.537230471559561	0.9718990709226691	1.7706304214639865	0.6864446000739265	1.47368369676731	5.593250677473003	2.4818160712904938	1.0529153490650667	2.171024174990427	0.0	0.0	1.537230471559561	0.0	1.7706304214639865	0.6864446000739265	0.0
695000	-40.402466746551475	-25.965935033754697	-14.436531712796778	0.0	1	1	1	1	0	0	0	0	1	0	1.053651396171131	0.9182609287055292	1.0634639870608786	0.3377407138259485	0.7114531915490958	1.187615704025752	0.05434550128153909	0.6363378010768368	0.7377385401807021	0.08485439416861133	0.7234024608238288	1.053651396171131	0.9182609287055292	1.0634639870608786	0.3377407138259485	0.0	0.0	0.0	0.0	0.7377385401807021	0.0
696000	-43.04271687582124	-23.159783570363405	-19.88293330545784	0.0	0	1	1	1	0	0	1	0	1	1	0.32729345433207074	1.5688326038213618	0.7920579398768436	0.9540276580603624	0.137790687525331	0.6531523610027727	1.8154037824328788	0.3985163529501302	0.34398402737504563	3.9051975852947853	0.9531255308643672	0.0	1.5688326038213618	0.7920579398768436	0.9540276580603624	0.0	0.0	1.8154037824328788	0.0	0.34398402737504563	3.9051975852947853
697000	-45.05748381813849	-25.445563331217336	-19.611920486921154	0.0	0	0	1	0	1	0	1	0	0	1	0.0032552888847178192	3.2939724343860077	0.36978898596700965	1.3166425600974543	0.5246674008267449	0.39777332559926337	2.5391939044514027	0.7943028938254693	0.9778961435505515	0.6717995707791358	3.045331056050428	0.0	0.0	0.36978898596700965	0.0	0.5246674008267449	0.0	2.5391939044514027	0.0	0.0	0.6717995707791358
698000	-47.21065063517115	-25.74059341098513	-21.470057224186014	0.0	1	1	1	1	0	1	0	1	1	0	1.139692168998634	0.2727632165567182	0.29395618414786695	0.4076081405241009	0.22402538677946005	1.0930394825759664	1.0498811601850433	0.30991103756924543	2.0574235142822093	1.9063500461840108	9.11100853934427	1.139692168998634	0.2727632165567182	0.29395618414786695	0.4076081405241009	0.0	1.0930394825759664	0.0	0.30991103756924543	2.0574235142822093	0.0
699000	-42.76602564566004	-24.017837500476677	-18.748188145183363	0.0	0	0	1	0	0	1	1	1	0	1	0.9814089999952044	0.8881991582608989	1.2077773826411125	1.0299587693695964	0.5946491637920117	0.03676026708580732	0.8724725567224602	1.3781652339089479	0.5977102281474572	2.456162106244562	2.0745982652352164	0.0	0.0	1.2077773826411125	0.0	0.0	0.03676026708580732	0.8724725567224602	1.3781652339089479	0.0	2.456162106244562
700000	-43.75314163688152	-25.722129782833004	-18.031011854048515	0.0	1	1	0	0	1	0	1	0	0	1	0.7655022629521392	0.5990110648334634	1.617346259453849	0.9328148118638678	0.23370159702897902	0.31190112234864004	0.8408235477407004	0.3796103965202015	1.39787217601229	0.39636974325539154	13.088450903126699	0.7655022629521392	0.5990110648334634	0.0	0.0	0.23370159702897902	0.0	0.8408235477407004	0.0	0.0	0.39636974325539154
701000	-47.104606074424865	-25.73453775451031	-21.37006831991456	0.0	1	1	0	1	0	1	0	1	1	1	1.3187887190457068	2.296517164294842	0.46339191798976476	1.3205494840496517	1.0265466634451041	0.6311100754749908	0.30165518311669026	0.04653858083314675	0.15640102122119084	1.3464033365439165	7.08526289784227	1.3187887190457068	2.296517164294842	0.0	1.3205494840496517	0.0	0.6311100754749908	0.0	0.04653858083314675	0.15640102122119084	1.3464033365439165
702000	-44.06759366856746	-25.12434759687396	-18.9432460716935	0.0	0	0	1	0	1	0	0	1	1	1	2.328164519779034	1.2355986321811396	0.4989020998551524	3.5966398938588258	0.5433786186697283	0.10819395398500564	0.12987899881701523	0.2897584517580406	0.32866096043325077	0.4008996068923389	4.510258688915005	0.0	0.0	0.4989020998551524	0.0	0.5433786186697283	0.0	0.0	0.2897584517580406	0.32866096043325077	0.4008996068923389
703000	-43.79785820520583	-25.663901010899874	-18.133957194305957	0.0	1	0	1	0	0	0	0	1	0	1	1.1698895110831282	0.18980256167208814	1.1264401583921844	0.5798235525450502	1.1026805334081144	1.449564216797456	0.14859406627286856	0.17175188766113006	0.7997252916227103	1.0719907475534867	14.944861563140464	1.1698895110831282	0.0	1.1264401583921844	0.0	0.0	0.0	0.0	0.17175188766113006	0.0	1.0719907475534867
704000	-49.98406428959607	-25.748313971245196	-24.235750318350874	0.0	0	0	0	1	1	1	1	0	0	1	2.5343927647506717	0.5604553098108296	1.3411412183730316	0.15066051215438767	1.2467258548208957	0.24262310013980734	0.5065625135925916	0.16612679793842625	3.3608403471087	1.8726655350742027	67.77450712477042	0.0	0.0	0.0	0.15066051215438767	1.2467258548208957	0.24262310013980734	0.5065625135925916	0.0	0.0	1.8726655350742027
705000	-46.71722262683065	-25.252811123064298	-21.46441150376635	0.0	1	0	0	1	1	0	0	0	0	1	0.8605785313247336	0.9831598841034622	3.065434368763218	0.0579712029134314	1.9589293730911508	1.2621424454399868	0.16996393279676048	1.7496138202050873	0.46156734987216025	0.7840837329732723	12.11278729739629	0.8605785313247336	0.0	0.0	0.0579712029134314	1.9589293730911508	0.0	0.0	0.0	0.0	0.7840837329732723
706000	-51.470223723432156	-25.85573098260783	-25.614492740824325	0.0	0	0	1	0	1	0	1	1	0	0	0.7265485151401546	2.2573151972072214	4.758501619089761	0.2377940051475537	2.0738272268789544	3.2053153586013674	0.09912507737819944	0.6232250400132638	1.2205077813418326	0.1950240210729058	13.455210306247759	0.0	0.0	4.758501619089761	0.0	2.0738272268789544	0.0	0.09912507737819944	0.6232250400132638	0.0	0.0
707000	-49.98951946125811	-25.427732988992677	-24.56178647226543	0.0	0	1	0	0	1	1	0	0	1	1	0.06844156531031509	0.5863162537305809	5.150343378493331	1.520725913209847	0.31526311158269826	1.3694189938520858	1.9066227418923152	0.7509417807645883	0.6969926786986828	1.9131854779895896	9.994452944870094	0.0	0.5863162537305809	0.0	0.0	0.31526311158269826	1.3694189938520858	0.0	0.0	0.6969926786986828	1.9131854779895896
708000	-53.04773586750198	-25.75100659884812	-27.296729268653856	0.0	1	0	0	1	1	1	0	1	0	0	3.096135245787952	0.29118731846275336	0.9832360557074016	2.543710955780942	0.43413925467668896	3.0535959990932464	0.28265458166837587	0.36825819180124664	0.8680630210122127	2.705187007206447	99.6533863645217	3.096135245787952	0.0	0.0	2.543710955780942	0.43413925467668896	3.0535959990932464	0.0	0.36825819180124664	0.0	0.0
709000	-47.601789026323374	-25.74869814557408	-21.853090880749292	0.0	1	0	0	1	1	0	0	1	0	1	2.797060857630673	0.3703101769712872	0.42233700989616313	0.6400644041646285	1.1160073045678756	0.3020246456267018	3.500558557153152	0.5872626915174257	0.3555448757337405	1.071835414070311	14.93992463915338	2.797060857630673	0.0	0.0	0.6400644041646285	1.1160073045678756	0.0	0.0	0.5872626915174257	0.0	1.071835414070311
710000	-45.055943748642406	-24.80870564491757	-20.24723810372484	0.0	0	0	0	1	0	1	0	0	1	1	3.355920666995781	0.9178263078965958	1.1418738114773725	0.07692629330925961	0.32062133300193224	1.9859615780966076	0.23003361293123326	0.7401979643300715	0.141979864077821	0.8843749488955118	16.95079277099235	0.0	0.0	0.0	0.07692629330925961	0.0	1.9859615780966076	0.0	0.0	0.141979864077821	0.8843749488955118
711000	-49.23636085220306	-24.04272178068412	-25.193639071518948	0.0	1	0	0	1	1	1	0	0	0	1	0.8504450452721761	2.3131594940616074	1.3730476982472934	0.7638665933339793	5.134661018318195	0.4622503212392568	0.7993293396145285	0.9117913559030105	1.2900744649851243	2.8158787111774	1.6556135530170695	0.8504450452721761	0.0	0.0	0.7638665933339793	5.134661018318195	0.4622503212392568	0.0	0.0	0.0	2.8158787111774
712000	-44.389080070985685	-25.749355126403206	-18.639724944582476	0.0	1	1	1	0	1	0	1	0	0	1	1.1072068517481581	0.03951965949335899	0.6347951050249575	0.3316777301506486	0.30342690415706675	0.3414178558553787	2.0122227504243515	0.5078718919139636	1.0831974669216446	0.08873233568576877	23.013806089676738	1.1072068517481581	0.03951965949335899	0.6347951050249575	0.0	0.30342690415706675	0.0	2.0122227504243515	0.0	0.0	0.08873233568576877
713000	-47.67285516205355	-25.751006598941494	-21.921848563112057	0.0	0	1	1	0	1	1	0	0	1	1	1.454165997750998	0.36484225780887397	1.8724256813131002	0.05938597852905336	1.12518251648694	0.2346566788356987	0.49057864173198307	0.03309230821870759	0.10076713502286012	2.3465809899530545	110.07005817218607	0.0	0.36484225780887397	1.8724256813131002	0.0	1.12518251648694	0.2346566788356987	0.0	0.0	0.10076713502286012	2.3465809899530545
714000	-45.258203668125404	-24.83595315881178	-20.422250509313628	0.0	0	0	1	0	1	1	1	0	0	1	2.97298585092498	0.9156961214040782	0.5208500967815223	0.5835462690609595	1.7024196248565833	0.6412349892273339	1.4638676875732677	0.7355683635897796	0.21472458927862353	1.4777903432196835	3.379045255772823	0.0	0.0	0.5208500967815223	0.0	1.7024196248565833	0.6412349892273339	1.4638676875732677	0.0	0.0	1.4777903432196835
715000	-49.99716994091108	-25.750272675172592	-24.246897265738482	0.0	0	1	1	0	0	1	0	1	1	1	1.2634871882189056	0.39335244605272185	1.8973727452451676	0.36756298705619117	1.2318964358370215	0.08631108911537289	1.575268045388552	2.6949002050418702	0.3914229820808304	0.3367223796904597	127.97026294369957	0.0	0.39335244605272185	1.8973727452451676	0.0	0.0	0.08631108911537289	0.0	2.6949002050418702	0.3914229820808304	0.3367223796904597
716000	-51.96773581455133	-25.686063340380812	-26.281672474170524	0.0	0	1	1	1	0	1	0	0	1	1	1.955562075593976	0.056415468561387135	1.7604223459465362	0.2137728515048742	4.3022189962259425	2.3640830148490566	1.08895247716182	1.143968936043697	1.4780864990269438	0.14721276246181797	15.25282310394605	0.0	0.056415468561387135	1.7604223459465362	0.2137728515048742	0.0	2.3640830148490566	0.0	0.0	1.4780864990269438	0.14721276246181797
717000	-45.04557387552406	-25.375037394670173	-19.67053648085389	0.0	0	0	1	1	0	1	1	0	1	1	1.170267954592463	2.0086152622134046	0.26813469223763325	0.17848625593120077	0.3573480548028464	0.0879776252628151	0.23798449567925015	1.4841351807163496	0.7626776981532104	2.0044978501335016	7.93169062037223	0.0	0.0	0.26813469223763325	0.17848625593120077	0.0	0.0879776252628151	0.23798449567925015	0.0	0.7626776981532104	2.0044978501335016
718000	-48.36454329333662	-25.750245037574885	-22.61429825576173	0.0	1	1	0	1	0	1	0	0	0	1	0.3868798409321159	1.4989366896455778	0.24134560812176192	0.4850348925250228	2.3905495130224224	2.8447860224695534	0.5519696924481378	1.8794873931176683	0.6526242642596702	0.28530392628921813	29.876989192222972	0.3868798409321159	1.4989366896455778	0.0	0.4850348925250228	0.0	2.8447860224695534	0.0	0.0	0.0	0.28530392628921813
719000	-50.003167041857694	-25.73277329757869	-24.270393744279	0.0	1	1	1	0	0	0	1	0	0	1	1.9054343628011414	0.15259098343666158	1.5576943420828848	0.23233695298905535	1.1638919519182451	1.140919475599412	1.0499131465059752	3.168577809140122	0.49849160889814725	1.6607439939577324	41.600604831066796	1.9054343628011414	0.15259098343666158	1.5576943420828848	0.0	0.0	0.0	1.0499131465059752	0.0	0.0	1.6607439939577324
720000	-49.39358363620032	-25.713535903801528	-23.680047732398794	0.0	1	1	0	0	1	1	1	1	1	0	1.0369335174107333	0.4251605514735829	2.6929987741909076	0.16724691057605848	1.1390155003108817	2.0107735181605646	1.3759642798304093	1.6664053326378567	0.7414061163822628	2.174270539198051	0.778662093159348	1.0369335174107333	0.4251605514735829	0.0	0.0	1.1390155003108817	2.0107735181605646	1.3759642798304093	1.6664053326378567	0.7414061163822628	0.0
721000	-40.63224977939937	-24.086524839590428	-16.54572493980895	0.0	0	1	1	0	0	1	0	0	1	1	1.5585268962284526	0.30965761596313496	0.5925007926235107	0.785986019114195	0.27769735708406645	1.3506334046354342	1.1495234575829991	1.4606834606234262	0.4635958108223672	0.38869556314828674	1.2628652653629822	0.0	0.30965761596313496	0.5925007926235107	0.0	0.0	1.3506334046354342	0.0	0.0	0.4635958108223672	0.38869556314828674
722000	-49.09053834511501	-25.751006598945594	-23.339531746169413	0.0	0	1	1	0	0	1	1	0	1	1	1.1679344603814243	0.37620511473915746	3.1826300829653915	0.9551142468514986	0.5641974516410438	0.9998599536823971	0.7384618892758983	0.6401346931816942	0.8358768838121173	0.43350126032904174	76.67643947262684	0.0	0.37620511473915746	3.1826300829653915	0.0	0.0	0.9998599536823971	0.7384618892758983	0.0	0.8358768838121173	0.43350126032904174
723000	-39.490927926882875	-24.647545863219552	-14.843382063663324	0.0	0	1	0	1	0	1	1	1	1	1	0.282766178273776	0.5696660631734164	0.5764244889650368	0.09294981048589228	1.0694671359473662	0.1733267760705648	0.5345422063861311	0.7338376044751775	0.11174120977914967	0.1403229955626048	1.0600477046344887	0.0	0.5696660631734164	0.0	0.09294981048589228	0.0	0.1733267760705648	0.5345422063861311	0.7338376044751775	0.11174120977914967	0.1403229955626048
724000	-47.1415695681838	-24.05307207851195	-23.088497489671852	0.0	0	1	1	0	0	1	0	1	0	1	0.6815760590002566	0.3623698106303348	0.36050306638022506	6.570176553273717	0.6043791485556097	1.3371373263516924	0.7714153374578989	0.3253824491070052	0.5052698437469313	2.528018798057903	2.905537089787476	0.0	0.3623698106303348	0.36050306638022506	0.0	0.0	1.3371373263516924	0.0	0.3253824491070052	0.0	2.528018798057903
725000	-44.89275246727249	-24.206784751190614	-20.685967716081873	0.0	0	0	0	1	1	1	0	1	0	1	0.21578072146177582	1.2047065628262448	0.1485679898923213	2.053434895932528	0.8449108131400637	0.5252438543093355	1.710208360471759	1.8385603686919794	0.5888039574205035	2.7520137188242972	2.289797117714844	0.0	0.0	0.0	2.053434895932528	0.8449108131400637	0.5252438543093355	0.0	1.8385603686919794	0.0	2.7520137188242972
726000	-40.430811343852994	-25.460986401200486	-14.969824942652512	0.0	1	1	0	1	0	0	0	0	0	1	0.46747941540286275	0.6946852748532043	0.17401521061111738	3.1631603337331393	0.008336737336566967	0.7963069690330125	0.6534426857969521	0.29968128693474183	0.410703583188324	0.41130481641137034	1.3265452700312117	0.46747941540286275	0.6946852748532043	0.0	3.1631603337331393	0.0	0.0	0.0	0.0	0.0	0.41130481641137034
727000	-50.227935605214306	-25.7510065989456	-24.476929006268705	0.0	0	1	0	1	1	0	1	1	0	0	0.365147298042845	0.46354107602124844	1.3407334776768893	0.1727909649240157	0.6424050029524595	0.3369761922635507	1.0134032700354794	4.521736163553507	0.8162233829405473	0.449899947344073	398.51155428918634	0.0	0.46354107602124844	0.0	0.1727909649240157	0.6424050029524595	0.0	1.0134032700354794	4.521736163553507	0.0	0.0
728000	-54.96214931949176	-25.687808282107834	-29.274341037383927	0.0	0	1	1	0	0	0	1	0	1	0	0.3427273834456967	2.1072116273752197	5.731515039182528	1.5683520537288993	2.2481852228198824	3.0504378391557796	1.9458540280447638	0.25169667616115093	0.3344857876474395	0.25505468499539397	44.310207228875115	0.0	2.1072116273752197	5.731515039182528	0.0	0.0	0.0	1.9458540280447638	0.0	0.3344857876474395	0.0
729000	-49.341328989682324	-25.017577321993645	-24.323751667688676	0.0	0	1	0	0	0	1	0	1	0	1	0.6170922077296656	3.092864608565834	0.9843611258468403	1.2718111633909297	0.9116611828211343	3.1485549454659343	1.2519016653607455	1.2817679326238471	1.4946649837028305	0.9415237611564229	5.565642436294608	0.0	3.092864608565834	0.0	0.0	0.0	3.1485549454659343	0.0	1.2817679326238471	0.0	0.9415237611564229
730000	-49.58579142830354	-25.731286496068655	-23.85450493223488	0.0	0	1	0	1	1	0	1	1	0	0	0.5948421607475135	5.604690891406724	0.7740131382252945	0.031023255260425195	2.202149368780568	1.0817129250013056	1.3298867558637657	0.251575926197529	0.22442333615381924	0.6401045224667278	22.796362196604434	0.0	5.604690891406724	0.0	0.031023255260425195	2.202149368780568	0.0	1.3298867558637657	0.251575926197529	0.0	0.0
731000	-45.65590745020186	-25.09514235793023	-20.56076509227163	0.0	0	1	0	1	1	1	1	1	0	0	2.8974273158438995	1.3438760803770495	1.6224218807405182	0.39165377386271405	0.1281479410387387	1.1088974879879576	0.02581626441804978	0.5181360599705408	2.2773106331845003	0.31818890210564	2.4440438476104944	0.0	1.3438760803770495	0.0	0.39165377386271405	0.1281479410387387	1.1088974879879576	0.02581626441804978	0.5181360599705408	0.0	0.0
732000	-38.793303600577076	-24.632300950939545	-14.161002649637531	0.0	0	1	0	1	0	1	1	0	0	0	0.11386039553793853	0.5779588131278373	0.18765795927167206	1.1762732234151014	0.3605693867350184	0.6076588325836494	0.577277684375028	1.5872271953696604	0.6066771880845304	0.026546940303103162	2.0768708909798255	0.0	0.5779588131278373	0.0	1.1762732234151014	0.0	0.6076588325836494	0.577277684375028	0.0	0.0	0.0
733000	-45.657332292394685	-25.750410572093593	-19.906921720301096	0.0	0	1	1	0	0	1	1	0	0	0	0.1559052910633335	0.43015101916698145	2.1439927251474176	1.5794021029246181	0.7450794778575888	0.4215287931603874	1.8546508424387178	0.194000755532498	0.6493350929993638	0.21557488158567023	47.766014717068295	0.0	0.43015101916698145	2.1439927251474176	0.0	0.0	0.4215287931603874	1.8546508424387178	0.0	0.0	0.0
734000	-46.11477578661587	-25.75100659892371	-20.363769187692164	0.0	0	1	0	1	0	1	1	0	0	0	0.37354217296926917	1.4882778961454253	0.25531140459613266	2.1083258465207972	0.5820097799556112	1.0818970337605582	1.1886419587439796	0.22057335137559123	0.4183522432960695	0.2873562238050565	104.81831797324621	0.0	1.4882778961454253	0.0	2.1083258465207972	0.0	1.0818970337605582	1.1886419587439796	0.0	0.0	0.0
735000	-52.96778763873886	-24.88645929055263	-28.081328348186233	0.0	0	0	1	1	0	0	1	1	0	1	3.7704738160797793	0.22195187136652703	1.6625085374796273	1.0840091027216034	2.7222984693937433	4.241980394448723	0.023199663178073492	0.4915277696158741	0.3587266847157576	1.7405838967414917	42.58175572424518	0.0	0.0	1.6625085374796273	1.0840091027216034	0.0	0.0	0.023199663178073492	0.4915277696158741	0.0	1.7405838967414917
736000	-49.106347654028454	-25.751006598635936	-23.355341055392515	0.0	0	1	1	0	1	0	0	1	1	1	0.031815651961935226	2.9517528070029715	2.3553392083949336	0.3678595296250856	0.8745885870790427	0.7599016766305614	0.6879664952851594	0.18462918329574113	1.2065846028957348	0.5734763323972254	70.88896302025995	0.0	2.9517528070029715	2.3553392083949336	0.0	0.8745885870790427	0.0	0.0	0.18462918329574113	1.2065846028957348	0.5734763323972254
737000	-41.83727041585084	-24.6883970736693	-17.148873342181542	0.0	1	1	1	0	0	0	1	0	0	1	0.06707141109792816	1.4922449606901071	0.8199693679140536	2.208518720151197	1.5954038715986743	0.18584005421773134	0.9935380750370797	0.23471345771122387	0.23557995756475097	0.5284925299081692	2.252967635990999	0.06707141109792816	1.4922449606901071	0.8199693679140536	0.0	0.0	0.0	0.9935380750370797	0.0	0.0	0.5284925299081692
738000	-49.67972883658995	-25.75098978282999	-23.928739053759962	0.0	0	1	0	1	1	0	0	0	1	1	1.3588064272081346	0.554960750230308	0.491857519194032	1.1961620094120167	1.8503818204886193	0.6281293463820097	0.0850492450801531	1.2363979878781965	1.5260506226317332	3.56925483431011	30.889534986237557	0.0	0.554960750230308	0.0	1.1961620094120167	1.8503818204886193	0.0	0.0	0.0	1.5260506226317332	3.56925483431011
739000	-50.34883531489446	-25.751006598945583	-24.59782871594888	0.0	0	0	1	1	1	0	0	0	1	1	1.0330632695751676	1.247257527656144	1.2233709359734195	1.3193728455003673	0.8570380386019042	1.5347436963781833	0.8852796183190716	1.1259965619871342	1.6553814139041738	0.8653657011837228	117.28709327584681	0.0	0.0	1.2233709359734195	1.3193728455003673	0.8570380386019042	0.0	0.0	0.0	1.6553814139041738	0.8653657011837228
740000	-44.01485971982706	-25.325347700323935	-18.68951201950312	0.0	0	0	1	0	1	1	0	0	1	0	0.9541366231799074	0.36359895962332295	0.9281769123868323	0.54058044582531	0.9907734280585266	2.8839396410434293	0.1593664265061725	0.6449358230211671	1.8708701434801438	0.15682606673355215	4.883797213471657	0.0	0.0	0.9281769123868323	0.0	0.9907734280585266	2.8839396410434293	0.0	0.0	1.8708701434801438	0.0
741000	-44.57525847625275	-25.677734140174678	-18.89752433607807	0.0	1	0	0	1	0	1	0	1	0	0	0.11273533316962736	0.40743242653243494	2.1054323810870126	0.8467482180508278	2.1218780427769204	0.39215061528218814	0.005511799137126566	0.45978361216294916	0.8027817601086156	0.71161632195455	27.12729536992946	0.11273533316962736	0.0	0.0	0.8467482180508278	0.0	0.39215061528218814	0.0	0.45978361216294916	0.0	0.0
742000	-47.21277249805793	-25.75100659894561	-21.461765899112322	0.0	1	0	1	1	0	0	0	1	0	0	0.4568149092798949	0.42112835043430175	1.2104649459450636	1.771343595623485	0.6063948703222488	2.352353805317467	0.04544913702397436	1.835062692314974	0.12181965287659018	0.0033672767359109817	134.41902338924132	0.4568149092798949	0.0	1.2104649459450636	1.771343595623485	0.0	0.0	0.0	1.835062692314974	0.0	0.0
743000	-45.2389681080563	-25.683086640463628	-19.55588146759267	0.0	1	1	0	1	0	0	0	0	1	1	3.6596298953653195	0.8914195659711377	0.1422734549845276	1.6967479321843715	0.10088111613751372	0.8513733903866306	0.2629488239904988	0.6017614743336756	0.3594386233765412	0.6746432461362931	10.308578597123681	3.6596298953653195	0.8914195659711377	0.0	1.6967479321843715	0.0	0.0	0.0	0.0	0.3594386233765412	0.6746432461362931
744000	-45.08268025577651	-25.74843945635768	-19.334240799418826	0.0	1	1	0	0	0	0	0	1	1	0	1.5108042649485238	0.5132911679474548	0.3957768383149807	0.917595006914069	0.8024578659086715	0.23873146583526023	1.2884125780880034	1.1632041173516396	0.050749327405430006	0.14043555445375036	100.46786677176907	1.5108042649485238	0.5132911679474548	0.0	0.0	0.0	0.0	0.0	1.1632041173516396	0.050749327405430006	0.0
745000	-44.18459806644951	-25.724020924519184	-18.46057714193033	0.0	0	0	1	1	1	0	0	1	1	1	1.511266300740698	0.09657925392361894	0.08362087499031001	1.6578132994630321	0.9714741897123609	1.6522520982236581	0.04761266513571344	0.010713348135102402	0.4056920081570223	0.17681996195920502	16.434999462219835	0.0	0.0	0.08362087499031001	1.6578132994630321	0.9714741897123609	0.0	0.0	0.010713348135102402	0.4056920081570223	0.17681996195920502
746000	-39.80590334669267	-25.502337699933427	-14.303565646759242	0.0	0	0	1	0	0	1	0	0	1	1	0.23980615291111734	0.02930016010559344	0.3452626990992808	1.2709948263779478	0.20977946038790127	1.0426389317320297	0.36481397932516535	0.4485478893670657	0.29362678891211474	0.3698413488106243	7.9722794848216	0.0	0.0	0.3452626990992808	0.0	0.0	1.0426389317320297	0.0	0.0	0.29362678891211474	0.3698413488106243
747000	-43.78447684411929	-25.600395171941607	-18.184081672177683	0.0	0	0	1	0	0	0	1	0	1	1	0.972331236167615	0.42682334663509686	1.7597102273864103	0.8658065470429626	0.43411012053254344	0.7427046396583332	0.059456167436943444	1.2505672752502133	0.11507160748662643	0.06279900797869745	46.74532475217087	0.0	0.0	1.7597102273864103	0.0	0.0	0.0	0.059456167436943444	0.0	0.11507160748662643	0.06279900797869745
748000	-49.032602169595165	-25.748731474860204	-23.283870694734958	0.0	0	1	1	1	1	0	1	0	1	0	0.44004662504839215	2.4566455181357116	0.299605870839284	0.8494981452082814	2.5406464570617664	1.6609582935374714	1.0155973785207983	1.080351525542238	0.042598778516361194	0.2965018692220934	34.36065332602509	0.0	2.4566455181357116	0.299605870839284	0.8494981452082814	2.5406464570617664	0.0	1.0155973785207983	0.0	0.042598778516361194	0.0
749000	-40.56682864219147	-24.416888186500206	-16.149940455691265	0.0	1	1	1	0	0	0	0	0	0	1	0.2717873469310834	0.10998490957138489	1.4315279634393352	0.05421791736869775	1.070260886677002	2.142747106130749	1.8093932394481975	0.04852573311098685	0.37553354543044465	0.8340562110435211	1.4825004946779796	0.2717873469310834	0.10998490957138489	1.4315279634393352	0.0	0.0	0.0	0.0	0.0	0.0	0.8340562110435211
750000	-41.959198009086364	-23.528194476732875	-18.431003532353486	0.0	0	0	0	1	0	1	0	0	1	1	0.9975108618362434	2.273414557998529	0.19585277491576544	1.6539118207134316	0.1408199910201638	1.921721653718396	0.011566674223850637	0.6103640352364513	0.5663012697376798	2.094942205834398	1.4282347639677142	0.0	0.0	0.0	1.6539118207134316	0.0	1.921721653718396	0.0	0.0	0.5663012697376798	2.094942205834398
751000	-46.34448915907687	-27.01141286236503	-19.333076296711845	0.0	0	0	1	0	1	1	0	1	1	0	0.8849796016833301	0.5153295616460881	0.17738372915823714	3.873951161350006	1.520754864227643	0.2046250087733319	0.006272062491603886	1.5394771263097338	0.9695603815476295	1.151184929322546	1.672948417042059	0.0	0.0	0.17738372915823714	0.0	1.520754864227643	0.2046250087733319	0.0	1.5394771263097338	0.9695603815476295	0.0
752000	-43.48047678267591	-24.962987259651914	-18.51748952302399	0.0	0	1	1	0	1	0	0	0	0	1	1.761793598314187	0.08554509589643224	0.3173168487446036	0.6645985528120046	1.7867174241677501	0.33534548853500923	0.05826253565277297	1.043694309236417	1.9479712948087406	1.1220867661677445	5.9471181437635545	0.0	0.08554509589643224	0.3173168487446036	0.0	1.7867174241677501	0.0	0.0	0.0	0.0	1.1220867661677445
753000	-46.34662482989678	-25.751006598290648	-20.595618231606135	0.0	0	0	0	1	0	0	1	1	0	1	3.1112462303292787	0.10966506840462788	0.0035969618575243524	0.16201852859666438	0.8755770563980814	1.4445884954309953	0.9478332842685558	0.2438523288414426	0.4061572901126819	0.8193811177749084	115.97697142009	0.0	0.0	0.0	0.16201852859666438	0.0	0.0	0.9478332842685558	0.2438523288414426	0.0	0.8193811177749084
754000	-41.39500971873586	-25.726334894335594	-15.668674824400263	0.0	0	0	0	1	0	0	1	1	0	1	0.026714400682101222	0.03895243960282991	0.17764133601477103	0.12282101840218546	0.12191057441132848	0.10705758886129053	1.3048953587129153	0.10515794212620042	1.930664417706601	0.5214599188574169	35.5979319182138	0.0	0.0	0.0	0.12282101840218546	0.0	0.0	1.3048953587129153	0.10515794212620042	0.0	0.5214599188574169
755000	-46.27989166168829	-25.7510065989456	-20.528885062742688	0.0	1	1	1	0	0	0	1	1	0	0	1.9616257726946214	0.8250944700747315	0.7225899395365997	1.1288119838195323	0.6180687342051758	0.044365850153343406	0.6242676023603232	0.4580686300432991	0.10481705634147559	0.4082949501995268	229.33210983668505	1.9616257726946214	0.8250944700747315	0.7225899395365997	0.0	0.0	0.0	0.6242676023603232	0.4580686300432991	0.0	0.0
756000	-52.8958865877229	-25.751006598945608	-27.14487998877729	0.0	0	0	1	1	0	1	1	1	0	1	1.0341695644445925	0.02432137977562764	0.8032604972779516	0.5647520041582469	0.05856888268407939	3.6654539837770055	0.9046151432756165	0.7433082978108355	3.399117142038551	1.1010794592280118	259.4693413830935	0.0	0.0	0.8032604972779516	0.5647520041582469	0.0	3.6654539837770055	0.9046151432756165	0.7433082978108355	0.0	1.1010794592280118
757000	-49.966383859303605	-25.743059347360056	-24.223324511943545	0.0	0	1	0	1	0	1	0	0	0	1	0.1372426020192109	0.521001204669778	1.7552640335026817	0.9968107634684046	0.010274736787815967	2.554231239174944	3.395070376535735	2.661565521058165	0.67720932945171	0.49122743031117677	29.66781770843605	0.0	0.521001204669778	0.0	0.9968107634684046	0.0	2.554231239174944	0.0	0.0	0.0	0.49122743031117677
758000	-45.33131383627205	-26.002338359211315	-19.328975477060737	0.0	1	0	1	0	1	0	0	0	1	0	0.46466611413543635	1.4172480210467686	0.21727960256641687	0.8520082296285887	0.2011293583357193	0.36056426466019575	0.9637502657915473	0.023256943991064233	1.82121166230976	3.628860378696036	5.858090681823055	0.46466611413543635	0.0	0.21727960256641687	0.0	0.2011293583357193	0.0	0.0	0.0	1.82121166230976	0.0
759000	-42.87590566935917	-24.358921297118634	-18.516984372240536	0.0	0	1	0	1	1	0	1	1	0	1	3.169946483077908	1.042264357181235	0.8597282415364299	0.11497894332845363	0.30536147753835047	0.4715651695320536	0.22464472054734608	2.0972427527268076	0.543208792484436	0.4767538149676754	1.1931402380498535	0.0	1.042264357181235	0.0	0.11497894332845363	0.30536147753835047	0.0	0.22464472054734608	2.0972427527268076	0.0	0.4767538149676754
760000	-46.040972396496414	-25.751006598945573	-20.28996579755084	0.0	0	0	1	0	0	1	0	1	1	1	0.89617662796704	0.14669161939186853	0.16046723956152215	0.12666746585813346	0.210029772519857	1.2933497720951563	1.1081272125774042	0.5406721532451467	0.37161148956803536	1.5854568251310759	273.00888029493797	0.0	0.0	0.16046723956152215	0.0	0.0	1.2933497720951563	0.0	0.5406721532451467	0.37161148956803536	1.5854568251310759
761000	-46.12731904844657	-24.478068430446587	-21.649250617999986	0.0	0	1	0	0	1	1	1	0	1	1	0.9983800725327625	1.902690987253993	1.9949615067145106	0.05851368002911005	0.4071596491679258	0.8626312579952315	0.05298747180475907	0.12958946381051323	4.876501470088361	1.1719708948953937	1.172533059008729	0.0	1.902690987253993	0.0	0.0	0.4071596491679258	0.8626312579952315	0.05298747180475907	0.0	4.876501470088361	1.1719708948953937
762000	-45.589506605205585	-25.74470156742918	-19.84480503777641	0.0	0	1	0	0	0	0	1	1	1	0	0.6205742524365516	0.47892021329192974	2.0484811129582328	0.6868934585075142	0.5044043673932121	0.22666598498398316	0.15881887113120377	0.8410409368622485	0.3043482740499168	3.088072751023432	25.966024637552554	0.0	0.47892021329192974	0.0	0.0	0.0	0.0	0.15881887113120377	0.8410409368622485	0.3043482740499168	0.0
763000	-38.388864635881575	-24.03406073593789	-14.354803899943686	0.0	1	1	0	1	0	1	0	0	0	1	0.10481064567398977	1.3942301060826876	0.17225742778241082	1.168337131241529	0.34458760741965444	0.6700318799409952	1.5286538744654252	0.08271791838715613	0.1920056497868258	0.5251603911366707	1.217961506134934	0.10481064567398977	1.3942301060826876	0.0	1.168337131241529	0.0	0.6700318799409952	0.0	0.0	0.0	0.5251603911366707
764000	-43.987144514330375	-24.523920618431365	-19.46322389589901	0.0	1	0	1	1	1	0	0	0	0	1	0.5739645423312785	0.3323125465691741	0.35941479691833367	0.29904871696413177	1.5774677483875768	0.47071393542063533	1.7910888255464086	1.7131412259378378	0.5756676409682691	2.539158945387833	3.5084690062506025	0.5739645423312785	0.0	0.35941479691833367	0.29904871696413177	1.5774677483875768	0.0	0.0	0.0	0.0	2.539158945387833
765000	-45.24584796936358	-24.789590889647954	-20.456257079715627	0.0	0	0	0	1	1	0	1	0	0	1	0.8145691587652556	4.042811722754162	0.10128029299146875	1.0484721212621355	2.189057716213397	0.1620230152700845	0.09905333545737963	0.06948447651624494	0.584570987009187	1.3122228235624245	11.21028139816275	0.0	0.0	0.0	1.0484721212621355	2.189057716213397	0.0	0.09905333545737963	0.0	0.0	1.3122228235624245
766000	-44.95830805417634	-26.028664896850128	-18.92964315732622	0.0	1	1	0	1	1	0	0	0	0	1	0.6192143896901539	0.9125105397405171	2.1458290763411783	2.071838970064185	2.685919281069616	0.12312933963011706	0.07433700830656415	0.1593640572101631	1.1373997633306443	1.4918965655406673	0.6270672277512126	0.6192143896901539	0.9125105397405171	0.0	2.071838970064185	2.685919281069616	0.0	0.0	0.0	0.0	1.4918965655406673
767000	-42.08866219641198	-25.586724350324623	-16.50193784608736	0.0	0	0	1	0	0	1	1	1	0	0	0.18025849847881448	0.6449800016015969	0.6500642521370434	0.08183511094682641	1.265668705390712	0.04249895765245826	0.5546499845742883	0.7257792678780953	0.6916390113861484	0.27327485694003545	42.33495956953609	0.0	0.0	0.6500642521370434	0.0	0.0	0.04249895765245826	0.5546499845742883	0.7257792678780953	0.0	0.0
768000	-45.86826096105644	-26.383581345131113	-19.48467961592533	0.0	1	1	0	0	0	0	1	1	1	0	0.26754460610298403	4.313838871035223	0.4953029035484119	0.4986895283933672	2.0243121441595204	0.023951063126273747	0.438199013789213	0.2730710397890489	0.9886273884411245	0.8863320797966887	3.664285650094355	0.26754460610298403	4.313838871035223	0.0	0.0	0.0	0.0	0.438199013789213	0.2730710397890489	0.9886273884411245	0.0
769000	-45.78683128522924	-24.130740446040658	-21.65609083918858	0.0	0	1	1	0	0	1	0	1	0	1	0.7525595257626913	1.0012193844352457	0.15535331271218544	0.9248413697529093	2.3519576097674957	0.11245245067395003	1.5337203924693563	0.1616697720730036	4.8809702703690565	1.0555658926826923	2.1182732795365	0.0	1.0012193844352457	0.15535331271218544	0.0	0.0	0.11245245067395003	0.0	0.1616697720730036	0.0	1.0555658926826923
770000	-43.70635669228446	-24.904659757994985	-18.801696934289474	0.0	1	1	0	1	0	0	1	0	0	1	1.5998942932107811	0.8754532942284414	0.2720576665747991	0.23355356602010083	0.43716987135230306	1.3518379233881652	0.4228063013131643	0.2556988914879639	3.434892866316122	0.77727194432469	3.2065866292499092	1.5998942932107811	0.8754532942284414	0.0	0.23355356602010083	0.0	0.0	0.4228063013131643	0.0	0.0	0.77727194432469
771000	-44.246859089693274	-24.93656569898297	-19.310293390710303	0.0	1	1	1	0	0	1	1	1	0	0	0.30341283232049576	1.0386645175192777	0.10019642143247806	0.02703821754943275	1.4719026908484345	0.8048661817523729	1.8241875093428461	0.6208303898550263	3.178629486577911	0.7009572787949327	1.2274035231281655	0.30341283232049576	1.0386645175192777	0.10019642143247806	0.0	0.0	0.8048661817523729	1.8241875093428461	0.6208303898550263	0.0	0.0
772000	-46.644598516096565	-24.450607786404998	-22.193990729691567	0.0	0	0	1	1	0	0	1	1	1	0	1.6509657371019737	1.5229095437396576	0.27392677609593846	0.036535774464951876	2.179929212600853	1.4425986649365135	0.5662552107789975	1.6627214432363258	2.40255787143484	0.6544446136683167	6.190195887667286	0.0	0.0	0.27392677609593846	0.036535774464951876	0.0	0.0	0.5662552107789975	1.6627214432363258	2.40255787143484	0.0
773000	-47.62434634459501	-25.07373816273594	-22.550608181859072	0.0	0	1	0	1	1	1	0	1	0	0	0.22588763193591135	2.871238788143699	1.0892988714180907	2.074864533995586	1.7027799152532348	0.6704029354275675	0.07628952555183306	3.837289335281133	0.40216327038979116	1.9884848093264067	0.6956129148644188	0.0	2.871238788143699	0.0	2.074864533995586	1.7027799152532348	0.6704029354275675	0.0	3.837289335281133	0.0	0.0
774000	-42.56642961525769	-23.937967024114858	-18.628462591142835	0.0	0	1	1	1	0	1	1	1	0	0	0.595960124292657	0.7984834261896736	1.6646785881137625	0.8340935350875551	0.7477948070396706	2.546832794533795	2.0465143976277025	0.2541652660737737	0.3249672569900917	0.23946113766934532	0.6317483555190496	0.0	0.7984834261896736	1.6646785881137625	0.8340935350875551	0.0	2.546832794533795	2.0465143976277025	0.2541652660737737	0.0	0.0
775000	-42.356140600594074	-25.62376077306133	-16.732379827532743	0.0	0	0	1	1	0	1	0	1	1	0	1.0208425408737818	2.31142738423785	0.6881904434577542	0.1811424209543251	0.1958018538076689	0.6916237797489189	3.386910214815615	0.2850405708902985	0.6105270023771527	0.18695632306404925	0.4488149623773943	0.0	0.0	0.6881904434577542	0.1811424209543251	0.0	0.6916237797489189	0.0	0.2850405708902985	0.6105270023771527	0.0
776000	-49.64703183666474	-25.750969126583684	-23.89606271008105	0.0	1	0	1	0	1	1	1	1	0	1	0.28392809976166883	0.3114667805018716	1.4504107294196549	2.3327291703893476	1.680271047219256	0.3771328089921414	0.017134512327642425	0.3461961797838303	2.869074069873251	0.4752653036795563	25.313797701552463	0.28392809976166883	0.0	1.4504107294196549	0.0	1.680271047219256	0.3771328089921414	0.017134512327642425	0.3461961797838303	0.0	0.4752653036795563
777000	-46.04537302916181	-25.750442761099254	-20.29493026806255	0.0	0	0	0	1	1	1	1	0	0	1	0.2795316023306481	0.03684833312238621	0.43182402171842954	1.4672807430707104	2.3292640454352336	0.7307987300850636	0.31070256753710646	0.7480284229544197	1.9731728344899353	0.3542063614033721	37.54503666038052	0.0	0.0	0.0	1.4672807430707104	2.3292640454352336	0.7307987300850636	0.31070256753710646	0.0	0.0	0.3542063614033721
778000	-48.61461628741674	-25.905980451586686	-22.70863583583005	0.0	0	0	1	0	1	1	0	1	1	1	1.6361893972335242	2.0199433892075995	0.4987069259672559	0.23644483814469686	0.3867159803299027	2.3450650987212196	1.1808105570468443	0.6856666244278303	1.8905749181827582	2.1756770697810244	1.8550645826690886	0.0	0.0	0.4987069259672559	0.0	0.3867159803299027	2.3450650987212196	0.0	0.6856666244278303	1.8905749181827582	2.1756770697810244
779000	-53.42926312217171	-25.7510065989456	-27.67825652322611	0.0	1	0	0	0	0	0	1	1	0	1	1.2067731712690402	2.290417118565333	1.9530005061807192	1.9074611352887174	0.7969332333698863	1.75537189675551	2.249742358591872	0.6214266143378283	0.22172710197666542	1.6743671977344325	184.03557830764527	1.2067731712690402	0.0	0.0	0.0	0.0	0.0	2.249742358591872	0.6214266143378283	0.0	1.6743671977344325
780000	-41.878756711835194	-24.51517991334247	-17.363576798492723	0.0	0	1	1	0	1	0	0	1	0	1	0.739330576474108	0.962274773842121	0.703662591986395	0.45830740839774375	0.8572444285608367	0.1749887900809025	1.6254835168896045	1.1605398270734344	1.6450441777186249	0.5153957498928797	1.7268733759193182	0.0	0.962274773842121	0.703662591986395	0.0	0.8572444285608367	0.0	0.0	1.1605398270734344	0.0	0.5153957498928797
781000	-45.15319692472234	-25.72802997537493	-19.425166949347407	0.0	1	0	0	0	1	1	0	0	1	0	0.5282320779403057	0.09594640669905567	2.1789641178652546	0.275108703382821	1.3816187131403566	0.6379436186299743	1.8306193148277727	0.7782791529654004	0.6571503810953987	3.075049833728792	1.4594893082892004	0.5282320779403057	0.0	0.0	0.0	1.3816187131403566	0.6379436186299743	0.0	0.0	0.6571503810953987	0.0
782000	-52.15554541737022	-25.75100645665174	-26.404538960718476	0.0	0	0	0	1	0	0	1	1	1	0	0.28152380464970517	2.615217270612016	1.0951060424918706	0.04071447592219729	0.8054852332132244	0.34307258184310513	2.1784319646046155	0.2580767538330201	0.21946406947188032	4.6051643897198495	391.40996772589483	0.0	0.0	0.0	0.04071447592219729	0.0	0.0	2.1784319646046155	0.2580767538330201	0.21946406947188032	0.0
783000	-49.88950124112293	-25.7510065989199	-24.138494642203028	0.0	1	1	0	0	0	0	1	0	1	1	0.7457894713164789	0.0604045902490345	1.898210012032668	0.642390516388724	1.1972125306902173	0.06389545143327467	2.345438304155796	0.4085540415945424	0.15249866065056578	3.0368903815729236	220.93374850147976	0.7457894713164789	0.0604045902490345	0.0	0.0	0.0	0.0	2.345438304155796	0.0	0.15249866065056578	3.0368903815729236
784000	-43.78695445542133	-25.607520510579043	-18.179433944842287	0.0	1	0	0	0	1	0	1	0	1	1	1.6294549099154372	0.008819953457997838	0.5713526628832117	0.2619253947222479	2.5356794721165916	0.26678842698100935	0.6660062905282875	0.537269694950266	0.8728418872034257	0.45688051274912367	10.914351190571358	1.6294549099154372	0.0	0.0	0.0	2.5356794721165916	0.0	0.6660062905282875	0.0	0.8728418872034257	0.45688051274912367
785000	-54.50386548883668	-25.751006598945605	-28.752858889891073	0.0	1	0	1	1	0	1	0	0	1	1	2.5392494201202642	0.1079961544759299	0.7512231128792062	1.911269062640434	2.3619810805497927	0.6873322170983398	3.590525039976147	1.225953669361997	0.9404749188546618	0.5440237066254754	137.85680930473166	2.5392494201202642	0.0	0.7512231128792062	1.911269062640434	0.0	0.6873322170983398	0.0	0.0	0.9404749188546618	0.5440237066254754
786000	-49.74666304083662	-25.849564572299034	-23.897098468537592	0.0	0	0	1	0	1	1	0	0	0	1	0.07745733347722819	0.5779952845511784	0.36953703736974636	0.6847823938460648	4.677457860943586	3.4556575285125724	0.1790461246708388	0.982231274820048	1.7394506317608631	0.04084527413955053	32.35199738975732	0.0	0.0	0.36953703736974636	0.0	4.677457860943586	3.4556575285125724	0.0	0.0	0.0	0.04084527413955053
787000	-42.49686967584206	-25.56803806937037	-16.928831606471693	0.0	0	0	1	1	0	1	0	1	0	0	0.18053854141563105	0.39659313400552115	0.1223155708125947	0.23302529867457444	1.5572370338601196	0.5119897338197342	1.8278331894314839	0.24492198917733854	1.5287692469512235	0.47698250691595373	9.341174355843199	0.0	0.0	0.1223155708125947	0.23302529867457444	0.0	0.5119897338197342	0.0	0.24492198917733854	0.0	0.0
788000	-43.37870427859771	-24.84775808170621	-18.530946196891502	0.0	0	1	1	0	0	1	0	0	1	1	1.9742145662610096	0.2386593834338684	1.629571297269236	0.16007189303036765	3.2336949920896045	1.14905940663137	0.6162966154528131	0.2503986446953136	0.3234252648189373	1.8456261111719912	0.42097995956082346	0.0	0.2386593834338684	1.629571297269236	0.0	0.0	1.14905940663137	0.0	0.0	0.3234252648189373	1.8456261111719912
789000	-53.170681434993284	-25.75099799491446	-27.419683440078828	0.0	0	0	1	0	0	0	1	1	1	0	0.09964417138378003	1.4722500000618297	0.049521932868929745	0.70768088063408	0.9860135432117446	2.7144834682027916	0.1458922624940035	0.7356363129174102	4.705835879859704	1.4525554776601495	511.66006384867137	0.0	0.0	0.049521932868929745	0.0	0.0	0.0	0.1458922624940035	0.7356363129174102	4.705835879859704	0.0
790000	-42.51013793329116	-25.072548530761956	-17.43758940252921	0.0	0	1	1	0	0	1	1	0	1	1	0.05796476902793782	0.5531897289662191	1.1058690053479339	0.2452397008714417	0.2202168604889772	0.19150521522366826	2.1521902982695327	1.329079837881201	1.4846497338628375	0.2462413253690228	2.262143275454503	0.0	0.5531897289662191	1.1058690053479339	0.0	0.0	0.19150521522366826	2.1521902982695327	0.0	1.4846497338628375	0.2462413253690228
791000	-43.489206866197435	-25.178163197385505	-18.311043668811926	0.0	0	1	1	0	1	0	1	1	0	1	1.9643255071447066	0.17269621631179877	0.0036598076498565156	1.1310946517884912	0.21321366270183448	0.16865889738696316	0.9511154931286833	0.48428811319246234	1.0467871008179896	2.1771005175591056	2.6189229893543775	0.0	0.17269621631179877	0.0036598076498565156	0.0	0.21321366270183448	0.0	0.9511154931286833	0.48428811319246234	0.0	2.1771005175591056
792000	-47.102930635291244	-25.75100022180399	-21.351930413487253	0.0	1	0	1	0	0	1	1	1	0	0	0.34774453096316776	1.342786576190118	0.02038515532644163	0.431336909461217	0.4248944327019539	1.0157081195340565	1.3320227995170475	1.1133311744243906	2.2536819080214374	1.095534079748008	52.06932769375095	0.34774453096316776	0.0	0.02038515532644163	0.0	0.0	1.0157081195340565	1.3320227995170475	1.1133311744243906	0.0	0.0
793000	-44.87875557174658	-26.70071811284457	-18.178037458902008	0.0	1	1	0	1	0	0	0	1	1	0	1.1808517934008878	1.812137197494364	0.1718543791313891	2.8169134153358657	0.11391846392040333	1.2810370566243232	0.40817103224862905	0.5772153131609123	0.9023443597384657	0.29266684638966867	1.907615284125581	1.1808517934008878	1.812137197494364	0.0	2.8169134153358657	0.0	0.0	0.0	0.5772153131609123	0.9023443597384657	0.0
794000	-48.74114920918012	-25.750933773968185	-22.990215435211937	0.0	1	1	1	1	0	1	0	1	0	0	1.2053812651169704	0.13228323602505768	0.36440747591076106	0.5912291435446173	2.0992662534797377	0.5593651263736577	2.417492740266274	0.5264823220339468	0.7552919618286565	2.2305172009096417	21.25549498308328	1.2053812651169704	0.13228323602505768	0.36440747591076106	0.5912291435446173	0.0	0.5593651263736577	0.0	0.5264823220339468	0.0	0.0
795000	-52.77572487544067	-25.75100420268638	-27.024720672754295	0.0	0	1	1	0	0	0	1	0	0	1	2.083167469105727	0.6932339719017512	1.6376586791092318	1.6072482135916129	0.959822558737255	5.147528214982952	0.21805867199759996	1.436819604729829	0.5962689578076492	0.6059817254383282	78.10825908669543	0.0	0.6932339719017512	1.6376586791092318	0.0	0.0	0.0	0.21805867199759996	0.0	0.0	0.6059817254383282
796000	-43.68507927587683	-24.439509985379473	-19.245569290497357	0.0	0	1	1	0	0	1	1	0	0	1	1.9872788350883774	1.4693667073940684	0.3350978390279361	1.3357679003858018	1.0263208171118774	1.6559888551349011	0.6603645584173699	0.8511119114625207	0.35458856069150807	0.5959060265073249	2.713529211439339	0.0	1.4693667073940684	0.3350978390279361	0.0	0.0	1.6559888551349011	0.6603645584173699	0.0	0.0	0.5959060265073249
797000	-45.128793986186096	-25.825749558408063	-19.303044427778033	0.0	1	0	1	1	0	0	1	1	0	0	0.8178244974793906	2.393808593881233	1.356740954239438	0.06001487165296446	2.4162022021226974	0.23659235518113844	0.7582464099793026	1.1262343103354375	1.3801852399219654	0.18104899256942641	1.824144384379714	0.8178244974793906	0.0	1.356740954239438	0.06001487165296446	0.0	0.0	0.7582464099793026	1.1262343103354375	0.0	0.0
798000	-47.999942984609945	-25.67340666402087	-22.32653632058907	0.0	0	1	1	0	0	0	1	1	1	0	0.49848705837911095	0.12169038657985176	1.3692930140004984	1.7252534443092467	2.0805336737413525	1.6023880801911459	0.9601669209681747	1.3800153011735574	0.9575719385989743	1.1026012945352712	12.73724744631457	0.0	0.12169038657985176	1.3692930140004984	0.0	0.0	0.0	0.9601669209681747	1.3800153011735574	0.9575719385989743	0.0
799000	-40.91510961804556	-24.40970669847909	-16.50540291956647	0.0	0	1	1	1	1	0	0	1	0	0	0.21566232766490212	0.04969674435605201	1.1042031817734546	3.198362691295667	0.9042706437918949	0.537686056821081	0.3476479262487116	0.672108057912496	0.4558767708480787	0.10760259601875892	2.551952897936465	0.0	0.04969674435605201	1.1042031817734546	3.198362691295667	0.9042706437918949	0.0	0.0	0.672108057912496	0.0	0.0
800000	-45.750767797955696	-24.85400176155742	-20.896766036398276	0.0	1	1	0	0	1	0	1	1	0	0	0.5634189249982997	0.0037850951531735776	0.6273806947159014	0.5302226444784288	2.433902654391837	3.199597887584249	1.1082400860828359	2.0331139404830068	0.3831785158126867	0.8584013578042784	3.2531987868675376	0.5634189249982997	0.0037850951531735776	0.0	0.0	2.433902654391837	0.0	1.1082400860828359	2.0331139404830068	0.0	0.0
801000	-44.23121554649971	-25.59941979695249	-18.63179574954722	0.0	1	1	1	1	1	0	0	0	1	1	1.6024602584093333	0.8575872303496553	0.711762230878401	0.544140320354598	1.0749829892966343	0.5124380983887504	1.041363506554594	1.2679899505780365	0.6316653713192034	0.3742343424676945	0.6144965607460412	1.6024602584093333	0.8575872303496553	0.711762230878401	0.544140320354598	1.0749829892966343	0.0	0.0	0.0	0.6316653713192034	0.3742343424676945
802000	-49.07187987141083	-24.45456164877324	-24.617318222637586	0.0	0	0	1	0	1	1	0	0	1	1	2.0464789103670133	8.247604313433435	0.9764908634532732	0.961957964392913	0.39375796893618187	0.25205329724850994	1.3163687358788898	0.09615549960566341	0.3213766294120482	1.2010289840228492	2.2905029079817734	0.0	0.0	0.9764908634532732	0.0	0.39375796893618187	0.25205329724850994	0.0	0.0	0.3213766294120482	1.2010289840228492
803000	-50.073280538319665	-25.751006598945605	-24.322273939374057	0.0	0	0	1	1	1	0	1	1	0	0	0.10585585614049652	0.961939578471985	0.9085119583568504	1.0459436986905613	4.2417269480482	0.6086798589226715	2.059204207745788	0.6796263532845993	0.03745799064242245	0.24315765658087057	193.9622131065353	0.0	0.0	0.9085119583568504	1.0459436986905613	4.2417269480482	0.0	2.059204207745788	0.6796263532845993	0.0	0.0
804000	-41.6534240928877	-24.443490617658448	-17.20993347522925	0.0	0	1	1	0	1	0	0	0	0	1	0.07031309183520569	1.3110146037180523	0.5288588488682054	0.6346553227678625	0.5419904506349038	1.1401131321307663	0.7123516236700911	1.5829328066249946	1.0623815647978023	1.132216528771394	2.421728675038688	0.0	1.3110146037180523	0.5288588488682054	0.0	0.5419904506349038	0.0	0.0	0.0	0.0	1.132216528771394
805000	-43.27545907262248	-24.210742957981807	-19.064716114640675	0.0	0	0	1	1	1	0	0	1	1	1	1.1390323446199895	1.3965846521880616	1.829286892732446	0.30596854396598017	1.4786320091801632	0.8421575933493988	0.4351319395039105	0.8784528128997017	0.10799173392117808	0.9425471578433792	1.961987566734353	0.0	0.0	1.829286892732446	0.30596854396598017	1.4786320091801632	0.0	0.0	0.8784528128997017	0.10799173392117808	0.9425471578433792
806000	-43.20909081862555	-25.50359039276939	-17.705500425856158	0.0	0	0	0	1	0	1	1	1	1	0	2.2020977613210775	0.9230561035414866	1.2891720496580177	1.5170433561783199	0.2454393458909351	0.41240168700673174	0.10120084252383013	0.10587795299512816	0.15522109976703308	0.36992545585730335	11.040976495899884	0.0	0.0	0.0	1.5170433561783199	0.0	0.41240168700673174	0.10120084252383013	0.10587795299512816	0.15522109976703308	0.0
807000	-41.01518110539475	-24.036830023106997	-16.978351082287755	0.0	0	1	1	0	0	1	0	0	1	1	0.40292411085956137	0.3131221921608498	0.3542328580935215	2.5014674772775143	1.1635214112538053	0.7447720866220732	1.0965524323979243	0.4367546193166485	0.7452790558518704	0.6658596182828065	1.7839823943785345	0.0	0.3131221921608498	0.3542328580935215	0.0	0.0	0.7447720866220732	0.0	0.0	0.7452790558518704	0.6658596182828065
808000	-51.95415151722635	-25.751006598945605	-26.203144918280746	0.0	1	1	1	0	1	0	0	0	0	1	1.6126244634952638	0.09687630404716385	3.1391891046181364	2.590051330557697	0.6042455164554428	0.3061075069486315	0.5599861376667281	1.0428031901253112	1.277121495543009	1.524924744065149	197.07951826852286	1.6126244634952638	0.09687630404716385	3.1391891046181364	0.0	0.6042455164554428	0.0	0.0	0.0	0.0	1.524924744065149
809000	-41.20379178791636	-24.985033605222494	-16.21875818269387	0.0	0	0	1	1	0	1	0	1	0	1	0.19099218539667973	0.7863827723913348	2.378260473593814	1.9862479079766362	0.3261046125364758	0.7603051575836226	0.3693632901958126	1.3028001114226457	1.1022428708585026	0.0157349891309692	0.3772526330828009	0.0	0.0	2.378260473593814	1.9862479079766362	0.0	0.7603051575836226	0.0	1.3028001114226457	0.0	0.0157349891309692
810000	-45.720964243872274	-25.151515426980524	-20.569448816891747	0.0	0	0	1	1	1	0	0	0	1	0	0.6588214388876295	1.0456601189904107	1.6809388684812856	0.839011186478316	1.878883674724477	0.13330855934632732	2.0843151085716918	1.3730207175146403	1.6029427241154741	0.0148983635783866	5.191470353440449	0.0	0.0	1.6809388684812856	0.839011186478316	1.878883674724477	0.0	0.0	0.0	1.6029427241154741	0.0
811000	-40.90875143387302	-24.288744853911954	-16.62000657996107	0.0	0	0	0	1	0	1	1	0	1	1	0.599623291161159	0.494848720433743	0.7334823670516118	0.569278292906403	0.5925481862889657	1.3931586823082107	0.9880035552712851	0.9024530747482598	0.8817170246783811	0.581794718043818	2.478654340018172	0.0	0.0	0.0	0.569278292906403	0.0	1.3931586823082107	0.9880035552712851	0.0	0.8817170246783811	0.581794718043818
812000	-43.164150815814	-25.248923191812132	-17.915227624001865	0.0	0	0	1	0	1	1	0	0	1	1	1.8139494675116612	1.03281683376532	1.1732626461875197	1.216064167576501	0.023632718386407157	0.15428961264596747	2.2176957285269907	0.0358831023772848	0.3495502873807904	0.19239193624464532	5.629259586177231	0.0	0.0	1.1732626461875197	0.0	0.023632718386407157	0.15428961264596747	0.0	0.0	0.3495502873807904	0.19239193624464532
813000	-50.28849461112953	-25.75095209569276	-24.53754251543677	0.0	0	1	1	1	1	0	1	1	1	1	0.4797206701444556	0.6835254633797486	0.7046377185834517	0.3378640957560114	2.3032171289662444	1.7288408781126166	1.3472403022105632	0.4443498801088377	0.390830092836042	0.9945881526538911	17.394399580400062	0.0	0.6835254633797486	0.7046377185834517	0.3378640957560114	2.3032171289662444	0.0	1.3472403022105632	0.4443498801088377	0.390830092836042	0.9945881526538911
814000	-39.96880859456744	-23.953522577057463	-16.01528601750998	0.0	0	1	1	1	0	1	0	1	0	0	1.4517164690378654	0.1248325592916828	0.7723156334709687	1.1795559412494092	0.4611754015153947	0.3179937589832552	0.5002266735748504	0.2976493350009698	2.1525340536525475	0.9251330009793407	0.8670414978349941	0.0	0.1248325592916828	0.7723156334709687	1.1795559412494092	0.0	0.3179937589832552	0.0	0.2976493350009698	0.0	0.0
815000	-43.765847491037704	-25.443936413820193	-18.321911077217507	0.0	1	0	1	0	0	0	0	1	1	0	1.5822585632371522	0.04665327983127571	0.0202429130225501	2.0229663654247307	0.3892866307266519	0.5726407474300053	0.32371414652715214	0.10432396947724798	0.28392928316975674	0.9103570951563809	80.05984162080863	1.5822585632371522	0.0	0.0202429130225501	0.0	0.0	0.0	0.0	0.10432396947724798	0.28392928316975674	0.0
816000	-50.319380896275774	-25.75100659894562	-24.56837429733016	0.0	1	1	0	0	0	1	0	1	1	0	0.013546459169764748	0.7431352411615467	0.03636514887018032	0.8707299260076271	3.8944958270140217	1.3546332061408404	2.0547017595957358	0.1768130965096236	0.3851492491353006	0.9657577754451219	324.06659673042833	0.013546459169764748	0.7431352411615467	0.0	0.0	0.0	1.3546332061408404	0.0	0.1768130965096236	0.3851492491353006	0.0
817000	-56.665072550139826	-25.751006598945605	-30.914065951194218	0.0	0	1	1	0	0	0	1	1	1	1	1.4529527049106663	4.9721097357623965	0.5928287085413384	0.5233111768709847	0.026941499541822532	1.9707388320320751	0.8675619431149542	0.30612671336458	2.3075828212169567	2.8853646386822933	294.6751401516822	0.0	4.9721097357623965	0.5928287085413384	0.0	0.0	0.0	0.8675619431149542	0.30612671336458	2.3075828212169567	2.8853646386822933
818000	-44.56810777533441	-25.650566747084202	-18.917541028250213	0.0	1	0	1	0	1	0	1	1	0	1	0.9053551270765269	0.5682375379086294	0.7326818419294646	0.3950862852093153	0.13273940542371573	4.4157388513399685	0.06951504131530227	0.6778852782538959	0.8278898955616985	0.11268634386406065	2.8412498226687295	0.9053551270765269	0.0	0.7326818419294646	0.0	0.13273940542371573	0.0	0.06951504131530227	0.6778852782538959	0.0	0.11268634386406065
819000	-49.82637282875311	-25.657627067470454	-24.168745761282658	0.0	1	1	0	0	0	0	0	1	1	0	1.5232096834440416	0.10048657686493088	0.6400950746265738	1.0002373428061857	0.7391056498325007	0.10634926502378016	0.7693559789998616	0.8239974768041866	5.030285039630043	1.0957575590677668	102.9705819132266	1.5232096834440416	0.10048657686493088	0.0	0.0	0.0	0.0	0.0	0.8239974768041866	5.030285039630043	0.0
820000	-43.60294720461129	-25.28595888594097	-18.31698831867032	0.0	0	0	1	1	1	1	1	0	0	0	1.5515475126334306	1.0039516559751016	1.177163021660029	0.34639570029017197	0.2579073728829426	1.0099328824688165	0.23194226445022867	0.9675280586654672	0.8194325501832342	1.4010109802675956	4.821648423543862	0.0	0.0	1.177163021660029	0.34639570029017197	0.2579073728829426	1.0099328824688165	0.23194226445022867	0.0	0.0	0.0
821000	-46.41096793737776	-25.213913452703256	-21.197054484674506	0.0	0	1	1	1	0	1	0	1	0	1	0.7103619126993659	0.14441368140599023	0.6877408222378691	2.4528093289488955	1.0554897969338863	1.5939466588367	1.9967021731319972	0.46664748217858737	2.7414677700950647	1.3490188969376447	0.3546514897511798	0.0	0.14441368140599023	0.6877408222378691	2.4528093289488955	0.0	1.5939466588367	0.0	0.46664748217858737	0.0	1.3490188969376447
822000	-51.82535648415912	-25.743616545653015	-26.081739938506107	0.0	0	1	0	0	1	1	0	1	0	1	0.8372197694514486	1.0599813778133542	4.387681173226747	0.3904091959007705	2.5513154025671985	0.17142881936534457	0.9022518857526893	0.5856425771929203	1.48009184363999	2.4129398146493597	27.24914211020676	0.0	1.0599813778133542	0.0	0.0	2.5513154025671985	0.17142881936534457	0.0	0.5856425771929203	0.0	2.4129398146493597
823000	-42.71057136584651	-23.565619709257337	-19.144951656589175	0.0	1	1	1	0	0	1	0	1	0	1	0.10096376451534056	1.0193643832087522	1.1796779986473651	0.0317327619251648	1.3103286582312668	0.5589117265289872	2.547105769537612	0.26381854481878325	2.8210837734261327	1.0615740336727753	0.4563318442205007	0.10096376451534056	1.0193643832087522	1.1796779986473651	0.0	0.0	0.5589117265289872	0.0	0.26381854481878325	0.0	1.0615740336727753
824000	-45.696240573026934	-25.7510065989456	-19.945233974081333	0.0	0	0	1	0	0	1	0	1	0	1	0.1372983721451963	3.967433055491663	0.10897567482512559	0.015303317750244032	0.09147809198050522	0.38648377639877407	1.0470205752051498	0.136171692127539	0.007501972089397953	0.8852447294829396	210.60442877082485	0.0	0.0	0.10897567482512559	0.0	0.0	0.38648377639877407	0.0	0.136171692127539	0.0	0.8852447294829396
825000	-49.67855001019054	-25.75100463980846	-23.92754537038208	0.0	1	0	1	1	0	0	1	1	0	0	1.1339217850226735	0.5619782927208049	0.31229544247046953	0.3323890690312	1.6262000502139238	2.3998796805253155	0.21424207784551036	0.1986251124473512	2.080449466560063	2.752378729427862	71.79752928845666	1.1339217850226735	0.0	0.31229544247046953	0.3323890690312	0.0	0.0	0.21424207784551036	0.1986251124473512	0.0	0.0
826000	-48.05347056780794	-25.750968521435937	-22.302502046372005	0.0	1	0	0	1	1	0	0	1	0	1	1.0152631563369545	0.6553940727544365	0.5355319574413903	0.9826264469445503	1.668771440724747	0.9821360326137311	2.5414225562869794	0.8748251716196485	1.5214435771677812	0.11335789436050688	30.296504637894632	1.0152631563369545	0.0	0.0	0.9826264469445503	1.668771440724747	0.0	0.0	0.8748251716196485	0.0	0.11335789436050688
827000	-45.32431844856124	-23.94275764998776	-21.38156079857348	0.0	0	1	1	0	0	1	0	0	0	1	0.014180091461769679	4.276447069854496	1.2446306652319086	1.0841396861308086	0.8680354641292798	0.9406289002996391	0.5004664470242673	0.538813777045343	0.3851822865574922	3.6948397246490425	1.253679025536472	0.0	4.276447069854496	1.2446306652319086	0.0	0.0	0.9406289002996391	0.0	0.0	0.0	3.6948397246490425
828000	-46.256937079737284	-25.750673629134862	-20.506263450602425	0.0	0	1	0	1	0	1	0	0	0	1	0.2120125308776491	0.2253753606818616	0.7423251684545139	0.2629560647553702	1.9338804707668822	0.7908283301604422	0.7983803579148311	1.836928811864436	1.3546376539766383	0.8777073431599574	45.70737231168016	0.0	0.2253753606818616	0.0	0.2629560647553702	0.0	0.7908283301604422	0.0	0.0	0.0	0.8777073431599574
829000	-41.441511862912705	-25.739023767063653	-15.702488095849056	0.0	0	1	1	0	1	0	1	1	0	0	0.688006035809226	0.3848518035254216	0.3150596888766731	0.07825977144168106	0.6384342755803885	1.2545863791944354	0.029189740894686445	0.006931131331474746	0.17529746549317038	0.23925558895090165	48.15954110770572	0.0	0.3848518035254216	0.3150596888766731	0.0	0.6384342755803885	0.0	0.029189740894686445	0.006931131331474746	0.0	0.0
830000	-44.353939769837	-25.75100659623878	-18.602933173598217	0.0	0	1	0	0	1	0	1	1	0	0	0.6720153190876236	0.8507683704330474	0.19823567012726048	0.17865943014496827	0.28331322418059307	1.064661280426746	0.2426420355201542	0.03584532306319544	0.6278982482233791	1.1417686468559218	237.0857052561341	0.0	0.8507683704330474	0.0	0.0	0.28331322418059307	0.0	0.2426420355201542	0.03584532306319544	0.0	0.0
831000	-40.97569791074792	-25.208265074601645	-15.767432836146273	0.0	0	1	1	1	0	1	0	0	0	0	0.033121991955200845	0.578963673935272	1.1249880607410137	1.1164049293171319	0.2503170495375063	1.4927583820017536	1.0661683381838383	1.0032446998904838	2.3198655256123097	0.4181073658730088	0.287904384336612	0.0	0.578963673935272	1.1249880607410137	1.1164049293171319	0.0	1.4927583820017536	0.0	0.0	0.0	0.0
832000	-56.95224229566278	-25.737954291208617	-31.21428800445416	0.0	1	0	0	0	0	1	1	1	0	1	0.6903080337913085	2.3395701209508704	3.351838515509786	2.0137339096052256	1.0478532175124136	1.676451263684471	1.3066436854386916	0.06842681636121477	3.974702803567893	2.0985575051621423	97.46601038029394	0.6903080337913085	0.0	0.0	0.0	0.0	1.676451263684471	1.3066436854386916	0.06842681636121477	0.0	2.0985575051621423
833000	-45.60421996703802	-25.74099165826816	-19.863228308769855	0.0	0	1	0	0	0	0	1	1	0	1	0.03796496979091551	0.3075093270556736	0.9523830388718012	1.1645440816478196	1.344496012671775	0.29939190687137507	0.5858915719390084	0.18235010505277371	1.6488142181505612	1.7478469591841168	51.29494083751842	0.0	0.3075093270556736	0.0	0.0	0.0	0.0	0.5858915719390084	0.18235010505277371	0.0	1.7478469591841168
834000	-44.04718308230976	-25.0478381563018	-18.999344926007954	0.0	0	1	0	1	0	1	0	1	0	0	0.31605516281409596	0.600235304253569	2.0394980331092873	1.3331124251863933	0.07551172944616015	0.7426134370387573	0.032006449442380826	0.5063094682304474	1.8226994384665884	2.2918734072449483	5.098131868929063	0.0	0.600235304253569	0.0	1.3331124251863933	0.0	0.7426134370387573	0.0	0.5063094682304474	0.0	0.0
835000	-42.148296315621664	-25.196508355675647	-16.951787959946014	0.0	0	1	1	1	0	1	0	0	1	1	0.5075641176467491	1.2044717477558453	0.6136407068225307	1.538091909906133	0.5931519155290623	2.314256456907556	0.002273090646262864	0.5322377138693521	0.8435524187299186	0.17047290188563066	0.6685255877853338	0.0	1.2044717477558453	0.6136407068225307	1.538091909906133	0.0	2.314256456907556	0.0	0.0	0.8435524187299186	0.17047290188563066
836000	-44.00104908099769	-24.803523977257036	-19.197525103740656	0.0	1	1	1	0	1	0	1	1	1	0	0.17641751518001603	0.06210047424281974	0.5069868444403218	0.02076421449777837	0.6128431447286186	0.37150621455119537	0.9811611730410785	1.8486916857124747	1.2418476653679105	2.240967319912276	1.8850715863252876	0.17641751518001603	0.06210047424281974	0.5069868444403218	0.0	0.6128431447286186	0.0	0.9811611730410785	1.8486916857124747	1.2418476653679105	0.0
837000	-47.06425031363443	-25.298465965982384	-21.76578434765205	0.0	0	1	0	0	1	1	0	0	0	1	1.6056035866957306	1.9972372014831867	0.2653069956259181	1.4141121944455874	0.7811594230810117	0.3706627982889527	1.7503883986185844	0.8115399566572493	1.816132927106504	0.9304943118455526	11.104635571674379	0.0	1.9972372014831867	0.0	0.0	0.7811594230810117	0.3706627982889527	0.0	0.0	0.0	0.9304943118455526
838000	-46.6758979071773	-25.751006598945583	-20.92489130823172	0.0	0	0	0	1	1	1	0	1	0	1	0.9027706622380601	0.6202045335913866	0.7342364060448253	0.8144590214495568	0.6661986524773409	0.22465027752778421	1.2322327485227464	0.44289133742240394	0.2412134935397243	0.14939670166516325	574.9305506044376	0.0	0.0	0.0	0.8144590214495568	0.6661986524773409	0.22465027752778421	0.0	0.44289133742240394	0.0	0.14939670166516325
839000	-42.184650238848334	-25.343430172536404	-16.84122006631193	0.0	1	0	0	0	0	1	1	1	0	1	0.6847340238236507	0.08233935718637803	0.29242570425949627	0.9462832023981909	0.277453242516875	0.21023566993075632	1.770942777270286	0.116597195825528	1.9420409588613612	0.16741217035813635	10.682743997726702	0.6847340238236507	0.0	0.0	0.0	0.0	0.21023566993075632	1.770942777270286	0.116597195825528	0.0	0.16741217035813635
840000	-39.548140708834865	-25.711167916101196	-13.836972792733672	0.0	0	0	0	1	1	0	1	0	1	1	0.04387387834627806	0.014059158036069016	0.4985921509762089	0.8506238441480249	0.3409345900383111	0.28308579237898684	0.7326156726632487	2.401489719251458	0.6510111917848371	0.45606391101000227	0.6634758823445119	0.0	0.0	0.0	0.8506238441480249	0.3409345900383111	0.0	0.7326156726632487	0.0	0.6510111917848371	0.45606391101000227
841000	-45.623483814265995	-25.751006598945608	-19.872477215320387	0.0	0	0	1	0	0	1	0	0	1	1	0.8024168339020418	0.03658888501311811	0.1709997178144983	0.09862302443155463	0.09638930847767234	0.18044205657957055	3.000480258317006	0.1257572646022298	0.2814614198550119	1.8176903300930496	228.488235790945	0.0	0.0	0.1709997178144983	0.0	0.0	0.18044205657957055	0.0	0.0	0.2814614198550119	1.8176903300930496
842000	-52.34746026601877	-25.751006598945608	-26.59645366707316	0.0	0	1	1	1	1	0	1	0	1	1	1.0705671534534251	0.20247356844166256	2.0904901628880856	0.656111804550481	0.09978187657844506	0.159796910492401	0.40733507274763014	1.5032022661206574	0.0685901806304128	0.3818496154971007	1909.9536742464113	0.0	0.20247356844166256	2.0904901628880856	0.656111804550481	0.09978187657844506	0.0	0.40733507274763014	0.0	0.0685901806304128	0.3818496154971007
843000	-48.657646314568446	-25.57691627473786	-23.080730039830584	0.0	1	1	1	0	0	1	0	1	1	1	0.6055027825520072	0.8803166294728926	0.4085842372194301	1.7408859188612196	0.0933547079341007	1.6023830195685123	2.003897190181904	1.9202691025483791	1.0382230794403298	0.831005240617714	4.282163946058427	0.6055027825520072	0.8803166294728926	0.4085842372194301	0.0	0.0	1.6023830195685123	0.0	1.9202691025483791	1.0382230794403298	0.831005240617714
844000	-51.87261715073572	-25.751006430028774	-26.121610720706947	0.0	0	0	0	1	1	0	1	1	0	0	1.831767120551705	0.19692343727207273	0.4025216647612231	2.671830050194344	1.0487063844266789	5.383962271362016	0.30512199748992996	0.8551819258004685	0.14179565329793975	0.49978174822952665	152.8041231545399	0.0	0.0	0.0	2.671830050194344	1.0487063844266789	0.0	0.30512199748992996	0.8551819258004685	0.0	0.0
845000	-49.414183689175985	-25.046370793393326	-24.367812895782656	0.0	0	0	1	0	1	1	0	1	1	1	0.12436827854285568	1.6654914437208637	1.0808060974242801	2.045420835978011	3.235860671897456	0.9972431440110457	0.03351713382221619	1.0194306404540479	1.778032563496846	2.763204399661558	1.8031582079745585	0.0	0.0	1.0808060974242801	0.0	3.235860671897456	0.9972431440110457	0.0	1.0194306404540479	1.778032563496846	2.763204399661558
846000	-56.58910253069299	-25.7263943560472	-30.86270817464579	0.0	1	0	1	0	0	0	0	1	0	1	0.7572261301299137	0.5251603508359054	5.3547742007488885	0.031502830604632374	0.9754377599088543	2.061600624190866	2.4398647596048826	1.017556673167629	4.567844368671456	2.874663017835281	13.99409367124695	0.7572261301299137	0.0	5.3547742007488885	0.0	0.0	0.0	0.0	1.017556673167629	0.0	2.874663017835281
847000	-44.884150530636745	-24.633445709308013	-20.25070482132873	0.0	1	1	1	0	0	1	1	0	0	0	1.2572209274249684	0.583253485294355	1.0807175568933347	0.5754514587746767	0.21819214959715189	2.415004978449754	1.0471955715954582	1.127570480882113	0.7632082550509901	2.539766330586646	1.9503899865521104	1.2572209274249684	0.583253485294355	1.0807175568933347	0.0	0.0	2.415004978449754	1.0471955715954582	0.0	0.0	0.0
848000	-44.50754488123738	-24.126367135519427	-20.381177745717956	0.0	1	1	1	0	1	1	0	0	1	1	0.2558602835731098	0.8534092648727041	0.6168185142189723	2.2403557392346762	0.27606839866820715	0.340680546073891	1.9338712053810097	2.5636296076241734	0.9442142512398259	0.3672656850393096	0.5998182140021074	0.2558602835731098	0.8534092648727041	0.6168185142189723	0.0	0.27606839866820715	0.340680546073891	0.0	0.0	0.9442142512398259	0.3672656850393096
849000	-52.56990525372551	-25.7510065989456	-26.818898654779908	0.0	0	1	0	0	1	1	0	1	0	1	0.1447045212904383	0.8113354311199015	1.3704841549861007	2.145209146660946	0.21487076562554394	0.8384966086373608	3.0503799851958093	2.1883065095671634	1.162815993568929	0.3668139638541208	449.5440471386165	0.0	0.8113354311199015	0.0	0.0	0.21487076562554394	0.8384966086373608	0.0	2.1883065095671634	0.0	0.3668139638541208
850000	-48.682808103159886	-25.751006598945605	-22.93180150421428	0.0	0	0	0	1	1	1	0	1	1	0	0.4740248020011726	1.5995168604606838	1.1029464430019824	0.6440098786008184	0.44395234886799095	0.9400504868484441	0.09281644985485495	0.1234097749397193	2.758410886372957	1.0651883917367502	239.71054794986276	0.0	0.0	0.0	0.6440098786008184	0.44395234886799095	0.9400504868484441	0.0	0.1234097749397193	2.758410886372957	0.0
851000	-42.694334626765055	-24.452292511206476	-18.242042115558583	0.0	1	1	1	0	0	0	1	0	0	1	0.9721232316116861	0.26885821489396505	0.17339753407405686	2.6731301653822466	0.2247880072341486	2.4555900299730427	0.04370398565723635	0.7050429591514309	1.5285059507045786	0.44429905811758746	2.1757918323351704	0.9721232316116861	0.26885821489396505	0.17339753407405686	0.0	0.0	0.0	0.04370398565723635	0.0	0.0	0.44429905811758746
852000	-51.636856421543115	-25.751006598945608	-25.885849822597507	0.0	0	0	1	0	0	1	0	1	1	1	1.6574909716453903	3.1116548623430704	0.4658140499888701	2.2032718138160674	0.5651273091792041	0.09224599668190171	0.2533984030694699	0.08977370969390475	1.0573359800177538	1.17160558897524	699.9134660153042	0.0	0.0	0.4658140499888701	0.0	0.0	0.09224599668190171	0.0	0.08977370969390475	1.0573359800177538	1.17160558897524
853000	-43.419929167282405	-25.749559199340503	-17.670369967941898	0.0	0	0	0	1	0	0	1	0	1	1	0.3633071163055348	0.15104236451691283	1.5970681319902769	1.9213470268640522	0.8984550638063691	0.03470320755997154	0.7548210186949164	0.2750694419533115	0.13340184494760213	0.2677606201835964	37.79382797794014	0.0	0.0	0.0	1.9213470268640522	0.0	0.0	0.7548210186949164	0.0	0.13340184494760213	0.2677606201835964
854000	-38.348742361410714	-24.12715992951519	-14.22158243189552	0.0	0	0	0	1	0	1	0	0	1	1	1.2568416574335608	0.3032738953878913	1.1241632351713422	0.5380731082135704	1.122277695466038	0.5451789602401684	0.40221802611034907	0.6739086211036495	0.24310693085158616	0.2223625401447255	1.1997023594569265	0.0	0.0	0.0	0.5380731082135704	0.0	0.5451789602401684	0.0	0.0	0.24310693085158616	0.2223625401447255
855000	-48.807212654438125	-25.728389648270884	-23.07882300616724	0.0	1	0	1	1	1	0	1	0	0	1	0.25901502311108693	0.42737782633336413	2.7169381239564916	0.5674741963239707	2.8742308575292985	1.889035708354888	0.8921771403426594	1.2143533391466204	0.08381585052294169	0.10103418540092476	20.13686197208773	0.25901502311108693	0.0	2.7169381239564916	0.5674741963239707	2.8742308575292985	0.0	0.8921771403426594	0.0	0.0	0.10103418540092476
856000	-46.63314141271081	-25.751006598945608	-20.8821348137652	0.0	0	1	1	0	1	1	1	0	0	0	0.09009464863559472	1.0058665737821737	0.4767673388211606	0.8750197673281325	0.25535928936999125	0.42207136135096274	1.2278950687502865	1.3266637662940914	0.2652580759160501	0.8105163190600337	337.3906039622228	0.0	1.0058665737821737	0.4767673388211606	0.0	0.25535928936999125	0.42207136135096274	1.2278950687502865	0.0	0.0	0.0
857000	-42.593746859007396	-24.961435745372366	-17.632311113635026	0.0	0	0	1	1	1	1	0	0	0	1	1.2656654534300333	0.32892315638138964	1.06300018938265	0.23918316341303816	0.22528064951136098	0.39892618325271845	1.216183968307616	0.5538783803169698	1.2749156625472886	1.5491826227281613	4.6656833817805525	0.0	0.0	1.06300018938265	0.23918316341303816	0.22528064951136098	0.39892618325271845	0.0	0.0	0.0	1.5491826227281613
858000	-43.2001355729337	-25.67376592539525	-17.52636964753845	0.0	0	0	1	0	1	0	0	0	1	1	0.324083105688354	0.5612451974129781	0.9901330354618249	0.03423955275495738	1.7394007092856902	1.0628221490786485	0.5670530812749072	0.1139456021018148	0.36953830553184114	0.10148642012165678	54.84418472079048	0.0	0.0	0.9901330354618249	0.0	1.7394007092856902	0.0	0.0	0.0	0.36953830553184114	0.10148642012165678
859000	-40.23430341796869	-24.643554321884906	-15.590749096083787	0.0	0	1	0	1	0	1	0	0	1	1	0.31817639415643784	0.023710736803963097	0.9188966263982536	0.014551172904095052	2.4443699436850546	0.3305973385840634	0.0043689174300474	0.0765927611752158	0.5400598706330259	0.8761290873339734	7.874842286464426	0.0	0.023710736803963097	0.0	0.014551172904095052	0.0	0.3305973385840634	0.0	0.0	0.5400598706330259	0.8761290873339734
860000	-47.472027901352256	-25.7510065989456	-21.721021302406655	0.0	0	0	0	1	0	1	0	1	1	1	1.3778989258495853	0.041902694310564884	0.09418341296946181	1.8153034303224473	0.575137947506329	0.9118252284271353	0.7166607307920406	1.0398479120977755	0.646591236004422	0.4727710884870009	313.38899761789935	0.0	0.0	0.0	1.8153034303224473	0.0	0.9118252284271353	0.0	1.0398479120977755	0.646591236004422	0.4727710884870009
861000	-46.09032148564971	-25.708691205596278	-20.38163028005343	0.0	0	0	1	1	1	1	0	1	0	0	2.178878506056565	0.30308615892272517	0.38232006595063844	1.7803007954760683	1.6145060364947321	0.2623639795933605	0.9926036702561338	0.16757443686509021	0.41329735766871534	0.9175017164348993	29.06939568600412	0.0	0.0	0.38232006595063844	1.7803007954760683	1.6145060364947321	0.2623639795933605	0.0	0.16757443686509021	0.0	0.0
862000	-47.62150155292124	-25.750893394079007	-21.87060815884223	0.0	0	0	1	1	1	1	0	1	0	0	0.5900329283828926	0.08789272407403625	4.279493318341402	1.3185723919058696	0.2757633138827507	1.197372172862578	0.22373859417320954	0.9560169704382836	0.588575350580669	1.187148143437439	23.84365614802854	0.0	0.0	4.279493318341402	1.3185723919058696	0.2757633138827507	1.197372172862578	0.0	0.9560169704382836	0.0	0.0
863000	-41.62555780184043	-25.132445286111842	-16.493112515728583	0.0	0	1	1	0	1	0	0	0	1	1	0.04877450238470946	0.6811581480140538	0.4121890843616572	0.6059718823407315	0.8445209927687312	0.8142046622914576	0.47844646943184366	1.9575637597169522	0.20235205242793267	1.1544743043349495	3.7330623558656724	0.0	0.6811581480140538	0.4121890843616572	0.0	0.8445209927687312	0.0	0.0	0.0	0.20235205242793267	1.1544743043349495
864000	-44.21679555218087	-25.75100591107501	-18.465789641105857	0.0	0	0	1	1	1	0	0	1	1	0	0.22735587798833953	1.1127963895163124	0.43422117755631623	0.29073654616197464	1.2094881255004544	1.3710852103939448	0.003480488261628483	0.4106944090460718	0.719885282890915	1.092290604133595	36.13967615825702	0.0	0.0	0.43422117755631623	0.29073654616197464	1.2094881255004544	0.0	0.0	0.4106944090460718	0.719885282890915	0.0
865000	-54.13554792151794	-25.750998604622875	-28.384549316895065	0.0	1	0	1	1	1	1	1	1	1	0	1.574971571339542	5.337144417668831	0.21474051888444592	0.6245533476987349	1.4712685618917396	0.2537052855450684	0.005264579066718035	2.492835642358505	0.9726051943677848	0.17762854048211266	19.903145795554863	1.574971571339542	0.0	0.21474051888444592	0.6245533476987349	1.4712685618917396	0.2537052855450684	0.005264579066718035	2.492835642358505	0.9726051943677848	0.0
866000	-45.48991701963002	-25.701532894314234	-19.788384125315787	0.0	1	0	0	0	0	1	1	1	0	0	0.4074966133483365	1.1352371199598492	0.1697505200698481	3.7968203478911455	0.9212180715329435	0.4983128153167489	0.06259077385129064	0.9508056743547131	1.8218344810534188	0.11693482033229861	9.901511505989648	0.4074966133483365	0.0	0.0	0.0	0.0	0.4983128153167489	0.06259077385129064	0.9508056743547131	0.0	0.0
867000	-57.58884759804766	-25.243112022782256	-32.3457355752654	0.0	0	1	1	0	1	1	1	1	0	1	1.4990208066931519	3.4893748182747544	1.4565035967241236	2.927127268916575	3.637413821901056	3.3786563341600204	0.9079871048340099	0.8646583167617211	2.6530502475772524	0.46482876166656295	1.7627880185385199	0.0	3.4893748182747544	1.4565035967241236	0.0	3.637413821901056	3.3786563341600204	0.9079871048340099	0.8646583167617211	0.0	0.46482876166656295
868000	-45.92954155471874	-24.30060829504287	-21.628933259675872	0.0	0	1	0	1	1	1	0	0	1	1	3.560092596164371	0.024998994552781234	0.7034521089536154	0.7250385620984209	1.500639703527984	0.3190041397900268	0.5853333594777228	2.3597715458751	0.26281489836641203	1.4760106697432502	2.933613447706172	0.0	0.024998994552781234	0.0	0.7250385620984209	1.500639703527984	0.3190041397900268	0.0	0.0	0.26281489836641203	1.4760106697432502
869000	-45.64374618096603	-25.751006592436088	-19.89273958852995	0.0	0	1	1	0	0	1	0	0	1	0	0.710716106164661	0.5576718727252575	0.348747950426679	1.959126200378041	2.690518716812076	0.23902961403015371	0.0847080294176487	0.9677266685721497	0.23917717625374238	0.28429650828518244	63.11533301560218	0.0	0.5576718727252575	0.348747950426679	0.0	0.0	0.23902961403015371	0.0	0.0	0.23917717625374238	0.0
870000	-46.82851828184019	-25.751006598945565	-21.077511682894624	0.0	0	0	0	1	0	1	1	0	1	0	0.31625848612834273	2.099995171050524	0.787669575731529	0.06716184131970529	0.6458903803944919	0.5446545134955441	0.1137192252007563	1.780190096272752	0.05619433878283829	1.8174411451120565	161.5458784586899	0.0	0.0	0.0	0.06716184131970529	0.0	0.5446545134955441	0.1137192252007563	0.0	0.05619433878283829	0.0
871000	-47.43454647138054	-25.75100246010656	-21.68354401127398	0.0	1	1	0	1	1	1	0	0	0	1	0.521061580355953	0.7909007354280567	1.1186213404874508	0.40206195743228446	1.0137340674831432	0.6667172802046871	1.864467132227288	2.822528590667912	0.23987177828915585	0.08199459615833951	22.39010424721306	0.521061580355953	0.7909007354280567	0.0	0.40206195743228446	1.0137340674831432	0.6667172802046871	0.0	0.0	0.0	0.08199459615833951
872000	-48.258155147740894	-25.83291121991463	-22.42524392782626	0.0	0	1	0	1	1	1	1	1	1	0	0.722956960774271	0.45077452318649325	1.632880053958876	3.350488649759073	0.4467241857413887	0.24017828354031565	2.006623756163449	0.9424543172618732	0.26275598026978275	0.7024187507348161	3.20888509898979	0.0	0.45077452318649325	0.0	3.350488649759073	0.4467241857413887	0.24017828354031565	2.006623756163449	0.9424543172618732	0.26275598026978275	0.0
873000	-47.88366670535211	-25.751006598945605	-22.132660106406508	0.0	1	1	0	0	0	0	1	0	0	1	0.9917021929391284	1.25429137943309	0.8445958493910408	0.16376483658942195	1.3141304918760703	1.0811063162206274	0.8033357606839209	0.2701178508771498	0.7565522287770298	1.2918462450790267	247.6452068136765	0.9917021929391284	1.25429137943309	0.0	0.0	0.0	0.0	0.8033357606839209	0.0	0.0	1.2918462450790267
874000	-53.74536729166526	-25.75100658507546	-27.9943607065898	0.0	1	1	1	0	0	0	0	0	0	1	0.8006647982671108	3.9235091713893073	1.305087781333679	0.27109297526682	3.4712956516870213	2.218123246185486	0.7110588442224213	1.4582147086988173	0.04668453688950184	1.8275293806638935	72.64967694809695	0.8006647982671108	3.9235091713893073	1.305087781333679	0.0	0.0	0.0	0.0	0.0	0.0	1.8275293806638935
875000	-48.24706350735193	-25.43627914587733	-22.810784361474603	0.0	1	0	1	0	0	1	1	1	0	0	0.43740391421726943	3.615976647720189	0.009344304909872873	1.1809514679449649	0.7003104110654611	0.3874090823754436	1.2969190797630925	1.6737824070946226	2.822547117557614	0.5946300722462404	8.261023260900732	0.43740391421726943	0.0	0.009344304909872873	0.0	0.0	0.3874090823754436	1.2969190797630925	1.6737824070946226	0.0	0.0
876000	-42.47883619230728	-25.126371100342084	-17.352465091965193	0.0	0	1	0	1	0	0	1	0	0	1	0.5490942093627157	3.238002773026534	0.1946890491112121	0.8936841787257187	0.008380411223104681	0.6157347350896327	0.7077920224801894	0.360253688606428	1.2885391372786652	0.3068171964059848	4.8506828392617845	0.0	3.238002773026534	0.0	0.8936841787257187	0.0	0.0	0.7077920224801894	0.0	0.0	0.3068171964059848
877000	-49.86254865985107	-25.7444792346398	-24.118069425211267	0.0	1	1	0	0	0	1	1	0	0	1	0.20571898144204726	2.269909388970392	0.91012929020915	1.4673832631186956	0.15609765942086443	0.9454747758426507	1.4269220770897606	1.3881160496981404	0.38063097010453995	2.33754557559501	96.0478469284109	0.20571898144204726	2.269909388970392	0.0	0.0	0.0	0.9454747758426507	1.4269220770897606	0.0	0.0	2.33754557559501
878000	-43.08805001642449	-24.526273066048894	-18.561776950375595	0.0	1	1	0	0	0	1	1	0	1	0	0.10791607736352178	0.6068297218335503	0.4021761524320434	0.6929332327749694	0.2865128947083351	0.41314520245618436	4.345814653729059	0.2510201733459864	0.24429831897949517	1.564919516149316	5.3055967378163835	0.10791607736352178	0.6068297218335503	0.0	0.0	0.0	0.41314520245618436	4.345814653729059	0.0	0.24429831897949517	0.0
879000	-42.44647185791224	-25.024120914233624	-17.422350943678623	0.0	0	0	0	1	1	1	0	1	1	0	1.1274217919633231	0.43832019688306334	0.32620417255818296	0.9543543420212676	0.19822803767380903	1.4094719891370466	0.9758109904815172	0.48834736413691104	0.7630563409626031	2.1572462176384106	1.8383126543889288	0.0	0.0	0.0	0.9543543420212676	0.19822803767380903	1.4094719891370466	0.0	0.48834736413691104	0.7630563409626031	0.0
880000	-49.541507386776686	-25.518204668109465	-24.023302718667217	0.0	0	1	1	0	1	0	1	0	1	0	3.566496902695955	0.32030155675717015	4.107098267767183	0.4624151053602026	2.114185108753543	0.1623823412898252	1.2087073095480234	0.13361673699950397	0.39622253430161075	0.347539644761179	24.753835215155053	0.0	0.32030155675717015	4.107098267767183	0.0	2.114185108753543	0.0	1.2087073095480234	0.0	0.39622253430161075	0.0
881000	-47.817201706748804	-25.751006598945608	-22.066195107803196	0.0	0	0	1	0	0	0	1	1	0	1	0.4357043398086025	0.3137865520970364	2.294446832401388	0.5087733398019817	0.22823871359103	0.19353292615153703	1.55931398421529	0.18607069507178728	0.24334285761726077	0.7542995033902503	921.9424273677145	0.0	0.0	2.294446832401388	0.0	0.0	0.0	1.55931398421529	0.18607069507178728	0.0	0.7542995033902503
882000	-44.2729133468508	-25.75091337666123	-18.52199997018957	0.0	0	0	0	1	0	1	1	1	0	1	0.03148014974049809	0.6510265323348076	0.14594518254223973	0.4793426548903233	3.4812575509381234	0.018759066315153634	0.5089386731294611	0.9612834550735919	0.19021679441553394	0.24123394768725645	44.60717678929561	0.0	0.0	0.0	0.4793426548903233	0.0	0.018759066315153634	0.5089386731294611	0.9612834550735919	0.0	0.24123394768725645
883000	-43.43846007023922	-25.66780382744399	-17.770656242795233	0.0	0	1	1	1	1	1	0	0	1	0	0.15959574535475582	0.8809382892497682	1.1321658390485458	1.434145957607386	0.8609742991622512	1.3593377801802375	0.05719091996212152	1.214742693007911	0.08790921201088366	0.22117372096155888	3.767292108625573	0.0	0.8809382892497682	1.1321658390485458	1.434145957607386	0.8609742991622512	1.3593377801802375	0.0	0.0	0.08790921201088366	0.0
884000	-41.396888318662064	-24.867719349121902	-16.529168969540162	0.0	1	1	0	0	0	1	0	0	1	1	0.02224838594188885	0.6963008261623747	2.5308017708876833	1.4370850116653229	0.45598820898030795	1.0686674571649266	0.1624531991497593	0.4009652901638616	0.04150232655252451	0.17269863327720902	4.775191994164716	0.02224838594188885	0.6963008261623747	0.0	0.0	0.0	1.0686674571649266	0.0	0.0	0.04150232655252451	0.17269863327720902
885000	-45.50923701062871	-26.796489832797388	-18.712747177831325	0.0	0	1	0	0	1	1	1	0	0	1	1.1360536814390363	2.859921704898315	1.1886694962613782	0.6703785455406197	0.0956603237829474	1.4306627152318387	1.0229384641121975	0.5975610808656548	0.10546315687727813	0.19995257152456603	4.174222953718855	0.0	2.859921704898315	0.0	0.0	0.0956603237829474	1.4306627152318387	1.0229384641121975	0.0	0.0	0.19995257152456603
886000	-44.7149632388908	-25.52490938039046	-19.190053858500345	0.0	1	0	0	0	1	0	1	0	1	1	1.7503497839058928	0.8390113293211319	1.6076198647284206	0.6880989117173041	0.9805298493300618	0.3115616429896136	0.20622670870416487	1.1245382069312921	1.8493497940998218	0.7878490529871097	2.913231147071907	1.7503497839058928	0.0	0.0	0.0	0.9805298493300618	0.0	0.20622670870416487	0.0	1.8493497940998218	0.7878490529871097
887000	-46.84669456595327	-25.551469771320285	-21.295224794632986	0.0	1	1	0	1	1	1	0	1	0	0	1.1520009084603706	0.15934046506271887	2.539741704557436	1.8771638506196657	0.3365221537183412	0.9162713525996967	1.3030053153197256	0.18562507231821473	1.9117261797327731	0.5315909747934826	3.8422427674350415	1.1520009084603706	0.15934046506271887	0.0	1.8771638506196657	0.3365221537183412	0.9162713525996967	0.0	0.18562507231821473	0.0	0.0
888000	-43.072986284942154	-24.593441520082028	-18.479544764860126	0.0	0	1	0	1	0	1	1	1	0	1	0.09832789502972454	0.5689804928507531	0.1206912414393731	0.7726637165207669	0.15856962289286566	0.03273603655992796	0.3421618800658339	4.577778619902426	0.14438806245494967	2.1906375525277912	1.5493163377828014	0.0	0.5689804928507531	0.0	0.7726637165207669	0.0	0.03273603655992796	0.3421618800658339	4.577778619902426	0.0	2.1906375525277912
889000	-47.2341070336596	-25.737076746484764	-21.49703028717483	0.0	0	0	1	1	1	1	0	0	0	0	0.7630667101873198	1.2306512777534258	1.4612997293088983	0.6723358674980285	0.024404135527571688	0.0706049527374482	0.9337606302314214	2.3266830401203134	0.13819633241683604	1.227688835633095	135.7019152419782	0.0	0.0	1.4612997293088983	0.6723358674980285	0.024404135527571688	0.0706049527374482	0.0	0.0	0.0	0.0
890000	-49.09901200194447	-25.751006598945605	-23.348005402998872	0.0	1	0	1	0	1	0	1	1	1	0	0.5307260368211851	1.0311628277663496	0.24315059063032515	1.4830011210775849	1.4435289016417723	2.1233391685639558	1.306651397321782	1.0282908515498126	0.6342535513479086	0.03460774960875464	79.84919333083914	0.5307260368211851	0.0	0.24315059063032515	0.0	1.4435289016417723	0.0	1.306651397321782	1.0282908515498126	0.6342535513479086	0.0
891000	-47.6284711541779	-25.751006598945608	-21.877464555232294	0.0	1	1	1	0	0	0	1	0	1	0	1.724940476187682	0.3318839462187246	1.0695604951782665	0.3548756443064787	0.5635605392175742	0.04092191309341036	0.9030776702954032	0.6838274300058467	0.4282411626548142	2.576462370489105	159.4764735360155	1.724940476187682	0.3318839462187246	1.0695604951782665	0.0	0.0	0.0	0.9030776702954032	0.0	0.4282411626548142	0.0
892000	-44.58263253450356	-25.752290267443758	-18.8303422670598	0.0	1	1	0	0	1	1	1	0	0	0	0.2905628427964878	1.0991563230842005	0.2149359729831546	1.4904753352496685	2.0909067073179126	0.3145909879084468	0.09627276434460519	0.4150149014353221	1.010272198410918	1.4041723658631131	11.26083128510261	0.2905628427964878	1.0991563230842005	0.0	0.0	2.0909067073179126	0.3145909879084468	0.09627276434460519	0.0	0.0	0.0
893000	-45.34407457349528	-25.47271917482028	-19.871355398675	0.0	0	0	1	0	0	1	0	1	0	1	0.2259523293018938	1.8173911900525546	0.4146383066870628	2.35040771272065	2.688164026492062	1.0933598552100174	0.026383407562149967	0.8425415725066047	0.25775617161078224	0.6400829096474409	6.704570747803035	0.0	0.0	0.4146383066870628	0.0	0.0	1.0933598552100174	0.0	0.8425415725066047	0.0	0.6400829096474409
894000	-46.29698339086006	-25.738400771807452	-20.558582619052615	0.0	1	1	1	0	1	0	0	1	1	0	0.3832763450384472	1.8615510426562414	0.1825027883644545	3.6806825844580677	0.17679433990729465	0.2782872017470806	0.03651233230211808	0.2844831880165122	1.3413898717006376	0.9847978756427496	10.043086291589914	0.3832763450384472	1.8615510426562414	0.1825027883644545	0.0	0.17679433990729465	0.0	0.0	0.2844831880165122	1.3413898717006376	0.0
895000	-48.147618429676676	-24.893021511200075	-23.2545969184766	0.0	1	0	1	0	1	1	1	0	0	0	0.34442909335077115	0.773217701238542	0.03432088441936833	0.4503719206621693	1.8976523758940569	3.28797751257691	2.3581654566464083	0.42777144007160367	2.2438579078235836	1.188407485163092	9.65260515210407	0.34442909335077115	0.0	0.03432088441936833	0.0	1.8976523758940569	3.28797751257691	2.3581654566464083	0.0	0.0	0.0
896000	-47.86083433283058	-25.106342316930583	-22.754492015899995	0.0	1	0	1	0	1	1	1	0	0	0	0.3146536251304784	1.0443984511399709	3.1955908586064785	0.9662428030399892	0.048769541341870205	0.7284045390072436	2.1937999572871916	0.21608715901899667	2.4582578017592933	0.4310024217454495	23.64128728481851	0.3146536251304784	0.0	3.1955908586064785	0.0	0.048769541341870205	0.7284045390072436	2.1937999572871916	0.0	0.0	0.0
897000	-49.143384344078825	-25.747815026019	-23.39556931805982	0.0	1	0	0	1	1	1	0	0	0	0	2.7737300152766147	0.2338930444347816	0.5044792262461406	2.3893981315033614	0.44335949446596795	1.0603333073536583	3.397203634961498	1.4694444137816114	0.22435461875985044	0.10231119634214046	23.792082671317477	2.7737300152766147	0.0	0.0	2.3893981315033614	0.44335949446596795	1.0603333073536583	0.0	0.0	0.0	0.0
898000	-51.33998175355194	-25.751006598945605	-25.588975154606338	0.0	1	0	0	1	1	1	0	0	0	1	0.5473710470905575	0.19560691197339164	1.7509570020436536	0.7369814722099821	0.6902996876825579	0.19389439398050412	0.6497970406831938	0.8633723065265334	2.461473004047116	3.187222497045905	386.6431635123504	0.5473710470905575	0.0	0.0	0.7369814722099821	0.6902996876825579	0.19389439398050412	0.0	0.0	0.0	3.187222497045905
899000	-45.90045483879858	-24.85899969291913	-21.041455145879446	0.0	0	1	0	0	1	0	0	1	0	1	0.46552798440276033	0.22553228147723148	2.8882360778917557	0.07670328196120157	1.085989722127808	3.3595252252263954	0.42385902640849	0.5649591500018674	1.0801132044901833	1.25887114918811	7.386577406082469	0.0	0.22553228147723148	0.0	0.0	1.085989722127808	0.0	0.0	0.5649591500018674	0.0	1.25887114918811
900000	-48.8332028600951	-24.2240358561512	-24.609167003943902	0.0	0	1	1	1	1	1	1	1	1	1	0.7281020269334006	0.8438088177420034	1.0401039364313795	1.5043949111815573	2.7263589174580747	0.596424191308395	0.12440855572898038	1.7314584229329377	0.7162278531134043	0.33039266851859334	1.0390233423403272	0.0	0.8438088177420034	1.0401039364313795	1.5043949111815573	2.7263589174580747	0.596424191308395	0.12440855572898038	1.7314584229329377	0.7162278531134043	0.33039266851859334
901000	-44.779619317312225	-24.92698796855806	-19.852631348754162	0.0	0	0	1	0	1	0	1	0	0	1	0.6377533167389585	0.3190819642391954	3.4192584558935826	0.2928196617473587	1.1878944825474225	1.0803230173204803	0.5996210235170655	0.05057159019130225	0.5176833205249187	2.124322500476997	7.468970424730784	0.0	0.0	3.4192584558935826	0.0	1.1878944825474225	0.0	0.5996210235170655	0.0	0.0	2.124322500476997
902000	-46.099485296794725	-25.74995331119502	-20.349531985599707	0.0	1	0	1	1	1	0	0	1	0	0	0.27295375788451093	0.19882049468815627	1.6994074917642537	0.2735174815892131	0.09948324504656603	0.7865488319800652	3.5283320457176592	1.4559774110671493	0.1518521972470768	0.9515935710777441	18.939232051848098	0.27295375788451093	0.0	1.6994074917642537	0.2735174815892131	0.09948324504656603	0.0	0.0	1.4559774110671493	0.0	0.0
903000	-42.33754688178795	-26.400147109169538	-15.937399772618413	0.0	1	1	1	1	0	0	0	0	0	0	0.4080500742953911	3.9301114275356674	0.1930966791025075	0.26189169713316557	0.05208751941076658	0.4830678858430305	0.33039882769926615	0.7736352664724981	0.16229870165931876	0.40656011265756176	3.7684852415709877	0.4080500742953911	3.9301114275356674	0.1930966791025075	0.26189169713316557	0.0	0.0	0.0	0.0	0.0	0.0
904000	-38.57515389222592	-24.50798215952297	-14.067171732702949	0.0	0	1	0	0	0	1	1	1	0	0	0.3636373155925552	0.25868802499873217	0.5982483352661574	1.0109361508883585	0.4255077354121045	0.5916705182199061	0.28484281021488755	0.052168958278149664	0.22533861217045925	0.7512893217049624	6.639329574599443	0.0	0.25868802499873217	0.0	0.0	0.0	0.5916705182199061	0.28484281021488755	0.052168958278149664	0.0	0.0
905000	-40.52254661419181	-24.83037850402229	-15.692168110169522	0.0	0	1	0	1	0	1	0	1	0	0	2.0169745014175997	0.45675077685766174	0.3485567051562549	0.11929669892166558	1.1374312584178912	0.9317091651086481	0.6556283646298832	0.6516052605167985	0.4054049397983312	0.6211626630978687	2.0942721477617576	0.0	0.45675077685766174	0.0	0.11929669892166558	0.0	0.9317091651086481	0.0	0.6516052605167985	0.0	0.0
906000	-43.04427648037087	-25.751006576863574	-17.293269903507298	0.0	0	1	0	0	1	0	1	0	0	1	0.32300018561620536	0.5212776457362385	0.185076283073035	1.270864051378286	0.8992215621215394	0.6704380190974258	0.8782836509814075	0.1031726360192453	0.04663555543949653	0.23467188513396892	87.40941309120934	0.0	0.5212776457362385	0.0	0.0	0.8992215621215394	0.0	0.8782836509814075	0.0	0.0	0.23467188513396892
907000	-39.36070633710062	-24.41190097934766	-14.94880535775296	0.0	1	0	1	1	1	0	0	0	0	1	1.3027835263398722	0.8177670110609867	0.7040271671367819	0.4114736736383651	0.5698978565343199	0.023473425102587035	0.1462621012040449	0.49417825475184635	1.447145791339701	0.6017094569904119	1.5764159923108507	1.3027835263398722	0.0	0.7040271671367819	0.4114736736383651	0.5698978565343199	0.0	0.0	0.0	0.0	0.6017094569904119
908000	-36.647037392591145	-24.61901401356719	-12.028023379023956	0.0	0	0	1	0	1	0	0	0	1	1	0.02871307313325298	0.7440613843051082	0.27620857371040597	0.8746012717092524	0.03877186191206543	0.37772947996198153	0.4021186645132927	0.03916565467737119	0.2363241580299927	0.245873739234157	3.175131645464178	0.0	0.0	0.27620857371040597	0.0	0.03877186191206543	0.0	0.0	0.0	0.2363241580299927	0.245873739234157
909000	-56.86942622511948	-25.751006598945605	-31.11841962617388	0.0	0	1	0	0	0	0	1	1	1	1	0.03879323036344958	0.49179929655258087	3.637681973660415	0.6359199700624858	2.9982560906183084	0.039174657327257806	2.5305973786313083	0.5134415431718167	0.10680166286523939	0.8636143477469738	3219.594016508061	0.0	0.49179929655258087	0.0	0.0	0.0	0.0	2.5305973786313083	0.5134415431718167	0.10680166286523939	0.8636143477469738
910000	-40.5129714204211	-24.979215854521083	-15.53375556590002	0.0	0	1	0	0	0	0	1	1	1	1	0.15084253120473715	1.1833598430555712	0.69242761316361	1.36348289310548	0.11715950338650762	0.26302091559139	0.6130158612211666	1.2954234124409925	0.059361343223973136	0.23353086536585496	4.8794108121017485	0.0	1.1833598430555712	0.0	0.0	0.0	0.0	0.6130158612211666	1.2954234124409925	0.059361343223973136	0.23353086536585496
911000	-41.16371241949609	-24.101997813423168	-17.061714606072925	0.0	0	0	1	0	0	1	0	0	1	1	1.3676950427248868	1.0795989779975483	0.7185334318260366	0.6483431684559782	0.07272847340565991	0.42847857851455035	1.1676966547102972	1.1969514397514116	0.782946270735781	1.2925497876398444	2.009316506569616	0.0	0.0	0.7185334318260366	0.0	0.0	0.42847857851455035	0.0	0.0	0.782946270735781	1.2925497876398444
912000	-46.90357376735817	-24.30322928770043	-22.600344479657743	0.0	0	1	0	0	1	1	0	0	1	1	2.3454221064119105	3.589530366524799	1.103380822822346	1.3557576500623145	0.043080897737204714	1.2954973134519439	0.8864337938394181	0.6451530039356327	0.7037383035594672	1.1634203206952614	4.4467052927536	0.0	3.589530366524799	0.0	0.0	0.043080897737204714	1.2954973134519439	0.0	0.0	0.7037383035594672	1.1634203206952614
913000	-45.50244199048513	-25.75100659894559	-19.75143539153954	0.0	1	1	0	0	0	0	1	1	0	1	0.2288165900841402	1.2626913043210855	0.12691778907909976	0.683425233070239	1.9013076841002112	0.21937158623393288	0.3835666751749876	0.6989133766821689	0.9909905210712483	0.2787534961542433	131.179461398238	0.2288165900841402	1.2626913043210855	0.0	0.0	0.0	0.0	0.3835666751749876	0.6989133766821689	0.0	0.2787534961542433
914000	-46.65785900220678	-24.949163704554568	-21.70869529765221	0.0	0	0	1	0	1	1	1	0	0	1	2.068128107905877	0.6748291554540334	3.8759885615099323	0.6703108149954562	0.15412109321888415	0.06856073906617526	0.12889644494259317	2.20901242669839	0.7031366390072998	0.6769724159683351	12.125333503259888	0.0	0.0	3.8759885615099323	0.0	0.15412109321888415	0.06856073906617526	0.12889644494259317	0.0	0.0	0.6769724159683351
915000	-48.76657061862047	-24.515758295790434	-24.250812322830036	0.0	0	1	1	0	1	1	1	0	0	1	2.4068677391791002	0.359749454454855	3.780472687961149	0.09948140169494168	1.6591392886168757	1.0626661204462529	0.148418654619048	2.255214588863567	2.5264172852312217	0.7510784164797926	1.181290661227069	0.0	0.359749454454855	3.780472687961149	0.0	1.6591392886168757	1.0626661204462529	0.148418654619048	0.0	0.0	0.7510784164797926
916000	-40.401197738894865	-24.827784162691216	-15.573413576203652	0.0	0	0	1	1	1	0	0	0	1	0	0.8431864937809828	0.7141373509714263	1.3199358540248356	0.48948403948917996	0.17979633101005232	0.10853034527278699	0.11412832271979721	0.8007741471184782	0.8729817326458736	1.00930520560954	4.531471350691036	0.0	0.0	1.3199358540248356	0.48948403948917996	0.17979633101005232	0.0	0.0	0.0	0.8729817326458736	0.0
917000	-54.00255328523448	-25.751006598945605	-28.251546686288872	0.0	1	0	0	0	1	1	0	0	0	1	0.9844277643248622	0.8447244207276322	3.1826861212913626	0.16012246398989302	0.7013842008084025	3.4306652847478882	0.7294896708544031	0.06447715867330603	0.527464156623292	0.3897757387937647	2024.01664825237	0.9844277643248622	0.0	0.0	0.0	0.7013842008084025	3.4306652847478882	0.0	0.0	0.0	0.3897757387937647
918000	-48.644359932436124	-25.72899094037856	-22.915368992057566	0.0	0	1	1	0	0	1	1	0	0	0	0.7456576629620361	2.092984150982309	2.0917240581334613	0.2716719907213242	2.372153816661432	2.171847166296508	0.7488052104486963	0.0037228814120933993	0.1207771662712276	1.8991553646357127	16.062650450008604	0.0	2.092984150982309	2.0917240581334613	0.0	0.0	2.171847166296508	0.7488052104486963	0.0	0.0	0.0
919000	-44.85530794350426	-25.079525357130624	-19.775782586373637	0.0	0	1	1	0	0	1	0	0	1	0	1.0314741399566403	0.815376174775799	0.21385347826362455	0.04797929925195662	1.295579845922712	0.5517684157888219	2.296554648892772	2.0470749240173904	1.5162675387660702	0.6032602538217084	5.728901765163876	0.0	0.815376174775799	0.21385347826362455	0.0	0.0	0.5517684157888219	0.0	0.0	1.5162675387660702	0.0
920000	-45.524922505883616	-26.00944203743187	-19.515480468451745	0.0	1	0	0	1	1	1	0	0	0	0	0.3211938897771358	3.3621159043737	1.7572509553349587	0.10315531330905214	1.3914895212700433	0.13033921714035218	1.903374822457633	0.3940192183031438	0.522795416995001	0.03774585178680783	7.2402311956199386	0.3211938897771358	0.0	0.0	0.10315531330905214	1.3914895212700433	0.13033921714035218	0.0	0.0	0.0	0.0
921000	-41.03272639531188	-26.726576508280804	-14.30614988703108	0.0	1	0	1	1	1	1	1	0	0	0	1.241253111043427	0.18728085934562724	0.4533040496715427	0.07726134393371696	0.06425649145189115	0.46595135426962253	0.4719635907478925	1.1317010794620275	0.43001083949143637	0.7290248095086829	1.019648323294239	1.241253111043427	0.0	0.4533040496715427	0.07726134393371696	0.06425649145189115	0.46595135426962253	0.4719635907478925	0.0	0.0	0.0
922000	-48.91930489478705	-25.7510065989456	-23.168298295841446	0.0	0	0	1	1	1	1	0	1	1	0	1.8806322995115898	0.5336667060124193	1.2165673452561814	0.4353321998805738	0.148593248510755	1.7515949002690354	0.225785095393865	0.8964010356467867	0.963315697721214	0.9427582915043935	147.96800737819115	0.0	0.0	1.2165673452561814	0.4353321998805738	0.148593248510755	1.7515949002690354	0.0	0.8964010356467867	0.963315697721214	0.0
923000	-44.77756058324301	-24.138232191848733	-20.639328391394276	0.0	0	1	1	0	0	1	0	1	0	1	0.5172916299648874	0.13606385052934572	0.4919868898845273	0.4872287843116535	4.374900186814029	0.5278180959019382	1.140674805479497	2.3248809422958514	1.539661195308051	0.463263206257898	1.935705095886065	0.0	0.13606385052934572	0.4919868898845273	0.0	0.0	0.5278180959019382	0.0	2.3248809422958514	0.0	0.463263206257898
924000	-48.843248747007934	-25.751006598941427	-23.092242148066504	0.0	1	0	0	0	1	1	0	0	0	1	2.359734135397495	2.036661949654946	0.16872897381549162	1.7068150926433878	0.23237960952978573	1.7394415027223114	0.6603016023400603	0.5614496005395967	0.06388037372751564	0.6040187207112635	177.56825140507556	2.359734135397495	0.0	0.0	0.0	0.23237960952978573	1.7394415027223114	0.0	0.0	0.0	0.6040187207112635
925000	-39.62914661782421	-25.528072001332657	-14.101074616491553	0.0	0	0	0	1	1	0	0	1	1	0	0.6453344749316869	0.7417690078416082	0.17014446014921766	0.3536056686068576	0.1453919234458098	0.4363493183815204	0.9306417886026364	0.48574654954036844	0.2930893692113216	0.11880443492985285	8.72811491497294	0.0	0.0	0.0	0.3536056686068576	0.1453919234458098	0.0	0.0	0.48574654954036844	0.2930893692113216	0.0
926000	-44.47089172644871	-25.511338649169804	-18.959553077278912	0.0	0	1	0	0	1	1	1	1	1	0	0.8318718318698386	1.9987795426886477	1.0858446067229943	0.5242737301572516	0.31796236848341775	0.4148759876161193	0.46805593890199815	1.5419049685701707	0.09797440321609503	0.9286520176261445	5.539177197328039	0.0	1.9987795426886477	0.0	0.0	0.31796236848341775	0.4148759876161193	0.46805593890199815	1.5419049685701707	0.09797440321609503	0.0
927000	-48.41930040560926	-25.699077518205687	-22.72022288740358	0.0	1	0	1	1	0	0	1	1	0	1	0.3231692683684728	0.8924748616256255	2.3843088166605955	0.15051434122493332	0.6821040758678198	1.45415107088741	1.742229663476322	0.18328293683981564	2.6233003171099583	0.13824519074478728	22.060555600540333	0.3231692683684728	0.0	2.3843088166605955	0.15051434122493332	0.0	0.0	1.742229663476322	0.18328293683981564	0.0	0.13824519074478728
928000	-51.85055255301059	-25.751006550180282	-26.0995460028303	0.0	0	1	1	0	0	1	0	1	1	0	2.290228075020859	2.1267721049040005	0.4959677720000645	0.9534683357642393	0.7384931806055213	0.16361563279140928	1.8600191013697511	0.911587841246769	2.682669736680925	0.35154044766994647	209.93251561044264	0.0	2.1267721049040005	0.4959677720000645	0.0	0.0	0.16361563279140928	0.0	0.911587841246769	2.682669736680925	0.0
929000	-42.94054429442061	-25.012589211320577	-17.927955083100034	0.0	1	0	1	1	1	0	1	0	0	1	3.0912525204936343	0.08182568760526421	0.040004034654986774	0.6459508379141649	0.5168077277003845	0.7009494450035175	1.8351179279353924	0.37952849017020585	0.11360925175612548	1.2045211394352136	1.3279804353214955	3.0912525204936343	0.0	0.040004034654986774	0.6459508379141649	0.5168077277003845	0.0	1.8351179279353924	0.0	0.0	1.2045211394352136
930000	-43.23581770593537	-24.834954996623676	-18.400862709311692	0.0	0	1	0	0	0	1	1	1	0	0	0.1779056818418357	0.46272277961412844	0.36722873651809207	0.32968000245447093	0.08477030643987042	3.488779631227313	0.3912556940746706	0.9681466767821002	2.3411143684717213	0.24194633642582283	6.925674277581347	0.0	0.46272277961412844	0.0	0.0	0.0	3.488779631227313	0.3912556940746706	0.9681466767821002	0.0	0.0
931000	-43.604211626549244	-24.088911479301448	-19.5153001472478	0.0	0	1	1	0	1	1	0	0	0	1	1.9442086333530255	0.8361932095642812	2.6983820637147264	0.10878956862799515	0.031839849279489796	0.26885328926144025	1.6226864968799892	0.7015123697742869	0.8443951127382544	1.9682583240434643	1.6739908886587997	0.0	0.8361932095642812	2.6983820637147264	0.0	0.031839849279489796	0.26885328926144025	0.0	0.0	0.0	1.9682583240434643
932000	-46.90075699436156	-25.750910806235115	-21.149846188126446	0.0	0	0	1	0	1	1	0	0	1	0	0.6960262942873165	0.5928252417359398	0.208028915165472	0.7003026289222163	2.76936502853809	0.11703291755437657	0.2843425516601652	2.0307371784368557	0.6193215135416555	0.1161170527250859	186.33604413220112	0.0	0.0	0.208028915165472	0.0	2.76936502853809	0.11703291755437657	0.0	0.0	0.6193215135416555	0.0
933000	-53.271320432168224	-25.751006598945605	-27.520313833222623	0.0	1	0	1	0	0	1	1	0	1	0	1.5998635814671711	0.24122531248318244	1.7314079655931465	0.8204196135048268	2.765195715650989	1.9562013192152632	1.6660289148243899	0.2489163466055283	1.8826433274130567	1.3824766253370162	163.06548344912235	1.5998635814671711	0.0	1.7314079655931465	0.0	0.0	1.9562013192152632	1.6660289148243899	0.0	1.8826433274130567	0.0
934000	-46.50203669361002	-25.75100659803391	-20.751030095576116	0.0	1	0	1	1	0	0	0	1	0	1	0.212500285178418	0.25607481037322205	2.174951876817514	0.5698650715927226	0.9879242777810616	0.1690324032551376	0.0603966655395184	0.8741822392711891	1.5313556789168192	0.858193362408564	140.74422342432493	0.212500285178418	0.0	2.174951876817514	0.5698650715927226	0.0	0.0	0.0	0.8741822392711891	0.0	0.858193362408564
935000	-42.095248476462515	-24.866682758049848	-17.228565718412668	0.0	0	1	1	0	0	0	1	0	1	0	0.2214012530746417	1.0657585582747542	1.8605520154011466	0.8697559864297383	1.2017315334495255	0.6122112353760744	0.10628929424193513	1.0700961084766158	0.5247118404349788	0.19460550175480684	6.616975640083548	0.0	1.0657585582747542	1.8605520154011466	0.0	0.0	0.0	0.10628929424193513	0.0	0.5247118404349788	0.0
936000	-43.04162630482165	-25.734832319023173	-17.30679398579847	0.0	0	1	0	1	0	1	0	0	0	1	0.06053318325968181	0.6855053068582356	0.4569736089939923	0.2882145718403808	0.412453831847302	1.1199810293047208	1.47867930042996	0.4522608930731682	0.16982473189385391	1.1607778341848505	29.614865969189978	0.0	0.6855053068582356	0.0	0.2882145718403808	0.0	1.1199810293047208	0.0	0.0	0.0	1.1607778341848505
937000	-48.52833500352248	-25.73587429895435	-22.79246070456813	0.0	0	0	1	1	0	0	1	1	1	0	0.9336127988879408	1.2974598691708212	1.3951418179560164	0.7068639010696645	1.3558510442638803	0.2959128829843411	0.18360271994234326	1.7792348234266064	0.005306426165951684	3.4361748167549018	30.049354216317496	0.0	0.0	1.3951418179560164	0.7068639010696645	0.0	0.0	0.18360271994234326	1.7792348234266064	0.005306426165951684	0.0
938000	-53.8506970477826	-25.5103654155131	-28.3403316322695	0.0	0	0	1	1	0	0	1	0	1	1	1.2840957827899016	3.3638082818945567	1.3182460409800971	0.7092819775584126	4.428031902036686	0.8653498926955862	1.813277896268928	1.233026291981858	3.2405783319341235	2.5958208881098104	0.6150211052805898	0.0	0.0	1.3182460409800971	0.7092819775584126	0.0	0.0	1.813277896268928	0.0	3.2405783319341235	2.5958208881098104
939000	-41.95782772920545	-24.99755672252093	-16.960271006684522	0.0	0	1	0	1	0	0	1	0	1	1	0.3346021293518171	1.808776589886448	1.8020494081743792	0.48026932560885427	0.7675887622047332	0.17370708668139023	1.1763870297124164	1.3199344746820205	0.4723588313743683	0.8934969135215262	0.7836922326514864	0.0	1.808776589886448	0.0	0.48026932560885427	0.0	0.0	1.1763870297124164	0.0	0.4723588313743683	0.8934969135215262
940000	-48.13205475837593	-25.751006598922874	-22.38104815945306	0.0	0	0	0	1	0	1	1	0	1	0	0.17354655769224975	1.5701336374005732	0.30252452878652114	0.9032163455720327	1.9212900227166316	1.2236011779355376	0.8885277511428207	0.3393305191625733	1.7258737154154509	1.1225896118555523	91.50042102683847	0.0	0.0	0.0	0.9032163455720327	0.0	1.2236011779355376	0.8885277511428207	0.0	1.7258737154154509	0.0
941000	-43.45924500604673	-25.008190438052797	-18.45105456799393	0.0	0	1	1	0	0	0	1	0	0	1	0.17489236371592945	0.8282538666745588	1.0649248677122303	0.6534940949072124	0.07434925218679145	1.447868516840788	1.2612840452346672	2.426423125532719	0.7710379285074631	0.640217353687136	4.473839193862586	0.0	0.8282538666745588	1.0649248677122303	0.0	0.0	0.0	1.2612840452346672	0.0	0.0	0.640217353687136
942000	-48.143918282010176	-25.751006598945608	-22.392911683064572	0.0	0	1	1	1	1	0	1	0	0	0	2.0834189283829625	0.8271875588706933	0.06252104528318199	0.23018706441526102	0.006168718862817588	1.776938951692803	0.16304371096797068	0.29996405246763275	1.6178664610707625	0.6140317773548236	509.86319366492796	0.0	0.8271875588706933	0.06252104528318199	0.23018706441526102	0.006168718862817588	0.0	0.16304371096797068	0.0	0.0	0.0
943000	-43.26776604484524	-25.143239759475506	-18.124526285369733	0.0	1	0	1	1	1	1	0	0	0	1	0.45910620272561437	0.1560824532023837	0.9527906353933273	1.3545720044363778	0.00919081658203777	0.9046223020513368	0.35347909338264105	0.24605009944861497	0.11109780058804557	0.3778752196649906	60.89720388610003	0.45910620272561437	0.0	0.9527906353933273	1.3545720044363778	0.00919081658203777	0.9046223020513368	0.0	0.0	0.0	0.3778752196649906
944000	-44.94639943071709	-24.07554036293766	-20.870859067779435	0.0	1	1	0	0	1	1	1	1	0	0	1.1769019081474472	0.39151132648883497	1.652641385686928	0.08943882946506983	0.8026049990281012	3.6830616017286584	1.981980316872936	0.05742634966427355	0.4589183961580343	1.0617720894644413	1.61572140026751	1.1769019081474472	0.39151132648883497	0.0	0.0	0.8026049990281012	3.6830616017286584	1.981980316872936	0.05742634966427355	0.0	0.0
945000	-51.73489786434816	-24.656192358054234	-27.07870550629393	0.0	1	1	1	0	1	1	1	0	0	0	2.44497895353953	0.766748225391339	0.09693794934185335	0.07364196055196706	0.9069864738978309	2.942532447675048	0.882164339974738	1.2308479421705534	0.5970183988674724	8.075071711283652	1.0274626870867485	2.44497895353953	0.766748225391339	0.09693794934185335	0.0	0.9069864738978309	2.942532447675048	0.882164339974738	0.0	0.0	0.0
946000	-48.013736547018986	-25.751006598945523	-22.262729948073464	0.0	1	0	0	0	0	1	0	1	1	0	2.3933506365335786	1.5060535531796144	0.5479171550996078	0.5361825571902321	0.9251386435937551	0.1478502683773685	0.08353352422538185	0.8993804066475578	0.45644632238245314	0.6137942867462203	447.78563761917496	2.3933506365335786	0.0	0.0	0.0	0.0	0.1478502683773685	0.0	0.8993804066475578	0.45644632238245314	0.0
947000	-43.21233482358758	-25.845659880950546	-17.36667494263704	0.0	1	0	1	0	1	0	0	0	1	0	0.5008254670797919	0.12088291668116254	0.9092225920371813	0.6873578378504979	0.38356699230616115	0.2153161319392668	0.35668846479881483	3.4146170552178714	1.0779231501902249	0.6216745585794765	4.343317496633915	0.5008254670797919	0.0	0.9092225920371813	0.0	0.38356699230616115	0.0	0.0	0.0	1.0779231501902249	0.0
948000	-42.08158495419018	-24.116347568928557	-17.965237385261624	0.0	1	0	1	0	1	0	0	1	0	1	0.3285903416969473	0.9733881152727606	2.2517682182659855	0.9203812829190794	0.5298076841651707	0.08654437198510061	0.911939020029078	1.8738019304360738	0.2239827064800624	1.528572028298251	1.4355897655757477	0.3285903416969473	0.0	2.2517682182659855	0.0	0.5298076841651707	0.0	0.0	1.8738019304360738	0.0	1.528572028298251
949000	-40.03438010332866	-25.04299511905306	-14.991384984275602	0.0	0	0	0	1	0	1	0	1	1	0	0.03845097883850346	0.10433816814657643	1.1197835968654684	0.3700889539651305	0.49272328823114736	0.7053096906903723	1.195363971724785	0.3707640838178203	0.9271849577413931	0.15031940450965897	6.720455597165532	0.0	0.0	0.0	0.3700889539651305	0.0	0.7053096906903723	0.0	0.3707640838178203	0.9271849577413931	0.0
950000	-54.67025821429938	-25.751006598945605	-28.919251615353772	0.0	0	1	1	0	1	0	1	0	0	0	1.0966999167943075	2.059643780484294	0.6032061240622019	0.3703759850771701	2.159286800446652	0.8540957282352258	0.17403449341818242	1.1767453227099574	1.9214690751106829	2.4922142021493903	1267.0731207314195	0.0	2.059643780484294	0.6032061240622019	0.0	2.159286800446652	0.0	0.17403449341818242	0.0	0.0	0.0
951000	-48.640517713667876	-25.370330235738283	-23.27018747792959	0.0	0	1	0	0	1	0	1	1	0	0	2.5982476829904027	1.90454157142992	1.290752996472226	0.22838628465550598	0.5751947514061049	1.3713920961307997	3.997699968295273	1.494061258056609	0.051875345033419076	0.23566091997160454	6.756076543645648	0.0	1.90454157142992	0.0	0.0	0.5751947514061049	0.0	3.997699968295273	1.494061258056609	0.0	0.0
952000	-44.72930789272435	-24.31867187652751	-20.41063601619684	0.0	0	1	0	0	0	0	1	1	0	1	1.0616360792149	2.0115244433132493	0.5341716487878725	0.5026717369530012	0.2533038145565092	3.48454764763952	0.3354842576577147	1.2042542761662747	0.8540624089721502	1.2971225824394916	3.534241603345683	0.0	2.0115244433132493	0.0	0.0	0.0	0.0	0.3354842576577147	1.2042542761662747	0.0	1.2971225824394916
953000	-53.38408407280045	-25.7510065989456	-27.63307747385485	0.0	0	1	0	1	0	1	0	0	0	1	1.0087961562247962	0.37531382741589747	4.1774276881481684	0.3525296244280982	0.7540550221840071	0.7304284234401288	1.2577094595441707	1.089090074758686	2.639642692055534	0.7042618712877108	580.0260501455267	0.0	0.37531382741589747	0.0	0.3525296244280982	0.0	0.7304284234401288	0.0	0.0	0.0	0.7042618712877108
954000	-43.17624781675326	-25.8529914128582	-17.323256403895062	0.0	1	0	1	1	1	0	1	0	0	0	1.035118233981496	1.028658167293604	0.9015282729447209	0.9062934768034381	1.440715168736751	0.9221656104679791	0.8279068028584976	0.25958469881467533	1.5054388687197444	0.23331270261370182	1.333326344338263	1.035118233981496	0.0	0.9015282729447209	0.9062934768034381	1.440715168736751	0.0	0.8279068028584976	0.0	0.0	0.0
955000	-47.34061785123255	-25.6857097989014	-21.65490805233115	0.0	0	1	0	0	1	0	0	1	0	1	2.253879542025594	3.858802296529914	0.7282353616501082	1.3640333841812151	0.10629313964497528	0.1271541497439429	0.34938264542276376	0.9724212994022411	0.33355789982128714	0.05966771162876016	47.04929502877538	0.0	3.858802296529914	0.0	0.0	0.10629313964497528	0.0	0.0	0.9724212994022411	0.0	0.05966771162876016
956000	-50.04226838514204	-25.742811927891363	-24.29945645725067	0.0	0	0	1	0	0	0	1	0	1	1	0.9731592041064292	0.07057799719319796	1.0349994424005753	0.5085401161582159	3.7327969892758097	2.486192511655529	2.380280995046932	0.22746162210801862	0.4523433786826242	1.6719729759682456	22.970444050883607	0.0	0.0	1.0349994424005753	0.0	0.0	0.0	2.380280995046932	0.0	0.4523433786826242	1.6719729759682456
957000	-48.13343734575613	-25.75089024280494	-22.38254710295119	0.0	1	0	1	1	1	0	0	0	1	0	1.582924906892263	0.8130295543485242	0.05828229513196533	1.2236721835482463	0.2103130508224963	0.27678282216643124	0.1852235755109654	0.4607455637173146	2.6604266626115267	1.2194411835253662	240.53027305702014	1.582924906892263	0.0	0.05828229513196533	1.2236721835482463	0.2103130508224963	0.0	0.0	0.0	2.6604266626115267	0.0
958000	-46.801706550763086	-25.707438013371167	-21.09426853739192	0.0	0	0	0	1	1	1	0	1	0	1	0.9431320782370046	0.8404122987851336	0.2727202902090584	1.0716269732314838	0.6021526843489281	0.16758897103816217	0.027649138055001122	3.5833794850876455	1.745459068659356	0.6657303082494862	24.04060933728086	0.0	0.0	0.0	1.0716269732314838	0.6021526843489281	0.16758897103816217	0.0	3.5833794850876455	0.0	0.6657303082494862
959000	-39.23222670472805	-24.300851756011753	-14.9313749487163	0.0	1	0	0	0	1	0	1	0	0	1	0.6398426400312852	0.06585582977598826	0.17001369385872175	1.0230823626329324	0.10515169844142823	0.09083525816188129	0.24963130310369563	0.5238183945512261	1.8974630833817019	1.1234650087487073	4.188626106866198	0.6398426400312852	0.0	0.0	0.0	0.10515169844142823	0.0	0.24963130310369563	0.0	0.0	1.1234650087487073
960000	-44.20216928180488	-25.23120938741944	-18.970959894385437	0.0	1	0	1	0	0	1	0	0	1	1	0.6389452352277789	0.7900659744121492	0.08706652857027894	0.9651689076237131	0.22606824286554897	0.9279060534627774	1.1712942640251742	0.10470039389557263	2.335948985766177	2.0849486854241235	5.266833344800111	0.6389452352277789	0.0	0.08706652857027894	0.0	0.0	0.9279060534627774	0.0	0.0	2.335948985766177	2.0849486854241235
961000	-47.72526089615596	-24.220220193961786	-23.50504070219417	0.0	1	1	0	0	0	1	0	0	1	1	0.3201426417610744	0.4588087075929763	0.7247882945174197	1.667192419102022	0.4626875962122358	1.7966639716131032	4.726740970668133	0.9222894089793712	2.959415894406213	0.7343295925755169	2.1314332605252333	0.3201426417610744	0.4588087075929763	0.0	0.0	0.0	1.7966639716131032	0.0	0.0	2.959415894406213	0.7343295925755169
962000	-43.55934124756771	-25.7785058725108	-17.78083537505691	0.0	1	1	1	0	0	1	0	0	1	0	0.049799932665533314	0.1148479070618208	0.23660254582539356	0.11847824166639667	0.3055382232411244	0.2237778969949862	0.3365370982612859	4.556808458127447	1.0412422984223022	1.3903244692495358	4.180022699663454	0.049799932665533314	0.1148479070618208	0.23660254582539356	0.0	0.0	0.2237778969949862	0.0	0.0	1.0412422984223022	0.0
963000	-46.09070668928053	-25.75095542708507	-20.33975126219546	0.0	1	0	0	1	0	1	1	0	1	0	0.07423140285118827	0.18461210751916735	1.2077974984495587	0.07362035399804652	0.8319543569858389	1.8188434034830725	0.7857091658054729	0.6343671519042375	1.0418980478911637	1.0811054626751886	93.9182364116295	0.07423140285118827	0.0	0.0	0.07362035399804652	0.0	1.8188434034830725	0.7857091658054729	0.0	1.0418980478911637	0.0
964000	-41.61971204956039	-24.809647504133707	-16.810064545426684	0.0	1	0	0	1	1	1	0	1	1	0	0.19105016814923154	0.5445801744774408	0.29134584339996905	0.112433893386244	0.051810846322943443	1.501474041233693	1.1022441945882349	0.7511190154408046	0.8280778808940643	1.2681863780559621	3.102126023120573	0.19105016814923154	0.0	0.0	0.112433893386244	0.051810846322943443	1.501474041233693	0.0	0.7511190154408046	0.8280778808940643	0.0
965000	-42.011913527961866	-24.638888006772515	-17.37302552118935	0.0	0	1	0	0	0	1	1	1	1	0	0.4219558500224351	0.2112946306928525	0.48102487336020977	0.09129506496428882	1.4163648299457572	0.06669112084143175	1.9239991754332861	1.2806192833638927	0.5516165747090417	0.8160744460332373	8.431529576599969	0.0	0.2112946306928525	0.0	0.0	0.0	0.06669112084143175	1.9239991754332861	1.2806192833638927	0.5516165747090417	0.0
966000	-52.52546827237903	-25.715703301212752	-26.809764971166278	0.0	1	1	0	0	0	1	1	0	0	0	3.868404387982069	0.05081999394207967	2.1234645309063933	0.4023694003435644	0.16673849133636293	2.710829069707419	1.0297202766563212	3.4455289645224894	0.09159598423599893	0.32127713099150407	129.9151829556782	3.868404387982069	0.05081999394207967	0.0	0.0	0.0	2.710829069707419	1.0297202766563212	0.0	0.0	0.0
967000	-42.876914784783075	-25.033274091424147	-17.843640693358928	0.0	1	1	1	0	1	0	1	0	1	1	0.9463725422534667	0.2905927836709281	1.1285690841502098	0.06988663853129884	0.14336664780276348	0.7047378381322997	0.9656653017587653	1.1811909165580488	0.8760582949274616	0.5928763796457222	1.5592224717559802	0.9463725422534667	0.2905927836709281	1.1285690841502098	0.0	0.14336664780276348	0.0	0.9656653017587653	0.0	0.8760582949274616	0.5928763796457222
968000	-44.09822969368534	-25.680378144463216	-18.417851549222128	0.0	0	0	0	1	1	0	1	1	1	0	0.34393960252174205	0.09168584805060802	0.22428490569718768	0.4275124084919079	1.8902215038633057	1.1360155980509192	2.4300468845339487	0.38699407196811136	0.28892183449117476	0.1273380072634561	21.7243350236022	0.0	0.0	0.0	0.4275124084919079	1.8902215038633057	0.0	2.4300468845339487	0.38699407196811136	0.28892183449117476	0.0
969000	-42.232667001579806	-25.224429108450966	-17.00823789312884	0.0	1	1	0	1	0	1	1	1	1	0	0.24004331137658091	0.2182654960009108	0.05539776141293502	0.774226353753774	0.10746408083572292	0.4745410528384103	0.41434101146518615	0.8283256805287869	1.0011928530496619	1.448510732835818	2.573532212180017	0.24004331137658091	0.2182654960009108	0.0	0.774226353753774	0.0	0.4745410528384103	0.41434101146518615	0.8283256805287869	1.0011928530496619	0.0
970000	-43.065411816353816	-25.94327746194063	-17.122134354413184	0.0	0	1	0	0	1	1	1	0	1	0	0.7805348168697961	0.4104363037632756	0.2627996693364417	0.1046824329408651	9.707153593908094E-4	0.34509266175643144	2.8588542559593195	0.8105491983044951	0.8874090050290473	1.9381376170808755	2.1116962887374062	0.0	0.4104363037632756	0.0	0.0	9.707153593908094E-4	0.34509266175643144	2.8588542559593195	0.0	0.8874090050290473	0.0
971000	-53.65605616703299	-25.751006598945608	-27.905049568087385	0.0	0	1	1	0	1	1	1	0	0	0	0.43661278365142586	0.5402802815841528	2.559201220127607	0.7930845456545697	0.4354457416910082	0.4706306928129757	0.17698750923973253	1.0672319345134718	3.58225538120363	1.7095151498017804	1133.7445203292093	0.0	0.5402802815841528	2.559201220127607	0.0	0.4354457416910082	0.4706306928129757	0.17698750923973253	0.0	0.0	0.0
972000	-44.5477193712384	-25.67182895766715	-18.875890413571256	0.0	1	0	0	1	1	0	1	1	0	0	1.2339154469320086	1.4053437220384095	0.09463649076362776	1.3501731863624178	0.774001516372987	0.43187386467499983	0.613296532163716	0.7538524262365022	1.245275310623224	0.8938056704672708	8.16485777989415	1.2339154469320086	0.0	0.0	1.3501731863624178	0.774001516372987	0.0	0.613296532163716	0.7538524262365022	0.0	0.0
973000	-41.619392050137165	-25.02628476448407	-16.593107285653097	0.0	0	1	0	1	1	0	0	0	0	1	0.5344093085860763	0.43193655624919836	0.46527458451148235	0.2920070791835672	0.07670950575861418	0.6407921792357498	0.9202580755631666	1.9887915907557598	0.22268100263236393	1.3400605666588241	7.903172707823421	0.0	0.43193655624919836	0.0	0.2920070791835672	0.07670950575861418	0.0	0.0	0.0	0.0	1.3400605666588241
974000	-44.7629161745071	-25.750987991762827	-19.01192818274427	0.0	0	0	1	1	0	0	1	0	1	1	0.7255904632673134	0.10973194509460274	0.13115461896326086	0.7144502459917227	2.347125796703554	0.22450021341571005	0.39581711070077946	0.9481146948404198	1.4225010688616695	0.6030711200437493	29.65969572119877	0.0	0.0	0.13115461896326086	0.7144502459917227	0.0	0.0	0.39581711070077946	0.0	1.4225010688616695	0.6030711200437493
975000	-47.79005408826456	-24.375451397901664	-23.414602690362898	0.0	0	0	0	1	0	0	1	1	0	1	2.545938210176951	0.4048143437187434	0.12326679395902308	0.0865498378448496	3.373035130856054	3.667113244011891	0.17349415709285693	0.7158606060943674	0.5484375445093611	2.16160664639647	7.40383197592366	0.0	0.0	0.0	0.0865498378448496	0.0	0.0	0.17349415709285693	0.7158606060943674	0.0	2.16160664639647
976000	-52.13216592253487	-25.59175141465549	-26.540414507879373	0.0	1	1	1	0	0	1	1	1	1	0	0.004331646947406646	1.3331351408557612	1.4282813281414963	2.611939257619645	1.6418729811684516	0.17831235656782135	1.3791175926511356	2.77491921174231	0.04191160860463086	2.546993096605232	8.12179423420684	0.004331646947406646	1.3331351408557612	1.4282813281414963	0.0	0.0	0.17831235656782135	1.3791175926511356	2.77491921174231	0.04191160860463086	0.0
977000	-49.96590399366691	-25.6461165039236	-24.31978748974331	0.0	0	1	1	0	1	0	1	1	0	0	0.1057998560391768	0.0411294751349733	2.1630513025110525	3.8581518705523496	0.744276756545212	2.2679928856368776	0.1674017197175826	0.44974137645403256	2.4260892824863634	1.3752746509923228	15.40050480915878	0.0	0.0411294751349733	2.1630513025110525	0.0	0.744276756545212	0.0	0.1674017197175826	0.44974137645403256	0.0	0.0
978000	-51.88289772388348	-25.751006598945622	-26.13189112493786	0.0	1	0	1	1	1	1	0	0	0	0	0.06284632974031105	0.5105568581407036	0.08049831146817339	1.0071521826818273	3.1237128405179155	0.5228063713546403	0.10599014896564282	1.1825234017606763	1.7258093516938902	2.2203777899830963	862.6067118753226	0.06284632974031105	0.0	0.08049831146817339	1.0071521826818273	3.1237128405179155	0.5228063713546403	0.0	0.0	0.0	0.0
979000	-42.69494904520927	-24.977846196899673	-17.717102848309594	0.0	1	1	0	1	0	1	0	1	1	0	0.16271410216222298	1.029050456490113	0.022114613839767813	0.7837766625321455	0.0498438967857612	0.06104222897643051	3.4219408644881866	0.7672645698713582	0.7267639106286833	0.3364295016716491	3.7436238654508105	0.16271410216222298	1.029050456490113	0.0	0.7837766625321455	0.0	0.06104222897643051	0.0	0.7672645698713582	0.7267639106286833	0.0
980000	-48.918633625430445	-25.7510065989456	-23.167627026484844	0.0	0	1	1	1	1	1	0	0	0	1	0.7648391882664054	0.5748984437312905	0.6827073412755446	0.7735233159368222	0.6626902983634455	0.4298809998270368	0.3872527533737913	2.1912573177496895	0.12036059486050758	0.9747744926776887	455.80809495478564	0.0	0.5748984437312905	0.6827073412755446	0.7735233159368222	0.6626902983634455	0.4298809998270368	0.0	0.0	0.0	0.9747744926776887
981000	-49.97538651950167	-25.75041691592729	-24.22496960357438	0.0	1	1	0	0	0	0	0	1	1	1	0.22428663517257943	0.9591001882135173	3.5113364238841127	1.3740382870690797	1.989554523654307	0.4950409349189164	0.7599167785139387	0.7242796517413462	0.09537076381541641	2.441841127446063	38.163175710540905	0.22428663517257943	0.9591001882135173	0.0	0.0	0.0	0.0	0.0	0.7242796517413462	0.09537076381541641	2.441841127446063
982000	-45.39118511038042	-24.380780296868405	-21.010404813512018	0.0	0	1	1	0	0	1	1	0	0	1	1.6386002968976066	0.4683767333635523	0.17221902302876452	2.4720112378923558	2.7504615208544645	0.23819398468720754	2.0639076971007437	1.0749392407971818	0.6863888455926552	0.187700347772122	3.6019432637171604	0.0	0.4683767333635523	0.17221902302876452	0.0	0.0	0.23819398468720754	2.0639076971007437	0.0	0.0	0.187700347772122
983000	-43.85538682789549	-25.5454367352361	-18.309950092659392	0.0	0	1	0	1	1	0	0	0	1	1	0.038682538774065946	0.12415797302360419	0.05657146237155111	1.5609835909530623	2.363717961766873	1.354448938989904	1.0711535856917236	0.6499579642754234	2.3108644333515933	0.7363212532683819	1.070660861041294	0.0	0.12415797302360419	0.0	1.5609835909530623	2.363717961766873	0.0	0.0	0.0	2.3108644333515933	0.7363212532683819
984000	-41.2872579064952	-24.304551475034163	-16.982706431461036	0.0	0	0	1	1	0	1	0	0	1	0	1.5594664220983383	0.28351107762294836	0.622212164021731	2.812040699428089	0.4462872872484328	0.12517164633480504	0.17605626497516177	0.25304814059538244	0.47581828550134436	1.1864968683970873	4.190220957725176	0.0	0.0	0.622212164021731	2.812040699428089	0.0	0.12517164633480504	0.0	0.0	0.47581828550134436	0.0
985000	-40.91971483823582	-25.305102219036428	-15.614612619199395	0.0	1	0	1	0	1	0	1	0	0	1	0.22986386837335568	0.4135125861292684	0.7893891861466313	0.1181702762219862	0.5542400658814312	0.7326607206261087	1.9113988418124674	0.7847327404964507	0.7420174707833331	0.1803973707084852	3.2619915635666668	0.22986386837335568	0.0	0.7893891861466313	0.0	0.5542400658814312	0.0	1.9113988418124674	0.0	0.0	0.1803973707084852
986000	-45.93713940293145	-25.750866342701467	-20.18627306022998	0.0	1	0	1	0	0	0	1	1	1	1	0.09593859023916047	1.220050899318271	0.31285230940324177	1.0271848946046946	0.20898603192946863	0.3282245052886088	1.6889308970188244	0.2628776592734952	1.7968880447492097	0.34695695433638096	45.687827146640856	0.09593859023916047	0.0	0.31285230940324177	0.0	0.0	0.0	1.6889308970188244	0.2628776592734952	1.7968880447492097	0.34695695433638096
987000	-47.0013107271995	-24.897151481846524	-22.104159245352978	0.0	0	0	1	0	0	1	0	1	0	1	1.4370699238660838	1.1018993190425812	0.9008362582729028	2.8219918085092397	1.3124987047728216	1.909056559840781	2.0790241169396966	0.6034433044003606	0.7960319867724294	1.8021904451518227	0.7649056919117292	0.0	0.0	0.9008362582729028	0.0	0.0	1.909056559840781	0.0	0.6034433044003606	0.0	1.8021904451518227
988000	-43.66281507218932	-25.13556437580134	-18.527250696387974	0.0	0	0	0	1	1	0	1	1	0	0	0.7835675006241807	0.5081572414174683	1.0139511508106647	0.5170146339471958	1.0877229672402051	2.4206185343794404	0.6376379381246499	1.7806064454648498	0.25124997497237284	0.23941512838064466	5.347087418727228	0.0	0.0	0.0	0.5170146339471958	1.0877229672402051	0.0	0.6376379381246499	1.7806064454648498	0.0	0.0
989000	-52.44624031363179	-25.751006598945605	-26.695233714686182	0.0	0	1	0	0	0	1	1	1	0	0	0.3280671213878902	0.8619558515156467	1.2274359749397303	0.0655943302064589	4.49621469731996	2.0166573863453965	0.2302708017220629	1.4017925228016361	0.9433021062961601	1.0486362756231127	424.15981344638163	0.0	0.8619558515156467	0.0	0.0	0.0	2.0166573863453965	0.2302708017220629	1.4017925228016361	0.0	0.0
990000	-49.653524130290506	-25.751006598945597	-23.902517531344913	0.0	0	0	1	1	0	1	0	1	0	0	0.42646136473637053	0.18885664505438285	0.2994265632684609	0.21008122864550774	0.9325190525422589	1.5945264528851963	2.0648321310543487	1.9255927325009872	0.7800587019786739	1.213338829406557	483.9459450752899	0.0	0.0	0.2994265632684609	0.21008122864550774	0.0	1.5945264528851963	0.0	1.9255927325009872	0.0	0.0
991000	-44.05635008320911	-25.111014023893524	-18.945336059315583	0.0	0	1	0	0	1	0	1	1	0	0	0.024924942501323936	0.2001761382359839	1.102706090441935	1.7313498290671996	1.350103568419755	1.394830892130867	0.5630864113029347	1.1109778312907521	0.9648863789179676	1.9721116180718132	2.5130675912464273	0.0	0.2001761382359839	0.0	0.0	1.350103568419755	0.0	0.5630864113029347	1.1109778312907521	0.0	0.0
992000	-51.10686902016133	-25.751006598945605	-25.355862421215722	0.0	1	0	1	0	0	1	1	1	1	0	0.1455806036019182	0.3029504630859344	0.6862059885402857	0.018722472992574745	0.321273548416867	1.3448382981523794	1.607388135879208	1.6868186794450404	0.07294658556265961	0.512845898034386	2019.5754260840558	0.1455806036019182	0.0	0.6862059885402857	0.0	0.0	1.3448382981523794	1.607388135879208	1.6868186794450404	0.07294658556265961	0.0
993000	-40.02902949200218	-24.009671592302666	-16.019357899699514	0.0	1	1	1	0	0	0	0	0	0	1	0.2084706078930387	0.7587256610423752	0.8380501915585072	0.38048936578499454	1.060684290860391	0.46606141971660736	0.6206720235650609	1.1537960648311316	0.6572181535650307	1.8000829567902328	1.59502974675913	0.2084706078930387	0.7587256610423752	0.8380501915585072	0.0	0.0	0.0	0.0	0.0	0.0	1.8000829567902328
994000	-41.78425861145832	-24.080269889515062	-17.703988721943258	0.0	0	1	0	1	0	0	1	0	0	1	1.0908865821802944	0.12661244299890867	0.050684084894743096	0.3773274383082782	0.6781692518866214	2.1233430567108034	0.697790828674828	4.484785538611958	0.20337210112393758	0.3930553395970978	0.8779789194951625	0.0	0.12661244299890867	0.0	0.3773274383082782	0.0	0.0	0.697790828674828	0.0	0.0	0.3930553395970978
995000	-47.6722777699581	-24.392875967505212	-23.279401802452888	0.0	1	1	0	0	0	1	0	0	0	1	0.02260203277491978	0.9340982460197911	0.34187820750169134	0.12547002772323085	2.5377625909301607	2.667340967843038	1.1422987979495722	0.4592378223387518	0.1438348091373865	3.046426006388422	65.99383815650967	0.02260203277491978	0.9340982460197911	0.0	0.0	0.0	2.667340967843038	0.0	0.0	0.0	3.046426006388422
996000	-39.191526119189575	-24.600455264259615	-14.591070854929956	0.0	1	1	0	1	0	0	0	0	0	1	0.058333093240636624	0.15738379966973184	0.7592301359067024	0.6261346302428156	0.6317519820356673	1.139943168969298	0.639984453375977	0.1276380584630268	0.28872450108419473	1.868750275399939	1.9833979881402788	0.058333093240636624	0.15738379966973184	0.0	0.6261346302428156	0.0	0.0	0.0	0.0	0.0	1.868750275399939
997000	-45.659597725880545	-25.05228901003191	-20.60730871584863	0.0	1	0	0	1	1	0	0	0	0	1	0.12667125480287977	1.0956542165899898	0.025230479317356683	0.8466371677745483	0.7578280974308863	0.8507138340182296	0.03753266925597331	4.1232931276108395	0.6679533053405415	2.4391361488235237	7.568743411768293	0.12667125480287977	0.0	0.0	0.8466371677745483	0.7578280974308863	0.0	0.0	0.0	0.0	2.4391361488235237
998000	-41.24107838216947	-24.85565969261682	-16.38541868955265	0.0	0	0	1	0	1	1	1	1	0	1	0.3698923575224037	0.8009121146058052	0.23448799818508834	0.01999016989898439	0.8798697172480485	0.1479400969749987	0.13907143223691698	1.2116270693545244	1.2988852497775958	0.4061063884770288	6.287120008358773	0.0	0.0	0.23448799818508834	0.0	0.8798697172480485	0.1479400969749987	0.13907143223691698	1.2116270693545244	0.0	0.4061063884770288
999000	-45.41044551384803	-25.256254467773406	-20.154191046074622	0.0	0	1	0	1	0	1	0	0	0	1	0.05352702956701142	0.7513390552070642	0.04553803888400855	2.9233262362746157	2.596383147967811	2.9922669068140606	0.46330225647824697	2.0354755065239516	0.001582335594850004	1.040001463964467	0.6999864840669263	0.0	0.7513390552070642	0.0	2.9233262362746157	0.0	2.9922669068140606	0.0	0.0	0.0	1.040001463964467
1000000	-40.9542792643921	-24.302842321838558	-16.651436942553538	0.0	0	1	0	0	0	0	1	1	0	1	0.47136420114737404	1.5059196997969477	0.0925850933611106	0.039197548135068705	1.167951862245011	0.453413305715582	0.22035819871326504	0.6114742372666911	0.04108273570157013	2.6038767453504117	6.250794579990825	0.0	1.5059196997969477	0.0	0.0	0.0	0.0	0.22035819871326504	0.6114742372666911	0.0	2.6038767453504117
