#
#model:
#
#<?xml version="1.0" encoding="UTF-8" standalone="no"?><input id="posterior" spec="beast.base.inference.CompoundDistribution">
#    <distribution id="prior" spec="beast.base.inference.CompoundDistribution">
#        <distribution id="FixedTreeModel.t:tree" spec="fixedtreeanalysis.evolution.tree.FixedTreeDistribution">
#            <tree IsLabelledNewick="true" adjustTipHeights="false" id="Tree.t:tree" newick="(((((cell18:0.448814,((cell44:0.0976741,cell45:0.0976741):0.233159,(cell46:0.070084,cell47:0.070084):0.260749):0.117981):0.319709,(cell22:0.37199,(cell34:0.157637,cell35:0.157637):0.214354):0.396532):0.141199,(cell10:0.780328,((cell30:0.203531,cell31:0.203531):0.433876,cell17:0.637407):0.142921):0.129394):0.108461,cell7:1.01818):0.0409876,((cell28:0.219554,((cell42:0.109141,cell43:0.109141):0.0166146,cell41:0.125756):0.0937978):0.813182,((cell38:0.128097,(cell48:0.0233041,cell49:0.0233041):0.104793):0.603391,(((cell32:0.183519,cell33:0.183519):0.0920931,(cell36:0.151707,cell37:0.151707):0.123905):0.136413,cell21:0.412025):0.319463):0.301248):0.0264338):0.153952" spec="fixedtreeanalysis.evolution.tree.FixedTree">
#                <taxonset id="TaxonSet.1" spec="beast.base.evolution.alignment.TaxonSet">
#                    <taxon id="cell18" spec="beast.base.evolution.alignment.Taxon"/>
#                    <taxon id="cell44" spec="beast.base.evolution.alignment.Taxon"/>
#                    <taxon id="cell45" spec="beast.base.evolution.alignment.Taxon"/>
#                    <taxon id="cell46" spec="beast.base.evolution.alignment.Taxon"/>
#                    <taxon id="cell47" spec="beast.base.evolution.alignment.Taxon"/>
#                    <taxon id="cell22" spec="beast.base.evolution.alignment.Taxon"/>
#                    <taxon id="cell34" spec="beast.base.evolution.alignment.Taxon"/>
#                    <taxon id="cell35" spec="beast.base.evolution.alignment.Taxon"/>
#                    <taxon id="cell10" spec="beast.base.evolution.alignment.Taxon"/>
#                    <taxon id="cell30" spec="beast.base.evolution.alignment.Taxon"/>
#                    <taxon id="cell31" spec="beast.base.evolution.alignment.Taxon"/>
#                    <taxon id="cell17" spec="beast.base.evolution.alignment.Taxon"/>
#                    <taxon id="cell7" spec="beast.base.evolution.alignment.Taxon"/>
#                    <taxon id="cell28" spec="beast.base.evolution.alignment.Taxon"/>
#                    <taxon id="cell42" spec="beast.base.evolution.alignment.Taxon"/>
#                    <taxon id="cell43" spec="beast.base.evolution.alignment.Taxon"/>
#                    <taxon id="cell41" spec="beast.base.evolution.alignment.Taxon"/>
#                    <taxon id="cell38" spec="beast.base.evolution.alignment.Taxon"/>
#                    <taxon id="cell48" spec="beast.base.evolution.alignment.Taxon"/>
#                    <taxon id="cell49" spec="beast.base.evolution.alignment.Taxon"/>
#                    <taxon id="cell32" spec="beast.base.evolution.alignment.Taxon"/>
#                    <taxon id="cell33" spec="beast.base.evolution.alignment.Taxon"/>
#                    <taxon id="cell36" spec="beast.base.evolution.alignment.Taxon"/>
#                    <taxon id="cell37" spec="beast.base.evolution.alignment.Taxon"/>
#                    <taxon id="cell21" spec="beast.base.evolution.alignment.Taxon"/>
#                </taxonset>
#            </tree>
#        </distribution>
#        <prior id="nonZeroRatePrior.s:tissue" name="distribution">
#            <x id="nonZeroRates.s:tissue" spec="beast.base.evolution.Sum">
#                <arg dimension="6" id="rateIndicator.s:tissue" spec="beast.base.inference.parameter.BooleanParameter">true</arg>
#            </x>
#            <distr id="Poisson.0" offset="2.0" spec="beast.base.inference.distribution.Poisson">
#                <parameter estimate="false" id="RealParameter.10" name="lambda" spec="beast.base.inference.parameter.RealParameter">0.693</parameter>
#            </distr>
#        </prior>
#        <prior id="relativeGeoRatesPrior.s:tissue" name="distribution">
#            <parameter dimension="6" id="relativeGeoRates.s:tissue" name="x" spec="beast.base.inference.parameter.RealParameter">1.0</parameter>
#            <Gamma id="Gamma.2" name="distr">
#                <parameter estimate="false" id="RealParameter.8" name="alpha" spec="beast.base.inference.parameter.RealParameter">1.0</parameter>
#                <parameter estimate="false" id="RealParameter.9" name="beta" spec="beast.base.inference.parameter.RealParameter">1.0</parameter>
#            </Gamma>
#        </prior>
#        <prior id="geoclockPrior.c:tissue" name="distribution">
#            <parameter id="traitClockRate.c:tissue" name="x" spec="beast.base.inference.parameter.RealParameter">1.0</parameter>
#            <Gamma id="Gamma.1" name="distr">
#                <parameter estimate="false" id="RealParameter.6" name="alpha" spec="beast.base.inference.parameter.RealParameter">0.001</parameter>
#                <parameter estimate="false" id="RealParameter.7" name="beta" spec="beast.base.inference.parameter.RealParameter">1000.0</parameter>
#            </Gamma>
#        </prior>
#    </distribution>
#    <distribution id="likelihood" spec="beast.base.inference.CompoundDistribution" useThreads="true">
#        <distribution data="@sim1_true" id="treeLikelihood.sim1_true" spec="fixedtreeanalysis.evolution.likelihood.FixedTreeLikelihood" tree="@Tree.t:tree">
#            <siteModel id="FixedSiteModel.s:sim1_true" spec="fixedtreeanalysis.evolution.sitemodel.FixedSiteModel">
#                <parameter estimate="false" id="RealParameter.0" lower="0.0" name="mutationRate" spec="beast.base.inference.parameter.RealParameter" upper="1.0">1.0</parameter>
#                <parameter id="RealParameter.1" lower="0.0" name="shape" spec="beast.base.inference.parameter.RealParameter" upper="0.0">1.0</parameter>
#                <parameter id="RealParameter.2" lower="0.0" name="proportionInvariant" spec="beast.base.inference.parameter.RealParameter" upper="0.0">0.0</parameter>
#                <substModel id="JC69.s:sim1_true" spec="beast.base.evolution.substitutionmodel.JukesCantor"/>
#            </siteModel>
#            <branchRateModel id="FixedClock.c:sim1_true" spec="fixedtreeanalysis.evolution.branchratemodel.FixedClockModel">
#                <parameter estimate="false" id="RealParameter.3" name="clock.rate" spec="beast.base.inference.parameter.RealParameter">1.0</parameter>
#            </branchRateModel>
#        </distribution>
#        <distribution id="traitedtreeLikelihood.tissue" spec="beastclassic.evolution.likelihood.AncestralStateTreeLikelihood" tag="location" tree="@Tree.t:tree">
#            <rootFrequencies estimate="false" id="Frequencies" spec="beast.base.evolution.substitutionmodel.Frequencies">
#                <parameter dimension="3" id="RealParameter" lower="0.0" name="frequencies" spec="beast.base.inference.parameter.RealParameter" upper="0.0">1.0 0.0 0.0</parameter>
#            </rootFrequencies>
#            <data id="tissue" spec="beastclassic.evolution.alignment.AlignmentFromTrait">
#                <traitSet id="traitSet.tissue" spec="beast.base.evolution.tree.TraitSet" taxa="@TaxonSet.1" traitname="discrete" value="cell18=t1, cell44=t1, cell45=t3, cell46=t2, cell47=t2, cell22=t1, cell34=t1, cell35=t1, cell10=t2, cell30=t1, cell31=t1, cell17=t2, cell7=t1, cell28=t3, cell42=t3, cell43=t1, cell41=t3, cell38=t3, cell48=t1, cell49=t1, cell32=t1, cell33=t3, cell36=t2, cell37=t1, cell21=t1 "/>
#                <userDataType codeMap="t1=0,t2=1,t3=2,? = 0 1 2" codelength="-1" id="traitDataType.tissue" spec="beast.base.evolution.datatype.UserDataType" states="3"/>
#            </data>
#            <siteModel gammaCategoryCount="1" id="geoSiteModel.s:tissue" spec="beast.base.evolution.sitemodel.SiteModel">
#                <parameter estimate="false" id="mutationRate.s:tissue" name="mutationRate" spec="beast.base.inference.parameter.RealParameter">1.0</parameter>
#                <parameter estimate="false" id="gammaShape.s:tissue" name="shape" spec="beast.base.inference.parameter.RealParameter">1.0</parameter>
#                <parameter estimate="false" id="proportionInvariant.s:tissue" lower="0.0" name="proportionInvariant" spec="beast.base.inference.parameter.RealParameter" upper="1.0">0.0</parameter>
#                <substModel id="svs.s:tissue" rateIndicator="@rateIndicator.s:tissue" rates="@relativeGeoRates.s:tissue" spec="beastclassic.evolution.substitutionmodel.SVSGeneralSubstitutionModel" symmetric="false">
#                    <frequencies id="traitfreqs.s:tissue" spec="beast.base.evolution.substitutionmodel.Frequencies">
#                        <parameter dimension="3" id="traitfrequencies.s:tissue" name="frequencies" spec="beast.base.inference.parameter.RealParameter">0.3333333333</parameter>
#                    </frequencies>
#                </substModel>
#            </siteModel>
#            <branchRateModel clock.rate="@traitClockRate.c:tissue" id="StrictClockModel.c:tissue" spec="beast.base.evolution.branchratemodel.StrictClockModel"/>
#        </distribution>
#    </distribution>
#</input>
#
Sample	posterior	likelihood	prior	treeLikelihood	rateIndicator.1	rateIndicator.2	rateIndicator.3	rateIndicator.4	rateIndicator.5	rateIndicator.6	relativeGeoRates.1	relativeGeoRates.2	relativeGeoRates.3	relativeGeoRates.4	relativeGeoRates.5	relativeGeoRates.6	traitClockRate	geoSubstModelLogger.relGeoRate_t1_t2	geoSubstModelLogger.relGeoRate_t1_t3	geoSubstModelLogger.relGeoRate_t2_t1	geoSubstModelLogger.relGeoRate_t2_t3	geoSubstModelLogger.relGeoRate_t3_t1	geoSubstModelLogger.relGeoRate_t3_t2
0	-45.252332403249504	-26.99930079676161	-18.253031606487895	0.0	1	1	1	1	1	1	0.9954170031545981	1.0078126839207395	1.0006577270885038	0.9964827019437376	1.000672653001597	0.9989472471990037	1.0	0.9954170031545981	1.0078126839207395	1.0006577270885038	0.9964827019437376	1.000672653001597	0.9989472471990037
1000	-42.165240631603055	-25.31715851664513	-16.84808211495793	0.0	1	1	1	0	1	0	1.021763881697736	0.9217385569305564	1.0683764564270732	1.1167745730295693	1.1233355737777768	1.1214068342764218	4.213218589975438	1.021763881697736	0.9217385569305564	1.0683764564270732	0.0	1.1233355737777768	0.0
2000	-43.08630636955448	-24.42266909769639	-18.663637271858086	0.0	0	1	1	1	1	1	1.0318236146334558	0.815540852890161	1.0501428111403766	1.0663003776875346	1.011511798288812	0.9034736369489258	9.760465612580798	0.0	0.815540852890161	1.0501428111403766	1.0663003776875346	1.011511798288812	0.9034736369489258
3000	-41.82885214531382	-26.537811961363886	-15.291040183949931	0.0	0	1	1	0	0	1	0.9467675024907497	0.8637976509337694	1.1250006114919175	1.204552277728297	1.0012183938700292	0.8517866702597643	3.7497048454470128	0.0	0.8637976509337694	1.1250006114919175	0.0	0.0	0.8517866702597643
4000	-41.48921420204566	-25.020131720691573	-16.469082481354086	0.0	0	1	0	1	1	1	0.8846146466589918	0.8228061885942819	1.0710610357131993	1.327491917863776	1.1487509094508332	0.915475786478078	3.5357477086700126	0.0	0.8228061885942819	0.0	1.327491917863776	1.1487509094508332	0.915475786478078
5000	-40.646373568523494	-24.58731719312958	-16.059056375393915	0.0	1	0	0	1	1	0	0.8442443347794079	0.666966857071442	1.1594100364327538	1.527709421432042	1.3472355800107487	0.926645115568938	5.001019202558418	0.8442443347794079	0.0	0.0	1.527709421432042	1.3472355800107487	0.0
6000	-42.868715325508276	-27.605632865412556	-15.263082460095717	0.0	0	1	1	0	0	1	0.9127079514653598	0.6423121241546174	1.178174955685461	1.6012626833847559	1.3331966582104322	0.9266116549018585	2.001100158932653	0.0	0.6423121241546174	1.178174955685461	0.0	0.0	0.9266116549018585
7000	-42.28486434759915	-23.992282832110075	-18.292581515489072	0.0	0	1	0	1	1	1	0.9830797489188237	0.6185482265700695	1.2658546590910107	1.4396403602379593	1.4562413574880468	1.0673911596806345	11.238245076804596	0.0	0.6185482265700695	0.0	1.4396403602379593	1.4562413574880468	1.0673911596806345
8000	-43.56322132544894	-25.25026374505024	-18.312957580398702	0.0	1	1	0	1	1	0	0.9150891915835487	0.5938419156258685	1.169393403918223	1.4716251581669562	1.6738523022210887	1.1359338553746603	10.092140865578775	0.9150891915835487	0.5938419156258685	0.0	1.4716251581669562	1.6738523022210887	0.0
9000	-48.439963548964215	-25.483763804383923	-22.956199744580296	0.0	1	1	1	1	1	0	0.9400535584014624	0.6406218088071894	0.9676579996005886	1.2794241981270973	1.538306222943966	1.1746572271365792	281.602120612163	0.9400535584014624	0.6406218088071894	0.9676579996005886	1.2794241981270973	1.538306222943966	0.0
10000	-41.658615339598796	-24.76117430525063	-16.897441034348162	0.0	0	1	1	0	0	1	0.9145758354306397	0.6679520673624281	1.0089087738297404	1.2997440730062733	1.5535385869031304	1.1388891744417085	10.299069863489688	0.0	0.6679520673624281	1.0089087738297404	0.0	0.0	1.1388891744417085
11000	-40.95015863513659	-25.418540967695908	-15.531617667440685	0.0	1	1	1	0	1	0	0.9326732845527009	0.5931025627580566	0.9718542177182332	1.0060173482706827	1.5315212202821749	1.174447395509982	1.332786339555807	0.9326732845527009	0.5931025627580566	0.9718542177182332	0.0	1.5315212202821749	0.0
12000	-40.58091570952239	-26.32140823987219	-14.259507469650197	0.0	1	1	0	0	1	0	0.9873355446632535	0.6831558413714067	0.9837233002498479	0.9046371233963362	1.8954258235805992	1.0362815714170313	0.8139279203242877	0.9873355446632535	0.6831558413714067	0.0	0.0	1.8954258235805992	0.0
13000	-41.18321784955735	-25.561554524464675	-15.621663325092676	0.0	1	1	0	1	1	0	0.9536709050504072	0.5276424756648106	0.879766160371028	0.8462604030136803	1.881611322724755	1.1267661777852853	1.449448637721611	0.9536709050504072	0.5276424756648106	0.0	0.8462604030136803	1.881611322724755	0.0
14000	-41.7414228839188	-25.191846008583635	-16.549576875335166	0.0	0	1	0	1	1	1	0.9255509570212866	0.5618618593634233	0.7139950903164606	1.0715435514468903	1.7967941192783023	1.1474100628564163	3.6560276038301	0.0	0.5618618593634233	0.0	1.0715435514468903	1.7967941192783023	1.1474100628564163
15000	-41.4130478157212	-24.799917298692773	-16.613130517028427	0.0	0	1	1	0	1	1	0.9452015898601682	0.46797671234431265	0.7816934091132266	1.0746745542368905	1.48223497551499	1.0940839241584874	5.638803173206968	0.0	0.46797671234431265	0.7816934091132266	0.0	1.48223497551499	1.0940839241584874
16000	-40.248897499068555	-24.806801696792775	-15.442095802275778	0.0	0	1	1	0	0	1	0.9928560243326312	0.5740505930527315	0.796117852816074	0.9085037427891025	1.2925709022120309	1.1332523290072278	5.852371205076472	0.0	0.5740505930527315	0.796117852816074	0.0	0.0	1.1332523290072278
17000	-46.4491916171778	-26.62870833440898	-19.820483282768826	0.0	0	1	1	1	0	1	0.927015237754624	0.5440488598906282	0.7000328468453526	0.8075423514271144	1.2316578077902454	1.2425761028771385	174.89635389610206	0.0	0.5440488598906282	0.7000328468453526	0.8075423514271144	0.0	1.2425761028771385
18000	-45.96342185937608	-24.96675862602619	-20.99666323334989	0.0	0	1	1	1	1	1	0.785301161944515	0.5844705680158347	0.6339925130914306	0.7626974223785695	1.2429556432677578	1.0674035368925596	188.2559211221029	0.0	0.5844705680158347	0.6339925130914306	0.7626974223785695	1.2429556432677578	1.0674035368925596
19000	-47.91162511494501	-27.827560330410506	-20.0840647845345	0.0	1	1	0	1	1	0	0.7567508473735407	0.5514897287431865	0.7101185740215805	0.8383625962559059	1.060679259410955	0.9865357149015204	335.78602635941684	0.7567508473735407	0.5514897287431865	0.0	0.8383625962559059	1.060679259410955	0.0
20000	-48.13792119469099	-26.16196316569956	-21.975958028991425	0.0	0	1	1	0	0	1	0.7382006781251068	0.6152435272089711	0.7471896176994572	0.8975795248052572	1.0213482516489907	1.0684392909501839	1565.5248074814044	0.0	0.6152435272089711	0.7471896176994572	0.0	0.0	1.0684392909501839
21000	-45.04061129642525	-24.967709775939312	-20.072901520485935	0.0	0	1	1	1	1	1	0.7703006609195432	0.645554030375192	0.8418325039047381	0.8173489177605836	1.0369412081191096	0.9672596772214371	82.7870612016261	0.0	0.645554030375192	0.8418325039047381	0.8173489177605836	1.0369412081191096	0.9672596772214371
22000	-46.14390891718068	-26.370772148519087	-19.773136768661594	0.0	0	1	0	1	1	1	0.8486060981673281	0.7370333614642115	0.911537246611684	0.7023904388814282	1.1960217270259308	0.9939777719612508	177.28799854961812	0.0	0.7370333614642115	0.0	0.7023904388814282	1.1960217270259308	0.9939777719612508
23000	-40.1094327397041	-23.533137634834553	-16.576295104869544	0.0	0	1	1	0	1	1	0.8440091801977256	0.7552828034838382	0.9777327844178676	0.7209825691519581	1.4504248849905417	0.9578883565173942	6.245595071189885	0.0	0.7552828034838382	0.9777327844178676	0.0	1.4504248849905417	0.9578883565173942
24000	-41.40391531596221	-27.050515970204216	-14.353399345757996	0.0	1	1	0	1	1	0	0.822311984959146	0.7023830214314785	0.851657531712657	0.8402647698816949	1.458414417010752	1.1013902791425207	0.6326755722771463	0.822311984959146	0.7023830214314785	0.0	0.8402647698816949	1.458414417010752	0.0
25000	-41.89692496707214	-26.982187272754942	-14.914737694317196	0.0	1	0	0	1	1	0	0.9602849664118231	0.8143767542806267	0.9054879269408652	0.6748640454511731	1.625510970269719	1.0432337122534925	2.4982356615363144	0.9602849664118231	0.0	0.0	0.6748640454511731	1.625510970269719	0.0
26000	-40.76127528495042	-23.571738965230583	-17.18953631971984	0.0	0	1	1	0	1	1	0.994162892335399	0.8125180176194414	1.0180023133302163	0.6835609877196586	1.6584477183138584	1.0839659553657286	6.688608473985434	0.0	0.8125180176194414	1.0180023133302163	0.0	1.6584477183138584	1.0839659553657286
27000	-44.46439284970829	-26.511472381289977	-17.952920468418316	0.0	0	1	1	0	0	1	0.9872078972587335	0.8914382198579094	1.2200380945499414	0.6862545235474024	1.3617739691262247	0.9190942574109835	47.90710141989059	0.0	0.8914382198579094	1.2200380945499414	0.0	0.0	0.9190942574109835
28000	-46.58264807979087	-27.467318647399583	-19.115329432391288	0.0	1	1	1	0	1	0	1.3281019917674572	0.9085494137895871	1.1655307569753433	0.7630786974022488	1.3469060235001273	1.093149998664873	31.44778993248393	1.3281019917674572	0.9085494137895871	1.1655307569753433	0.0	1.3469060235001273	0.0
29000	-40.264250733838715	-25.1730248161378	-15.091225917700914	0.0	1	0	0	1	1	0	0.1223686549020681	1.7601286262595566	0.7628319402568837	0.6887347730673098	0.4768576235880955	1.469915369786513	6.2473776116763435	0.1223686549020681	0.0	0.0	0.6887347730673098	0.4768576235880955	0.0
30000	-44.416022190401854	-25.45361894394828	-18.962403246453576	0.0	1	1	1	0	1	1	1.307692781343897	0.6596618820418827	3.3429940592510503	0.6310104250105117	0.38518102016250977	0.7708202042209441	3.9097547375584094	1.307692781343897	0.6596618820418827	3.3429940592510503	0.0	0.38518102016250977	0.7708202042209441
31000	-44.60183742164633	-25.266621702722354	-19.335215718923976	0.0	0	1	1	0	1	1	0.09128637452020347	0.7149485775709035	3.689415963967564	0.41900871626117103	0.026357727217550607	1.7017758035449209	37.518875162674135	0.0	0.7149485775709035	3.689415963967564	0.0	0.026357727217550607	1.7017758035449209
32000	-39.1152648915356	-23.61850254674495	-15.496762344790653	0.0	0	1	0	1	1	1	1.3779777240359168	0.4304622908973147	0.7130124832588102	0.4270201156821505	0.8714746039335625	0.2869157427448226	10.465639488654205	0.0	0.4304622908973147	0.0	0.4270201156821505	0.8714746039335625	0.2869157427448226
33000	-40.25877855736785	-24.71521573571794	-15.543562821649905	0.0	1	0	0	1	1	0	0.4838004497425221	0.8700634490438758	0.5627492951345067	0.9224930854338379	0.9239531525946608	0.8473206244431656	18.97903865148073	0.4838004497425221	0.0	0.0	0.9224930854338379	0.9239531525946608	0.0
34000	-49.44578508593317	-25.587625548138323	-23.85815953779484	0.0	1	1	1	1	1	1	0.357729380787173	0.5183043042968035	0.7001621373193132	1.4535256629010171	2.6234652415397344	0.1556184910746866	256.34297031888855	0.357729380787173	0.5183043042968035	0.7001621373193132	1.4535256629010171	2.6234652415397344	0.1556184910746866
35000	-41.04946449865243	-24.888698448267437	-16.160766050384996	0.0	1	1	1	0	1	0	0.6367917784043526	0.19856481581048596	1.338514153121675	2.35900805549351	0.9831321499511938	0.5615833461600054	2.851040496529139	0.6367917784043526	0.19856481581048596	1.338514153121675	0.0	0.9831321499511938	0.0
36000	-41.726790540664986	-26.233401770563383	-15.493388770101603	0.0	0	1	1	0	0	1	0.24483525030094175	0.27938138244610455	0.43833337432493746	1.2073287105239325	0.3510830477625308	1.0521547084828935	49.44760784362137	0.0	0.27938138244610455	0.43833337432493746	0.0	0.0	1.0521547084828935
37000	-41.72938858955925	-24.900572977417177	-16.82881561214207	0.0	1	1	1	1	1	0	0.9092690926697476	0.1345683491141547	1.2849724441074508	0.13241287977296212	0.5037361790618632	1.5215514890586685	6.289193658511245	0.9092690926697476	0.1345683491141547	1.2849724441074508	0.13241287977296212	0.5037361790618632	0.0
38000	-43.45018675542298	-25.542691594530595	-17.90749516089239	0.0	1	0	0	1	1	1	0.3041912383489657	0.4138644188967742	1.0505675677023147	1.0413164146162652	0.9380960938622742	1.0158136442357955	57.757879557463085	0.3041912383489657	0.0	0.0	1.0413164146162652	0.9380960938622742	1.0158136442357955
39000	-40.80674652559054	-25.598215238093264	-15.20853128749728	0.0	1	1	0	1	1	0	0.06681501777659328	0.4324891743244364	0.1729275466768177	0.3276417657829473	1.7522712372299412	2.4053380228254144	2.7610711151655023	0.06681501777659328	0.4324891743244364	0.0	0.3276417657829473	1.7522712372299412	0.0
40000	-41.66223936962669	-24.79534777328448	-16.866891596342214	0.0	0	1	1	0	1	1	0.4794471594533541	0.3386748183650411	0.8712648893841466	2.407403734820585	0.46309863175954163	1.2859121223668775	7.2581850476169585	0.0	0.3386748183650411	0.8712648893841466	0.0	0.46309863175954163	1.2859121223668775
41000	-41.481964349859055	-25.373439240345995	-16.108525109513057	0.0	1	1	1	0	1	0	0.17814017528226478	1.9309268460359788	0.4655807743511992	0.2510230683790937	1.7175365584377291	0.37691343437858177	8.57025863372188	0.17814017528226478	1.9309268460359788	0.4655807743511992	0.0	1.7175365584377291	0.0
42000	-39.70277965008801	-25.756990005953362	-13.945789644134651	0.0	1	0	0	1	1	0	0.23313382221299317	0.6055024173737756	0.2432516183166115	1.3875115486839875	0.4135005266020697	0.513490027364154	13.0026125271727	0.23313382221299317	0.0	0.0	1.3875115486839875	0.4135005266020697	0.0
43000	-50.239268978339034	-24.981869694749403	-25.25739928358963	0.0	1	0	1	1	1	1	1.457218919335901	0.36327617989624933	0.3839398219200623	3.328608722122959	3.6700824362551634	0.5958363418692545	126.2207317308759	1.457218919335901	0.0	0.3839398219200623	3.328608722122959	3.6700824362551634	0.5958363418692545
44000	-48.19939120694834	-24.91935166510862	-23.28003954183972	0.0	1	0	0	1	1	1	0.7916859975123447	2.7513686147367684	0.44769575741479084	3.307530305610051	2.3771387560184074	0.31309307687085036	66.39634126651255	0.7916859975123447	0.0	0.0	3.307530305610051	2.3771387560184074	0.31309307687085036
45000	-45.10954667450352	-26.919576507262374	-18.18997016724115	0.0	0	1	1	1	1	1	0.5215209946508136	0.3656164063596011	0.6091462858960958	0.1064234808206338	0.5688267271194776	2.571773973446275	18.76156929090655	0.0	0.3656164063596011	0.6091462858960958	0.1064234808206338	0.5688267271194776	2.571773973446275
46000	-48.16311139943505	-25.215846564242955	-22.947264835192094	0.0	1	1	1	0	1	0	1.2641470584053105	0.4186659976012053	2.422965984690751	0.2064533523402382	0.6484682171383004	2.902705029883187	312.2177271748233	1.2641470584053105	0.4186659976012053	2.422965984690751	0.0	0.6484682171383004	0.0
47000	-44.17412891360797	-27.80188864599861	-16.372240267609364	0.0	0	1	1	0	0	1	3.1344594068924594	0.11062777908998679	1.3159949276780283	0.14322483724668328	0.18238505444143127	0.6028868040692387	18.059710372051757	0.0	0.11062777908998679	1.3159949276780283	0.0	0.0	0.6028868040692387
48000	-44.25495053692728	-24.290776105520212	-19.964174431407066	0.0	1	1	1	1	1	0	0.5430067669164278	0.6022403543666418	1.0350345844091768	0.7493353030832921	2.4430578575638604	1.4677243857135156	13.6496960136974	0.5430067669164278	0.6022403543666418	1.0350345844091768	0.7493353030832921	2.4430578575638604	0.0
49000	-46.559847618509	-26.889045904809947	-19.67080171369905	0.0	1	0	0	1	1	1	0.38368033549929403	1.7487599724275043	2.075039122969088	0.6339071212743057	1.050021255209623	0.5024025061371928	65.49624219641505	0.38368033549929403	0.0	0.0	0.6339071212743057	1.050021255209623	0.5024025061371928
50000	-46.60425773645876	-26.20410423869441	-20.400153497764354	0.0	1	0	1	1	1	0	0.2946147724589631	1.3610319261712027	0.7926813846885304	0.4712542725239209	0.6079161147759099	0.895898481108796	582.3564796990994	0.2946147724589631	0.0	0.7926813846885304	0.4712542725239209	0.6079161147759099	0.0
51000	-46.98086259577081	-25.12451497507294	-21.856347620697868	0.0	1	0	0	1	1	0	0.37922443149312973	0.029080148589946606	3.5346037756260085	0.6941836496814687	0.8927219487787676	1.5460411142099426	533.5003551535409	0.37922443149312973	0.0	0.0	0.6941836496814687	0.8927219487787676	0.0
52000	-40.71641806371294	-25.453816442026596	-15.262601621686349	0.0	0	1	1	0	0	1	0.20717854462815624	0.4178151019640162	0.6084315439751856	0.5687021779810867	1.4035505717185701	1.1411589865246916	18.657010726086384	0.0	0.4178151019640162	0.6084315439751856	0.0	0.0	1.1411589865246916
53000	-45.72979999911862	-27.582004538835776	-18.147795460282843	0.0	0	1	0	0	1	1	2.111935602677255	1.1201901979710593	0.7266361741381095	1.1493854014178846	2.2344123335757664	0.5594259467211238	9.627609008185122	0.0	1.1201901979710593	0.0	0.0	2.2344123335757664	0.5594259467211238
54000	-45.21555666993743	-26.848455872299585	-18.367100797637846	0.0	0	1	0	1	1	1	1.275071525213272	0.3158578264128371	3.1819249983841837	0.47372435643610866	1.8497079325069068	0.27631156601399504	7.068900955064001	0.0	0.3158578264128371	0.0	0.47372435643610866	1.8497079325069068	0.27631156601399504
55000	-41.64794121536741	-24.01420100159747	-17.63374021376994	0.0	0	1	0	0	1	1	0.5151241769137697	1.6800358424204909	0.3228573289419823	2.442034602295798	2.5984715523597397	0.20041480966132966	6.660706101114204	0.0	1.6800358424204909	0.0	0.0	2.5984715523597397	0.20041480966132966
56000	-38.865340231004474	-24.466187985452724	-14.39915224555175	0.0	0	1	1	0	1	1	1.151313065608609	0.45674500396617834	0.24417939518189463	1.0802918660705818	0.5710636987808929	0.5636949746248077	3.6539971756967833	0.0	0.45674500396617834	0.24417939518189463	0.0	0.5710636987808929	0.5636949746248077
57000	-46.38382468266952	-26.29052610559864	-20.09329857707088	0.0	0	1	1	1	1	1	2.2139541998721195	1.172867263553953	0.7006697353900172	0.8937214207222101	1.2317970363683584	2.6503614495904526	2.074169667905714	0.0	1.172867263553953	0.7006697353900172	0.8937214207222101	1.2317970363683584	2.6503614495904526
58000	-41.83495872712639	-26.81074672601771	-15.02421200110868	0.0	1	0	0	1	1	1	0.24092711777060494	0.06096354205053783	1.178267349700259	1.333183072129847	1.0761728383537	0.8224404112264722	3.5832360594242756	0.24092711777060494	0.0	0.0	1.333183072129847	1.0761728383537	0.8224404112264722
59000	-45.02920278592764	-25.660007999563017	-19.369194786364616	0.0	0	1	0	0	1	1	2.9071441044889053	1.7900531725710334	0.5192046516189378	1.6805867245544728	2.075778559540747	1.6314038037502256	2.2029529165412036	0.0	1.7900531725710334	0.0	0.0	2.075778559540747	1.6314038037502256
60000	-43.949674357268165	-24.75053953782571	-19.199134819442456	0.0	1	1	1	0	1	0	0.42661551286380217	0.6491351002066037	1.324105213499336	0.4385256433637319	1.4913191320711385	0.5758284828954627	164.16291205917122	0.42661551286380217	0.6491351002066037	1.324105213499336	0.0	1.4913191320711385	0.0
61000	-39.10588857453493	-24.000065300952706	-15.10582327358222	0.0	0	1	0	0	1	1	0.4065355576572228	0.5333804891570937	2.21141535320759	0.6969044892884265	1.040568868298317	0.11605910958949879	8.3388851329138	0.0	0.5333804891570937	0.0	0.0	1.040568868298317	0.11605910958949879
62000	-39.40085716220159	-24.371477185407553	-15.02937997679404	0.0	0	1	0	0	1	1	1.3934557690708174	0.865354276084907	0.3681995834402393	0.2154753635381678	1.21301643863842	0.03737291402865672	19.041088974845316	0.0	0.865354276084907	0.0	0.0	1.21301643863842	0.03737291402865672
63000	-46.680261247046744	-25.733071866049066	-20.947189380997678	0.0	1	0	0	1	1	1	0.8295907610083268	0.031835203370857754	0.5174241832992664	1.2849235146687668	2.0936913943903455	0.10199546470154845	624.12698435871	0.8295907610083268	0.0	0.0	1.2849235146687668	2.0936913943903455	0.10199546470154845
64000	-45.74479165027514	-26.507174258733762	-19.237617391541377	0.0	1	1	1	1	1	0	1.0745474016374377	0.46808191571564534	0.15834394887183537	2.5089261492120616	1.2654967643278656	0.6968705494821392	12.884184215100962	1.0745474016374377	0.46808191571564534	0.15834394887183537	2.5089261492120616	1.2654967643278656	0.0
65000	-49.88018871226147	-26.666979245077325	-23.21320946718415	0.0	1	1	1	0	1	1	0.6926232399103088	0.4645149742703395	2.5620095221539523	0.48610324672453076	2.342858961662198	0.7217258960613846	192.01834640419796	0.6926232399103088	0.4645149742703395	2.5620095221539523	0.0	2.342858961662198	0.7217258960613846
66000	-43.80313072919972	-26.70283863506013	-17.10029209413959	0.0	1	0	1	1	1	1	0.9302581448183468	0.42469340979713577	1.5081190726350608	0.24372568301502087	0.05229035444316568	0.07649602879101092	28.241340998247978	0.9302581448183468	0.0	1.5081190726350608	0.24372568301502087	0.05229035444316568	0.07649602879101092
67000	-44.227105037434065	-25.30240059247177	-18.924704444962295	0.0	1	0	0	1	1	0	0.3407204519133123	2.1156656810832146	0.8384272042613243	1.2132874041667217	1.7178226783954975	2.7149040088299508	7.423467563019644	0.3407204519133123	0.0	0.0	1.2132874041667217	1.7178226783954975	0.0
68000	-42.008281801965	-26.17922780565015	-15.829053996314844	0.0	1	0	1	1	1	0	0.674925668439347	0.261383288942193	0.4666982113616405	0.43624893286075367	1.2127148119682123	1.5907954196524603	8.55227394055683	0.674925668439347	0.0	0.4666982113616405	0.43624893286075367	1.2127148119682123	0.0
69000	-42.99042698932472	-23.88118546536727	-19.109241523957444	0.0	0	1	1	1	1	1	0.8093000571481253	1.813173736269185	0.48312337787501597	0.7996249622969287	2.33651479236764	0.6848928398874098	5.365044491808124	0.0	1.813173736269185	0.48312337787501597	0.7996249622969287	2.33651479236764	0.6848928398874098
70000	-42.35054283862794	-23.263764838652154	-19.086777999975784	0.0	1	1	1	0	1	0	0.268797810022799	0.6901430944171666	0.511317152379824	4.28652428075136	1.3520968434022465	1.0776208805476926	6.4367184836479225	0.268797810022799	0.6901430944171666	0.511317152379824	0.0	1.3520968434022465	0.0
71000	-47.977509734028416	-27.404853856982925	-20.57265587704549	0.0	0	1	0	1	1	1	0.6439392698357506	0.8257385080333162	3.152003672595064	1.3991584919108362	0.9698766742191386	0.27849859016821343	67.14271287636254	0.0	0.8257385080333162	0.0	1.3991584919108362	0.9698766742191386	0.27849859016821343
72000	-45.38377245160169	-25.187947231401097	-20.195825220200597	0.0	1	0	0	1	1	0	0.42376178619439486	1.3678430066140304	1.1656422995418785	1.0968376159803566	1.865584538467484	4.203394330740553	8.10867101814913	0.42376178619439486	0.0	0.0	1.0968376159803566	1.865584538467484	0.0
73000	-46.978814148865965	-24.16633321659101	-22.812480932274955	0.0	1	1	1	1	1	1	1.748301426440228	0.8994490599098047	2.7990732972452457	0.49956889801852494	2.484104667756547	0.2685491898503875	6.403509118665697	1.748301426440228	0.8994490599098047	2.7990732972452457	0.49956889801852494	2.484104667756547	0.2685491898503875
74000	-44.2810182963128	-25.75386908158267	-18.52714921473013	0.0	1	1	1	1	1	0	1.6205583149342386	0.05846348001893707	1.7616846928110863	0.589357687192525	0.8463940525577196	1.9262541482203914	3.398179849272965	1.6205583149342386	0.05846348001893707	1.7616846928110863	0.589357687192525	0.8463940525577196	0.0
75000	-38.433659133220615	-25.639732450456208	-12.793926682764408	0.0	1	1	1	0	1	0	0.09163907002157297	0.49030522441433255	0.03397967054521493	1.3823859700477819	1.1290037887786268	0.2385373023731184	1.4818668997241744	0.09163907002157297	0.49030522441433255	0.03397967054521493	0.0	1.1290037887786268	0.0
76000	-42.02336593114191	-25.460330222805073	-16.56303570833684	0.0	1	0	0	1	1	1	0.559758067592672	0.1249099384955135	0.12623803465965855	1.102898188300236	1.9047377959864595	0.15424611697696333	33.99108218495495	0.559758067592672	0.0	0.0	1.102898188300236	1.9047377959864595	0.15424611697696333
77000	-41.61834240223827	-24.674017473961136	-16.944324928277133	0.0	1	0	0	1	1	0	0.8620082348960169	0.06875601789464421	0.9529915274605517	1.5834209007705857	2.194686553332861	1.2970251371481285	7.434979721349634	0.8620082348960169	0.0	0.0	1.5834209007705857	2.194686553332861	0.0
78000	-40.48529927267874	-24.570813991126023	-15.914485281552714	0.0	1	1	1	0	1	0	0.2724042545497231	0.34818342852454315	0.3387971596060341	1.4477587653740462	0.5969690011646707	1.7486666748644264	8.346124417790698	0.2724042545497231	0.34818342852454315	0.3387971596060341	0.0	0.5969690011646707	0.0
79000	-42.33545869594212	-24.723979168109178	-17.61147952783294	0.0	0	1	1	0	1	1	1.1457676375621229	0.8089543354241635	0.3055530718957748	1.222754955861136	2.571665890966613	1.205351707854393	3.7260059846159646	0.0	0.8089543354241635	0.3055530718957748	0.0	2.571665890966613	1.205351707854393
80000	-39.65515376452157	-24.59211317427273	-15.063040590248843	0.0	1	0	0	1	1	0	0.4705690497081664	0.5239244517047715	0.9644456825362359	1.3764847526559474	0.7754763457568282	0.5112735760016881	11.679476637473051	0.4705690497081664	0.0	0.0	1.3764847526559474	0.7754763457568282	0.0
81000	-44.11016245460537	-26.05344005634945	-18.056722398255925	0.0	1	0	0	1	1	1	0.47540517327107634	0.46782903802196873	0.9828025128221066	0.8386800590243654	1.58040492116334	0.236381375333858	78.81380859101421	0.47540517327107634	0.0	0.0	0.8386800590243654	1.58040492116334	0.236381375333858
82000	-36.54653854105148	-24.674955160372274	-11.871583380679208	0.0	0	1	1	0	1	1	0.38708308804082314	0.38275620831501816	0.05026509954261514	0.4673850285869291	0.4603188823108719	0.11173471697593987	2.655617044302795	0.0	0.38275620831501816	0.05026509954261514	0.0	0.4603188823108719	0.11173471697593987
83000	-43.42179452888192	-24.03280937671779	-19.388985152164132	0.0	1	1	1	1	1	1	0.8855305607386736	0.6497488408740256	2.3989507575465594	0.3491859540655331	1.3442389855843198	0.1311216445795293	3.9573911689256858	0.8855305607386736	0.6497488408740256	2.3989507575465594	0.3491859540655331	1.3442389855843198	0.1311216445795293
84000	-41.80114789960979	-25.255324578102687	-16.545823321507097	0.0	1	1	1	1	1	1	0.07055383164868995	0.25138701672109187	0.3339324042458675	0.3962940231309582	0.2093226308766195	0.28974689589562264	15.332010935030507	0.07055383164868995	0.25138701672109187	0.3339324042458675	0.3962940231309582	0.2093226308766195	0.28974689589562264
85000	-38.11560199649428	-25.028731448518222	-13.086870547976051	0.0	1	0	0	1	1	0	0.17545322248624076	0.475561690172453	0.6530769026327764	0.4449055548935752	0.24331355871376673	0.05571159093084257	21.052733405488162	0.17545322248624076	0.0	0.0	0.4449055548935752	0.24331355871376673	0.0
86000	-44.5733998593638	-25.438032870463097	-19.135366988900707	0.0	1	0	0	1	1	1	0.3848092261760234	0.5215923965043193	2.215491654474674	2.1226271529130254	0.673658796598897	0.13859987284695138	54.303804985979376	0.3848092261760234	0.0	0.0	2.1226271529130254	0.673658796598897	0.13859987284695138
87000	-40.220058970066134	-26.1317125783015	-14.088346391764635	0.0	0	1	1	0	0	1	0.12928490724868769	0.6696406711742245	0.7059903161920571	0.10509435405544758	1.0218192964248978	0.8969907050134142	13.133365951644585	0.0	0.6696406711742245	0.7059903161920571	0.0	0.0	0.8969907050134142
88000	-42.102023736571596	-24.430220204695697	-17.671803531875902	0.0	0	1	0	0	1	1	0.043502726510913824	2.9946868869989003	0.17606918666570073	0.5865678280715002	3.9048522609314977	0.7786096405003647	3.3587065052092373	0.0	2.9946868869989003	0.0	0.0	3.9048522609314977	0.7786096405003647
89000	-41.37953715432354	-24.438435774709156	-16.94110137961439	0.0	1	0	0	1	1	0	0.8636103274996184	1.014785404346391	0.5658551832615937	1.8472202602195846	1.5741963544391473	0.7708493496225576	10.205128030894292	0.8636103274996184	0.0	0.0	1.8472202602195846	1.5741963544391473	0.0
90000	-50.63669206275435	-25.162435259802283	-25.47425680295207	0.0	1	1	1	1	1	1	0.6703332009056697	0.037132309495029756	1.122282956327322	3.611014934846393	0.6882083592210106	1.096631404742404	299.6614299599831	0.6703332009056697	0.037132309495029756	1.122282956327322	3.611014934846393	0.6882083592210106	1.096631404742404
91000	-47.571452994566954	-25.96687011615588	-21.604582878411072	0.0	1	0	0	1	1	0	0.7990841778534518	1.9344708920330094	0.19371246082844287	3.4144967373588995	1.114375637074455	0.7048196580727915	196.15994627082682	0.7990841778534518	0.0	0.0	3.4144967373588995	1.114375637074455	0.0
92000	-50.62592610779106	-26.208511777359217	-24.41741433043184	0.0	1	1	0	1	1	1	0.5397705277008376	0.9320594801605079	1.1872335452464866	3.719871107548497	1.7429755948146544	0.6002149349747107	155.38798668187266	0.5397705277008376	0.9320594801605079	0.0	3.719871107548497	1.7429755948146544	0.6002149349747107
93000	-41.3330846102613	-27.703729576344532	-13.629355033916768	0.0	1	1	1	0	1	0	0.8605879273224617	0.200890044467805	0.6756866220960148	0.39497771871766973	0.2557677788194808	0.9120172891195374	3.6451281985202684	0.8605879273224617	0.200890044467805	0.6756866220960148	0.0	0.2557677788194808	0.0
94000	-43.98400540874012	-28.792720369697115	-15.191285039043002	0.0	1	0	0	1	1	0	0.19786390791411074	0.5577580784421442	0.6365918520849393	2.691768686179392	1.7171529695195875	0.08542382392395301	3.7752515490495315	0.19786390791411074	0.0	0.0	2.691768686179392	1.7171529695195875	0.0
95000	-42.81524146342511	-26.936909162470567	-15.878332300954545	0.0	1	0	0	1	1	0	0.09438681792384061	2.6451445822807633	0.07564964058841583	0.7245277041223827	0.5473023604360694	1.3321878033912142	11.892463887970797	0.09438681792384061	0.0	0.0	0.7245277041223827	0.5473023604360694	0.0
96000	-43.91460028619793	-25.103277802302664	-18.811322483895268	0.0	1	0	1	1	1	0	0.718424482660988	0.41661569268202703	0.9816728827724888	0.5242414894756577	0.7404050463508575	2.154740834879608	65.38746293672821	0.718424482660988	0.0	0.9816728827724888	0.5242414894756577	0.7404050463508575	0.0
97000	-44.44112117317726	-24.59174633609024	-19.84937483708702	0.0	1	1	0	1	1	0	0.26611315540311165	0.09277245343051832	6.126158491391203	0.900980210684717	1.4387799172404914	0.12517849325600675	6.431050004685744	0.26611315540311165	0.09277245343051832	0.0	0.900980210684717	1.4387799172404914	0.0
98000	-44.41726988693438	-24.042778581168577	-20.3744913057658	0.0	1	1	1	0	1	1	0.08485752197133074	1.0120473827968888	1.6679337853238234	2.1931280072898214	1.86933655930274	1.6874548362546442	3.8891099775814224	0.08485752197133074	1.0120473827968888	1.6679337853238234	0.0	1.86933655930274	1.6874548362546442
99000	-40.31128481135896	-26.7496938918729	-13.561590919486061	0.0	1	1	1	0	1	0	0.12159243594735424	0.4608450217834014	0.16890295876202346	0.6392702192960814	0.3766653059047281	2.24902826953474	1.666035311466208	0.12159243594735424	0.4608450217834014	0.16890295876202346	0.0	0.3766653059047281	0.0
100000	-42.36840945721771	-24.478918765942044	-17.889490691275668	0.0	1	1	1	1	1	1	0.12366749118535843	0.44707234035159654	0.644285717699043	0.054113631566474175	1.4073661443228354	0.13402981527757182	16.66092408866145	0.12366749118535843	0.44707234035159654	0.644285717699043	0.054113631566474175	1.4073661443228354	0.13402981527757182
101000	-41.486101483650074	-26.048421753575177	-15.437679730074894	0.0	1	0	0	1	1	0	0.5506849331153022	0.5600704166536586	0.05772709402198826	0.672620578727309	0.5636054002583576	2.8115902878762267	9.397205015242292	0.5506849331153022	0.0	0.0	0.672620578727309	0.5636054002583576	0.0
102000	-46.99330383475738	-25.04333657962064	-21.949967255136738	0.0	1	1	1	1	0	1	0.2408608208298726	0.41616250128654403	3.277460183354992	0.647771714561128	2.107323940258086	1.6384857037623868	22.28032104675063	0.2408608208298726	0.41616250128654403	3.277460183354992	0.647771714561128	0.0	1.6384857037623868
103000	-39.04846986387879	-23.425931231773593	-15.622538632105204	0.0	1	1	1	0	1	0	0.1549719617408595	0.72101961671591	0.4025885890818652	2.1169552599801857	1.2940083892146954	0.4308988292887054	4.3299120949936105	0.1549719617408595	0.72101961671591	0.4025885890818652	0.0	1.2940083892146954	0.0
104000	-52.85190276385667	-25.42241467163794	-27.429488092218733	0.0	0	1	1	1	0	1	1.7463371379078063	0.5005997662125289	0.8500594126160361	2.137850245927622	3.041905745819472	2.626040416893264	806.7232696827328	0.0	0.5005997662125289	0.8500594126160361	2.137850245927622	0.0	2.626040416893264
105000	-51.32250566330577	-25.124237150602287	-26.198268512703482	0.0	0	1	1	0	1	1	1.7291006588794853	1.0203570684632834	0.9084170595258221	0.7343432064049632	2.4731129992166285	0.6349979125681041	2047.5032165392872	0.0	1.0203570684632834	0.9084170595258221	0.0	2.4731129992166285	0.6349979125681041
106000	-41.142754481600875	-25.478953112023326	-15.66380136957755	0.0	1	0	1	1	0	1	0.21765777320681476	0.12573375679072815	0.8897788862466075	0.49523419521511763	0.971597342908206	0.18316404334037636	40.84623186212487	0.21765777320681476	0.0	0.8897788862466075	0.49523419521511763	0.0	0.18316404334037636
107000	-43.23236140105412	-23.56390333005111	-19.668458071003013	0.0	0	1	1	1	1	1	0.8657127318622276	1.9970216205384317	0.31688831190199573	0.03477458141747654	3.348621253270401	0.6784971108868696	6.84146607984686	0.0	1.9970216205384317	0.31688831190199573	0.03477458141747654	3.348621253270401	0.6784971108868696
108000	-41.60598950296175	-25.09046721764296	-16.51552228531879	0.0	1	0	0	1	1	1	0.21298204820412495	1.0667566065463252	2.018470014958506	0.4128169406249569	0.6276101278646827	0.03721853868152943	21.914666529614095	0.21298204820412495	0.0	0.0	0.4128169406249569	0.6276101278646827	0.03721853868152943
109000	-44.0513318772208	-24.789139266526973	-19.262192610693823	0.0	1	0	0	1	1	1	0.6096713596304264	1.4992459139696457	0.44791228963752433	1.7679311638163162	1.6723949949641321	0.38108472544291866	45.104078578104705	0.6096713596304264	0.0	0.0	1.7679311638163162	1.6723949949641321	0.38108472544291866
110000	-46.32991818201688	-24.66970975738469	-21.660208424632195	0.0	0	1	1	1	1	1	0.1404591663890519	1.3636413503777853	0.1925832597602572	1.0638271216205213	3.051655964691662	1.3211655420111077	53.431525957608365	0.0	1.3636413503777853	0.1925832597602572	1.0638271216205213	3.051655964691662	1.3211655420111077
111000	-41.34068688893318	-25.062152594698425	-16.278534294234753	0.0	1	1	1	0	1	0	0.6792497426844919	0.33010552143964284	1.019936060167573	1.8957549838636147	1.1466995811048566	0.043605747726906785	8.3583678249643	0.6792497426844919	0.33010552143964284	1.019936060167573	0.0	1.1466995811048566	0.0
112000	-52.89725343062397	-23.687072849798746	-29.210180580825224	0.0	1	1	0	1	1	1	0.17720183222337307	4.532566591222469	2.12201950661952	0.7129778348462503	8.835039620416016	0.6574352954958034	5.313626711433624	0.17720183222337307	4.532566591222469	0.0	0.7129778348462503	8.835039620416016	0.6574352954958034
113000	-44.094890124878084	-26.15340225349749	-17.941487871380595	0.0	1	1	0	1	1	0	1.1072386665366387	0.6123732013194367	2.009224236866817	0.5161971957284381	2.6797370139942362	1.1388285716522981	2.3226868539369994	1.1072386665366387	0.6123732013194367	0.0	0.5161971957284381	2.6797370139942362	0.0
114000	-38.640104833002724	-24.001969559972117	-14.63813527303061	0.0	1	1	0	0	1	0	0.04589641897437458	0.8924340643342391	0.46904011141009194	0.5883622165097727	2.1505201946699106	0.31998191011808463	8.947128481212431	0.04589641897437458	0.8924340643342391	0.0	0.0	2.1505201946699106	0.0
115000	-41.84414168702388	-25.569929318131173	-16.274212368892705	0.0	0	1	0	1	1	1	0.4638760448292489	1.7500758375373944	0.17905563921764306	0.6455514388236483	2.0366785835660037	0.1367769926437897	7.560789662457938	0.0	1.7500758375373944	0.0	0.6455514388236483	2.0366785835660037	0.1367769926437897
116000	-38.796953286150426	-24.39216706755103	-14.404786218599394	0.0	0	1	1	0	0	1	0.5681822892805268	0.4954833088866579	1.3293194663604007	0.5353549738391707	0.6778352779292672	1.1141769401168058	5.5113933393796914	0.0	0.4954833088866579	1.3293194663604007	0.0	0.0	1.1141769401168058
117000	-39.28672188801157	-25.723080619173434	-13.563641268838136	0.0	1	1	0	1	1	0	0.29282321578277765	0.005413065449102398	0.7975076575500044	1.310466229148147	1.0392712573054446	0.19668294553829796	2.42602168320062	0.29282321578277765	0.005413065449102398	0.0	1.310466229148147	1.0392712573054446	0.0
118000	-41.01759371987968	-24.64055264328522	-16.37704107659446	0.0	1	1	1	0	1	0	0.12637754030060364	1.229326558093374	0.5416620618659067	0.18919335389633254	1.9559689355027863	0.0523476815173036	25.19171977574263	0.12637754030060364	1.229326558093374	0.5416620618659067	0.0	1.9559689355027863	0.0
119000	-45.60942442982528	-29.36940537759394	-16.240019052231343	0.0	0	1	0	0	1	1	0.6855650578558222	1.7075505614112942	0.9071593232388323	2.5799532464659167	1.3112855754048267	0.06264808406525829	2.7464499283228556	0.0	1.7075505614112942	0.0	0.0	1.3112855754048267	0.06264808406525829
120000	-42.46625894792325	-24.90188363678197	-17.56437531114128	0.0	1	1	1	0	1	0	0.3348204001470452	1.2100002196116038	0.9173479180929749	1.4064556334078318	2.0379983476462753	2.0407604472648164	1.7897935372774119	0.3348204001470452	1.2100002196116038	0.9173479180929749	0.0	2.0379983476462753	0.0
121000	-47.62750252533618	-25.308593293533413	-22.31890923180277	0.0	0	1	1	1	0	1	0.7974298490736839	0.5533748735689997	1.8082011296298648	1.2955498272818535	0.5027725930855405	1.442348272817741	561.416217311467	0.0	0.5533748735689997	1.8082011296298648	1.2955498272818535	0.0	1.442348272817741
122000	-44.88545436583338	-25.160521993274166	-19.724932372559216	0.0	1	1	0	1	1	0	0.06336260346760271	0.26339569814911645	3.167742840563453	0.2629322532717081	1.1010642315181478	0.3420562574540055	199.61249969159428	0.06336260346760271	0.26339569814911645	0.0	0.2629322532717081	1.1010642315181478	0.0
123000	-45.90888738056662	-24.720643251070626	-21.188244129495992	0.0	1	1	1	1	1	1	0.6929406065027928	0.1195470307176381	0.2522193348357117	2.799791940437522	1.2334584867296075	0.6114265494176373	24.66436730806021	0.6929406065027928	0.1195470307176381	0.2522193348357117	2.799791940437522	1.2334584867296075	0.6114265494176373
124000	-44.470799091798625	-25.25354093495475	-19.21725815684388	0.0	1	0	0	1	1	1	0.796005119746493	0.19815044985561883	2.4627743973873835	2.1440237023455118	1.018646216866521	0.5220622102299552	20.58073209319549	0.796005119746493	0.0	0.0	2.1440237023455118	1.018646216866521	0.5220622102299552
125000	-43.600954923016644	-24.991502503687	-18.60945241932965	0.0	1	0	0	1	1	0	0.3106411262787199	0.4648122403795474	0.8394809200863538	0.8907712341314002	1.0356449052725123	0.6842701172313701	407.0624090734574	0.3106411262787199	0.0	0.0	0.8907712341314002	1.0356449052725123	0.0
126000	-42.768375758709155	-26.769581878012893	-15.998793880696265	0.0	1	0	1	1	0	1	0.5776080490637948	2.044208873155389	1.1008380212581945	0.840697057915219	0.010508219147743185	0.8300872936577475	4.749174351123847	0.5776080490637948	0.0	1.1008380212581945	0.840697057915219	0.0	0.8300872936577475
127000	-44.27152053090451	-24.005141918375056	-20.26637861252945	0.0	1	1	1	1	1	1	0.3627574435698218	0.9265092273478185	1.1752559271111704	0.25834572270605244	2.198833816990799	0.5905717593543248	12.091038415747038	0.3627574435698218	0.9265092273478185	1.1752559271111704	0.25834572270605244	2.198833816990799	0.5905717593543248
128000	-45.1354527571369	-25.065407214632547	-20.07004554250436	0.0	0	1	1	0	1	1	1.3711424193687936	0.5782321326824561	0.5395772042865142	3.281228014805563	1.5211914168120753	0.30937904630515145	30.22867694474365	0.0	0.5782321326824561	0.5395772042865142	0.0	1.5211914168120753	0.30937904630515145
129000	-42.039274749765696	-24.353127193610064	-17.68614755615563	0.0	0	1	1	0	0	1	0.15257143525101596	0.9532347464597137	2.347087526534746	0.8137015760957326	1.2524918999137626	2.5008194011044447	5.4124685736329905	0.0	0.9532347464597137	2.347087526534746	0.0	0.0	2.5008194011044447
130000	-43.59897045930231	-24.010974832006553	-19.587995627295758	0.0	0	1	0	0	1	1	3.205019262375143	0.4649533158309745	0.028928315750970542	4.8739040956328905	1.1990560281622642	0.22575462111335115	5.0186580262687475	0.0	0.4649533158309745	0.0	0.0	1.1990560281622642	0.22575462111335115
131000	-39.173653131286414	-24.823941712168367	-14.349711419118044	0.0	1	0	0	1	1	0	0.9366378170267954	0.06976202768365529	0.16784920340030504	1.992938410901608	1.4627050683039193	0.5499993687467966	3.2999310460802973	0.9366378170267954	0.0	0.0	1.992938410901608	1.4627050683039193	0.0
132000	-43.77074299869727	-24.000553839113145	-19.770189159584127	0.0	0	1	1	1	1	1	0.4655099191655794	1.5933439837169456	1.1742633506670679	0.4679596384147021	1.7991601906993864	1.288690005790333	11.856268441579932	0.0	1.5933439837169456	1.1742633506670679	0.4679596384147021	1.7991601906993864	1.288690005790333
133000	-44.094938684402074	-23.861116840166325	-20.23382184423575	0.0	0	1	1	1	1	1	0.6338217875403878	1.4013560416058315	1.0233606250715128	0.58022299714589	2.7678010216926756	0.8594304684017293	11.699741861342758	0.0	1.4013560416058315	1.0233606250715128	0.58022299714589	2.7678010216926756	0.8594304684017293
134000	-48.714257555842444	-25.258680137099304	-23.45557741874314	0.0	1	0	1	1	0	1	0.667883497956613	0.9654682523396647	3.183768762485788	1.5060841472814057	0.556408412408787	0.7095157159089661	542.6310521525328	0.667883497956613	0.0	3.183768762485788	1.5060841472814057	0.0	0.7095157159089661
135000	-44.168103283930265	-25.684435004564207	-18.483668279366054	0.0	0	1	1	1	0	1	1.6741294866628413	0.13074707049243753	0.19101179234983454	0.0697783408830405	0.22066028009698332	0.4173112367906137	512.7659695167629	0.0	0.13074707049243753	0.19101179234983454	0.0697783408830405	0.0	0.4173112367906137
136000	-39.61146229405271	-25.056671552239276	-14.554790741813429	0.0	0	1	1	1	0	1	0.07814084155528071	0.3845294876307161	1.1998480849822235	0.04403365817838264	0.02885427621041391	0.5713665466021375	24.365331829615073	0.0	0.3845294876307161	1.1998480849822235	0.04403365817838264	0.0	0.5713665466021375
137000	-41.66252204937038	-24.271656397247103	-17.39086565212328	0.0	0	1	1	0	0	1	0.09040123728341846	0.9049163074519594	2.064051535189468	0.4981281568465552	0.8213086009922598	2.4930643107491255	12.61770490977052	0.0	0.9049163074519594	2.064051535189468	0.0	0.0	2.4930643107491255
138000	-40.13579443285413	-23.429984240013113	-16.70581019284101	0.0	0	1	1	0	1	1	0.3838083552877322	0.8611740662705917	0.9758885723460348	1.07220779563979	1.72888301839709	0.7946821694033784	6.36597136132797	0.0	0.8611740662705917	0.9758885723460348	0.0	1.72888301839709	0.7946821694033784
139000	-52.6798582932709	-26.086058991541922	-26.59379930172897	0.0	0	1	1	1	1	1	0.10438421324542292	0.8366948475440924	1.0816889186954344	4.824309365447602	3.297712306046469	3.470292433441823	11.826457115387662	0.0	0.8366948475440924	1.0816889186954344	4.824309365447602	3.297712306046469	3.470292433441823
140000	-36.33314600276219	-24.783236357952838	-11.549909644809354	0.0	0	1	0	0	1	1	0.03351102544540132	0.36618533017565574	0.280071180220681	0.37095980478966284	0.9257481233822615	0.4242948497539581	3.2325397835216294	0.0	0.36618533017565574	0.0	0.0	0.9257481233822615	0.4242948497539581
141000	-45.37666688125105	-25.51867830777349	-19.857988573477556	0.0	1	1	1	0	0	1	0.1299787871451964	0.3524559419641519	0.7229078054094779	0.0960561890581409	0.4094660191608817	0.6360881782934069	1308.154783485776	0.1299787871451964	0.3524559419641519	0.7229078054094779	0.0	0.0	0.6360881782934069
142000	-43.36998923030151	-25.199500831102544	-18.170488399198973	0.0	1	0	1	1	0	1	0.29073687322787156	2.1366739844682354	1.4683975051660678	0.3596550991495553	0.13332177316889784	0.19030742539599124	87.74547734508755	0.29073687322787156	0.0	1.4683975051660678	0.3596550991495553	0.0	0.19030742539599124
143000	-40.52395355697574	-26.06321000262671	-14.460743554349026	0.0	1	0	0	1	1	1	0.37442027951776274	1.4820016174644486	0.7294806725864972	0.4532095252555944	0.45760090235852807	0.06251184107099202	6.444666706165957	0.37442027951776274	0.0	0.0	0.4532095252555944	0.45760090235852807	0.06251184107099202
144000	-41.55219215562563	-24.37408800080945	-17.178104154816182	0.0	0	1	1	0	1	1	0.3397363777362659	0.801282369678544	0.5604113697415417	0.07852248097079767	2.5402950123416574	0.6655586347114378	23.073363211531934	0.0	0.801282369678544	0.5604113697415417	0.0	2.5402950123416574	0.6655586347114378
145000	-39.66681169546091	-24.563544895440867	-15.103266800020045	0.0	1	0	1	1	1	0	0.8584435917063117	0.05601643078809654	0.10210652897961994	1.5883658251947486	2.0207197940774524	0.24975915450364994	3.2938901184795424	0.8584435917063117	0.0	0.10210652897961994	1.5883658251947486	2.0207197940774524	0.0
146000	-40.76493012065811	-25.711560459694716	-15.053369660963394	0.0	0	1	0	0	1	1	0.029472368143362827	0.7463036301882527	0.051301333242734865	0.007880180138978402	3.2417596491927796	0.5644330479081014	11.35302233332287	0.0	0.7463036301882527	0.0	0.0	3.2417596491927796	0.5644330479081014
147000	-45.24760376487863	-25.34401575550866	-19.90358800936997	0.0	1	0	0	1	1	0	1.3863766127881074	0.3094178479103055	0.12321862123923592	2.2252810065472133	2.9886632086869187	0.6804885198093686	63.85602127874887	1.3863766127881074	0.0	0.0	2.2252810065472133	2.9886632086869187	0.0
148000	-40.49778971032386	-24.43695784980566	-16.0608318605182	0.0	1	0	0	1	1	0	0.20126328831767495	4.2689191137930695	0.022577637802867815	0.6622423079116481	0.5939916063129435	0.08468867388557975	9.451111305591862	0.20126328831767495	0.0	0.0	0.6622423079116481	0.5939916063129435	0.0
149000	-40.50828434637091	-25.31469727915761	-15.193587067213297	0.0	1	1	1	0	1	0	0.3587382562174988	0.7914935441860961	2.4215460929726236	0.08290245393605286	1.6830764786916488	0.02815607422885333	2.209073696395482	0.3587382562174988	0.7914935441860961	2.4215460929726236	0.0	1.6830764786916488	0.0
150000	-40.717720965202844	-24.061202745308943	-16.656518219893897	0.0	0	1	0	0	1	1	1.3248636454620935	0.39131641014918195	2.0226965783254682	1.4872452061983412	1.2268089195722254	0.11511935150413505	8.23611377200767	0.0	0.39131641014918195	0.0	0.0	1.2268089195722254	0.11511935150413505
151000	-46.156745371306464	-29.446899214585194	-16.70984615672127	0.0	0	1	1	0	0	1	0.17636468265803762	0.3336649635156419	0.18120270660729598	3.5483015810071508	0.3065918327848054	2.700498001339772	4.421484323404682	0.0	0.3336649635156419	0.18120270660729598	0.0	0.0	2.700498001339772
152000	-43.84414598510763	-25.37296200476266	-18.471183980344968	0.0	0	1	0	1	1	1	0.22358665069463274	0.6081909112716721	1.5101236756585896	1.0375225322797077	1.616633073345981	0.5012700895407761	49.15190840485712	0.0	0.6081909112716721	0.0	1.0375225322797077	1.616633073345981	0.5012700895407761
153000	-42.84997988330444	-24.95804320911209	-17.891936674192355	0.0	1	1	0	1	1	1	0.2433146824093823	1.8359877210565747	1.5677165061731249	0.14280574104083515	2.057955101887225	0.024891112284729563	4.559448227478251	0.2433146824093823	1.8359877210565747	0.0	0.14280574104083515	2.057955101887225	0.024891112284729563
154000	-45.32748026712853	-26.263340978916844	-19.064139288211685	0.0	0	1	1	0	1	1	1.6828058660427772	0.5575356158024094	0.7961190959989374	0.20927313719762233	0.34260884169214895	1.928500415146788	84.25055647249913	0.0	0.5575356158024094	0.7961190959989374	0.0	0.34260884169214895	1.928500415146788
155000	-43.92596891889236	-25.224124436813142	-18.701844482079217	0.0	0	1	1	1	0	1	2.5744221625234416	0.5930572641592576	0.9562818738092747	0.04235946945190323	0.5879619662051968	1.3674400740587371	33.66597892320544	0.0	0.5930572641592576	0.9562818738092747	0.04235946945190323	0.0	1.3674400740587371
156000	-43.592113690262764	-24.28579326384891	-19.30632042641386	0.0	1	1	0	1	1	0	0.18136695671465566	0.7982840640762653	1.8997135046478064	0.30181258045552295	2.8340948563538815	1.2925732994252297	19.080351560707793	0.18136695671465566	0.7982840640762653	0.0	0.30181258045552295	2.8340948563538815	0.0
157000	-45.475380577462914	-24.424699966254373	-21.050680611208538	0.0	1	1	0	1	1	0	1.1105958023021805	2.0156020474519627	1.4053683442155611	1.6686239046608629	4.955023438635355	0.22268086848324528	1.8924026578562376	1.1105958023021805	2.0156020474519627	0.0	1.6686239046608629	4.955023438635355	0.0
158000	-39.57272272576549	-25.017109408268375	-14.555613317497116	0.0	0	1	0	1	1	1	0.1617432433319479	0.23117990413501444	0.7653111063142257	0.25362975207765454	0.7265574040873404	0.5094600101437321	17.452012286412167	0.0	0.23117990413501444	0.0	0.25362975207765454	0.7265574040873404	0.5094600101437321
159000	-41.472449122956306	-24.04247672820347	-17.429972394752838	0.0	1	1	1	0	1	0	0.2637460756617489	0.8184212655400764	1.5009549642877873	2.023940143011919	1.770896245484541	0.2754457889807574	5.691257382320864	0.2637460756617489	0.8184212655400764	1.5009549642877873	0.0	1.770896245484541	0.0
160000	-39.39978533057423	-24.587187143983762	-14.812598186590474	0.0	1	0	0	1	1	1	0.38308592380489015	0.1947733952566245	0.8424335944175103	1.5956187673612316	0.9015086927473625	0.15347939983939837	5.497102586204325	0.38308592380489015	0.0	0.0	1.5956187673612316	0.9015086927473625	0.15347939983939837
161000	-37.10302267618251	-24.375634329044157	-12.727388347138355	0.0	0	1	1	0	0	1	0.08941959099294286	0.18871032792108383	0.5260742856147225	1.4677954416101306	0.20208043588701205	0.5477607163297162	5.628455148769377	0.0	0.18871032792108383	0.5260742856147225	0.0	0.0	0.5477607163297162
162000	-45.226895123548324	-24.920276586615508	-20.306618536932817	0.0	0	1	1	0	0	1	1.9212608315712105	0.26094616095717604	0.4293445223164593	7.109366939469987	0.5178195771977954	0.3773920496321278	5.54471192959049	0.0	0.26094616095717604	0.4293445223164593	0.0	0.0	0.3773920496321278
163000	-39.658064969806425	-23.831660405717766	-15.826404564088657	0.0	0	1	0	1	1	1	1.1169693732371713	0.6274753216776491	2.0444650107820967	0.13480121722767804	1.2139589090005642	0.270073599432679	3.9843523391707185	0.0	0.6274753216776491	0.0	0.13480121722767804	1.2139589090005642	0.270073599432679
164000	-50.78875489731597	-24.9915731712701	-25.797181726045867	0.0	1	0	1	1	0	1	0.34562471836003594	2.1742064120166225	0.8384483629495809	1.745250801314219	2.5391485815504597	2.230004764899849	563.3126811353015	0.34562471836003594	0.0	0.8384483629495809	1.745250801314219	0.0	2.230004764899849
165000	-47.80612588604042	-24.93265917438285	-22.873466711657574	0.0	0	1	1	0	1	1	0.9414783248552345	0.7214652762319199	2.1246144108675744	0.8993903831432004	0.4102987935434802	1.2686719042943568	798.1939617676186	0.0	0.7214652762319199	2.1246144108675744	0.0	0.4102987935434802	1.2686719042943568
166000	-42.637915683697386	-25.45866235068257	-17.17925333301482	0.0	1	1	1	0	0	1	0.46224735852863263	0.910831732042001	2.3830709626138473	0.4605976590850816	0.6345359594226159	1.9535358087175907	3.812462419341807	0.46224735852863263	0.910831732042001	2.3830709626138473	0.0	0.0	1.9535358087175907
167000	-37.33250623448046	-23.232182559531054	-14.100323674949408	0.0	1	1	1	0	1	0	0.1290569933985165	0.2824360831894976	0.23839083078652754	1.4052735160673844	0.7100970913654232	0.7157363780287062	4.866448048883075	0.1290569933985165	0.2824360831894976	0.23839083078652754	0.0	0.7100970913654232	0.0
168000	-38.78730612272819	-25.53572331300737	-13.25158280972082	0.0	0	1	1	0	1	1	0.4037072298243402	0.526983736958577	0.2909476051002787	0.6522431672320389	0.9539318401927448	0.8091814196156377	1.785498466435256	0.0	0.526983736958577	0.2909476051002787	0.0	0.9539318401927448	0.8091814196156377
169000	-42.497949921240924	-25.860157638120807	-16.637792283120117	0.0	1	0	0	1	1	0	0.35263447369028367	1.6579517112407829	0.9851121255512133	0.4267354912617764	0.7310914183717343	1.543932248494726	19.11284101210317	0.35263447369028367	0.0	0.0	0.4267354912617764	0.7310914183717343	0.0
170000	-42.952954029455704	-24.67831214108027	-18.274641888375434	0.0	1	1	1	0	1	0	0.7950846273862626	1.1572159324872642	0.25364197165579516	2.7590666138706537	3.1687410895365002	0.6254221858860124	1.6171229481188154	0.7950846273862626	1.1572159324872642	0.25364197165579516	0.0	3.1687410895365002	0.0
171000	-45.621681909832375	-27.041394697592576	-18.580287212239803	0.0	1	0	0	1	1	0	0.17626606831377467	1.0365640963655691	0.7035216219530194	1.6981087724009998	0.6060729737924117	1.8941887005408622	82.56620480946869	0.17626606831377467	0.0	0.0	1.6981087724009998	0.6060729737924117	0.0
172000	-44.00962574767422	-26.387515768331046	-17.622109979343172	0.0	0	1	0	0	1	1	1.3889269360247307	1.6204547005814345	1.102819545911351	1.010543936411512	2.903612091737811	0.09650547676666445	4.583095533833959	0.0	1.6204547005814345	0.0	0.0	2.903612091737811	0.09650547676666445
173000	-43.6453468837406	-25.832265885281462	-17.813080998459135	0.0	1	0	1	1	1	0	0.902690443365722	0.7351299027985432	0.7094363086785361	0.49397531003855455	0.7044615915303108	1.2549054115097367	50.995329703068826	0.902690443365722	0.0	0.7094363086785361	0.49397531003855455	0.7044615915303108	0.0
174000	-44.96773328942562	-28.1427231380879	-16.825010151337718	0.0	0	1	1	0	1	1	0.9590803420938603	0.6556713609397169	2.3879471244943584	1.4853737980337618	0.9909992096017283	0.6728862421610063	1.8929054062634556	0.0	0.6556713609397169	2.3879471244943584	0.0	0.9909992096017283	0.6728862421610063
175000	-44.63949419148893	-24.73979515723682	-19.89969903425211	0.0	1	0	1	1	1	0	1.2162004751958726	0.25487709783070756	2.19788326727609	3.031461380668219	1.5898360155195848	0.3914500808419442	8.825615793608415	1.2162004751958726	0.0	2.19788326727609	3.031461380668219	1.5898360155195848	0.0
176000	-42.66825052994231	-26.925080769131046	-15.743169760811265	0.0	0	1	1	0	0	1	1.5572580211413278	0.6499658082194223	0.6555296294233752	1.6090889025506065	0.36548631450931707	0.5823083924691649	10.398524400917683	0.0	0.6499658082194223	0.6555296294233752	0.0	0.0	0.5823083924691649
177000	-40.460088882114775	-25.1154621739006	-15.344626708214177	0.0	0	1	1	0	0	1	0.07118601032964476	0.130534573957639	0.5865456564530211	0.7894600794270832	0.23258619916911144	0.3192165955454598	161.5508067145335	0.0	0.130534573957639	0.5865456564530211	0.0	0.0	0.3192165955454598
178000	-50.28067632113209	-25.34909968386712	-24.93157663726497	0.0	1	0	1	1	1	1	1.2669980456563497	0.06425681747003345	1.2302574240004516	1.5356936098492935	1.6662092512527604	0.7601669700546219	1004.068680567227	1.2669980456563497	0.0	1.2302574240004516	1.5356936098492935	1.6662092512527604	0.7601669700546219
179000	-47.13030725279289	-25.526764041716927	-21.603543211075966	0.0	1	0	0	1	1	0	1.40783946098486	0.6820110852947912	1.8578114331280091	3.8231725999400212	1.731104254047275	0.7138595174397029	29.598456235288417	1.40783946098486	0.0	0.0	3.8231725999400212	1.731104254047275	0.0
180000	-43.88617985661962	-24.546855902875027	-19.33932395374459	0.0	0	1	1	1	1	1	0.11026407166342728	0.7875058006304089	0.37786820938897325	1.0076893756906309	1.684720942110567	2.1887740958810245	14.464347784206929	0.0	0.7875058006304089	0.37786820938897325	1.0076893756906309	1.684720942110567	2.1887740958810245
181000	-40.406988817213175	-25.88622665582177	-14.520762161391405	0.0	1	1	0	1	1	0	0.1402726163244859	0.7049921633055998	1.5223296027843243	0.544538157449547	1.8817941569199113	0.15482834386923985	1.7111210963615202	0.1402726163244859	0.7049921633055998	0.0	0.544538157449547	1.8817941569199113	0.0
182000	-41.28641462115703	-26.437747615761186	-14.848667005395844	0.0	1	1	0	1	1	0	0.3267405233637511	0.4899654303185586	0.34599762236904763	2.169453129168056	1.9816868913935974	0.02734606491731222	1.604258035292688	0.3267405233637511	0.4899654303185586	0.0	2.169453129168056	1.9816868913935974	0.0
183000	-43.006086941670844	-26.644559046789453	-16.361527894881394	0.0	1	1	1	1	0	1	0.2639703655083828	0.07625912924965825	0.34839185540465833	0.04731296561999064	1.6842272215661347	0.17237767248753444	25.725650644579684	0.2639703655083828	0.07625912924965825	0.34839185540465833	0.04731296561999064	0.0	0.17237767248753444
184000	-43.10921757371145	-24.098519393552586	-19.01069818015886	0.0	1	1	0	1	1	1	0.16470987396383133	0.47820842530512825	3.956515091242285	0.46131841121083317	1.6775711018088273	0.34527067949549867	4.159307893429499	0.16470987396383133	0.47820842530512825	0.0	0.46131841121083317	1.6775711018088273	0.34527067949549867
185000	-39.048345557249206	-23.48732291273985	-15.561022644509356	0.0	1	1	1	0	1	0	0.46203333716456596	0.45324811659604347	1.0951893931548473	0.9189643238897619	1.2070750499640088	1.149492452403036	3.452581221495977	0.46203333716456596	0.45324811659604347	1.0951893931548473	0.0	1.2070750499640088	0.0
186000	-42.943702622626326	-23.624625491019877	-19.31907713160645	0.0	0	1	1	1	1	1	2.4611786673843796	1.1762677223846987	0.30334233299900015	0.4453265840595553	2.008273795376687	0.847069406252166	4.832382566104381	0.0	1.1762677223846987	0.30334233299900015	0.4453265840595553	2.008273795376687	0.847069406252166
187000	-45.44140285090046	-27.552935526197484	-17.88846732470298	0.0	0	1	1	0	0	1	1.3111431375521074	0.25367944031187933	1.0218780344124667	1.3841486404309655	0.1840001005452176	2.198992267172972	34.13122886612685	0.0	0.25367944031187933	1.0218780344124667	0.0	0.0	2.198992267172972
188000	-42.479729251394986	-23.6876952016989	-18.79203404969609	0.0	0	1	0	1	1	1	1.3268793805038928	0.70324083073781	2.6794913916236496	0.2791386358918732	1.4186517609296787	0.20817574255445392	22.718434086536238	0.0	0.70324083073781	0.0	0.2791386358918732	1.4186517609296787	0.20817574255445392
189000	-44.338789210399064	-25.36587473767651	-18.972914472722554	0.0	1	1	1	1	1	1	0.3068710061977232	0.24704687093156677	1.4385715640626506	0.012511003859276585	0.38486784825676906	0.6802347921277911	37.23150988507665	0.3068710061977232	0.24704687093156677	1.4385715640626506	0.012511003859276585	0.38486784825676906	0.6802347921277911
190000	-52.23192845558165	-25.767084054246506	-26.46484440133515	0.0	1	1	1	1	1	1	0.7430420691957128	1.1434924188794555	0.3144729034134686	3.8576960637354576	2.0810776629325574	1.2286254761260993	113.89085755315278	0.7430420691957128	1.1434924188794555	0.3144729034134686	3.8576960637354576	2.0810776629325574	1.2286254761260993
191000	-46.907094682151865	-25.731676849902247	-21.17541783224962	0.0	1	1	1	0	1	1	1.5831469069636879	0.950189386389313	2.604042890666515	0.8390011958947883	0.9177334394058347	0.7750136823487439	19.892957792180216	1.5831469069636879	0.950189386389313	2.604042890666515	0.0	0.9177334394058347	0.7750136823487439
192000	-42.36838348043973	-27.137496829044498	-15.230886651395236	0.0	1	1	0	1	1	1	0.5953553890695171	0.9591886542681083	0.05332912711085409	0.22579864067396355	2.856742445659939	0.44073712517905345	0.6700807056501767	0.5953553890695171	0.9591886542681083	0.0	0.22579864067396355	2.856742445659939	0.44073712517905345
193000	-43.47547869745127	-25.488301897418268	-17.987176800033005	0.0	0	1	1	0	0	1	1.729012770626285	1.0325023604512507	1.2583031059778087	2.089055812464041	0.829860604975987	1.359599539776269	5.535634848620093	0.0	1.0325023604512507	1.2583031059778087	0.0	0.0	1.359599539776269
194000	-48.39633260314299	-27.420638186929914	-20.975694416213074	0.0	0	1	1	0	0	1	2.7127396686782417	0.7392895274402804	0.6753074824304388	0.33208287783033585	0.09345239213763769	1.292629952010166	664.2382862486639	0.0	0.7392895274402804	0.6753074824304388	0.0	0.0	1.292629952010166
195000	-40.827757602703215	-24.414452661553884	-16.41330494114933	0.0	0	1	1	1	1	1	0.10428070082651988	0.4866155621966926	1.6442835575663775	0.23252271518662287	0.07198336965315101	1.0107906475431794	10.54463731186513	0.0	0.4866155621966926	1.6442835575663775	0.23252271518662287	0.07198336965315101	1.0107906475431794
196000	-41.831221283294866	-25.377555881114855	-16.45366540218001	0.0	1	1	1	0	1	1	0.5401575266562412	0.28354025677667033	1.2763403555776713	0.7456749755372283	0.7958173358291635	0.6839828973051753	5.0818427223923255	0.5401575266562412	0.28354025677667033	1.2763403555776713	0.0	0.7958173358291635	0.6839828973051753
197000	-41.5187558753572	-28.76856860588517	-12.750187269472033	0.0	1	1	0	0	1	0	0.3899336888577248	1.200484530845962	1.4937950426078814	0.013609589135408457	0.803008171530371	0.17424721800621099	2.013719223435653	0.3899336888577248	1.200484530845962	0.0	0.0	0.803008171530371	0.0
198000	-46.73828600527425	-26.124988019584293	-20.613297985689954	0.0	1	0	1	1	1	1	1.2039672308904616	0.3988980707230241	0.7107070011939016	3.027015133112768	0.7367176425905803	1.180907703962871	17.1459005914362	1.2039672308904616	0.0	0.7107070011939016	3.027015133112768	0.7367176425905803	1.180907703962871
199000	-44.20499402626092	-24.943672855266044	-19.26132117099488	0.0	1	0	1	1	1	0	0.7224025915302762	0.24013054636098466	0.5966275268097656	0.9906779797012467	1.2199578599438645	0.37019123189262376	321.23823232133947	0.7224025915302762	0.0	0.5966275268097656	0.9906779797012467	1.2199578599438645	0.0
200000	-48.85748118203098	-24.803662907965936	-24.05381827406504	0.0	1	1	0	1	1	1	0.32702043630079214	0.27527975757756873	0.27108270358637354	1.5617639201217066	1.4585924427372097	0.8205113573653225	1520.8488313564578	0.32702043630079214	0.27527975757756873	0.0	1.5617639201217066	1.4585924427372097	0.8205113573653225
201000	-41.15015088535801	-25.637756559249276	-15.512394326108733	0.0	0	1	0	0	1	1	0.05068135465273898	1.8350327349874171	0.3267019633189186	0.2569871836363092	3.7446004305423313	0.6869686831197541	1.889584243673023	0.0	1.8350327349874171	0.0	0.0	3.7446004305423313	0.6869686831197541
202000	-37.68376402436418	-24.651238775518355	-13.032525248845822	0.0	0	1	1	0	0	1	0.10075446689973275	0.2927472833802536	0.8399492274777364	0.3043100789020499	0.3601548162437696	1.245913740859767	6.7533615845033905	0.0	0.2927472833802536	0.8399492274777364	0.0	0.0	1.245913740859767
203000	-46.09976116694471	-26.05092506798782	-20.04883609895689	0.0	1	1	1	0	0	1	0.005662095432669652	0.23918042574156034	0.48728908623002437	0.4568811173340174	3.1910274238896608	1.060507111291619	213.99901542954754	0.005662095432669652	0.23918042574156034	0.48728908623002437	0.0	0.0	1.060507111291619
204000	-41.74964171256248	-24.539178717029714	-17.21046299553277	0.0	0	1	1	1	1	1	0.9526573637634901	0.32490318776692195	0.9475923977109926	0.24823384879165003	0.16606442199683574	0.8988203505935473	23.40426175399452	0.0	0.32490318776692195	0.9475923977109926	0.24823384879165003	0.16606442199683574	0.8988203505935473
205000	-46.306456780058014	-25.903026024159093	-20.403430755898917	0.0	0	1	1	1	0	1	1.7730221108768347	0.5988237661346253	0.7859966191352201	1.4838137287311706	0.5328366801578226	2.1771408820001943	52.9391218399263	0.0	0.5988237661346253	0.7859966191352201	1.4838137287311706	0.0	2.1771408820001943
206000	-47.16008966684568	-26.25581894822203	-20.904270718623653	0.0	1	1	1	0	1	0	1.3710506414370485	0.20223093102308762	1.7768216287424763	0.09462800012028606	0.5316549192371341	1.0903629265894788	532.5111180710277	1.3710506414370485	0.20223093102308762	1.7768216287424763	0.0	0.5316549192371341	0.0
207000	-39.052651045854354	-23.663855495347423	-15.388795550506929	0.0	0	1	1	1	1	1	0.45676378442318044	0.4486893098938975	0.32851128942643704	0.1221497873508264	0.983360408216355	0.6244619826360036	6.827309420961603	0.0	0.4486893098938975	0.32851128942643704	0.1221497873508264	0.983360408216355	0.6244619826360036
208000	-48.08505210532654	-25.83163017448973	-22.253421930836808	0.0	1	0	1	1	1	0	0.771695014310457	1.3665080857375003	0.3685596316506926	1.8018533983237779	3.1663736229331714	1.3744090320577818	73.76433198497298	0.771695014310457	0.0	0.3685596316506926	1.8018533983237779	3.1663736229331714	0.0
209000	-40.60569992904626	-24.7134463607947	-15.892253568251563	0.0	1	1	1	0	1	0	0.4129080958570907	0.5471004360739443	0.8907272082958213	0.39782187853957063	1.1404821296625576	0.16143596959071074	26.700379211444183	0.4129080958570907	0.5471004360739443	0.8907272082958213	0.0	1.1404821296625576	0.0
210000	-42.112858865487176	-23.636443252038315	-18.47641561344886	0.0	1	1	1	0	1	0	0.7798160229916984	1.1184929095087521	2.2768135714014366	0.3391635910294191	1.9995310949537015	1.0977414663469023	6.213879890940658	0.7798160229916984	1.1184929095087521	2.2768135714014366	0.0	1.9995310949537015	0.0
211000	-40.98168379198292	-24.824117223490656	-16.157566568492257	0.0	1	1	1	0	1	0	0.3966335274372065	0.27836882586648853	0.4167130989016923	1.5931192579939764	1.1758308747646122	2.544256844782672	2.049565501621265	0.3966335274372065	0.27836882586648853	0.4167130989016923	0.0	1.1758308747646122	0.0
212000	-46.54056284018458	-24.703064673754238	-21.837498166430343	0.0	0	1	0	1	1	1	1.7937387908960774	1.3757530764639203	1.4761789747146612	1.0161951312535533	2.7819928855204314	1.417243469926054	18.670924968791482	0.0	1.3757530764639203	0.0	1.0161951312535533	2.7819928855204314	1.417243469926054
213000	-41.592050584097066	-26.87710813518161	-14.714942448915451	0.0	1	1	0	0	1	1	1.0696442652105862	2.2217516106395503	0.15323572580614644	0.010819008541118847	1.9486061438445768	0.39909680835843403	0.884349664299145	1.0696442652105862	2.2217516106395503	0.0	0.0	1.9486061438445768	0.39909680835843403
214000	-38.91676482754595	-24.493756691087633	-14.423008136458318	0.0	1	1	1	0	1	0	0.314798323579777	0.7715232553702677	0.40877126333102914	7.761477387665783E-5	2.5919271389104748	0.7394744864982589	1.7534053784999377	0.314798323579777	0.7715232553702677	0.40877126333102914	0.0	2.5919271389104748	0.0
215000	-46.139062353949576	-24.726847281645185	-21.41221507230439	0.0	0	1	1	1	0	1	4.618853517738041	0.15212227110103108	0.5102793773726404	0.18252032032588997	2.563028551717567	0.6022678065064416	40.94485722519412	0.0	0.15212227110103108	0.5102793773726404	0.18252032032588997	0.0	0.6022678065064416
216000	-44.58844011222833	-28.74439249509838	-15.844047617129949	0.0	1	0	1	1	0	1	0.6199123002601071	0.19198031664575996	1.9800154913697383	0.7970091789305467	0.12787429660116748	1.797448862429157	3.6465081991530246	0.6199123002601071	0.0	1.9800154913697383	0.7970091789305467	0.0	1.797448862429157
217000	-39.49988300782067	-24.687983284976536	-14.811899722844132	0.0	0	1	0	1	1	1	2.0462275646347745	0.4205722540985973	0.6995414874314956	0.24833722401537284	0.7239405847033537	0.47816464572286993	3.1880293110736373	0.0	0.4205722540985973	0.0	0.24833722401537284	0.7239405847033537	0.47816464572286993
218000	-40.45259555570246	-24.456298276966994	-15.996297278735467	0.0	0	1	0	0	1	1	0.48923905198342726	0.67667700163964	0.46976776039316853	3.744619187493476	1.086586273157078	0.09298089801660721	4.30496921286306	0.0	0.67667700163964	0.0	0.0	1.086586273157078	0.09298089801660721
219000	-40.13639250787567	-24.279809117981948	-15.856583389893725	0.0	0	1	0	0	1	1	1.0582210886680468	0.767003235044784	0.10986745336704443	2.952136536885385	1.2160341482833101	0.2807637401443743	4.46280832411902	0.0	0.767003235044784	0.0	0.0	1.2160341482833101	0.2807637401443743
220000	-44.58603732064978	-25.245910134012888	-19.340127186636888	0.0	1	0	0	1	1	0	0.9422460355258395	0.7690952833044616	0.026719431545949537	2.6163548420782816	1.385546659039524	0.5492985124212408	140.04348361367144	0.9422460355258395	0.0	0.0	2.6163548420782816	1.385546659039524	0.0
221000	-47.05005775787238	-25.548929505887404	-21.501128251984973	0.0	1	1	1	1	1	0	0.16501695493711996	0.7169516096750223	0.10254025434422696	0.8373671549681401	2.329217279310974	0.712419115751016	333.8156445236601	0.16501695493711996	0.7169516096750223	0.10254025434422696	0.8373671549681401	2.329217279310974	0.0
222000	-48.0827659244691	-25.189247469382554	-22.893518455086543	0.0	1	0	1	1	1	1	0.6431303263518452	0.2796689853338509	0.25001701515860125	3.131880625676157	1.5568048575616067	0.191314519010069	387.61852511395887	0.6431303263518452	0.0	0.25001701515860125	3.131880625676157	1.5568048575616067	0.191314519010069
223000	-46.427312906039724	-28.835671155574573	-17.59164175046515	0.0	0	1	1	0	0	1	0.33631405454252683	0.5710476430668042	0.5682079546771455	0.20519471796647384	0.994904719028872	0.3857456272777346	451.01842634250175	0.0	0.5710476430668042	0.5682079546771455	0.0	0.0	0.3857456272777346
224000	-48.85477289978188	-25.509301244500662	-23.345471655281216	0.0	1	1	1	1	1	1	0.22413547237779116	1.0461316950707553	0.5262715423387104	1.9685328223630658	1.4439386987982	0.884585831942862	130.82758340643966	0.22413547237779116	1.0461316950707553	0.5262715423387104	1.9685328223630658	1.4439386987982	0.884585831942862
225000	-41.69363459790472	-24.767301538092944	-16.926333059811775	0.0	1	0	0	1	1	0	0.39222678422025997	0.5297681909867953	0.9947777056336881	1.2873486096253286	0.8726940866894048	0.7557039848921264	58.309114620434755	0.39222678422025997	0.0	0.0	1.2873486096253286	0.8726940866894048	0.0
226000	-38.91118264771872	-25.134626859989144	-13.776555787729574	0.0	1	0	0	1	1	0	0.1902847537988627	1.0968756665028416	0.010006663660981095	0.7963043310168975	0.7436036969551988	0.206509733748829	15.58517538143152	0.1902847537988627	0.0	0.0	0.7963043310168975	0.7436036969551988	0.0
227000	-42.15922480329148	-24.643332356413353	-17.515892446878127	0.0	1	1	1	1	1	1	0.11176032607199678	0.35382601975277883	0.0026015193206541686	1.0036757143107373	0.727437780738211	0.3248617848939159	15.2888828731501	0.11176032607199678	0.35382601975277883	0.0026015193206541686	1.0036757143107373	0.727437780738211	0.3248617848939159
228000	-40.880783033491774	-25.501119320577974	-15.379663712913798	0.0	0	1	0	0	1	1	0.38627998106395367	1.34684979220478	7.700230162746443E-4	0.5162188989634593	1.365128249156298	0.020254494717321634	41.77538440393335	0.0	1.34684979220478	0.0	0.0	1.365128249156298	0.020254494717321634
229000	-44.99750893215253	-25.80034181033655	-19.19716712181598	0.0	0	1	1	0	1	1	0.9480862616813531	1.9668555120460811	0.1456170678874024	0.4190176160651689	5.092119002842773	0.3459846169177418	3.4680006320743417	0.0	1.9668555120460811	0.1456170678874024	0.0	5.092119002842773	0.3459846169177418
230000	-42.710913966901764	-25.757310060871514	-16.95360390603025	0.0	0	1	1	0	0	1	0.5897995880743807	0.6617120400826259	0.8449581935548436	1.0785890446249153	1.2566871639836183	1.2687802620571518	25.96013571321577	0.0	0.6617120400826259	0.8449581935548436	0.0	0.0	1.2687802620571518
231000	-38.55096339660517	-24.32286946201721	-14.228093934587964	0.0	0	1	1	0	1	1	1.226361422960984	0.2986011767822772	0.7995212721831235	0.5247006331908539	0.1536862867878469	0.4432907247548048	5.721726418583869	0.0	0.2986011767822772	0.7995212721831235	0.0	0.1536862867878469	0.4432907247548048
232000	-43.378948805265985	-25.529048496268693	-17.84990030899729	0.0	1	1	0	0	1	0	0.8591959272884726	0.9466026336174577	2.814114938033697	1.6179439808587377	2.708085592254045	0.9643938867602654	0.9653648325362151	0.8591959272884726	0.9466026336174577	0.0	0.0	2.708085592254045	0.0
233000	-45.493358084272245	-25.134022125207476	-20.359335959064772	0.0	1	1	1	1	1	1	0.24064957348947116	0.9334560723460444	1.7166984734490875	1.4456205515158596	0.7506745897050348	1.0527679374167724	7.115488990809621	0.24064957348947116	0.9334560723460444	1.7166984734490875	1.4456205515158596	0.7506745897050348	1.0527679374167724
234000	-41.47409595704731	-23.928445486854404	-17.545650470192903	0.0	1	1	1	0	1	0	0.759082503531824	1.6618834570996661	0.7415948324022953	0.2957859067643385	3.27352960428909	0.6011582311155325	3.244185227745662	0.759082503531824	1.6618834570996661	0.7415948324022953	0.0	3.27352960428909	0.0
235000	-50.30593931206322	-24.311331856280994	-25.994607455782223	0.0	1	1	1	1	1	0	0.6828826079562803	1.9306893030680434	1.479290566514547	0.9206429941914113	6.280918854255287	1.1500252076307997	20.767756547448414	0.6828826079562803	1.9306893030680434	1.479290566514547	0.9206429941914113	6.280918854255287	0.0
236000	-41.75551856312924	-25.152130521401613	-16.603388041727627	0.0	0	1	0	0	1	1	2.5810419757670973	0.8600622948217412	1.7816551648077938	1.3243830000430306	1.0472883841472438	0.2593226227908239	2.1693503747883804	0.0	0.8600622948217412	0.0	0.0	1.0472883841472438	0.2593226227908239
237000	-45.41924370003781	-28.101977669878547	-17.31726603015926	0.0	0	1	1	0	0	1	0.32839151075659606	0.2392583891442839	3.7008979623887868	0.028991369783135778	1.4724676339242972	0.6922630299709153	17.574969805362834	0.0	0.2392583891442839	3.7008979623887868	0.0	0.0	0.6922630299709153
238000	-43.59719872876238	-24.67097915289779	-18.926219575864593	0.0	0	1	1	0	1	1	0.499324739546165	0.6826517293729841	0.29847447876049404	2.1458443865666776	1.631250260364217	0.2910772357124059	71.96793350883438	0.0	0.6826517293729841	0.29847447876049404	0.0	1.631250260364217	0.2910772357124059
239000	-44.63603980562306	-25.029929443022265	-19.606110362600788	0.0	0	1	1	0	0	1	0.5043928080878307	0.6111074199416971	2.4848063506796367	0.6751476782095334	0.14049930744460917	1.8353127245511736	182.03536620614202	0.0	0.6111074199416971	2.4848063506796367	0.0	0.0	1.8353127245511736
240000	-40.21914572262476	-24.97724966789119	-15.241896054733573	0.0	0	1	1	1	1	1	0.7290355844450058	0.1861220248568073	0.6947585660565779	0.16801181264406487	0.2241713745047022	0.644803990460579	8.084721187831386	0.0	0.1861220248568073	0.6947585660565779	0.16801181264406487	0.2241713745047022	0.644803990460579
241000	-36.88834666531448	-25.170656695621048	-11.71768996969343	0.0	0	1	1	0	0	1	0.16365163606606928	0.40105172239051856	0.6678988252784631	0.3675078295374375	0.010394068803189637	0.5440461678850741	4.884317251933763	0.0	0.40105172239051856	0.6678988252784631	0.0	0.0	0.5440461678850741
242000	-39.10408254894286	-24.602825418733637	-14.501257130209224	0.0	1	1	1	0	1	0	0.6331465794685603	0.43941112249303993	2.145207045954195	0.07515453152029411	0.6913637150660569	0.15516997844391203	3.764747183957334	0.6331465794685603	0.43941112249303993	2.145207045954195	0.0	0.6913637150660569	0.0
243000	-45.30219311255844	-27.21500821984062	-18.08718489271782	0.0	0	1	0	1	1	1	1.521686080667384	0.510664471529793	3.5835504979402386	0.13787374511776554	0.7193768186790216	1.4901484143700805	2.9692800708938654	0.0	0.510664471529793	0.0	0.13787374511776554	0.7193768186790216	1.4901484143700805
244000	-44.35141104882301	-25.65734478569609	-18.694066263126924	0.0	0	1	1	0	0	1	0.452137305008	0.8685533022281048	1.3538056022621736	1.2894892587196514	0.48730701896716166	1.21842946389414	136.8157676567333	0.0	0.8685533022281048	1.3538056022621736	0.0	0.0	1.21842946389414
245000	-39.40669994534912	-25.585961038456112	-13.820738906893006	0.0	0	1	1	0	1	1	1.2971712868836025	0.6860522143318096	0.20381275798489581	0.3432206804562491	0.7241148640685521	0.8556733172477508	1.9654469557138106	0.0	0.6860522143318096	0.20381275798489581	0.0	0.7241148640685521	0.8556733172477508
246000	-43.575974602122955	-24.62180921369897	-18.954165388423988	0.0	1	0	0	1	1	1	0.6095847073254044	2.701041368205545	0.12198791797807595	1.9325215567614515	1.3033810822144947	0.6970063624241557	12.740202851519514	0.6095847073254044	0.0	0.0	1.9325215567614515	1.3033810822144947	0.6970063624241557
247000	-42.731039738368395	-24.728757199072508	-18.002282539295884	0.0	1	1	1	0	1	0	0.583882806875279	0.585757092933424	0.5994000662499817	0.9278907734253989	2.735511342550311	2.4164139767740007	3.0581243701057454	0.583882806875279	0.585757092933424	0.5994000662499817	0.0	2.735511342550311	0.0
248000	-40.379526272663526	-24.883353709934102	-15.496172562729424	0.0	1	0	0	1	1	0	0.5524315148351991	0.6317479768666786	0.2892056284499714	1.0929076865991127	1.5167128230691713	0.2601580652238684	23.54263713123052	0.5524315148351991	0.0	0.0	1.0929076865991127	1.5167128230691713	0.0
249000	-38.840341319887685	-25.84995800891186	-12.99038331097583	0.0	1	1	0	0	1	0	0.5280587949456353	0.6211474023060655	1.1116253293027598	0.11438827078825771	1.845839186622592	1.0012403449690879	0.8132246291711286	0.5280587949456353	0.6211474023060655	0.0	0.0	1.845839186622592	0.0
250000	-44.80943024975541	-25.49738305327822	-19.312047196477184	0.0	1	0	1	1	1	0	0.6141419923868329	1.5512065545140006	0.7125220771640818	0.9583596037760309	0.4675482682472543	1.0597192798886923	121.31044787492715	0.6141419923868329	0.0	0.7125220771640818	0.9583596037760309	0.4675482682472543	0.0
251000	-49.28961918732935	-25.25407579140336	-24.03554339592599	0.0	1	1	1	1	1	0	0.9104541415572377	0.20296730489550807	0.5589418414608145	1.5202414397997515	3.037249149141927	0.19151255248372356	647.89700627541	0.9104541415572377	0.20296730489550807	0.5589418414608145	1.5202414397997515	3.037249149141927	0.0
252000	-38.6403007863996	-24.88185101825426	-13.758449768145342	0.0	1	0	1	1	1	0	0.30597315556732013	0.6708254502417419	0.2699200861163173	0.2260556391330809	0.24176117864461802	0.4718597664944317	12.533003849319112	0.30597315556732013	0.0	0.2699200861163173	0.2260556391330809	0.24176117864461802	0.0
253000	-48.17081117797815	-26.58890791856852	-21.581903259409636	0.0	0	1	1	0	0	1	0.7129658165395498	0.34613227745612485	0.867059078336138	0.03963814749585175	4.812699588649418	2.1006673734955976	102.61135979271675	0.0	0.34613227745612485	0.867059078336138	0.0	0.0	2.1006673734955976
254000	-38.97582475566726	-24.05141218866601	-14.924412567001252	0.0	1	1	1	0	1	0	0.2510796351936006	0.5332030851992741	0.17141323842439138	0.9755723660667464	1.2893070847584898	1.656972068371011	2.749564639199863	0.2510796351936006	0.5332030851992741	0.17141323842439138	0.0	1.2893070847584898	0.0
255000	-43.65721204674149	-26.1954751866144	-17.46173686012709	0.0	1	1	0	1	1	0	0.5296283180648403	0.35653921982445363	3.3223005324112975	0.40045547967299344	0.8190846275068806	3.001626784280079	0.9974208459752548	0.5296283180648403	0.35653921982445363	0.0	0.40045547967299344	0.8190846275068806	0.0
256000	-47.863803713653596	-24.95539434683247	-22.908409366821125	0.0	1	1	0	1	1	0	0.5327962320372295	1.9744939155037737	0.7662803653480795	0.5726539507010008	3.8934816486885695	3.469228903104231	14.214039330999093	0.5327962320372295	1.9744939155037737	0.0	0.5726539507010008	3.8934816486885695	0.0
257000	-57.12497538852858	-26.105366427777966	-31.01960896075062	0.0	1	1	1	1	1	1	1.1627206096829859	1.2268554672376462	0.8145165958446351	2.1389913938812635	3.0552417481477367	2.1737083157594066	1152.7111465091314	1.1627206096829859	1.2268554672376462	0.8145165958446351	2.1389913938812635	3.0552417481477367	2.1737083157594066
258000	-41.416363625377464	-25.4730467274105	-15.943316897966962	0.0	1	1	0	1	1	0	0.7469884691794089	0.9247968601802962	2.471903743174125	0.17374841156450097	2.2288147730809755	0.36571601037433443	0.9966698015013544	0.7469884691794089	0.9247968601802962	0.0	0.17374841156450097	2.2288147730809755	0.0
259000	-46.582151313437265	-25.500513774132628	-21.081637539304637	0.0	1	1	1	0	1	1	0.6099889261692938	0.3991934122190504	1.861375779278738	0.3827886152407422	1.1912193260715922	0.48367797694034564	228.45660789813414	0.6099889261692938	0.3991934122190504	1.861375779278738	0.0	1.1912193260715922	0.48367797694034564
260000	-52.21432811072391	-25.506205874991505	-26.708122235732404	0.0	1	0	0	1	1	0	0.3529846736675316	5.497296350361269	1.9494758169519923	1.5029823938008111	1.459763487785225	0.8159832436570575	664.01616359767	0.3529846736675316	0.0	0.0	1.5029823938008111	1.459763487785225	0.0
261000	-43.7332569477291	-24.819014240201366	-18.914242707527734	0.0	1	0	1	1	1	1	0.3801454145215453	1.986438240567501	0.1084570647419196	1.2076306694413848	0.8479465851191419	0.8134159864865169	21.18005220472177	0.3801454145215453	0.0	0.1084570647419196	1.2076306694413848	0.8479465851191419	0.8134159864865169
262000	-45.53652678402945	-25.222510298006316	-20.31401648602313	0.0	1	1	1	0	1	1	0.8271179981286595	0.6409868393666118	1.8645862284388584	0.7060827838383138	0.7820960348423077	0.5701834581987661	77.53697892550295	0.8271179981286595	0.6409868393666118	1.8645862284388584	0.0	0.7820960348423077	0.5701834581987661
263000	-45.81649195573917	-24.95228116898208	-20.86421078675709	0.0	0	1	1	0	1	1	0.8931167989166564	1.1303618236376152	1.1432042497231398	1.726304693869046	1.1706452080768626	0.7456507030207844	133.32746817672876	0.0	1.1303618236376152	1.1432042497231398	0.0	1.1706452080768626	0.7456507030207844
264000	-41.69439743862108	-27.019136691343704	-14.675260747277381	0.0	0	1	1	0	1	1	0.40050189618393095	1.2180306942779828	0.3769408967704806	1.7619720596885473	0.6135083434281987	0.47910868495857317	2.203617380829615	0.0	1.2180306942779828	0.3769408967704806	0.0	0.6135083434281987	0.47910868495857317
265000	-41.51846898178725	-26.914548455871127	-14.60392052591612	0.0	0	1	1	1	0	1	0.9103138028799447	0.11916221330164267	0.7129434831919663	0.8526842596039007	0.42183736894897395	0.5914401384727922	7.076188572711542	0.0	0.11916221330164267	0.7129434831919663	0.8526842596039007	0.0	0.5914401384727922
266000	-44.4612865007167	-27.971621478932985	-16.48966502178372	0.0	1	0	0	1	1	0	0.12925206287314814	0.6942098505367628	1.0233111066560105	0.33098080174216216	1.2542295233167846	3.7017638012941485	3.972964347383105	0.12925206287314814	0.0	0.0	0.33098080174216216	1.2542295233167846	0.0
267000	-37.91487784719325	-25.004845322608727	-12.910032524584528	0.0	1	1	1	0	1	0	0.09790333014118463	0.23107132782234838	0.29564255379591037	0.5938111028314189	0.2503482742162815	1.314230486869029	2.9786015756092716	0.09790333014118463	0.23107132782234838	0.29564255379591037	0.0	0.2503482742162815	0.0
268000	-47.39795823624064	-25.36028414002224	-22.037674096218403	0.0	1	1	1	1	1	1	0.5503929231238293	0.4139814455752706	1.7665234763237019	1.6544165428443265	0.1968314743644638	1.293993495392583	47.7331271748537	0.5503929231238293	0.4139814455752706	1.7665234763237019	1.6544165428443265	0.1968314743644638	1.293993495392583
269000	-49.78723512385492	-24.823965933445265	-24.963269190409655	0.0	1	0	1	1	0	1	0.36222904367127057	0.9910777207838939	1.2804698918192936	1.6672697137921775	1.8167103641459428	1.1513177967327577	1413.7577651624244	0.36222904367127057	0.0	1.2804698918192936	1.6672697137921775	0.0	1.1513177967327577
270000	-52.536243375721476	-26.27464165280636	-26.261601722915117	0.0	0	1	1	1	0	1	1.6134495048577238	0.6781958879259479	2.0256554058725404	0.3468089970575262	0.9399843928371875	4.606711060309769	610.0252476659548	0.0	0.6781958879259479	2.0256554058725404	0.3468089970575262	0.0	4.606711060309769
271000	-47.868666643467314	-26.268533487787924	-21.60013315567939	0.0	1	0	1	1	1	0	0.8973576067373579	0.9978981453776306	0.2037654129631255	4.225038994069304	1.1590589067770964	1.193862343630061	46.828202925936665	0.8973576067373579	0.0	0.2037654129631255	4.225038994069304	1.1590589067770964	0.0
272000	-42.97302187514745	-25.1759132502962	-17.797108624851255	0.0	0	1	1	0	1	1	0.07472904868284924	1.1881086534740362	0.1771328228999454	0.10480069473848984	3.8635433903192355	1.0487364061412279	9.961330114198153	0.0	1.1881086534740362	0.1771328228999454	0.0	3.8635433903192355	1.0487364061412279
273000	-42.554216173848914	-25.54419380448039	-17.010022369368524	0.0	0	1	0	0	1	1	0.21070366590531012	0.8721397973037925	2.041458848713528	0.6979228010312272	2.6844509310904865	1.6135644618217628	2.495250392134546	0.0	0.8721397973037925	0.0	0.0	2.6844509310904865	1.6135644618217628
274000	-44.723694226622314	-24.51702045738659	-20.20667376923572	0.0	1	0	1	1	1	0	1.9374095380794396	0.9487848079056028	1.4039897784575444	2.188931910303091	2.616961690832672	0.7327374393909405	3.825504710982176	1.9374095380794396	0.0	1.4039897784575444	2.188931910303091	2.616961690832672	0.0
275000	-45.5858528889254	-25.097081644992663	-20.48877124393274	0.0	1	1	0	1	1	1	0.17388667253067944	0.30859213052327533	0.23687955162754878	1.3600934210829159	1.3727035127851135	0.3850027640836055	337.3352061507697	0.17388667253067944	0.30859213052327533	0.0	1.3600934210829159	1.3727035127851135	0.3850027640836055
276000	-47.241447980725354	-26.28867543344084	-20.952772547284518	0.0	1	0	1	1	1	1	1.350724552192659	0.7977943216911855	0.22910374561368899	2.121620510580367	1.4423707948588076	0.7263443830335977	42.399636672943636	1.350724552192659	0.0	0.22910374561368899	2.121620510580367	1.4423707948588076	0.7263443830335977
277000	-44.026377166568835	-25.035646552337063	-18.990730614231776	0.0	1	1	1	1	1	1	0.17316878944132927	2.237170036821745	0.1408176065586834	0.27256784751504703	2.3989014139873475	0.5256359021184717	2.6878143166145883	0.17316878944132927	2.237170036821745	0.1408176065586834	0.27256784751504703	2.3989014139873475	0.5256359021184717
278000	-40.941529731445954	-23.73678502324254	-17.204744708203414	0.0	1	1	1	1	1	0	0.40994394911517207	0.6456699688932178	1.214225164832104	0.42219635754431456	1.915447086124504	0.0921200156030056	7.394426324463038	0.40994394911517207	0.6456699688932178	1.214225164832104	0.42219635754431456	1.915447086124504	0.0
279000	-40.259904479913395	-25.633957022905516	-14.625947457007879	0.0	0	1	1	0	0	1	0.6234323808765359	0.38304675425130275	1.8826308328216492	0.3987736484999941	0.13358723150702906	0.5556280960858072	14.344342387136466	0.0	0.38304675425130275	1.8826308328216492	0.0	0.0	0.5556280960858072
280000	-46.800224733505175	-27.193930332887415	-19.606294400617756	0.0	0	1	1	1	1	1	1.186558563977526	1.4626381156309594	0.2196819750753296	0.28387968026349564	1.1407391656890278	0.35372691317544586	80.17838066646219	0.0	1.4626381156309594	0.2196819750753296	0.28387968026349564	1.1407391656890278	0.35372691317544586
281000	-44.96528454800783	-25.35911043284873	-19.6061741151591	0.0	1	1	1	1	1	1	0.8591683064803923	0.16629762666322875	1.4313258872098042	0.48892297648542676	1.5437286940646195	0.013751676560920871	17.059623094274798	0.8591683064803923	0.16629762666322875	1.4313258872098042	0.48892297648542676	1.5437286940646195	0.013751676560920871
282000	-38.12781756417497	-23.99033368841357	-14.137483875761399	0.0	0	1	0	0	1	1	1.0957405025271463	0.809675253278358	0.5356759908803693	0.6462346970080902	1.4192055905510592	0.2848250130660146	3.934368122374285	0.0	0.809675253278358	0.0	0.0	1.4192055905510592	0.2848250130660146
283000	-39.16224068516331	-24.774304825685142	-14.38793585947817	0.0	0	1	1	1	0	1	0.7351037643972131	0.07663703365251906	0.27651955409845563	0.008713278937119663	0.5382865297623708	0.16035463629541444	34.05937786034143	0.0	0.07663703365251906	0.27651955409845563	0.008713278937119663	0.0	0.16035463629541444
284000	-37.020926224631296	-24.35684126503579	-12.664084959595506	0.0	0	1	1	0	0	1	0.16147469043948548	0.10856556403230286	0.42668646206606514	1.1070410270193947	0.015227650907416646	0.30096647342683835	12.934990955487246	0.0	0.10856556403230286	0.42668646206606514	0.0	0.0	0.30096647342683835
285000	-44.88535189828641	-25.464868384169456	-19.420483514116953	0.0	0	1	1	0	0	1	1.8375385080221642	0.29020026802492566	0.4963948666652757	3.17783507356987	0.9185377445068048	0.8523101281476885	46.13410371777919	0.0	0.29020026802492566	0.4963948666652757	0.0	0.0	0.8523101281476885
286000	-38.86853603598533	-27.632346503037382	-11.23618953294795	0.0	1	1	0	0	1	0	0.5848997577358671	0.3974800431026458	0.0029655260072083017	1.4006828016561343	0.6477395789535032	0.19659705278196699	1.0314982596887714	0.5848997577358671	0.3974800431026458	0.0	0.0	0.6477395789535032	0.0
287000	-44.28370603699723	-25.300140553454472	-18.98356548354276	0.0	1	1	1	0	1	0	0.3998383448856989	0.37415998876713563	0.7661553877255419	0.3870070533166693	1.127599716390711	1.1193979611224825	251.96434574743085	0.3998383448856989	0.37415998876713563	0.7661553877255419	0.0	1.127599716390711	0.0
288000	-47.58875432362301	-25.03213377799509	-22.55662054562792	0.0	1	1	1	0	0	1	0.6743195282081385	0.38750429644126183	2.2047861406440052	1.489018701392296	1.471357095297279	0.653833533032614	478.2187254864402	0.6743195282081385	0.38750429644126183	2.2047861406440052	0.0	0.0	0.653833533032614
289000	-39.761886436891075	-24.735236733644946	-15.026649703246129	0.0	0	1	1	0	0	1	0.10233369554212161	0.48726049277654016	1.2924143137501127	0.44741819514158027	0.01690749702043083	1.6638262589273962	20.59619279787901	0.0	0.48726049277654016	1.2924143137501127	0.0	0.0	1.6638262589273962
290000	-42.23620589317918	-24.637233214309877	-17.598972678869305	0.0	1	1	1	0	1	1	0.013300741272615296	0.4045947840163189	1.1177823258208304	1.298485896182028	0.2953109131763232	0.7959309455206509	23.435772966677497	0.013300741272615296	0.4045947840163189	1.1177823258208304	0.0	0.2953109131763232	0.7959309455206509
291000	-46.96602565252643	-27.70884561385636	-19.25718003867007	0.0	1	0	0	1	1	0	0.4272457667103484	0.046367576449691056	3.424320069120363	0.9104159358116393	3.5156428946598353	0.2414501732145721	14.964295649464814	0.4272457667103484	0.0	0.0	0.9104159358116393	3.5156428946598353	0.0
292000	-40.83143562153455	-24.86613242718875	-15.965303194345806	0.0	1	1	1	0	1	0	0.10686397226570364	0.3409027481948823	0.3622243203537315	0.5350746956974839	1.0453048223652615	0.4129263967280309	58.76966490736731	0.10686397226570364	0.3409027481948823	0.3622243203537315	0.0	1.0453048223652615	0.0
293000	-52.05096253701309	-24.834945866859655	-27.216016670153433	0.0	1	1	1	1	1	1	0.3925960623506875	0.6033289482697411	1.0357158351573794	2.0179638590825637	1.9121219082565049	1.8322132222283656	669.7049056980595	0.3925960623506875	0.6033289482697411	1.0357158351573794	2.0179638590825637	1.9121219082565049	1.8322132222283656
294000	-48.26774350219417	-24.097842529781445	-24.169900972412727	0.0	0	1	1	1	1	1	1.9162625098325468	1.414593480957573	4.20616671668936	0.11264161371077228	0.032949531228453406	3.8091068525770746	8.780648098756036	0.0	1.414593480957573	4.20616671668936	0.11264161371077228	0.032949531228453406	3.8091068525770746
295000	-46.92354460716804	-24.62447249674026	-22.299072110427783	0.0	1	1	1	1	1	0	1.2095427297751609	0.16436478367222462	2.078908420142273	2.974998492115371	2.387049700518757	1.6574648523059923	3.7632510125935354	1.2095427297751609	0.16436478367222462	2.078908420142273	2.974998492115371	2.387049700518757	0.0
296000	-43.63146033869016	-25.612956040144777	-18.01850429854538	0.0	1	0	0	1	1	0	0.5223213136798821	0.5183006506214778	2.5290685742940107	0.7105166009437245	1.6826861267549944	2.9237630428751964	3.177246170805282	0.5223213136798821	0.0	0.0	0.7105166009437245	1.6826861267549944	0.0
297000	-38.70428966105473	-24.961023270624096	-13.74326639043063	0.0	1	1	0	0	1	0	0.09145127679719237	0.1806813857408054	0.16287113740988268	0.2620884044873301	0.7511820841776528	3.195640826492443	3.075867804041396	0.09145127679719237	0.1806813857408054	0.0	0.0	0.7511820841776528	0.0
298000	-40.6273229086735	-24.167563435866946	-16.459759472806553	0.0	0	1	1	0	0	1	1.3523622665017265	0.11603529760335464	0.31038046987216933	2.038812814310981	1.7822701136159704	0.30149929005016773	13.118751144708689	0.0	0.11603529760335464	0.31038046987216933	0.0	0.0	0.30149929005016773
299000	-47.91989477930058	-25.508622994799353	-22.411271784501224	0.0	1	0	1	1	0	1	1.1451392589449387	2.8480909236931744	4.617040847260041	0.4244504427022828	0.260746975346832	0.460734068399856	36.190029107819306	1.1451392589449387	0.0	4.617040847260041	0.4244504427022828	0.0	0.460734068399856
300000	-44.49052592057727	-24.70703110907998	-19.783494811497285	0.0	0	1	1	1	0	1	1.6883428548609098	0.9474269493460868	1.890196608733687	1.3057996148044677	0.009285658611975197	2.2774523907135533	13.738309338209087	0.0	0.9474269493460868	1.890196608733687	1.3057996148044677	0.0	2.2774523907135533
301000	-44.90301585798371	-24.806084158975278	-20.096931699008433	0.0	0	1	1	0	0	1	0.5251627500679693	0.3507287591074607	1.2096446176976359	1.2723315941059474	1.4736446576699318	0.8824148397222822	406.8229238826021	0.0	0.3507287591074607	1.2096446176976359	0.0	0.0	0.8824148397222822
302000	-41.115207575258765	-24.387430070424827	-16.72777750483394	0.0	0	1	1	0	0	1	1.277807540026606	0.7030984290307323	1.2670577648403931	0.335724463979739	1.863057254004192	1.2652898753565684	7.662239636988648	0.0	0.7030984290307323	1.2670577648403931	0.0	0.0	1.2652898753565684
303000	-48.37461509638572	-25.704942260327883	-22.669672836057835	0.0	1	0	0	1	1	0	1.2780315108320643	0.6740156639243755	4.261411081175274	5.2494608446654745	1.8096606502007768	0.029066846039052956	4.02121737374856	1.2780315108320643	0.0	0.0	5.2494608446654745	1.8096606502007768	0.0
304000	-38.44935480389156	-24.159334098231636	-14.290020705659925	0.0	0	1	0	1	1	1	0.5332268556727642	0.33312484974030054	0.09622567328090069	0.450298213973024	0.9355886848009098	0.6024602630829954	9.951842397465786	0.0	0.33312484974030054	0.0	0.450298213973024	0.9355886848009098	0.6024602630829954
305000	-45.577900612374286	-25.844672985919658	-19.733227626454628	0.0	0	1	0	1	1	1	0.6409160112324214	2.7449115439464395	2.994245770998943	0.273731437086956	2.2316500491435036	0.6361561636459168	3.2409522292730273	0.0	2.7449115439464395	0.0	0.273731437086956	2.2316500491435036	0.6361561636459168
306000	-45.25481817422914	-25.341606925495586	-19.913211248733553	0.0	1	0	1	1	1	0	2.0023803928102795	1.3186680202187813	2.513012416143478	0.6779042948816891	1.6451705358938178	0.9976763756353411	5.589257329893861	2.0023803928102795	0.0	2.513012416143478	0.6779042948816891	1.6451705358938178	0.0
307000	-43.25595747053023	-23.99509604721668	-19.260861423313546	0.0	1	1	1	0	1	0	0.36280420349658615	1.3495077742754245	0.5601094009264745	0.13624812768098943	2.955691923986713	2.190374323040838	14.307651047692314	0.36280420349658615	1.3495077742754245	0.5601094009264745	0.0	2.955691923986713	0.0
308000	-44.11385008679994	-24.50392911819972	-19.60992096860022	0.0	0	1	1	0	0	1	1.4492835920880542	0.9144749324298993	1.7873868553409786	1.7375342170694141	0.560311214672668	3.153598577436707	7.5984867941467	0.0	0.9144749324298993	1.7873868553409786	0.0	0.0	3.153598577436707
309000	-46.96912112002563	-26.231016214787008	-20.73810490523863	0.0	0	1	1	0	0	1	0.8926526475159696	0.4746194080452281	2.022048818373951	1.0519589281159525	1.2900597524189432	0.6115749744460214	410.3601943460361	0.0	0.4746194080452281	2.022048818373951	0.0	0.0	0.6115749744460214
310000	-42.714872139434696	-26.669391604621342	-16.045480534813354	0.0	1	1	0	1	1	0	1.7326701255991181	0.37696985567988206	0.19268296523755818	1.922326747655433	1.8011160266740058	0.3249034171197166	1.9345067060286656	1.7326701255991181	0.37696985567988206	0.0	1.922326747655433	1.8011160266740058	0.0
311000	-44.49345806919544	-24.94630990755863	-19.547148161636812	0.0	1	0	0	1	1	0	0.5801616523971337	0.5210449350822931	1.2310421741365591	1.3050985046974113	1.008360393648498	0.5240400052919442	405.20351595501523	0.5801616523971337	0.0	0.0	1.3050985046974113	1.008360393648498	0.0
312000	-41.897109918289274	-24.738605684757825	-17.158504233531453	0.0	1	1	0	1	1	0	0.24724100186445733	0.9422528041551702	0.9712899776122935	0.8310361738967518	1.4027920620293919	1.4186504265534126	10.012643176309252	0.24724100186445733	0.9422528041551702	0.0	0.8310361738967518	1.4027920620293919	0.0
313000	-44.1856425233254	-25.73276733150757	-18.45287519181783	0.0	0	1	1	0	1	1	0.6376529344278978	0.8839695123156452	0.13280256215727682	0.4070986452075368	4.858526562665186	0.6004266546354992	6.645648326882311	0.0	0.8839695123156452	0.13280256215727682	0.0	4.858526562665186	0.6004266546354992
314000	-37.70008441513441	-23.78681337439234	-13.913271040742075	0.0	0	1	0	1	1	1	0.15707518320201153	0.6289633963037959	0.45635151823053755	0.43293981475893656	0.9378525209740638	0.30339654090463597	7.084301398782452	0.0	0.6289633963037959	0.0	0.43293981475893656	0.9378525209740638	0.30339654090463597
315000	-39.159080419986225	-23.581747405804908	-15.577333014181319	0.0	0	1	1	0	1	1	0.41905990367962515	0.6307306917897304	0.3621684870522456	1.3500255939562864	1.5295364948699188	0.22151798035754533	7.576550291252203	0.0	0.6307306917897304	0.3621684870522456	0.0	1.5295364948699188	0.22151798035754533
316000	-40.71567095083205	-24.535813051606453	-16.179857899225595	0.0	0	1	1	0	0	1	2.0433948675762874	0.45936499148078225	1.0126721911455385	1.564264121386376	0.22300871936539832	1.311709497543585	4.895538967691635	0.0	0.45936499148078225	1.0126721911455385	0.0	0.0	1.311709497543585
317000	-48.409730605924196	-24.960339719042874	-23.449390886881325	0.0	0	1	1	0	1	1	0.6362069534761682	0.8235973580886217	2.1010012988215405	1.7556899501250072	0.16129019436992947	2.4851890932195313	419.5612781258221	0.0	0.8235973580886217	2.1010012988215405	0.0	0.16129019436992947	2.4851890932195313
318000	-41.7478499248439	-26.211662026533954	-15.536187898309944	0.0	1	1	1	0	1	0	0.5211455391615577	0.492820417780491	1.5146790733124376	0.49000649514932226	1.6032585492297766	1.8371763546564597	1.0433285965147412	0.5211455391615577	0.492820417780491	1.5146790733124376	0.0	1.6032585492297766	0.0
319000	-38.10891154873207	-24.627010629964914	-13.481900918767149	0.0	0	1	1	0	0	1	0.2081876289568011	0.35240827208938225	0.7549009493202564	1.7459267803926608	0.17871625471608005	0.7438741322503286	4.576887182209726	0.0	0.35240827208938225	0.7549009493202564	0.0	0.0	0.7438741322503286
320000	-41.131341355087784	-25.40230865079841	-15.72903270428937	0.0	1	1	1	0	0	1	0.17751984501413634	0.6571627565153808	1.8090330279613038	0.8571477353121434	0.6169855638616817	0.8809806856347469	5.434551165682819	0.17751984501413634	0.6571627565153808	1.8090330279613038	0.0	0.0	0.8809806856347469
321000	-41.95746715982871	-25.185788061232063	-16.77167909859665	0.0	0	1	1	1	1	1	0.47265519260806843	0.5307574601780586	0.039484476204844694	0.5243549334176728	2.307677577250346	0.37141950298830484	7.544241445471604	0.0	0.5307574601780586	0.039484476204844694	0.5243549334176728	2.307677577250346	0.37141950298830484
322000	-42.64855204098065	-23.991324303492505	-18.657227737488142	0.0	0	1	1	0	1	1	1.4055746175515582	1.3887240807874208	0.9567980877291832	1.4782934905042289	1.2804653172169627	1.0208392683141654	8.05969468531852	0.0	1.3887240807874208	0.9567980877291832	0.0	1.2804653172169627	1.0208392683141654
323000	-41.30102362913594	-27.76448712628941	-13.53653650284653	0.0	1	1	0	0	1	0	0.6185718631670654	0.42163404802665877	1.1450433094616215	0.1653148462175313	1.5798409816347412	0.8673936624428178	2.1458667461954914	0.6185718631670654	0.42163404802665877	0.0	0.0	1.5798409816347412	0.0
324000	-47.30968583877342	-24.471137447800825	-22.838548390972598	0.0	1	0	1	1	0	1	0.11003330857262039	1.714301914740956	0.32060223495807044	1.5016053259749635	4.4005556804248425	1.390597869106522	73.54658468677512	0.11003330857262039	0.0	0.32060223495807044	1.5016053259749635	0.0	1.390597869106522
325000	-42.16445333070864	-24.028439570665906	-18.136013760042733	0.0	0	1	0	0	1	1	0.7808716603152686	1.2365149731192635	1.1946579534145505	0.11392003277713118	3.340499784763618	0.09717503615773918	29.159355915297148	0.0	1.2365149731192635	0.0	0.0	3.340499784763618	0.09717503615773918
326000	-48.653944919051966	-25.991535580101345	-22.66240933895062	0.0	0	1	1	1	1	1	0.02405448719365788	0.6090293203885887	0.8157457017276795	1.3901268464732064	2.1095509369542165	2.0552566713631606	150.52282257717795	0.0	0.6090293203885887	0.8157457017276795	1.3901268464732064	2.1095509369542165	2.0552566713631606
327000	-45.646777981315836	-25.283133026051697	-20.363644955264142	0.0	0	1	1	1	1	1	0.4040315071750334	0.0736815661721205	0.29369678781368386	1.8612820186037662	0.015852618745107898	2.1428309585954737	139.5761106199104	0.0	0.0736815661721205	0.29369678781368386	1.8612820186037662	0.015852618745107898	2.1428309585954737
328000	-43.59067141350081	-24.7267237723012	-18.86394764119961	0.0	0	1	1	0	0	1	0.41270006984923896	0.5163475061904563	1.5127056848428624	0.7632774946865866	2.19416542960067	1.3316855971652208	60.5121763440881	0.0	0.5163475061904563	1.5127056848428624	0.0	0.0	1.3316855971652208
329000	-45.45944076641963	-24.414523010902283	-21.044917755517346	0.0	1	1	1	0	1	1	0.6345299602686205	1.4849034273111754	4.326765744387355	0.013230115489039662	1.6630885531017983	1.1835431404690433	3.447416375818638	0.6345299602686205	1.4849034273111754	4.326765744387355	0.0	1.6630885531017983	1.1835431404690433
330000	-42.45729015412028	-24.347007832382108	-18.110282321738172	0.0	0	1	1	0	1	1	1.9183715551438587	0.7030596289149696	0.89236291214273	0.46202934172835336	1.143492473814291	1.2234178511735136	15.201349588642165	0.0	0.7030596289149696	0.89236291214273	0.0	1.143492473814291	1.2234178511735136
331000	-40.118241110346105	-25.951853564391175	-14.16638754595493	0.0	1	0	0	1	1	1	0.110091221358137	0.7003100856813335	0.7283171297412141	0.3860246883589959	0.6489899325626567	0.08063352933626484	11.81057128263725	0.110091221358137	0.0	0.0	0.3860246883589959	0.6489899325626567	0.08063352933626484
332000	-40.68046765527572	-26.01639469029592	-14.664072964979805	0.0	1	0	1	1	1	0	0.11411936701693746	1.167877443507124	0.13500852526490884	0.7095979265764266	0.239221241486064	0.08601712618110151	23.527676580748615	0.11411936701693746	0.0	0.13500852526490884	0.7095979265764266	0.239221241486064	0.0
333000	-39.881060120982625	-27.07654410947793	-12.804516011504699	0.0	1	1	0	0	1	1	1.0671588143866704	0.7933229570629937	0.07626046364684261	0.5439316880686342	1.2303239161649786	0.2540620188773921	0.8226321785955031	1.0671588143866704	0.7933229570629937	0.0	0.0	1.2303239161649786	0.2540620188773921
334000	-41.679623604228695	-25.734824529400285	-15.944799074828406	0.0	0	1	1	0	0	1	0.29824889216821354	0.2185872131458968	1.2002694645375938	0.8036273828252934	1.0038982915732773	0.40102185445832095	54.326006441499366	0.0	0.2185872131458968	1.2002694645375938	0.0	0.0	0.40102185445832095
335000	-47.66866454841321	-25.501072118118728	-22.167592430294484	0.0	1	0	0	1	1	0	0.38304239490903974	0.729858833217095	1.4364660690783346	0.5771202053043637	0.7539906080957837	0.3330216414506639	2263.387508184145	0.38304239490903974	0.0	0.0	0.5771202053043637	0.7539906080957837	0.0
336000	-39.70139904781391	-23.48275646226098	-16.21864258555293	0.0	0	1	1	0	1	1	0.27223813903490673	1.428423974007288	0.16976312870374557	0.32011780517802185	2.862763327768894	0.3968274344829212	5.64578652163684	0.0	1.428423974007288	0.16976312870374557	0.0	2.862763327768894	0.3968274344829212
337000	-49.03648266807569	-24.71326726375122	-24.323215404324472	0.0	1	1	1	0	1	1	0.9416355605122965	1.336093264208046	3.385680403419289	1.0811425331600855	2.9597094599833635	0.4781960430371207	36.90829533946398	0.9416355605122965	1.336093264208046	3.385680403419289	0.0	2.9597094599833635	0.4781960430371207
338000	-40.830690847420136	-24.322804559111564	-16.507886288308573	0.0	1	0	0	1	1	0	0.6627595816495198	1.129703286628947	1.6839662557868273	1.4472862860057394	1.3479054830132111	0.23830904543815964	7.528042305705022	0.6627595816495198	0.0	0.0	1.4472862860057394	1.3479054830132111	0.0
339000	-48.67520527017162	-26.686487587186335	-21.988717682985282	0.0	1	1	1	0	1	1	1.0887247875933397	0.5961239840334073	1.7494609933405132	0.757559953916273	2.240661765237016	0.25640135515498014	109.50338528483887	1.0887247875933397	0.5961239840334073	1.7494609933405132	0.0	2.240661765237016	0.25640135515498014
340000	-45.36061610814977	-25.91637018714427	-19.444245921005503	0.0	1	0	1	1	1	0	0.9777573328298763	0.3577028849377586	1.2640839042046625	0.8740427101628808	1.8863114262098146	1.7932125848274088	25.413300264334048	0.9777573328298763	0.0	1.2640839042046625	0.8740427101628808	1.8863114262098146	0.0
341000	-46.00738025289246	-24.260545115737298	-21.746835137155163	0.0	0	1	0	0	1	1	2.34890809897113	2.3289764576281633	2.0741268937915804	0.10355796105806656	3.523157367129231	0.0726283276238817	27.056032358230073	0.0	2.3289764576281633	0.0	0.0	3.523157367129231	0.0726283276238817
342000	-47.618055009441704	-26.09476409058805	-21.523290918853657	0.0	1	1	1	0	0	1	1.1135881281353668	0.5493840844120987	2.061944603575194	0.06502256077796652	1.1795842072511316	1.0141532514384128	435.5034612281702	1.1135881281353668	0.5493840844120987	2.061944603575194	0.0	0.0	1.0141532514384128
343000	-48.044151269226425	-24.83549287867288	-23.208658390553545	0.0	0	1	1	0	1	1	3.7849728694263005	2.41709302243966	2.3735989124642254	0.9585273626901388	1.3786792959354104	1.2222536086920717	7.646413856522072	0.0	2.41709302243966	2.3735989124642254	0.0	1.3786792959354104	1.2222536086920717
344000	-42.68766572905234	-24.66654881569438	-18.021116913357965	0.0	1	1	1	0	1	1	0.2445339534806595	0.9439838617368697	0.6530641183666439	1.7953471511042363	1.4501426323693707	0.9740263026497362	4.298031255073633	0.2445339534806595	0.9439838617368697	0.6530641183666439	0.0	1.4501426323693707	0.9740263026497362
345000	-48.62776247800835	-25.724073107978956	-22.903689370029397	0.0	1	0	1	1	0	1	0.20812672593738782	4.139613533918433	1.019059488997064	0.8406846168734351	2.293204866116337	0.7435659204779514	93.39960524913265	0.20812672593738782	0.0	1.019059488997064	0.8406846168734351	0.0	0.7435659204779514
346000	-45.472614491017495	-26.13078336858431	-19.341831122433184	0.0	1	0	1	1	1	1	1.4099478835895307	0.21720657804743315	0.22349117725238643	2.01411023599753	1.4359700418743035	0.518031846633685	20.22329087575802	1.4099478835895307	0.0	0.22349117725238643	2.01411023599753	1.4359700418743035	0.518031846633685
347000	-38.90146126897699	-24.40952338904287	-14.49193787993412	0.0	0	1	1	0	0	1	0.4561414880296946	0.3487971434978296	0.6381930315104704	0.7845424064713458	1.7889767159541934	0.7646918821976078	5.656805567921359	0.0	0.3487971434978296	0.6381930315104704	0.0	0.0	0.7646918821976078
348000	-47.37419348833191	-26.69708849118011	-20.677104997151798	0.0	1	1	1	0	1	1	0.2409402031734627	0.07444641577756593	1.6390581616269748	0.20805611474005672	0.24492127638865918	0.16787432773775302	856.5854376467427	0.2409402031734627	0.07444641577756593	1.6390581616269748	0.0	0.24492127638865918	0.16787432773775302
349000	-39.45782753944343	-26.231540452480825	-13.226287086962602	0.0	1	1	1	0	0	1	0.07669450417056453	0.1975046269984652	1.0738304888540549	0.16691406661588679	0.3383105416122608	0.25457254954088443	7.995344567564066	0.07669450417056453	0.1975046269984652	1.0738304888540549	0.0	0.0	0.25457254954088443
350000	-43.130117545378354	-25.00095435864269	-18.12916318673566	0.0	1	1	1	0	1	0	0.6236556732557955	0.1514055245194381	1.1530495200150381	2.4178330302084277	0.31077812404127925	0.38840369196920954	54.585460131897406	0.6236556732557955	0.1514055245194381	1.1530495200150381	0.0	0.31077812404127925	0.0
351000	-45.719120758592965	-24.412790068272454	-21.30633069032051	0.0	0	1	0	1	1	1	1.7358270763892492	1.1766899755512215	0.38957768591422104	1.2510941901447286	2.8661757320710994	1.2418652391690166	35.843147848358534	0.0	1.1766899755512215	0.0	1.2510941901447286	2.8661757320710994	1.2418652391690166
352000	-36.543611922823416	-25.143455373026836	-11.400156549796577	0.0	1	1	0	0	1	0	0.04001253013503044	0.2987965414802277	0.3513580906241933	0.3585218092879313	0.3665690460426458	0.8549993408855068	3.171073795740863	0.04001253013503044	0.2987965414802277	0.0	0.0	0.3665690460426458	0.0
353000	-41.79888100910165	-24.767203945241572	-17.03167706386008	0.0	0	1	0	0	1	1	0.30233872142524115	1.1688903309233876	0.7967431299860522	1.5697575424711212	2.8811826431720804	0.09252255429301376	9.386597802727135	0.0	1.1688903309233876	0.0	0.0	2.8811826431720804	0.09252255429301376
354000	-43.91659711493349	-24.867703732756333	-19.048893382177155	0.0	1	1	0	1	1	0	0.6713279337075938	0.6520564044815822	2.0429060797556122	0.8520363406945439	4.110490648389984	0.13216396568556346	4.716477428452049	0.6713279337075938	0.6520564044815822	0.0	0.8520363406945439	4.110490648389984	0.0
355000	-44.77363010411024	-24.34641617143263	-20.42721393267761	0.0	0	1	1	1	1	1	1.4199072641602837	0.9884067520412194	1.2360593450016526	0.09998588754520535	2.3606544696861715	2.212779348211271	4.987915163830919	0.0	0.9884067520412194	1.2360593450016526	0.09998588754520535	2.3606544696861715	2.212779348211271
356000	-37.320241923777004	-23.87679558723044	-13.443446336546565	0.0	1	1	1	0	1	0	0.40646436827449745	0.3840666907026891	0.7078988731933892	0.08367533126187322	0.6567609027908952	0.5562946302712494	5.008835870410492	0.40646436827449745	0.3840666907026891	0.7078988731933892	0.0	0.6567609027908952	0.0
357000	-42.27310609862504	-27.611522949022067	-14.661583149602977	0.0	1	1	0	0	1	0	1.9400435074479592	1.6037005610301869	0.913500060138276	1.4682222226694586	1.3027132802397086	0.18366006500048657	0.4841899767705517	1.9400435074479592	1.6037005610301869	0.0	0.0	1.3027132802397086	0.0
358000	-40.90945771307079	-25.226297844477916	-15.683159868592874	0.0	1	0	1	1	1	0	0.3463000858943436	0.10630143425234934	0.06784897427705346	1.509605800168839	1.3152157568189096	0.670527201694129	13.770495110582313	0.3463000858943436	0.0	0.06784897427705346	1.509605800168839	1.3152157568189096	0.0
359000	-45.5574795785913	-23.633617886262577	-21.92386169232872	0.0	0	1	1	0	1	1	0.5528154190013471	1.5359702236133441	0.6133006213934135	3.4549276015945263	4.1755588777012065	0.4679652873824657	8.034051277482561	0.0	1.5359702236133441	0.6133006213934135	0.0	4.1755588777012065	0.4679652873824657
360000	-43.899616155204946	-27.884476633953568	-16.015139521251378	0.0	1	0	1	1	1	0	0.9885610056800112	0.6169382005472014	0.3031008082953531	0.796026409229278	0.5553518553431713	0.08176949566106118	36.836078714177255	0.9885610056800112	0.0	0.3031008082953531	0.796026409229278	0.5553518553431713	0.0
361000	-42.42099580790781	-25.629170730215037	-16.79182507769277	0.0	0	1	1	1	0	1	0.213438265548224	0.19090506432426713	1.3399186343690281	0.293031934154917	2.489823145507318	0.8281157265530504	10.960975599609625	0.0	0.19090506432426713	1.3399186343690281	0.293031934154917	0.0	0.8281157265530504
362000	-42.6506409779997	-25.075620291389612	-17.575020686610085	0.0	1	0	0	1	1	0	1.0138503644062762	0.3682118639947329	0.2690949190960884	2.0908996123128105	1.4939364918415856	0.9044006069616666	30.97778674996354	1.0138503644062762	0.0	0.0	2.0908996123128105	1.4939364918415856	0.0
363000	-39.131957048295874	-24.798348092701694	-14.333608955594176	0.0	1	0	0	1	1	0	0.33201119624257835	1.1207008942098098	2.1618516530658067	0.7227842851917692	0.9633966921479287	0.01040076107675205	2.8486629390511697	0.33201119624257835	0.0	0.0	0.7227842851917692	0.9633966921479287	0.0
364000	-37.82422352418694	-23.779242346645635	-14.044981177541308	0.0	0	1	0	0	1	1	0.05950057411600339	1.031041871535471	0.5174516831214641	0.28880696516198023	2.029045140458035	0.16158470271684283	7.231778727223547	0.0	1.031041871535471	0.0	0.0	2.029045140458035	0.16158470271684283
365000	-41.97656788401453	-24.911101786334985	-17.065466097679547	0.0	1	0	1	1	1	1	0.4191411012132447	0.6269386606094289	0.5459034385393974	0.8072697171394702	0.29367776355376274	0.8097735406901099	21.025998336103736	0.4191411012132447	0.0	0.5459034385393974	0.8072697171394702	0.29367776355376274	0.8097735406901099
366000	-43.26731047019502	-25.178956242378284	-18.088354227816737	0.0	1	0	0	1	1	1	0.24822647423984065	0.5186817635904145	0.639361129410667	2.691812201924189	0.6036151636804203	0.6548076904572641	38.97248163104985	0.24822647423984065	0.0	0.0	2.691812201924189	0.6036151636804203	0.6548076904572641
367000	-38.59080861389138	-24.246411907413997	-14.344396706477383	0.0	1	1	0	0	1	1	0.027973472060856812	0.3543913821751581	1.6009736437266284	0.06595528059246333	1.176612883234978	0.06904090170838935	7.465627186662422	0.027973472060856812	0.3543913821751581	0.0	0.0	1.176612883234978	0.06904090170838935
368000	-40.461237839429614	-26.362683962604212	-14.098553876825399	0.0	1	1	0	0	1	0	0.18736971968571678	0.6142481556659416	0.26608316250378955	0.653299118633441	2.106189910499441	2.2481621328833	1.049578407274047	0.18736971968571678	0.6142481556659416	0.0	0.0	2.106189910499441	0.0
369000	-42.14255442142948	-25.17798286190382	-16.964571559525663	0.0	0	1	1	0	0	1	0.03709946417588181	0.1484091268157905	0.28993104372459955	0.4628959072140735	0.8329082385137628	0.4210933296414851	530.6305599305674	0.0	0.1484091268157905	0.28993104372459955	0.0	0.0	0.4210933296414851
370000	-45.25580788674624	-25.378667241305866	-19.877140645440374	0.0	0	1	1	0	1	1	0.997542692156472	0.9496660205696063	0.6751764965884495	1.7404003881022256	1.0822751259809684	0.3080373415393643	141.68754910818367	0.0	0.9496660205696063	0.6751764965884495	0.0	1.0822751259809684	0.3080373415393643
371000	-41.18489989581546	-25.621078261446094	-15.563821634369368	0.0	0	1	1	0	1	1	0.04987875730721265	1.0064824099192533	0.8015114059265835	0.6063569742911677	2.1637003186510766	1.3106496468537696	1.8046081484411933	0.0	1.0064824099192533	0.8015114059265835	0.0	2.1637003186510766	1.3106496468537696
372000	-43.31095794352032	-28.610595545855883	-14.700362397664435	0.0	0	1	1	1	0	1	0.36387688806149004	0.22927185966434943	0.3749381166444814	0.2742040302482775	0.5788277503538071	2.4489706717694273	4.030747748461786	0.0	0.22927185966434943	0.3749381166444814	0.2742040302482775	0.0	2.4489706717694273
373000	-44.32596318636037	-24.03281981894968	-20.293143367410686	0.0	0	1	0	0	1	1	0.32681689743318143	1.7264705714292765	3.0493926235651183	1.8380192543962526	3.107552213285646	0.5151090145866886	5.765875195139763	0.0	1.7264705714292765	0.0	0.0	3.107552213285646	0.5151090145866886
374000	-50.1706096827311	-25.43282714780644	-24.737782534924662	0.0	0	1	1	0	1	1	0.7664993470003411	2.4269435178549252	1.4091047830650036	0.5646969663106302	2.6767255678325377	1.5879369475727565	368.5430506034027	0.0	2.4269435178549252	1.4091047830650036	0.0	2.6767255678325377	1.5879369475727565
375000	-44.36082022870313	-25.90473273128706	-18.45608749741607	0.0	1	0	0	1	1	0	0.7624988125562465	0.33434229226916695	0.920980362173567	2.3833137561265993	0.930293626407197	0.46950772655608775	98.2644409961879	0.7624988125562465	0.0	0.0	2.3833137561265993	0.930293626407197	0.0
376000	-44.233921381253225	-27.118270551071515	-17.115650830181714	0.0	1	0	1	1	0	1	0.4390271617154269	0.010388725529452731	1.0347087038193874	0.12798321587879513	0.021388576276890472	0.3724640646158064	318.41470843853466	0.4390271617154269	0.0	1.0347087038193874	0.12798321587879513	0.0	0.3724640646158064
377000	-49.438120914354855	-27.071364595131968	-22.366756319222883	0.0	1	1	1	1	1	1	0.2665671710404167	0.03220195699523167	0.3697889412294377	0.5186840756567065	0.9404304036391453	0.7766703846383403	686.0101967105506	0.2665671710404167	0.03220195699523167	0.3697889412294377	0.5186840756567065	0.9404304036391453	0.7766703846383403
378000	-36.79805439634565	-24.206398419946595	-12.591655976399055	0.0	0	1	1	0	1	1	0.05722993953126962	0.227902394532555	0.6129087066420383	0.17900667081952032	0.25408342911730175	0.48301610775754295	5.696589289756	0.0	0.227902394532555	0.6129087066420383	0.0	0.25408342911730175	0.48301610775754295
379000	-39.19035754818087	-24.303153750335444	-14.887203797845427	0.0	0	1	0	1	1	1	0.34494236085470487	0.7336124703006025	0.6119943388155499	0.9280925407310306	1.0717168074681982	0.565260745653438	4.92620304891016	0.0	0.7336124703006025	0.0	0.9280925407310306	1.0717168074681982	0.565260745653438
380000	-39.55063341932728	-24.67191359997257	-14.878719819354716	0.0	1	1	0	1	1	0	0.13571458915916051	1.1476607666356038	0.5597855543316714	0.4236786400963443	2.0640193654599064	0.2860351462467812	3.407435314732734	0.13571458915916051	1.1476607666356038	0.0	0.4236786400963443	2.0640193654599064	0.0
381000	-38.74449758950762	-23.63834937628452	-15.1061482132231	0.0	1	1	0	1	1	0	0.11845043672970358	0.47639980176202235	0.9020485160647086	0.47610244232798055	1.6129745492436907	0.2999961517375351	8.844775853475255	0.11845043672970358	0.47639980176202235	0.0	0.47610244232798055	1.6129745492436907	0.0
382000	-40.806059906273376	-24.583024781390296	-16.223035124883083	0.0	1	1	1	1	1	0	0.6968919698693596	0.1527315296366114	0.39743473202783286	1.1770984408768626	0.9293563845411479	0.36506793322465675	7.389372767608805	0.6968919698693596	0.1527315296366114	0.39743473202783286	1.1770984408768626	0.9293563845411479	0.0
383000	-38.34679535984287	-23.390643661974142	-14.95615169786873	0.0	1	1	1	0	1	0	0.2608434261261908	0.7539240028945597	0.8054891822590731	0.7648023390584758	1.326397037930288	0.3406878931982698	5.294642649228594	0.2608434261261908	0.7539240028945597	0.8054891822590731	0.0	1.326397037930288	0.0
384000	-40.541789545377	-26.057513336518763	-14.48427620885824	0.0	1	1	0	0	1	0	0.3627239508965128	1.1315629360090593	1.979084515815426	0.6795832391244055	1.3659963394615617	0.6982853443816625	1.3393451471641007	0.3627239508965128	1.1315629360090593	0.0	0.0	1.3659963394615617	0.0
385000	-41.402352680415156	-23.653463421832686	-17.74888925858247	0.0	1	1	1	1	1	0	0.5171446578038678	0.9335924455845507	0.8024892254596829	0.17897518098758644	1.963711456136326	1.8091324502472064	2.8377943861115478	0.5171446578038678	0.9335924455845507	0.8024892254596829	0.17897518098758644	1.963711456136326	0.0
386000	-38.60816743865178	-25.583681770643082	-13.024485668008701	0.0	1	0	0	1	1	1	0.1498161379018862	0.4430005106982573	0.9523657766516979	0.28577882025805645	0.41393422818298364	0.11920249793201343	5.069575050009304	0.1498161379018862	0.0	0.0	0.28577882025805645	0.41393422818298364	0.11920249793201343
387000	-41.41718524603394	-24.127063487024024	-17.290121759009914	0.0	1	1	1	1	1	0	0.6965300458522048	1.006935250146138	0.6309587425693152	0.01421234130028424	3.0172382139498937	0.6063099024057369	2.264758256655165	0.6965300458522048	1.006935250146138	0.6309587425693152	0.01421234130028424	3.0172382139498937	0.0
388000	-44.56719612761468	-24.747596747548297	-19.81959938006638	0.0	1	1	1	0	1	0	0.3590201445228421	0.5265821485358784	0.9071211084976505	0.5989263848806212	1.2125333716106492	1.2021139858908454	295.75979190332833	0.3590201445228421	0.5265821485358784	0.9071211084976505	0.0	1.2125333716106492	0.0
389000	-45.431103783612166	-26.874255732097108	-18.556848051515058	0.0	1	1	1	1	1	0	1.772032855717365	0.7881416744240929	2.465759871217173	1.0257617156896917	0.7420662736126339	0.46601076899927274	2.2180568443686837	1.772032855717365	0.7881416744240929	2.465759871217173	1.0257617156896917	0.7420662736126339	0.0
390000	-39.47023461480408	-23.078770391202664	-16.391464223601414	0.0	1	1	1	0	1	0	0.32703614744708537	0.965349342655755	0.8108308631126446	0.759671365626945	2.1415090005550574	0.653524342422147	5.452652734173234	0.32703614744708537	0.965349342655755	0.8108308631126446	0.0	2.1415090005550574	0.0
391000	-46.521543519828626	-26.81218977268752	-19.709353747141108	0.0	0	1	1	1	1	1	0.2776069544012369	0.4199690013864848	0.0248810219712675	2.0032175360311166	0.6849566700316969	0.46147186373153043	175.53845765181353	0.0	0.4199690013864848	0.0248810219712675	2.0032175360311166	0.6849566700316969	0.46147186373153043
392000	-46.114143795718576	-24.960651371401266	-21.15349242431731	0.0	1	0	1	1	1	1	0.9319040669319886	0.030686024999874734	0.6648896037459002	4.493648568563615	2.2117295877944287	0.6196031663823767	5.464340077079789	0.9319040669319886	0.0	0.6648896037459002	4.493648568563615	2.2117295877944287	0.6196031663823767
393000	-44.38865375352718	-25.23111876505429	-19.15753498847289	0.0	0	1	1	0	0	1	0.6632388728530976	0.5383335419290248	2.2665104764526047	0.04434107259162734	2.4720752176530403	0.9934999953910152	63.22177392741717	0.0	0.5383335419290248	2.2665104764526047	0.0	0.0	0.9934999953910152
394000	-37.07677985283925	-24.545198714115358	-12.53158113872389	0.0	0	1	1	0	1	1	0.37362612478100493	0.11059702002345508	0.23455329693841712	0.3326626632323897	0.29175216681172517	0.2025354936844238	7.008394930059353	0.0	0.11059702002345508	0.23455329693841712	0.0	0.29175216681172517	0.2025354936844238
395000	-42.65111828146152	-25.345858226728204	-17.305260054733317	0.0	1	1	1	0	1	0	0.7244721174033989	1.4532841865739674	0.7211214153715726	1.941547893690166	2.104637881947853	1.088207116701916	1.2677891385229727	0.7244721174033989	1.4532841865739674	0.7211214153715726	0.0	2.104637881947853	0.0
396000	-47.23737965685585	-25.889710413044103	-21.34766924381175	0.0	1	1	0	1	1	0	1.0554062640198087	0.5115633173595152	0.13488506162145097	3.1815652954125206	1.8711393248170451	1.6523233458493587	47.624216360702896	1.0554062640198087	0.5115633173595152	0.0	3.1815652954125206	1.8711393248170451	0.0
397000	-39.084414125798375	-23.811856550900625	-15.272557574897746	0.0	1	1	1	0	1	0	0.5310836012165431	0.815660678187593	1.218048849537419	0.5462238048841138	1.194627645970483	0.3349664212357339	4.927979874558069	0.5310836012165431	0.815660678187593	1.218048849537419	0.0	1.194627645970483	0.0
398000	-43.24498900129609	-23.49706163916631	-19.74792736212978	0.0	0	1	1	0	1	1	1.4961396991181808	1.6660273862354833	0.38527472243128186	2.077504147797164	2.667362657305233	0.6683951378387157	5.7519379309416605	0.0	1.6660273862354833	0.38527472243128186	0.0	2.667362657305233	0.6683951378387157
399000	-44.430053100043374	-24.757616156872952	-19.67243694317042	0.0	1	1	1	0	1	1	0.5733326138003773	0.7997908250781681	1.7824156456692448	2.0707302830714958	1.4425590958860603	1.5259324743192095	2.6564074394648918	0.5733326138003773	0.7997908250781681	1.7824156456692448	0.0	1.4425590958860603	1.5259324743192095
400000	-44.24762308836965	-27.703851548246057	-16.543771540123593	0.0	0	1	1	0	0	1	0.45321568582193933	0.6933852218452462	0.5999974584051938	0.6906231716808264	1.1612462455882986	1.412950532682677	34.05623344635077	0.0	0.6933852218452462	0.5999974584051938	0.0	0.0	1.412950532682677
401000	-45.31540656993339	-24.35137630927384	-20.96403026065955	0.0	1	1	1	1	1	1	0.7916065197396016	1.0349482937766084	0.8348524143389089	1.3692993784255898	2.309039143846365	1.0429115914568734	3.7692985354477067	0.7916065197396016	1.0349482937766084	0.8348524143389089	1.3692993784255898	2.309039143846365	1.0429115914568734
402000	-39.77179600460937	-24.796179451568264	-14.975616553041107	0.0	1	0	0	1	1	0	0.2962578839925481	1.9412512169584242	0.2862460655696575	1.4377855770588956	0.8942770661024417	0.08859553895531758	7.780823049524906	0.2962578839925481	0.0	0.0	1.4377855770588956	0.8942770661024417	0.0
403000	-44.89697410771862	-25.010797866501523	-19.8861762412171	0.0	1	0	0	1	1	1	0.4863151206743539	0.3127015953430155	1.1921351549241572	1.7497606885523156	1.6550952242232657	0.25598866557669653	155.95803478801548	0.4863151206743539	0.0	0.0	1.7497606885523156	1.6550952242232657	0.25598866557669653
404000	-41.975189628953665	-24.976169163703204	-16.99902046525046	0.0	0	1	0	0	1	1	2.571534680738587	0.3229565050270296	0.208266011909698	3.851753729812968	0.376091787440842	0.07696363308119875	5.02402999349448	0.0	0.3229565050270296	0.0	0.0	0.376091787440842	0.07696363308119875
405000	-41.816487321620826	-24.43947780165327	-17.377009519967554	0.0	0	1	1	1	0	1	0.0821034768627034	0.5721480982048495	2.1847133427762637	0.5220334873916562	0.034207082235378605	2.0371244169863285	18.09785055451783	0.0	0.5721480982048495	2.1847133427762637	0.5220334873916562	0.0	2.0371244169863285
406000	-44.855135940868095	-25.031013061349533	-19.824122879518562	0.0	1	1	1	0	1	1	0.21727216972384372	0.6783904787337081	1.6258466134689442	0.5027747450472606	0.09241853540262895	1.1742304407352326	134.857024302244	0.21727216972384372	0.6783904787337081	1.6258466134689442	0.0	0.09241853540262895	1.1742304407352326
407000	-44.035398805288274	-24.748406451197063	-19.28699235409121	0.0	0	1	1	0	1	1	0.4656038348503405	1.425523878751623	2.331644315030405	0.09881307191685693	1.0785839673629203	1.483911387256647	28.338829229215644	0.0	1.425523878751623	2.331644315030405	0.0	1.0785839673629203	1.483911387256647
408000	-45.973787335350934	-25.200348920115665	-20.773438415235265	0.0	1	0	1	1	1	0	1.296804838407475	0.4163409143523325	3.079554387984902	2.105634013926402	2.292015521169699	0.06266680263339972	11.909134693945301	1.296804838407475	0.0	3.079554387984902	2.105634013926402	2.292015521169699	0.0
409000	-46.60238688724594	-26.458315561584737	-20.14407132566121	0.0	0	1	1	1	0	1	0.3797746855268685	0.9923360866477311	1.8405143585133577	1.1723009868200949	0.6759444171819826	1.5767994617220895	81.12475699843912	0.0	0.9923360866477311	1.8405143585133577	1.1723009868200949	0.0	1.5767994617220895
410000	-39.25521951509268	-25.236126290055854	-14.01909322503683	0.0	1	1	0	0	1	0	0.4251755037867491	0.5702527065338574	2.3985726664317935	0.17827806541731617	2.0459705411577764	0.30775993813113867	1.1255418969178441	0.4251755037867491	0.5702527065338574	0.0	0.0	2.0459705411577764	0.0
411000	-39.79496250463293	-24.623857319763758	-15.17110518486917	0.0	1	0	1	1	1	0	0.5250174097575312	0.03254653953269769	0.6246198911407033	0.8240378570542934	0.9327732471476575	0.5125773222367753	14.498197967334766	0.5250174097575312	0.0	0.6246198911407033	0.8240378570542934	0.9327732471476575	0.0
412000	-42.070353109977454	-24.16971257136092	-17.900640538616532	0.0	0	1	0	1	1	1	0.20679859200697387	2.4183818853809953	0.5368071256101885	0.19012991770588353	3.6467044471068473	0.45453348602560706	4.0996923060546395	0.0	2.4183818853809953	0.0	0.19012991770588353	3.6467044471068473	0.45453348602560706
413000	-40.724024382835964	-25.000891198876992	-15.723133183958968	0.0	0	1	1	0	0	1	1.0359610886688506	0.33886959646378517	0.7813438149385081	0.044731270023004886	0.14326854040054054	0.5595739684716202	114.01134259398228	0.0	0.33886959646378517	0.7813438149385081	0.0	0.0	0.5595739684716202
414000	-42.101072844941086	-24.637892528846987	-17.4631803160941	0.0	0	1	1	0	0	1	0.7158806802235537	0.4310663973117767	0.9993705095067529	0.9990279417028307	1.9148113060999328	0.9955608268983214	30.171158803177033	0.0	0.4310663973117767	0.9993705095067529	0.0	0.0	0.9955608268983214
415000	-44.995246227709316	-26.280510362719443	-18.71473586498987	0.0	1	0	0	1	1	0	0.9687618196636777	0.4122895678977646	0.11775517917039047	1.222464648656834	1.238030263086648	0.8354615852589553	288.1932500015008	0.9687618196636777	0.0	0.0	1.222464648656834	1.238030263086648	0.0
416000	-47.57458898356899	-25.83386118545773	-21.74072779811125	0.0	1	0	1	1	1	1	0.35562067939782366	0.3146996231659366	0.3054301901592277	1.041566928177732	1.1416827460947456	0.7888385459667239	720.5006980229998	0.35562067939782366	0.0	0.3054301901592277	1.041566928177732	1.1416827460947456	0.7888385459667239
417000	-47.43621631904013	-25.06797983111736	-22.368236487922772	0.0	0	1	0	1	1	1	0.062356309797126024	0.9753774226550009	0.2544692713663147	1.799019483940814	4.53349075542871	2.2870429899878952	29.85456172772224	0.0	0.9753774226550009	0.0	1.799019483940814	4.53349075542871	2.2870429899878952
418000	-47.27075746471496	-26.035575508020163	-21.235181956694795	0.0	1	0	1	1	0	1	0.428907961753598	1.753837508507304	0.5178877607781593	1.8928083775050923	1.5668306891252095	1.9321100825146262	57.71164700805691	0.428907961753598	0.0	0.5178877607781593	1.8928083775050923	0.0	1.9321100825146262
419000	-42.67077381165773	-25.36497609908379	-17.30579771257394	0.0	1	1	0	1	1	0	0.540388812979827	0.31872622204251255	0.5931327272100878	0.8173704695923165	1.9063377180122767	0.4716748801816639	36.29847756324293	0.540388812979827	0.31872622204251255	0.0	0.8173704695923165	1.9063377180122767	0.0
420000	-45.89171726869549	-26.144741815270123	-19.746975453425367	0.0	0	1	0	1	1	1	0.9421500077398282	0.2507331482604559	3.101510985657607	1.0333010103331683	0.2890240508960914	0.3626640045490275	103.07607029101571	0.0	0.2507331482604559	0.0	1.0333010103331683	0.2890240508960914	0.3626640045490275
421000	-44.543228955914714	-25.71389568058493	-18.829333275329784	0.0	1	0	0	1	1	1	1.195865994417323	1.7480335828426967	1.3116663228510428	1.520649294881901	1.9811261042202089	0.24539520823306474	5.981786801649266	1.195865994417323	0.0	0.0	1.520649294881901	1.9811261042202089	0.24539520823306474
422000	-40.90300931736954	-24.81966349660883	-16.083345820760705	0.0	1	1	1	1	1	0	0.12026617582303925	0.2256322165547718	0.10804359315785196	0.6524369240076485	0.8849772419508624	1.2574195582848937	10.25353220675918	0.12026617582303925	0.2256322165547718	0.10804359315785196	0.6524369240076485	0.8849772419508624	0.0
423000	-45.91029732051923	-24.416874726027316	-21.49342259449191	0.0	1	0	1	1	1	1	1.605301097593986	0.7624803979057427	2.703318397332008	1.8681117307808106	1.819644830855267	0.22318221630061055	7.440428744884234	1.605301097593986	0.0	2.703318397332008	1.8681117307808106	1.819644830855267	0.22318221630061055
424000	-38.70570948073322	-25.0903188937812	-13.615390586952024	0.0	0	1	0	0	1	1	0.016032708798756914	0.3610870031779245	0.5929152899230681	0.7478163881426871	1.6938110302092937	0.2536343922977978	7.178385827418633	0.0	0.3610870031779245	0.0	0.0	1.6938110302092937	0.2536343922977978
425000	-41.6609563947774	-24.24475473747436	-17.416201657303038	0.0	1	1	0	1	1	0	0.15788376453436986	0.6854459855526859	1.0157383715247226	0.002172194091693509	1.8226145405114582	3.82953854807189	2.38121358857609	0.15788376453436986	0.6854459855526859	0.0	0.002172194091693509	1.8226145405114582	0.0
426000	-44.03115094835352	-23.795392169294473	-20.235758779059047	0.0	0	1	1	0	1	1	0.19168814721343913	1.795122018449811	1.801217627169559	0.08752051176558771	3.434331867099712	2.4639281753460534	4.160068391201771	0.0	1.795122018449811	1.801217627169559	0.0	3.434331867099712	2.4639281753460534
427000	-49.465969040484666	-25.180047180436663	-24.285921860048006	0.0	1	1	1	1	1	1	0.04006430622276015	1.7317070731559419	1.176509907565513	0.8141472581737587	2.154826791562354	2.5430602658620107	34.554998730882325	0.04006430622276015	1.7317070731559419	1.176509907565513	0.8141472581737587	2.154826791562354	2.5430602658620107
428000	-48.96334985278247	-25.208572329821855	-23.754777522960612	0.0	1	1	1	1	0	1	0.051925540531149804	0.5525290557126026	2.552698320719572	1.0098866060671163	0.3814921231599412	2.728191970224361	295.6259795664253	0.051925540531149804	0.5525290557126026	2.552698320719572	1.0098866060671163	0.0	2.728191970224361
429000	-43.97648152265893	-25.915266718385332	-18.0612148042736	0.0	0	1	1	0	1	1	0.5441430747468115	0.42227755352187046	1.010815018030291	0.20301000031643793	0.20847553652651316	1.8997771169666917	103.55634814716112	0.0	0.42227755352187046	1.010815018030291	0.0	0.20847553652651316	1.8997771169666917
430000	-35.79470223200032	-24.153523370354474	-11.641178861645846	0.0	1	1	0	0	1	0	0.07111487613092805	0.4180605192652856	0.13605951065536384	0.3003912924379615	0.8836303620773065	0.1599373562429643	5.443509268721754	0.07111487613092805	0.4180605192652856	0.0	0.0	0.8836303620773065	0.0
431000	-45.09945624709663	-26.10013378532879	-18.999322461767843	0.0	1	1	1	1	1	0	0.5554878187423344	0.11848932943084321	1.3126704154899353	1.1556016896809636	2.112361960056963	0.28191840944019714	19.061246605324378	0.5554878187423344	0.11848932943084321	1.3126704154899353	1.1556016896809636	2.112361960056963	0.0
432000	-42.08651294176087	-23.86020769626781	-18.226305245493066	0.0	1	1	1	0	1	0	0.1852507040109816	0.6149501134383162	0.5863476692926964	1.0415206454582693	2.616799225881202	1.9142580647262626	9.26694668283811	0.1852507040109816	0.6149501134383162	0.5863476692926964	0.0	2.616799225881202	0.0
433000	-46.82572694344255	-26.761098293259156	-20.064628650183387	0.0	0	1	1	0	0	1	0.42085772180041714	2.15082776897248	2.2711256822958474	1.0575335550842133	0.05363466813564483	2.5930925483429372	33.57180788982371	0.0	2.15082776897248	2.2711256822958474	0.0	0.0	2.5930925483429372
434000	-37.460464285676466	-23.080901593569237	-14.379562692107232	0.0	1	1	1	0	1	0	0.15801286149776195	0.49726401061270387	0.357602764644441	0.25296241471287423	1.1259104717769899	1.2951625442960943	5.235087402061894	0.15801286149776195	0.49726401061270387	0.357602764644441	0.0	1.1259104717769899	0.0
435000	-39.608190725343164	-23.879696349165926	-15.728494376177235	0.0	1	1	1	1	1	0	0.3056150698828166	0.4484477647592954	0.543545835717177	0.21966416102369837	1.1844901308189997	0.08893804953862791	11.357111906752857	0.3056150698828166	0.4484477647592954	0.543545835717177	0.21966416102369837	1.1844901308189997	0.0
436000	-37.77419371149014	-24.297831134001306	-13.476362577488837	0.0	0	1	1	1	0	1	0.24119842417616577	0.1696151196999047	0.4229105311339019	0.08329794317974423	1.1121668700776797	0.4161104917658888	7.330475480640314	0.0	0.1696151196999047	0.4229105311339019	0.08329794317974423	0.0	0.4161104917658888
437000	-48.02045045414488	-24.7330394123593	-23.287411041785575	0.0	1	1	1	1	1	1	0.3284459169660417	0.17772216143636094	0.23178836597591398	2.706657110218401	1.3727892701650573	2.4017968037972355	43.65388284660668	0.3284459169660417	0.17772216143636094	0.23178836597591398	2.706657110218401	1.3727892701650573	2.4017968037972355
438000	-46.26471106454297	-25.98657844707446	-20.27813261746851	0.0	1	0	0	1	1	1	0.4545213094322897	0.5458655779724616	0.2344339702678951	2.7143659647548337	0.7177558381696229	0.12260310290090283	420.2036760331848	0.4545213094322897	0.0	0.0	2.7143659647548337	0.7177558381696229	0.12260310290090283
439000	-45.46695162318886	-25.557760256920893	-19.909191366267972	0.0	1	1	1	0	1	1	1.6037947037907394	0.6706028156821835	2.9456774378621353	1.0528938723524435	0.7214603635021402	1.1137879004178066	3.667771058203492	1.6037947037907394	0.6706028156821835	2.9456774378621353	0.0	0.7214603635021402	1.1137879004178066
440000	-43.42135700622886	-24.537138001213254	-18.884219005015606	0.0	0	1	0	0	1	1	0.8021422466464957	1.9082001364215042	0.6618678098224079	1.1519731902006618	3.701977178466914	1.3723849348817632	3.704198317011467	0.0	1.9082001364215042	0.0	0.0	3.701977178466914	1.3723849348817632
441000	-43.67837605506618	-27.15582216679428	-16.522553888271904	0.0	0	1	1	0	1	1	0.5180006278359793	0.41455804109250655	0.35213137327971167	0.5176026361091636	3.1293930140512263	0.6019660548093109	7.029659288165899	0.0	0.41455804109250655	0.35213137327971167	0.0	3.1293930140512263	0.6019660548093109
442000	-37.1552343175082	-23.6665075103508	-13.488726807157404	0.0	0	1	1	0	1	1	0.1882943925463977	0.3689024090722659	0.4445239803589834	0.007572488185589588	0.6461839543849455	0.4103747396245473	10.813097413923112	0.0	0.3689024090722659	0.4445239803589834	0.0	0.6461839543849455	0.4103747396245473
443000	-37.47590975457551	-24.394889226546656	-13.081020528028851	0.0	1	1	0	0	1	0	0.02872670270508764	0.30202593166730246	1.1033191270060874	0.09480262153055802	0.8358414364014746	0.28246901499204163	11.598504242359297	0.02872670270508764	0.30202593166730246	0.0	0.0	0.8358414364014746	0.0
444000	-42.955653853365064	-23.6380889870405	-19.31756486632456	0.0	0	1	0	1	1	1	1.1967335534865193	1.346414501532064	0.2644011453475193	1.336608739842854	2.7856002721221453	0.9101813305048341	11.415368197190524	0.0	1.346414501532064	0.0	1.336608739842854	2.7856002721221453	0.9101813305048341
445000	-48.44689387861557	-25.22447129884715	-23.22242257976842	0.0	1	0	1	1	1	0	0.2288850278552737	1.200612744653291	0.03688577130050739	0.38493730929881825	0.3322855761292223	4.549163490691679	790.2682308714386	0.2288850278552737	0.0	0.03688577130050739	0.38493730929881825	0.3322855761292223	0.0
446000	-38.646232694222284	-24.481785508814006	-14.164447185408278	0.0	0	1	1	0	0	1	0.2998998153831773	0.604237061157039	1.7442395624290694	0.25285310071013317	0.289134980983995	1.0929398867024438	6.702834879562508	0.0	0.604237061157039	1.7442395624290694	0.0	0.0	1.0929398867024438
447000	-38.90541512623609	-23.569050690552565	-15.336364435683532	0.0	1	1	1	0	1	1	0.15858806451345606	0.4127436151885192	0.8003970159607761	0.3625374176946845	0.965786118503152	0.23120722202340102	6.694523465003497	0.15858806451345606	0.4127436151885192	0.8003970159607761	0.0	0.965786118503152	0.23120722202340102
448000	-44.03795088745744	-26.333848026188086	-17.70410286126935	0.0	0	1	1	0	1	1	1.8946241237295514	0.6384799390578879	1.705210616771342	0.4430940356002729	1.9673783844764567	1.0553282865019273	2.623853096929657	0.0	0.6384799390578879	1.705210616771342	0.0	1.9673783844764567	1.0553282865019273
449000	-38.92333837774063	-24.00144183803486	-14.921896539705767	0.0	1	1	1	0	1	1	0.26586871480801566	0.36366429296472114	0.9186377930838172	0.012383529069276391	0.7213998908653192	0.45098054958731915	5.399071399008707	0.26586871480801566	0.36366429296472114	0.9186377930838172	0.0	0.7213998908653192	0.45098054958731915
450000	-39.21130414569555	-24.849645288056806	-14.36165885763874	0.0	0	1	0	0	1	1	0.248574844507444	0.2369575592821343	1.9938267272273804	0.11462031876900582	0.8519078977478755	0.06733491304467543	17.4619246231375	0.0	0.2369575592821343	0.0	0.0	0.8519078977478755	0.06733491304467543
451000	-45.294395763530474	-23.62387542955684	-21.670520333973634	0.0	0	1	1	1	1	1	1.9371162404215103	2.3588825920221774	0.4565071453750888	0.4872920378214346	3.5273161358006275	0.8759079624657707	4.59700347154447	0.0	2.3588825920221774	0.4565071453750888	0.4872920378214346	3.5273161358006275	0.8759079624657707
452000	-41.50620983065396	-24.885013555335807	-16.62119627531815	0.0	0	1	0	0	1	1	0.39743855914430065	1.4241236814019462	0.05442832504144993	0.28901483005620543	3.698149896707445	0.07404129838784099	14.850525822947526	0.0	1.4241236814019462	0.0	0.0	3.698149896707445	0.07404129838784099
453000	-36.46577012105145	-23.890161918006346	-12.575608203045103	0.0	0	1	0	0	1	1	0.1145921428862982	0.37777341374811974	0.05190231662692064	0.7656072290015337	0.9873279149963476	0.0626358966075707	9.345053467668295	0.0	0.37777341374811974	0.0	0.0	0.9873279149963476	0.0626358966075707
454000	-46.096159713943706	-26.30646814833971	-19.789691565603995	0.0	0	1	1	0	1	1	1.3423841993582315	0.8120762217585431	0.7710117775836633	0.49818114441749994	1.723006132680781	0.2467198635484176	179.21731649255307	0.0	0.8120762217585431	0.7710117775836633	0.0	1.723006132680781	0.2467198635484176
455000	-44.27636700886627	-25.932110416761883	-18.34425659210439	0.0	1	1	1	0	0	1	0.8087196873983044	0.43614114817617916	1.608781030149863	0.4149317402659483	0.7954159924700002	0.8313604754420574	76.91134863862652	0.8087196873983044	0.43614114817617916	1.608781030149863	0.0	0.0	0.8313604754420574
456000	-44.88811938047945	-28.07549870067885	-16.8126206798006	0.0	0	1	1	1	0	1	0.6826649568306745	0.5391377955336258	0.5722218407111003	0.5816676342576955	2.0186736625008246	0.7002282023367457	14.476665530151196	0.0	0.5391377955336258	0.5722218407111003	0.5816676342576955	0.0	0.7002282023367457
457000	-41.68454363959279	-25.213252956858256	-16.471290682734537	0.0	1	1	0	1	1	1	0.11882174399539376	0.3433213691177308	0.9166112339227063	1.0835299479700047	0.5991251367625524	0.7224561617994182	8.861564232395999	0.11882174399539376	0.3433213691177308	0.0	1.0835299479700047	0.5991251367625524	0.7224561617994182
458000	-44.364857071311505	-24.747037217436127	-19.61781985387538	0.0	1	1	1	0	1	1	0.846310085833111	0.9718676027527762	1.2515090073052983	1.8753930042842897	1.7926530766189268	0.33772160057366685	7.673004281488324	0.846310085833111	0.9718676027527762	1.2515090073052983	0.0	1.7926530766189268	0.33772160057366685
459000	-37.91474234585855	-24.698788736566193	-13.215953609292354	0.0	0	1	1	0	1	1	0.5439504870566019	0.4573226348353028	0.2120175990710286	0.7381259892939732	0.3294134671747551	0.22302847762230082	5.337449259239826	0.0	0.4573226348353028	0.2120175990710286	0.0	0.3294134671747551	0.22302847762230082
460000	-40.23019352401404	-23.891808086735118	-16.338385437278923	0.0	1	1	0	1	1	0	0.20310875183538138	0.3341714438924197	0.6449437628651664	0.6120370251377643	1.0696012767448022	2.081652739996276	10.496486790758068	0.20310875183538138	0.3341714438924197	0.0	0.6120370251377643	1.0696012767448022	0.0
461000	-50.63844797186735	-25.003354862479636	-25.635093109387718	0.0	1	0	1	1	1	1	0.7216908838657335	0.4709870666494705	1.0919912690229312	1.6968910464619125	1.3626464284276791	0.015184654849443863	2123.5133850609354	0.7216908838657335	0.0	1.0919912690229312	1.6968910464619125	1.3626464284276791	0.015184654849443863
462000	-45.6883021673536	-25.199561209191664	-20.48874095816193	0.0	1	0	0	1	1	0	0.24298666569076732	1.0986945299343105	2.6552938732650033	1.1446591430115258	0.6901538719323421	0.1826806734761467	433.84519386514233	0.24298666569076732	0.0	0.0	1.1446591430115258	0.6901538719323421	0.0
463000	-43.85130071099307	-26.806866879764474	-17.044433831228602	0.0	0	1	1	0	0	1	0.49510901582422806	0.11394387922179848	1.0017513297774003	1.766202635975231	1.1945732014077977	0.24553034534581297	66.12693449485892	0.0	0.11394387922179848	1.0017513297774003	0.0	0.0	0.24553034534581297
464000	-43.80100087502502	-24.98808726336619	-18.81291361165883	0.0	0	1	1	1	1	1	0.12684418136012948	1.0114191867625362	0.6238589269223137	0.6731526130755373	1.5073648698335937	2.6622526838824387	5.502496541682295	0.0	1.0114191867625362	0.6238589269223137	0.6731526130755373	1.5073648698335937	2.6622526838824387
465000	-39.95749715738623	-25.756911942530984	-14.200585214855247	0.0	1	0	0	1	1	0	0.7118981734416832	0.25287704949119794	0.6017178060527567	1.0161831052636974	1.141765230974323	1.7778713921584093	2.0608588244523127	0.7118981734416832	0.0	0.0	1.0161831052636974	1.141765230974323	0.0
466000	-39.87318976446828	-25.306223525655266	-14.56696623881301	0.0	1	0	0	1	1	0	0.6857543356416957	0.2655797764271082	0.2623910044231138	1.1368771359265915	0.9620695410797909	0.03489321941967447	25.120702212363735	0.6857543356416957	0.0	0.0	1.1368771359265915	0.9620695410797909	0.0
467000	-43.488860230469555	-25.30380482558099	-18.185055404888566	0.0	1	1	0	0	1	0	0.014209268042826005	0.9479480533531558	0.37687511661998835	1.8821084251653948	1.7788979535038982	0.7681955235218866	78.92167647734732	0.014209268042826005	0.9479480533531558	0.0	0.0	1.7788979535038982	0.0
468000	-42.326807717378756	-24.98803756471439	-17.338770152664367	0.0	1	1	0	0	1	0	0.0013876545739504441	1.07486871444669	0.1793688308431971	0.04041718893521874	1.7623013205506883	0.7527323608465737	210.36880753193387	0.0013876545739504441	1.07486871444669	0.0	0.0	1.7623013205506883	0.0
469000	-40.73100456258821	-25.964221878378613	-14.766782684209602	0.0	0	1	1	0	0	1	0.6478051095074503	0.5008546536003762	2.3236209191665735	0.036938719272229976	0.08053949337758919	0.6401025493347026	12.84325642742901	0.0	0.5008546536003762	2.3236209191665735	0.0	0.0	0.6401025493347026
470000	-46.48197862822538	-28.514894986550477	-17.967083641674904	0.0	0	1	1	0	1	1	1.2919540978137316	0.45965505093471115	0.009504171093419432	1.9073958683350505	2.235023619960062	0.017847009344129576	19.985930312459274	0.0	0.45965505093471115	0.009504171093419432	0.0	2.235023619960062	0.017847009344129576
471000	-44.760855472615745	-26.455350380514293	-18.30550509210145	0.0	0	1	0	0	1	1	0.04235015134335154	1.6428236729560457	0.20408969212149178	0.8474436366329187	2.864092018515223	0.041972788807432944	98.94559795580344	0.0	1.6428236729560457	0.0	0.0	2.864092018515223	0.041972788807432944
472000	-41.803696279448715	-24.022310334408804	-17.78138594503991	0.0	0	1	0	0	1	1	0.19132064549993175	0.17080998978985368	0.43808295306045836	2.686282433226574	0.4717308515587803	0.0014213577236349391	266.84489379807354	0.0	0.17080998978985368	0.0	0.0	0.4717308515587803	0.0014213577236349391
473000	-51.39734816269753	-26.961888640304444	-24.43545952239309	0.0	0	1	0	0	1	1	0.06296592892525786	2.3518338254788995	0.8968702937506035	4.892876953470959	5.018805432661369	0.026329952367689445	24.309009734650356	0.0	2.3518338254788995	0.0	0.0	5.018805432661369	0.026329952367689445
474000	-43.730444106353474	-27.500722082643964	-16.22972202370951	0.0	0	1	0	0	1	1	2.050514134608833	0.2387272965153686	0.3290477502052969	3.1143140504149716	0.4720247088621707	0.9971262921788964	2.864356900485736	0.0	0.2387272965153686	0.0	0.0	0.4720247088621707	0.9971262921788964
475000	-46.3350375363322	-25.697323373682778	-20.637714162649424	0.0	1	1	1	0	0	1	0.020649863279796926	0.8593348675241279	1.6171709088034287	1.8114141359968585	0.07737753369081334	3.090184869966799	58.74609775101147	0.020649863279796926	0.8593348675241279	1.6171709088034287	0.0	0.0	3.090184869966799
476000	-38.77105671798997	-24.66195052315419	-14.109106194835782	0.0	0	1	1	1	0	1	0.5910837220392001	0.09645393533138398	0.2668007675775753	0.6223725243290664	0.006339615858895897	0.8138347270323723	14.393969891302234	0.0	0.09645393533138398	0.2668007675775753	0.6223725243290664	0.0	0.8138347270323723
477000	-45.35978583740841	-25.55499315972296	-19.804792677685445	0.0	0	1	0	1	1	1	0.6848905987448708	0.6947338200655578	1.6260543842891584	1.1451904450078458	0.9078302554160111	0.8119103016965005	119.7636654801454	0.0	0.6947338200655578	0.0	1.1451904450078458	0.9078302554160111	0.8119103016965005
478000	-44.44433710238944	-24.915088230384153	-19.529248872005283	0.0	1	1	1	1	1	1	0.6848043161065078	1.614317112534604	0.6836362709747097	0.7565877057402652	1.863716821573944	0.2577708352945483	4.111043351491764	0.6848043161065078	1.614317112534604	0.6836362709747097	0.7565877057402652	1.863716821573944	0.2577708352945483
479000	-46.765080530232524	-25.671462990891737	-21.093617539340787	0.0	0	1	1	1	1	1	0.9913496774773238	1.14215406233581	0.4039772268056847	1.101138456340771	1.1724249346718725	0.8280370214535244	125.78384645490966	0.0	1.14215406233581	0.4039772268056847	1.101138456340771	1.1724249346718725	0.8280370214535244
480000	-45.01839120249306	-27.009212538964967	-18.0091786635281	0.0	0	1	0	1	1	1	2.6597290506944318	0.15237853212052824	1.2163240840225575	0.833452575177003	0.14467384130070016	0.20586136539510116	41.48433216120818	0.0	0.15237853212052824	0.0	0.833452575177003	0.14467384130070016	0.20586136539510116
481000	-42.678795817478246	-24.778872658711254	-17.899923158766992	0.0	1	1	1	0	1	0	0.6529060507341647	1.330800800203246	0.5305565443456693	0.22989297439091588	2.7485482967174657	3.0351985240464576	1.4011197516066014	0.6529060507341647	1.330800800203246	0.5305565443456693	0.0	2.7485482967174657	0.0
482000	-40.31346923298955	-24.76496054819687	-15.54850868479268	0.0	0	1	0	1	1	1	1.786020701458588	0.12508916960748231	1.519837268015765	0.13113509384076666	0.34929002575394363	0.24575671986721678	10.480997875186077	0.0	0.12508916960748231	0.0	0.13113509384076666	0.34929002575394363	0.24575671986721678
483000	-43.3008547873908	-24.682589572638996	-18.6182652147518	0.0	0	1	1	1	1	1	1.865022071079414	0.4520450822489971	0.22211778915837319	0.7450525602033437	0.9354295100110832	0.5506606790913464	27.78388414784433	0.0	0.4520450822489971	0.22211778915837319	0.7450525602033437	0.9354295100110832	0.5506606790913464
484000	-38.50998380933158	-26.70330369110243	-11.80668011822915	0.0	1	0	0	1	1	0	0.314141479761414	0.006505269709809145	0.40024927399216537	1.158533783198207	0.8648486873427542	0.5496102714223782	1.7122443459860182	0.314141479761414	0.0	0.0	1.158533783198207	0.8648486873427542	0.0
485000	-46.77068605206915	-25.925617626400353	-20.8450684256688	0.0	1	0	0	1	1	0	0.1219603982753457	0.28683834613759396	1.9031875609668725	0.3788818103200856	0.6328000232379977	0.8538639939173658	1433.2748675089622	0.1219603982753457	0.0	0.0	0.3788818103200856	0.6328000232379977	0.0
486000	-37.05178514052213	-26.814820518753223	-10.236964621768903	0.0	0	1	0	0	1	1	0.8861971583906326	0.22853272538529515	0.18488947341984238	0.2903481025057477	0.17419997230339634	0.1761711405421549	1.3795485893821795	0.0	0.22853272538529515	0.0	0.0	0.17419997230339634	0.1761711405421549
487000	-43.856411315207666	-27.311017807762397	-16.54539350744527	0.0	1	0	1	1	1	1	1.3657285978086748	0.412081299564956	0.9287083558959774	0.3234703060474147	0.43953100269171314	0.2203760730534176	10.468344920641405	1.3657285978086748	0.0	0.9287083558959774	0.3234703060474147	0.43953100269171314	0.2203760730534176
488000	-40.88871414285543	-26.20272078430463	-14.685993358550796	0.0	1	0	1	1	1	0	0.3580328771496605	1.0337163900113606	0.5316894959100629	0.11691794053868153	0.4240172450405275	1.7545695721372747	4.181269057373567	0.3580328771496605	0.0	0.5316894959100629	0.11691794053868153	0.4240172450405275	0.0
489000	-43.95531666417601	-26.0213065858494	-17.93401007832661	0.0	0	1	1	1	0	1	2.4604646949206264	0.7588319220936642	0.7563608301182094	0.19564992586106075	1.0400256679197644	1.3934963344890177	9.854515107900756	0.0	0.7588319220936642	0.7563608301182094	0.19564992586106075	0.0	1.3934963344890177
490000	-42.854478805242664	-24.89220838914619	-17.962270416096473	0.0	1	1	1	0	1	0	0.45620451737323897	1.8769107765228714	1.3221532318816358	0.5054447249647381	2.0874896582432583	1.5177177897080107	3.191956380474246	0.45620451737323897	1.8769107765228714	1.3221532318816358	0.0	2.0874896582432583	0.0
491000	-38.78298182731758	-27.399891177773874	-11.383090649543703	0.0	0	1	1	0	1	1	0.3094689990282924	0.44384144209179865	0.2306396914412921	0.3178006259790262	0.1675727919230737	0.2938254819627251	1.7950757252026666	0.0	0.44384144209179865	0.2306396914412921	0.0	0.1675727919230737	0.2938254819627251
492000	-47.948244377370244	-24.887600526385086	-23.060643850985155	0.0	0	1	1	0	1	1	1.1580382967861123	0.5295487116122567	0.7161722171931525	6.258148187964859	1.3748983334854181	1.0035060511833107	19.49432639299319	0.0	0.5295487116122567	0.7161722171931525	0.0	1.3748983334854181	1.0035060511833107
493000	-39.55233480931625	-23.72221736271771	-15.83011744659854	0.0	0	1	1	1	1	1	0.7392630484641517	0.5337573578884467	0.26787832404099965	0.21740914430424868	0.8341991702149969	0.27709939514374643	11.615333168665643	0.0	0.5337573578884467	0.26787832404099965	0.21740914430424868	0.8341991702149969	0.27709939514374643
494000	-38.99181561065069	-23.991950744035602	-14.99986486661509	0.0	0	1	0	0	1	1	1.7434256868808635	0.4843308787648392	0.4817174009855625	1.7685993439557237	0.7820716406512679	0.12240959240817371	5.155083433902461	0.0	0.4843308787648392	0.0	0.0	0.7820716406512679	0.12240959240817371
495000	-38.62989708308662	-25.29580733635901	-13.334089746727603	0.0	0	1	0	0	1	1	1.2175828625230591	0.26184918769339427	0.5902912345359698	1.1776223195846354	0.8029876633725571	0.39321367439913424	2.4971470145475547	0.0	0.26184918769339427	0.0	0.0	0.8029876633725571	0.39321367439913424
496000	-39.299896941861526	-24.2680287971867	-15.031868144674823	0.0	0	1	1	0	0	1	1.850857964225256	0.2406769306030941	0.5385904998824369	1.0669759946248596	0.19258036429844894	0.6659494088964242	12.095367364349828	0.0	0.2406769306030941	0.5385904998824369	0.0	0.0	0.6659494088964242
497000	-39.60368796100954	-23.984821218600434	-15.618866742409104	0.0	0	1	0	0	1	1	1.4449216781118954	0.18117191507249852	0.5492209837332394	1.7815675860917106	0.4916623005863583	0.01703983396916285	23.548936692120865	0.0	0.18117191507249852	0.0	0.0	0.4916623005863583	0.01703983396916285
498000	-48.11888471430706	-25.604643860083613	-22.514240854223445	0.0	0	1	0	0	1	1	1.719438609070691	3.522424021795216	0.05227938983064623	2.8088377019515107	3.360913821059092	0.10426784994370458	19.220983241419958	0.0	3.522424021795216	0.0	0.0	3.360913821059092	0.10426784994370458
499000	-41.320352569324946	-24.4395558697625	-16.880796699562445	0.0	0	1	0	1	1	1	0.8925298107461881	0.3709849428354588	0.787195789848526	0.6330569230125827	0.9784412992393396	0.7337205354420021	30.68940646313502	0.0	0.3709849428354588	0.0	0.6330569230125827	0.9784412992393396	0.7337205354420021
500000	-42.09897800091534	-24.847554789978968	-17.251423210936366	0.0	0	1	1	0	0	1	0.4978102852795818	0.2680034740016986	0.5869032502115457	0.016289072252020847	2.385306569963766	0.6103728937044477	121.10061746542134	0.0	0.2680034740016986	0.5869032502115457	0.0	0.0	0.6103728937044477
501000	-46.532178475088195	-25.166272738998998	-21.365905736089196	0.0	1	0	0	1	1	0	0.4458678806633564	0.364753204642415	4.406449016143169	0.8296485608336194	0.7384827411891034	1.0302391429629927	214.36072105051755	0.4458678806633564	0.0	0.0	0.8296485608336194	0.7384827411891034	0.0
502000	-40.392945388970126	-24.679788330888332	-15.713157058081794	0.0	1	0	0	1	1	0	0.19195944699664588	0.4621596530496557	2.230198379767435	0.6223357662141706	0.48412185553600323	0.11301389902589569	36.68873897049085	0.19195944699664588	0.0	0.0	0.6223357662141706	0.48412185553600323	0.0
503000	-43.91181483617265	-25.33055117253668	-18.581263663635973	0.0	1	1	1	0	1	0	0.22297982951387238	2.285662005462776	0.4093185246436449	1.4027635671485275	1.9695120048141024	0.828238222339994	11.248968514291699	0.22297982951387238	2.285662005462776	0.4093185246436449	0.0	1.9695120048141024	0.0
504000	-40.70789007236788	-24.91590527240533	-15.791984799962552	0.0	0	1	1	1	0	1	0.3589984941730633	0.20655858860391574	1.0258545759615998	0.840472895207413	0.3332406733821848	0.7933751970484442	24.0216921071742	0.0	0.20655858860391574	1.0258545759615998	0.840472895207413	0.0	0.7933751970484442
505000	-38.80540088592996	-24.88017374179069	-13.925227144139274	0.0	1	1	0	0	1	0	0.007737205433607373	0.39278956412802113	0.7695887623396106	0.6619683230631106	0.4793974879095656	0.22999404433915693	29.483768966779213	0.007737205433607373	0.39278956412802113	0.0	0.0	0.4793974879095656	0.0
506000	-41.55863545432514	-27.226298474544695	-14.332336979780447	0.0	0	1	0	0	1	1	0.24743505539920793	0.9009805031455109	2.832657744972883	0.20118172940070556	0.6904383663085837	0.4210489468726697	2.894900565402448	0.0	0.9009805031455109	0.0	0.0	0.6904383663085837	0.4210489468726697
507000	-41.273501329303954	-23.73114926059537	-17.54235206870858	0.0	1	1	0	1	1	0	0.45872472811796483	1.08576351457585	0.4972468374322782	0.5851024373222193	2.8189972263276073	1.626677559257347	4.19291362058636	0.45872472811796483	1.08576351457585	0.0	0.5851024373222193	2.8189972263276073	0.0
508000	-42.50736407012175	-25.13707093378135	-17.370293136340404	0.0	1	0	1	1	1	0	1.435082344356354	0.8734449980260989	1.1789167928512552	0.8970179414345064	0.9700568521803747	0.5400498583558893	11.393911524587036	1.435082344356354	0.0	1.1789167928512552	0.8970179414345064	0.9700568521803747	0.0
509000	-39.17074704034041	-24.7101834471426	-14.46056359319781	0.0	1	0	0	1	1	0	0.15003752195629727	0.28469494955363434	0.20561394508808306	0.4586090511887992	0.41760279187456556	1.3049273980315927	37.75588186165627	0.15003752195629727	0.0	0.0	0.4586090511887992	0.41760279187456556	0.0
510000	-46.926028965395204	-26.125749132664122	-20.80027983273108	0.0	1	1	1	0	1	0	0.5243569303625961	0.6013547491429337	2.219215897613089	3.6018346442389384	0.7677986767268022	0.4167224264961946	36.680096035166905	0.5243569303625961	0.6013547491429337	2.219215897613089	0.0	0.7677986767268022	0.0
511000	-44.55956365557178	-25.171706682438646	-19.387856973133132	0.0	1	0	1	1	1	0	1.5213545283790217	1.1053316695682265	0.9625095561922152	1.345493560035597	1.5949798096664818	0.8973358747383068	18.38787373876645	1.5213545283790217	0.0	0.9625095561922152	1.345493560035597	1.5949798096664818	0.0
512000	-49.11937194457181	-26.79118997378434	-22.32818197078747	0.0	1	1	1	1	0	1	0.389668534285056	0.13532829866261115	3.7135740937481128	0.06678779920612844	0.5478824225240115	0.7271883348333895	362.26019011211986	0.389668534285056	0.13532829866261115	3.7135740937481128	0.06678779920612844	0.0	0.7271883348333895
513000	-41.68928126190129	-25.78228269069135	-15.906998571209945	0.0	1	0	0	1	1	1	0.4067555959695983	1.7257135400014405	0.04454421488329607	1.1466673651909385	0.5577532934568615	0.6164164435419025	10.667095386179616	0.4067555959695983	0.0	0.0	1.1466673651909385	0.5577532934568615	0.6164164435419025
514000	-39.07466168432088	-24.477676591269894	-14.596985093050986	0.0	1	0	0	1	1	0	0.48070591152393677	0.8532270101597181	1.5386475781800564	1.0942970430575165	0.9877268647599705	0.4300967791318051	3.4427326075084945	0.48070591152393677	0.0	0.0	1.0942970430575165	0.9877268647599705	0.0
515000	-41.11162593072282	-25.440232020153104	-15.671393910569723	0.0	0	1	0	0	1	1	1.2340312551843962	1.8123839398279056	0.5849342748339537	0.6416464571470111	2.167889814714996	0.6272950911020282	1.8741498861984836	0.0	1.8123839398279056	0.0	0.0	2.167889814714996	0.6272950911020282
516000	-37.9258655363373	-24.92050219643847	-13.005363339898826	0.0	1	0	0	1	1	0	0.35028067322403095	0.07430504992045414	0.49890795807768	0.805937502043439	0.4615224740422115	1.3003293303482868	4.651334888281731	0.35028067322403095	0.0	0.0	0.805937502043439	0.4615224740422115	0.0
517000	-41.40528095227745	-24.70474461173156	-16.700536340545895	0.0	0	1	1	0	0	1	0.33913065578958085	0.49118677284039913	1.232796946265308	0.9943590635773192	0.6932685133695402	1.0505936830280223	48.46327601324869	0.0	0.49118677284039913	1.232796946265308	0.0	0.0	1.0505936830280223
518000	-39.235197602317285	-23.211730285875642	-16.023467316441643	0.0	1	1	1	1	1	0	0.17391405088084794	0.6421451551416292	0.34821874668769665	0.037089304888562796	1.7317281439121863	0.4464838911890988	8.486848615460556	0.17391405088084794	0.6421451551416292	0.34821874668769665	0.037089304888562796	1.7317281439121863	0.0
519000	-46.37563558952948	-26.211761968459253	-20.163873621070223	0.0	1	0	1	1	1	0	0.2069667389146421	0.07854722237371758	0.5954708863190691	0.8697077412168748	0.43857602187911005	1.8095051541318243	654.313091427324	0.2069667389146421	0.0	0.5954708863190691	0.8697077412168748	0.43857602187911005	0.0
520000	-44.46486277235148	-23.462273600556824	-21.002589171794654	0.0	1	1	1	0	1	0	0.8017852933591786	1.4565019337927372	2.114733494883046	0.709222213248312	3.072408092239977	1.7067125081315218	8.178138694145478	0.8017852933591786	1.4565019337927372	2.114733494883046	0.0	3.072408092239977	0.0
521000	-44.9135763735364	-25.081907922599104	-19.831668450937297	0.0	1	1	1	0	1	0	0.462557048231872	0.6236052576164806	1.7825356648435597	0.3313011611133822	2.0855195426668605	0.2712655262211466	161.53886309788723	0.462557048231872	0.6236052576164806	1.7825356648435597	0.0	2.0855195426668605	0.0
522000	-47.65039038766997	-24.913645071060163	-22.736745316609806	0.0	1	0	1	1	0	1	0.1450181299323668	1.365943588376346	0.35975143487094213	3.068535937213448	0.9309607971494958	1.954806672199888	273.2537878552816	0.1450181299323668	0.0	0.35975143487094213	3.068535937213448	0.0	1.954806672199888
523000	-42.31444009075766	-25.16909899747472	-17.145341093282934	0.0	1	0	1	1	0	1	0.5045142890874333	0.11023562541626233	1.3118945285070103	0.584224085083545	0.166878756436365	0.82005440210074	92.38765486323861	0.5045142890874333	0.0	1.3118945285070103	0.584224085083545	0.0	0.82005440210074
524000	-49.629729586179266	-26.500903726012396	-23.12882586016687	0.0	1	1	1	0	1	0	1.2225715367695056	0.17885237348908836	1.3613964841617978	0.5643347166763247	0.2788006976050046	0.3727305334034889	2358.4577231715703	1.2225715367695056	0.17885237348908836	1.3613964841617978	0.0	0.2788006976050046	0.0
525000	-52.542354059236544	-27.674869425741207	-24.867484633495337	0.0	1	0	1	1	1	1	0.46782913313947566	0.6900350457921879	2.667213615221104	1.7414393456913595	0.646966064765429	1.03144448495119	651.19881487875	0.46782913313947566	0.0	2.667213615221104	1.7414393456913595	0.646966064765429	1.03144448495119
526000	-49.55173413456966	-25.688578708136692	-23.863155426432968	0.0	1	1	1	0	0	1	0.7946724006483227	0.43533484425044894	2.4081714818215545	0.9025086634291568	0.08181802801564939	1.6466942388981023	1355.5331869187157	0.7946724006483227	0.43533484425044894	2.4081714818215545	0.0	0.0	1.6466942388981023
527000	-45.18213269298728	-25.116582829325083	-20.065549863662195	0.0	1	1	0	1	1	0	0.361778098351482	0.7348809471916411	0.25462083555737425	1.1826644613501225	1.8220893488248993	1.6121207818279537	138.41133068885424	0.361778098351482	0.7348809471916411	0.0	1.1826644613501225	1.8220893488248993	0.0
528000	-49.58903823574825	-25.766341216582987	-23.82269701916526	0.0	1	0	1	1	0	1	0.4830267387955448	1.6623585376041135	2.8148226785838535	1.2541801672606971	0.7930053382211546	0.4462630462981612	738.0069045114593	0.4830267387955448	0.0	2.8148226785838535	1.2541801672606971	0.0	0.4462630462981612
529000	-43.53874579103221	-24.374494148297654	-19.164251642734563	0.0	1	1	0	1	1	0	0.16779777593607265	1.2774505465233963	2.928020865531894	0.4178055828255383	1.9286930753586813	0.29235376357067744	22.183776575608313	0.16779777593607265	1.2774505465233963	0.0	0.4178055828255383	1.9286930753586813	0.0
530000	-45.138242370040246	-27.584883541695955	-17.553358828344294	0.0	0	1	1	1	0	1	0.90940246438357	0.6044406051412308	1.0458458283345775	0.12844153643090714	0.4355415026537887	0.522828284337569	116.87032284596228	0.0	0.6044406051412308	1.0458458283345775	0.12844153643090714	0.0	0.522828284337569
531000	-45.607523136873795	-27.88316701571207	-17.724356121161726	0.0	0	1	1	0	0	1	1.2063831134600433	1.095167665045846	1.078470320759647	0.7485279482536883	0.6577365205358087	0.9383907154430066	53.33078002226652	0.0	1.095167665045846	1.078470320759647	0.0	0.0	0.9383907154430066
532000	-46.24334894946789	-24.809564988344395	-21.43378396112349	0.0	1	1	1	1	1	1	0.6413823826110948	0.2923923721583904	0.6038837803332416	1.6971472918744956	2.5235550834671043	0.33223391669487506	21.598453438941494	0.6413823826110948	0.2923923721583904	0.6038837803332416	1.6971472918744956	2.5235550834671043	0.33223391669487506
533000	-42.8641092436311	-26.21576404387615	-16.64834519975495	0.0	1	0	0	1	1	0	0.28765621800595464	0.7195987869393776	0.112003851255261	1.3686824031321283	1.8850745641589832	3.1748578790458386	3.0793082373560066	0.28765621800595464	0.0	0.0	1.3686824031321283	1.8850745641589832	0.0
534000	-50.70615881945964	-25.307908791120703	-25.398250028338936	0.0	1	1	1	1	1	1	0.01845844972772141	0.9637729597455418	3.089040909747291	0.7734233021198924	0.40396778356229845	1.626165622301015	368.3243739866539	0.01845844972772141	0.9637729597455418	3.089040909747291	0.7734233021198924	0.40396778356229845	1.626165622301015
535000	-42.60483962968169	-28.261769940068206	-14.343069689613484	0.0	1	1	0	1	1	0	0.28275912456961955	0.26614995101030725	0.42431931599813716	0.33515812715495386	0.3756623257737734	0.12985563353519625	32.03759776117192	0.28275912456961955	0.26614995101030725	0.0	0.33515812715495386	0.3756623257737734	0.0
536000	-48.70783699925854	-24.728426942709227	-23.979410056549312	0.0	0	1	1	0	0	1	1.0540856915791204	1.2472928392465037	2.316015913511997	2.488898526551251	2.1087852927657647	4.701952302667048	8.025505748997869	0.0	1.2472928392465037	2.316015913511997	0.0	0.0	4.701952302667048
537000	-41.41897973251844	-26.751931407719226	-14.667048324799207	0.0	0	1	0	0	1	1	0.7809194297396069	1.8532044425554648	0.037644704067923244	0.729045587142971	1.4090138032618094	1.491752147901724	1.4778214901012239	0.0	1.8532044425554648	0.0	0.0	1.4090138032618094	1.491752147901724
538000	-41.50963982889056	-26.731309014974862	-14.7783308139157	0.0	1	0	1	1	1	1	0.08988306201321614	1.2802215559018584	0.09773018200049274	0.5631556686985013	0.23425471508148318	0.4525034093181315	4.751059187481891	0.08988306201321614	0.0	0.09773018200049274	0.5631556686985013	0.23425471508148318	0.4525034093181315
539000	-41.25804212566987	-26.084702395962303	-15.173339729707562	0.0	0	1	1	0	1	1	1.7094032617797288	0.5850674844782577	0.3803852125633048	0.5486968221433948	1.6384373676725397	0.7197842086214036	1.7448922261139426	0.0	0.5850674844782577	0.3803852125633048	0.0	1.6384373676725397	0.7197842086214036
540000	-44.13075178259999	-25.15633197284229	-18.9744198097577	0.0	1	0	1	1	0	1	0.48078124823253815	1.7655983709766039	1.0946543335623586	0.21737895116821032	1.2561343211124427	0.32000189107456567	110.04031956166347	0.48078124823253815	0.0	1.0946543335623586	0.21737895116821032	0.0	0.32000189107456567
541000	-42.73511776672625	-25.682342176908367	-17.052775589817884	0.0	0	1	1	0	1	1	1.2719282853961464	0.5133837252903223	1.2165759124137907	1.1215920379727355	0.6124185121240608	0.3665079127864809	18.199367529274795	0.0	0.5133837252903223	1.2165759124137907	0.0	0.6124185121240608	0.3665079127864809
542000	-37.81187931433393	-23.93274899627351	-13.879130318060419	0.0	1	1	0	1	1	0	0.425044716197917	0.3327123391437009	0.23852262247909536	0.7568458423385228	1.3339513257047573	0.4249593089000084	3.784660090423473	0.425044716197917	0.3327123391437009	0.0	0.7568458423385228	1.3339513257047573	0.0
543000	-42.98127002011364	-25.766773428334556	-17.21449659177909	0.0	0	1	1	1	0	1	1.481195016385454	0.061333228134436785	0.12709319454347323	0.26304397972016147	1.2990807758891316	0.8729988919253779	55.933197928137595	0.0	0.061333228134436785	0.12709319454347323	0.26304397972016147	0.0	0.8729988919253779
544000	-52.47987935563484	-24.782205040177864	-27.69767431545698	0.0	1	1	1	1	1	1	1.9185644173787118	0.08226806302878308	3.7052693851400003	3.05261012556435	2.555228973110586	0.5003437167026953	36.53996121912387	1.9185644173787118	0.08226806302878308	3.7052693851400003	3.05261012556435	2.555228973110586	0.5003437167026953
545000	-44.02162608336316	-24.988661697978426	-19.032964385384737	0.0	1	0	1	1	1	0	1.440080355695078	0.265370731021548	1.2915229330087776	1.4089364681711694	1.2491011997294819	0.9798009515949128	28.20781725762052	1.440080355695078	0.0	1.2915229330087776	1.4089364681711694	1.2491011997294819	0.0
546000	-42.02314422789975	-23.47203362287868	-18.551110605021073	0.0	0	1	1	0	1	1	3.5607125022651043	0.5244731262536108	0.7158365092030888	1.3889064352344245	0.7980626350503524	0.6724169577663084	6.3757061094575915	0.0	0.5244731262536108	0.7158365092030888	0.0	0.7980626350503524	0.6724169577663084
547000	-39.6729523910624	-25.874575413504658	-13.798376977557743	0.0	1	1	1	0	0	1	0.296338645963032	0.061615923277088855	1.537858135493576	0.1084806690813403	0.03497147999332526	0.15395286515378828	12.949874402825413	0.296338645963032	0.061615923277088855	1.537858135493576	0.0	0.0	0.15395286515378828
548000	-44.44992868116459	-25.10023902288527	-19.34968965827932	0.0	0	1	1	0	0	1	0.45650053694137194	0.4670693470901884	1.6219199942405296	1.600431436410642	0.01747645654612003	1.660924854640789	209.9643405013932	0.0	0.4670693470901884	1.6219199942405296	0.0	0.0	1.660924854640789
549000	-50.37968140944058	-25.030389998503985	-25.349291410936594	0.0	0	1	1	0	1	1	0.5440467900921454	1.2230615659291424	2.3744512514154903	0.11078528213111727	0.08654384735713373	2.0243145634928643	2244.072294341115	0.0	1.2230615659291424	2.3744512514154903	0.0	0.08654384735713373	2.0243145634928643
550000	-46.60603872637908	-25.743676241842532	-20.862362484536547	0.0	1	1	1	0	0	1	0.11441966696915332	0.4123145123290469	1.2413722305336188	0.5600854929317834	0.8682644010201809	0.493973138646327	1122.2134293551094	0.11441966696915332	0.4123145123290469	1.2413722305336188	0.0	0.0	0.493973138646327
551000	-45.885879830610136	-24.79988184888573	-21.085997981724404	0.0	1	0	1	1	1	1	0.2887718285832367	0.8264132487061963	0.7277700290558382	1.0451102090777746	0.08136066860496763	0.9619599385320788	482.5938583612222	0.2887718285832367	0.0	0.7277700290558382	1.0451102090777746	0.08136066860496763	0.9619599385320788
552000	-44.224910339023126	-23.85603076799185	-20.368879571031272	0.0	1	1	1	0	1	1	1.137906677694465	1.3058433270745688	1.8001314754511808	1.0425729017758307	2.696902720652008	0.041899853670198495	6.297441046369522	1.137906677694465	1.3058433270745688	1.8001314754511808	0.0	2.696902720652008	0.041899853670198495
553000	-43.44940623442007	-24.8989453505535	-18.55046088386657	0.0	1	0	0	1	1	0	0.8251326901864514	1.0667910618911967	0.40149823026760045	1.3274837469774394	1.5908810368323674	2.7319002006563418	13.760787094957763	0.8251326901864514	0.0	0.0	1.3274837469774394	1.5908810368323674	0.0
554000	-45.02555752318062	-25.323864929142047	-19.701692594038576	0.0	0	1	1	0	1	1	1.7201684599585505	0.5317485776531671	1.1814845795195854	1.5083500165700927	0.46258579938803013	1.7918200419666894	31.31143257640367	0.0	0.5317485776531671	1.1814845795195854	0.0	0.46258579938803013	1.7918200419666894
555000	-41.67972670334004	-26.514408327386057	-15.165318375953976	0.0	1	1	0	0	1	0	0.5534840925203349	0.2854344120397891	3.602970425890173	0.7359676928184454	1.77080558752368	0.11027871858770759	1.1406023274323973	0.5534840925203349	0.2854344120397891	0.0	0.0	1.77080558752368	0.0
556000	-40.381185099117275	-25.171493729912456	-15.209691369204823	0.0	1	0	0	1	1	0	0.8947963290728631	0.8162703789400605	1.4294640666324039	1.5032920436853507	1.0630941426499152	0.006793218328652783	4.568204253635048	0.8947963290728631	0.0	0.0	1.5032920436853507	1.0630941426499152	0.0
557000	-45.379081324710825	-23.883199131947286	-21.49588219276354	0.0	1	1	1	0	1	1	0.33884326808204807	1.180795092030679	2.1657633841908743	2.1915655849039255	1.5219173800016	1.7745403917107163	6.166232270442165	0.33884326808204807	1.180795092030679	2.1657633841908743	0.0	1.5219173800016	1.7745403917107163
558000	-44.949772396467026	-28.378304322847256	-16.57146807361977	0.0	1	0	0	1	1	0	0.24735870908121985	0.793308102462056	0.11910116181968794	0.1639102299781399	0.2243504750038476	4.832222332329422	9.120233478002735	0.24735870908121985	0.0	0.0	0.1639102299781399	0.2243504750038476	0.0
559000	-39.642877934870725	-26.980028403817354	-12.662849531053373	0.0	1	0	0	1	1	0	0.10758811271517432	0.15348394612615116	0.9840136573863048	0.29093309163846753	0.864661999026145	0.7952114221534152	4.437972405681628	0.10758811271517432	0.0	0.0	0.29093309163846753	0.864661999026145	0.0
560000	-43.79767002351947	-27.627042575631098	-16.17062744788838	0.0	0	1	1	0	1	1	1.113213385543495	0.8181207378558382	0.9234134309981538	0.20544421121877393	0.5699787478190734	0.1934645604741348	26.8364569621037	0.0	0.8181207378558382	0.9234134309981538	0.0	0.5699787478190734	0.1934645604741348
561000	-48.445736904115215	-25.705287728835508	-22.740449175279707	0.0	1	1	1	0	1	1	0.695672260082129	0.515291639762026	1.6893625508291101	0.6354927507944182	1.2410426986608616	0.6865501065388875	523.582088357054	0.695672260082129	0.515291639762026	1.6893625508291101	0.0	1.2410426986608616	0.6865501065388875
562000	-39.466676366863226	-24.728766985149473	-14.737909381713752	0.0	1	1	1	0	1	1	0.05204749987281449	0.319716501265299	0.6478291297949176	0.15378838805502676	0.46053925647835564	1.0075676315206112	4.92374465699224	0.05204749987281449	0.319716501265299	0.6478291297949176	0.0	0.46053925647835564	1.0075676315206112
563000	-42.63625122218734	-25.322218119126774	-17.314033103060567	0.0	0	1	1	0	0	1	0.34875258689028804	0.3070633319579928	1.089477220295634	0.7340430192086241	0.7431471870943804	0.4838974543728143	224.66125263217643	0.0	0.3070633319579928	1.089477220295634	0.0	0.0	0.4838974543728143
564000	-38.87114631278466	-24.747218879291175	-14.123927433493483	0.0	0	1	1	0	0	1	0.11098258441463991	0.6857229632782953	1.155708986861793	0.25478008585538386	1.1134776095972507	1.0616566750070344	5.8340780290796355	0.0	0.6857229632782953	1.155708986861793	0.0	0.0	1.0616566750070344
565000	-36.814394016947965	-23.61193519969974	-13.202458817248223	0.0	1	1	1	0	1	0	0.11872569449494383	0.26164988983967236	0.30651002017407936	0.7355334281609457	0.43276973366346294	1.0154119035342142	3.653974967472958	0.11872569449494383	0.26164988983967236	0.30651002017407936	0.0	0.43276973366346294	0.0
566000	-44.11262717761622	-25.61924044017058	-18.493386737445643	0.0	1	1	0	0	1	0	0.007553435154701034	0.3602264066834571	3.7539404247724732	1.0868666994847582	0.7006313360364678	0.4286165086197887	61.809353692230175	0.007553435154701034	0.3602264066834571	0.0	0.0	0.7006313360364678	0.0
567000	-43.388164235970436	-24.01240954325859	-19.37575469271185	0.0	1	1	0	0	1	0	0.001177636831124023	0.3078674487466099	0.18208484583482962	3.1860304786419493	0.5758936182453248	2.06300283855879	141.13298761012584	0.001177636831124023	0.3078674487466099	0.0	0.0	0.5758936182453248	0.0
568000	-46.724135309839085	-24.725706726317547	-21.99842858352154	0.0	1	1	0	0	1	0	0.0033222226464160766	1.6498716287504387	3.5426861192428167	0.6798672802789818	2.7207520252408686	0.23950343533148966	154.3607631883733	0.0033222226464160766	1.6498716287504387	0.0	0.0	2.7207520252408686	0.0
569000	-42.30773333818229	-24.102692672113044	-18.20504066606924	0.0	1	1	0	0	1	0	0.0028264784332630594	0.6244697485985922	0.8402449348919874	0.3119064016794417	1.8397557241542968	1.1861050166861167	189.06605997586306	0.0028264784332630594	0.6244697485985922	0.0	0.0	1.8397557241542968	0.0
570000	-41.6470874387815	-23.968835360830028	-17.678252077951466	0.0	1	1	0	0	1	0	8.384040573167625E-4	0.19171762400607648	0.44965156215163105	1.8018922230317664	0.516725566595316	1.7181434593232623	133.82616657973085	8.384040573167625E-4	0.19171762400607648	0.0	0.0	0.516725566595316	0.0
571000	-38.05347513101566	-25.28200007169199	-12.771475059323674	0.0	1	0	0	1	1	0	0.2858525348094869	0.6878098603445244	0.40401430343581796	0.9138724818190809	0.44910174281043846	0.9264428542593419	3.0913460839557207	0.2858525348094869	0.0	0.0	0.9138724818190809	0.44910174281043846	0.0
572000	-45.483937015073614	-26.40625656065312	-19.077680454420495	0.0	1	1	1	1	0	1	0.014977690533527727	0.35320998088052524	0.4237453491158207	0.1788052125882171	1.8843784581350507	0.7493354347478624	127.8896629627223	0.014977690533527727	0.35320998088052524	0.4237453491158207	0.1788052125882171	0.0	0.7493354347478624
573000	-51.176036133611625	-25.1372696608594	-26.038766472752226	0.0	0	1	1	0	0	1	0.03648299554231715	1.0392190455144508	1.687250388740978	8.84343737941003	0.9822804458253238	2.0716754230220866	29.33132921409053	0.0	1.0392190455144508	1.687250388740978	0.0	0.0	2.0716754230220866
574000	-43.436647420473875	-24.610916819011692	-18.825730601462183	0.0	1	0	0	1	1	0	0.8764804637066675	0.7971838330027378	0.8835084396253601	1.876664950778458	1.8811940765935475	1.4463972091283628	21.584536358214425	0.8764804637066675	0.0	0.0	1.876664950778458	1.8811940765935475	0.0
575000	-45.21156977032257	-25.702346109484804	-19.50922366083777	0.0	0	1	1	0	0	1	1.0768791704638132	0.6279954993958795	3.27518956247612	0.5652225970135902	0.2028806397734235	1.1446543221059615	94.8496140859761	0.0	0.6279954993958795	3.27518956247612	0.0	0.0	1.1446543221059615
576000	-41.793087858042476	-24.446752699590668	-17.346335158451808	0.0	0	1	1	1	1	1	0.2212543138041164	0.5636493194613171	1.4072102493505205	0.11742636511201245	0.995170877925936	1.3277502671773709	9.09716308379121	0.0	0.5636493194613171	1.4072102493505205	0.11742636511201245	0.995170877925936	1.3277502671773709
577000	-39.82484256782857	-23.59108637411376	-16.233756193714804	0.0	1	1	1	0	1	1	0.18303015948013154	0.5741388619849517	0.910717077435914	0.7409283923434573	0.9684083638511815	0.5426743619685553	6.113710370750229	0.18303015948013154	0.5741388619849517	0.910717077435914	0.0	0.9684083638511815	0.5426743619685553
578000	-49.41235914973075	-25.186471651673852	-24.225887498056892	0.0	1	1	1	1	1	1	0.6891360100788253	0.9352135888947836	2.423471953694227	1.3385012128378426	2.211928708839522	3.274040280011905	3.0031168141434894	0.6891360100788253	0.9352135888947836	2.423471953694227	1.3385012128378426	2.211928708839522	3.274040280011905
579000	-51.98124062053202	-25.021714588356563	-26.959526032175454	0.0	1	1	1	1	1	1	0.3801444445517833	1.2321317681077617	2.298751667094039	0.27341761476068116	1.0120292282622907	1.1833096318752994	1224.5123903204733	0.3801444445517833	1.2321317681077617	2.298751667094039	0.27341761476068116	1.0120292282622907	1.1833096318752994
580000	-46.555635159110935	-26.468884884208272	-20.08675027490266	0.0	1	0	0	1	1	1	0.45451865479770054	2.8189393800967357	0.9557184766977546	1.2995902366926153	0.6588968850892	1.1998530055571828	37.766198068385904	0.45451865479770054	0.0	0.0	1.2995902366926153	0.6588968850892	1.1998530055571828
581000	-41.34313941166211	-24.97043320192399	-16.372706209738123	0.0	1	1	1	1	1	0	0.3638160002780537	0.3200852590531141	0.1511374764671315	1.028541712446833	0.8353397152479992	0.7535241494078	11.161727189818285	0.3638160002780537	0.3200852590531141	0.1511374764671315	1.028541712446833	0.8353397152479992	0.0
582000	-43.97948410034313	-26.196079699562393	-17.78340440078074	0.0	1	0	1	1	1	1	0.27709424518494447	2.0911057913565543	0.11902607174743288	1.1165064207466608	1.780348015397906	0.130454039655222	5.846057936345748	0.27709424518494447	0.0	0.11902607174743288	1.1165064207466608	1.780348015397906	0.130454039655222
583000	-40.8391796354975	-25.354264926802358	-15.484914708695145	0.0	0	1	1	1	0	1	0.7683870513269059	0.18942593580982905	0.646757176656858	0.356777012347851	0.35005533528729355	0.4060825293359095	40.33065089479865	0.0	0.18942593580982905	0.646757176656858	0.356777012347851	0.0	0.4060825293359095
584000	-41.45003994179271	-24.159824535172355	-17.29021540662036	0.0	1	1	1	1	1	0	0.37527503388281025	1.3634287326240873	0.2542680570648064	0.3432829976848103	1.9149010218952844	0.42384038571695903	8.248724338121782	0.37527503388281025	1.3634287326240873	0.2542680570648064	0.3432829976848103	1.9149010218952844	0.0
585000	-41.85124297779328	-26.313879300215515	-15.53736367757776	0.0	0	1	0	0	1	1	0.3572042778795122	0.16993180203950542	2.835059901858173	2.9478200893879096	0.5270298510642742	0.09940324826729395	1.8698507119700545	0.0	0.16993180203950542	0.0	0.0	0.5270298510642742	0.09940324826729395
586000	-40.52990278117706	-24.706033532496736	-15.823869248680323	0.0	1	1	0	0	1	0	0.1885762530864327	0.8683771001678955	0.03060606307280567	2.7460747833998234	1.2730647780380453	1.4831252108860433	3.518282098588538	0.1885762530864327	0.8683771001678955	0.0	0.0	1.2730647780380453	0.0
587000	-45.04444154506663	-24.893827971673357	-20.150613573393272	0.0	1	1	0	1	1	1	0.6233945931468741	0.4007799928964322	1.493145720445825	2.077421605451781	1.623148379626212	0.9992830619734556	11.308283638029964	0.6233945931468741	0.4007799928964322	0.0	2.077421605451781	1.623148379626212	0.9992830619734556
588000	-48.26855632094511	-27.19574775409235	-21.072808566852757	0.0	0	1	1	0	0	1	0.045212455370189815	0.4100128870092288	2.7992261193831194	0.12306812340600409	0.5624383159810499	2.48627989691886	488.2080148780655	0.0	0.4100128870092288	2.7992261193831194	0.0	0.0	2.48627989691886
589000	-42.57123186452151	-24.89653092945426	-17.674700935067246	0.0	1	0	1	1	1	0	0.49501882454101914	1.2572528039637236	0.6439067411516756	0.6445735797505765	0.7544866493356714	0.809106161557407	53.880982638364785	0.49501882454101914	0.0	0.6439067411516756	0.6445735797505765	0.7544866493356714	0.0
590000	-37.94984757870952	-23.69973559735752	-14.250111981352003	0.0	1	1	1	0	1	0	0.16197503121419393	0.8074160703542751	0.22592723136464557	0.12265078321480972	1.1641960058304344	0.9452627958131171	5.958542867408628	0.16197503121419393	0.8074160703542751	0.22592723136464557	0.0	1.1641960058304344	0.0
591000	-40.71975862906868	-25.196303757701713	-15.523454871366962	0.0	1	1	1	0	1	0	0.7547549016018144	0.9589494805622049	0.47405808532211074	1.4677338955509964	1.9036816054731887	0.7327114926469795	1.2175739529410203	0.7547549016018144	0.9589494805622049	0.47405808532211074	0.0	1.9036816054731887	0.0
592000	-41.949738895021184	-24.729615637533886	-17.220123257487295	0.0	0	1	1	0	0	1	2.2715082657650756	0.25630898646294403	1.2144114896959624	0.12058242719271293	2.085356964852919	0.5680602699432509	15.144778370900577	0.0	0.25630898646294403	1.2144114896959624	0.0	0.0	0.5680602699432509
593000	-51.273650686390326	-24.796189646046074	-26.477461040344252	0.0	0	1	1	1	1	1	0.9835941216307007	0.8174327587198597	1.2514700909917014	3.0803074561994923	1.2909862648124666	4.147872862254757	76.30974091624185	0.0	0.8174327587198597	1.2514700909917014	3.0803074561994923	1.2909862648124666	4.147872862254757
594000	-41.839971563904726	-24.80747454621228	-17.032497017692446	0.0	0	1	1	0	0	1	0.8983218765733909	0.19866255481348072	0.5154773747645778	1.374758049598208	0.7496378071857247	0.5424348167118269	107.410580855529	0.0	0.19866255481348072	0.5154773747645778	0.0	0.0	0.5424348167118269
595000	-46.005925180922205	-23.747099741885968	-22.258825439036233	0.0	0	1	1	1	1	1	0.17232513377244585	3.5502125441884282	1.2254202529700857	0.06944377868188019	3.8375579244652016	0.8544388224441243	7.727015849527707	0.0	3.5502125441884282	1.2254202529700857	0.06944377868188019	3.8375579244652016	0.8544388224441243
596000	-40.1648548039138	-25.14876502150683	-15.01608978240697	0.0	1	1	1	0	1	0	0.19757502562369195	0.32315473984236304	1.5153162030656708	1.1257034445678276	0.7549957979417679	0.2186948394518178	6.312271369875736	0.19757502562369195	0.32315473984236304	1.5153162030656708	0.0	0.7549957979417679	0.0
597000	-38.34097458360489	-23.812248336664997	-14.528726246939891	0.0	0	1	1	0	1	1	1.0544251985771793	0.8494245456830726	0.3594941589827038	0.25497438277004736	0.9244504977175378	0.4254341620828204	5.070259768108036	0.0	0.8494245456830726	0.3594941589827038	0.0	0.9244504977175378	0.4254341620828204
598000	-43.939180848672564	-25.72098833759776	-18.218192511074808	0.0	1	1	0	1	1	0	1.072841319118659	0.7240457584883532	2.162858816574441	1.6550827640816852	1.5609180553836	0.20778519238487422	6.029975763817442	1.072841319118659	0.7240457584883532	0.0	1.6550827640816852	1.5609180553836	0.0
599000	-43.39513495242676	-25.7330627297399	-17.662072222686856	0.0	1	1	1	0	1	0	1.0641222456687678	0.2818779502333169	3.557972799689111	0.7280148958561948	1.6401497776767826	0.41004696802539053	2.5717228858563073	1.0641222456687678	0.2818779502333169	3.557972799689111	0.0	1.6401497776767826	0.0
600000	-39.37486517783178	-25.96135448998277	-13.413510687849012	0.0	1	0	1	1	1	0	0.3133674984606813	0.06929828889333153	0.6266380415963324	0.3172377843055215	0.8454068202076745	0.768599182390955	4.205987950536702	0.3133674984606813	0.0	0.6266380415963324	0.3172377843055215	0.8454068202076745	0.0
601000	-40.66398619002187	-27.43191842050043	-13.232067769521445	0.0	0	1	0	1	1	1	0.09860426669326632	0.13236206384853377	1.0935899037061887	0.234180894920005	0.642725887894235	0.7195330366869993	3.578999952210694	0.0	0.13236206384853377	0.0	0.234180894920005	0.642725887894235	0.7195330366869993
602000	-46.0391627211237	-25.347302485342382	-20.69186023578132	0.0	0	1	1	1	0	1	1.6657679057887846	0.49951123340971604	0.7980215270714509	0.6079276378293339	1.9992761629609423	1.5517223231485726	86.0044479948369	0.0	0.49951123340971604	0.7980215270714509	0.6079276378293339	0.0	1.5517223231485726
603000	-50.13432016681588	-24.938904962840944	-25.19541520397494	0.0	1	0	1	1	1	1	0.920883513663366	1.4405138897391796	1.8716297659427805	0.8890325880258345	0.2750482719667633	0.34254723098416845	1591.6094680900726	0.920883513663366	0.0	1.8716297659427805	0.8890325880258345	0.2750482719667633	0.34254723098416845
604000	-50.128796869224615	-24.772183652819468	-25.35661321640515	0.0	1	0	1	1	1	1	1.8593768514243114	2.571032554476142	2.581578061946773	2.2277607629900062	1.1789083845579602	0.9107442473502994	33.06975980862059	1.8593768514243114	0.0	2.581578061946773	2.2277607629900062	1.1789083845579602	0.9107442473502994
605000	-48.55956767558068	-27.075661172839784	-21.483906502740894	0.0	0	1	1	1	1	1	0.17662701493646796	1.99284386537482	0.8142997922404682	1.5387474028992683	1.464640422309391	0.8207689493231433	61.53126309647024	0.0	1.99284386537482	0.8142997922404682	1.5387474028992683	1.464640422309391	0.8207689493231433
606000	-42.40350720415988	-25.372107185504948	-17.03140001865493	0.0	1	1	1	0	1	0	0.6881371905925386	0.34970540949696566	0.6791992398014653	0.616007550314208	0.8016515021013568	3.962583581150789	2.4568332020294537	0.6881371905925386	0.34970540949696566	0.6791992398014653	0.0	0.8016515021013568	0.0
607000	-42.60855398681564	-24.706733067437895	-17.901820919377748	0.0	1	0	0	1	1	0	0.23520252152407783	0.6858074455702219	3.9511670444998535	0.8521411293488707	0.8338669637380159	1.0720933801796861	9.876362694661701	0.23520252152407783	0.0	0.0	0.8521411293488707	0.8338669637380159	0.0
608000	-41.40881894659107	-25.578881881646847	-15.829937064944222	0.0	1	0	0	1	1	0	0.2737590657777281	0.4439446276910751	0.2634135214137386	0.7921877066731461	1.2453815347478987	0.6844936385358771	60.152865085919046	0.2737590657777281	0.0	0.0	0.7921877066731461	1.2453815347478987	0.0
609000	-38.4936468433663	-24.298992163379165	-14.194654679987133	0.0	1	1	1	0	1	0	0.13720284021375506	0.3971523802040178	0.6142609585943785	1.2097971556030915	0.6819620834281228	1.0048360463600756	3.0459921256346294	0.13720284021375506	0.3971523802040178	0.6142609585943785	0.0	0.6819620834281228	0.0
610000	-49.98255204077479	-27.09333854943472	-22.889213491340072	0.0	1	0	1	1	1	0	1.0571285938691974	0.6163515463648893	3.838419350506581	0.5882286646636111	0.1465336523192955	0.049761080855484155	836.5496430308416	1.0571285938691974	0.0	3.838419350506581	0.5882286646636111	0.1465336523192955	0.0
611000	-36.83001532650301	-24.340445028147634	-12.489570298355375	0.0	0	1	1	0	1	1	0.31033473977383735	0.1766764397658464	0.06113180862993415	0.5397282045431816	0.6286251461764047	0.117612166260246	5.044764630819138	0.0	0.1766764397658464	0.06113180862993415	0.0	0.6286251461764047	0.117612166260246
612000	-57.735124476748084	-27.23343496933943	-30.50168950740865	0.0	1	0	0	1	1	1	1.3368807827487117	1.5976984831913437	3.40655881786309	4.190920298329529	1.1032639470487007	0.8215506539991712	1625.1624484404836	1.3368807827487117	0.0	0.0	4.190920298329529	1.1032639470487007	0.8215506539991712
613000	-45.36230627880366	-24.586211835058666	-20.776094443744988	0.0	1	1	0	0	1	1	0.50286149044294	1.604132051995628	1.2163601992699964	1.2464796098137867	5.57669839081626	0.4274205318090962	3.2104584430404532	0.50286149044294	1.604132051995628	0.0	0.0	5.57669839081626	0.4274205318090962
614000	-43.75637717453205	-25.596914080259147	-18.1594630942729	0.0	0	1	1	0	0	1	1.4369952246309372	0.5357527909819347	1.0696517357813473	0.44819180442538803	0.09585789269074066	1.9835882828583447	92.53661735848846	0.0	0.5357527909819347	1.0696517357813473	0.0	0.0	1.9835882828583447
615000	-43.504784859264205	-25.53928740711891	-17.965497452145293	0.0	1	0	0	1	1	0	0.24739262869617618	0.9252321111242772	1.8897297420459658	0.5326166099096952	0.9513750339400708	0.4249364766895005	133.22859364129127	0.24739262869617618	0.0	0.0	0.5326166099096952	0.9513750339400708	0.0
616000	-39.43054540395576	-25.050441367980174	-14.380104035975586	0.0	1	0	0	1	1	0	0.16207027842945224	0.06531442164771768	0.14869592535285844	0.3016572057901447	0.35547870807888476	1.0480382422305565	70.70992830447724	0.16207027842945224	0.0	0.0	0.3016572057901447	0.35547870807888476	0.0
617000	-43.27751445628556	-28.189482223269355	-15.0880322330162	0.0	1	0	0	1	1	0	0.12445933039636949	1.2025443146894201	2.5653208704872044	0.6283145043769421	1.0774093370404583	0.7713644659669333	2.103174275199176	0.12445933039636949	0.0	0.0	0.6283145043769421	1.0774093370404583	0.0
618000	-42.76480411510961	-24.417325381024725	-18.34747873408489	0.0	1	1	1	1	1	0	0.5180627360215112	0.9654814688866611	0.1460170536473483	0.3157932723481426	4.057999782125841	0.4516720619524176	4.018075823414522	0.5180627360215112	0.9654814688866611	0.1460170536473483	0.3157932723481426	4.057999782125841	0.0
619000	-38.94060691024765	-24.335308144900583	-14.605298765347069	0.0	1	1	0	0	1	0	0.138059486380443	0.40934690936171564	0.33911029493151434	2.021136187620328	1.4985621844596362	1.056622225378212	3.21107280683065	0.138059486380443	0.40934690936171564	0.0	0.0	1.4985621844596362	0.0
620000	-48.015653354535246	-24.784062737583746	-23.2315906169515	0.0	1	1	0	1	1	1	0.1740771573310638	1.0235066189453788	0.7742482903888043	4.122776545208846	2.3241768456185605	1.4502973543839368	17.2715963505979	0.1740771573310638	1.0235066189453788	0.0	4.122776545208846	2.3241768456185605	1.4502973543839368
621000	-48.03215544237548	-28.869408273068338	-19.16274716930715	0.0	0	1	0	1	1	1	3.2119928279970558	1.0379936760871753	2.23413472130028	1.688782369299179	0.5875694432161153	0.7375993951665745	1.8771280397170622	0.0	1.0379936760871753	0.0	1.688782369299179	0.5875694432161153	0.7375993951665745
622000	-46.009544762592256	-26.302561470006232	-19.706983292586028	0.0	1	1	0	0	1	0	0.10887903919242882	0.6853504667264392	1.1064296832130076	2.495944961390303	4.474025606187021	0.35641255959577595	12.139757187754693	0.10887903919242882	0.6853504667264392	0.0	0.0	4.474025606187021	0.0
623000	-42.73466316537972	-25.237193485145276	-17.497469680234445	0.0	0	1	1	0	0	1	0.3866995218243751	0.8796275348408319	1.400657410742052	0.7640880816213685	2.3468054331964483	1.1080431160241546	13.825813459934512	0.0	0.8796275348408319	1.400657410742052	0.0	0.0	1.1080431160241546
624000	-42.71960680252256	-26.303905192632683	-16.415701609889883	0.0	1	0	1	1	0	1	0.44397169621554833	2.0089455034484405	0.5308205039549959	0.24052875859511225	1.3676422956682273	0.3180518483071817	11.737419491039354	0.44397169621554833	0.0	0.5308205039549959	0.24052875859511225	0.0	0.3180518483071817
625000	-41.04953594582831	-24.404971575916733	-16.644564369911574	0.0	0	1	1	0	0	1	0.667494210361906	0.40577258929703686	1.202796349900564	1.493418254502933	2.226901357034065	0.8982678791515111	5.882555316453517	0.0	0.40577258929703686	1.202796349900564	0.0	0.0	0.8982678791515111
626000	-38.043431371495544	-23.684420079973084	-14.359011291522458	0.0	0	1	0	1	1	1	0.08284117645568115	0.7621417520512007	0.7754376364862423	0.36745533328827434	1.2421877037051037	0.3520016652991753	5.693399670266455	0.0	0.7621417520512007	0.0	0.36745533328827434	1.2421877037051037	0.3520016652991753
627000	-45.066800352859886	-24.786275233079838	-20.28052511978005	0.0	0	1	0	1	1	1	0.25876618826812997	0.49911026140699327	1.9211089595387814	0.647885000751963	1.3722157179070473	0.6348126022044722	280.83005581090583	0.0	0.49911026140699327	0.0	0.647885000751963	1.3722157179070473	0.6348126022044722
628000	-42.01849822936416	-24.79841249217758	-17.220085737186583	0.0	1	1	0	0	1	1	0.019196649461583216	1.2679643794956703	0.3892705043619097	2.2725430911631626	2.4488997265097328	1.06472058595131	2.0595126479847083	0.019196649461583216	1.2679643794956703	0.0	0.0	2.4488997265097328	1.06472058595131
629000	-47.9375819306851	-26.627354529008066	-21.310227401677032	0.0	1	0	1	1	0	1	0.15655402192948847	0.6644485925793457	0.9357271141004896	3.296720376091436	0.27239166391596603	3.5014466567761064	30.631982938610033	0.15655402192948847	0.0	0.9357271141004896	3.296720376091436	0.0	3.5014466567761064
630000	-41.37281443953799	-24.46982657881639	-16.902987860721602	0.0	0	1	1	1	1	1	1.0637737309876014	0.24372850684383227	0.06422607524150578	0.5744194146550192	0.7223110326195371	0.5486592652088943	23.71943479979349	0.0	0.24372850684383227	0.06422607524150578	0.5744194146550192	0.7223110326195371	0.5486592652088943
631000	-40.86758582962501	-25.178461855477355	-15.689123974147652	0.0	0	1	1	0	1	1	0.6458809776711194	0.28099870485873835	0.11622881095267083	0.27330747750288276	0.7908927576075364	0.18989924246145928	72.93619462223289	0.0	0.28099870485873835	0.11622881095267083	0.0	0.7908927576075364	0.18989924246145928
632000	-37.36041272782807	-23.939906677479065	-13.420506050349006	0.0	0	1	0	0	1	1	0.6367031417734713	0.6067104596730301	0.059212910874502866	0.9333138028736865	1.450743071230258	0.2562914332704335	4.4849845947409	0.0	0.6067104596730301	0.0	0.0	1.450743071230258	0.2562914332704335
633000	-40.3568885726072	-27.27943305621345	-13.077455516393746	0.0	1	0	0	1	1	0	0.3430186225937899	0.025660121354365014	1.0096389049422099	0.36173835422929757	0.2924080723491617	0.1319222799291552	18.607656890816642	0.3430186225937899	0.0	0.0	0.36173835422929757	0.2924080723491617	0.0
634000	-43.320725000639555	-24.90416761189213	-18.416557388747428	0.0	0	1	1	1	0	1	0.8255303080290627	1.3202861250030442	2.1555645299257438	0.16071199507797418	0.337342642692985	2.029391430552359	12.728723269654663	0.0	1.3202861250030442	2.1555645299257438	0.16071199507797418	0.0	2.029391430552359
635000	-46.705969290216714	-25.54501609263156	-21.160953197585155	0.0	1	1	1	1	1	1	0.22402263776609835	0.3660099048729673	1.4576425427632618	0.6823262105776382	0.17279131290801955	0.623847073187596	182.22653963668597	0.22402263776609835	0.3660099048729673	1.4576425427632618	0.6823262105776382	0.17279131290801955	0.623847073187596
636000	-39.49178815899293	-24.674417287456958	-14.817370871535974	0.0	0	1	1	0	0	1	0.001606767780794963	0.21960978421351807	0.3403698830150651	2.8349526254976896	0.7242616799522359	0.3925828076640992	10.199091120103448	0.0	0.21960978421351807	0.3403698830150651	0.0	0.0	0.3925828076640992
637000	-41.88826615675231	-23.87458173708335	-18.013684419668955	0.0	0	1	0	1	1	1	1.133238734977339	1.6633616804766773	1.270280889330457	0.1371012252946586	2.699122685317126	0.5055184409291995	4.797748669255115	0.0	1.6633616804766773	0.0	0.1371012252946586	2.699122685317126	0.5055184409291995
638000	-38.73530069559835	-23.452165342589897	-15.28313535300845	0.0	0	1	1	0	1	1	0.9267522662705431	0.9723047324399239	0.6530645516373844	0.05323371564877721	1.377861851238918	0.7671526647730827	4.464302560325469	0.0	0.9723047324399239	0.6530645516373844	0.0	1.377861851238918	0.7671526647730827
639000	-45.06917078450522	-25.60642330385511	-19.46274748065011	0.0	1	0	1	1	0	1	0.4218719380240645	1.1893681766959174	0.8557649047697369	0.6035679580515433	2.0043882930060177	1.1562556937348172	62.754534118766934	0.4218719380240645	0.0	0.8557649047697369	0.6035679580515433	0.0	1.1562556937348172
640000	-44.04614969712678	-25.413324139790973	-18.632825557335806	0.0	1	0	1	1	0	1	0.3211183171990004	0.8021615331175503	0.6278091355493209	1.0028648920105965	1.0927808577543052	1.9052295197523594	44.97074590750951	0.3211183171990004	0.0	0.6278091355493209	1.0028648920105965	0.0	1.9052295197523594
641000	-46.68711336385217	-27.133696000233392	-19.553417363618777	0.0	1	1	1	1	0	1	0.3276252027023036	0.16999440423775666	2.313362032784164	1.0755469378212714	0.15597284678792378	0.4205186167474225	90.50256446982131	0.3276252027023036	0.16999440423775666	2.313362032784164	1.0755469378212714	0.0	0.4205186167474225
642000	-42.02067660394614	-25.269116144647267	-16.751560459298876	0.0	1	0	1	1	1	0	0.615252636206893	0.22991023007045666	1.168950980145479	1.2736652420334802	1.6030326926726455	0.663558451555772	8.645314936889495	0.615252636206893	0.0	1.168950980145479	1.2736652420334802	1.6030326926726455	0.0
643000	-38.48960612909559	-23.963010314627006	-14.526595814468585	0.0	1	1	0	1	1	0	0.2841437401254575	0.3322361246693856	0.26508824691889926	0.6406045882480731	1.6357320922253396	0.197656943039256	8.42460214971587	0.2841437401254575	0.3322361246693856	0.0	0.6406045882480731	1.6357320922253396	0.0
644000	-41.62965136496712	-25.1373415004595	-16.492309864507618	0.0	1	0	1	1	1	0	0.28651635013508275	0.6983409043131165	0.0680762711842604	0.39182773721021924	0.46939136478131155	2.274952184943078	25.71445460531462	0.28651635013508275	0.0	0.0680762711842604	0.39182773721021924	0.46939136478131155	0.0
645000	-45.774414183402826	-25.990789107125988	-19.78362507627684	0.0	1	0	0	1	1	0	0.7526554109946403	3.666736229310815	0.3006247272685793	0.9055053108149254	1.7560500050485646	1.4977308860652425	18.448391262288062	0.7526554109946403	0.0	0.0	0.9055053108149254	1.7560500050485646	0.0
646000	-44.50486793214844	-25.503805266462756	-19.00106266568569	0.0	1	1	1	1	1	0	0.5245186537588101	0.1743236307882142	0.13322888744484604	2.011105901277693	0.9238687118285158	1.90146082747919	16.76986989760157	0.5245186537588101	0.1743236307882142	0.13322888744484604	2.011105901277693	0.9238687118285158	0.0
647000	-46.40657967207683	-33.334837847239946	-13.071741824836884	0.0	1	1	0	0	0	1	2.385248240530575	1.4972562659021693	0.09749598231506139	1.2760716567960606	0.7589238093063256	0.005754512774594838	0.3968719569957962	2.385248240530575	1.4972562659021693	0.0	0.0	0.0	0.005754512774594838
648000	-48.71549566534493	-27.951333734429536	-20.7641619309154	0.0	1	0	1	1	1	0	0.8925576113165046	0.010789318443908853	1.0556487430374049	0.818240507940011	3.1145871558627953	0.02585592760291452	259.52069054772835	0.8925576113165046	0.0	1.0556487430374049	0.818240507940011	3.1145871558627953	0.0
649000	-47.32405398956902	-24.990919803434757	-22.333134186134263	0.0	1	0	1	1	1	0	0.7965998632755477	3.1835109895231906	0.30954413429931665	1.2741366731721198	1.1916570739768861	1.610427563376529	123.35139474300773	0.7965998632755477	0.0	0.30954413429931665	1.2741366731721198	1.1916570739768861	0.0
650000	-53.863461522610265	-25.22882112426007	-28.6346403983502	0.0	1	1	1	0	1	1	0.8085511215419169	1.2333170998904972	3.159414810488473	1.983669499160623	0.36603169999345625	2.1744905003001493	1270.2901222351477	0.8085511215419169	1.2333170998904972	3.159414810488473	0.0	0.36603169999345625	2.1744905003001493
651000	-47.968089208718084	-24.80385232293142	-23.164236885786668	0.0	0	1	1	0	1	1	1.2379276130111863	1.2499314338983976	1.4799758419197337	0.5579255223950386	1.3077860484897166	1.1104284509497748	676.3635692579791	0.0	1.2499314338983976	1.4799758419197337	0.0	1.3077860484897166	1.1104284509497748
652000	-48.23063107260589	-25.765408030902616	-22.465223041703272	0.0	1	0	1	1	1	1	0.11030614124189102	0.444226145315766	0.23307280258190038	1.2266520713670308	0.13365389418825593	0.29207728125097165	1955.4271704033306	0.11030614124189102	0.0	0.23307280258190038	1.2266520713670308	0.13365389418825593	0.29207728125097165
653000	-50.394313479236445	-27.623829346959067	-22.770484132277375	0.0	1	0	1	1	1	0	0.8735629864783336	0.7264775232736872	4.045719971976495	0.45085551096769394	0.7060730598778512	0.41559941162947245	439.334795189549	0.8735629864783336	0.0	4.045719971976495	0.45085551096769394	0.7060730598778512	0.0
654000	-50.7355066021235	-27.128437036590785	-23.607069565532715	0.0	1	0	0	1	1	0	0.14688797930954603	1.3733124723059003	1.3562219412260492	0.3729237614086459	1.0430551001826065	0.33417471406220584	3006.2435386283014	0.14688797930954603	0.0	0.0	0.3729237614086459	1.0430551001826065	0.0
655000	-46.40326165863755	-26.110792561436877	-20.292469097200666	0.0	1	1	1	0	1	1	0.2433440674155888	0.4887854458881387	1.0130082898384878	1.310377443606625	0.9063548812443581	1.2475758379519026	89.89190433556435	0.2433440674155888	0.4887854458881387	1.0130082898384878	0.0	0.9063548812443581	1.2475758379519026
656000	-49.874052810299574	-24.808889562183836	-25.065163248115738	0.0	1	0	1	1	1	0	0.6469216126581927	0.6537361412609988	0.48452964462799375	1.2795569332931693	1.315778804643552	3.804227012183068	973.1110300766948	0.6469216126581927	0.0	0.48452964462799375	1.2795569332931693	1.315778804643552	0.0
657000	-43.136042367742206	-24.969680734059192	-18.166361633683017	0.0	1	1	0	1	1	0	0.2211815751855108	0.6123923347605097	0.009747361708443494	0.8799190486563454	2.4197732492542485	0.3849345499833124	91.61808418714578	0.2211815751855108	0.6123923347605097	0.0	0.8799190486563454	2.4197732492542485	0.0
658000	-41.382526486986905	-24.886821807644402	-16.4957046793425	0.0	1	1	1	1	1	1	0.09848782525783005	0.3654899763404198	1.2176272110199302	0.08493587075027083	0.8547918337362902	0.24525106413688225	3.953102470371103	0.09848782525783005	0.3654899763404198	1.2176272110199302	0.08493587075027083	0.8547918337362902	0.24525106413688225
659000	-40.742563327444884	-24.121887910987713	-16.62067541645717	0.0	0	1	1	1	1	1	1.54412438445155	0.4698952990437759	0.03161530480902507	0.4522859396319629	1.2886508886782038	0.24076285801509728	8.071470291374002	0.0	0.4698952990437759	0.03161530480902507	0.4522859396319629	1.2886508886782038	0.24076285801509728
660000	-41.04476830407984	-23.64974006173437	-17.395028242345465	0.0	0	1	0	1	1	1	1.3987010419694133	1.3977647540100422	0.8642110937437883	0.30503488408710056	2.0228783015431104	0.24321114498239202	8.358735941325454	0.0	1.3977647540100422	0.0	0.30503488408710056	2.0228783015431104	0.24321114498239202
661000	-40.52729952182335	-24.810482163234433	-15.71681735858892	0.0	1	1	0	1	1	0	0.33639454179762324	0.5791043680143658	1.0280696768440944	1.3664557512203175	1.393511907747899	1.0113050616249342	2.6290675306397637	0.33639454179762324	0.5791043680143658	0.0	1.3664557512203175	1.393511907747899	0.0
662000	-46.450015310491565	-24.778003501900198	-21.67201180859137	0.0	0	1	1	0	1	1	1.4275870406962383	1.6258473498096044	0.5886470705302116	0.8170161521292326	2.739133093248677	0.437180367392596	131.18493288754618	0.0	1.6258473498096044	0.5886470705302116	0.0	2.739133093248677	0.437180367392596
663000	-45.16515664218569	-24.902952425936054	-20.262204216249636	0.0	1	0	1	1	0	1	0.05930561135046202	0.27215981439627823	0.12811645608598077	1.4751481751718578	0.8447433809126899	1.2443218296955791	683.7133523336033	0.05930561135046202	0.0	0.12811645608598077	1.4751481751718578	0.0	1.2443218296955791
664000	-45.833613648809084	-24.69992194567073	-21.133691703138354	0.0	1	1	1	0	0	1	0.23961886488195994	1.1560473827303874	2.7606312493326373	0.8632006941476948	2.0769165356440507	2.017787309006537	19.478209390251727	0.23961886488195994	1.1560473827303874	2.7606312493326373	0.0	0.0	2.017787309006537
665000	-45.38771075830111	-25.226368404194048	-20.161342354107063	0.0	1	0	1	1	1	1	0.22497077212099495	0.6108043289612741	0.7158845058850237	1.2465813985212277	0.2107674383514852	0.7285271438352667	283.43808977703037	0.22497077212099495	0.0	0.7158845058850237	1.2465813985212277	0.2107674383514852	0.7285271438352667
666000	-43.35590004313529	-23.984083727275298	-19.371816315859995	0.0	1	1	1	1	1	0	1.0445663955889186	0.6060416970145996	1.456645178548762	1.1397843981961868	1.8520170310660025	0.8487756691758341	6.82138597738141	1.0445663955889186	0.6060416970145996	1.456645178548762	1.1397843981961868	1.8520170310660025	0.0
667000	-46.134056385854954	-24.32212507027559	-21.811931315579365	0.0	1	1	0	1	1	0	0.7060901683147109	0.7429680057657707	4.00376292514245	1.5065819703222587	2.6878521849651045	0.464410396188147	14.225144676599356	0.7060901683147109	0.7429680057657707	0.0	1.5065819703222587	2.6878521849651045	0.0
668000	-39.779089306964856	-25.183498120233757	-14.595591186731099	0.0	0	1	0	0	1	1	0.6420282872505727	1.2196901550179156	1.317626869037176	0.36357029768807514	1.2493115149859055	0.08895779196448417	5.678304578366848	0.0	1.2196901550179156	0.0	0.0	1.2493115149859055	0.08895779196448417
669000	-38.66038333543275	-23.496442134315277	-15.163941201117472	0.0	1	1	1	0	1	0	0.1879750200604914	0.2991922859336726	0.34473567837865443	2.3403641225506515	0.5393366082712743	0.7290528216663682	5.39724655238955	0.1879750200604914	0.2991922859336726	0.34473567837865443	0.0	0.5393366082712743	0.0
670000	-41.674546013342095	-26.03249586733692	-15.642050146005179	0.0	1	1	1	0	0	1	0.6111618671560655	0.23290557557534639	1.0222819211727951	0.9206236919720097	0.21695231122652872	0.45877915677647224	22.782768380066816	0.6111618671560655	0.23290557557534639	1.0222819211727951	0.0	0.0	0.45877915677647224
671000	-45.406161900644115	-27.90061521967101	-17.505546680973104	0.0	1	0	1	1	1	0	0.9461925810154357	0.11154077058315463	0.762226212211265	1.6937457944537817	0.4378293694942985	2.7409512224694272	5.901755472161671	0.9461925810154357	0.0	0.762226212211265	1.6937457944537817	0.4378293694942985	0.0
672000	-37.653523597524526	-25.31637544168537	-12.33714815583916	0.0	0	1	1	0	0	1	0.3406208529426816	0.11028835831195462	0.13424178448876314	1.1602189971396668	0.5386992728837103	0.1570013601643339	6.803110126783741	0.0	0.11028835831195462	0.13424178448876314	0.0	0.0	0.1570013601643339
673000	-49.26165386517145	-25.564996431684428	-23.696657433487026	0.0	1	1	1	1	1	0	0.7693162681770388	0.595145445286736	2.637645592940745	0.17708044780594545	2.8867566448874062	0.12684000691554362	301.5671986502284	0.7693162681770388	0.595145445286736	2.637645592940745	0.17708044780594545	2.8867566448874062	0.0
674000	-42.97683620599122	-25.571846583505046	-17.40498962248617	0.0	1	1	0	1	1	0	0.18815089228144305	0.4122284775180749	0.5285809399206183	0.7710526511711575	0.9354713033432482	0.5893745685983199	124.77342397668598	0.18815089228144305	0.4122284775180749	0.0	0.7710526511711575	0.9354713033432482	0.0
675000	-43.180235606237616	-26.988158521822374	-16.19207708441524	0.0	1	0	1	1	1	0	1.1027127825076497	0.2866424893289748	0.4664428132891137	1.1362639236563201	0.5717240806649646	1.5894435358610344	7.387397121672407	1.1027127825076497	0.0	0.4664428132891137	1.1362639236563201	0.5717240806649646	0.0
676000	-47.83893694999941	-25.66003824114536	-22.178898708854042	0.0	1	0	1	1	0	1	1.3493469279594945	1.7006131522550236	2.043892136451208	0.5931112431885097	1.607287850065634	1.0048982205395138	114.06173146656893	1.3493469279594945	0.0	2.043892136451208	0.5931112431885097	0.0	1.0048982205395138
677000	-43.63477122870462	-24.873106628198254	-18.761664600506364	0.0	1	0	1	1	0	1	0.674037648630445	1.692919714343238	2.1015226849610324	0.2433940348047891	0.2213306217643952	0.2552034939617708	86.29206871442258	0.674037648630445	0.0	2.1015226849610324	0.2433940348047891	0.0	0.2552034939617708
678000	-41.96680337069651	-25.098658131398825	-16.86814523929769	0.0	1	0	1	1	0	1	0.1394634880777428	0.27031131555294013	0.4974651049592442	0.6605977280813836	0.4943830849048375	0.3237524022891125	192.68614157029032	0.1394634880777428	0.0	0.4974651049592442	0.6605977280813836	0.0	0.3237524022891125
679000	-40.97271016097589	-25.936035210755797	-15.036674950220096	0.0	0	1	1	0	0	1	0.4421362405423458	0.09416379357226724	0.5773848573718282	0.021564391294985222	0.27698734127211333	0.1892123806323317	194.78574000340691	0.0	0.09416379357226724	0.5773848573718282	0.0	0.0	0.1892123806323317
680000	-39.81285632764687	-24.927531692702217	-14.885324634944656	0.0	1	0	0	1	1	0	0.9933425678198886	0.279691855868994	0.05764647680713183	2.1069359612347145	1.9861050352972007	0.5409661164273252	2.5733191879037056	0.9933425678198886	0.0	0.0	2.1069359612347145	1.9861050352972007	0.0
681000	-50.22745737253082	-25.195116874725905	-25.032340497804917	0.0	1	1	1	0	1	1	0.6434118744032675	1.344919706753934	2.573951331963798	0.3420923303022357	0.9935688880448632	1.1487605833367047	803.8680857047115	0.6434118744032675	1.344919706753934	2.573951331963798	0.0	0.9935688880448632	1.1487605833367047
682000	-46.16620697102845	-28.081250755681594	-18.084956215346857	0.0	1	1	1	1	1	0	0.32773339905336774	0.4670780998579053	2.2632310714881414	1.225869567092319	0.8188299964064788	2.0600662848443836	1.525043336186842	0.32773339905336774	0.4670780998579053	2.2632310714881414	1.225869567092319	0.8188299964064788	0.0
683000	-44.264908241523415	-26.241486367975494	-18.023421873547925	0.0	1	1	0	1	1	1	1.4183027956607337	0.6119425233578768	0.802463458505603	1.111249164829122	2.4144927648636036	0.27031329965906636	2.4450972692018675	1.4183027956607337	0.6119425233578768	0.0	1.111249164829122	2.4144927648636036	0.27031329965906636
684000	-49.24869735395322	-24.69114797506026	-24.557549378892954	0.0	1	1	1	1	0	1	1.6053782191715205	0.6866949722955625	4.765145634379616	1.0883665624084355	0.4169922308129261	2.500256144877838	19.6682260751002	1.6053782191715205	0.6866949722955625	4.765145634379616	1.0883665624084355	0.0	2.500256144877838
685000	-39.278365987657494	-24.64913997996943	-14.629226007688066	0.0	0	1	1	0	1	1	1.40924214833882	0.18672661301483925	0.7561177647068694	0.01668307931728234	0.04593987745590864	0.39234388546603166	16.04217678627114	0.0	0.18672661301483925	0.7561177647068694	0.0	0.04593987745590864	0.39234388546603166
686000	-42.28963811087242	-24.319536679284578	-17.970101431587842	0.0	0	1	1	1	0	1	0.9680848759241985	0.38860559716987236	0.8901293529508244	0.741735819727977	1.502020918481376	1.3910026026200808	20.843280845393828	0.0	0.38860559716987236	0.8901293529508244	0.741735819727977	0.0	1.3910026026200808
687000	-43.5672590138624	-26.55677878793882	-17.01048022592358	0.0	0	1	0	1	1	1	0.17372586534488987	1.3450552430221325	1.1229094559707522	0.7829237954235402	1.489976306339936	0.13789585834787843	18.336285611828558	0.0	1.3450552430221325	0.0	0.7829237954235402	1.489976306339936	0.13789585834787843
688000	-41.81082780678918	-23.730734354720898	-18.080093452068276	0.0	1	1	0	1	1	0	0.4489435127434127	1.3946174460888656	0.5474557283474895	1.499688319808215	3.0115626428392757	0.36412169321728777	5.905535214690737	0.4489435127434127	1.3946174460888656	0.0	1.499688319808215	3.0115626428392757	0.0
689000	-46.14129682091412	-27.652694400050734	-18.488602420863387	0.0	1	1	1	0	1	1	0.32783222658947025	1.044580477419765	0.441867999614298	0.8625201008756929	1.0257952183661614	0.20967595259787045	55.999052895674104	0.32783222658947025	1.044580477419765	0.441867999614298	0.0	1.0257952183661614	0.20967595259787045
690000	-41.68950128250951	-28.575842608685207	-13.1136586738243	0.0	0	1	0	0	1	1	0.28039815083391545	0.8787311926201171	0.1304410788047457	0.09468914713285001	1.1199216511785257	1.2825701499900417	3.8596877304609456	0.0	0.8787311926201171	0.0	0.0	1.1199216511785257	1.2825701499900417
691000	-42.00960268352038	-25.658003131170048	-16.35159955235033	0.0	1	0	1	1	0	1	0.36373408106848615	0.21518730625979157	0.8249991579610964	1.4099916513946247	1.0791595162705678	0.8784235462258794	12.633134705263117	0.36373408106848615	0.0	0.8249991579610964	1.4099916513946247	0.0	0.8784235462258794
692000	-47.2957487614602	-25.27689531422671	-22.01885344723349	0.0	1	1	1	1	1	0	1.0929419329225845	0.0506216506449809	0.2364335520442166	3.085532619947073	1.5911257135712698	0.04140469617901243	188.40674941614833	1.0929419329225845	0.0506216506449809	0.2364335520442166	3.085532619947073	1.5911257135712698	0.0
693000	-45.549364793054565	-24.8322664685976	-20.71709832445697	0.0	0	1	1	0	1	1	0.14533730717021787	0.28734944993747213	0.41918557628514647	1.3701786920152925	0.3591368375617455	0.2665026165479132	1517.9394825979446	0.0	0.28734944993747213	0.41918557628514647	0.0	0.3591368375617455	0.2665026165479132
694000	-48.01579132794339	-24.947524077231943	-23.068267250711443	0.0	1	1	1	0	1	0	1.200334899187789	0.34071067839789126	3.14186366037604	0.1919603026869408	1.0680465717156016	1.7071184439400409	399.7356538351266	1.200334899187789	0.34071067839789126	3.14186366037604	0.0	1.0680465717156016	0.0
695000	-51.67672262057119	-28.39133230697376	-23.285390313597432	0.0	0	1	1	0	1	1	1.1789764667870524	0.7832310259696057	3.6125214188553665	0.4464186538460982	2.6659161273932734	1.8618968690938695	39.144809324763365	0.0	0.7832310259696057	3.6125214188553665	0.0	2.6659161273932734	1.8618968690938695
696000	-40.16455234507992	-25.659345403995605	-14.505206941084312	0.0	0	1	1	0	1	1	0.5348389299412941	0.15109957280713057	0.18461728043898867	0.20861421106778913	0.36991351952755736	0.34660591585164224	38.142603481320464	0.0	0.15109957280713057	0.18461728043898867	0.0	0.36991351952755736	0.34660591585164224
697000	-50.800867637839865	-25.18157774620446	-25.619289891635404	0.0	1	1	1	1	1	1	1.0911967803348859	1.0305714682651912	2.3616488983333794	1.15348892013828	1.4304338575046323	1.10459667033759	155.25941847138512	1.0911967803348859	1.0305714682651912	2.3616488983333794	1.15348892013828	1.4304338575046323	1.10459667033759
698000	-42.05064964051917	-25.068284828252732	-16.98236481226644	0.0	1	0	0	1	1	0	0.5381049819353557	1.7185507192388765	1.3243517421069624	1.2139171090902856	2.1692961042355	0.30404740044667494	5.676555506522352	0.5381049819353557	0.0	0.0	1.2139171090902856	2.1692961042355	0.0
699000	-39.763363245936304	-24.94520734400756	-14.81815590192874	0.0	1	1	1	0	1	0	0.5219482962721945	0.6222167476821141	0.4340778919798069	0.999342847957021	1.0726662516857708	0.937387926261306	3.3026449188218048	0.5219482962721945	0.6222167476821141	0.4340778919798069	0.0	1.0726662516857708	0.0
700000	-39.59337852345873	-24.563602316397134	-15.0297762070616	0.0	1	0	0	1	1	0	0.456794005394594	0.22488350239686658	0.39437522453582735	1.1767552465873778	1.3998823423806117	0.8911678781304363	12.211727450908736	0.456794005394594	0.0	0.0	1.1767552465873778	1.3998823423806117	0.0
701000	-42.37805040827716	-25.025254588192315	-17.35279582008485	0.0	0	1	0	1	1	1	1.0711680034053364	0.15899241602341266	1.2618737128056234	1.2934772894031523	0.22915182630901834	1.0192147674424026	26.111715732392923	0.0	0.15899241602341266	0.0	1.2934772894031523	0.22915182630901834	1.0192147674424026
702000	-42.021161793019544	-25.517108010852183	-16.50405378216736	0.0	1	0	1	1	1	0	0.5902430504326505	0.24803041633576553	0.6833307013557751	2.0670832673720865	0.7769777557036411	1.6487667321252253	4.276411318534449	0.5902430504326505	0.0	0.6833307013557751	2.0670832673720865	0.7769777557036411	0.0
703000	-42.16965157657796	-24.678787271164563	-17.490864305413403	0.0	0	1	1	0	0	1	2.5491287121584603	0.16104969058662955	0.7170349182266803	2.707141156097247	0.4054638728877789	0.33109232159563295	13.941019388817315	0.0	0.16104969058662955	0.7170349182266803	0.0	0.0	0.33109232159563295
704000	-43.91705826896093	-29.50304176038279	-14.414016508578138	0.0	1	1	0	1	1	0	0.4325747182926912	0.4539142895545779	0.5752132012119917	0.12077536449764446	4.099623276800449	0.09538526852481695	0.6715117757993132	0.4325747182926912	0.4539142895545779	0.0	0.12077536449764446	4.099623276800449	0.0
705000	-40.39257856566172	-25.28648681631427	-15.10609174934745	0.0	1	0	1	1	0	1	0.5223247318388436	0.04233405883942785	0.9203272954381603	0.3534967557598921	0.12629837304699415	0.2767123886251044	44.27538201178882	0.5223247318388436	0.0	0.9203272954381603	0.3534967557598921	0.0	0.2767123886251044
706000	-41.0812221136084	-25.057379669218275	-16.023842444390123	0.0	0	1	1	0	1	1	0.07189187806606173	0.6545008246892333	0.7983958632945941	0.014311075550518415	1.282157218548643	0.4647695454032731	39.1971149633192	0.0	0.6545008246892333	0.7983958632945941	0.0	1.282157218548643	0.4647695454032731
707000	-43.80889134721656	-25.127622675595095	-18.68126867162146	0.0	0	1	1	0	0	1	1.3300281398881157	0.2047303353446921	0.8966269718432468	0.495177078851452	0.45764309236645423	0.45071182371148655	556.7482533758601	0.0	0.2047303353446921	0.8966269718432468	0.0	0.0	0.45071182371148655
708000	-42.531048949326134	-26.112886548151412	-16.418162401174726	0.0	1	0	0	1	1	1	0.3007329184776	1.7788512643278853	0.044311812093253626	1.4508701910567094	1.7553339365014111	0.5487380340058272	4.493576516903777	0.3007329184776	0.0	0.0	1.4508701910567094	1.7553339365014111	0.5487380340058272
709000	-37.52067456104588	-25.101422612732495	-12.419251948313383	0.0	1	0	0	1	1	0	0.37454841862183	0.09676688121918196	0.36863571573034837	1.1944693157886874	0.592963901680699	0.5710079755468688	3.472310868785917	0.37454841862183	0.0	0.0	1.1944693157886874	0.592963901680699	0.0
710000	-39.26257898417781	-25.32256545617774	-13.940013528000065	0.0	0	1	0	0	1	1	0.16280379186882227	0.21435759135278412	0.7349359925493428	0.5204122695957482	1.1696705604682933	0.05687439568003862	21.939653210776214	0.0	0.21435759135278412	0.0	0.0	1.1696705604682933	0.05687439568003862
711000	-44.904538496576905	-25.334058504498806	-19.5704799920781	0.0	1	1	1	1	1	1	0.3963398689806198	0.34840348637283536	0.6445981524274379	0.6651930484184321	1.222484530796875	1.258661486680446	15.951861678665004	0.3963398689806198	0.34840348637283536	0.6445981524274379	0.6651930484184321	1.222484530796875	1.258661486680446
712000	-40.88913468135405	-25.839831519729678	-15.049303161624376	0.0	0	1	0	1	1	1	0.4685545678436304	1.145203917115136	0.41034918162522116	0.8224671802737742	1.3870893782430973	1.119308303529418	1.9374451597590647	0.0	1.145203917115136	0.0	0.8224671802737742	1.3870893782430973	1.119308303529418
713000	-43.99085636103817	-23.569368839605715	-20.42148752143245	0.0	1	1	1	0	1	1	0.6569130041316971	2.1448850446182273	1.6700523008013684	0.538981203487035	3.0610212629797515	0.07771486664415314	5.863829350879053	0.6569130041316971	2.1448850446182273	1.6700523008013684	0.0	3.0610212629797515	0.07771486664415314
714000	-40.18017553689684	-25.164908953836747	-15.015266583060093	0.0	1	0	1	1	1	0	0.48836442172901434	1.3737055653505827	0.054557103997928146	1.237648565182041	0.5719805207085383	0.5335327593843663	5.573026023006066	0.48836442172901434	0.0	0.054557103997928146	1.237648565182041	0.5719805207085383	0.0
715000	-39.9693446887874	-24.63362929756168	-15.335715391225726	0.0	0	1	0	1	1	1	0.08097555072738674	0.852716688863431	0.8335890267369765	0.3203236109933417	2.0553166858230734	1.0402597317053035	3.0554021622519243	0.0	0.852716688863431	0.0	0.3203236109933417	2.0553166858230734	1.0402597317053035
716000	-39.41607235136101	-24.843513014809705	-14.572559336551308	0.0	0	1	1	1	0	1	0.28772348242133977	0.543742127522234	0.9072945788820638	0.3464098859078042	0.3097826112607205	1.1589805206099388	7.2404328986299955	0.0	0.543742127522234	0.9072945788820638	0.3464098859078042	0.0	1.1589805206099388
717000	-41.8137792609363	-25.490605872713314	-16.323173388222987	0.0	1	1	0	1	1	0	0.5910882138248096	0.19769788689024823	0.9403893953279732	1.2038212985253343	3.06550258297213	0.6118486760779751	1.9696368115845766	0.5910882138248096	0.19769788689024823	0.0	1.2038212985253343	3.06550258297213	0.0
718000	-43.73895643541704	-29.05029919066621	-14.68865724475083	0.0	1	1	0	0	1	0	1.1395256138628467	1.2246858345748985	1.2144485100988107	1.075329343578343	2.301878354972623	0.9462551092136458	0.3045954402535073	1.1395256138628467	1.2246858345748985	0.0	0.0	2.301878354972623	0.0
719000	-44.1554080601012	-25.431836244283033	-18.72357181581817	0.0	1	1	1	0	1	0	0.756319998587864	1.222274331491117	1.0434810774946197	0.9834681072227138	3.93847760494673	1.6426514858713106	1.1076154080385086	0.756319998587864	1.222274331491117	1.0434810774946197	0.0	3.93847760494673	0.0
720000	-42.72890482415124	-26.09568685478143	-16.633217969369813	0.0	1	1	0	1	1	0	0.3344624970096435	1.005365552941645	2.2252435228770366	1.1522650019475318	1.17409450631974	0.4455107313216985	3.526569312975647	0.3344624970096435	1.005365552941645	0.0	1.1522650019475318	1.17409450631974	0.0
721000	-41.98366751824561	-25.734460095424758	-16.249207422820856	0.0	1	1	0	1	1	0	0.3263883367599015	2.04658065575491	0.23217092732603598	0.4845960990487625	1.8194746082386624	0.2772620477809647	7.564823776436651	0.3263883367599015	2.04658065575491	0.0	0.4845960990487625	1.8194746082386624	0.0
722000	-47.0147895764855	-25.166493882409142	-21.848295694076352	0.0	1	1	1	1	1	1	0.6502417387445102	0.5305519277611267	1.2619383274083502	0.27857838582695915	1.3328408383906654	0.44932503265888174	141.9883793855492	0.6502417387445102	0.5305519277611267	1.2619383274083502	0.27857838582695915	1.3328408383906654	0.44932503265888174
723000	-45.89851964332345	-25.803720950137215	-20.094798693186235	0.0	1	1	0	1	1	1	0.2202190666093197	0.18099654181403121	1.2756113929452462	1.4608131040883416	1.5746456439854142	0.1661975954140401	101.53271530479239	0.2202190666093197	0.18099654181403121	0.0	1.4608131040883416	1.5746456439854142	0.1661975954140401
724000	-42.767290330814276	-24.916151186075567	-17.85113914473871	0.0	1	1	1	0	1	0	0.4177330658278094	0.39872585248773146	1.7157025829540473	1.0322310910641237	1.0051709243225984	0.7351561846146601	32.578110088725374	0.4177330658278094	0.39872585248773146	1.7157025829540473	0.0	1.0051709243225984	0.0
725000	-45.886606691037144	-27.424819783436064	-18.461786907601084	0.0	1	0	0	1	1	0	0.968998595796933	3.1872462535158985	2.163396839911208	0.7151075961928092	1.044014471992105	0.4958988910969693	6.7428184032239225	0.968998595796933	0.0	0.0	0.7151075961928092	1.044014471992105	0.0
726000	-38.481732282816	-23.434018980619413	-15.04771330219658	0.0	0	1	1	0	1	1	0.20944597091648698	0.9934935825245944	0.6042503921832119	0.44659649645207306	1.2382934354611468	0.6616637609832566	6.396459079052536	0.0	0.9934935825245944	0.6042503921832119	0.0	1.2382934354611468	0.6616637609832566
727000	-42.87821614708953	-26.993695385984626	-15.884520761104902	0.0	1	1	1	0	1	1	1.1159406287552065	0.9665153190261081	0.7377374490341327	0.028851636217425865	1.255922734516151	0.5653409517410602	2.0418619103091595	1.1159406287552065	0.9665153190261081	0.7377374490341327	0.0	1.255922734516151	0.5653409517410602
728000	-42.49332474946103	-27.198911222715502	-15.29441352674553	0.0	1	1	1	0	0	1	0.4153755877701874	0.21654986997685455	0.8263790564924824	1.1443498771314047	0.38341520337450485	0.17658562870865147	21.745521085128825	0.4153755877701874	0.21654986997685455	0.8263790564924824	0.0	0.0	0.17658562870865147
729000	-45.073716855487824	-25.574981232512023	-19.4987356229758	0.0	1	0	1	1	1	0	0.7056331614017292	0.5776968415566199	0.3286672631165229	0.7315774949807002	1.105181491985328	1.575403815882875	191.46111657708653	0.7056331614017292	0.0	0.3286672631165229	0.7315774949807002	1.105181491985328	0.0
730000	-46.820078583389844	-25.551844805314758	-21.268233778075086	0.0	1	1	0	1	1	0	0.5304850442033895	0.27800523653559583	2.4078954411241473	2.7386175337392427	1.5986943417705002	0.13249678735909834	86.99301478282683	0.5304850442033895	0.27800523653559583	0.0	2.7386175337392427	1.5986943417705002	0.0
731000	-44.79846409529502	-26.31555950864083	-18.48290458665419	0.0	0	1	1	1	0	1	0.3159639810007788	1.6317133991398824	1.6458137122115455	0.13950776889078992	0.01894512846954765	2.915804300583519	15.931663759207991	0.0	1.6317133991398824	1.6458137122115455	0.13950776889078992	0.0	2.915804300583519
732000	-44.105433050428275	-24.080878505612016	-20.02455454481626	0.0	1	1	1	1	1	0	0.271990983433983	0.8823968731527803	0.8077094086066637	0.13938712494316488	2.64211614439212	1.8869735449828577	17.814697911990127	0.271990983433983	0.8823968731527803	0.8077094086066637	0.13938712494316488	2.64211614439212	0.0
733000	-41.52319549699062	-24.766117543343675	-16.75707795364694	0.0	1	0	1	1	1	0	0.39281237127631047	0.7110948841001918	0.3489917912730886	1.5668190846171997	0.8564586502576671	1.941990700503951	6.688821545456096	0.39281237127631047	0.0	0.3489917912730886	1.5668190846171997	0.8564586502576671	0.0
734000	-44.44765596289826	-24.772243533029588	-19.675412429868672	0.0	1	0	1	1	1	0	0.34680698543821026	2.948066092683678	0.07018177576313213	0.9860342555114088	0.8919083603940023	1.1904398240023868	63.37472337382584	0.34680698543821026	0.0	0.07018177576313213	0.9860342555114088	0.8919083603940023	0.0
735000	-42.82444939458496	-24.904159571785854	-17.920289822799106	0.0	0	1	1	0	0	1	0.25346429056781145	0.7825067293836713	2.9289075048731394	0.03984503794832152	0.016673742467895346	1.6823094418238758	65.463279378912	0.0	0.7825067293836713	2.9289075048731394	0.0	0.0	1.6823094418238758
736000	-47.89590132134977	-25.547272579722712	-22.34862874162706	0.0	1	1	1	0	1	1	0.1546718556329653	0.3501582653631292	1.6034211020615863	0.5358704384865842	0.1542425594339613	1.4188247401807663	870.3226687350989	0.1546718556329653	0.3501582653631292	1.6034211020615863	0.0	0.1542425594339613	1.4188247401807663
737000	-42.85387406988045	-24.992822656905552	-17.861051412974895	0.0	1	1	1	0	1	0	0.48014375680814264	0.17804741196759716	0.9736352605367102	0.5644974967960674	0.3199899948633069	0.1878096039416374	329.98757128043815	0.48014375680814264	0.17804741196759716	0.9736352605367102	0.0	0.3199899948633069	0.0
738000	-45.0744217960502	-25.66611373613251	-19.408308059917694	0.0	0	1	1	1	0	1	0.1456437636718807	0.1391887677615012	0.9545471968008783	2.775217934214269	0.6751165340031966	1.9561603995797803	40.13722323646914	0.0	0.1391887677615012	0.9545471968008783	2.775217934214269	0.0	1.9561603995797803
739000	-45.0626250970909	-24.96007347595855	-20.102551621132356	0.0	0	1	1	1	1	1	0.11883551642745968	1.6934784154022826	3.2453203077783033	0.30080352984566644	0.1780189826334147	2.4567787825303133	4.987394635448148	0.0	1.6934784154022826	3.2453203077783033	0.30080352984566644	0.1780189826334147	2.4567787825303133
740000	-45.79524906449352	-25.212227370279116	-20.5830216942144	0.0	1	0	1	1	1	0	1.502954123856698	0.3092843801806028	3.2315454968903774	2.3055177171661407	1.088925507795643	1.3806021933953834	5.621580916030225	1.502954123856698	0.0	3.2315454968903774	2.3055177171661407	1.088925507795643	0.0
741000	-39.811477621631624	-25.247864811474372	-14.563612810157249	0.0	0	1	1	0	0	1	0.28188606173957736	0.6157004001137548	1.6347236045915203	0.8543278292656145	0.6685807931572032	0.8422518408586873	5.411936787720896	0.0	0.6157004001137548	1.6347236045915203	0.0	0.0	0.8422518408586873
742000	-41.03851522174993	-25.654009486842533	-15.384505734907403	0.0	1	1	0	1	1	1	0.032299106997209386	0.23680662753709444	1.61602305636388	0.8770635662226056	0.4779918761768883	0.4741886063127139	3.218968730851015	0.032299106997209386	0.23680662753709444	0.0	0.8770635662226056	0.4779918761768883	0.4741886063127139
743000	-47.352441647391025	-26.2682442763231	-21.084197371067926	0.0	0	1	1	0	0	1	3.713224260351124	0.46651989043170744	2.279647584170516	0.11608434875487819	0.5595676813540734	0.6486214742739462	173.82562461009968	0.0	0.46651989043170744	2.279647584170516	0.0	0.0	0.6486214742739462
744000	-46.21705648529834	-25.136450508780403	-21.080605976517937	0.0	0	1	1	1	1	1	0.7710502310963506	1.1400692279183948	1.0371027492324572	1.3808782579916943	0.9136326906134096	1.6324503448397436	39.28286614519991	0.0	1.1400692279183948	1.0371027492324572	1.3808782579916943	0.9136326906134096	1.6324503448397436
745000	-45.0999144874269	-24.798985652901976	-20.300928834524928	0.0	1	1	1	0	1	0	0.43838218148766034	0.027460717883761768	0.9094632507043768	0.09121373256336603	0.05425335702563955	4.748400705607354	130.62352176073128	0.43838218148766034	0.027460717883761768	0.9094632507043768	0.0	0.05425335702563955	0.0
746000	-40.6828994106361	-26.05643727178782	-14.626462138848275	0.0	1	0	0	1	1	0	0.7082908002660977	0.23094975506224738	0.536091094463912	0.7852358674552657	1.20866571538564	0.346318016054062	16.8288257941293	0.7082908002660977	0.0	0.0	0.7852358674552657	1.20866571538564	0.0
747000	-44.175109824315214	-24.904057599773537	-19.271052224541677	0.0	1	0	1	1	1	1	0.6135970163332843	0.044605078898550525	1.4130954897127737	2.267290717847244	0.6719423043468301	1.2335428656388294	12.404635546987363	0.6135970163332843	0.0	1.4130954897127737	2.267290717847244	0.6719423043468301	1.2335428656388294
748000	-41.17550327056132	-24.537067559109857	-16.638435711451464	0.0	0	1	0	0	1	1	1.877890735263192	0.7846850119409853	1.0878497186933729	0.18058069463860946	2.17219109313829	0.3079663091724075	9.452263333649563	0.0	0.7846850119409853	0.0	0.0	2.17219109313829	0.3079663091724075
749000	-44.578751375553296	-24.758437618465116	-19.82031375708818	0.0	0	1	1	0	1	1	1.0282925731625454	1.3269807856206097	0.9570149862377766	2.2392339812815676	2.5443241002613153	0.2545485560549567	11.32862940572357	0.0	1.3269807856206097	0.9570149862377766	0.0	2.5443241002613153	0.2545485560549567
750000	-39.669717892805	-23.88879817902693	-15.780919713778063	0.0	0	1	1	0	1	1	0.006922049072504255	0.8213068283282382	0.8295376198306	0.631246777424416	1.11288974687411	1.3804749419619864	7.097337767891462	0.0	0.8213068283282382	0.8295376198306	0.0	1.11288974687411	1.3804749419619864
751000	-40.09559344482371	-24.40377892162865	-15.691814523195063	0.0	1	1	0	0	1	0	0.019448078422756292	1.056760484161527	0.6130191674992708	0.4704287272382385	1.6652985113144956	0.7803875849416635	22.058440202225306	0.019448078422756292	1.056760484161527	0.0	0.0	1.6652985113144956	0.0
752000	-43.01627498200372	-24.368830890636012	-18.64744409136771	0.0	1	1	1	0	1	0	0.5977408367659955	1.4482552491404033	1.8971122986834823	1.9665521432128577	1.8014508151881021	0.4444256066211322	4.286163268073407	0.5977408367659955	1.4482552491404033	1.8971122986834823	0.0	1.8014508151881021	0.0
753000	-39.47054844761277	-24.319421387689857	-15.15112705992291	0.0	1	1	0	1	1	0	0.3134948161754854	0.9215947909903333	0.7482282640226028	0.0037041575265238606	2.027879022252858	1.172488403685509	2.530586487368537	0.3134948161754854	0.9215947909903333	0.0	0.0037041575265238606	2.027879022252858	0.0
754000	-40.75772308691403	-24.828560103249718	-15.929162983664309	0.0	0	1	1	0	0	1	1.5175738149706175	0.23985276004144568	0.8309921326042421	0.26436609411889517	0.3327054551761249	0.5156359916392023	66.17123336081151	0.0	0.23985276004144568	0.8309921326042421	0.0	0.0	0.5156359916392023
755000	-45.060360198996534	-27.708592060232917	-17.351768138763617	0.0	1	0	0	1	1	1	0.5012292248600592	3.1684795012215954	1.0993016278215508	0.5457277417921711	1.207681143881583	0.45078045201930034	3.8282135222182023	0.5012292248600592	0.0	0.0	0.5457277417921711	1.207681143881583	0.45078045201930034
756000	-46.029445820580406	-24.961596793741126	-21.067849026839284	0.0	1	0	0	1	1	0	0.3507767036226226	0.28919492470530517	1.378108560777269	1.1539853545078147	1.1436186347978765	2.521536996478692	364.4165760860714	0.3507767036226226	0.0	0.0	1.1539853545078147	1.1436186347978765	0.0
757000	-46.06902426261237	-26.720981164053267	-19.348043098559103	0.0	1	1	1	0	0	1	0.07244163146532592	0.01488803484692611	0.49113917068757157	2.579056285425344	0.45473595627544205	0.08733143652954128	469.4199393631724	0.07244163146532592	0.01488803484692611	0.49113917068757157	0.0	0.0	0.08733143652954128
758000	-45.124050849606974	-25.707393089540183	-19.41665776006679	0.0	1	0	0	1	1	1	0.1723437483582868	4.193536552230675	0.8314932703757952	0.955682297159822	0.18520896919890995	0.3794390393375744	37.75600886907695	0.1723437483582868	0.0	0.0	0.955682297159822	0.18520896919890995	0.3794390393375744
759000	-46.15996590488942	-26.082947814256038	-20.077018090633377	0.0	1	1	0	1	1	0	1.0493471330166544	0.8071861335256457	0.04637912213968506	1.6300103905776593	2.1257981733213933	0.8654172908123842	84.68585292819922	1.0493471330166544	0.8071861335256457	0.0	1.6300103905776593	2.1257981733213933	0.0
760000	-50.46180905613372	-24.65155179711167	-25.81025725902205	0.0	1	1	1	1	0	1	1.096726413550524	0.05025316906499493	3.2996534509251525	3.4531510205039466	0.23694551233726752	3.770868563224911	29.30362607916454	1.096726413550524	0.05025316906499493	3.2996534509251525	3.4531510205039466	0.0	3.770868563224911
761000	-43.514839776696384	-25.84693220209106	-17.667907574605323	0.0	1	0	0	1	1	0	0.5696409455987473	0.47689691511632254	1.1681188782534315	1.2675727339326548	0.6587794510995834	0.13857281640453803	187.2581666919273	0.5696409455987473	0.0	0.0	1.2675727339326548	0.6587794510995834	0.0
762000	-42.646045022347124	-24.58376828022804	-18.06227674211908	0.0	1	0	0	1	1	0	0.4254095154944016	0.47396926699572517	2.0090668526852533	1.5343273599347924	1.459275730212866	2.112314609537317	7.911035708481224	0.4254095154944016	0.0	0.0	1.5343273599347924	1.459275730212866	0.0
763000	-39.25635890126868	-24.038241244030594	-15.218117657238086	0.0	0	1	0	0	1	1	0.39786039321987815	0.6207356970777527	0.9842317545612248	1.2957097446504668	1.7106972006210468	0.23609619867735282	7.342109978013906	0.0	0.6207356970777527	0.0	0.0	1.7106972006210468	0.23609619867735282
764000	-41.6713354939134	-25.54697365113731	-16.12436184277609	0.0	0	1	0	0	1	1	2.7427083624107773	0.8287795988100521	1.2041336161855332	0.7037427206668441	1.0243401330329165	0.6612669031449194	2.674834851964794	0.0	0.8287795988100521	0.0	0.0	1.0243401330329165	0.6612669031449194
765000	-46.111621195063584	-24.728350827925446	-21.383270367138138	0.0	1	0	0	1	1	1	0.48387808477333677	0.3166728635569119	0.5227634560477148	3.3350954734510374	0.9919762304050977	1.8171755453935028	117.8005326491582	0.48387808477333677	0.0	0.0	3.3350954734510374	0.9919762304050977	1.8171755453935028
766000	-36.36443455729389	-24.205937272102528	-12.158497285191366	0.0	1	1	0	0	1	0	0.008178538431803667	0.15082143368738152	0.351256799741365	0.4243029629022294	0.2413994349871084	0.8987735138065612	8.197742386072335	0.008178538431803667	0.15082143368738152	0.0	0.0	0.2413994349871084	0.0
767000	-48.38391997455254	-23.771645640072542	-24.61227433448	0.0	1	1	1	1	1	1	0.8258162515581235	1.6337565002336896	1.4208751641731705	1.0526532502972088	4.569088322519275	0.5923999674859114	9.56714163268697	0.8258162515581235	1.6337565002336896	1.4208751641731705	1.0526532502972088	4.569088322519275	0.5923999674859114
768000	-43.54529949538126	-27.049041744897135	-16.496257750484123	0.0	1	1	0	0	1	0	0.6562695274650158	1.3116614418393908	1.4523511500016801	2.8485199545857864	1.827441952581123	1.0471638168028572	0.5368046994037369	0.6562695274650158	1.3116614418393908	0.0	0.0	1.827441952581123	0.0
769000	-43.0445214192209	-26.770351638416162	-16.274169780804737	0.0	0	1	1	0	1	1	1.0863687390634775	0.6443894436589593	0.4775077813873667	0.3716624786490721	1.0485645202857738	0.09528804755294912	32.70369861387471	0.0	0.6443894436589593	0.4775077813873667	0.0	1.0485645202857738	0.09528804755294912
770000	-39.42802462179111	-25.803270616306097	-13.624754005485016	0.0	1	0	0	1	1	0	0.26149702188318374	1.0309322548078945	0.03541882423260993	1.2368575975545224	1.217803931983166	0.8640276286496247	2.725581843848067	0.26149702188318374	0.0	0.0	1.2368575975545224	1.217803931983166	0.0
771000	-41.5996656929712	-25.202760206988177	-16.396905485983027	0.0	1	0	0	1	1	1	0.053196661193948065	0.36636313982378493	0.5621116454802508	0.24413317109506696	0.19833311602596504	0.13609991493596332	257.5030240738532	0.053196661193948065	0.0	0.0	0.24413317109506696	0.19833311602596504	0.13609991493596332
772000	-46.39150034316448	-25.11477203506686	-21.27672830809762	0.0	1	0	0	1	1	0	0.43237023639085526	1.5717575740888865	2.183398216730429	1.7459807503582376	1.433375367665624	0.20911301789689563	242.28726811317432	0.43237023639085526	0.0	0.0	1.7459807503582376	1.433375367665624	0.0
773000	-44.74551256763661	-24.87323182902007	-19.872280738616542	0.0	1	0	1	1	0	1	0.9423477569139779	0.7388832677547282	1.9970648148196488	0.4432796530770071	0.4661286837459334	0.44604172377485407	257.8858663349578	0.9423477569139779	0.0	1.9970648148196488	0.4432796530770071	0.0	0.44604172377485407
774000	-45.613284025961775	-25.320711469946865	-20.29257255601491	0.0	1	0	1	1	1	0	1.2383738969045728	0.7326069633655893	0.3673793258680148	1.6718579079797304	1.7705564676026417	0.8245321666895836	95.8070902536979	1.2383738969045728	0.0	0.3673793258680148	1.6718579079797304	1.7705564676026417	0.0
775000	-43.85818829982182	-28.14975011476681	-15.708438185055012	0.0	1	0	1	1	0	1	0.38524706651473634	0.4104204415715546	0.6271132406066651	0.4887402881895502	0.23880924324000677	0.19936193232020127	70.71153181063988	0.38524706651473634	0.0	0.6271132406066651	0.4887402881895502	0.0	0.19936193232020127
776000	-41.762066224487846	-25.900113864032956	-15.861952360454891	0.0	1	0	0	1	1	0	0.5472658032162319	0.10986998117491921	3.1870482028493137	0.973970310740487	0.515608885664204	0.22702619708662325	10.170587453715829	0.5472658032162319	0.0	0.0	0.973970310740487	0.515608885664204	0.0
777000	-45.32354448323909	-26.343543669377254	-18.98000081386184	0.0	1	1	1	0	1	1	1.2999132147231647	2.5501294314788425	0.15670080508271853	0.6734192777115071	2.772765319613001	1.070183730862279	0.9577831995355088	1.2999132147231647	2.5501294314788425	0.15670080508271853	0.0	2.772765319613001	1.070183730862279
778000	-42.447138093464915	-24.493213554804317	-17.953924538660594	0.0	1	1	0	1	1	0	0.7253361647180694	1.1675507421589226	0.04173355244751687	0.6573034355282258	3.947749626066479	1.8739304420019778	1.657787515375363	0.7253361647180694	1.1675507421589226	0.0	0.6573034355282258	3.947749626066479	0.0
779000	-54.48298121880681	-26.32298297679984	-28.15999824200697	0.0	1	1	1	1	1	0	1.3921444099018034	1.3703101923257872	0.045510817440390254	3.7079196071590115	2.8851519184929146	1.0151838766697934	700.0932062551259	1.3921444099018034	1.3703101923257872	0.045510817440390254	3.7079196071590115	2.8851519184929146	0.0
780000	-49.38164919872154	-25.77967994888209	-23.60196924983945	0.0	1	1	1	1	1	1	1.0154855940764507	0.46708422567496766	1.0271599545542844	0.8450244279304809	1.1467176210246686	0.48747524105212053	393.04088060925824	1.0154855940764507	0.46708422567496766	1.0271599545542844	0.8450244279304809	1.1467176210246686	0.48747524105212053
781000	-43.089589285380285	-25.553410316073915	-17.53617896930637	0.0	1	0	0	1	1	0	0.2773475444956	0.7862318957794078	0.07243982043400052	1.0583229887678651	0.4155135698232198	0.39921319725620913	450.049597261081	0.2773475444956	0.0	0.0	1.0583229887678651	0.4155135698232198	0.0
782000	-43.12793887424782	-25.735457899093387	-17.392480975154427	0.0	0	1	1	0	0	1	2.3515687516173727	0.182455487379879	0.8958343368955514	0.22118537545296008	0.20177414386253426	0.7755309212591691	108.47615836638366	0.0	0.182455487379879	0.8958343368955514	0.0	0.0	0.7755309212591691
783000	-41.19133191899402	-26.19290480420417	-14.998427114789848	0.0	0	1	1	0	1	1	0.31959582908895695	0.280276344794126	1.1323654739695548	1.5264879039368109	0.6028068957028969	0.8758878571609177	3.404652639645802	0.0	0.280276344794126	1.1323654739695548	0.0	0.6028068957028969	0.8758878571609177
784000	-45.17188511018316	-25.19936828733404	-19.972516822849123	0.0	1	0	0	1	1	0	0.5651738540254307	1.5938866573926527	2.236555845586914	1.1711738346210125	1.7616118067499171	0.1868761772214107	81.93283237421842	0.5651738540254307	0.0	0.0	1.1711738346210125	1.7616118067499171	0.0
785000	-43.1443287989124	-24.604636869628084	-18.539691929284317	0.0	0	1	0	1	1	1	0.34542563318812747	1.2886679230104787	0.23209759600252566	0.32879406684321794	3.2835893586614238	0.5751420443683947	30.722444401548714	0.0	1.2886679230104787	0.0	0.32879406684321794	3.2835893586614238	0.5751420443683947
786000	-39.23469120895409	-24.91078348561717	-14.32390772333692	0.0	0	1	1	0	0	1	1.112298687313049	0.19105425829109282	1.0127533916025222	0.17156167096262712	0.8611535024579267	0.6642819380757138	10.268214905909133	0.0	0.19105425829109282	1.0127533916025222	0.0	0.0	0.6642819380757138
787000	-39.4282798923164	-24.46410205753633	-14.964177834780067	0.0	1	0	0	1	1	0	0.4844650079550756	0.7603628820313586	1.4385141608947676	1.215553949099678	0.7896119047205882	0.2098155424871068	8.053246451082302	0.4844650079550756	0.0	0.0	1.215553949099678	0.7896119047205882	0.0
788000	-44.009380778363465	-25.854446947819536	-18.154933830543932	0.0	1	1	1	0	1	1	0.1438793718172292	2.375257841451118	1.275694832348978	0.6171533637671917	1.363137423210203	0.7587389830469369	3.0651760133768122	0.1438793718172292	2.375257841451118	1.275694832348978	0.0	1.363137423210203	0.7587389830469369
789000	-47.628923855029484	-25.469189929295336	-22.159733925734145	0.0	1	1	1	0	1	1	0.23786050346103535	0.6759035305106966	1.0880762430273574	2.870523955973842	1.7931913041386711	0.9056919711540512	56.647819832500716	0.23786050346103535	0.6759035305106966	1.0880762430273574	0.0	1.7931913041386711	0.9056919711540512
790000	-44.23293051096965	-25.346184950404727	-18.886745560564925	0.0	1	1	1	0	1	0	0.5680379523593572	1.7405815590316531	0.45300311663200227	0.28073441835380564	2.9763540281377487	1.5277521657248148	9.9635489054248	0.5680379523593572	1.7405815590316531	0.45300311663200227	0.0	2.9763540281377487	0.0
791000	-45.954487659726034	-24.720050046619654	-21.23443761310638	0.0	0	1	1	1	0	1	1.2997854027022746	0.48869163723573183	1.3590002767181861	0.18414726485640645	3.0662225504177734	1.314476140407817	82.31288087628145	0.0	0.48869163723573183	1.3590002767181861	0.18414726485640645	0.0	1.314476140407817
792000	-47.69983570768804	-25.163634107471346	-22.536201600216692	0.0	1	1	0	1	1	1	0.0455726452565255	1.0334645954397153	0.12757710755272297	0.8797821550204129	2.004325532184819	0.8414778489723908	643.9015188874366	0.0455726452565255	1.0334645954397153	0.0	0.8797821550204129	2.004325532184819	0.8414778489723908
793000	-45.028954679621634	-24.441996606306894	-20.586958073314737	0.0	1	0	1	1	1	1	0.9505664212656072	1.7295830230424183	0.25033903856211875	2.744363293130734	2.4448877456595253	0.3487498129242618	5.033068063510468	0.9505664212656072	0.0	0.25033903856211875	2.744363293130734	2.4448877456595253	0.3487498129242618
794000	-41.50099619440486	-26.506453625312524	-14.994542569092342	0.0	1	1	0	0	1	0	0.8515389087146922	1.7672287205780148	0.21174054281648777	1.1593871108512883	2.099907186743238	0.28118701110854516	1.9126257173625283	0.8515389087146922	1.7672287205780148	0.0	0.0	2.099907186743238	0.0
795000	-48.44277282243007	-26.889513345250677	-21.5532594771794	0.0	1	1	1	0	0	1	0.38207280645092123	0.7843368693912768	1.101466509508465	0.22628052337883953	7.199631661813654	1.5736217153102054	3.490080684409467	0.38207280645092123	0.7843368693912768	1.101466509508465	0.0	0.0	1.5736217153102054
796000	-37.52564424281797	-23.590468021429334	-13.935176221388634	0.0	0	1	1	0	1	1	0.2595112566652118	0.7496930547833006	0.40187319681583	0.20778412946218508	1.0254823130991388	0.18169085650186917	7.921692996781023	0.0	0.7496930547833006	0.40187319681583	0.0	1.0254823130991388	0.18169085650186917
797000	-39.75110333635281	-24.91328118393068	-14.837822152422135	0.0	1	0	1	1	1	0	0.6794385566684491	0.11118577020497405	0.10047960184130134	1.1978140812894351	0.8811367963636704	0.17121185610985146	14.173149703914751	0.6794385566684491	0.0	0.10047960184130134	1.1978140812894351	0.8811367963636704	0.0
798000	-41.57748929754243	-24.69455726655418	-16.882932030988243	0.0	1	1	0	0	1	0	0.16619521187180689	0.3769948232879699	2.657572365209535	3.722507587350314	1.3118865571483331	0.21718487034913783	1.5772094946827213	0.16619521187180689	0.3769948232879699	0.0	0.0	1.3118865571483331	0.0
799000	-40.93381894724822	-25.24534543495955	-15.688473512288668	0.0	0	1	1	1	1	1	0.001114583568721287	0.4298911056732756	0.2548724554276691	0.7697051482152574	0.3251338966831712	0.9562990406801362	11.511735169291207	0.0	0.4298911056732756	0.2548724554276691	0.7697051482152574	0.3251338966831712	0.9562990406801362
800000	-39.93961026113836	-25.218571502957264	-14.721038758181098	0.0	0	1	1	0	0	1	0.04584762131830832	0.6841288391173868	0.9429331336826464	0.5877585896740001	0.21797598121946965	1.697204958326618	12.948631066335576	0.0	0.6841288391173868	0.9429331336826464	0.0	0.0	1.697204958326618
801000	-43.2553898890882	-25.794533095983354	-17.460856793104846	0.0	1	1	1	0	1	1	0.0076734623190408534	0.9795556393909592	0.40147267196499764	1.5839661925347253	0.7343305670727428	0.28481479225546447	19.17863087786056	0.0076734623190408534	0.9795556393909592	0.40147267196499764	0.0	0.7343305670727428	0.28481479225546447
802000	-45.81894431465766	-23.77221826888358	-22.046726045774076	0.0	1	1	1	0	1	1	0.3604802597831631	1.512781749680796	2.4324490889665924	1.9484699084103287	1.705388631535218	1.8251569820300606	5.806222479743009	0.3604802597831631	1.512781749680796	2.4324490889665924	0.0	1.705388631535218	1.8251569820300606
803000	-43.09606559161563	-24.849102736182147	-18.246962855433477	0.0	1	0	1	1	1	0	0.5459372706440337	0.3704216194345322	0.3571613915732085	0.9673091550907991	1.085690652977383	0.6153277063458505	165.79419510887655	0.5459372706440337	0.0	0.3571613915732085	0.9673091550907991	1.085690652977383	0.0
804000	-43.06125228354465	-25.469579518879186	-17.591672764665464	0.0	1	0	1	1	1	0	0.8393131654036194	1.2051277761042027	0.6021707504295765	0.6568102626528013	1.1017439423309856	1.0446379017016927	21.961961532771188	0.8393131654036194	0.0	0.6021707504295765	0.6568102626528013	1.1017439423309856	0.0
805000	-43.355089906804956	-26.051129020402705	-17.30396088640225	0.0	1	0	0	1	1	0	0.8842896656428347	0.16002965579180775	1.0397978801820746	0.9041200753376729	1.5353992687498004	2.871666511604426	6.888732208299898	0.8842896656428347	0.0	0.0	0.9041200753376729	1.5353992687498004	0.0
806000	-42.71220664017574	-24.767344308068527	-17.944862332107206	0.0	0	1	1	1	0	1	0.3706217573328101	0.18516905432195693	0.5370997676122083	1.0227814098853594	1.0506889336332967	1.9496636140805779	42.78241388765455	0.0	0.18516905432195693	0.5370997676122083	1.0227814098853594	0.0	1.9496636140805779
807000	-39.69072496763157	-24.82910813522714	-14.86161683240443	0.0	0	1	0	0	1	1	0.6449838061922373	0.4093922140228735	0.4724759966546023	2.1815373562765443	1.2840550062521459	0.08183569979471642	6.10573398438777	0.0	0.4093922140228735	0.0	0.0	1.2840550062521459	0.08183569979471642
808000	-44.30438398665707	-25.14164283172021	-19.16274115493686	0.0	1	1	0	1	1	0	0.15727345698025288	2.8065149180259867	0.47048922322520254	0.5295011943584516	3.042388194041735	0.34597708533058735	15.86025451865858	0.15727345698025288	2.8065149180259867	0.0	0.5295011943584516	3.042388194041735	0.0
809000	-40.741458381994285	-24.124248591332922	-16.617209790661363	0.0	1	1	0	1	1	0	0.13557897217162215	0.6587990552811152	0.6922073703451175	0.775491263095036	2.329306367288019	0.9639060955546396	7.558708017114946	0.13557897217162215	0.6587990552811152	0.0	0.775491263095036	2.329306367288019	0.0
810000	-50.0646927263808	-24.825053981512486	-25.239638744868316	0.0	0	1	1	0	1	1	1.3721151939348437	0.9668835852963543	1.9036619597542888	0.18102598697510153	1.0128595353344232	1.280979314754983	1930.4736449784732	0.0	0.9668835852963543	1.9036619597542888	0.0	1.0128595353344232	1.280979314754983
811000	-44.73187648870163	-25.897382699204424	-18.83449378949721	0.0	0	1	1	0	1	1	0.4453189346843048	1.0656081714273982	1.2638585023692832	0.12041986251627143	0.2173687337401348	1.2848290598557977	185.51163879738908	0.0	1.0656081714273982	1.2638585023692832	0.0	0.2173687337401348	1.2848290598557977
812000	-46.818237765764465	-27.369806746861858	-19.448431018902603	0.0	1	0	0	1	1	0	1.173212439444994	0.9268364953473471	0.8347474555685745	1.422232421783977	1.0203783273777836	1.7358056622260856	73.15250271348343	1.173212439444994	0.0	0.0	1.422232421783977	1.0203783273777836	0.0
813000	-38.775137021974786	-24.282228697502422	-14.49290832447236	0.0	0	1	0	0	1	1	0.6912313889318346	0.6715801086275701	0.11242966322724837	0.7468914872143105	1.784854067615539	0.21105101265309015	9.908996897447622	0.0	0.6715801086275701	0.0	0.0	1.784854067615539	0.21105101265309015
814000	-39.58764103271039	-24.411775016868404	-15.175866015841983	0.0	0	1	1	0	0	1	0.08451007577529458	0.6201848220504736	1.101872356723156	0.9535597246161786	0.9878610466730934	1.1526226297003996	9.912776570583224	0.0	0.6201848220504736	1.101872356723156	0.0	0.0	1.1526226297003996
815000	-43.65072730311013	-25.74595648065723	-17.904770822452903	0.0	0	1	1	0	0	1	0.7496582015544324	0.2758933225948508	0.8588663221418862	1.227339004066194	1.2134540396408355	1.3469516420087457	66.45580262177438	0.0	0.2758933225948508	0.8588663221418862	0.0	0.0	1.3469516420087457
816000	-44.58999758262114	-25.158990806536035	-19.4310067760851	0.0	1	1	1	0	1	1	0.3529690497573962	0.8977696624256893	1.2008298138849653	0.2819250107519868	1.1856802639434247	0.6960822657749041	70.16270303970975	0.3529690497573962	0.8977696624256893	1.2008298138849653	0.0	1.1856802639434247	0.6960822657749041
817000	-44.28704416387136	-24.126007354112534	-20.16103680975882	0.0	1	1	1	0	1	1	1.0762904287658837	0.6394341030559224	3.97317715289812	0.38159103286747387	1.5938336336349261	0.06541887828843837	6.871111239215368	1.0762904287658837	0.6394341030559224	3.97317715289812	0.0	1.5938336336349261	0.06541887828843837
818000	-40.68047700932567	-25.743596740350814	-14.936880268974855	0.0	1	1	1	0	1	0	1.0259368507758688	1.3655464004157023	0.45517021338829644	0.002571441668863081	3.164814463078304	0.058231035267033826	0.8435904128299964	1.0259368507758688	1.3655464004157023	0.45517021338829644	0.0	3.164814463078304	0.0
819000	-46.96333617033973	-25.191801415331433	-21.771534755008293	0.0	1	1	1	1	1	1	1.1751642969697016	1.0508703176951448	2.526670723571673	0.09370982476100172	0.9621705719292121	0.9108741425273059	16.22566450038722	1.1751642969697016	1.0508703176951448	2.526670723571673	0.09370982476100172	0.9621705719292121	0.9108741425273059
820000	-39.83508652648604	-23.50448342079449	-16.330603105691548	0.0	0	1	1	0	1	1	0.11056898099995495	0.9648354725182368	0.7679592420111481	0.47287641234323413	1.812869457158465	0.6475959389620648	12.310020603330784	0.0	0.9648354725182368	0.7679592420111481	0.0	1.812869457158465	0.6475959389620648
821000	-43.69130862642635	-23.714067940394383	-19.977240686031962	0.0	1	1	0	1	1	1	0.018267417122093114	1.298798843540644	0.3384381892986811	0.5709485699875192	4.166681976008861	0.7957647253272574	9.794357595924284	0.018267417122093114	1.298798843540644	0.0	0.5709485699875192	4.166681976008861	0.7957647253272574
822000	-49.1999409720837	-26.44558218401713	-22.754358788066572	0.0	1	1	0	1	1	1	0.5586440542612979	0.10567779546379978	0.1784967101903843	1.1648464143785202	1.9266063360312595	0.9975919723026647	732.9682596284615	0.5586440542612979	0.10567779546379978	0.0	1.1648464143785202	1.9266063360312595	0.9975919723026647
823000	-43.167215232735984	-25.47107180401949	-17.696143428716493	0.0	1	1	1	0	1	0	0.9628990366140323	1.3169234826356648	1.0037260785169888	0.2953860139670195	1.6011614348662548	2.9213253180733623	1.7504048875233242	0.9628990366140323	1.3169234826356648	1.0037260785169888	0.0	1.6011614348662548	0.0
824000	-38.335006182765326	-26.80536177311885	-11.529644409646476	0.0	1	1	0	0	1	1	0.829344063473394	0.7752102837350774	0.10998853175138977	0.10161625312152753	1.0617353733490789	0.10342909174821793	0.6147959658083277	0.829344063473394	0.7752102837350774	0.0	0.0	1.0617353733490789	0.10342909174821793
825000	-42.87374164926699	-23.525475780071165	-19.348265869195828	0.0	0	1	1	0	1	1	1.1916695782852467	0.24209532628175434	0.12213554974447265	5.273656343118044	0.5291928622384185	0.10748224916465862	17.016228704605343	0.0	0.24209532628175434	0.12213554974447265	0.0	0.5291928622384185	0.10748224916465862
826000	-41.515296057340265	-25.629404422523265	-15.885891634817003	0.0	0	1	1	0	0	1	0.8809292936606637	0.31267889102771446	0.6606128398563283	0.45473307696215903	0.7764483317801091	0.38662872856970604	78.70518793494851	0.0	0.31267889102771446	0.6606128398563283	0.0	0.0	0.38662872856970604
827000	-39.845963122366776	-24.098191311118434	-15.747771811248343	0.0	1	1	1	0	1	0	0.22644160985279435	1.168486843638195	0.43164097199169355	0.28309442099149235	3.2022057564081208	0.36775123727306047	2.808612722087898	0.22644160985279435	1.168486843638195	0.43164097199169355	0.0	3.2022057564081208	0.0
828000	-46.79498132287486	-26.16827857127282	-20.626702751602046	0.0	0	1	1	1	1	1	1.038531984716127	0.8238780796769554	1.3975963526237618	1.5458471587051161	2.38269282850858	0.8673516384848247	7.892838873124342	0.0	0.8238780796769554	1.3975963526237618	1.5458471587051161	2.38269282850858	0.8673516384848247
829000	-45.34640535581211	-25.810149741650154	-19.536255614161952	0.0	0	1	1	0	0	1	0.9567946455849088	0.5561339553869318	0.7534958942035394	0.3827885344885435	0.8094366888321083	0.943238382673335	665.906888572719	0.0	0.5561339553869318	0.7534958942035394	0.0	0.0	0.943238382673335
830000	-44.221382493283365	-25.841752682712812	-18.379629810570552	0.0	0	1	1	0	0	1	0.030265279311863996	0.5136156657621817	1.1317244415822214	2.275549476864874	0.5186137478370817	0.5946926431792662	176.00645960558225	0.0	0.5136156657621817	1.1317244415822214	0.0	0.0	0.5946926431792662
831000	-40.03078859206075	-24.42001309305408	-15.610775499006671	0.0	0	1	1	0	0	1	0.00847557349069383	0.33534020594637515	1.3739185763716124	1.0841705648878566	1.3890098628026013	1.0450543938492962	10.940227806244561	0.0	0.33534020594637515	1.3739185763716124	0.0	0.0	1.0450543938492962
832000	-41.13042504639835	-24.288277300512696	-16.842147745885654	0.0	0	1	1	0	1	1	2.8427897049370725	0.294069698513764	0.1141383684720689	0.4175911185832101	0.832787990151502	0.2074311253853491	21.779236879849034	0.0	0.294069698513764	0.1141383684720689	0.0	0.832787990151502	0.2074311253853491
833000	-40.546842720841944	-24.82439642414906	-15.722446296692883	0.0	0	1	1	0	0	1	0.9167726589949038	0.07778276937240351	0.23373255253554553	0.41848088165789415	0.9621865118894571	0.22575548839251605	121.20853488521726	0.0	0.07778276937240351	0.23373255253554553	0.0	0.0	0.22575548839251605
834000	-39.31752616208094	-24.371062603587376	-14.946463558493559	0.0	1	1	0	0	1	0	0.06657027102996542	0.3560505326458845	1.6459489241436573	2.0845724251692044	1.310202181592106	0.3061508029447434	3.323551642121273	0.06657027102996542	0.3560505326458845	0.0	0.0	1.310202181592106	0.0
835000	-39.4584778987457	-24.974716631501046	-14.483761267244649	0.0	1	0	0	1	1	0	0.2093517257705722	2.322987597651418	0.2909854230597932	0.3262460981975793	0.4921803733262226	0.7908154540567207	7.936856858253661	0.2093517257705722	0.0	0.0	0.3262460981975793	0.4921803733262226	0.0
836000	-44.98814012915329	-25.598077016219694	-19.390063112933593	0.0	1	1	1	1	1	1	0.20979337823057	1.2728967772801367	0.8475313400648112	0.7415904635724233	3.146399884039008	0.0030328765464955215	2.49726151188622	0.20979337823057	1.2728967772801367	0.8475313400648112	0.7415904635724233	3.146399884039008	0.0030328765464955215
837000	-41.090834957241874	-24.998760771064536	-16.09207418617734	0.0	1	0	1	1	1	0	0.4263359489430896	0.36680896079072545	0.37199650567552744	1.5288475804974342	0.8118787590635997	0.011963972060952384	33.4683536443707	0.4263359489430896	0.0	0.37199650567552744	1.5288475804974342	0.8118787590635997	0.0
838000	-45.90694092123323	-25.507254641870112	-20.399686279363113	0.0	1	0	1	1	1	0	0.6427541581419095	1.098233418030145	1.9996657427268798	0.5417940064454845	0.5897674646145411	1.8504173593672517	94.91725393119572	0.6427541581419095	0.0	1.9996657427268798	0.5417940064454845	0.5897674646145411	0.0
839000	-40.50157552006387	-24.386490735846728	-16.11508478421714	0.0	0	1	1	1	0	1	0.3512521339601923	0.19136045595373755	0.7021350203212272	1.0349574387863216	0.5566820208422067	1.186802753710882	20.912322856431928	0.0	0.19136045595373755	0.7021350203212272	1.0349574387863216	0.0	1.186802753710882
840000	-39.30033952067767	-24.989666197571257	-14.310673323106414	0.0	1	0	0	1	1	0	0.2964890681314125	0.48586255107318327	0.1847290890538752	1.4569117650069596	0.7649581818826839	0.40272638978515585	15.371958063649126	0.2964890681314125	0.0	0.0	1.4569117650069596	0.7649581818826839	0.0
841000	-45.15959438209172	-24.954033776283428	-20.20556060580829	0.0	1	1	1	0	1	0	0.4703000883313156	0.5057686608045124	2.8177437269620302	2.009459192238177	1.3300812222890843	1.756065089670428	9.727970372340897	0.4703000883313156	0.5057686608045124	2.8177437269620302	0.0	1.3300812222890843	0.0
842000	-42.328528334651836	-25.440914161549642	-16.887614173102193	0.0	1	0	1	1	0	1	0.6277899642841263	1.3350572857572087	1.6085014428977376	0.09953674768347744	0.9234210509292895	0.12007239641833928	22.646923277234556	0.6277899642841263	0.0	1.6085014428977376	0.09953674768347744	0.0	0.12007239641833928
843000	-42.82675940551115	-24.887025630912643	-17.939733774598505	0.0	1	0	0	1	1	0	0.23009936122182031	1.938290904174252	1.1589066945289026	0.53290967178266	0.6246090611092313	0.7451528441393545	103.26754036871165	0.23009936122182031	0.0	0.0	0.53290967178266	0.6246090611092313	0.0
844000	-46.26549881184294	-26.311410715094397	-19.954088096748542	0.0	1	0	0	1	1	0	0.6194573082649976	0.8609233069255124	0.7444203295496713	4.911368071636176	1.3871446903700309	0.07653120945348768	28.64952523252334	0.6194573082649976	0.0	0.0	4.911368071636176	1.3871446903700309	0.0
845000	-40.727830704899624	-24.104785440826785	-16.62304526407284	0.0	1	1	1	0	1	0	0.07241130818929663	0.5501112761146109	0.3637565315440729	0.7448138733889713	2.001480306162086	1.0366482462657505	16.550156869725125	0.07241130818929663	0.5501112761146109	0.3637565315440729	0.0	2.001480306162086	0.0
846000	-47.50274943543285	-26.15532832595542	-21.347421109477423	0.0	1	1	1	1	1	1	1.173997151430855	0.6781460435946096	1.734225553136057	1.276761262013082	0.4987814084991118	1.4049983553630692	10.18186794360493	1.173997151430855	0.6781460435946096	1.734225553136057	1.276761262013082	0.4987814084991118	1.4049983553630692
847000	-40.610229313247025	-24.84320307051459	-15.767026242732436	0.0	0	1	1	1	1	1	0.8982010195084462	0.6281906050909749	0.8414096644068789	0.23514180642267712	0.8093713724106043	0.308472823458864	4.683648643939473	0.0	0.6281906050909749	0.8414096644068789	0.23514180642267712	0.8093713724106043	0.308472823458864
848000	-49.70732283419282	-25.337471274249044	-24.369851559943783	0.0	1	1	1	0	1	1	0.021826872366020638	1.378613223036316	1.612756548605221	0.9888885315108358	1.7689625240200915	0.6427225865690464	790.7501962770367	0.021826872366020638	1.378613223036316	1.612756548605221	0.0	1.7689625240200915	0.6427225865690464
849000	-46.96819047191123	-25.773306818251907	-21.194883653659325	0.0	0	1	0	1	1	1	0.764733530513534	0.19162346156510587	0.840386655022819	2.4103753253148157	0.7254747693615619	1.612398190451674	221.44287041529665	0.0	0.19162346156510587	0.0	2.4103753253148157	0.7254747693615619	1.612398190451674
850000	-48.18206040117974	-25.898927674799044	-22.283132726380696	0.0	0	1	0	1	1	1	0.804141969958204	1.7019726447056664	3.615926384635954	0.15035540969211164	2.8516486287291216	3.207113589496556	2.501036852493381	0.0	1.7019726447056664	0.0	0.15035540969211164	2.8516486287291216	3.207113589496556
851000	-45.859872378012774	-24.69862699522367	-21.161245382789104	0.0	1	0	1	1	1	0	1.4372523938659152	4.152668015117474	1.3320739855236658	1.7723383146923544	1.866397234943461	0.40205993026214687	3.1986703008629953	1.4372523938659152	0.0	1.3320739855236658	1.7723383146923544	1.866397234943461	0.0
852000	-43.93319975479117	-24.86684600177952	-19.066353753011647	0.0	1	1	1	0	1	0	0.4675615022776279	0.4151253463857812	1.7211223762431036	2.011801418999537	0.96018718421845	0.06397365239851889	75.33079292101219	0.4675615022776279	0.4151253463857812	1.7211223762431036	0.0	0.96018718421845	0.0
853000	-45.50212727324799	-25.693737520505955	-19.80838975274204	0.0	0	1	1	0	0	1	0.5955502447801642	0.28201918098256124	0.44026547065968286	0.8192251151530633	0.958128964485493	0.7839394410937925	1027.5001788342897	0.0	0.28201918098256124	0.44026547065968286	0.0	0.0	0.7839394410937925
854000	-36.90040518444374	-23.885011664778446	-13.015393519665293	0.0	1	1	0	0	1	0	0.03503067299711974	0.3958311702201401	0.6096273190271091	0.05004787500973831	1.1408713864598483	0.7609478071618926	7.717966731172203	0.03503067299711974	0.3958311702201401	0.0	0.0	1.1408713864598483	0.0
855000	-43.96456079127374	-27.651373287890504	-16.31318750338324	0.0	0	1	0	0	1	1	0.02890231903082991	0.9039033311721049	2.5040939211914495	0.19124377878277934	1.943222921746746	0.5726699971090466	8.922758614018376	0.0	0.9039033311721049	0.0	0.0	1.943222921746746	0.5726699971090466
856000	-41.763207809521475	-26.164054304044097	-15.599153505477378	0.0	1	1	1	0	0	1	0.006335568334458347	0.5561860721019598	0.8947098781134116	0.09314704950792839	0.3634310148263043	3.077173770571759	4.812633225115274	0.006335568334458347	0.5561860721019598	0.8947098781134116	0.0	0.0	3.077173770571759
857000	-43.40517772308433	-25.51060201354059	-17.894575709543737	0.0	1	0	1	1	1	1	0.37767691419555527	0.8674925300545755	0.5133295437252356	0.7994233989297984	0.2684977651853664	0.09645645784392917	81.12176793984166	0.37767691419555527	0.0	0.5133295437252356	0.7994233989297984	0.2684977651853664	0.09645645784392917
858000	-41.17044275692231	-26.16495643709741	-15.005486319824907	0.0	0	1	0	0	1	1	2.986526642188561	0.8447422001099512	0.32236528909865814	0.2607548975369676	0.8342778880541294	0.2501800353280525	4.616977222163087	0.0	0.8447422001099512	0.0	0.0	0.8342778880541294	0.2501800353280525
859000	-50.70266814914779	-26.06919211989675	-24.63347602925104	0.0	0	1	1	0	0	1	0.5216038483066799	1.6260600427094676	2.089797864144235	2.063009350053268	5.019394935156328	1.9899281575645937	27.80971936588681	0.0	1.6260600427094676	2.089797864144235	0.0	0.0	1.9899281575645937
860000	-41.702329166891786	-25.066125330410667	-16.63620383648112	0.0	1	0	0	1	1	1	0.6456972665935241	0.6760904887403836	1.150938190199186	2.1875243575436545	1.0742017989173647	0.4049315330137099	4.307203724948861	0.6456972665935241	0.0	0.0	2.1875243575436545	1.0742017989173647	0.4049315330137099
861000	-44.72961249221958	-26.291390757970866	-18.438221734248714	0.0	0	1	1	1	1	1	0.4190942246466195	1.1730028825195913	2.0757997999467452	0.34440205315700456	0.4472977997953609	0.777788795556604	14.72837100385517	0.0	1.1730028825195913	2.0757997999467452	0.34440205315700456	0.4472977997953609	0.777788795556604
862000	-43.27389896248428	-25.715194905187634	-17.558704057296648	0.0	0	1	1	1	1	1	1.7917145747128305	0.8303684156727149	0.9691299486039349	0.29414927311554695	1.6724267965781199	0.3584743265930258	3.131239592592053	0.0	0.8303684156727149	0.9691299486039349	0.29414927311554695	1.6724267965781199	0.3584743265930258
863000	-38.849537223077554	-24.289403118314976	-14.560134104762577	0.0	1	1	1	0	1	0	0.35262225397022023	0.270047698784821	1.6287588331208174	0.7687432538594533	0.6694945026118567	0.18009850167831776	5.223222621674717	0.35262225397022023	0.270047698784821	1.6287588331208174	0.0	0.6694945026118567	0.0
864000	-42.324322311442856	-26.0839950401099	-16.24032727133296	0.0	1	1	1	1	1	0	0.3981696922592927	0.1088924947425409	2.1440847725503076	0.3786916508238881	0.3765980830561397	0.7909158665119012	4.668440829455094	0.3981696922592927	0.1088924947425409	2.1440847725503076	0.3786916508238881	0.3765980830561397	0.0
865000	-42.22723991497878	-23.273428949149437	-18.953810965829344	0.0	1	1	1	0	1	1	0.07195691739474333	1.1536325814153752	0.9791497058234838	1.4087980609771533	2.309927269100599	0.8541100633363855	5.331096179427999	0.07195691739474333	1.1536325814153752	0.9791497058234838	0.0	2.309927269100599	0.8541100633363855
866000	-45.15618169413809	-25.21148730677742	-19.94469438736067	0.0	0	1	1	0	0	1	2.3988287411471054	0.5643126963227036	2.425056712255461	0.5835794790483755	3.0060875907509885	1.4031300619440206	4.887039654388497	0.0	0.5643126963227036	2.425056712255461	0.0	0.0	1.4031300619440206
867000	-40.9847722525669	-26.232239087577742	-14.752533164989156	0.0	0	1	0	0	1	1	1.7092576758449316	0.3270480102884037	1.1263560573195697	0.5319701925975291	0.9550687384446713	0.7398411701995521	4.001082231857521	0.0	0.3270480102884037	0.0	0.0	0.9550687384446713	0.7398411701995521
868000	-40.91314035201924	-24.443998327746773	-16.46914202427247	0.0	1	1	1	0	1	0	0.4085912419231217	0.6990501845030732	1.2385497254065283	1.2681635550529058	0.8846274077824111	1.004837234948929	6.866799915607971	0.4085912419231217	0.6990501845030732	1.2385497254065283	0.0	0.8846274077824111	0.0
869000	-39.32353191274681	-25.310829291979196	-14.012702620767612	0.0	1	0	0	1	1	0	0.10777569953336447	1.0267859486520379	0.13029113248939583	0.4064381601683782	0.150716089301669	1.4452075284441315	15.778624951690981	0.10777569953336447	0.0	0.0	0.4064381601683782	0.150716089301669	0.0
870000	-45.5448339026036	-24.744815047337163	-20.800018855266433	0.0	1	1	1	1	1	0	0.6533517921338876	0.6731266652898253	0.3121786176705443	0.7336511404220384	4.7909185085219805	1.7275058430591277	4.086079061962741	0.6533517921338876	0.6731266652898253	0.3121786176705443	0.7336511404220384	4.7909185085219805	0.0
871000	-39.2816663570475	-24.996158532983088	-14.285507824064412	0.0	1	0	0	1	1	0	0.2327791773727106	0.8504395793767159	0.1340531392603887	0.32764847035839434	0.522627534621274	3.043117108669972	3.316510899242525	0.2327791773727106	0.0	0.0	0.32764847035839434	0.522627534621274	0.0
872000	-39.12538025258921	-24.872218131754487	-14.253162120834727	0.0	1	1	1	0	1	0	0.7312649152199231	0.9657130372181818	0.7490257049698437	0.3636484532085421	1.950549008028511	0.1364145504899357	1.3796147043629645	0.7312649152199231	0.9657130372181818	0.7490257049698437	0.0	1.950549008028511	0.0
873000	-45.666693866483484	-24.909619882645575	-20.757073983837913	0.0	0	1	0	1	1	1	3.5746483512617586	0.31607260651937735	0.06199377275256196	1.0531274487645226	0.8032178789792613	0.689225634511689	159.31175671448443	0.0	0.31607260651937735	0.0	1.0531274487645226	0.8032178789792613	0.689225634511689
874000	-40.030822821572514	-25.55245902887928	-14.478363792693237	0.0	1	1	1	0	1	0	0.17765440374698582	0.7655539451502177	0.7409993842174735	0.13517444666269646	1.9239258888035669	1.2198503641810492	1.6166961732642042	0.17765440374698582	0.7655539451502177	0.7409993842174735	0.0	1.9239258888035669	0.0
875000	-48.83807242520216	-23.315023537933225	-25.523048887268935	0.0	0	1	1	1	1	1	1.7015861974484405	3.036272188253045	0.7625012540987944	0.4821568464526754	6.144524590503217	1.0953582242705073	6.033885367237227	0.0	3.036272188253045	0.7625012540987944	0.4821568464526754	6.144524590503217	1.0953582242705073
876000	-40.891611847133305	-24.5966032241042	-16.29500862302911	0.0	0	1	1	0	1	1	0.10561730455307068	0.511304782693582	1.366033805444964	0.548374940292821	0.10911985968908948	1.2533425770704631	28.292068090426362	0.0	0.511304782693582	1.366033805444964	0.0	0.10911985968908948	1.2533425770704631
877000	-40.76452925097433	-23.811565733555035	-16.952963517419292	0.0	1	1	1	0	1	1	0.20382799701437188	0.9559368045959896	0.9165476508910797	0.46585265881515103	2.5736106742805487	0.20075119050175136	3.1125349622686267	0.20382799701437188	0.9559368045959896	0.9165476508910797	0.0	2.5736106742805487	0.20075119050175136
878000	-44.600444558680046	-24.878668958688316	-19.72177559999173	0.0	1	1	1	0	1	0	0.8092840751266052	1.1540565940347902	2.051770617805967	0.1463161774751564	1.4518419261373214	2.5177499303851434	12.766849147736675	0.8092840751266052	1.1540565940347902	2.051770617805967	0.0	1.4518419261373214	0.0
879000	-40.75664207141653	-24.71257348549952	-16.04406858591701	0.0	1	1	1	0	1	1	0.13423573188321034	0.632356255041723	0.719126466626938	0.20976869276126417	0.6779742758647078	0.2837335800976764	17.690611183707812	0.13423573188321034	0.632356255041723	0.719126466626938	0.0	0.6779742758647078	0.2837335800976764
880000	-38.47851810849357	-24.332258831841507	-14.14625927665206	0.0	1	1	0	1	1	0	0.09389292645717341	0.8774537053307669	0.5322864406090165	0.34517947625183054	1.2747634407853632	0.04048644493814815	6.982960546413563	0.09389292645717341	0.8774537053307669	0.0	0.34517947625183054	1.2747634407853632	0.0
881000	-50.01696110884575	-25.127725178818782	-24.889235930026967	0.0	1	1	1	1	1	1	2.4881356966199597	0.3228879653148848	2.582678095491388	1.4524101376192715	3.102100944539543	0.20304512386855414	11.899699998442607	2.4881356966199597	0.3228879653148848	2.582678095491388	1.4524101376192715	3.102100944539543	0.20304512386855414
882000	-38.84432186261799	-24.41043850317426	-14.433883359443726	0.0	0	1	1	0	1	1	0.301866211577936	0.823842162016224	1.209452748490759	0.04772155645081382	0.2346118484314134	1.0671223054526149	5.538674581187131	0.0	0.823842162016224	1.209452748490759	0.0	0.2346118484314134	1.0671223054526149
883000	-41.907015607625	-24.3532204702981	-17.553795137326894	0.0	0	1	1	0	0	1	2.123401426201213	0.33261135625926325	0.7152448590498564	3.230404354073947	0.18488887605501056	0.5675460876603267	11.213183277760455	0.0	0.33261135625926325	0.7152448590498564	0.0	0.0	0.5675460876603267
884000	-38.50230109562502	-24.551171738701743	-13.951129356923278	0.0	0	1	1	0	0	1	0.6394311404041765	0.3800273348674576	0.5992331233060657	0.8194401084841619	0.9463809424754464	0.7352948872904299	6.378825935431458	0.0	0.3800273348674576	0.5992331233060657	0.0	0.0	0.7352948872904299
885000	-44.574114573886995	-26.255813544537077	-18.318301029349918	0.0	0	1	0	1	1	1	2.3720787938259074	1.3186528009749574	0.10353885347923229	0.07294392241883646	2.5464914289176086	0.6091342126667476	9.530532614023581	0.0	1.3186528009749574	0.0	0.07294392241883646	2.5464914289176086	0.6091342126667476
886000	-41.45858576623644	-25.475055498029594	-15.983530268206847	0.0	1	1	1	1	1	0	0.19471195984440293	0.5523271249784044	0.6523774113623029	0.40570571922914966	0.8108877147628607	0.6355824737724415	9.261630973353384	0.19471195984440293	0.5523271249784044	0.6523774113623029	0.40570571922914966	0.8108877147628607	0.0
887000	-49.73356669067587	-24.498406947257045	-25.235159743418826	0.0	1	1	0	0	1	0	0.08107502179430233	0.9621861104228855	5.245051776462446	5.2806194520157606	1.5332768918186683	1.8433998570577548	10.054220388294842	0.08107502179430233	0.9621861104228855	0.0	0.0	1.5332768918186683	0.0
888000	-41.79399121712122	-24.454478751875993	-17.339512465245225	0.0	1	1	0	0	1	0	0.003981945877028306	0.893531361308472	1.7631757419590322	0.12141341805005892	1.5440257307640481	0.578514076740398	80.25346919255054	0.003981945877028306	0.893531361308472	0.0	0.0	1.5440257307640481	0.0
889000	-39.88422021911286	-26.403287387254622	-13.480932831858238	0.0	0	1	1	0	0	1	0.31624177505773937	0.8265084544133949	0.962771334727271	0.45829929540896275	0.7328837944961172	0.9088921424703712	3.6662049992112675	0.0	0.8265084544133949	0.962771334727271	0.0	0.0	0.9088921424703712
890000	-49.891093148910315	-26.13823534586014	-23.752857803050176	0.0	0	1	1	1	0	1	3.2962450840816424	1.6091417764231728	1.994085002714889	0.12698836677235684	0.1630993731693041	2.599935707414952	122.92393423030225	0.0	1.6091417764231728	1.994085002714889	0.12698836677235684	0.0	2.599935707414952
891000	-43.1624280024756	-25.30689809785591	-17.85552990461969	0.0	1	0	0	1	1	1	0.23623303284389469	0.021181946410475015	0.22459441252276158	1.7307953325472056	0.8086179142448211	0.4798216861518925	172.9207330952106	0.23623303284389469	0.0	0.0	1.7307953325472056	0.8086179142448211	0.4798216861518925
892000	-46.46334940161754	-24.686385169694706	-21.776964231922836	0.0	1	1	0	1	1	0	1.6301993709506333	1.9200241142440175	0.05921326259452781	2.702305120549142	4.013770200196539	0.5178237525150696	6.65378212352213	1.6301993709506333	1.9200241142440175	0.0	2.702305120549142	4.013770200196539	0.0
893000	-49.07183768125597	-28.247492827331946	-20.82434485392403	0.0	1	1	0	0	1	0	1.7282401658908553	5.555660511672862	1.0799861669418875	0.6005277122390364	3.1919777729376837	0.9789930967816985	0.7513454636054928	1.7282401658908553	5.555660511672862	0.0	0.0	3.1919777729376837	0.0
894000	-44.66154994305995	-25.598338157170495	-19.063211785889457	0.0	1	0	1	1	1	1	0.16041527383726206	1.2709630664740237	0.30130412983436694	0.550478720650139	0.3092677554236507	0.47253834731321087	201.03701027593075	0.16041527383726206	0.0	0.30130412983436694	0.550478720650139	0.3092677554236507	0.47253834731321087
895000	-42.084797407387484	-26.707244189886826	-15.377553217500656	0.0	1	0	0	1	1	0	0.16751995450180118	1.5915043986613922	0.3650720588143199	1.1858567620073133	1.2042794994260404	1.5748441469585317	3.7145672034705934	0.16751995450180118	0.0	0.0	1.1858567620073133	1.2042794994260404	0.0
896000	-44.471128665720876	-24.914231325353004	-19.556897340367872	0.0	1	1	1	0	0	1	0.9183292540711502	0.11771519415261159	2.6854829022310827	0.8920938257192521	0.3855342040766833	0.36574101242192414	150.35178212307042	0.9183292540711502	0.11771519415261159	2.6854829022310827	0.0	0.0	0.36574101242192414
897000	-44.4156599726742	-27.034276409474444	-17.381383563199755	0.0	1	0	1	1	1	0	0.6347032436165962	0.02038756592635198	0.06372404858613338	0.8005907521180334	2.4223785192190754	0.14936322085287226	66.31594197620701	0.6347032436165962	0.0	0.06372404858613338	0.8005907521180334	2.4223785192190754	0.0
898000	-41.974406136770824	-25.288164907722003	-16.68624122904882	0.0	1	0	0	1	1	0	0.3018298799351968	0.27931431480827495	0.19905494481412	1.1553243356352945	0.5077974486138134	1.3382651864839872	123.05164633259105	0.3018298799351968	0.0	0.0	1.1553243356352945	0.5077974486138134	0.0
899000	-41.42655392273515	-24.97149514669378	-16.45505877604137	0.0	0	1	1	0	1	1	1.4702745684574523	0.8172555399660941	0.795313366834911	0.5145599687465248	0.5266460037121896	0.5386012692984605	15.578489427526028	0.0	0.8172555399660941	0.795313366834911	0.0	0.5266460037121896	0.5386012692984605
900000	-42.69203111759374	-23.877053093749787	-18.81497802384396	0.0	1	1	1	0	1	0	0.27310757367574934	0.7195977795446807	1.2210485420965542	1.773703606542188	2.8253799748810295	1.0973658346493453	6.465570497919698	0.27310757367574934	0.7195977795446807	1.2210485420965542	0.0	2.8253799748810295	0.0
901000	-41.92323536532538	-25.3393320503319	-16.583903314993478	0.0	1	0	0	1	1	1	0.5768231440991696	0.4479174543667099	0.5851649690055705	2.1031510300730956	2.3239499211831522	0.3504533911674031	3.1922547873510996	0.5768231440991696	0.0	0.0	2.1031510300730956	2.3239499211831522	0.3504533911674031
902000	-40.00817839137679	-26.20367239256455	-13.80450599881224	0.0	1	1	0	0	1	1	0.12229562160799194	0.5742850153870946	2.4408047478039476	0.24837060405686784	0.6094198605920211	0.5533103139566975	1.2477089812750441	0.12229562160799194	0.5742850153870946	0.0	0.0	0.6094198605920211	0.5533103139566975
903000	-41.660650230688475	-23.810345662811738	-17.850304567876734	0.0	0	1	1	1	1	1	0.12076555920253702	0.9056015388346296	0.1536877669192923	0.5671454245989895	2.3429002262903635	1.0164403107236548	9.370894036777013	0.0	0.9056015388346296	0.1536877669192923	0.5671454245989895	2.3429002262903635	1.0164403107236548
904000	-39.545938790512956	-25.153343706673727	-14.39259508383923	0.0	1	0	0	1	1	0	0.3349689187594174	0.060020511045322265	0.6692231617049039	1.4121899046308661	0.5328203377482006	0.9803338996393547	11.250319262100117	0.3349689187594174	0.0	0.0	1.4121899046308661	0.5328203377482006	0.0
905000	-43.69365784973384	-25.121474728134526	-18.572183121599313	0.0	1	0	0	1	1	1	0.16439025097140111	0.21358810889477664	2.505625038178184	0.4160022461160896	0.26731805623227245	0.07549574672400618	277.1489090549705	0.16439025097140111	0.0	0.0	0.4160022461160896	0.26731805623227245	0.07549574672400618
906000	-50.50090754267485	-27.208049231485123	-23.29285831118973	0.0	1	1	1	1	1	1	0.20824109394998508	0.17353190378441638	0.16422842358972511	0.2816142871256644	1.396596638782637	0.4034116323546123	1271.9973917384627	0.20824109394998508	0.17353190378441638	0.16422842358972511	0.2816142871256644	1.396596638782637	0.4034116323546123
907000	-43.58251691193604	-26.1913700080264	-17.391146903909643	0.0	1	0	0	1	1	0	0.8378046686102533	0.520604854662243	0.8572270063202108	4.190375828413696	1.0845483276111074	0.06590340372826817	6.400185889985569	0.8378046686102533	0.0	0.0	4.190375828413696	1.0845483276111074	0.0
908000	-48.65226545322429	-25.902658794840427	-22.74960665838386	0.0	0	1	1	1	1	1	0.06931269410723442	2.1912018760280243	0.7185041889706526	0.5306307072807241	2.2883057631577346	0.5249874932483113	284.07011520409714	0.0	2.1912018760280243	0.7185041889706526	0.5306307072807241	2.2883057631577346	0.5249874932483113
909000	-50.39392727622176	-25.255620982081354	-25.138306294140406	0.0	1	1	1	1	1	1	0.05383729754674956	0.9862228142779352	1.2247975009540097	1.2740029335299716	0.5913677490970108	2.765604511171525	298.2379916643861	0.05383729754674956	0.9862228142779352	1.2247975009540097	1.2740029335299716	0.5913677490970108	2.765604511171525
910000	-45.627098648411724	-25.65423847716339	-19.972860171248335	0.0	1	0	1	1	1	1	1.330816938762224	0.8673414382244509	1.977809829459655	1.1671652017273118	0.5055333463313881	1.5780661136467087	7.701730687465378	1.330816938762224	0.0	1.977809829459655	1.1671652017273118	0.5055333463313881	1.5780661136467087
911000	-46.434251314915024	-24.9017185259696	-21.532532788945424	0.0	1	0	1	1	1	0	0.7191339887514346	0.27013027142361323	1.095853431838407	0.9496778858919592	0.5971288224607567	0.7443664912147292	1113.9266176398955	0.7191339887514346	0.0	1.095853431838407	0.9496778858919592	0.5971288224607567	0.0
912000	-43.080152667271335	-24.170454320819648	-18.90969834645169	0.0	0	1	0	1	1	1	1.467038330284374	0.7234698587919567	0.7194726331649555	0.45423272118830543	2.821140724888067	0.6170213231201062	21.231009548098925	0.0	0.7234698587919567	0.0	0.45423272118830543	2.821140724888067	0.6170213231201062
913000	-46.331936112991954	-25.99578582923203	-20.33615028375992	0.0	1	1	1	0	0	1	0.29271280839849123	0.49718753237545205	2.6966259487426343	0.04989814590548645	1.8062416228368465	0.6120647827708992	176.96410326049403	0.29271280839849123	0.49718753237545205	2.6966259487426343	0.0	0.0	0.6120647827708992
914000	-46.24129695152415	-24.854105532320087	-21.38719141920406	0.0	0	1	0	1	1	1	1.2240353893622973	0.30391111434426554	0.5523279526300858	1.9924132130144174	0.9475477624425396	2.5308256130807982	109.66976383853701	0.0	0.30391111434426554	0.0	1.9924132130144174	0.9475477624425396	2.5308256130807982
915000	-40.373803243044	-24.4403083254182	-15.9334949176258	0.0	0	1	1	1	0	1	0.6184148176457149	0.2541828608328787	0.93316188597206	0.093908473289905	1.513952515723046	0.9796390829176351	12.144822903630702	0.0	0.2541828608328787	0.93316188597206	0.093908473289905	0.0	0.9796390829176351
916000	-38.57537788200979	-24.192034674775687	-14.383343207234105	0.0	1	1	0	0	1	0	0.032490893439420285	0.1736626350667473	0.6819425470884463	2.1192853182853835	0.4218296301963525	1.2846418985976131	5.430006321262439	0.032490893439420285	0.1736626350667473	0.0	0.0	0.4218296301963525	0.0
917000	-45.531803682894946	-24.72907350183802	-20.802730181056923	0.0	1	0	0	1	1	1	0.5049053883840318	2.2489849723503594	5.057069495050615	1.2042394971420796	1.5436103411069575	0.04734292583100362	3.1926821394920246	0.5049053883840318	0.0	0.0	1.2042394971420796	1.5436103411069575	0.04734292583100362
918000	-43.12488730348763	-25.735999546466346	-17.388887757021287	0.0	1	1	0	1	1	0	0.5362809727895328	0.1628125736834691	2.1574806171875305	0.7003637086304197	1.232661958407412	0.001334540788924149	34.24556266407682	0.5362809727895328	0.1628125736834691	0.0	0.7003637086304197	1.232661958407412	0.0
919000	-38.28085892943709	-24.566828423552835	-13.714030505884253	0.0	1	1	1	0	1	0	0.16725197781101836	0.2065886750384296	0.397459436845509	0.8430996132781933	0.27108334714160665	0.47723606594963813	10.073052813467934	0.16725197781101836	0.2065886750384296	0.397459436845509	0.0	0.27108334714160665	0.0
920000	-45.766742864243525	-25.73218232083829	-20.03456054340523	0.0	1	0	0	1	1	0	1.193916261265105	0.3828010352128611	1.1475428672512549	4.419670577834906	1.5299161428557104	0.019096597423094337	28.29961979303575	1.193916261265105	0.0	0.0	4.419670577834906	1.5299161428557104	0.0
921000	-48.26054493669287	-24.89502561161706	-23.3655193250758	0.0	1	0	1	1	1	0	1.286258417515403	5.8152484603151855	2.68778587978997	1.004089917190168	1.6500212001131127	5.426514450634869E-4	6.574490760980623	1.286258417515403	0.0	2.68778587978997	1.004089917190168	1.6500212001131127	0.0
922000	-41.12201045807187	-25.212181782229372	-15.9098286758425	0.0	1	0	0	1	1	1	0.0358708532447899	1.8748892640052386	0.9970850083065955	0.5347676417326763	0.07722939385405617	0.16819635794021678	23.748625964062068	0.0358708532447899	0.0	0.0	0.5347676417326763	0.07722939385405617	0.16819635794021678
923000	-42.0181335795547	-25.70161613301766	-16.31651744653704	0.0	1	1	0	0	1	1	0.08998025646471794	1.1175393621279244	1.013762310326185	1.8575413798944194	1.4231922786259152	0.3348192316202131	4.234254161927268	0.08998025646471794	1.1175393621279244	0.0	0.0	1.4231922786259152	0.3348192316202131
924000	-46.61403959706671	-24.63936497108221	-21.974674625984502	0.0	1	0	0	1	1	0	0.7300879409955833	0.6449128336526929	5.934645608397172	2.46694598382208	1.2699303595744962	0.5234712727870873	11.268622639026175	0.7300879409955833	0.0	0.0	2.46694598382208	1.2699303595744962	0.0
925000	-36.63512092766815	-24.085968842972772	-12.549152084695375	0.0	1	1	0	0	1	0	0.08531365730919217	0.7819193690098625	0.04696004210929371	0.6334896915521296	1.2914231633561373	0.021505900164231793	5.5339689857028596	0.08531365730919217	0.7819193690098625	0.0	0.0	1.2914231633561373	0.0
926000	-41.73911112265387	-24.255204782827057	-17.48390633982681	0.0	1	1	0	1	1	1	0.6565569834411192	0.9593125501735891	0.1844089566935722	1.3210558602318714	2.3886116004701194	0.3288714413670837	3.139525094312656	0.6565569834411192	0.9593125501735891	0.0	1.3210558602318714	2.3886116004701194	0.3288714413670837
927000	-46.238901039500135	-24.64442308737041	-21.59447795212973	0.0	1	1	1	1	0	1	0.8281519993006827	0.7621448869635248	3.47036036957447	0.5124973619991193	0.9699994525555703	1.9932098021688056	12.792366330395286	0.8281519993006827	0.7621448869635248	3.47036036957447	0.5124973619991193	0.0	1.9932098021688056
928000	-43.04636549636575	-25.337543342015916	-17.708822154349832	0.0	0	1	1	0	0	1	0.9022547381182308	0.3343875293073743	0.7127154570958608	1.2725046740307513	0.3045088130638439	0.46558078229452016	245.453564610908	0.0	0.3343875293073743	0.7127154570958608	0.0	0.0	0.46558078229452016
929000	-47.710521426308574	-25.995509325991843	-21.715012100316727	0.0	0	1	1	1	0	1	2.69210446625693	0.6209278565326863	0.8296704350193252	1.1560723467991834	0.3323964858719173	2.0612942523734152	129.5625172032746	0.0	0.6209278565326863	0.8296704350193252	1.1560723467991834	0.0	2.0612942523734152
930000	-45.66576385753319	-26.353266165696446	-19.31249769183675	0.0	1	1	1	0	1	0	0.5386947442171538	0.5831307881324236	0.9676642925233088	1.6871288090078884	0.5899152148099833	0.04694143512599691	270.53541527607985	0.5386947442171538	0.5831307881324236	0.9676642925233088	0.0	0.5899152148099833	0.0
931000	-42.87202339946711	-25.29756832541457	-17.574455074052537	0.0	1	0	0	1	1	0	0.22301047496224574	0.14939390337509895	0.5548519196398213	1.033137649765975	0.7493182051531141	0.9285520708956619	291.8421316802449	0.22301047496224574	0.0	0.0	1.033137649765975	0.7493182051531141	0.0
932000	-46.525876512278515	-24.419713793506993	-22.10616271877152	0.0	1	1	1	1	1	1	0.2026975584359951	0.779248071750583	2.6769391198693997	1.2054948450257166	0.5968325579938779	2.2286535063848305	8.651748867704653	0.2026975584359951	0.779248071750583	2.6769391198693997	1.2054948450257166	0.5968325579938779	2.2286535063848305
933000	-38.178856469811095	-23.90269501512199	-14.276161454689102	0.0	1	1	1	0	1	0	0.27602612749171973	0.41602108696960866	0.42841108016341045	1.192007352809141	1.5784301336872009	0.41489997838885867	2.54738920665315	0.27602612749171973	0.41602108696960866	0.42841108016341045	0.0	1.5784301336872009	0.0
934000	-48.207868424071606	-26.21254563112855	-21.99532279294306	0.0	1	1	0	1	1	1	0.4313931294670173	1.6360664261012645	3.013268888174413	2.7291347086014692	1.68604832025804	0.7295528066089813	3.5556910155867714	0.4313931294670173	1.6360664261012645	0.0	2.7291347086014692	1.68604832025804	0.7295528066089813
935000	-45.85716825608114	-24.517102626314724	-21.340065629766414	0.0	1	1	0	1	1	0	0.5423370324734835	1.962776379424246	1.3495108546144723	2.3855386186832397	3.45658909587832	0.6362597141051569	7.157638409324551	0.5423370324734835	1.962776379424246	0.0	2.3855386186832397	3.45658909587832	0.0
936000	-46.293666032012794	-24.61750329277053	-21.676162739242265	0.0	1	1	0	1	1	0	0.9776785452816306	0.8238471779563684	1.2304550572147572	3.2539647290864253	3.361165304876812	2.195715399263981	2.221602474954179	0.9776785452816306	0.8238471779563684	0.0	3.2539647290864253	3.361165304876812	0.0
937000	-40.550605746784065	-24.86010208782833	-15.690503658955734	0.0	1	0	0	1	1	1	0.26347904122152277	0.7439556577459834	0.479442036658362	0.9607527968718316	0.6796739413828278	0.6458168234515638	17.618499028660665	0.26347904122152277	0.0	0.0	0.9607527968718316	0.6796739413828278	0.6458168234515638
938000	-41.54178931797878	-24.040953277048022	-17.500836040930757	0.0	1	1	1	0	1	0	0.42024584296026174	0.4013685925825483	1.0714594360678238	2.768424339350267	0.8435207761570224	0.5656407960760679	10.89156137758225	0.42024584296026174	0.4013685925825483	1.0714594360678238	0.0	0.8435207761570224	0.0
939000	-46.273370350364445	-24.740373188051873	-21.532997162312576	0.0	1	1	1	0	1	1	0.6756369918400704	0.9364747523855323	3.5378645821311427	1.1748770592660402	0.3771683053162813	1.1921718113211783	22.652040146342756	0.6756369918400704	0.9364747523855323	3.5378645821311427	0.0	0.3771683053162813	1.1921718113211783
940000	-41.4036127031587	-23.823161466940068	-17.580451236218636	0.0	1	1	0	1	1	1	0.33628909754446035	0.7960341707374865	0.7021428527677045	0.7116868666894489	2.499790435885467	0.1993268330616325	6.244780505704996	0.33628909754446035	0.7960341707374865	0.0	0.7116868666894489	2.499790435885467	0.1993268330616325
941000	-45.90288895899387	-28.085932153941016	-17.816956805052854	0.0	0	1	1	0	0	1	0.4870346495637769	0.237463284195629	1.093133211567199	1.3619601262154053	0.3755762652792518	2.2473870129034355	54.081867655266976	0.0	0.237463284195629	1.093133211567199	0.0	0.0	2.2473870129034355
942000	-53.99935218123621	-25.334342267990483	-28.66500991324573	0.0	1	1	1	0	1	0	1.2696307219628868	0.9133320388992183	4.63720561733205	1.6614444026770165	3.671754884687741	0.5272761623616946	585.1630569068279	1.2696307219628868	0.9133320388992183	4.63720561733205	0.0	3.671754884687741	0.0
943000	-41.114711081245275	-24.35968671461804	-16.75502436662724	0.0	0	1	0	0	1	1	0.15032932424568982	0.8530264354206148	2.6702968455745273	2.206727397254404	1.5014527501604107	0.4285846480787393	2.635646564461073	0.0	0.8530264354206148	0.0	0.0	1.5014527501604107	0.4285846480787393
944000	-42.92391921657698	-24.73126868698377	-18.1926505295932	0.0	0	1	1	0	1	1	0.4011939272637784	0.7007771568643242	1.0709553489095827	0.06476922636062349	0.7958409634269518	0.8664476396885381	164.03036636956242	0.0	0.7007771568643242	1.0709553489095827	0.0	0.7958409634269518	0.8664476396885381
945000	-40.170312121248934	-24.39169431479346	-15.77861780645547	0.0	0	1	0	0	1	1	1.0949442579304018	0.8821633357497862	1.8644378502520602	1.3339954467174302	1.1582943388038958	0.19965034114077174	3.5574071122273643	0.0	0.8821633357497862	0.0	0.0	1.1582943388038958	0.19965034114077174
946000	-37.823769385990644	-24.540486036582035	-13.28328334940861	0.0	1	0	0	1	1	0	0.1765088024382735	0.1775050726082069	0.900199632559263	0.7518428720800786	0.45734066127084166	1.018047126552059	6.1944668562057785	0.1765088024382735	0.0	0.0	0.7518428720800786	0.45734066127084166	0.0
947000	-42.173632225648475	-26.47921303869715	-15.694419186951322	0.0	1	1	1	0	1	1	0.4757873203649435	0.53645376413073	1.1119890218158524	0.8306144661493063	0.07219054983787991	0.5615929618423315	4.969914524445308	0.4757873203649435	0.53645376413073	1.1119890218158524	0.0	0.07219054983787991	0.5615929618423315
948000	-49.06674416446778	-25.033118120512132	-24.03362604395565	0.0	0	1	1	1	1	1	1.6533212143713594	0.7448636044942111	0.38567778535295155	1.3820606965433808	2.1420734190523887	1.6764369509442187	209.72397149911524	0.0	0.7448636044942111	0.38567778535295155	1.3820606965433808	2.1420734190523887	1.6764369509442187
949000	-44.69417304276399	-24.385036731829363	-20.309136310934626	0.0	0	1	0	1	1	1	1.035104409007361	0.7557143425415681	2.750834512923809	1.0730568820840243	1.538761854890638	0.7410573203984605	28.663226561526624	0.0	0.7557143425415681	0.0	1.0730568820840243	1.538761854890638	0.7410573203984605
950000	-36.02458270205498	-24.87443210169981	-11.150150600355166	0.0	1	0	0	1	1	0	0.19841990448445884	0.5410401883276036	0.034894328601960685	0.35455042001985543	0.2613961473270219	0.044523570183658066	5.683505363132482	0.19841990448445884	0.0	0.0	0.35455042001985543	0.2613961473270219	0.0
951000	-43.08804618025694	-25.02514470682347	-18.06290147343347	0.0	1	1	1	0	1	1	0.2700131226238054	0.7633459378155096	1.8121931933233468	0.06061871049468976	0.3670221278924845	2.630618247621485	5.2408506219423385	0.2700131226238054	0.7633459378155096	1.8121931933233468	0.0	0.3670221278924845	2.630618247621485
952000	-41.00077908182716	-24.255253070594936	-16.745526011232222	0.0	0	1	1	0	0	1	1.8390604580511674	0.4296683571507297	1.1366544707548827	1.658206225299367	0.46462363078598345	0.7837691196436709	11.595154116312086	0.0	0.4296683571507297	1.1366544707548827	0.0	0.0	0.7837691196436709
953000	-40.23416665165526	-24.12243549679418	-16.111731154861083	0.0	0	1	1	0	0	1	0.14895875951692153	0.62350465467192	1.634631026364379	0.04001518791692317	1.8362800876617575	1.3658147285731532	11.932450255286795	0.0	0.62350465467192	1.634631026364379	0.0	0.0	1.3658147285731532
954000	-41.46819498437233	-27.65628943531294	-13.811905549059396	0.0	1	1	1	0	1	1	0.07290616981579227	0.11194924993893375	0.9859004095567881	1.066477747595851	0.20708492031674725	0.04091297052361747	2.284606317221517	0.07290616981579227	0.11194924993893375	0.9859004095567881	0.0	0.20708492031674725	0.04091297052361747
955000	-36.42713985370458	-24.386574671677725	-12.040565182026855	0.0	1	0	0	1	1	0	0.25735410849527607	0.5813278353187824	0.03696731456706338	0.7382883463998335	0.6191061699917022	0.502433833130843	3.7766140998511313	0.25735410849527607	0.0	0.0	0.7382883463998335	0.6191061699917022	0.0
956000	-41.25417458311813	-24.018464778786456	-17.23570980433167	0.0	1	1	0	1	1	0	0.589732290952042	0.6931483053399028	0.32204864040418635	2.3629415603304498	2.684892867832369	0.19621002551740227	3.8595197404513084	0.589732290952042	0.6931483053399028	0.0	2.3629415603304498	2.684892867832369	0.0
957000	-39.668292325526785	-24.04569849417678	-15.622593831350006	0.0	0	1	0	0	1	1	1.744632088800806	0.161317969326631	0.29069491157004723	0.32421670206836595	0.43712177294297355	0.0023319907680489555	98.90462540324457	0.0	0.161317969326631	0.0	0.0	0.43712177294297355	0.0023319907680489555
958000	-36.54706477843963	-24.58873951871786	-11.958325259721775	0.0	0	1	0	0	1	1	0.8276358410528363	0.15732099690163134	0.47353824125476657	0.6704839600831645	0.4227231276875828	0.04561507279674095	3.9931784132392276	0.0	0.15732099690163134	0.0	0.0	0.4227231276875828	0.04561507279674095
959000	-37.624374938754194	-24.758548072194703	-12.865826866559491	0.0	1	0	0	1	1	0	0.28780216265663927	0.3358479653862161	0.31954469178412626	0.6726197792803248	0.541650940873819	1.654305772087752	2.9399191969302025	0.28780216265663927	0.0	0.0	0.6726197792803248	0.541650940873819	0.0
960000	-40.97391319980821	-24.400552786342683	-16.57336041346553	0.0	0	1	1	1	0	1	0.398064894666905	0.4051271691867628	1.1054597953678214	0.5953412629786157	0.12340577117785788	1.6443317819820207	25.674952874342747	0.0	0.4051271691867628	1.1054597953678214	0.5953412629786157	0.0	1.6443317819820207
961000	-43.02037955527685	-28.197880431604684	-14.822499123672163	0.0	0	1	1	0	0	1	0.6630473747042801	0.16291335808112398	0.16672808685676777	1.051427919624051	2.636565091108289	1.060025386633443	3.0224374616552967	0.0	0.16291335808112398	0.16672808685676777	0.0	0.0	1.060025386633443
962000	-40.23784223945171	-24.837080011911297	-15.400762227540415	0.0	1	1	0	0	1	0	0.22281807582684124	0.7131852426514345	2.0832806101890204	1.447489769968277	1.384251038428184	0.2744021447671143	3.6662024778119786	0.22281807582684124	0.7131852426514345	0.0	0.0	1.384251038428184	0.0
963000	-41.43935947634117	-26.000694302380463	-15.4386651739607	0.0	1	1	0	0	1	0	0.27623165227671637	1.5801937729210702	0.5810699290265161	0.199626854638285	1.5829312936414288	1.6706787945847226	4.810884490057989	0.27623165227671637	1.5801937729210702	0.0	0.0	1.5829312936414288	0.0
964000	-44.99720174600719	-27.89974855252158	-17.097453193485617	0.0	1	1	1	0	0	1	0.03304739621387736	0.6276062520566783	0.6513140262969586	0.46689128964018933	0.380638163497114	1.9800312090857073	48.41017463053003	0.03304739621387736	0.6276062520566783	0.6513140262969586	0.0	0.0	1.9800312090857073
965000	-42.84079373224561	-24.739423532088836	-18.101370200156772	0.0	0	1	0	1	1	1	0.45561586330014625	0.6265212775159319	1.293477888960447	0.9425481893156284	1.116269327954996	0.6956358288726274	49.03222318249118	0.0	0.6265212775159319	0.0	0.9425481893156284	1.116269327954996	0.6956358288726274
966000	-41.01061280516933	-25.413096962424422	-15.597515842744908	0.0	1	0	1	1	1	1	0.18617070740617964	0.8943970388257182	0.10805889920649962	1.297558675068243	0.37651223097218	0.26286714298118563	7.154506479178626	0.18617070740617964	0.0	0.10805889920649962	1.297558675068243	0.37651223097218	0.26286714298118563
967000	-49.154743155949134	-25.185104018573323	-23.969639137375808	0.0	1	1	0	1	1	1	1.0438548732790607	0.13985324762957652	2.2419763652729334	2.729780959936936	2.0035717855706334	0.818372049529152	82.6773362078037	1.0438548732790607	0.13985324762957652	0.0	2.729780959936936	2.0035717855706334	0.818372049529152
968000	-43.595948723969386	-24.883960095648966	-18.711988628320416	0.0	1	0	0	1	1	1	0.18165741383146428	0.41767802413520716	0.6489818475256677	1.0928691908736519	0.36661310690350557	0.28070976769012423	493.8219812480362	0.18165741383146428	0.0	0.0	1.0928691908736519	0.36661310690350557	0.28070976769012423
969000	-47.312378782790155	-25.96335454726821	-21.349024235521945	0.0	1	0	0	1	1	0	0.9279919603013513	0.6507517140429864	2.191505220673855	1.2427106162947275	2.144988333118948	0.5091070610873573	238.6469850287603	0.9279919603013513	0.0	0.0	1.2427106162947275	2.144988333118948	0.0
970000	-42.373802337992714	-28.900480271318052	-13.473322066674664	0.0	1	1	0	1	1	0	0.4713114189300161	1.198218181368398	1.2378107288566063	0.765882521133036	1.3715739137033658	0.18190998567238692	0.45461153800442056	0.4713114189300161	1.198218181368398	0.0	0.765882521133036	1.3715739137033658	0.0
971000	-49.737521056752485	-25.18137523857153	-24.55614581818096	0.0	1	1	1	1	1	1	2.3065669185295663	1.6789073503946246	2.4388757753121273	0.4442968051369904	3.6432212256298993	1.0463422472981059	2.105457915991587	2.3065669185295663	1.6789073503946246	2.4388757753121273	0.4442968051369904	3.6432212256298993	1.0463422472981059
972000	-38.33139714868274	-24.63738410498382	-13.694013043698924	0.0	0	1	1	0	1	1	0.365323496497974	0.3548269945437801	0.709352887310929	0.23902249976486165	0.06601403817951947	1.2403279610145086	5.375048004698206	0.0	0.3548269945437801	0.709352887310929	0.0	0.06601403817951947	1.2403279610145086
973000	-48.39028222471737	-25.450385149013396	-22.939897075703968	0.0	0	1	1	0	0	1	1.677282600138609	0.3636572756565081	1.8834596429428885	0.0683227334256023	1.36754075074775	0.7889602735699238	1506.581212109391	0.0	0.3636572756565081	1.8834596429428885	0.0	0.0	0.7889602735699238
974000	-39.981011571224386	-24.633674314670984	-15.347337256553399	0.0	0	1	1	0	1	1	0.6391609706903388	0.38535512456321847	0.7565272373678918	2.1859757099534476	0.42328528528128245	0.7814819102334458	3.126393563845057	0.0	0.38535512456321847	0.7565272373678918	0.0	0.42328528528128245	0.7814819102334458
975000	-45.29960501083926	-25.30118364005275	-19.998421370786506	0.0	1	0	0	1	1	0	0.4222003819933218	0.8886526675622842	2.0055821264395193	1.265541997829582	1.7387911661194932	1.862981870584819	44.6993880583333	0.4222003819933218	0.0	0.0	1.265541997829582	1.7387911661194932	0.0
976000	-39.52925583107118	-24.57423559863854	-14.95502023243264	0.0	0	1	1	1	0	1	0.7987043542840045	0.15613133291417727	0.5602078624392114	0.17163021320459224	0.47264645841842545	0.6498529294853921	22.047698296410474	0.0	0.15613133291417727	0.5602078624392114	0.17163021320459224	0.0	0.6498529294853921
977000	-39.48475603156172	-24.887027705018603	-14.59772832654312	0.0	1	1	0	1	1	0	0.3649003631925052	0.21161252498787872	1.7072524627554075	0.7439900024511229	0.7361563477455255	0.9579465067781323	2.3180085598927125	0.3649003631925052	0.21161252498787872	0.0	0.7439900024511229	0.7361563477455255	0.0
978000	-49.75352422325909	-25.00830421033284	-24.745220012926247	0.0	1	0	0	1	1	1	0.4818809642096956	1.7296252939292156	0.686371402478832	2.1701387653635122	1.5425484256464443	1.2315156588181908	984.3577316466165	0.4818809642096956	0.0	0.0	2.1701387653635122	1.5425484256464443	1.2315156588181908
979000	-39.587777651861416	-23.86417066128432	-15.723606990577093	0.0	1	1	0	0	1	0	0.14864057692321322	1.2228129987277636	0.5260333376887347	0.16242700738794583	2.5370504521048667	1.3959988350597765	5.770818113902036	0.14864057692321322	1.2228129987277636	0.0	0.0	2.5370504521048667	0.0
980000	-49.5010471314944	-25.278098369999217	-24.222948761495182	0.0	1	1	1	0	1	1	0.7339248390178108	0.922192999909606	2.537554891119728	0.9223987791710506	0.3292699542685577	1.165338263030151	647.1466807855834	0.7339248390178108	0.922192999909606	2.537554891119728	0.0	0.3292699542685577	1.165338263030151
981000	-40.090753517046636	-25.217094815904936	-14.873658701141702	0.0	0	1	1	0	1	1	0.13989063394450713	0.4180237031902299	1.5859988002729284	0.7031286853876222	0.6237956996563402	0.6489576641686888	5.564078522598229	0.0	0.4180237031902299	1.5859988002729284	0.0	0.6237956996563402	0.6489576641686888
982000	-54.7633406350474	-25.634157424257054	-29.129183210790348	0.0	0	1	1	1	0	1	1.1900697425324924	0.771999846039806	2.031548069217299	2.663049902702452	1.0796609151815275	2.2482581097070593	2354.5650560741224	0.0	0.771999846039806	2.031548069217299	2.663049902702452	0.0	2.2482581097070593
983000	-48.75293885961318	-25.633365506223495	-23.119573353389683	0.0	1	0	1	1	1	0	1.4960675662687495	0.1939484173523589	0.9581670728598831	3.454013605664524	1.5203870971496962	0.6392745843546961	261.84513623777184	1.4960675662687495	0.0	0.9581670728598831	3.454013605664524	1.5203870971496962	0.0
984000	-45.98365162398103	-28.32486608994637	-17.658785534034664	0.0	1	0	0	1	1	0	0.1584777678916006	0.6876987371010428	1.0420866539740596	1.9943200322561776	0.7476804820871799	1.0841026433680085	50.59902002859282	0.1584777678916006	0.0	0.0	1.9943200322561776	0.7476804820871799	0.0
985000	-42.91593829829368	-26.202911053477877	-16.713027244815805	0.0	1	1	1	1	1	1	0.11743155746307334	0.3742470643996622	0.9906909571771801	0.8775085054730473	0.541563186482023	0.2545637297734936	3.67886541259395	0.11743155746307334	0.3742470643996622	0.9906909571771801	0.8775085054730473	0.541563186482023	0.2545637297734936
986000	-39.040120184000784	-25.238314872924835	-13.801805311075947	0.0	0	1	1	0	0	1	0.6042357139253489	0.06698061389750093	0.14650751342928767	1.0074647320558525	0.581251566061812	0.25825212273868364	23.17942356701295	0.0	0.06698061389750093	0.14650751342928767	0.0	0.0	0.25825212273868364
987000	-43.79694765871824	-24.126466311834424	-19.670481346883818	0.0	0	1	0	1	1	1	0.8697635915291025	1.298199636676816	0.5387452413167116	1.259254496918423	3.203405794664133	1.739304029276714	5.608258019365014	0.0	1.298199636676816	0.0	1.259254496918423	3.203405794664133	1.739304029276714
988000	-47.97098578002579	-25.659010769740327	-22.311975010285465	0.0	1	1	0	0	1	0	0.042154753251223184	1.4952410092303443	1.108677136984469	0.10643269326820973	3.2284069437263523	4.425597791369501	48.753921076617836	0.042154753251223184	1.4952410092303443	0.0	0.0	3.2284069437263523	0.0
989000	-39.095009989106885	-25.411055384206833	-13.683954604900048	0.0	0	1	1	0	0	1	0.03322501946263486	0.23755848769075358	0.638452331599144	0.7320547097656321	0.3734229642649512	0.29631918476266517	29.17488992885805	0.0	0.23755848769075358	0.638452331599144	0.0	0.0	0.29631918476266517
990000	-42.501795729119685	-24.492574734852095	-18.00922099426759	0.0	0	1	1	0	1	1	0.1692524315030853	1.2767293477803678	1.2572803596541522	0.7213107924634627	1.5626758285666043	0.848488890040664	22.65242267515182	0.0	1.2767293477803678	1.2572803596541522	0.0	1.5626758285666043	0.848488890040664
991000	-43.72238339646663	-24.709901315330086	-19.012482081136547	0.0	0	1	0	1	1	1	1.8086036591266885	0.8079858367236695	0.9658427401029362	0.3174005420147638	1.4801318333433893	0.24778816036155954	72.44872584240706	0.0	0.8079858367236695	0.0	0.3174005420147638	1.4801318333433893	0.24778816036155954
992000	-48.91346142433497	-25.5989950995171	-23.314466324817865	0.0	1	1	1	1	1	1	1.6526843715105395	0.5843563579978726	2.058875127599249	1.1744988145990494	1.1678763447147489	1.3450629740740356	21.34435237554759	1.6526843715105395	0.5843563579978726	2.058875127599249	1.1744988145990494	1.1678763447147489	1.3450629740740356
993000	-40.54770212972442	-24.461878221830045	-16.085823907894376	0.0	0	1	0	1	1	1	0.03603180170461046	0.6087034155482822	0.07385450600913981	1.6899046478373334	1.0892771197190865	0.8055750056077953	15.426740390963296	0.0	0.6087034155482822	0.0	1.6899046478373334	1.0892771197190865	0.8055750056077953
994000	-46.48592886413665	-25.870874682202523	-20.615054181934127	0.0	0	1	1	1	1	1	1.1859274687737404	1.3322109444065093	1.5665689536159109	0.48307885696551517	0.045659235858555886	4.043953699735949	4.287916530472019	0.0	1.3322109444065093	1.5665689536159109	0.48307885696551517	0.045659235858555886	4.043953699735949
995000	-39.49019238494036	-25.122527606552236	-14.36766477838812	0.0	1	0	0	1	1	0	0.528949614083372	0.06242643988480375	0.5150200840556123	0.928606039360877	1.605923305354222	0.15651551924357543	13.272904166845585	0.528949614083372	0.0	0.0	0.928606039360877	1.605923305354222	0.0
996000	-37.72199280965491	-24.07454076797494	-13.647452041679962	0.0	0	1	0	0	1	1	0.3553761934216379	0.5816291644321944	0.09093781842812411	0.6932796792881489	1.733544136327823	0.23195497929411416	7.254668024594032	0.0	0.5816291644321944	0.0	0.0	1.733544136327823	0.23195497929411416
997000	-39.28251332526909	-24.619663202419897	-14.662850122849196	0.0	1	1	1	0	1	0	0.436039125880595	0.4267574014960603	0.641204778349018	0.7106751085221465	0.9351534703529659	0.10457854076280705	10.659634660623878	0.436039125880595	0.4267574014960603	0.641204778349018	0.0	0.9351534703529659	0.0
998000	-41.36967904294555	-27.158384786634503	-14.211294256311042	0.0	0	1	1	0	0	1	0.16311776921205765	1.3303852510788856	1.0835417119869906	0.425726143224918	0.4341719620492393	1.4975167064205346	3.6716889285020966	0.0	1.3303852510788856	1.0835417119869906	0.0	0.0	1.4975167064205346
999000	-46.12957131268867	-27.45847914490644	-18.671092167782227	0.0	1	1	1	1	1	0	0.5950142086530275	1.2366413151329445	0.8010756063369013	0.48231427492561496	0.8807420044894392	2.420347933927831	5.765668627886564	0.5950142086530275	1.2366413151329445	0.8010756063369013	0.48231427492561496	0.8807420044894392	0.0
1000000	-43.12666643812254	-23.878369263612537	-19.248297174510007	0.0	1	1	0	1	1	0	0.5121216367557816	2.2379913742646744	1.1195849349281772	0.61725450756453	4.038676352707516	0.38201512711710006	3.6861674255053045	0.5121216367557816	2.2379913742646744	0.0	0.61725450756453	4.038676352707516	0.0
