#
#model:
#
#<?xml version="1.0" encoding="UTF-8" standalone="no"?><input id="posterior" spec="beast.base.inference.CompoundDistribution">
#    <distribution id="prior" spec="beast.base.inference.CompoundDistribution">
#        <distribution contemp="true" id="birthDeathSamplingModel" spec="bdsky.evolution.speciation.BirthDeathSkylineModel">
#            <parameter id="origin" name="origin" spec="beast.base.inference.parameter.RealParameter" upper="420.0001">420.001</parameter>
#            <parameter id="RealParameter" lower="0.0" name="birthRate" spec="beast.base.inference.parameter.RealParameter" upper="0.0">0.6</parameter>
#            <parameter id="RealParameter1" lower="0.0" name="deathRate" spec="beast.base.inference.parameter.RealParameter" upper="0.0">0.01</parameter>
#            <parameter id="RealParameter2" lower="0.0" name="samplingRate" spec="beast.base.inference.parameter.RealParameter" upper="0.0">0.0</parameter>
#            <parameter id="RealParameter3" lower="0.0" name="rho" spec="beast.base.inference.parameter.RealParameter" upper="0.0">1.0</parameter>
#            <tree IsLabelledNewick="true" id="tree" newick="((ASV171:154.4626526845564,((ASV071:140.6146834354222,(ASV126:133.69069501926472,(ASV145:126.76669739226352,(ASV002_0:6.923979756934053,ASV002_1:6.923979756934053,ASV002_3:6.923979756934053,ASV002_2:6.923979756934053):119.84271763532946):6.923997627001205):6.923988416157467):6.923985419883616,(ASV011_0:6.923979239890297,ASV011_1:6.923979239890297,ASV011_3:6.923979239890297,ASV011_2:6.923979239890297):140.61468961541553):6.923983829250555):126.07697419082876,((ASV125:118.10005330560426,(ASV175:111.1760624086905,ASV076:111.1760624086905):6.923990896913768):155.51558452766255,((ASV119:90.89942569574707,(ASV008_0:6.923979755800357,ASV008_1:6.923979755800357,ASV008_3:6.923979755800357,ASV008_2:6.923979755800357):83.97544593994671):175.79222390984975,((ASV118:186.15399047186608,(ASV133:179.23000920884323,ASV170:179.23000920884323):6.923981263022852):73.61367310184252,(ASV020:252.62485926958686,((((ASV041:224.92890580284973,(((ASV051:204.15695284955663,(ASV052:197.23297118967113,(ASV055:190.30898999923465,(((ASV070:169.53705664174217,(ASV075:162.61307621839507,(ASV088:155.68909584712844,(ASV093:148.7651154704039,(ASV094:141.8411350275797,(ASV120:134.9171544423871,(ASV124:127.99317360669562,(ASV149:121.06919234609502,(ASV150:114.145210331848,(ASV159:107.22122678911198,((ASV050_0:6.923979972093711,ASV050_1:6.923979972093711):93.373258972172,(ASV005_0:6.923979494403629,ASV005_1:6.923979494403629,ASV005_3:6.923979494403629,ASV005_2:6.923979494403629):93.37325944986209):6.923987844846267):6.923983542736038):6.923982014247003):6.923981260600603):6.923980835691495):6.923980585192569):6.923980442824226):6.923980376724546):6.923980371266612):6.923980423347114):6.92398048284529,(ASV061_0:6.92398108379934,ASV061_1:6.92398108379934):169.53705604078814):6.923980622325208,(ASV056_0:6.923981150492572,ASV056_1:6.923981150492572):176.46103549402147):6.923980815072276):6.923981190436501):6.923981659885491):6.9239823258838715,(ASV049_0:6.923981447424672,ASV049_1:6.923981447424672):204.15695372801585):6.923983382319638,(ASV046_0:6.923979972839342,ASV046_2:6.923979972839342,ASV046_1:6.923979972839342):211.08093609112476):6.923985181272909):6.923982284945711,(ASV037_0:6.923979294301163,ASV037_1:6.923979294301163,ASV037_3:6.923979294301163,ASV037_2:6.923979294301163):224.92890879349426):6.923983709886329,(ASV028_0:6.923981688647552,ASV028_1:6.923981688647552):231.85288699148666):6.9239865050870995,(ASV021_0:6.923979313793535,ASV021_1:6.923979313793535,ASV021_3:6.923979313793535,ASV021_2:6.923979313793535):238.77687568739339):6.9239945075443154):7.142804304121761):6.923984718554773):6.923985849877414):6.923986719748662):139.46037312461485" spec="beam.tree.BeamStartingTreeFromNewick">
#                <taxa fileName="/grid/siepel/home_norepl/staklins/bayesian_phylogenetic_metastasis/results/serio_prostate_cancer_data_11_18_24_asv_cutoff_50/beam/MMUS1467/CP01/CP01.fasta" id="alignment" spec="feast.fileio.AlignmentFromFasta">
#                    <sequence id="Sequence" spec="beast.base.evolution.alignment.Sequence" taxon="ASV020" totalcount="39" value="5,0,0,0,0,2,0,0,0,0"/>
#                    <sequence id="Sequence1" spec="beast.base.evolution.alignment.Sequence" taxon="ASV041" totalcount="39" value="9,38,0,0,0,2,0,0,0,0"/>
#                    <sequence id="Sequence2" spec="beast.base.evolution.alignment.Sequence" taxon="ASV051" totalcount="39" value="12,0,0,0,0,2,0,0,0,0"/>
#                    <sequence id="Sequence3" spec="beast.base.evolution.alignment.Sequence" taxon="ASV052" totalcount="39" value="13,0,0,0,0,2,0,0,0,0"/>
#                    <sequence id="Sequence4" spec="beast.base.evolution.alignment.Sequence" taxon="ASV055" totalcount="39" value="14,0,0,0,0,2,0,0,0,0"/>
#                    <sequence id="Sequence5" spec="beast.base.evolution.alignment.Sequence" taxon="ASV070" totalcount="39" value="17,0,0,0,0,2,0,0,0,0"/>
#                    <sequence id="Sequence6" spec="beast.base.evolution.alignment.Sequence" taxon="ASV071" totalcount="39" value="1,0,0,0,0,2,18,0,0,0"/>
#                    <sequence id="Sequence7" spec="beast.base.evolution.alignment.Sequence" taxon="ASV075" totalcount="39" value="19,0,0,0,0,2,0,0,0,0"/>
#                    <sequence id="Sequence8" spec="beast.base.evolution.alignment.Sequence" taxon="ASV076" totalcount="39" value="20,0,0,0,0,2,0,0,0,0"/>
#                    <sequence id="Sequence9" spec="beast.base.evolution.alignment.Sequence" taxon="ASV088" totalcount="39" value="21,0,0,0,0,2,0,0,0,0"/>
#                    <sequence id="Sequence10" spec="beast.base.evolution.alignment.Sequence" taxon="ASV093" totalcount="39" value="22,0,0,0,0,2,0,0,0,0"/>
#                    <sequence id="Sequence11" spec="beast.base.evolution.alignment.Sequence" taxon="ASV094" totalcount="39" value="23,0,0,0,0,2,0,0,0,0"/>
#                    <sequence id="Sequence12" spec="beast.base.evolution.alignment.Sequence" taxon="ASV118" totalcount="39" value="24,25,0,0,0,2,0,0,0,0"/>
#                    <sequence id="Sequence13" spec="beast.base.evolution.alignment.Sequence" taxon="ASV119" totalcount="39" value="3,0,0,0,0,2,4,0,0,0"/>
#                    <sequence id="Sequence14" spec="beast.base.evolution.alignment.Sequence" taxon="ASV120" totalcount="39" value="26,0,0,0,0,2,0,0,0,0"/>
#                    <sequence id="Sequence15" spec="beast.base.evolution.alignment.Sequence" taxon="ASV124" totalcount="39" value="27,0,0,0,0,2,0,0,0,0"/>
#                    <sequence id="Sequence16" spec="beast.base.evolution.alignment.Sequence" taxon="ASV125" totalcount="39" value="20,28,0,0,0,2,0,0,0,0"/>
#                    <sequence id="Sequence17" spec="beast.base.evolution.alignment.Sequence" taxon="ASV126" totalcount="39" value="1,0,0,0,0,2,29,0,0,0"/>
#                    <sequence id="Sequence18" spec="beast.base.evolution.alignment.Sequence" taxon="ASV133" totalcount="39" value="30,38,0,0,0,2,0,0,0,0"/>
#                    <sequence id="Sequence19" spec="beast.base.evolution.alignment.Sequence" taxon="ASV145" totalcount="39" value="1,0,0,0,0,2,31,0,0,0"/>
#                    <sequence id="Sequence20" spec="beast.base.evolution.alignment.Sequence" taxon="ASV149" totalcount="39" value="32,0,0,0,0,2,0,0,0,0"/>
#                    <sequence id="Sequence21" spec="beast.base.evolution.alignment.Sequence" taxon="ASV150" totalcount="39" value="33,0,0,0,0,2,0,0,0,0"/>
#                    <sequence id="Sequence22" spec="beast.base.evolution.alignment.Sequence" taxon="ASV159" totalcount="39" value="34,0,0,0,0,2,0,0,0,0"/>
#                    <sequence id="Sequence23" spec="beast.base.evolution.alignment.Sequence" taxon="ASV170" totalcount="39" value="35,25,0,0,0,2,0,0,0,0"/>
#                    <sequence id="Sequence24" spec="beast.base.evolution.alignment.Sequence" taxon="ASV171" totalcount="39" value="1,0,36,0,0,2,0,0,0,0"/>
#                    <sequence id="Sequence25" spec="beast.base.evolution.alignment.Sequence" taxon="ASV175" totalcount="39" value="20,37,0,0,0,2,0,0,0,0"/>
#                    <sequence id="Sequence26" spec="beast.base.evolution.alignment.Sequence" taxon="ASV002_0" totalcount="39" value="1,0,0,0,0,2,0,0,0,0"/>
#                    <sequence id="Sequence27" spec="beast.base.evolution.alignment.Sequence" taxon="ASV002_1" totalcount="39" value="1,0,0,0,0,2,0,0,0,0"/>
#                    <sequence id="Sequence28" spec="beast.base.evolution.alignment.Sequence" taxon="ASV002_2" totalcount="39" value="1,0,0,0,0,2,0,0,0,0"/>
#                    <sequence id="Sequence29" spec="beast.base.evolution.alignment.Sequence" taxon="ASV002_3" totalcount="39" value="1,0,0,0,0,2,0,0,0,0"/>
#                    <sequence id="Sequence30" spec="beast.base.evolution.alignment.Sequence" taxon="ASV005_0" totalcount="39" value="0,0,0,0,0,2,0,0,0,0"/>
#                    <sequence id="Sequence31" spec="beast.base.evolution.alignment.Sequence" taxon="ASV005_1" totalcount="39" value="0,0,0,0,0,2,0,0,0,0"/>
#                    <sequence id="Sequence32" spec="beast.base.evolution.alignment.Sequence" taxon="ASV005_2" totalcount="39" value="0,0,0,0,0,2,0,0,0,0"/>
#                    <sequence id="Sequence33" spec="beast.base.evolution.alignment.Sequence" taxon="ASV005_3" totalcount="39" value="0,0,0,0,0,2,0,0,0,0"/>
#                    <sequence id="Sequence34" spec="beast.base.evolution.alignment.Sequence" taxon="ASV008_0" totalcount="39" value="3,0,0,0,0,2,0,0,0,0"/>
#                    <sequence id="Sequence35" spec="beast.base.evolution.alignment.Sequence" taxon="ASV008_1" totalcount="39" value="3,0,0,0,0,2,0,0,0,0"/>
#                    <sequence id="Sequence36" spec="beast.base.evolution.alignment.Sequence" taxon="ASV008_2" totalcount="39" value="3,0,0,0,0,2,0,0,0,0"/>
#                    <sequence id="Sequence37" spec="beast.base.evolution.alignment.Sequence" taxon="ASV008_3" totalcount="39" value="3,0,0,0,0,2,0,0,0,0"/>
#                    <sequence id="Sequence38" spec="beast.base.evolution.alignment.Sequence" taxon="ASV011_0" totalcount="39" value="1,0,0,0,0,2,4,0,0,0"/>
#                    <sequence id="Sequence39" spec="beast.base.evolution.alignment.Sequence" taxon="ASV011_1" totalcount="39" value="1,0,0,0,0,2,4,0,0,0"/>
#                    <sequence id="Sequence40" spec="beast.base.evolution.alignment.Sequence" taxon="ASV011_2" totalcount="39" value="1,0,0,0,0,2,4,0,0,0"/>
#                    <sequence id="Sequence41" spec="beast.base.evolution.alignment.Sequence" taxon="ASV011_3" totalcount="39" value="1,0,0,0,0,2,4,0,0,0"/>
#                    <sequence id="Sequence42" spec="beast.base.evolution.alignment.Sequence" taxon="ASV021_0" totalcount="39" value="6,0,0,0,0,2,0,0,0,0"/>
#                    <sequence id="Sequence43" spec="beast.base.evolution.alignment.Sequence" taxon="ASV021_1" totalcount="39" value="6,0,0,0,0,2,0,0,0,0"/>
#                    <sequence id="Sequence44" spec="beast.base.evolution.alignment.Sequence" taxon="ASV021_2" totalcount="39" value="6,0,0,0,0,2,0,0,0,0"/>
#                    <sequence id="Sequence45" spec="beast.base.evolution.alignment.Sequence" taxon="ASV021_3" totalcount="39" value="6,0,0,0,0,2,0,0,0,0"/>
#                    <sequence id="Sequence46" spec="beast.base.evolution.alignment.Sequence" taxon="ASV028_0" totalcount="39" value="7,0,0,0,0,2,0,0,0,0"/>
#                    <sequence id="Sequence47" spec="beast.base.evolution.alignment.Sequence" taxon="ASV028_1" totalcount="39" value="7,0,0,0,0,2,0,0,0,0"/>
#                    <sequence id="Sequence48" spec="beast.base.evolution.alignment.Sequence" taxon="ASV037_0" totalcount="39" value="8,0,0,0,0,2,0,0,0,0"/>
#                    <sequence id="Sequence49" spec="beast.base.evolution.alignment.Sequence" taxon="ASV037_1" totalcount="39" value="8,0,0,0,0,2,0,0,0,0"/>
#                    <sequence id="Sequence50" spec="beast.base.evolution.alignment.Sequence" taxon="ASV037_2" totalcount="39" value="8,0,0,0,0,2,0,0,0,0"/>
#                    <sequence id="Sequence51" spec="beast.base.evolution.alignment.Sequence" taxon="ASV037_3" totalcount="39" value="8,0,0,0,0,2,0,0,0,0"/>
#                    <sequence id="Sequence52" spec="beast.base.evolution.alignment.Sequence" taxon="ASV046_0" totalcount="39" value="10,0,0,0,0,2,0,0,0,0"/>
#                    <sequence id="Sequence53" spec="beast.base.evolution.alignment.Sequence" taxon="ASV046_1" totalcount="39" value="10,0,0,0,0,2,0,0,0,0"/>
#                    <sequence id="Sequence54" spec="beast.base.evolution.alignment.Sequence" taxon="ASV046_2" totalcount="39" value="10,0,0,0,0,2,0,0,0,0"/>
#                    <sequence id="Sequence55" spec="beast.base.evolution.alignment.Sequence" taxon="ASV049_0" totalcount="39" value="11,0,0,0,0,2,0,0,0,0"/>
#                    <sequence id="Sequence56" spec="beast.base.evolution.alignment.Sequence" taxon="ASV049_1" totalcount="39" value="11,0,0,0,0,2,0,0,0,0"/>
#                    <sequence id="Sequence57" spec="beast.base.evolution.alignment.Sequence" taxon="ASV050_0" totalcount="39" value="0,0,0,0,0,2,4,0,0,0"/>
#                    <sequence id="Sequence58" spec="beast.base.evolution.alignment.Sequence" taxon="ASV050_1" totalcount="39" value="0,0,0,0,0,2,4,0,0,0"/>
#                    <sequence id="Sequence59" spec="beast.base.evolution.alignment.Sequence" taxon="ASV056_0" totalcount="39" value="15,0,0,0,0,2,0,0,0,0"/>
#                    <sequence id="Sequence60" spec="beast.base.evolution.alignment.Sequence" taxon="ASV056_1" totalcount="39" value="15,0,0,0,0,2,0,0,0,0"/>
#                    <sequence id="Sequence61" spec="beast.base.evolution.alignment.Sequence" taxon="ASV061_0" totalcount="39" value="16,0,0,0,0,2,0,0,0,0"/>
#                    <sequence id="Sequence62" spec="beast.base.evolution.alignment.Sequence" taxon="ASV061_1" totalcount="39" value="16,0,0,0,0,2,0,0,0,0"/>
#                    <userDataType id="EditData" nrOfStates="39" spec="tidetree.evolution.datatype.EditData"/>
#                </taxa>
#                <trait fileName="/grid/siepel/home_norepl/staklins/bayesian_phylogenetic_metastasis/results/serio_prostate_cancer_data_11_18_24_asv_cutoff_50/beam/MMUS1467/CP01/CP01_date_traits.csv" id="dateTrait" sep="," spec="feast.fileio.TraitSetFromXSV" traitname="date-forward" value="ASV020=420,ASV041=420,ASV051=420,ASV052=420,ASV055=420,ASV070=420,ASV071=420,ASV075=420,ASV076=420,ASV088=420,ASV093=420,ASV094=420,ASV118=420,ASV119=420,ASV120=420,ASV124=420,ASV125=420,ASV126=420,ASV133=420,ASV145=420,ASV149=420,ASV150=420,ASV159=420,ASV170=420,ASV171=420,ASV175=420,ASV002_0=420,ASV002_1=420,ASV002_2=420,ASV002_3=420,ASV005_0=420,ASV005_1=420,ASV005_2=420,ASV005_3=420,ASV008_0=420,ASV008_1=420,ASV008_2=420,ASV008_3=420,ASV011_0=420,ASV011_1=420,ASV011_2=420,ASV011_3=420,ASV021_0=420,ASV021_1=420,ASV021_2=420,ASV021_3=420,ASV028_0=420,ASV028_1=420,ASV037_0=420,ASV037_1=420,ASV037_2=420,ASV037_3=420,ASV046_0=420,ASV046_1=420,ASV046_2=420,ASV049_0=420,ASV049_1=420,ASV050_0=420,ASV050_1=420,ASV056_0=420,ASV056_1=420,ASV061_0=420,ASV061_1=420">
#                    <taxa alignment="@alignment" id="taxonset" spec="beast.base.evolution.alignment.TaxonSet"/>
#                </trait>
#                <taxonset idref="taxonset"/>
#            </tree>
#        </distribution>
#        <prior id="editRatePrior" name="distribution">
#            <parameter dimension="37" id="editRate" name="x" spec="beast.base.inference.parameter.RealParameter">0.0888888888 0.4666666666 0.037037037 0.0518518518 0.0074074074 0.0296296296 0.0148148148 0.0296296296 0.0074074074 0.0222222222 0.0148148148 0.0074074074 0.0074074074 0.0074074074 0.0148148148 0.0148148148 0.0074074074 0.0074074074 0.0074074074 0.0222222222 0.0074074074 0.0074074074 0.0074074074 0.0074074074 0.0148148148 0.0074074074 0.0074074074 0.0074074074 0.0074074074 0.0074074074 0.0074074074 0.0074074074 0.0074074074 0.0074074074 0.0074074074 0.0074074074 0.0074074074</parameter>
#            <Exponential id="Exponential" name="distr">
#                <parameter estimate="false" id="RealParameter4" name="mean" spec="beast.base.inference.parameter.RealParameter">0.01</parameter>
#            </Exponential>
#        </prior>
#        <prior id="silencingRatePrior" name="distribution">
#            <parameter id="silencingRate" lower="0.0" name="x" spec="beast.base.inference.parameter.RealParameter" upper="1000.0">1.0E-4</parameter>
#            <Exponential id="Exponential1" name="distr">
#                <parameter estimate="false" id="RealParameter5" name="mean" spec="beast.base.inference.parameter.RealParameter">1.0E-4</parameter>
#            </Exponential>
#        </prior>
#        <prior id="ClockPrior.c" name="distribution">
#            <parameter id="clockRate.c" name="x" spec="beast.base.inference.parameter.RealParameter">0.0016</parameter>
#            <Exponential id="Exponential2" name="distr">
#                <parameter estimate="false" id="RealParameter6" name="mean" spec="beast.base.inference.parameter.RealParameter">0.5</parameter>
#            </Exponential>
#        </prior>
#        <prior id="relativeGeoRatesPrior.s:tissue" name="distribution">
#            <parameter dimension="9" id="relativeGeoRates.s:tissue" name="x" spec="beast.base.inference.parameter.RealParameter">1.0</parameter>
#            <Exponential id="Exponential3" name="distr">
#                <parameter estimate="false" id="RealParameter7" name="mean" spec="beast.base.inference.parameter.RealParameter">1.0</parameter>
#            </Exponential>
#        </prior>
#        <prior id="geoclockPrior.c:tissue" name="distribution">
#            <parameter id="traitClockRate.c:tissue" name="x" spec="beast.base.inference.parameter.RealParameter">1.0</parameter>
#            <Exponential id="Exponential4" name="distr">
#                <parameter estimate="false" id="RealParameter8" name="mean" spec="beast.base.inference.parameter.RealParameter">1.0</parameter>
#            </Exponential>
#        </prior>
#    </distribution>
#    <distribution id="likelihood" spec="beast.base.inference.CompoundDistribution" useThreads="true">
#        <distribution data="@alignment" id="treeLikelihood" spec="beam.likelihood.BeamBeagleTreeLikelihood" tree="@tree">
#            <parameter id="RealParameter9" lower="0.0" name="origin" spec="beast.base.inference.parameter.RealParameter" upper="0.0">420.001</parameter>
#            <siteModel id="siteModel" spec="beast.base.evolution.sitemodel.SiteModel">
#                <parameter estimate="false" id="mutationRate" name="mutationRate" spec="beast.base.inference.parameter.RealParameter">1.0</parameter>
#                <parameter estimate="false" id="proportionInvariant" lower="0.0" name="proportionInvariant" spec="beast.base.inference.parameter.RealParameter" upper="1.0">0.0</parameter>
#                <substModel id="substModel" silencingRate="@silencingRate" spec="beam.substitutionmodel.BeamGeneralMutationSubstitutionModel">
#                    <parameter idref="editRate" name="editRates"/>
#                    <parameter id="RealParameter10" lower="0.0" name="editHeight" spec="beast.base.inference.parameter.RealParameter" upper="0.0">420.0</parameter>
#                    <parameter id="RealParameter11" lower="0.0" name="editDuration" spec="beast.base.inference.parameter.RealParameter" upper="0.0">420.0</parameter>
#                    <frequencies estimate="false" id="Frequencies" spec="beast.base.evolution.substitutionmodel.Frequencies">
#                        <parameter dimension="3" id="RealParameter12" lower="0.0" name="frequencies" spec="beast.base.inference.parameter.RealParameter" upper="0.0">1.0 0.0 0.0</parameter>
#                    </frequencies>
#                </substModel>
#            </siteModel>
#            <branchRateModel clock.rate="@clockRate.c" id="StrictClockModel" spec="beast.base.evolution.branchratemodel.StrictClockModel"/>
#        </distribution>
#        <distribution id="traitLikelihood" origin="@origin" spec="beam.likelihood.BeamAncestralStateBeagleTreeLikelihood" tag="location" tree="@tree">
#            <rootFrequencies estimate="false" id="Frequencies1" spec="beast.base.evolution.substitutionmodel.Frequencies">
#                <parameter dimension="4" id="RealParameter13" lower="0.0" name="frequencies" spec="beast.base.inference.parameter.RealParameter" upper="0.0">1.0 0.0 0.0 0.0</parameter>
#            </rootFrequencies>
#            <data id="tissue" spec="beastclassic.evolution.alignment.AlignmentFromTrait">
#                <traitSet fileName="/grid/siepel/home_norepl/staklins/bayesian_phylogenetic_metastasis/results/serio_prostate_cancer_data_11_18_24_asv_cutoff_50/beam/MMUS1467/CP01/CP01_tip_tissues.csv" id="traitset" sep="," spec="feast.fileio.TraitSetFromXSV" taxa="@taxonset" traitname="discrete" value="ASV020=FML,ASV041=LNSL,ASV051=PRL,ASV052=LNSL,ASV055=LNSL,ASV070=FML,ASV071=PRL,ASV075=FML,ASV076=FML,ASV088=FML,ASV093=FML,ASV094=FML,ASV118=FML,ASV119=LNSL,ASV120=PRL,ASV124=PRL,ASV125=FML,ASV126=PRL,ASV133=FML,ASV145=FML,ASV149=FML,ASV150=FML,ASV159=PRL,ASV170=FML,ASV171=UNL,ASV175=FML,ASV002_0=PRL,ASV002_1=LNSL,ASV002_2=FML,ASV002_3=UNL,ASV005_0=FML,ASV005_1=UNL,ASV005_2=LNSL,ASV005_3=PRL,ASV008_0=LNSL,ASV008_1=UNL,ASV008_2=PRL,ASV008_3=FML,ASV011_0=FML,ASV011_1=UNL,ASV011_2=LNSL,ASV011_3=PRL,ASV021_0=FML,ASV021_1=PRL,ASV021_2=UNL,ASV021_3=LNSL,ASV028_0=LNSL,ASV028_1=PRL,ASV037_0=FML,ASV037_1=UNL,ASV037_2=PRL,ASV037_3=LNSL,ASV046_0=FML,ASV046_1=UNL,ASV046_2=PRL,ASV049_0=PRL,ASV049_1=FML,ASV050_0=FML,ASV050_1=LNSL,ASV056_0=FML,ASV056_1=PRL,ASV061_0=LNSL,ASV061_1=FML"/>
#                <userDataType codeMap="PRL=0,FML=1,LNSL=2,UNL=3,? = 0 1 2 3" codelength="-1" id="codeMap" spec="beast.base.evolution.datatype.UserDataType" states="4"/>
#            </data>
#            <siteModel gammaCategoryCount="1" id="geoSiteModel.s:tissue" spec="beast.base.evolution.sitemodel.SiteModel">
#                <parameter estimate="false" id="mutationRate.s:tissue" name="mutationRate" spec="beast.base.inference.parameter.RealParameter">1.0</parameter>
#                <parameter estimate="false" id="gammaShape.s:tissue" name="shape" spec="beast.base.inference.parameter.RealParameter">1.0</parameter>
#                <parameter estimate="false" id="proportionInvariant.s:tissue" lower="0.0" name="proportionInvariant" spec="beast.base.inference.parameter.RealParameter" upper="1.0">0.0</parameter>
#                <substModel id="svs.s:tissue" rates="@relativeGeoRates.s:tissue" spec="beam.substitutionmodel.BeamNoReseedingTissueSubstitutionModel">
#                    <frequencies id="traitfreqs.s:tissue" spec="beast.base.evolution.substitutionmodel.Frequencies">
#                        <parameter dimension="4" id="traitfrequencies.s:tissue" name="frequencies" spec="beast.base.inference.parameter.RealParameter">0.25</parameter>
#                    </frequencies>
#                </substModel>
#            </siteModel>
#            <branchRateModel clock.rate="@traitClockRate.c:tissue" id="StrictClockModel.c:tissue" spec="beast.base.evolution.branchratemodel.StrictClockModel"/>
#        </distribution>
#    </distribution>
#</input>
#
Sample	NSlikelihood	posterior	likelihood	prior	treeHeight	editRate.1	editRate.2	editRate.3	editRate.4	editRate.5	editRate.6	editRate.7	editRate.8	editRate.9	editRate.10	editRate.11	editRate.12	editRate.13	editRate.14	editRate.15	editRate.16	editRate.17	editRate.18	editRate.19	editRate.20	editRate.21	editRate.22	editRate.23	editRate.24	editRate.25	editRate.26	editRate.27	editRate.28	editRate.29	editRate.30	editRate.31	editRate.32	editRate.33	editRate.34	editRate.35	editRate.36	editRate.37	silencingRate	clockRate.c	relativeGeoRates.1	relativeGeoRates.2	relativeGeoRates.3	relativeGeoRates.4	relativeGeoRates.5	relativeGeoRates.6	relativeGeoRates.7	relativeGeoRates.8	relativeGeoRates.9	traitClockRate	geoSubstModelLogger.relGeoRate_PRL_FML	geoSubstModelLogger.relGeoRate_PRL_LNSL	geoSubstModelLogger.relGeoRate_PRL_UNL	geoSubstModelLogger.relGeoRate_FML_PRL	geoSubstModelLogger.relGeoRate_FML_LNSL	geoSubstModelLogger.relGeoRate_FML_UNL	geoSubstModelLogger.relGeoRate_LNSL_PRL	geoSubstModelLogger.relGeoRate_LNSL_FML	geoSubstModelLogger.relGeoRate_LNSL_UNL	geoSubstModelLogger.relGeoRate_UNL_PRL	geoSubstModelLogger.relGeoRate_UNL_FML	geoSubstModelLogger.relGeoRate_UNL_LNSL	treeLikelihood	traitLikelihood
0	-2036.6776305853457	-2529.602592014227	-2036.6776305853457	-492.92496142888126	280.1696319582013	0.04231855050506449	0.25717916482210945	0.037037037	0.0518518518	0.021733661645925485	0.0296296296	0.014478877971420757	6.685597463444576E-4	0.0074074074	0.0222222222	0.027970897404946272	0.0074074074	0.0074074074	0.0074074074	0.03378399367013161	0.0016587321950537262	0.0074074074	0.0074074074	0.0074074074	0.025651468721854278	0.0074074074	0.021552021815300682	0.0074074074	0.007897608592429373	0.1006135954362358	0.0074074074	0.0074074074	0.0074074074	0.0074074074	0.0074074074	0.0074074074	0.0074074074	0.03534450365338314	0.003978160878145721	0.0074074074	0.0074074074	0.13109612854165476	3.212673787595293E-5	0.07931941240745148	1.137872464588457	0.9218467257059506	0.9483240922702268	1.081301616146817	0.46681803260558935	0.5905524767492245	0.8130415786305021	2.0808154663661953	1.726462258391285	0.8306915909673193	1.137872464588457	1.137872464588457	1.137872464588457	0	1.137872464588457	1.137872464588457	0	1.137872464588457	1.137872464588457	0	1.137872464588457	1.137872464588457	-1140.190125957403	-896.4875046279426
1	-2008.7756436452846	-2449.0050351575974	-2008.7756436452846	-440.22939151231265	276.50596607120673	0.04231855050506449	0.12109550920089196	0.037037037	0.006220286378421688	0.021733661645925485	0.0296296296	0.014478877971420757	6.685597463444576E-4	0.0074074074	0.0222222222	0.027970897404946272	0.007014892826308395	0.019515769367153036	0.0074074074	0.03378399367013161	0.0016587321950537262	0.0074074074	0.0074074074	0.0074074074	0.025651468721854278	0.0074074074	0.021944536388992287	0.0074074074	0.007897608592429373	0.1006135954362358	0.0074074074	0.0074074074	0.0074074074	0.0074074074	0.0074074074	0.04093061085442527	0.015672292046624892	0.027079619006758246	0.003978160878145721	0.1434910630212175	0.0074074074	0.13109612854165476	5.5134357256833394E-5	0.11773475721481524	0.891025732610204	0.9722627995558166	0.8466208096784451	0.9171307269741328	0.4402550407971399	0.4804228711954785	0.9029675621964907	2.555051442451755	1.8392643499609271	0.6806239294812798	0.891025732610204	0.891025732610204	0.891025732610204	0	0.891025732610204	0.891025732610204	0	0.891025732610204	0.891025732610204	0	0.891025732610204	0.891025732610204	-1378.296249717343	-630.4793939279416
2	-1598.4175647076272	-2020.8666332276853	-1598.4175647076272	-422.4490685200581	252.91818726128486	0.006724852059633565	0.011900418248664613	0.037037037	0.006220286378421688	0.021733661645925485	0.06522332804543092	0.014478877971420757	0.10196474177519506	0.0074074074	0.0222222222	0.04153182288332411	0.007014892826308395	0.019515769367153036	0.029868318306646147	0.11636974179064083	0.0016587321950537262	0.015306316323376742	0.0074074074	0.0074074074	0.07873125739262529	0.0074074074	0.021944536388992287	0.0074074074	0.007897608592429373	0.1006135954362358	0.0074074074	0.0074074074	0.0074074074	0.0074074074	0.0074074074	0.012736949728146527	0.014135457587545853	0.027079619006758246	0.026208927859648665	0.060905314900708274	0.0074074074	0.049494232089714596	2.273437746280157E-6	0.1244326796933142	0.8460497744598073	1.1473339204847575	0.4543954159138771	1.165870682308598	0.396480868950652	0.542007074308979	1.0275097863208462	3.889896418201941	1.6720910659733081	0.20925593525087433	0.8460497744598073	0.8460497744598073	0.8460497744598073	0	0.8460497744598073	0.8460497744598073	0	0.8460497744598073	0.8460497744598073	0	0.8460497744598073	0.8460497744598073	-1385.6161837375935	-212.80138097003365
3	-971.0587116141245	-1383.2679605101948	-971.0587116141245	-412.20924889607045	231.51114438844652	0.006724852059633565	0.006083437687012028	0.04153458384054782	0.004936488712332696	0.021733661645925485	0.06522332804543092	0.014478877971420757	0.02518526465435862	0.0074074074	0.0222222222	0.11509755082970172	0.007014892826308395	0.019515769367153036	0.029868318306646147	0.11636974179064083	0.0016587321950537262	0.015306316323376742	0.014065618599551234	7.491962004487658E-4	0.08454823795427788	0.0074074074	0.021944536388992287	0.0074074074	0.007897608592429373	0.1006135954362358	0.0074074074	0.0074074074	0.0074074074	0.0074074074	0.0074074074	0.012736949728146527	0.014135457587545853	0.027079619006758246	0.026208927859648665	0.060905314900708274	0.0074074074	0.049494232089714596	3.596817753810168E-5	0.014755557980669062	1.0115120892240368	1.4325904748472127	0.5018118149993053	0.5483520225010694	0.49415058463997696	0.4819034699775924	1.3923994727060096	4.4961573882766945	1.6408978981581916	0.17156910269146008	1.0115120892240368	1.0115120892240368	1.0115120892240368	0	1.0115120892240368	1.0115120892240368	0	1.0115120892240368	1.0115120892240368	0	1.0115120892240368	1.0115120892240368	-767.230481951286	-203.82822966283845
4	-926.7569903786683	-1325.8644520765458	-926.7569903786683	-399.1074616978775	173.6690297504971	0.0046683129928636186	0.006083437687012028	0.04153458384054782	0.004936488712332696	0.021733661645925485	0.03237756946890953	0.014478877971420757	0.02518526465435862	0.0074074074	0.0222222222	0.0518265650024656	0.009071431893078342	0.019515769367153036	0.029868318306646147	0.08345777448589306	0.0016587321950537262	0.015306316323376742	0.014065618599551234	7.491962004487658E-4	0.07080828243942835	0.0074074074	0.021944536388992287	0.0074074074	0.007897608592429373	0.15066225983775136	0.0074074074	0.0074074074	0.040253165976521385	0.040319374704747765	0.0074074074	0.012736949728146527	0.014135457587545853	0.04081957452160777	0.026208927859648665	0.07412763632642883	0.0074074074	0.049494232089714596	5.773239920060741E-4	0.014471028218385154	1.367796804714594	1.9380592480751273	0.837778405695573	0.545804845934942	0.5463267518776562	0.6785273109386131	2.5054295695379554	3.828749257536282	1.99444855215519	0.10437625186765091	1.367796804714594	1.367796804714594	1.367796804714594	0	1.367796804714594	1.367796804714594	0	1.367796804714594	1.367796804714594	0	1.367796804714594	1.367796804714594	-717.3741869709872	-209.3828034076811
5	-919.4922722634075	-1282.051413774596	-919.4922722634075	-362.55914151118856	131.8152302695182	0.0046683129928636186	0.007357082929509873	0.04153458384054782	0.004936488712332696	0.021733661645925485	0.03237756946890953	0.0011182751719109665	0.1655354811589675	0.0074074074	0.0222222222	0.05191361871205499	0.009071431893078342	0.019515769367153036	0.029868318306646147	0.08345777448589306	0.0016587321950537262	0.015306316323376742	0.014065618599551234	7.491962004487658E-4	0.07080828243942835	0.0074074074	0.021944536388992287	0.0074074074	0.007897608592429373	0.010224989623553088	0.0074074074	0.0074074074	0.040253165976521385	0.11044997820696244	0.0074074074	0.012736949728146527	0.014135457587545853	0.04081957452160777	0.026208927859648665	0.003997032824214153	0.019494364957011946	0.049494232089714596	4.320496221435322E-5	0.014394132912313898	1.2570579750595452	2.4956073099450093	0.9669588098841587	0.4695644136567582	0.37727003269657283	0.8460675604198514	2.618657475471805	5.006871683529734	1.9540681401459001	0.09168694283940274	1.2570579750595452	1.2570579750595452	1.2570579750595452	0	1.2570579750595452	1.2570579750595452	0	1.2570579750595452	1.2570579750595452	0	1.2570579750595452	1.2570579750595452	-747.1693329151475	-172.32293934825995
6	-912.4752302992532	-1218.6226965298015	-912.4752302992532	-306.14746623054833	42.86133378807701	0.0046683129928636186	0.007357082929509873	0.04153458384054782	0.004936488712332696	0.021733661645925485	0.02145982300747469	0.025541345089055346	0.1655354811589675	0.0074074074	0.0222222222	0.05191361871205499	0.025795931879029944	0.051971772902057775	0.029868318306646147	0.06696753987734447	0.02906671326503716	0.015306316323376742	0.014065618599551234	0.004610246448299649	0.004219229978056432	0.0074074074	0.021944536388992287	0.0074074074	0.007897608592429373	0.010224989623553088	0.0074074074	0.0074074074	0.040253165976521385	0.02534790715475442	5.94974836408569E-4	0.0028248823057863554	0.014135457587545853	0.04081957452160777	0.050570875211956676	0.003997032824214153	0.08608341741838386	0.049494232089714596	2.540055225064109E-4	0.0076518878591156515	1.0044440107311008	2.6450431318776184	0.6312300198405277	0.5825615507034675	0.3039161355475463	0.9822240690855608	2.0395953056351455	3.2382064061323845	2.4577816620112096	0.09827993602746184	1.0044440107311008	1.0044440107311008	1.0044440107311008	0	1.0044440107311008	1.0044440107311008	0	1.0044440107311008	1.0044440107311008	0	1.0044440107311008	1.0044440107311008	-721.7802936804331	-190.69493661882007
7	-905.1538266529242	-1199.7032248384241	-905.1538266529242	-294.5493981855	24.792232553814507	0.0046683129928636186	0.007357082929509873	0.03224853237805487	0.004936488712332696	0.027181202207839584	0.02145982300747469	0.020093804527141247	0.10530090676685405	0.0074074074	0.0222222222	0.05191361871205499	0.025795931879029944	0.051971772902057775	0.029868318306646147	0.06444545085519568	0.03616314056495782	0.015306316323376742	0.035932090017055426	0.004610246448299649	0.06697589339231866	0.008890566392319988	7.806497148809058E-5	0.0074074074	0.006414449600109385	0.010224989623553088	0.0074074074	0.0074074074	0.040253165976521385	0.007591698727940063	0.00988102629890152	0.0028248823057863554	0.014135457587545853	0.04081957452160777	0.050570875211956676	0.01465681395110785	0.08608341741838386	0.049494232089714596	2.0311311040258057E-4	0.02077658271932025	1.6264866821750512	1.795256660538227	0.7283520883851471	0.4369413775569284	0.183841163613091	1.4578369526009334	2.1350260072488574	4.4680369099275286	3.452503726201999	0.06959282089141569	1.6264866821750512	1.6264866821750512	1.6264866821750512	0	1.6264866821750512	1.6264866821750512	0	1.6264866821750512	1.6264866821750512	0	1.6264866821750512	1.6264866821750512	-730.4548598732799	-174.69896677964425
8	-882.0480820643893	-1177.094383319298	-882.0480820643893	-295.0463012549087	22.866227486451113	0.0046683129928636186	0.007357082929509873	0.03224853237805487	0.004936488712332696	0.027181202207839584	0.02145982300747469	0.020093804527141247	0.06647251440366425	0.0074074074	0.0222222222	0.05191361871205499	0.025795931879029944	0.05214986550927113	0.029868318306646147	0.06444545085519568	0.03616314056495782	0.015306316323376742	0.035932090017055426	0.015823697482675415	0.08930336636566935	0.008890566392319988	7.806497148809058E-5	0.0074074074	0.006414449600109385	0.048875289379529535	0.0074074074	0.0074074074	0.010851727778213846	0.007591698727940063	0.00988102629890152	0.0028248823057863554	0.0029220065531700874	0.07641086902350445	0.050570875211956676	0.01465681395110785	0.08608341741838386	0.020976902812774756	7.904313839620985E-5	0.013627687823784564	1.8996650517990592	2.363580794940655	0.7337688604281489	0.48820542120589666	0.1657540014273155	1.008340456452168	2.102097160589186	4.644335439357623	3.7312006393295896	0.08501158505268515	1.8996650517990592	1.8996650517990592	1.8996650517990592	0	1.8996650517990592	1.8996650517990592	0	1.8996650517990592	1.8996650517990592	0	1.8996650517990592	1.8996650517990592	-709.9955114872749	-172.0525705771144
9	-873.7379282227794	-1153.5315207290978	-873.7379282227794	-279.79359250631853	5.368342882180601	0.0046683129928636186	0.007357082929509873	0.03224853237805487	0.004936488712332696	0.006842001199449544	0.02145982300747469	0.03014560288967414	0.06647251440366425	0.0074074074	0.0222222222	0.021669338815999833	0.025795931879029944	0.05214986550927113	0.029868318306646147	0.06444545085519568	0.01621444019463323	0.015306316323376742	0.056271291025445466	0.015823697482675415	0.08930336636566935	0.008890566392319988	7.806497148809058E-5	0.00657472561074034	0.006414449600109385	0.029431997767125767	0.0074074074	0.0074074074	0.011684409567473505	0.07834713905315303	0.00988102629890152	0.0028248823057863554	0.0029220065531700874	0.006518840622185093	0.14065538514679832	0.03410010556351162	0.035276677463495484	0.020976902812774756	2.1779936480156906E-5	0.016528395433919447	1.682225327672626	2.7763372547607057	1.3575258262340673	0.6017245353491064	0.18308290084125278	1.2837134907309067	2.5538495882173162	4.529571320835897	2.7559623780541203	0.08135550283862356	1.682225327672626	1.682225327672626	1.682225327672626	0	1.682225327672626	1.682225327672626	0	1.682225327672626	1.682225327672626	0	1.682225327672626	1.682225327672626	-715.521145679226	-158.21678254355334
10	-872.9200592014734	-1182.1308428621999	-872.9200592014734	-309.2107836607266	8.229808960427967	0.0046683129928636186	0.003939778124425697	0.03224853237805487	0.004936488712332696	0.006842001199449544	0.013683983892694387	0.057960681464310417	0.06647251440366425	0.0074074074	0.05255418913466711	8.150777336041193E-6	0.02087209299151559	0.05214986550927113	0.029868318306646147	0.051211401495054515	0.029448489554774394	0.015306316323376742	0.056271291025445466	0.023599536597455718	0.08930336636566935	0.008890566392319988	7.806497148809058E-5	0.00657472561074034	0.006414449600109385	0.001616919192489491	0.0074074074	0.0074074074	0.00275019765976435	0.06967636015714972	0.00988102629890152	0.0028248823057863554	0.0029220065531700874	0.006518840622185093	0.14065538514679832	0.04795815635873513	0.035276677463495484	0.024394207617858932	1.5717430102455565E-4	0.01589851466803854	2.393132961427415	2.744198441400291	1.6325229375520087	0.7017226301255604	0.17329997642117032	1.4752677484991428	2.9230940820544453	5.356143693985767	2.954643501844666	0.03324457676222656	2.393132961427415	2.393132961427415	2.393132961427415	0	2.393132961427415	2.393132961427415	0	2.393132961427415	2.393132961427415	0	2.393132961427415	2.393132961427415	-693.3863426053772	-179.53371659609618
11	-870.9389250559749	-1162.7828987758514	-870.9389250559749	-291.8439737198765	8.950790222573097	0.0046683129928636186	0.003939778124425697	0.03224853237805487	0.014559017120976334	0.006842001199449544	0.013683983892694387	0.057960681464310417	0.06647251440366425	0.0074074074	0.05255418913466711	8.150777336041193E-6	0.02087209299151559	0.023050323995227315	0.029868318306646147	0.008795300754509489	0.029448489554774394	0.015306316323376742	0.056271291025445466	0.019869253559049994	0.08930336636566935	0.008890566392319988	0.0023690325770105887	0.07595237586722912	0.006414449600109385	0.001616919192489491	0.011137690438405724	0.0074074074	0.00275019765976435	2.9870990066092895E-4	0.007590058693379021	0.03192442381983017	0.0029220065531700874	0.006518840622185093	0.1734489574786997	0.04795815635873513	0.035276677463495484	0.024394207617858932	2.242571463374122E-5	0.014132245281842901	1.409531193281801	1.6110473305452455	2.6088091124731028	0.5049726486377875	0.10574612738311116	2.0579442314058967	2.4307307344750906	2.961472423553955	2.7727672852858447	0.018936148793358323	1.409531193281801	1.409531193281801	1.409531193281801	0	1.409531193281801	1.409531193281801	0	1.409531193281801	1.409531193281801	0	1.409531193281801	1.409531193281801	-706.6463574611882	-164.29256759478662
12	-862.2496720989993	-1151.2770767695552	-862.2496720989993	-289.0274046705559	7.449588938712809	0.0046683129928636186	0.003939778124425697	0.03224853237805487	0.014559017120976334	0.006842001199449544	0.013683983892694387	0.057960681464310417	0.06647251440366425	0.0074074074	0.06344841106502072	8.150777336041193E-6	0.0010417286245501985	0.023050323995227315	0.03235740382199946	0.008795300754509489	0.049278853921739786	0.015306316323376742	0.056271291025445466	0.019869253559049994	0.08681428085031603	0.03418701024954361	0.0023690325770105887	0.07595237586722912	0.006414449600109385	0.001616919192489491	0.011137690438405724	0.0074074074	0.00275019765976435	2.9870990066092895E-4	0.007590058693379021	0.03192442381983017	0.0029220065531700874	0.006518840622185093	0.1734489574786997	0.0226617125015115	0.035276677463495484	0.013499985687505323	3.530311726939715E-5	0.01920379626109308	1.781544182584374	1.1270023103267972	2.2593154376783717	0.9315925600931486	0.12917244751222248	2.6258750182186636	1.6259919067807458	3.4213362201472615	2.7027035479724675	0.041090390084516655	1.781544182584374	1.781544182584374	1.781544182584374	0	1.781544182584374	1.781544182584374	0	1.781544182584374	1.781544182584374	0	1.781544182584374	1.781544182584374	-680.4498615281482	-181.79981057085118
13	-850.3544633725037	-1138.0601902682224	-850.3544633725037	-287.7057268957188	6.336425353068776	0.0046683129928636186	0.003939778124425697	0.03224853237805487	0.014559017120976334	0.006842001199449544	0.013683983892694387	0.057960681464310417	0.06647251440366425	0.0074074074	0.06344841106502072	8.150777336041193E-6	0.0010417286245501985	0.023050323995227315	0.03235740382199946	0.008795300754509489	0.049278853921739786	0.020288545322329918	0.056271291025445466	0.019869253559049994	0.04167631255987567	0.03418701024954361	0.0023690325770105887	0.07595237586722912	0.006414449600109385	0.04177265848397668	0.011137690438405724	0.0074074074	0.00275019765976435	2.9870990066092895E-4	0.007590058693379021	0.03192442381983017	0.0029220065531700874	0.006518840622185093	0.1734489574786997	0.0226617125015115	0.035276677463495484	0.013499985687505323	1.3104256415861555E-4	0.01617195611552199	1.3505038025775566	1.6056234394604667	1.966601670748614	0.8872580284406892	0.1096438171170166	3.663225188435973	1.9562889157721621	3.330895224480593	3.811495909058552	0.06262783229714741	1.3505038025775566	1.3505038025775566	1.3505038025775566	0	1.3505038025775566	1.3505038025775566	0	1.3505038025775566	1.3505038025775566	0	1.3505038025775566	1.3505038025775566	-686.2815880704846	-164.072875302019
14	-847.6997166777544	-1131.895493886504	-847.6997166777544	-284.1957772087495	6.64498464570313	0.0046683129928636186	0.003939778124425697	0.03224853237805487	0.014559017120976334	0.006842001199449544	0.013683983892694387	0.12793405593963267	0.06647251440366425	0.0074074074	0.06344841106502072	8.150777336041193E-6	0.0010417286245501985	0.023050323995227315	0.03235740382199946	0.008795300754509489	0.028594595839286675	0.020288545322329918	0.056271291025445466	0.019869253559049994	0.04167631255987567	0.03418701024954361	0.0023690325770105887	0.005979001391906866	0.006414449600109385	0.06245691656642979	0.011137690438405724	0.0074074074	0.023404992056870397	2.9870990066092895E-4	0.007590058693379021	0.039064830114792656	0.0029220065531700874	0.006518840622185093	0.1734489574786997	0.0226617125015115	0.007481476771426951	0.013499985687505323	1.838794154290593E-5	0.018312169669463425	0.9990491234719291	2.3180171889679335	2.758319678166495	0.7145332757578128	0.0876392707905243	3.076869157871433	1.6171671006178574	2.5005279896606134	2.011179114282914	0.033358855137882774	0.9990491234719291	0.9990491234719291	0.9990491234719291	0	0.9990491234719291	0.9990491234719291	0	0.9990491234719291	0.9990491234719291	0	0.9990491234719291	0.9990491234719291	-674.9593036874317	-172.74041299032268
15	-845.9619220308052	-1131.5544370273894	-845.9619220308052	-285.59251499658427	6.712110811528537	0.0046683129928636186	0.003939778124425697	0.03224853237805487	0.014559017120976334	0.006842001199449544	0.013683983892694387	0.010099957075359128	0.015403659144834048	0.0074074074	0.06344841106502072	8.150777336041193E-6	0.0010417286245501985	0.023050323995227315	0.06927209223387719	0.008795300754509489	0.028594595839286675	0.020288545322329918	0.056271291025445466	0.019869253559049994	0.04167631255987567	0.11701280416845937	0.0023690325770105887	0.005979001391906866	0.006414449600109385	0.026787445187453324	0.009892473405504466	0.0074074074	0.023404992056870397	0.11813280876493447	0.007590058693379021	0.0605753239091522	0.05399086181200029	0.032963817673217974	0.042667692714391525	0.0226617125015115	0.007481476771426951	0.013499985687505323	1.668549181775344E-4	0.01887852446842903	1.2452991583406365	1.6588091501639415	2.361528868975317	0.9075164487783963	0.10817649989885897	2.707725341964458	1.6486912780171383	2.861601500056246	1.995617367651355	0.02689445874667946	1.2452991583406365	1.2452991583406365	1.2452991583406365	0	1.2452991583406365	1.2452991583406365	0	1.2452991583406365	1.2452991583406365	0	1.2452991583406365	1.2452991583406365	-683.0355081315743	-162.9264138992309
16	-835.2214204224445	-1127.2938555651301	-835.2214204224445	-292.0724351426856	7.446378631486672	0.0046683129928636186	0.003939778124425697	0.03224853237805487	0.04164679774206041	0.006842001199449544	0.013683983892694387	0.011893273503966934	0.015403659144834048	0.004324759306898452	0.06344841106502072	8.150777336041193E-6	0.0010417286245501985	0.023050323995227315	0.07130045789958793	0.033537964883464694	0.028594595839286675	0.020288545322329918	0.056271291025445466	0.01807593713044219	0.04167631255987567	0.09227014003950416	0.0023690325770105887	0.0033453136667845745	0.006414449600109385	0.026787445187453324	0.009892473405504466	0.0074074074	0.023404992056870397	0.09473299829636349	0.007590058693379021	0.0605753239091522	0.05399086181200029	0.032963817673217974	0.042667692714391525	0.0226617125015115	0.007481476771426951	0.013499985687505323	1.3672699095835698E-4	0.01712519368610691	1.1808751773306019	1.8954412627897532	2.56935206343026	0.587260966822079	0.10441558170834717	2.5367556207348962	3.336040014198717	2.10833455055719	2.1767208722045477	0.07086453242906723	1.1808751773306019	1.1808751773306019	1.1808751773306019	0	1.1808751773306019	1.1808751773306019	0	1.1808751773306019	1.1808751773306019	0	1.1808751773306019	1.1808751773306019	-664.7274637406848	-170.4939566817596
17	-833.2471455515788	-1120.0981646757054	-833.2471455515788	-286.85101912412676	7.744128042851471	0.02159207581398602	0.019980247790971628	0.015956311219245407	0.06891789592596835	0.006842001199449544	0.013683983892694387	0.011893273503966934	0.015403659144834048	0.004324759306898452	0.10190315975063521	8.150777336041193E-6	0.06407283103736748	0.023050323995227315	0.022338995484984733	0.033537964883464694	0.028594595839286675	0.020288545322329918	0.029000192841537528	0.01807593713044219	0.04167631255987567	0.013198567960140947	0.0023690325770105887	0.0033453136667845745	0.006414449600109385	0.003946742845630874	0.025085430956642937	0.0074074074	0.01412897402643197	0.09473299829636349	0.007590058693379021	0.08678185553521266	0.04776959410402791	0.032963817673217974	0.03318914252529215	0.0226617125015115	0.023773697930236412	0.013499985687505323	4.096095148805033E-5	0.011130875405728002	0.725181407664923	2.531916146340601	2.659188372525577	0.486843156746908	0.0878900630407606	2.195377535796207	3.0715722059701958	2.718132487047168	4.12698698879015	0.10248699956657975	0.725181407664923	0.725181407664923	0.725181407664923	0	0.725181407664923	0.725181407664923	0	0.725181407664923	0.725181407664923	0	0.725181407664923	0.725181407664923	-649.9680501377898	-183.27909541378904
18	-831.1254377941527	-1122.8489151911776	-831.1254377941527	-291.7234773970249	7.744128042851471	0.02159207581398602	0.019980247790971628	0.015956311219245407	0.06891789592596835	0.006842001199449544	0.013683983892694387	0.01050939714159968	0.015403659144834048	0.004324759306898452	0.10190315975063521	8.150777336041193E-6	0.06407283103736748	0.023050323995227315	0.022338995484984733	0.033537964883464694	0.028594595839286675	0.020288545322329918	0.007008686447346965	0.01807593713044219	0.04306018892224292	0.005704947376476963	0.0023690325770105887	0.0033453136667845745	0.006414449600109385	0.003946742845630874	0.025085430956642937	0.029398913794190563	0.01412897402643197	0.09473299829636349	0.007590058693379021	0.08678185553521266	0.04776959410402791	0.032963817673217974	0.03318914252529215	0.030155333085175484	0.03395871853274289	0.0033149650849988443	6.731888547311746E-5	0.010484071708978256	0.7759194754448607	3.3566525840189887	2.1264624797777016	0.3238092648824671	0.06508747388133415	2.706638145861699	2.401973695490447	2.501530602645723	3.9974986588485057	0.05173254680436907	0.7759194754448607	0.7759194754448607	0.7759194754448607	0	0.7759194754448607	0.7759194754448607	0	0.7759194754448607	0.7759194754448607	0	0.7759194754448607	0.7759194754448607	-672.9074120430084	-158.21802575114432
19	-826.4304197127556	-1139.7255488872286	-826.4304197127556	-313.295129174473	8.482643452436914	0.02159207581398602	0.019980247790971628	0.015956311219245407	0.08814343847158938	0.006842001199449544	0.013683983892694387	0.01050939714159968	0.015403659144834048	0.004324759306898452	0.01555099357999365	8.150777336041193E-6	0.04484728849174645	0.049433927766822636	0.022338995484984733	0.007350491890990435	0.028594595839286675	0.020288545322329918	0.007008686447346965	0.01807593713044219	0.04306018892224292	0.005704947376476963	0.0023690325770105887	0.0033453136667845745	0.006414449600109385	0.003946742845630874	0.025085430956642937	0.029398913794190563	0.01412897402643197	0.09473299829636349	0.007590058693379021	0.08678185553521266	0.04776959410402791	0.05915129066569223	0.11954130869593371	0.030155333085175484	0.007575114761147569	0.0033149650849988443	8.811588611446383E-5	0.012322713531217435	1.0726672850976064	2.6665009683778234	3.660868789347681	0.2666537711786108	0.08978502413415748	1.7216784993861856	1.8280878717898494	3.554570321847525	2.8242380186222538	0.03373929657718269	1.0726672850976064	1.0726672850976064	1.0726672850976064	0	1.0726672850976064	1.0726672850976064	0	1.0726672850976064	1.0726672850976064	0	1.0726672850976064	1.0726672850976064	-647.9094123177099	-178.52100739504573
20	-821.718004444239	-1116.8394782418627	-821.718004444239	-295.12147379762376	7.3349114945930145	0.02159207581398602	0.019980247790971628	0.015956311219245407	0.052531944538234884	0.006842001199449544	0.06005656384113274	0.017185424715142256	0.015403659144834048	0.004324759306898452	0.01555099357999365	8.150777336041193E-6	0.013200639211242912	0.049433927766822636	0.022338995484984733	0.007350491890990435	0.028594595839286675	0.020288545322329918	0.042620180380701464	0.01807593713044219	0.04306018892224292	0.005704947376476963	0.0023690325770105887	0.023895938873479503	0.03138507130707034	0.003946742845630874	0.019134252921153547	0.0174336317111483	0.0049116426160010634	0.09473299829636349	0.007590058693379021	0.08678185553521266	0.027218968897332982	0.05915129066569223	0.09435134224096853	0.030155333085175484	0.01352629279663696	0.0033149650849988443	1.9650221143637428E-4	0.012991277845759522	1.1418099721104582	2.0740806128577054	1.8970546699587068	0.24207006784447477	0.200674283693052	1.743450660805997	1.6433653269905548	4.528112493619584	2.8196871925813545	0.04747707889529772	1.1418099721104582	1.1418099721104582	1.1418099721104582	0	1.1418099721104582	1.1418099721104582	0	1.1418099721104582	1.1418099721104582	0	1.1418099721104582	1.1418099721104582	-660.4074538066118	-161.31055063762722
21	-809.2836734746083	-1098.7590018335973	-809.2836734746083	-289.4753283589888	8.209509943807046	0.02159207581398602	0.09611237713259346	0.08765107134479616	0.07088170162238698	0.04049073918973932	0.08185286158158529	0.017185424715142256	0.015403659144834048	0.004324759306898452	0.01555099357999365	8.150777336041193E-6	0.013200639211242912	0.049433927766822636	0.022338995484984733	0.007350491890990435	0.028594595839286675	0.020288545322329918	0.042620180380701464	0.01807593713044219	0.024710431838090824	0.005704947376476963	0.01158990415585347	0.023895938873479503	0.03138507130707034	0.003946742845630874	0.019134252921153547	0.0174336317111483	0.0049116426160010634	0.09473299829636349	0.007590058693379021	0.015087095409661896	0.005422671156880429	0.00263441624990067	0.031866477746005595	0.030155333085175484	0.01352629279663696	0.0033149650849988443	4.108592511534491E-4	0.018795387697150032	1.1556623296267277	1.2086679443501545	1.8766341216211173	0.36686631071231	0.10369462277563825	1.1422242091683907	2.160482215898835	3.4936894207770526	2.3966164032788497	0.07507967908250862	1.1556623296267277	1.1556623296267277	1.1556623296267277	0	1.1556623296267277	1.1556623296267277	0	1.1556623296267277	1.1556623296267277	0	1.1556623296267277	1.1556623296267277	-659.2011310333078	-150.08254244130052
22	-801.6017905074884	-1088.8634377027788	-801.6017905074884	-287.2616471952904	9.04234078001819	0.02159207581398602	0.012348238151887125	0.08765107134479616	0.10562429706531268	0.04049073918973932	0.08185286158158529	0.007783299856371689	0.015403659144834048	0.004324759306898452	0.01555099357999365	8.150777336041193E-6	0.07162430760779413	0.049433927766822636	0.022338995484984733	0.007350491890990435	0.028594595839286675	0.020288545322329918	0.042620180380701464	0.01807593713044219	0.024710431838090824	0.005704947376476963	0.01158990415585347	0.023895938873479503	0.034514053179801815	0.003946742845630874	0.019134252921153547	0.0174336317111483	0.0049116426160010634	0.026566659051660876	0.007590058693379021	0.015087095409661896	0.005422671156880429	0.00263441624990067	0.031866477746005595	0.030155333085175484	0.01352629279663696	0.06835232245696998	1.921575409517071E-5	0.010229200045931513	0.8335083633726158	0.8920163471112678	1.6063660672043558	0.5034304827160415	0.12012446032312388	1.2039975640545717	2.573866375577488	2.3372079682435998	3.039054165652156	0.09126235006089801	0.8335083633726158	0.8335083633726158	0.8335083633726158	0	0.8335083633726158	0.8335083633726158	0	0.8335083633726158	0.8335083633726158	0	0.8335083633726158	0.8335083633726158	-647.5338527080885	-154.06793779939994
23	-790.1413500825224	-1084.1824529788219	-790.1413500825224	-294.0411028962995	9.455412269698398	0.02159207581398602	0.012348238151887125	0.08765107134479616	0.10884671518576244	0.04049073918973932	0.08185286158158529	0.007783299856371689	0.015403659144834048	0.004324759306898452	0.01555099357999365	8.150777336041193E-6	0.061720368552349955	0.07379352331460541	0.022338995484984733	0.007350491890990435	0.028594595839286675	0.0464750749492525	0.01643365075377888	0.02023340174270726	0.019383221001354117	0.005704947376476963	0.01158990415585347	0.023895938873479503	0.034514053179801815	0.003946742845630874	0.019134252921153547	0.0174336317111483	0.0049116426160010634	0.024409194439395807	0.007590058693379021	0.015087095409661896	0.015326610212324607	0.00263441624990067	0.0075068821982228195	0.030155333085175484	0.01352629279663696	0.07045711517325692	1.5017455077681854E-5	0.012746046641128644	0.7483939427073515	0.8737870182277625	1.1958055662928848	0.6504022839632027	0.09297903411219227	1.2977364948173065	1.6652893750515763	3.789122080369907	2.674310170727615	0.09688133219569718	0.7483939427073515	0.7483939427073515	0.7483939427073515	0	0.7483939427073515	0.7483939427073515	0	0.7483939427073515	0.7483939427073515	0	0.7483939427073515	0.7483939427073515	-648.6151423232898	-141.5262077592326
24	-784.3060246772234	-1096.5700122095245	-784.3060246772234	-312.2639875323011	7.530972806625165	0.0417969072787092	0.017266533420558394	0.07506714317239344	0.10884671518576244	0.04049073918973932	0.08185286158158529	0.007783299856371689	0.015403659144834048	0.004324759306898452	0.01555099357999365	0.01492030779451789	0.07985458180595016	0.07080505123251911	0.002043932816930036	0.007350491890990435	0.028594595839286675	0.026270243484529318	0.01643365075377888	0.02023340174270726	0.019383221001354117	0.005704947376476963	0.01158990415585347	0.023895938873479503	0.034514053179801815	0.003946742845630874	0.019134252921153547	0.0174336317111483	0.01749557078840379	0.024409194439395807	0.007590058693379021	0.017247944824116387	0.015326610212324607	7.045930633157033E-4	0.0075068821982228195	0.030155333085175484	0.01352629279663696	0.055544958156075075	1.4502361290424364E-4	0.015543473406279361	0.9293070465272126	0.4902163687153097	1.042925650379847	0.7254378426608662	0.10872642248144831	1.4585066689738866	1.9763620397155477	9.269344900146997	4.728128503631307	0.18853397799755015	0.9293070465272126	0.9293070465272126	0.9293070465272126	0	0.9293070465272126	0.9293070465272126	0	0.9293070465272126	0.9293070465272126	0	0.9293070465272126	0.9293070465272126	-630.4060864206479	-153.8999382565755
25	-782.7166266173059	-1095.715567786492	-782.7166266173059	-312.99894116918614	8.894774797723716	0.0417969072787092	0.017266533420558394	0.07506714317239344	0.05584318308504593	0.004796740143067399	0.05969806232377657	0.01586199874853808	0.05109765819150597	0.004324759306898452	0.01555099357999365	0.01492030779451789	0.07985458180595016	0.07080505123251911	0.002043932816930036	0.007350491890990435	0.028594595839286675	0.026270243484529318	0.01643365075377888	0.059201656061098715	0.034340530848782275	0.005704947376476963	0.01158990415585347	0.027119489127327076	0.034514053179801815	0.003946742845630874	0.019134252921153547	0.0174336317111483	0.01749557078840379	0.016330495547229415	0.007590058693379021	0.0030389256374688672	0.03748140947013333	0.053708125164032214	0.0075068821982228195	0.015198023237747327	0.024511761729436907	0.016576703837683615	2.7372907090977724E-4	0.018261735927987938	0.5514825895923385	0.5923599593220304	1.404919537843713	0.9405717967777179	0.15789890682563867	1.1477906441605747	1.6820219867768862	7.800251808240477	7.1983274519679075	0.17633937519186643	0.5514825895923385	0.5514825895923385	0.5514825895923385	0	0.5514825895923385	0.5514825895923385	0	0.5514825895923385	0.5514825895923385	0	0.5514825895923385	0.5514825895923385	-637.8739188053444	-144.8427078119615
26	-782.2243588557153	-1084.996807346979	-782.2243588557153	-302.77244849126384	9.594352601489323	0.0417969072787092	0.017266533420558394	0.07506714317239344	0.05584318308504593	0.01747480208869133	0.05276045356548993	0.01586199874853808	0.05109765819150597	0.004324759306898452	0.02248860233828029	0.01492030779451789	0.07985458180595016	0.07080505123251911	0.002043932816930036	0.007350491890990435	0.028594595839286675	0.026270243484529318	0.01643365075377888	0.002746407022507266	0.021662468903158344	0.005704947376476963	0.01158990415585347	0.027119489127327076	0.034514053179801815	0.003946742845630874	0.019134252921153547	0.0174336317111483	0.01749557078840379	0.016330495547229415	0.007590058693379021	0.059494174676060316	0.03748140947013333	0.053708125164032214	0.0075068821982228195	0.015198023237747327	0.024511761729436907	0.016576703837683615	1.7909408661020504E-4	0.014300464621059689	0.5947271937443733	0.4889995939995857	0.9850155077876731	0.639505470058283	0.24061370946522623	1.4072512964319615	1.554041722846056	9.458663791433487	6.3787185721576485	0.26294367186076145	0.5947271937443733	0.5947271937443733	0.5947271937443733	0	0.5947271937443733	0.5947271937443733	0	0.5947271937443733	0.5947271937443733	0	0.5947271937443733	0.5947271937443733	-620.5071095292775	-161.71724932643778
27	-776.4540933413771	-1089.4472117369096	-776.4540933413771	-312.99311839553246	9.594352601489323	0.0417969072787092	0.017266533420558394	0.07506714317239344	0.05584318308504593	0.01747480208869133	0.029672996397210508	0.02186344040691099	0.05109765819150597	0.004324759306898452	0.02248860233828029	0.013146782678006258	0.07985458180595016	0.011816618904612039	0.002043932816930036	0.007350491890990435	0.028594595839286675	0.026512894198948853	0.01643365075377888	0.017154131290131977	0.021662468903158344	0.022799918468770372	0.01158990415585347	0.04821052748356945	0.034514053179801815	0.04500653061030044	0.019134252921153547	0.0174336317111483	0.01749557078840379	0.016330495547229415	0.007347407978959487	0.005109359747646022	4.761401524247949E-4	0.053708125164032214	0.06649531452612989	0.015198023237747327	0.018510320071064	0.03917424888776744	3.2842346889470247E-4	0.01344398861947125	0.6329107186567376	0.5955356216382379	0.7528813198989394	1.0871503651651018	0.2321983854126744	1.3074776680212763	1.309917738512915	9.837353437764664	7.8142659195771245	0.15883544401695293	0.6329107186567376	0.6329107186567376	0.6329107186567376	0	0.6329107186567376	0.6329107186567376	0	0.6329107186567376	0.6329107186567376	0	0.6329107186567376	0.6329107186567376	-635.485669147161	-140.96842419421608
28	-763.6367949132148	-1064.2521980085066	-763.6367949132148	-300.6154030952919	8.073029993015577	0.026853002053282768	0.017266533420558394	0.07506714317239344	0.05584318308504593	0.01747480208869133	0.029672996397210508	0.02186344040691099	0.05109765819150597	0.004324759306898452	0.02248860233828029	0.013146782678006258	0.07985458180595016	0.06172890747022429	0.002043932816930036	0.007350491890990435	0.028594595839286675	0.05625401492809522	0.015509759184590285	0.017154131290131977	0.021662468903158344	0.022799918468770372	0.01158990415585347	0.04821052748356945	0.004772932450655451	0.04500653061030044	0.02645949121751455	0.0174336317111483	0.018419462357592384	0.016330495547229415	0.007347407978959487	0.005109359747646022	2.142716778505832E-4	0.053708125164032214	0.03514539499994951	0.03014192846317376	0.018510320071064	0.013548510026548777	1.8796301943830302E-4	0.014934736948586007	0.4249382697064513	0.5019980563370728	1.1492586262994904	1.1177083349333843	0.2073421800373168	1.6406445415612365	1.061444024717811	8.287583788612	5.537308281379434	0.09266814734700361	0.4249382697064513	0.4249382697064513	0.4249382697064513	0	0.4249382697064513	0.4249382697064513	0	0.4249382697064513	0.4249382697064513	0	0.4249382697064513	0.4249382697064513	-616.451226329755	-147.18556858345983
29	-758.937318860959	-1054.6380190041964	-758.937318860959	-295.7007001432375	8.475080230328432	0.02124037636257435	0.0666211501452032	0.07506714317239344	0.05584318308504593	0.01747480208869133	0.029672996397210508	0.02186344040691099	0.05109765819150597	0.004324759306898452	0.02248860233828029	0.013146782678006258	0.07985458180595016	0.06150390684410066	0.002043932816930036	0.012963117581698852	0.028594595839286675	0.05625401492809522	0.015509759184590285	0.017154131290131977	0.021662468903158344	0.022799918468770372	0.01158990415585347	0.04821052748356945	0.004772932450655451	0.04500653061030044	0.005717680580636916	0.0174336317111483	0.018419462357592384	0.016330495547229415	0.007572408605083115	0.025851170384523656	2.142716778505832E-4	0.004353508439387407	0.03514539499994951	0.03014192846317376	0.018510320071064	0.013548510026548777	6.007108375879438E-5	0.018827405867601243	0.47028430977943303	0.5576162444932679	1.200609925209583	0.8587785314858263	0.21511454727100102	1.2647094339302678	0.8411745537134456	5.9213244803960245	3.1868621979455254	0.1579534742959053	0.47028430977943303	0.47028430977943303	0.47028430977943303	0	0.47028430977943303	0.47028430977943303	0	0.47028430977943303	0.47028430977943303	0	0.47028430977943303	0.47028430977943303	-628.0499633405185	-130.88735552044048
30	-756.3927974978516	-1056.3838666823835	-756.3927974978516	-299.99106918453185	9.774671304490225	0.10360840572451623	0.0666211501452032	0.05173330143433602	0.05584318308504593	0.01747480208869133	0.029672996397210508	0.044212469904803514	0.003464002277048406	0.004982637073721031	0.02248860233828029	0.013146782678006258	0.01178085612737477	0.02676953339661635	0.001386055050107457	0.012963117581698852	0.028594595839286675	0.05625401492809522	0.015509759184590285	0.017154131290131977	0.021662468903158344	0.022799918468770372	0.11216706160116117	0.05196928943967703	0.004772932450655451	0.027521645178912507	0.005717680580636916	0.0174336317111483	5.29624176981755E-4	0.016330495547229415	0.007572408605083115	0.025851170384523656	2.142716778505832E-4	0.004353508439387407	0.03514539499994951	0.030239270592497314	0.018510320071064	0.013548510026548777	2.043613972914797E-4	0.011772040467822728	0.40771043741903407	0.36508691392900877	0.993932062879474	1.1754825363643218	0.22429152911771907	0.8793302183337242	0.5908170494650994	4.904368217990801	2.5448009920524464	0.14582867438654984	0.40771043741903407	0.40771043741903407	0.40771043741903407	0	0.40771043741903407	0.40771043741903407	0	0.40771043741903407	0.40771043741903407	0	0.40771043741903407	0.40771043741903407	-606.2467161319835	-150.1460813658681
31	-751.0360959093325	-1043.0906228097163	-751.0360959093325	-292.0545269003837	8.041026542859157	0.06822683753769097	0.055514219841555024	0.03322219867732984	0.05584318308504593	0.01747480208869133	0.008053336195733077	0.044212469904803514	0.003464002277048406	0.004982637073721031	0.02248860233828029	0.012017381451551595	0.01178085612737477	0.02676953339661635	0.001386055050107457	0.012963117581698852	0.058212628899941034	0.09548228531914447	0.015509759184590285	0.025344084798731722	0.021662468903158344	0.022799918468770372	0.14754862978798644	0.034360679250105206	0.004772932450655451	0.02865104640536717	0.005717680580636916	0.0174336317111483	5.29624176981755E-4	0.016330495547229415	0.007572408605083115	0.025851170384523656	2.142716778505832E-4	0.004353508439387407	0.026955441491349763	0.030239270592497314	0.018510320071064	0.013548510026548777	3.440194381104079E-5	0.014273631683010529	0.3252359137305851	0.4193453048753778	1.0470745685916447	1.2581749674666645	0.2649576205002385	0.8075963951871337	0.3956419572385524	2.557335813238872	2.674922962336038	0.08968279964341479	0.3252359137305851	0.3252359137305851	0.3252359137305851	0	0.3252359137305851	0.3252359137305851	0	0.3252359137305851	0.3252359137305851	0	0.3252359137305851	0.3252359137305851	-612.2226778001251	-138.81341810920748
32	-750.46029444292	-1052.2375359203024	-750.46029444292	-301.77724147738246	9.644315011086864	0.047648650371132514	0.055514219841555024	0.03322219867732984	0.1276256959591337	0.02731081928172506	0.028631523362291536	0.034376452711769784	0.07803898436284212	0.004982637073721031	0.0032101394521007742	0.004511808620994623	0.01178085612737477	0.0038448629086555858	0.001386055050107457	0.012963117581698852	0.058212628899941034	0.04662444293301747	0.015509759184590285	0.025344084798731722	0.021662468903158344	0.022799918468770372	0.09225211058837224	0.034360679250105206	0.004772932450655451	0.02865104640536717	0.005717680580636916	0.0174336317111483	5.29624176981755E-4	0.016330495547229415	0.007572408605083115	0.025851170384523656	2.142716778505832E-4	0.004353508439387407	0.034461014321906736	0.030239270592497314	0.018510320071064	0.013548510026548777	2.4325597815207483E-4	0.01293089696085399	0.33979670825722724	0.34061811754063837	1.1078121915031887	1.7483943792867958	0.3261484898969869	1.1009339662838336	0.3478203984510793	3.7770337935787923	1.5629734022148551	0.05298640013530901	0.33979670825722724	0.33979670825722724	0.33979670825722724	0	0.33979670825722724	0.33979670825722724	0	0.33979670825722724	0.33979670825722724	0	0.33979670825722724	0.33979670825722724	-572.2075420357027	-178.25275240721734
33	-749.2470655133935	-1063.8014593880107	-749.2470655133935	-314.5543938746172	8.923200580169073	0.05364464130226153	0.055514219841555024	0.03322219867732984	0.07304085808558708	0.02731081928172506	0.028631523362291536	0.015370120963419914	0.07803898436284212	0.0239889688220709	0.0032101394521007742	0.038507966882257744	0.01178085612737477	0.0038448629086555858	0.001386055050107457	0.012963117581698852	0.07417071732763833	0.04662444293301747	0.024453117355961992	0.025344084798731722	0.021662468903158344	0.0027347532518503387	0.09225211058837224	0.034360679250105206	0.004772932450655451	0.012692957977669866	0.005717680580636916	0.0174336317111483	5.29624176981755E-4	0.016330495547229415	0.007572408605083115	0.019855179453394642	2.142716778505832E-4	0.004353508439387407	0.024663160167879616	0.04003712474652443	0.018510320071064	0.045258996684380604	9.120155688301724E-5	0.013476894936003082	0.3282482703172548	0.3289926355632887	1.1602786949562847	1.1733321446023743	0.33366426117917447	1.1199781875535995	0.26030192132387353	3.107221252828207	1.2975209364508753	0.10539585554690728	0.3282482703172548	0.3282482703172548	0.3282482703172548	0	0.3282482703172548	0.3282482703172548	0	0.3282482703172548	0.3282482703172548	0	0.3282482703172548	0.3282482703172548	-606.465973475702	-142.78109203769156
34	-747.0331164935977	-1051.6480781342748	-747.0331164935977	-304.61496164067694	7.995753284195682	0.05364464130226153	0.055514219841555024	0.03322219867732984	0.07304085808558708	0.017198408967554854	0.028631523362291536	0.02637363892751851	0.07087457517443069	0.0239889688220709	0.0032101394521007742	0.027504448918159147	0.021893266441544976	0.0038448629086555858	0.001386055050107457	0.02188495787136288	0.07417071732763833	0.0170174133897225	0.024453117355961992	0.025344084798731722	0.021662468903158344	0.009899162440261774	0.09225211058837224	0.01943281557708719	0.019700796123673467	0.012692957977669866	0.005717680580636916	0.0174336317111483	5.29624176981755E-4	0.045937525090524386	0.007572408605083115	0.019855179453394642	2.142716778505832E-4	0.004353508439387407	0.012734744028859435	0.04003712474652443	0.03043873621008418	0.036337156394716574	1.4929430439437726E-4	0.014792303657524559	0.36000463991260306	0.2936281315044927	0.9753186041912376	1.8133481232195594	0.36368824630898006	1.1415060564519226	0.4444710026171594	3.375962502728582	1.1701804966688745	0.09323133045262501	0.36000463991260306	0.36000463991260306	0.36000463991260306	0	0.36000463991260306	0.36000463991260306	0	0.36000463991260306	0.36000463991260306	0	0.36000463991260306	0.36000463991260306	-598.3809202218979	-148.65219627169984
35	-745.6945662107671	-1038.221324564532	-745.6945662107671	-292.52675835376505	9.438513470462848	0.05364464130226153	0.04413144072964348	0.03322219867732984	0.07304085808558708	0.017198408967554854	0.028631523362291536	0.06728726056668152	0.05247406722732567	0.0239889688220709	0.0032101394521007742	0.027504448918159147	0.021893266441544976	0.0038448629086555858	0.001386055050107457	0.02188495787136288	0.03325709568847532	0.0170174133897225	0.024453117355961992	0.009530816638890091	0.021662468903158344	0.024173908584703682	0.09225211058837224	0.03561015868172311	0.03417877683768099	0.012692957977669866	0.005717680580636916	0.0174336317111483	0.007887094206793663	0.036061414595695326	0.017448519099912175	0.01696321242086428	0.006292210414660646	0.014088837862418976	0.012734744028859435	0.020424838845174098	0.03043873621008418	0.036337156394716574	6.7756401300116455E-6	0.0172995932502166	0.2839250019997111	0.3163702777787949	0.9511076476210083	2.3958033227612665	0.26053261858604587	0.8108458324311737	0.5405501563578787	4.58953806545121	1.6377109766371325	0.1190772226316431	0.2839250019997111	0.2839250019997111	0.2839250019997111	0	0.2839250019997111	0.2839250019997111	0	0.2839250019997111	0.2839250019997111	0	0.2839250019997111	0.2839250019997111	-608.6056731110043	-137.08889309976286
36	-744.3771541414175	-1031.1546752227082	-744.3771541414175	-286.7775210812907	8.453094138058034	0.05364464130226153	0.04413144072964348	0.03322219867732984	0.07304085808558708	0.017198408967554854	0.028631523362291536	0.06728726056668152	0.05247406722732567	0.0239889688220709	0.0032101394521007742	0.027504448918159147	0.02416307374244485	0.0038448629086555858	0.007980388258454693	0.02188495787136288	0.03325709568847532	0.0170174133897225	0.023320231839854974	0.009530816638890091	0.08903299841564136	0.024173908584703682	0.024881581075889225	0.03674304419783013	0.027584443629333752	0.012692957977669866	0.005717680580636916	0.0174336317111483	0.007887094206793663	0.036061414595695326	0.017448519099912175	0.014693405119964406	0.006292210414660646	0.014088837862418976	0.012734744028859435	0.020424838845174098	0.03043873621008418	0.036337156394716574	7.663150614271278E-5	0.021249249260880673	0.31108045346646346	0.2218039371494708	1.031679195818203	1.2797014800271942	0.19630950217907336	0.7190604108152597	0.6483540213693127	3.325178014556601	1.4228386885449416	0.10822791901880711	0.31108045346646346	0.31108045346646346	0.31108045346646346	0	0.31108045346646346	0.31108045346646346	0	0.31108045346646346	0.31108045346646346	0	0.31108045346646346	0.31108045346646346	-604.242304564013	-140.13484957740442
37	-737.6379429423205	-1053.0409842996537	-737.6379429423205	-315.40304135733334	9.019878955392869	0.05364464130226153	0.03597874535287948	0.05310791955070443	0.11103419112052243	0.017198408967554854	0.028631523362291536	0.01140011673985794	0.05247406722732567	3.398124630530214E-4	0.0032101394521007742	0.027504448918159147	0.009818897066527374	0.011997558285419582	0.06587699272656032	0.02188495787136288	0.03325709568847532	0.0170174133897225	0.023320231839854974	0.009530816638890091	0.08903299841564136	0.024173908584703682	0.024881581075889225	0.03674304419783013	0.027584443629333752	0.012692957977669866	0.005717680580636916	0.0174336317111483	0.007887094206793663	0.036061414595695326	0.017448519099912175	0.014693405119964406	0.006292210414660646	0.014088837862418976	0.012734744028859435	0.020424838845174098	0.008543554695427544	0.036337156394716574	2.9055908587788046E-4	0.012701168317461903	0.42282243246456896	0.20826486071845302	0.4166882945299156	1.4517456310425068	0.18920231201083573	0.7015616482627799	0.8077515416656414	4.14998211800439	2.214761775853192	0.19839488849692297	0.42282243246456896	0.42282243246456896	0.42282243246456896	0	0.42282243246456896	0.42282243246456896	0	0.42282243246456896	0.42282243246456896	0	0.42282243246456896	0.42282243246456896	-602.6426372005399	-134.99530574178067
38	-727.5130214083433	-1026.5649748612952	-727.5130214083433	-299.0519534529519	8.782237383656543	0.05364464130226153	0.03597874535287948	0.05325045662090816	0.11103419112052243	0.017198408967554854	0.028631523362291536	0.01140011673985794	0.01876116408746037	3.398124630530214E-4	0.08393300144785118	0.027504448918159147	0.00962003809650723	0.011997558285419582	0.06587699272656032	0.022083816841383025	0.03325709568847532	0.0170174133897225	0.02578092740601988	0.009530816638890091	0.03956234399359135	0.024173908584703682	0.024881581075889225	0.0366005071276264	0.027584443629333752	0.012692957977669866	0.005717680580636916	0.0174336317111483	0.007887094206793663	0.036061414595695326	0.017448519099912175	0.014693405119964406	0.006292210414660646	0.014088837862418976	0.012734744028859435	0.020424838845174098	0.008543554695427544	0.036337156394716574	4.2303471907096165E-6	0.013380143713364935	0.4524392220048637	0.21557035874990754	0.3644689719550509	1.383636099915614	0.22646919376648925	0.5124779840054906	1.301097583109954	2.764546053270454	2.104915127821592	0.1841157011990418	0.4524392220048637	0.4524392220048637	0.4524392220048637	0	0.4524392220048637	0.4524392220048637	0	0.4524392220048637	0.4524392220048637	0	0.4524392220048637	0.4524392220048637	-588.6926130747702	-138.82040833357314
39	-726.9242747822351	-1031.134085516981	-726.9242747822351	-304.20981073474593	9.340829080704228	0.06320346728239444	0.03597874535287948	0.05325045662090816	0.10574194605463377	0.017198408967554854	0.019072697382158624	0.02743282845882075	0.01876116408746037	3.398124630530214E-4	0.08393300144785118	0.02859878523543477	0.00962003809650723	0.008301717322632726	0.011887147267061401	0.02737606190727168	0.03325709568847532	0.0170174133897225	0.02601866175241528	0.008436480321614467	0.03956234399359135	0.008141196865740871	6.35084523544216E-4	0.0366005071276264	0.020866984824129395	0.07037864439995564	0.009325381048017486	0.03459621328163186	0.010759118198222048	0.036061414595695326	0.017448519099912175	0.014693405119964406	0.006292210414660646	0.014088837862418976	0.012734744028859435	0.0032622572746905387	0.008543554695427544	0.060583652947061584	1.8002484302053552E-4	0.015216963046862557	0.27148905253115196	0.21482411412589583	0.2587777087125146	1.872885128179626	0.21288864166468532	0.3632995832708993	1.0428097306033897	3.948166200307707	3.3729580067992875	0.2991038511049159	0.27148905253115196	0.27148905253115196	0.27148905253115196	0	0.27148905253115196	0.27148905253115196	0	0.27148905253115196	0.27148905253115196	0	0.27148905253115196	0.27148905253115196	-581.3248331910759	-145.5994415911592
40	-726.358668490805	-1022.683645992226	-726.358668490805	-296.3249775014211	9.318065522600541	0.06320346728239444	0.03597874535287948	0.05325045662090816	0.04856518508026436	0.017198408967554854	0.019072697382158624	0.08460958943319016	0.01876116408746037	3.398124630530214E-4	0.08393300144785118	0.02859878523543477	0.013372054050174262	0.008301717322632726	0.011887147267061401	0.02737606190727168	0.03325709568847532	0.0170174133897225	0.02601866175241528	0.008436480321614467	0.03956234399359135	0.008141196865740871	6.35084523544216E-4	0.0366005071276264	0.017114968870462363	0.07037864439995564	0.009325381048017486	0.03459621328163186	0.010759118198222048	0.004669383724551376	0.04884054997105612	0.019326150561416164	0.0016594649732088879	0.014088837862418976	0.012734744028859435	0.0032622572746905387	0.008543554695427544	0.060583652947061584	9.57821877077709E-5	0.011228267808840486	0.2249496931042452	0.5124527362448656	0.354219546870537	2.1798840792593035	0.20068830571503055	0.4402750449622073	1.437916633159005	2.7103706410712856	3.362896904689831	0.0865757247719806	0.2249496931042452	0.2249496931042452	0.2249496931042452	0	0.2249496931042452	0.2249496931042452	0	0.2249496931042452	0.2249496931042452	0	0.2249496931042452	0.2249496931042452	-617.9302744160645	-108.42839407474048
41	-705.5534010475565	-1016.2101156936099	-705.5534010475565	-310.6567146460534	10.80371424238816	0.08272517810012513	0.03597874535287948	0.07364767599501704	0.04856518508026436	0.017198408967554854	0.019072697382158624	0.08460958943319016	0.01876116408746037	0.04046617635042958	0.06662905444332531	0.02638102142222995	0.013372054050174262	0.008301717322632726	0.011887147267061401	0.02737606190727168	0.03325709568847532	0.0170174133897225	0.02601866175241528	0.02241400204620346	0.04715139571472035	0.008141196865740871	6.35084523544216E-4	0.0366005071276264	0.017114968870462363	0.06124212534988091	0.009325381048017486	0.00935799123300872	0.010759118198222048	0.004669383724551376	0.04884054997105612	0.019326150561416164	0.0016594649732088879	0.006499786141289973	0.012734744028859435	0.0032622572746905387	0.008543554695427544	0.020457289059685024	2.537178826535069E-4	0.00823045543693376	0.1896723086637778	0.6312510325869939	0.6248983031097141	2.420907050770177	0.18717108911845295	0.28132987651141567	1.5145213428384783	3.619406532187092	2.968979137766895	0.13603115184025305	0.1896723086637778	0.1896723086637778	0.1896723086637778	0	0.1896723086637778	0.1896723086637778	0	0.1896723086637778	0.1896723086637778	0	0.1896723086637778	0.1896723086637778	-571.8139944722816	-133.7394065752749
42	-704.6393734529366	-1010.0410756204708	-704.6393734529366	-305.4017021675342	9.952884556129842	0.08272517810012513	0.03597874535287948	0.07364767599501704	0.04856518508026436	0.017198408967554854	0.019072697382158624	0.06469713920835016	0.01876116408746037	0.04046617635042958	0.0677676117203437	0.005061242960203799	0.029018076410869828	0.008301717322632726	0.011887147267061401	0.02737606190727168	0.06199035497299296	0.0170174133897225	0.02601866175241528	0.02241400204620346	0.020844425410863926	0.008141196865740871	6.35084523544216E-4	0.0366005071276264	0.017114968870462363	0.06124212534988091	0.009325381048017486	0.00935799123300872	0.010759118198222048	0.004669383724551376	0.04884054997105612	0.019326150561416164	0.005925892837353328	0.006499786141289973	0.012734744028859435	0.0032622572746905387	0.028724775880435302	0.018031000079023807	6.655816458863844E-5	0.010810885422865754	0.31228999867571017	0.5346502536408099	0.7978550388028643	1.8451314520200768	0.22668547800140676	0.14924221985706682	1.4609018431358471	4.69590426569237	4.320817231859434	0.19402377559654993	0.31228999867571017	0.31228999867571017	0.31228999867571017	0	0.31228999867571017	0.31228999867571017	0	0.31228999867571017	0.31228999867571017	0	0.31228999867571017	0.31228999867571017	-567.6249127728032	-137.01446068013345
43	-702.8613347826758	-1005.2420787930394	-702.8613347826758	-302.3807440103635	8.305829250304157	0.08272517810012513	0.048718823692691204	0.07364767599501704	0.04856518508026436	0.017198408967554854	0.019072697382158624	0.06469713920835016	0.01876116408746037	0.03828301268229438	0.0677676117203437	0.005061242960203799	0.029018076410869828	0.008301717322632726	0.011887147267061401	0.052904247391691944	0.06199035497299296	0.0192005770578577	0.02601866175241528	0.02241400204620346	0.08057873575411242	0.008141196865740871	6.35084523544216E-4	0.011072321643206137	0.012981895305594002	0.0015078150066324125	0.009325381048017486	0.00935799123300872	0.010759118198222048	0.004669383724551376	0.029657940299214078	0.019326150561416164	0.005925892837353328	0.006499786141289973	0.012734744028859435	0.0032622572746905387	0.039300380777333985	0.018031000079023807	9.829022348708447E-5	0.013977671782910709	0.34833273752660454	0.5140855384390053	0.4280942185750054	1.375408565493378	0.3598760723699972	0.20624914055558072	1.3013422136312105	3.4307803859672856	3.4079125350655177	0.17186979574382893	0.34833273752660454	0.34833273752660454	0.34833273752660454	0	0.34833273752660454	0.34833273752660454	0	0.34833273752660454	0.34833273752660454	0	0.34833273752660454	0.34833273752660454	-565.618189090303	-137.24314569237293
44	-702.6249629634301	-1001.5543228474498	-702.6249629634301	-298.9293598840198	8.921717051813427	0.07819622577759532	0.048718823692691204	0.0956271061254656	0.04856518508026436	0.029077670482054105	0.023601649704688435	0.07531929374646637	0.025727874145636875	0.027660858144178166	0.05234921918937549	0.005061242960203799	0.029018076410869828	0.023720109853600943	0.011887147267061401	0.04593753733351544	0.05011109345849371	0.027466706354315015	0.02601866175241528	0.02241400204620346	0.05859930562366386	0.008141196865740871	6.35084523544216E-4	0.011072321643206137	0.012981895305594002	0.0015078150066324125	0.009325381048017486	0.00935799123300872	0.010759118198222048	0.004669383724551376	0.029657940299214078	0.019326150561416164	0.005925892837353328	0.006499786141289973	0.012734744028859435	0.0032622572746905387	0.03103425148087667	0.018031000079023807	1.6320092305063393E-4	0.01726086046290206	0.4681805985218022	0.45398534037033	0.41250428437122083	1.4733276268800888	0.4463659048826763	0.26116649214658727	1.2180656957688534	3.1389922179820826	3.3274784202552143	0.11433343759585463	0.4681805985218022	0.4681805985218022	0.4681805985218022	0	0.4681805985218022	0.4681805985218022	0	0.4681805985218022	0.4681805985218022	0	0.4681805985218022	0.4681805985218022	-582.8947797199721	-119.73018324345793
45	-701.8619370776403	-993.4865724469578	-701.8619370776403	-291.62463536931756	7.240808653696875	0.07819622577759532	0.048718823692691204	0.0956271061254656	0.02063147198086762	0.029077670482054105	0.023601649704688435	0.07531929374646637	0.025727874145636875	0.027660858144178166	0.05234921918937549	0.005061242960203799	0.03116070506822298	0.023720109853600943	0.0077748907521434235	0.04593753733351544	0.026793336299456433	0.027466706354315015	0.04933641891145256	0.02241400204620346	0.05712722800663669	0.008141196865740871	6.35084523544216E-4	0.03146273855871838	0.01445397292262117	0.0015078150066324125	0.019054849310518804	0.00935799123300872	0.010759118198222048	0.004669383724551376	0.029657940299214078	0.019326150561416164	0.013469189021237823	0.006499786141289973	0.012734744028859435	0.007374513789608517	0.03103425148087667	0.006158903159169338	9.935820113033364E-5	0.012368161522249978	0.40158970142936296	0.2939965649427103	0.36382624416200615	1.5826380621834972	0.5954859609786796	0.5073118930683626	2.4443428546105244	3.049291612929101	2.3162831941901336	0.15180215890591323	0.40158970142936296	0.40158970142936296	0.40158970142936296	0	0.40158970142936296	0.40158970142936296	0	0.40158970142936296	0.40158970142936296	0	0.40158970142936296	0.40158970142936296	-570.0535614441159	-131.80837563352438
46	-695.9546834783594	-1002.6071359745573	-695.9546834783594	-306.65245249619795	9.286442910172182	0.06937799857200798	0.048718823692691204	0.0956271061254656	0.0523862749287925	0.029077670482054105	0.023601649704688435	0.07531929374646637	0.025727874145636875	0.027660858144178166	0.05234921918937549	0.00663567623334313	0.03116070506822298	0.023720109853600943	0.0077748907521434235	0.04593753733351544	0.026793336299456433	0.027466706354315015	0.04933641891145256	0.02241400204620346	0.023797991785572487	0.008141196865740871	6.35084523544216E-4	0.03146273855871838	0.01445397292262117	0.0015078150066324125	0.019054849310518804	0.00935799123300872	0.010759118198222048	0.004669383724551376	0.029657940299214078	0.019326150561416164	0.013469189021237823	0.006499786141289973	0.012734744028859435	0.016192740995195853	0.03103425148087667	0.006158903159169338	3.9339517078215735E-4	0.011975714193975799	0.5445211273800568	0.34982099808699874	0.26053570465180187	1.3518579008739426	0.5315938432453122	0.4623190319354864	1.3344524725188562	2.5563694141100117	1.905413380003194	0.13514547315957287	0.5445211273800568	0.5445211273800568	0.5445211273800568	0	0.5445211273800568	0.5445211273800568	0	0.5445211273800568	0.5445211273800568	0	0.5445211273800568	0.5445211273800568	-560.8919795739961	-135.0627039043633
47	-693.5200662258881	-1004.2403561570783	-693.5200662258881	-310.7202899311902	10.99018680177809	0.08766189760369102	0.018657787903820444	0.0956271061254656	0.04321171850027122	0.029077670482054105	0.023601649704688435	0.07531929374646637	0.025727874145636875	0.009376959112495128	0.05872086553472097	0.00663567623334313	0.03116070506822298	0.023720109853600943	0.0077748907521434235	0.05915746943456976	0.026793336299456433	0.022348051664098686	0.049408217402064455	0.02241400204620346	0.023797991785572487	0.008141196865740871	6.35084523544216E-4	0.018171007967052163	0.01445397292262117	0.0015078150066324125	0.019054849310518804	0.018532547661529994	0.03228020883620951	0.004669383724551376	0.013255504351442945	0.019326150561416164	0.0070975426758923404	0.006499786141289973	0.012734744028859435	0.046253776784066614	0.03103425148087667	0.006158903159169338	8.5413202643839E-5	0.010239660000001316	0.4123928615802825	0.2952415578911743	0.28984078726767426	0.5744580920597921	0.498484727487403	0.4701489958644517	1.843739033191937	2.3407098863776863	1.6506185627850736	0.12692065534334723	0.4123928615802825	0.4123928615802825	0.4123928615802825	0	0.4123928615802825	0.4123928615802825	0	0.4123928615802825	0.4123928615802825	0	0.4123928615802825	0.4123928615802825	-558.5735804558207	-134.94648577006743
48	-692.541686799702	-985.9215644375929	-692.541686799702	-293.3798776378909	8.779493826014178	0.13703378029767233	0.018657787903820444	0.046255223431484305	0.04321171850027122	0.029077670482054105	0.023601649704688435	0.05913460209244467	0.03585447913068823	0.009376959112495128	0.007639892555226541	0.00663567623334313	0.03116070506822298	0.0022208417964799526	0.0077748907521434235	0.10011183742901283	0.026793336299456433	0.022348051664098686	0.0741600866465658	0.02241400204620346	0.01149327764886618	0.008141196865740871	6.35084523544216E-4	0.018171007967052163	0.01445397292262117	0.023007083063753403	0.0352395409645405	0.018532547661529994	0.03228020883620951	0.004669383724551376	0.013255504351442945	0.019326150561416164	0.0070975426758923404	0.01880450027799628	0.012734744028859435	0.021501907539565268	0.03103425148087667	0.006158903159169338	4.6932898577553285E-5	0.009429014016648158	0.46476582791574855	0.2604678182958738	0.23450336421220833	0.33141238654952626	0.7498386334977913	0.3597635502987094	1.385950959897407	2.101170380128511	1.5076006245627385	0.1069063251377362	0.46476582791574855	0.46476582791574855	0.46476582791574855	0	0.46476582791574855	0.46476582791574855	0	0.46476582791574855	0.46476582791574855	0	0.46476582791574855	0.46476582791574855	-573.8335138141302	-118.7081729855718
49	-687.0965692704916	-980.035095739126	-687.0965692704916	-292.93852646863434	7.170731084206846	0.09856676072574777	0.005440680031901901	0.046255223431484305	0.024370326104403317	0.05392583748762046	0.028124165879418975	0.05913460209244467	0.03585447913068823	0.009376959112495128	0.007639892555226541	0.00663567623334313	0.009566426825212013	0.0022208417964799526	0.0077748907521434235	0.10011183742901283	0.026793336299456433	0.022348051664098686	0.0741600866465658	0.01789148587147292	0.01149327764886618	0.008141196865740871	6.35084523544216E-4	0.018171007967052163	0.036048251165632136	0.023007083063753403	0.0352395409645405	0.018532547661529994	0.03228020883620951	0.004669383724551376	0.013255504351442945	0.019326150561416164	0.025938935071760247	0.03242335284435448	0.012734744028859435	0.03471901541148381	0.03103425148087667	0.006158903159169338	3.5640320341519835E-5	0.0064266479335241995	0.408153465616118	0.2951203220117091	0.2558222097532217	0.31270671597570626	1.2166710595216337	0.36439805675849457	1.8333277179355316	2.183975317555116	2.136621325377887	0.11609651467991798	0.408153465616118	0.408153465616118	0.408153465616118	0	0.408153465616118	0.408153465616118	0	0.408153465616118	0.408153465616118	0	0.408153465616118	0.408153465616118	-537.2062017933104	-149.8903674771813
50	-683.3703326631817	-1001.8237213475398	-683.3703326631817	-318.4533886843582	9.62235985737645	0.09856676072574777	0.005440680031901901	0.046255223431484305	0.024370326104403317	0.034050083569317144	0.028124165879418975	0.0380818702555594	0.03585447913068823	0.009376959112495128	0.007639892555226541	0.00663567623334313	0.009566426825212013	0.0022208417964799526	0.0077748907521434235	0.10011183742901283	0.026793336299456433	0.022348051664098686	0.0741600866465658	0.01789148587147292	0.009575492031187322	0.008141196865740871	0.01484612093516291	0.018171007967052163	0.036048251165632136	0.04288283698205672	0.0352395409645405	0.018532547661529994	0.03228020883620951	0.004669383724551376	0.013255504351442945	0.02124393617909502	0.025938935071760247	0.018212316432735784	0.012734744028859435	0.03471901541148381	0.052086983317761945	0.006158903159169338	3.944257385708443E-4	0.014304972287305706	0.3416830993805558	0.32436828446648214	0.23878991688826062	0.3899755645828943	1.3059550964892386	0.24328636104480938	0.9566102735975277	2.343465463047849	3.946708996999367	0.1715050894721791	0.3416830993805558	0.3416830993805558	0.3416830993805558	0	0.3416830993805558	0.3416830993805558	0	0.3416830993805558	0.3416830993805558	0	0.3416830993805558	0.3416830993805558	-558.8223406613436	-124.5479920018381
51	-681.5568433632451	-985.8978363309895	-681.5568433632451	-304.3409929677445	8.415383858548434	0.09856676072574777	0.005440680031901901	0.046255223431484305	0.024370326104403317	0.034050083569317144	0.016859074921572084	0.0380818702555594	0.02959298800979221	0.009376959112495128	0.007639892555226541	0.00663567623334313	0.009566426825212013	0.008482332917375976	0.0077748907521434235	0.10011183742901283	0.026793336299456433	0.022348051664098686	0.02891320945676433	0.01789148587147292	0.05482236922098879	0.01363422564016524	0.005495688544756017	0.018171007967052163	0.036048251165632136	0.04288283698205672	0.0352395409645405	0.018532547661529994	0.03228020883620951	0.004669383724551376	0.013255504351442945	0.02124393617909502	0.025938935071760247	0.018212316432735784	0.02785723860268885	0.03471901541148381	0.052086983317761945	0.006158903159169338	2.89451371956682E-4	0.01334919193798459	0.28634197682377277	0.43299227539122115	0.2369392790562209	0.3476395860885557	1.590984801329463	0.23492726473458583	0.6942796279486534	2.0971988863248097	1.9347739764229825	0.11367167300223179	0.28634197682377277	0.28634197682377277	0.28634197682377277	0	0.28634197682377277	0.28634197682377277	0	0.28634197682377277	0.28634197682377277	0	0.28634197682377277	0.28634197682377277	-545.4607086373127	-136.0961347259324
52	-679.7145906314186	-980.0623853439674	-679.7145906314186	-300.3477947125488	6.389574010797977	0.09856676072574777	0.0067773081587078066	0.046255223431484305	0.024370326104403317	0.034050083569317144	0.016859074921572084	0.016439155979472958	0.02959298800979221	0.009376959112495128	0.007639892555226541	0.00663567623334313	0.008229798698406107	0.030238394563744095	0.0077748907521434235	0.08735864787318601	0.026793336299456433	0.022348051664098686	0.02891320945676433	0.03953420014755936	0.05482236922098879	0.01363422564016524	0.005495688544756017	0.018171007967052163	0.036048251165632136	0.04288283698205672	0.0352395409645405	0.018532547661529994	0.03228020883620951	0.004669383724551376	0.013255504351442945	0.02124393617909502	0.004182873425392128	0.018212316432735784	0.063900924343124	0.03471901541148381	0.016043297577326796	0.018912092714996165	3.2570760822474835E-4	0.010943533021258738	0.23504901563908745	0.3584497307397034	0.3524731911574562	0.3005871194159197	1.3629681842032157	0.36983817585875106	0.3923492563616837	1.5312635095178022	1.8160711633768107	0.10590217650725653	0.23504901563908745	0.23504901563908745	0.23504901563908745	0	0.23504901563908745	0.23504901563908745	0	0.23504901563908745	0.23504901563908745	0	0.23504901563908745	0.23504901563908745	-546.1814597360092	-133.53313089540944
53	-673.8000065927853	-967.2360991641362	-673.8000065927853	-293.43609257135097	6.287153343102961	0.09856676072574777	0.0067773081587078066	0.046255223431484305	0.024370326104403317	0.034050083569317144	0.032932098574370475	0.016439155979472958	0.02959298800979221	0.009376959112495128	0.007639892555226541	0.00663567623334313	0.008229798698406107	0.013654095296207189	0.0077748907521434235	0.08735864787318601	0.026793336299456433	0.032291721396516246	0.026176553054143667	0.02346117649476097	0.05482236922098879	0.01363422564016524	0.01765339718097203	0.008227338234634604	0.036048251165632136	0.04288283698205672	0.0352395409645405	0.018532547661529994	0.03228020883620951	0.004669383724551376	0.032576460021600515	0.009086227542879008	0.004182873425392128	0.018212316432735784	0.063900924343124	0.03471901541148381	0.016043297577326796	0.018912092714996165	7.500156137366133E-4	0.009548125088859686	0.24267805180017535	0.1805418879957944	0.34975626553202904	0.3170223107196329	0.8277157768004474	0.36272488223358773	0.6749030524784462	1.9681083391866803	2.7580728593093915	0.09505900427388594	0.24267805180017535	0.24267805180017535	0.24267805180017535	0	0.24267805180017535	0.24267805180017535	0	0.24267805180017535	0.24267805180017535	0	0.24267805180017535	0.24267805180017535	-549.5051113250213	-124.29489526776395
54	-672.4396320234055	-963.3149762873032	-672.4396320234055	-290.8753442638978	6.82164416814436	0.09856676072574777	0.0067773081587078066	0.03358363119235791	0.024370326104403317	0.034050083569317144	0.032932098574370475	0.016439155979472958	0.02959298800979221	0.009376959112495128	0.020311484794352935	0.025736612953629362	0.008229798698406107	0.013654095296207189	0.0077748907521434235	0.08735864787318601	0.042488254696344735	0.019246797133317325	0.026176553054143667	0.0135625530378327	0.05482236922098879	0.01363422564016524	0.023656344968982057	0.008227338234634604	0.036048251165632136	0.04288283698205672	0.029236593176530476	0.018532547661529994	0.013179272115923277	0.004669383724551376	0.04247508347852878	0.009086227542879008	0.004182873425392128	0.031257240695934704	0.063900924343124	0.03471901541148381	0.016043297577326796	0.0032171743181078627	1.0894849108214198E-4	0.014681923309607702	0.33385980029414397	0.1434358149449075	0.2030974240202447	0.4527255513352684	1.0563403275580907	0.3845999157873632	0.5460437054012499	2.0380067687818855	3.5585980202886773	0.14259892186027445	0.33385980029414397	0.33385980029414397	0.33385980029414397	0	0.33385980029414397	0.33385980029414397	0	0.33385980029414397	0.33385980029414397	0	0.33385980029414397	0.33385980029414397	-538.5840987801931	-133.85553324321236
55	-667.8537822646657	-972.5614671279222	-667.8537822646657	-304.7076848632566	7.582413116396076	0.12101513227863148	0.0067773081587078066	0.011135259639474204	0.024370326104403317	0.034050083569317144	0.032932098574370475	0.016439155979472958	0.02959298800979221	0.009376959112495128	0.020311484794352935	0.0687017462436422	0.008229798698406107	0.013654095296207189	0.0077748907521434235	0.04739724994416225	0.042488254696344735	0.019246797133317325	0.026176553054143667	0.0135625530378327	0.05482236922098879	0.01363422564016524	0.023656344968982057	0.008227338234634604	0.036048251165632136	0.04288283698205672	0.029236593176530476	0.018532547661529994	0.013179272115923277	0.004669383724551376	0.034938238012173536	0.009086227542879008	0.004182873425392128	0.031257240695934704	0.063900924343124	0.03471901541148381	0.020576407682692963	0.0032171743181078627	4.0200571433254075E-4	0.011692888825428512	0.6109492766649952	0.17498110910414402	0.32346906552346755	0.6054241569218001	1.2501205209029798	0.5290566653394707	0.3563537277244892	1.8733857147927604	5.625142418648988	0.137857003509717	0.6109492766649952	0.6109492766649952	0.6109492766649952	0	0.6109492766649952	0.6109492766649952	0	0.6109492766649952	0.6109492766649952	0	0.6109492766649952	0.6109492766649952	-542.3313326923046	-125.52244957236108
56	-665.7789893731037	-955.7230626271478	-665.7789893731037	-289.9440732540441	6.841048183873204	0.12101513227863148	0.0067773081587078066	0.011135259639474204	0.024370326104403317	0.034050083569317144	0.032932098574370475	0.016439155979472958	0.02959298800979221	0.009376959112495128	0.020311484794352935	0.0721809941106891	0.008229798698406107	0.013654095296207189	0.0077748907521434235	0.04739724994416225	0.05625269090265869	0.019246797133317325	0.026176553054143667	0.0135625530378327	0.017157171236630048	0.017997982607230165	0.023656344968982057	0.008227338234634604	0.036048251165632136	0.04288283698205672	0.029236593176530476	0.018532547661529994	0.013179272115923277	0.004669383724551376	0.034938238012173536	0.009086227542879008	0.004182873425392128	0.031257240695934704	0.063900924343124	0.030355258444418887	0.020576407682692963	0.023638688229105753	1.9096955400001414E-4	0.01379601280970323	0.6020317462672159	0.21324508074694937	0.4221321175050288	0.9915260207325262	1.2253914492003866	0.44956437329439103	0.448429589701598	1.5841471451397118	4.330688115690596	0.130944485449613	0.6020317462672159	0.6020317462672159	0.6020317462672159	0	0.6020317462672159	0.6020317462672159	0	0.6020317462672159	0.6020317462672159	0	0.6020317462672159	0.6020317462672159	-539.7190403237324	-126.05994904937126
57	-662.4638861452839	-959.647256275837	-662.4638861452839	-297.18337013055304	7.9216463598886	0.12101513227863148	0.0067773081587078066	0.011135259639474204	0.024370326104403317	0.034050083569317144	0.032932098574370475	0.016439155979472958	0.022823031377480707	0.009376959112495128	0.017866117436667855	0.0721809941106891	0.008229798698406107	0.013654095296207189	0.014544847384454926	0.04739724994416225	0.05625269090265869	0.019246797133317325	0.026176553054143667	0.0135625530378327	0.017157171236630048	0.017997982607230165	0.023656344968982057	0.008227338234634604	0.02164677462963037	0.05728431351805849	0.029236593176530476	0.018532547661529994	0.013179272115923277	0.004669383724551376	0.034938238012173536	0.009086227542879008	0.006628240783077208	0.031257240695934704	0.063900924343124	0.030355258444418887	0.020576407682692963	0.023638688229105753	3.0449239812349645E-5	0.015039823398599161	0.5708464660564948	0.1823141103711029	0.48254266651264505	0.8671720322774713	2.2566898114264347	0.808299891412469	0.7283229122163798	1.7563464452990911	3.8771637720052334	0.07751805797201061	0.5708464660564948	0.5708464660564948	0.5708464660564948	0	0.5708464660564948	0.5708464660564948	0	0.5708464660564948	0.5708464660564948	0	0.5708464660564948	0.5708464660564948	-557.2670047375696	-105.19688140771441
58	-662.1449060730679	-960.4095064582348	-662.1449060730679	-298.2646003851669	6.9539422630323555	0.026597232027162243	0.0067773081587078066	0.011135259639474204	0.05693380826275424	0.034050083569317144	0.032932098574370475	0.016439155979472958	0.022823031377480707	0.009376959112495128	0.017866117436667855	0.0721809941106891	0.008229798698406107	0.013654095296207189	0.07586729663959278	0.04739724994416225	0.05625269090265869	0.019246797133317325	0.026176553054143667	0.0135625530378327	0.017157171236630048	0.017997982607230165	0.023656344968982057	0.008227338234634604	0.02164677462963037	0.024720831359707568	0.029236593176530476	0.018532547661529994	0.013179272115923277	0.004669383724551376	0.034938238012173536	0.009086227542879008	0.006628240783077208	0.031257240695934704	0.063900924343124	0.06345070944075026	0.020576407682692963	0.023638688229105753	1.6196163727120498E-4	0.008732608551662397	0.5829774618603114	0.18745061162066842	0.585163817720663	0.7060949005330488	1.83180495675941	0.7097543294398465	1.0554351763387297	2.0135764191847056	3.0349074541511873	0.13366297859796805	0.5829774618603114	0.5829774618603114	0.5829774618603114	0	0.5829774618603114	0.5829774618603114	0	0.5829774618603114	0.5829774618603114	0	0.5829774618603114	0.5829774618603114	-530.0034446340038	-132.14146143906405
59	-660.77817393268	-944.209564690186	-660.77817393268	-283.43139075750594	7.057323102482639	0.026597232027162243	0.0067773081587078066	0.011135259639474204	0.05693380826275424	0.034050083569317144	0.026544141358641207	0.016439155979472958	0.022823031377480707	0.009376959112495128	0.016062750727206615	0.05468646889525494	0.008229798698406107	0.018399126597298462	0.07586729663959278	0.06895806405035929	0.01995706033828301	0.05639059175843085	0.026176553054143667	0.0242002257021766	0.012412139935538774	0.055134486375321576	0.023656344968982057	0.008227338234634604	0.003318370844865956	0.024720831359707568	0.007675779070333441	0.018532547661529994	0.01834012129373795	0.004669383724551376	0.005609289087381439	0.009086227542879008	0.002378525334462575	0.031257240695934704	0.0452680692288262	0.09974634000512594	0.01409469287996333	0.03626735520956548	9.583361184592301E-5	0.013439764341574015	0.6489065087417348	0.19118491951570538	0.742219481235152	0.6469470184702707	1.9824213497786678	0.5900961437462198	0.7341352487453134	2.1465475644085585	4.166850256843077	0.08515880331070494	0.6489065087417348	0.6489065087417348	0.6489065087417348	0	0.6489065087417348	0.6489065087417348	0	0.6489065087417348	0.6489065087417348	0	0.6489065087417348	0.6489065087417348	-523.6295078908898	-137.14866604179016
60	-659.8977378569082	-941.8838448584065	-659.8977378569082	-281.9861070014983	8.388279735498175	0.026597232027162243	0.0067773081587078066	0.011135259639474204	0.05693380826275424	0.034050083569317144	0.026544141358641207	0.016439155979472958	0.022823031377480707	0.009376959112495128	0.016062750727206615	0.05485340691683924	0.008229798698406107	0.018399126597298462	0.07489393456810199	0.05119814880013626	0.01995706033828301	0.05639059175843085	0.026176553054143667	0.024033287680592305	0.013385502007029565	0.055134486375321576	0.023656344968982057	0.008227338234634604	0.003318370844865956	0.024720831359707568	0.007675779070333441	0.018532547661529994	0.01834012129373795	0.004669383724551376	0.005609289087381439	0.009086227542879008	0.0201384405846856	0.031257240695934704	0.0452680692288262	0.09974634000512594	0.01409469287996333	0.03626735520956548	5.720369430107835E-5	0.019548583251988022	0.5335868895385969	0.1180770672455472	0.8596611578069648	0.9731474783330946	2.0051905085930715	1.0008956469749672	1.2986926642621823	2.3485786834842006	2.6499383281265962	0.1025356559833588	0.5335868895385969	0.5335868895385969	0.5335868895385969	0	0.5335868895385969	0.5335868895385969	0	0.5335868895385969	0.5335868895385969	0	0.5335868895385969	0.5335868895385969	-516.6103632812484	-143.28737457565978
61	-656.4111450393567	-949.572129384833	-656.4111450393567	-293.16098434547627	9.52817851094584	0.026597232027162243	0.014168173451393096	0.01826501227427485	0.04954294297006895	0.026920330934516498	0.026544141358641207	0.016439155979472958	0.022823031377480707	0.015068259705939932	0.016062750727206615	0.04916210632339443	0.008229798698406107	0.018399126597298462	0.01484468222026468	0.023906270277507774	0.0463716025844165	0.05639059175843085	0.0229938294309273	0.024033287680592305	0.013385502007029565	0.023800269076892686	0.023656344968982057	0.008227338234634604	0.003318370844865956	0.024720831359707568	0.010858502693549807	0.0785818000093673	0.01834012129373795	0.004669383724551376	0.025040305318113507	0.009086227542879008	0.0201384405846856	0.04403777804012653	0.0452680692288262	0.09974634000512594	0.01409469287996333	0.03626735520956548	1.1839048425919956E-4	0.008671717384840431	0.423829210747972	0.17598893940049454	0.4668202915924899	0.9891335242658198	2.065065270103362	1.2130563530860614	1.7295745441034205	2.6762834540725935	1.9147901772236195	0.13659542906858999	0.423829210747972	0.423829210747972	0.423829210747972	0	0.423829210747972	0.423829210747972	0	0.423829210747972	0.423829210747972	0	0.423829210747972	0.423829210747972	-534.6161502551838	-121.79499478417289
62	-655.3639880943571	-954.4661265680649	-655.3639880943571	-299.1021384737078	9.915868303252173	0.026597232027162243	0.014168173451393096	0.01826501227427485	0.04954294297006895	0.026920330934516498	0.010768819941883459	0.032214477396230706	0.022823031377480707	0.015068259705939932	0.044430029576660174	0.03389129253121689	0.008229798698406107	0.018399126597298462	0.01484468222026468	0.07682333435026809	0.0463716025844165	0.02814380689414263	0.006946964485199811	0.024596266348716575	0.013385502007029565	0.027252726183880735	0.023656344968982057	0.008227338234634604	0.019365235790593446	0.024720831359707568	0.010858502693549807	0.0486836174710019	0.01834012129373795	0.019940197516728916	0.025040305318113507	0.009086227542879008	0.0201384405846856	0.04002234226501421	0.0452680692288262	0.09974634000512594	0.01409469287996333	0.013127979690005231	8.09890292294271E-6	0.011011816069527404	0.5560352719762175	0.1866905057625197	0.4340983490647128	0.8871544350831155	1.2875524493057537	1.7876631606538746	2.3513984675723036	3.6492562497244663	1.4821035765284896	0.17830100245540154	0.5560352719762175	0.5560352719762175	0.5560352719762175	0	0.5560352719762175	0.5560352719762175	0	0.5560352719762175	0.5560352719762175	0	0.5560352719762175	0.5560352719762175	-543.3755554617537	-111.98843263260333
63	-653.8430340910559	-960.7971262527851	-653.8430340910559	-306.9540921617293	8.967604193825146	0.026597232027162243	0.014168173451393096	0.01826501227427485	0.04954294297006895	0.026920330934516498	0.010768819941883459	0.032214477396230706	0.022823031377480707	0.015068259705939932	0.044430029576660174	0.03389129253121689	0.011017447250155507	0.018399126597298462	0.01484468222026468	0.07403568579851869	0.0463716025844165	0.014477893589169274	0.006946964485199811	0.03495517836300009	0.013385502007029565	0.027252726183880735	0.023656344968982057	0.008227338234634604	0.019365235790593446	0.024720831359707568	0.010858502693549807	0.0486836174710019	0.01834012129373795	0.019940197516728916	0.025040305318113507	0.009086227542879008	0.009779528570402082	0.04002234226501421	0.0452680692288262	0.1134122533100993	0.01409469287996333	0.013127979690005231	1.1774243007916084E-4	0.009081337655757601	0.3930928009773521	0.2239580371514641	0.5013912630076802	0.7030025481427219	1.1720361533068124	1.0477335558939955	2.0680967591257557	2.984438867200466	0.9807857896138278	0.10463196154441869	0.3930928009773521	0.3930928009773521	0.3930928009773521	0	0.3930928009773521	0.3930928009773521	0	0.3930928009773521	0.3930928009773521	0	0.3930928009773521	0.3930928009773521	-534.9216708545687	-118.92136323648717
64	-653.5753760286025	-959.2978839154123	-653.5753760286025	-305.72250788680975	9.941521972414268	0.026597232027162243	0.03277347877019854	0.01826501227427485	0.039050139861025956	0.026920330934516498	0.010768819941883459	0.032214477396230706	0.022823031377480707	0.011111082851377171	0.03291706883559661	0.03389129253121689	0.011017447250155507	0.018399126597298462	0.01484468222026468	0.07403568579851869	0.03825910037465405	0.014477893589169274	0.006946964485199811	0.03495517836300009	0.013385502007029565	0.031209903038443496	0.023656344968982057	0.008227338234634604	0.020028097922627594	0.06437657789430115	0.010858502693549807	0.0486836174710019	0.0138763846340164	0.019940197516728916	0.025040305318113507	0.009086227542879008	0.009779528570402082	3.665957304206241E-4	0.044605207096792054	0.1293889507108844	0.01409469287996333	0.013127979690005231	1.46068879593432E-4	0.011811434977977266	0.37475267065287327	0.24015106707222975	0.3749121598840661	0.5536750397661239	1.3448781687946847	1.0317797161002389	1.3199270529394063	1.4125556965451092	1.304333716129823	0.09373874305979028	0.37475267065287327	0.37475267065287327	0.37475267065287327	0	0.37475267065287327	0.37475267065287327	0	0.37475267065287327	0.37475267065287327	0	0.37475267065287327	0.37475267065287327	-547.239422140871	-106.33595388773145
65	-648.6794197522727	-955.7879232843372	-648.6794197522727	-307.10850353206456	10.259621105247694	0.026597232027162243	0.03277347877019854	0.01826501227427485	0.039050139861025956	0.026920330934516498	0.010768819941883459	0.032214477396230706	0.022823031377480707	0.011111082851377171	0.03291706883559661	0.03389129253121689	0.011017447250155507	0.018399126597298462	0.01484468222026468	0.043062102499967864	0.03825910037465405	0.02106040860874668	0.006946964485199811	0.03495517836300009	0.013385502007029565	0.031209903038443496	0.01707382994940465	0.008227338234634604	0.008465873653454956	0.06437657789430115	0.010858502693549807	0.0486836174710019	0.0138763846340164	0.019940197516728916	0.025040305318113507	0.04005981084142983	0.061869234484594124	3.665957304206241E-4	0.044605207096792054	0.07729924479669237	0.01409469287996333	0.02469020395917787	1.726012813904643E-4	0.012387557978031363	0.493881169954599	0.19502191962089338	0.29281335608267683	0.6011547633764217	1.689291787591636	0.9423861891862002	1.5020659697609609	1.3299051319856805	0.8185490676528826	0.14598748385175345	0.493881169954599	0.493881169954599	0.493881169954599	0	0.493881169954599	0.493881169954599	0	0.493881169954599	0.493881169954599	0	0.493881169954599	0.493881169954599	-526.2448812621665	-122.43453849010625
66	-646.9773649100479	-956.7981575025972	-646.9773649100479	-309.82079259254925	10.874890423845258	0.026597232027162243	0.03277347877019854	0.01826501227427485	0.039050139861025956	0.026920330934516498	0.010768819941883459	0.032214477396230706	0.022823031377480707	0.011111082851377171	0.026905084427556875	0.03389129253121689	0.011017447250155507	0.03252327520783703	0.01484468222026468	0.0490740869080076	0.03825910037465405	0.02106040860874668	0.006946964485199811	0.043609366344727105	0.013385502007029565	0.031209903038443496	0.01707382994940465	0.008227338234634604	0.008465873653454956	0.050252429283762584	0.0060136898368997466	0.0486836174710019	0.0138763846340164	0.019940197516728916	0.057088258211232853	0.04005981084142983	0.04184633957481719	0.0052114085870706844	0.06462810200656899	0.03659710392184601	0.01409469287996333	0.02469020395917787	3.514291535605304E-5	0.007860691369019355	0.3346948441826642	0.20341885234448404	0.298218652605743	0.5929169037030306	2.8945649668669997	0.8504888043345353	1.2658775131303632	1.5309368277115183	0.9879969571267642	0.13295062173769795	0.3346948441826642	0.3346948441826642	0.3346948441826642	0	0.3346948441826642	0.3346948441826642	0	0.3346948441826642	0.3346948441826642	0	0.3346948441826642	0.3346948441826642	-528.8347315136546	-118.14263339639328
67	-646.6576221889048	-954.3247920384672	-646.6576221889048	-307.6671698495624	10.324912264171248	0.026597232027162243	0.054968115526041306	0.01826501227427485	0.028340267603036706	0.026920330934516498	0.010768819941883459	0.019978671816059917	0.022823031377480707	0.007039197322616028	0.026905084427556875	0.03389129253121689	0.01508933277891665	0.03252327520783703	0.01484468222026468	0.06130989248817839	0.02520437471873946	0.02106040860874668	0.006946964485199811	0.043609366344727105	0.013385502007029565	0.029756319741795365	0.01707382994940465	0.008227338234634604	0.020629329208092337	0.050252429283762584	0.0060136898368997466	0.0486836174710019	0.0138763846340164	0.019940197516728916	0.034893621455390086	0.04005981084142983	0.05490106523073178	0.0052114085870706844	0.06462810200656899	0.03659710392184601	0.01409469287996333	0.02469020395917787	2.7529030336920974E-5	0.012642844543092915	0.31911091700095007	0.19552048061362076	0.23116017045499765	0.7498556018531832	3.72249534371974	0.8304708239683044	1.2937574511621193	1.145588228233439	1.1009244182858764	0.12959369170412874	0.31911091700095007	0.31911091700095007	0.31911091700095007	0	0.31911091700095007	0.31911091700095007	0	0.31911091700095007	0.31911091700095007	0	0.31911091700095007	0.31911091700095007	-536.8968564925149	-109.76076569638997
68	-642.4820657626041	-949.5537228130198	-642.4820657626041	-307.07165705041575	9.808187138073805	0.038586646042067296	0.03221214036345699	0.01826501227427485	0.0260407183223082	0.026920330934516498	0.03159590857190926	0.007989257801154864	0.022823031377480707	0.007039197322616028	0.027249814423680324	0.03389129253121689	0.020762601251331433	0.03252327520783703	0.0405794498973676	0.03586334483726436	0.02007998146785203	0.02106040860874668	0.006946964485199811	0.043609366344727105	0.013385502007029565	0.029756319741795365	0.01707382994940465	0.008227338234634604	0.014956060735677554	0.050252429283762584	0.0060136898368997466	0.009800662740895291	0.04162248156565894	0.019940197516728916	0.034893621455390086	0.0322275165732112	0.05490106523073178	0.06685033847976161	0.018066245699440264	0.03659710392184601	0.018874356134727308	0.0325224982273965	1.3846909179602578E-4	0.012049312574903182	0.33277558919936284	0.2551350632166175	0.2324487308768177	0.5456376715946217	3.2665225940394276	0.6599725736365283	0.9557858179972782	1.6512265784447198	1.5429749074544443	0.09594890115394691	0.33277558919936284	0.33277558919936284	0.33277558919936284	0	0.33277558919936284	0.33277558919936284	0	0.33277558919936284	0.33277558919936284	0	0.33277558919936284	0.33277558919936284	-516.1894135110815	-126.29265225152254
69	-638.7172010887565	-934.9651776036885	-638.7172010887565	-296.24797651493196	13.26986179856241	0.038586646042067296	0.03221214036345699	0.01826501227427485	0.0260407183223082	0.026920330934516498	0.03159590857190926	0.007989257801154864	0.022823031377480707	0.007039197322616028	0.027249814423680324	0.03389129253121689	0.020762601251331433	0.03252327520783703	0.0405794498973676	0.03586334483726436	0.02007998146785203	0.02106040860874668	0.006946964485199811	0.043609366344727105	0.013385502007029565	0.02352126895441152	0.01707382994940465	0.008227338234634604	0.0211911115230614	0.050252429283762584	0.006561030939425935	0.009800662740895291	0.04162248156565894	0.019392856414202728	0.034893621455390086	0.0322275165732112	0.05490106523073178	0.06685033847976161	0.018066245699440264	0.03659710392184601	0.018874356134727308	0.0325224982273965	1.3993833742207993E-4	0.012993730534171726	0.2579765229341378	0.23154955335847693	0.31664427397496514	0.5640650013452412	2.1806904550917525	0.8764717854123467	0.6351686222916512	1.719297420770005	1.3234924346140438	0.12400956992190479	0.2579765229341378	0.2579765229341378	0.2579765229341378	0	0.2579765229341378	0.2579765229341378	0	0.2579765229341378	0.2579765229341378	0	0.2579765229341378	0.2579765229341378	-522.9950861583859	-115.7221149303706
70	-637.56696125668	-932.1442698648904	-637.56696125668	-294.5773086082104	12.20687140107088	0.038586646042067296	0.025438623775281388	0.01826501227427485	0.0260407183223082	0.026920330934516498	0.03159590857190926	0.007989257801154864	0.022823031377480707	0.007039197322616028	0.030436905742065673	0.03389129253121689	0.020762601251331433	0.03252327520783703	0.007535059059305169	0.03586334483726436	0.049810788010473755	0.02106040860874668	0.006946964485199811	0.04710808600635495	0.013385502007029565	0.02352126895441152	0.01707382994940465	0.041271729072697036	0.0211911115230614	0.02052162274114086	0.006561030939425935	0.009800662740895291	0.011045201983107197	0.019392856414202728	0.034893621455390086	0.06280479615576294	0.05490106523073178	0.06685033847976161	0.018066245699440264	0.03341001260346066	0.018874356134727308	0.03579729515394425	1.8405291424746187E-4	0.011218810168066197	0.1571119728063291	0.11974241187534253	0.33844929781827643	0.7636334642512214	1.697210263688423	0.829347865474009	0.5097047658965369	2.6931674720808427	0.9801545659943743	0.14277162508936414	0.1571119728063291	0.1571119728063291	0.1571119728063291	0	0.1571119728063291	0.1571119728063291	0	0.1571119728063291	0.1571119728063291	0	0.1571119728063291	0.1571119728063291	-524.0632678312578	-113.5036934254222
71	-633.321695690118	-948.4565298598822	-633.321695690118	-315.1348341697642	10.503102474829817	0.038586646042067296	0.02722363905398817	0.05585449440858853	0.024255703043601418	0.06462872881977398	0.0531192073378864	0.007989257801154864	0.01570448165655064	0.007039197322616028	0.03767977949116871	0.012367993765239754	0.020762601251331433	0.03252327520783703	0.041748435123113756	0.033875076778831475	0.049810788010473755	0.02106040860874668	0.00790600494256409	0.020013259663476432	0.013385502007029565	0.02352126895441152	0.01707382994940465	0.0026042907300752732	0.0211911115230614	0.02265901060834638	0.006561030939425935	0.009800662740895291	0.011045201983107197	0.019392856414202728	0.034893621455390086	0.06280479615576294	0.012056977405747946	0.06685033847976161	0.018066245699440264	0.03127262473625514	0.018874356134727308	0.03579729515394425	1.6639294380888422E-4	0.01103627707490992	0.10656212474635943	0.09872666655425437	0.3834079580750512	0.5911341808219192	1.5343569499953413	0.830295246338684	0.5755234732980086	5.893364303161982	0.7902921584208202	0.26420372418881016	0.10656212474635943	0.10656212474635943	0.10656212474635943	0	0.10656212474635943	0.10656212474635943	0	0.10656212474635943	0.10656212474635943	0	0.10656212474635943	0.10656212474635943	-498.26865338242237	-135.0530423076956
72	-627.9404337086115	-932.8092687814196	-627.9404337086115	-304.86883507280805	9.518879511599216	0.038586646042067296	0.02722363905398817	0.05585449440858853	0.01276428731960838	0.05313951583590247	0.0531192073378864	0.007989257801154864	0.0342642169551291	0.007039197322616028	0.03767977949116871	0.012367993765239754	0.020762601251331433	0.03252327520783703	0.041748435123113756	0.015315341480253014	0.049810788010473755	0.02106040860874668	0.00790600494256409	0.008013458781637048	0.013385502007029565	0.035521069836250904	0.01707382994940465	0.0026042907300752732	0.032682527247054435	0.02265901060834638	0.006561030939425935	0.009800662740895291	0.011045201983107197	0.03088206939807424	0.034893621455390086	0.06280479615576294	0.012056977405747946	0.06685033847976161	0.018066245699440264	0.03127262473625514	0.018874356134727308	0.03579729515394425	1.223661199809256E-4	0.008691703155460438	0.10103879793726613	0.08942193974716885	0.2669954374599864	0.3821027972639813	1.6186495743742357	1.2660191347019063	0.5884488846761843	6.554536824066426	0.5998013405116481	0.3462851488848759	0.10103879793726613	0.10103879793726613	0.10103879793726613	0	0.10103879793726613	0.10103879793726613	0	0.10103879793726613	0.10103879793726613	0	0.10103879793726613	0.10103879793726613	-493.328334034614	-134.6120996739975
73	-624.2990886738628	-923.6491904654181	-624.2990886738628	-299.3501017915553	9.518879511599216	0.035866950725107594	0.02722363905398817	0.05585449440858853	0.01276428731960838	0.05313951583590247	0.0531192073378864	0.01140765328976931	0.0342642169551291	0.052936042800963964	0.03767977949116871	0.022733616206420865	0.010396978810150323	0.03252327520783703	0.041748435123113756	0.015315341480253014	0.034994847595940265	0.02106040860874668	0.00790600494256409	0.008013458781637048	0.013385502007029565	0.004377834651022802	0.01707382994940465	0.0026042907300752732	0.032682527247054435	0.02265901060834638	0.006561030939425935	0.009800662740895291	0.011045201983107197	0.03088206939807424	0.020140011162270252	0.06280479615576294	0.012056977405747946	0.0816662788942951	0.018066245699440264	0.03127262473625514	0.018175655963072565	0.03579729515394425	1.2787262294182094E-4	0.009366263331305967	0.07767414207243865	0.061237231572710035	0.18129144359629737	0.2674589244615799	1.4726933291749607	2.0419147554351498	0.5002136308537946	7.8357069062824465	0.4042728264322277	0.5327585224596361	0.07767414207243865	0.07767414207243865	0.07767414207243865	0	0.07767414207243865	0.07767414207243865	0	0.07767414207243865	0.07767414207243865	0	0.07767414207243865	0.07767414207243865	-511.43193839590845	-112.86715027795432
74	-617.1444272924083	-926.2045874444251	-617.1444272924083	-309.0601601520168	8.689773513007244	0.02315815133469412	0.02722363905398817	0.05585449440858853	0.07950369606124869	0.021110870086646236	0.0531192073378864	0.025290190473383073	0.0342642169551291	0.052936042800963964	0.03767977949116871	0.01884362238280332	0.008938792450706931	0.03252327520783703	0.041748435123113756	0.015315341480253014	0.034994847595940265	0.028253000107976697	0.00790600494256409	0.008013458781637048	0.013385502007029565	0.004377834651022802	0.01707382994940465	0.0026042907300752732	0.032682527247054435	0.037121671788175575	0.006561030939425935	0.009800662740895291	0.011045201983107197	0.03088206939807424	0.025656219053453708	0.06280479615576294	0.012056977405747946	0.0149268701526548	0.035632230268867304	0.03273081109569853	0.02206564978669011	0.02191475797033049	1.8617296290483718E-4	0.012627681547977304	0.04912681745600447	0.07785285492050655	0.14574659958984046	0.2130460614957969	1.3082936086282098	1.7160448572379332	0.46563226815154546	6.678708308880786	0.5107711371812564	0.4129505683081639	0.04912681745600447	0.04912681745600447	0.04912681745600447	0	0.04912681745600447	0.04912681745600447	0	0.04912681745600447	0.04912681745600447	0	0.04912681745600447	0.04912681745600447	-495.1016160997706	-122.04281119263774
75	-616.1572455043463	-928.6461839673691	-616.1572455043463	-312.48893846302286	9.084355579324148	0.02315815133469412	0.02722363905398817	0.05585449440858853	0.07950369606124869	0.02777281088447779	0.05301978427238714	0.025290190473383073	0.020861315718838924	0.052936042800963964	0.03767977949116871	0.01884362238280332	0.008938792450706931	0.03252327520783703	0.041748435123113756	0.02871824271654319	0.034994847595940265	0.0014967934488221285	0.00790600494256409	0.008013458781637048	0.013385502007029565	0.004377834651022802	0.01707382994940465	0.0026042907300752732	0.032682527247054435	0.037121671788175575	0.006561030939425935	0.009800662740895291	0.011045201983107197	0.03088206939807424	0.025656219053453708	0.06280479615576294	0.012056977405747946	0.0149268701526548	0.035632230268867304	0.052825076957021544	0.02206564978669011	0.02201418103582975	2.7324980900770364E-4	0.011225508514472304	0.03261025124811808	0.10082465039610539	0.09572661444276791	0.1456602892771612	0.7694175412337872	2.162403347657776	0.6921660399876514	4.884235286088143	0.5345260495002869	0.4926684540739759	0.03261025124811808	0.03261025124811808	0.03261025124811808	0	0.03261025124811808	0.03261025124811808	0	0.03261025124811808	0.03261025124811808	0	0.03261025124811808	0.03261025124811808	-494.7522166366449	-121.40502886770142
76	-615.9948525725207	-922.8967121883586	-615.9948525725207	-306.90185961583785	7.646851123282996	0.030084036238403056	0.015948527922254208	0.05585449440858853	0.07950369606124869	0.020049036796978878	0.05301978427238714	0.021726642968485116	0.020861315718838924	0.008080508937387973	0.03767977949116871	0.06013165013585417	0.008938792450706931	0.03252327520783703	0.041748435123113756	0.02871824271654319	0.030016426182113948	0.0014967934488221285	0.00790600494256409	0.01158096489216219	0.013385502007029565	0.004377834651022802	0.01707382994940465	0.0026042907300752732	0.06350220705260033	0.037121671788175575	0.006561030939425935	0.009800662740895291	0.012661285998122537	0.03088206939807424	0.025656219053453708	0.031985116350217044	0.012056977405747946	0.0149268701526548	0.035632230268867304	0.052825076957021544	0.03334076091842407	0.029737955123328663	2.8558204768554176E-4	0.011072216657466862	0.07676084490395678	0.20508467162834038	0.1223331129917216	0.1077143153634649	0.6153162921144661	2.5697777637465764	0.7393621407126717	4.459271647564494	0.5276777354622958	0.2020636862063176	0.07676084490395678	0.07676084490395678	0.07676084490395678	0	0.07676084490395678	0.07676084490395678	0	0.07676084490395678	0.07676084490395678	0	0.07676084490395678	0.07676084490395678	-501.63747066223016	-114.35738191029057
77	-611.4484474992508	-894.859886926958	-611.4484474992508	-283.41143942770714	6.696951440958332	0.030084036238403056	0.015948527922254208	0.05585449440858853	0.054367253124251225	0.020049036796978878	0.05862625478024337	0.021726642968485116	0.020861315718838924	0.0024740384295317414	0.03767977949116871	0.06013165013585417	0.008938792450706931	0.03252327520783703	0.041748435123113756	0.02871824271654319	0.030016426182113948	0.0014967934488221285	0.03304244787956155	0.01158096489216219	0.013385502007029565	0.004377834651022802	0.01707382994940465	0.0026042907300752732	0.06350220705260033	0.037121671788175575	0.006561030939425935	0.009800662740895291	0.012661285998122537	0.03088206939807424	0.025656219053453708	0.031985116350217044	0.012056977405747946	0.0149268701526548	0.035632230268867304	0.052825076957021544	0.03334076091842407	0.029737955123328663	5.168224135895558E-5	0.01306326370834983	0.09224071614515801	0.18992444837904215	0.08080894431410265	0.10812876061984046	0.7362998926850929	3.6106396903631257	0.7836279305754623	5.047576056533126	0.8047830795749134	0.24540228009115478	0.09224071614515801	0.09224071614515801	0.09224071614515801	0	0.09224071614515801	0.09224071614515801	0	0.09224071614515801	0.09224071614515801	0	0.09224071614515801	0.09224071614515801	-492.86193264390243	-118.58651485534837
78	-609.920357912073	-900.7822021853203	-609.920357912073	-290.8618442732473	7.029786507025748	0.04277885664029191	0.015948527922254208	0.04315967400669968	0.054367253124251225	0.020049036796978878	0.04103934251159454	0.021726642968485116	0.027838249410638227	0.007887075574232835	0.03767977949116871	0.06013165013585417	0.008938792450706931	0.0575994106340809	0.041748435123113756	0.02871824271654319	0.024354644110572504	0.0014967934488221285	0.026065514187762248	0.01158096489216219	0.013385502007029565	0.004377834651022802	0.01707382994940465	0.0026042907300752732	0.06350220705260033	0.037121671788175575	0.006561030939425935	0.009800662740895291	0.01055734051846012	0.03088206939807424	0.025656219053453708	0.031985116350217044	0.01771875947728939	0.0149268701526548	0.02483391544623359	0.052825076957021544	0.03334076091842407	0.029737955123328663	3.125867805177147E-5	0.015047198566007674	0.08924482418032303	0.28081789615496133	0.06992686409950231	0.13001950450248304	1.073785274971715	2.769233393667002	0.5716556136867418	5.0759405040283765	0.5408687775311367	0.3938607650770533	0.08924482418032303	0.08924482418032303	0.08924482418032303	0	0.08924482418032303	0.08924482418032303	0	0.08924482418032303	0.08924482418032303	0	0.08924482418032303	0.08924482418032303	-470.9529597013268	-138.96739821074618
79	-608.2367833988556	-904.813532206233	-608.2367833988556	-296.57674880737744	9.12993085428314	0.04277885664029191	0.015948527922254208	0.029779278125474706	0.054367253124251225	0.02679830312738095	0.04103934251159454	0.021726642968485116	0.01418255567450516	0.007887075574232835	0.03767977949116871	0.06013165013585417	0.008938792450706931	0.0575994106340809	0.041748435123113756	0.02871824271654319	0.024354644110572504	0.022802421036110618	0.026065514187762248	0.01158096489216219	0.027041195743162633	0.004377834651022802	0.01707382994940465	0.0026042907300752732	0.06350220705260033	0.037121671788175575	0.006561030939425935	0.009800662740895291	0.02393773639968509	0.03088206939807424	0.025656219053453708	0.031985116350217044	0.01771875947728939	0.0149268701526548	0.02483391544623359	0.052825076957021544	0.00528586700073351	0.029737955123328663	2.745544624549952E-4	0.00981376864350837	0.0642149738712396	0.2760268498799063	0.05296170650394236	0.14917365576505867	0.9729249394854923	2.687026856851057	0.4300031154956026	7.282502983961079	0.8276941606268781	0.33290848751533364	0.0642149738712396	0.0642149738712396	0.0642149738712396	0	0.0642149738712396	0.0642149738712396	0	0.0642149738712396	0.0642149738712396	0	0.0642149738712396	0.0642149738712396	-492.4076091683812	-115.8291742304743
80	-607.2245083362609	-896.3617815422865	-607.2245083362609	-289.13727320602567	6.169794517604381	0.034685308547894755	0.015948527922254208	0.03592321940669213	0.054367253124251225	0.02679830312738095	0.04103934251159454	0.021726642968485116	0.01418255567450516	0.046275358898300464	0.03767977949116871	0.0660489205338016	0.011115070145156655	0.06048812147789827	0.041748435123113756	0.02871824271654319	0.024354644110572504	0.022802421036110618	0.026065514187762248	0.01158096489216219	0.027041195743162633	0.004377834651022802	0.01707382994940465	0.0026042907300752732	0.009128567287251518	0.037121671788175575	0.006561030939425935	0.003656721459677867	0.02393773639968509	0.03088206939807424	0.038752864650917526	0.031985116350217044	0.01771875947728939	0.0149268701526548	0.02483391544623359	0.052825076957021544	0.00528586700073351	0.029737955123328663	2.0549969312979712E-4	0.014856106667200988	0.06088233270814962	0.2336287708361388	0.043363734680823975	0.10991759620548788	0.9228979440774927	2.1013435454262543	0.41608723276689585	7.660571051991389	1.422078050727299	0.4587777295088398	0.06088233270814962	0.06088233270814962	0.06088233270814962	0	0.06088233270814962	0.06088233270814962	0	0.06088233270814962	0.06088233270814962	0	0.06088233270814962	0.06088233270814962	-487.04902011467334	-120.17548822158757
81	-607.1612589472415	-899.1207111775879	-607.1612589472415	-291.9594522303463	6.144276658675344	0.034685308547894755	0.015948527922254208	0.03592321940669213	0.054367253124251225	0.02679830312738095	0.062827938721377	0.060435928305997616	0.01418255567450516	0.046275358898300464	0.005095301539231073	0.054773190916368314	0.011115070145156655	0.01146302523295882	0.010811989873031877	0.02832241868618421	0.024354644110572504	0.05538689898804826	0.026065514187762248	0.01158096489216219	0.027041195743162633	0.004377834651022802	0.01707382994940465	0.0026042907300752732	0.009128567287251518	0.037121671788175575	0.006561030939425935	0.003656721459677867	0.016560720342613452	0.03088206939807424	0.09356942182822568	0.010196520140434581	0.01771875947728939	0.0149268701526548	0.030318184131298165	0.052825076957021544	0.00528586700073351	0.029737955123328663	7.578579555720626E-5	0.009256808744672676	0.10976661781543513	0.22604022043053068	0.05992735428186512	0.12354565571319732	0.6260746002307823	1.8284132589548305	0.810333584402471	4.680915539252021	1.1139333864631082	0.48337426232125724	0.10976661781543513	0.10976661781543513	0.10976661781543513	0	0.10976661781543513	0.10976661781543513	0	0.10976661781543513	0.10976661781543513	0	0.10976661781543513	0.10976661781543513	-472.29548577366404	-134.86577317357748
82	-605.7789850336653	-900.3259244636296	-605.7789850336653	-294.54693942996425	6.860620466256654	0.034685308547894755	0.015948527922254208	0.022774827760405902	0.054367253124251225	0.02679830312738095	0.06394134412219395	0.060435928305997616	0.01418255567450516	0.046275358898300464	0.005095301539231073	0.054773190916368314	0.011115070145156655	0.01724159536066948	0.004807016515240833	0.02832241868618421	0.024354644110572504	0.059975231150334526	0.016511586381451768	0.01158096489216219	0.027041195743162633	0.004377834651022802	0.012485497787118383	0.0026042907300752732	0.022276958933537747	0.0408970294667754	0.006561030939425935	0.00966169481746891	0.016560720342613452	0.03088206939807424	0.09356942182822568	0.010196520140434581	0.01771875947728939	0.0149268701526548	0.030318184131298165	0.052825076957021544	0.00528586700073351	0.028624549722511716	3.0170747055172552E-5	0.008910217685881757	0.11753685780190026	0.14747114916334728	0.05838815125915095	0.15225481853266948	1.0324437189793654	1.7722359442651976	0.6728230802269146	5.013238432389821	1.1466733292349474	0.6414095462561967	0.11753685780190026	0.11753685780190026	0.11753685780190026	0	0.11753685780190026	0.11753685780190026	0	0.11753685780190026	0.11753685780190026	0	0.11753685780190026	0.11753685780190026	-479.2060330942093	-126.57295193945596
83	-604.1253736602832	-897.9711947965407	-604.1253736602832	-293.8458211362575	6.403057972439011	0.034685308547894755	0.015948527922254208	0.022774827760405902	0.054367253124251225	0.02679830312738095	0.06394134412219395	0.060435928305997616	0.01418255567450516	0.008204019286178407	0.005095301539231073	0.054773190916368314	0.011115070145156655	0.011257978550426415	0.04287835612736289	0.038090693150400895	0.024354644110572504	0.059975231150334526	0.006743311917235081	0.01158096489216219	0.027041195743162633	0.004377834651022802	0.012485497787118383	0.0026042907300752732	0.022276958933537747	0.0408970294667754	0.006561030939425935	0.00966169481746891	0.016560720342613452	0.03088206939807424	0.09356942182822568	0.010196520140434581	0.01771875947728939	0.020910486962897865	0.030318184131298165	0.052825076957021544	0.00528586700073351	0.028624549722511716	1.0683929784488596E-4	0.012245281232296939	0.07162616482769565	0.1490493439441197	0.037034145460028506	0.15337490784817678	0.8238103259829259	2.395872950151904	0.9163909707710057	4.288341622726502	1.0716160774836372	0.41459876647862254	0.07162616482769565	0.07162616482769565	0.07162616482769565	0	0.07162616482769565	0.07162616482769565	0	0.07162616482769565	0.07162616482769565	0	0.07162616482769565	0.07162616482769565	-481.63405370767623	-122.49131995260696
84	-603.9178463360639	-896.8926538787653	-603.9178463360639	-292.9748075427014	7.491418011659045	0.034685308547894755	0.001165785534263608	0.022774827760405902	0.025719770790385954	0.02679830312738095	0.06394134412219395	0.060435928305997616	0.01418255567450516	0.008204019286178407	0.005095301539231073	0.0989407464555809	0.00885984275914685	0.011257978550426415	0.04287835612736289	0.038090693150400895	0.024354644110572504	0.059975231150334526	0.006743311917235081	0.02449027055972862	0.027925563064599118	0.004377834651022802	0.011601130465681897	0.0026042907300752732	0.022276958933537747	0.0408970294667754	0.006561030939425935	0.02444443720545951	0.016560720342613452	0.03088206939807424	0.049401866289013094	0.04604327838753551	0.04636624181115466	0.020910486962897865	0.030318184131298165	0.004069013042354186	0.007541094386743316	0.028624549722511716	6.249088425156758E-5	0.008757559781188258	0.06542621606542885	0.13300594064785168	0.04742754921658323	0.19946097298805623	0.6517117604881302	3.1022080099204983	0.7834904328409465	3.1461802937134005	0.8005531690290772	0.1863866973730688	0.06542621606542885	0.06542621606542885	0.06542621606542885	0	0.06542621606542885	0.06542621606542885	0	0.06542621606542885	0.06542621606542885	0	0.06542621606542885	0.06542621606542885	-496.2834160044071	-107.63443033165677
85	-602.977181559188	-904.8139991831907	-602.977181559188	-301.8368176240027	7.502016808530945	0.02308510495265248	0.001165785534263608	0.022774827760405902	0.025719770790385954	0.038398506722623224	0.029354598505257304	0.08577152798536278	0.01418255567450516	0.008204019286178407	0.005095301539231073	0.13352749207251755	0.008975436468667039	0.011257978550426415	0.04287835612736289	0.038090693150400895	0.024354644110572504	0.059975231150334526	0.006743311917235081	0.02449027055972862	0.027925563064599118	0.004377834651022802	0.011601130465681897	0.0026042907300752732	0.022276958933537747	0.04078143575725521	0.006561030939425935	0.02444443720545951	0.016560720342613452	0.03088206939807424	0.049401866289013094	0.04604327838753551	0.021030642131789498	0.020910486962897865	0.030318184131298165	0.004069013042354186	0.007541094386743316	0.028624549722511716	4.752819158784108E-5	0.010793067471157245	0.06666714787944163	0.18213043448509358	0.060086991548058716	0.3410436952745913	0.8972377692082228	3.2081719164822684	0.7872190328559282	2.1030229527605635	0.8496537572659196	0.26773086949489644	0.06666714787944163	0.06666714787944163	0.06666714787944163	0	0.06666714787944163	0.06666714787944163	0	0.06666714787944163	0.06666714787944163	0	0.06666714787944163	0.06666714787944163	-517.4955151936425	-85.48166636554554
86	-602.7350486116954	-899.0279459972438	-602.7350486116954	-296.2928973855484	9.025521919206525	0.05342836746719459	0.011220106991604917	0.022774827760405902	0.025719770790385954	0.038398506722623224	0.029354598505257304	0.08577152798536278	0.01418255567450516	0.008204019286178407	0.023142380692995318	0.11422245862499278	0.008975436468667039	0.011257978550426415	0.024831276973598645	0.038090693150400895	0.024354644110572504	0.059975231150334526	0.006743311917235081	0.013452041492711272	0.027925563064599118	0.004377834651022802	0.011601130465681897	0.0026042907300752732	0.012222637476196438	0.04078143575725521	0.006561030939425935	0.02444443720545951	0.016560720342613452	0.03088206939807424	0.049401866289013094	0.04604327838753551	0.021030642131789498	0.020910486962897865	0.030318184131298165	0.004069013042354186	0.007541094386743316	0.028624549722511716	9.225611834176627E-5	0.01550180546800222	0.05760962738224447	0.3815615361051248	0.05290491511938618	0.31258653725381635	0.723384436833782	1.850889819765181	0.9614297705481251	2.650124639736046	1.0206896124849931	0.20795599865741618	0.05760962738224447	0.05760962738224447	0.05760962738224447	0	0.05760962738224447	0.05760962738224447	0	0.05760962738224447	0.05760962738224447	0	0.05760962738224447	0.05760962738224447	-500.9797283200792	-101.75532029161624
87	-598.464674772225	-894.5151987239201	-598.464674772225	-296.05052395169514	10.917283669989082	0.05342836746719459	0.011220106991604917	0.0070934943177800025	0.025719770790385954	0.038398506722623224	0.029354598505257304	0.08577152798536278	0.01418255567450516	0.008204019286178407	0.023142380692995318	0.11422245862499278	0.008975436468667039	0.011257978550426415	0.040512610416224545	0.038090693150400895	0.024354644110572504	0.059975231150334526	0.006743311917235081	0.029573949258662843	0.027925563064599118	0.004377834651022802	0.011601130465681897	0.0026042907300752732	0.007849030382308095	0.04078143575725521	0.006561030939425935	0.02444443720545951	0.016560720342613452	0.03088206939807424	0.049401866289013094	0.04604327838753551	0.021030642131789498	0.009162186290834637	0.030318184131298165	0.004069013042354186	0.007541094386743316	0.028624549722511716	1.2661643634306614E-4	0.013120809836726798	0.05195725948530478	0.5044941188727421	0.05316954624198002	0.4191819811136538	0.6791232311934514	2.1428188654930933	2.0881139325057894	3.6600397140059475	0.8035749204701089	0.1460588191265508	0.05195725948530478	0.05195725948530478	0.05195725948530478	0	0.05195725948530478	0.05195725948530478	0	0.05195725948530478	0.05195725948530478	0	0.05195725948530478	0.05195725948530478	-498.75986594475233	-99.70480882747262
88	-594.5031775286296	-890.7650951656951	-594.5031775286296	-296.2619176370655	8.513336034055085	0.05342836746719459	0.011220106991604917	0.0070934943177800025	0.02850499778024601	0.038398506722623224	0.029354598505257304	0.12921214322742267	0.01418255567450516	0.008204019286178407	0.023142380692995318	0.11422245862499278	0.008975436468667039	0.011257978550426415	0.040512610416224545	0.038090693150400895	0.024354644110572504	0.059975231150334526	0.006743311917235081	0.029573949258662843	0.027925563064599118	0.004377834651022802	0.00881590347582184	0.0026042907300752732	0.007849030382308095	0.04078143575725521	0.006561030939425935	0.02444443720545951	0.016560720342613452	0.03088206939807424	0.049401866289013094	0.0026026631454756227	0.021030642131789498	0.009162186290834637	0.030318184131298165	0.004069013042354186	0.007541094386743316	0.028624549722511716	3.524281649897101E-5	0.009788610836315804	0.0808742547353253	0.4276476809210088	0.05590831838156723	0.6185155809579801	0.5453280767891855	2.3849942659347203	1.9798430764475254	3.171132749133957	1.06291704641815	0.13965459576292905	0.0808742547353253	0.0808742547353253	0.0808742547353253	0	0.0808742547353253	0.0808742547353253	0	0.0808742547353253	0.0808742547353253	0	0.0808742547353253	0.0808742547353253	-475.64015340166503	-118.86302412696463
89	-588.708061119249	-892.9059672812618	-588.708061119249	-304.19790616201277	8.053111737492623	0.05342836746719459	0.011220106991604917	0.0070934943177800025	0.021294873617660526	0.038398506722623224	0.029354598505257304	0.043383473901034336	0.013619936382737452	0.008204019286178407	0.023142380692995318	0.11422245862499278	0.012569723517046869	0.0022986020854845884	0.040512610416224545	0.038090693150400895	0.024354644110572504	0.028499957522777217	0.006743311917235081	0.029573949258662843	0.027925563064599118	0.008556291056996165	0.00881590347582184	0.0026042907300752732	0.007849030382308095	0.04078143575725521	0.038036304566983245	0.02444443720545951	0.004550333583988916	0.03088206939807424	0.049401866289013094	0.0026026631454756227	0.029990018596731324	0.009162186290834637	0.0423285708899227	0.004069013042354186	0.09336976371313165	0.028624549722511716	2.599183518428869E-4	0.012589132256802714	0.10499850890568709	0.3561537473590342	0.02981364373487332	0.3708542690688408	0.9061355203398012	2.730037196877172	2.552671686237277	3.0880357614210934	1.3922477015829464	0.25368325386729046	0.10499850890568709	0.10499850890568709	0.10499850890568709	0	0.10499850890568709	0.10499850890568709	0	0.10499850890568709	0.10499850890568709	0	0.10499850890568709	0.10499850890568709	-483.3097548533477	-105.39830626590127
90	-585.0048896750698	-887.4636447239706	-585.0048896750698	-302.4587550489008	8.149895274353504	0.0396515969859661	0.011220106991604917	0.0070934943177800025	0.021294873617660526	0.038398506722623224	0.029354598505257304	0.043383473901034336	0.027396706863965947	0.006286694625880815	0.023142380692995318	0.11422245862499278	0.012569723517046869	0.0022986020854845884	0.040512610416224545	0.038090693150400895	0.024354644110572504	0.03676074456850785	0.006743311917235081	0.029573949258662843	0.027925563064599118	0.008556291056996165	0.031677058816509396	0.0026042907300752732	0.007849030382308095	0.04078143575725521	0.038036304566983245	0.02444443720545951	0.004550333583988916	0.022621282352343605	0.049401866289013094	0.0026026631454756227	0.029990018596731324	0.01107951095113223	0.0423285708899227	0.004069013042354186	0.07050860837244409	0.028624549722511716	1.4859437370149924E-4	0.009628347234990176	0.13377417675247477	0.2893333352664735	0.02627351651261007	0.44416955116143353	0.6913428200640507	2.482192280103243	3.880566978422099	2.948925526995751	1.4585032087582817	0.38214509116368006	0.13377417675247477	0.13377417675247477	0.13377417675247477	0	0.13377417675247477	0.13377417675247477	0	0.13377417675247477	0.13377417675247477	0	0.13377417675247477	0.13377417675247477	-485.82215841511334	-99.1827312599564
91	-583.947342813033	-889.439787802912	-583.947342813033	-305.492444989879	8.664753370352868	0.051868818067224653	0.011220106991604917	0.01589087442686049	0.021294873617660526	0.038398506722623224	0.021868479261848497	0.03458609379195385	0.027396706863965947	0.006286694625880815	0.023142380692995318	0.11422245862499278	0.012569723517046869	0.0022986020854845884	0.040512610416224545	0.038090693150400895	0.024354644110572504	0.03676074456850785	0.006743311917235081	0.029573949258662843	0.016630229556455295	0.008556291056996165	0.031677058816509396	0.0026042907300752732	0.007849030382308095	0.04426458682176879	0.038036304566983245	0.02444443720545951	0.02443688935603426	0.019138131287830026	0.049401866289013094	0.0026026631454756227	0.029990018596731324	0.05630816215717303	0.017710913280027607	0.01536434655049801	0.025279957166403286	0.028624549722511716	2.7832080779922313E-5	0.01238046272850598	0.15651115106689167	0.4463173327351542	0.02894378356428824	0.47942740024345665	0.8614003701933471	3.3074655276860603	3.2244929658992425	2.5679550201870485	1.409747517961628	0.14578374800100846	0.15651115106689167	0.15651115106689167	0.15651115106689167	0	0.15651115106689167	0.15651115106689167	0	0.15651115106689167	0.15651115106689167	0	0.15651115106689167	0.15651115106689167	-491.74573660910255	-92.2016062039304
92	-582.328293724077	-889.9864769175107	-582.328293724077	-307.65818319343373	7.23842304784427	0.051868818067224653	0.011220106991604917	0.0420312146474337	0.021294873617660526	0.038398506722623224	0.034934134225061156	0.03458609379195385	0.038946664166527756	0.006286694625880815	0.021671756535777437	0.11422245862499278	0.012569723517046869	0.0029870172446599813	0.029599775792817237	0.038090693150400895	0.024354644110572504	0.03676074456850785	0.006743311917235081	0.029573949258662843	0.016630229556455295	0.008556291056996165	0.031677058816509396	0.0026042907300752732	0.009319654539525976	0.04426458682176879	0.038036304566983245	0.02444443720545951	0.012886932053472452	0.005384061165441975	0.023261526068439883	0.0026026631454756227	0.029990018596731324	0.05630816215717303	0.028623747903434915	0.01536434655049801	0.025279957166403286	0.028624549722511716	3.4693540231948844E-5	0.010041371618304566	0.1378615485147568	0.45923824268147617	0.036073481001686634	0.3250869845324029	0.7474751466993074	3.400730152798727	3.1129900009418057	3.0320687345342634	1.3232229076153073	0.13351125607961925	0.1378615485147568	0.1378615485147568	0.1378615485147568	0	0.1378615485147568	0.1378615485147568	0	0.1378615485147568	0.1378615485147568	0	0.1378615485147568	0.1378615485147568	-488.6877994439063	-93.64049428017066
93	-582.1657599759423	-875.4153460372736	-582.1657599759423	-293.24958606133134	10.660351015570338	0.051868818067224653	0.011220106991604917	0.0420312146474337	0.008299223538793365	0.038398506722623224	0.03155903991145277	0.03458609379195385	0.038946664166527756	0.006286694625880815	0.021671756535777437	0.0669032620707177	0.012569723517046869	0.0029870172446599813	0.029599775792817237	0.038090693150400895	0.024354644110572504	0.03676074456850785	0.027570262535147813	0.029573949258662843	0.029625879635322455	0.039366479182973854	0.031677058816509396	0.0026042907300752732	0.009319654539525976	0.013454398695791098	0.038036304566983245	0.02444443720545951	0.012886932053472452	0.03187630710180432	0.023261526068439883	0.0026026631454756227	0.0048066943744081575	0.05630816215717303	0.028623747903434915	0.04392276508642956	0.025279957166403286	0.028624549722511716	2.6418676659310407E-4	0.007797570616429812	0.15995985910069724	0.2536528622027282	0.04495881197760834	0.46585252915901404	0.8910850645257652	3.2205034523686473	3.911185863965194	2.5743480336229023	1.2263049397338899	0.25012738195499923	0.15995985910069724	0.15995985910069724	0.15995985910069724	0	0.15995985910069724	0.15995985910069724	0	0.15995985910069724	0.15995985910069724	0	0.15995985910069724	0.15995985910069724	-492.14534222917166	-90.02041774677062
94	-581.5544851846691	-875.9420846734722	-581.5544851846691	-294.387599488803	8.910006656538803	0.051868818067224653	0.03676755547646482	0.0420312146474337	0.014346883531171917	0.05595659774288285	0.02971154014975526	0.03458609379195385	0.038946664166527756	0.006286694625880815	0.021671756535777437	0.0669032620707177	0.012569723517046869	0.0029870172446599813	0.023552115800438686	0.021134223486388576	0.026202143872270017	0.03676074456850785	0.027570262535147813	0.029573949258662843	0.007159248413804303	0.039366479182973854	0.01411896779624977	0.0026042907300752732	0.04432542974984165	0.02724589743722458	0.02424480582554976	0.02444443720545951	0.012886932053472452	0.03187630710180432	0.023261526068439883	0.0026026631454756227	0.0048066943744081575	0.05630816215717303	0.02003276908258733	0.04392276508642956	0.025279957166403286	0.016085405733714198	1.4990571308615602E-4	0.011148718535456325	0.24032757030025784	0.41790508773317336	0.036286387801156506	0.8043081773620809	1.8228514634228066	2.939180653795702	3.6868176473945673	2.653715856771881	0.856974314142676	0.07469966913133277	0.24032757030025784	0.24032757030025784	0.24032757030025784	0	0.24032757030025784	0.24032757030025784	0	0.24032757030025784	0.24032757030025784	0	0.24032757030025784	0.24032757030025784	-489.8961527894195	-91.6583323952496
95	-580.6021460228031	-881.2443077493328	-580.6021460228031	-300.64216172652976	8.676370513984438	0.047698483297819005	0.01731591553503442	0.0420312146474337	0.051434675878301694	0.05595659774288285	0.025059525087350612	0.038756428561359496	0.038946664166527756	0.00857045400843158	0.021671756535777437	0.0669032620707177	0.012569723517046869	7.032578621092161E-4	0.023552115800438686	0.021134223486388576	0.026202143872270017	0.08151928796740869	0.027570262535147813	0.04793252286353665	0.019786389284116218	0.010449683907250193	0.01411896779624977	0.0026042907300752732	0.04432542974984165	0.02724589743722458	0.02424480582554976	0.03198174994109025	0.012886932053472452	0.03187630710180432	0.023261526068439883	0.02205430308690602	0.0048066943744081575	0.011549618758272193	0.02143183818250638	4.816867666925795E-4	0.025279957166403286	0.016085405733714198	5.527637664542213E-5	0.0120901740537813	0.23056128419726002	0.3970050216284116	0.04634722532578915	0.8686578532047562	1.197461762940098	2.1366854749539756	2.6955531737455667	2.964591837694279	0.8330086489688489	0.19414842441261218	0.23056128419726002	0.23056128419726002	0.23056128419726002	0	0.23056128419726002	0.23056128419726002	0	0.23056128419726002	0.23056128419726002	0	0.23056128419726002	0.23056128419726002	-499.4379154709857	-81.16423055181745
96	-577.0293119065263	-872.2344811269636	-577.0293119065263	-295.2051692204373	7.003970473062707	0.04555604419185788	0.01731591553503442	0.039209899815171145	0.051434675878301694	0.030917792267739705	0.025059525087350612	0.038756428561359496	0.007133183805685117	0.00857045400843158	0.06312694704118268	0.09194206754586084	0.012569723517046869	7.032578621092161E-4	0.023552115800438686	0.021134223486388576	0.026202143872270017	0.08151928796740869	0.027570262535147813	0.04793252286353665	0.019786389284116218	0.010449683907250193	0.01411896779624977	0.0026042907300752732	0.04646786885580277	0.02724589743722458	0.010957349455401263	0.024123441642321927	0.012886932053472452	0.03187630710180432	0.03394114919947076	0.02205430308690602	0.008452440599994046	0.011549618758272193	0.02143183818250638	4.816867666925795E-4	0.025279957166403286	0.016085405733714198	2.314130326807654E-4	0.008628480083682357	0.3296461468088513	0.22382706035002584	0.044100824952294816	0.9376041482925078	1.2860548424888152	1.8506384601660313	2.5940140612126217	1.8099051892406797	1.331126859131441	0.1968736640049148	0.3296461468088513	0.3296461468088513	0.3296461468088513	0	0.3296461468088513	0.3296461468088513	0	0.3296461468088513	0.3296461468088513	0	0.3296461468088513	0.3296461468088513	-470.9231815960536	-106.10613031047274
97	-576.277219097057	-872.2701290836676	-576.277219097057	-295.9929099866105	9.158006145485967	0.047611445477255265	0.01731591553503442	0.039209899815171145	0.051434675878301694	0.030917792267739705	0.025059525087350612	0.038756428561359496	0.007133183805685117	0.00857045400843158	0.06312694704118268	0.05453384696519478	0.012569723517046869	0.019555878593007434	0.023552115800438686	0.021134223486388576	0.026202143872270017	0.07090299009785316	0.02551486124975043	0.04793252286353665	0.019786389284116218	0.010449683907250193	0.01411896779624977	0.0026042907300752732	0.07563976657512615	0.02724589743722458	0.010957349455401263	0.024123441642321927	0.012886932053472452	0.03187630710180432	0.03394114919947076	0.02205430308690602	0.008452440599994046	0.011549618758272193	0.02143183818250638	4.816867666925795E-4	0.025279957166403286	0.016085405733714198	1.1853588929252408E-4	0.0065233206019949894	0.2541509178273134	0.15284288161450327	0.02749805346700058	1.0319069878384355	1.0735688929923783	2.030317410829645	2.0094532860602956	1.3792917472662474	1.3480356068025128	0.172545910520194	0.2541509178273134	0.2541509178273134	0.2541509178273134	0	0.2541509178273134	0.2541509178273134	0	0.2541509178273134	0.2541509178273134	0	0.2541509178273134	0.2541509178273134	-457.36788712453284	-118.90933197252417
98	-575.501901121977	-882.541446433999	-575.501901121977	-307.0395453120221	9.576029857032802	0.04492721362226659	0.01731591553503442	0.039209899815171145	0.051434675878301694	0.030917792267739705	0.027743756942339284	0.038756428561359496	0.007133183805685117	0.00857045400843158	0.051770680244951656	0.05453384696519478	0.012569723517046869	0.019555878593007434	0.023552115800438686	0.021134223486388576	0.026202143872270017	0.07090299009785316	0.02551486124975043	0.04793252286353665	0.019786389284116218	0.010449683907250193	0.01411896779624977	0.0026042907300752732	0.07563976657512615	0.022430409705669202	0.010957349455401263	0.024123441642321927	0.02424319884970348	0.0283427433726625	0.03747471292861258	0.02205430308690602	0.008452440599994046	0.011549618758272193	0.02143183818250638	0.0052971744982479585	0.025279957166403286	0.016085405733714198	1.7534606942209904E-4	0.008913177385905843	0.20474168517959634	0.1575443499498816	0.034250173156273954	1.2486202051789514	1.2770761992454733	2.7749643392440713	1.7655034047356966	1.8389193136799344	0.922854403224028	0.2757630347743729	0.20474168517959634	0.20474168517959634	0.20474168517959634	0	0.20474168517959634	0.20474168517959634	0	0.20474168517959634	0.20474168517959634	0	0.20474168517959634	0.20474168517959634	-443.0964716004745	-132.40542952150244
99	-574.1201714643763	-875.1163186765874	-574.1201714643763	-300.9961472122111	7.582821435043339	0.04492721362226659	0.01731591553503442	0.039209899815171145	0.051434675878301694	0.0751805835465482	0.027743756942339284	0.043356817839154765	0.007133183805685117	0.00857045400843158	0.020339419546998666	0.05453384696519478	0.012569723517046869	0.014955489315212164	0.025334335942675187	0.021134223486388576	0.05763340457022301	0.05465064272240237	0.04176720862520121	0.04793252286353665	0.018004169141879717	0.03824294305949748	0.01411896779624977	0.0026042907300752732	0.04229257030843879	0.022430409705669202	0.010957349455401263	0.024123441642321927	0.02424319884970348	0.005003956405488882	0.03747471292861258	0.017599830901832356	0.008452440599994046	0.011549618758272193	0.010516243170385242	0.0052971744982479585	0.025279957166403286	0.016085405733714198	9.453547214049483E-5	0.007907913193965159	0.2309084147759589	0.20046818011903583	0.040759623310302584	1.4192585498470065	2.106095222560399	1.809368271365006	2.2490465054861883	2.7231715616345036	0.9195730644422733	0.3161389570922459	0.2309084147759589	0.2309084147759589	0.2309084147759589	0	0.2309084147759589	0.2309084147759589	0	0.2309084147759589	0.2309084147759589	0	0.2309084147759589	0.2309084147759589	-445.361306978273	-128.75886448610333
100	-573.781277511872	-884.5758501088446	-573.781277511872	-310.7945725969726	8.573232731702337	0.04492721362226659	0.02663834843349433	0.039209899815171145	0.042112242979841785	0.0751805835465482	0.027743756942339284	0.043356817839154765	0.007133183805685117	0.00857045400843158	0.043320707942518605	0.05453384696519478	0.012569723517046869	0.04413589130846039	0.020389142339520258	0.021134223486388576	0.03465211617470307	0.05465064272240237	0.04176720862520121	0.04793252286353665	0.018004169141879717	0.03824294305949748	0.01411896779624977	0.0026042907300752732	0.013112168315190562	0.022430409705669202	0.010957349455401263	0.024123441642321927	0.02424319884970348	0.005003956405488882	0.03747471292861258	0.017599830901832356	0.013397634203148975	0.011549618758272193	0.010516243170385242	0.0052971744982479585	0.025279957166403286	0.016085405733714198	1.384888868932119E-4	0.010183940077883934	0.21840047560862444	0.2464767245668113	0.02074312638993025	2.675245861569688	2.816194521151799	2.0384918859354464	2.1806774241388536	3.2196744272591107	1.0485387675848632	0.23482947149111796	0.21840047560862444	0.21840047560862444	0.21840047560862444	0	0.21840047560862444	0.21840047560862444	0	0.21840047560862444	0.21840047560862444	0	0.21840047560862444	0.21840047560862444	-455.75666150084805	-118.02461601102387
101	-571.4185735601269	-862.2010338305238	-571.4185735601269	-290.7824602703969	10.411565912644921	0.04492721362226659	0.011615901449124943	0.04320294584773826	0.042112242979841785	0.0751805835465482	0.027743756942339284	0.043356817839154765	0.012853231835262158	0.00857045400843158	0.03932766190995149	0.03649548973301173	0.027065584246141236	0.04413589130846039	0.009860695649035453	0.03166267017687338	0.03465211617470307	0.05465064272240237	0.04176720862520121	0.010230923556915447	0.0189641548583159	0.05230540432743068	0.026437276998855785	0.0026042907300752732	0.013112168315190562	0.022430409705669202	0.010957349455401263	0.00962758091322756	0.02424319884970348	0.005003956405488882	0.03747471292861258	0.017599830901832356	0.013397634203148975	0.049251218064893396	0.010516243170385242	0.0052971744982479585	0.025279957166403286	0.016085405733714198	1.000449638658609E-4	0.0076669686601582064	0.26082164618720666	0.17680791407910143	0.01774603270479335	2.8294957819152344	3.345712629572146	1.8731731640020082	1.5831085547223347	2.46337555067634	1.1419713122990092	0.20115596579386932	0.26082164618720666	0.26082164618720666	0.26082164618720666	0	0.26082164618720666	0.26082164618720666	0	0.26082164618720666	0.26082164618720666	0	0.26082164618720666	0.26082164618720666	-438.80389641220984	-132.6146771479171
102	-571.2790253250273	-892.5022918665017	-571.2790253250273	-321.22326654147435	11.450447576900013	0.04492721362226659	0.007501106314051209	0.04320294584773826	0.042112242979841785	0.0751805835465482	0.027743756942339284	0.043356817839154765	0.012853231835262158	0.00857045400843158	0.03932766190995149	0.03649548973301173	0.04698434791277904	0.04413589130846039	0.02286391579575274	0.03166267017687338	0.03465211617470307	0.021042832999659353	0.04176720862520121	0.010230923556915447	0.0189641548583159	0.056420199462504414	0.006518513332217979	0.0026042907300752732	0.013112168315190562	0.022430409705669202	0.044565159178144284	0.00962758091322756	0.02424319884970348	0.005003956405488882	0.03747471292861258	0.017599830901832356	3.9441405643168836E-4	0.049251218064893396	0.010516243170385242	0.0052971744982479585	0.025279957166403286	0.016085405733714198	8.610238725656085E-5	0.010477483323915073	0.356404773392392	0.12297962465139275	0.028026015064028218	3.682014402663311	2.0347100598133574	2.561442250317344	2.09955177720793	2.007355595807873	1.0857583798378465	0.3868960495628692	0.356404773392392	0.356404773392392	0.356404773392392	0	0.356404773392392	0.356404773392392	0	0.356404773392392	0.356404773392392	0	0.356404773392392	0.356404773392392	-448.94460866927756	-122.33441665574969
103	-570.8836787860535	-887.5434096376505	-570.8836787860535	-316.659730851597	10.715441861210673	0.04179276620166528	0.007501106314051209	0.06792292332718314	0.042112242979841785	0.08096718953523062	0.027743756942339284	0.043356817839154765	0.012853231835262158	0.02172624613763495	0.03932766190995149	0.03649548973301173	0.07484146735540308	0.04413589130846039	0.02286391579575274	0.03166267017687338	0.009932138695258191	0.021042832999659353	0.035980602636518796	0.010230923556915447	0.0189641548583159	0.02856308001988038	0.006518513332217979	0.005738738150676589	0.011532481868194541	0.022430409705669202	0.032989053495936935	0.00962758091322756	0.02424319884970348	0.005003956405488882	0.024826734482455634	0.030247809347989305	3.9441405643168836E-4	0.049251218064893396	0.010516243170385242	0.0052971744982479585	0.025279957166403286	0.016085405733714198	4.2406321461585565E-4	0.006046637606652353	0.41216572559770254	0.11757893338667373	0.022397550267986465	3.6382449378051076	1.9399287308106683	4.0828926133934	2.253283211977335	2.1232838639956992	1.3155370472891164	0.5117655489006755	0.41216572559770254	0.41216572559770254	0.41216572559770254	0	0.41216572559770254	0.41216572559770254	0	0.41216572559770254	0.41216572559770254	0	0.41216572559770254	0.41216572559770254	-446.95158376215466	-123.9320950238988
104	-570.2445917514879	-885.8211021894027	-570.2445917514879	-315.57651043791486	10.846224343781827	0.04179276620166528	0.007501106314051209	0.06284619365998151	0.04705599435812996	0.008533234401376752	0.027743756942339284	0.021755341216583707	0.012853231835262158	0.01554574034544419	0.06092913853252255	0.041572219400213356	0.07484146735540308	0.04413589130846039	0.02286391579575274	0.03166267017687338	0.02658704091136041	0.021042832999659353	0.03303435252067009	0.016411429349106207	0.0189641548583159	0.02856308001988038	0.006518513332217979	0.005738738150676589	0.08396643700204841	0.022430409705669202	0.030991552233497463	0.00962758091322756	0.012325101481837172	0.005003956405488882	0.024826734482455634	0.030247809347989305	0.012312511424297998	0.03259631584879118	0.010516243170385242	0.0052971744982479585	0.025279957166403286	0.016085405733714198	1.7466783996277317E-5	0.013434693263399413	0.44611686926422406	0.11382687651918239	0.020933196311137277	4.035273658852165	2.0594901865111885	2.8575541893230425	2.560408592372044	2.0811464881232506	1.4333718588245687	0.23975896172074193	0.44611686926422406	0.44611686926422406	0.44611686926422406	0	0.44611686926422406	0.44611686926422406	0	0.44611686926422406	0.44611686926422406	0	0.44611686926422406	0.44611686926422406	-440.68906163343	-129.5555301180579
105	-570.0470317657544	-891.7904865795194	-570.0470317657544	-321.7434548137651	10.696778718202612	0.04179276620166528	0.007501106314051209	0.06284619365998151	0.04705599435812996	0.008533234401376752	0.027743756942339284	0.021755341216583707	0.012853231835262158	0.01554574034544419	0.059039579767300315	0.041572219400213356	0.07484146735540308	0.060365918530894666	0.026988942343398534	0.03166267017687338	0.02658704091136041	0.021042832999659353	0.034923911285892326	0.004479614771723414	0.0189641548583159	0.018516899119287875	0.006518513332217979	0.013545526180413589	0.08396643700204841	0.016246563383827434	0.030991552233497463	0.00962758091322756	0.012325101481837172	0.005003956405488882	0.024826734482455634	0.030247809347989305	0.012312511424297998	0.03259631584879118	0.010516243170385242	0.0052971744982479585	0.025279957166403286	0.016085405733714198	2.3107220391364113E-4	0.007338732044638126	0.4588248545737566	0.08105175240137477	0.031160092034580384	3.8583883070002023	2.292819719305209	2.602998863070867	2.954135229187747	1.6507454487190611	0.9640144962308704	0.17469912210350466	0.4588248545737566	0.4588248545737566	0.4588248545737566	0	0.4588248545737566	0.4588248545737566	0	0.4588248545737566	0.4588248545737566	0	0.4588248545737566	0.4588248545737566	-452.9748477623896	-117.07218400336477
106	-568.4971769237334	-876.4792937816098	-568.4971769237334	-307.98211685787646	8.53847035319128	0.04179276620166528	0.007501106314051209	0.0467296985713907	0.04705599435812996	0.008533234401376752	0.048109966277740515	0.021755341216583707	0.012853231835262158	0.01554574034544419	0.013684286707376286	0.041572219400213356	0.026114368581561007	0.014637389964308953	0.013220886642634641	0.045430725877637274	0.02658704091136041	0.021042832999659353	0.034923911285892326	0.004479614771723414	0.0189641548583159	0.018516899119287875	0.01689921099190772	0.013545526180413589	0.08396643700204841	0.016246563383827434	0.030991552233497463	0.040352462066651426	0.012325101481837172	0.005003956405488882	0.024826734482455634	0.030247809347989305	0.05804103999088371	0.03259631584879118	0.030320591774915195	0.034219924667560075	0.025279957166403286	0.016085405733714198	1.0973899177168031E-4	0.012612587084114854	0.45255300262705916	0.06141044266937717	0.04951905281687394	2.7140633401703433	2.1759752375860764	1.8288014468326783	3.267948837509518	2.6770015107041463	1.059304004663989	0.18610831324510343	0.45255300262705916	0.45255300262705916	0.45255300262705916	0	0.45255300262705916	0.45255300262705916	0	0.45255300262705916	0.45255300262705916	0	0.45255300262705916	0.45255300262705916	-456.2673417167998	-112.2298352069335
107	-566.1409000721648	-870.5425293139508	-566.1409000721648	-304.4016292417861	10.078584021990988	0.03350545316674158	0.007501106314051209	0.08093185956974164	0.04705599435812996	0.02280635349440062	0.048109966277740515	0.018267031668589978	0.012853231835262158	0.01554574034544419	0.019800863640218797	0.041572219400213356	0.026114368581561007	0.014637389964308953	0.013220886642634641	0.045430725877637274	0.02658704091136041	0.021042832999659353	0.034923911285892326	0.011646432014259064	0.011797337615780251	0.018516899119287875	0.01689921099190772	0.010917258795564808	0.026011060430257568	0.016246563383827434	0.030991552233497463	0.06410567764009133	0.012325101481837172	0.005003956405488882	0.024826734482455634	0.030247809347989305	0.05804103999088371	0.03259631584879118	0.02433478571681502	0.034219924667560075	0.025279957166403286	0.016085405733714198	2.1680353227842308E-4	0.006166359169598367	0.7360137803501988	0.09514117748804979	0.044502146740374414	2.6797105849794796	2.5252459146973782	2.179265723628125	2.3802650834991934	2.8246779540593834	1.3646618413809162	0.16402972418201353	0.7360137803501988	0.7360137803501988	0.7360137803501988	0	0.7360137803501988	0.7360137803501988	0	0.7360137803501988	0.7360137803501988	0	0.7360137803501988	0.7360137803501988	-430.42878995295405	-135.71211011921073
108	-562.2908424265447	-873.2410158966685	-562.2908424265447	-310.9501734701238	9.193710646063018	0.03350545316674158	0.007501106314051209	0.08093185956974164	0.01862638607964745	0.02280635349440062	0.0725093410975683	0.018267031668589978	0.012853231835262158	0.01554574034544419	0.019800863640218797	0.041572219400213356	0.026114368581561007	0.04306699824279146	0.013220886642634641	0.021031351057809483	0.02658704091136041	0.021042832999659353	0.034923911285892326	0.011646432014259064	0.011797337615780251	0.020739730946288545	0.014715924002665082	0.010917258795564808	0.026011060430257568	0.016246563383827434	0.014019603660684207	0.06410567764009133	0.012325101481837172	0.005003956405488882	0.04179868305526889	0.028024977520988634	0.05804103999088371	0.03259631584879118	0.02433478571681502	0.034219924667560075	0.025279957166403286	0.018268692722956836	2.719219185635124E-5	0.008497994430395688	0.7492553746013771	0.1021035682210948	0.0323991667687362	1.8067428517918793	1.8137219033208996	2.0189141394381527	2.0651006282496898	3.1998544068308714	1.0507434000141762	0.25237397547748097	0.7492553746013771	0.7492553746013771	0.7492553746013771	0	0.7492553746013771	0.7492553746013771	0	0.7492553746013771	0.7492553746013771	0	0.7492553746013771	0.7492553746013771	-435.9779843765866	-126.31285804995815
109	-561.5208240725166	-863.4047675486963	-561.5208240725166	-301.8839434761797	10.095856739041633	0.03350545316674158	0.007501106314051209	0.08093185956974164	0.01862638607964745	0.02280635349440062	0.08891038363191102	0.018267031668589978	0.012853231835262158	0.051724574764307016	0.019800863640218797	0.041572219400213356	0.026114368581561007	0.006888163823928636	0.013220886642634641	0.021031351057809483	0.02658704091136041	0.021042832999659353	0.018522868751549612	0.011646432014259064	0.011797337615780251	0.020739730946288545	0.014715924002665082	0.010917258795564808	0.026011060430257568	0.016246563383827434	0.014019603660684207	0.06410567764009133	0.012325101481837172	0.005003956405488882	0.04039326439183587	0.029430396184421656	0.05804103999088371	0.03259631584879118	0.02433478571681502	0.034219924667560075	0.025279957166403286	0.018268692722956836	1.8885227522870372E-4	0.01022723984856492	0.6820374073137451	0.0955719045492088	0.015794620681511166	1.6958506706989993	1.2207130934293986	2.2260828398312067	2.0138475588936977	2.833845152654403	1.2713200943857135	0.1388613056987433	0.6820374073137451	0.6820374073137451	0.6820374073137451	0	0.6820374073137451	0.6820374073137451	0	0.6820374073137451	0.6820374073137451	0	0.6820374073137451	0.6820374073137451	-439.2160954164687	-122.30472865604791
110	-559.4543449961619	-871.8905541842321	-559.4543449961619	-312.4362091880701	11.449106842303303	0.03350545316674158	0.007501106314051209	0.08093185956974164	0.01862638607964745	0.02280635349440062	0.08891038363191102	0.018267031668589978	0.012853231835262158	0.051724574764307016	0.019800863640218797	0.041572219400213356	0.026114368581561007	0.006888163823928636	0.013220886642634641	0.021031351057809483	0.02658704091136041	0.021042832999659353	0.018522868751549612	0.012521128885860308	0.011797337615780251	0.020739730946288545	0.014715924002665082	0.010042561923963564	0.026011060430257568	0.016246563383827434	0.014019603660684207	0.06410567764009133	0.012325101481837172	0.005003956405488882	0.04039326439183587	0.029430396184421656	0.05804103999088371	0.03259631584879118	0.02433478571681502	0.034219924667560075	0.025279957166403286	0.018268692722956836	1.62990825875898E-4	0.007918248595159457	0.7353507969654801	0.10045980654524994	0.015691971774861316	1.805796907995063	1.5750914711814363	1.0292470851424462	2.4347887356604656	3.3038923853176403	1.3693248166328493	0.19533394472143048	0.7353507969654801	0.7353507969654801	0.7353507969654801	0	0.7353507969654801	0.7353507969654801	0	0.7353507969654801	0.7353507969654801	0	0.7353507969654801	0.7353507969654801	-434.5068431987993	-124.94750179736265
111	-559.3511378933395	-882.678544343791	-559.3511378933395	-323.3274064504516	10.855616089778081	0.03350545316674158	0.007501106314051209	0.08093185956974164	0.01862638607964745	0.02280635349440062	0.08891038363191102	0.018267031668589978	0.012853231835262158	0.045840297755423184	0.01690460997082263	0.01573174593286661	0.02901062225095717	0.01565056175936784	0.013220886642634641	0.021031351057809483	0.02658704091136041	0.030160451657553974	0.018522868751549612	0.012521128885860308	0.0028464333391416685	0.020739730946288545	0.014715924002665082	0.010042561923963564	0.026011060430257568	0.03296941819327956	0.0635446796817216	0.06410567764009133	0.012325101481837172	0.010888233414372714	0.03146518094121452	0.029430396184421656	0.008704470311045695	0.03259631584879118	0.02433478571681502	0.043148008118181425	0.025279957166403286	0.018268692722956836	8.498236030614673E-5	0.010170542643130536	0.4539403988978567	0.06576177009396718	0.02471841456119268	1.887937226083166	1.8609790393099996	1.0627966019879191	2.5447900323648414	2.5383866104946797	1.106428551175116	0.19784206368220408	0.4539403988978567	0.4539403988978567	0.4539403988978567	0	0.4539403988978567	0.4539403988978567	0	0.4539403988978567	0.4539403988978567	0	0.4539403988978567	0.4539403988978567	-437.39988597915647	-121.95125191418298
112	-555.5416390688007	-856.5791540563715	-555.5416390688007	-301.03751498757083	10.855616089778081	0.04033607035560005	0.007501106314051209	0.08093185956974164	0.01862638607964745	0.02280635349440062	0.08891038363191102	0.018267031668589978	0.012853231835262158	0.01832096880770938	0.01223775889295739	0.01573174593286661	0.02901062225095717	0.01565056175936784	0.04074021559034845	0.021031351057809483	0.02658704091136041	0.030160451657553974	0.018522868751549612	0.012521128885860308	0.0028464333391416685	0.034397378364206296	0.014715924002665082	0.010042561923963564	0.026011060430257568	0.03296941819327956	0.04442390493869429	0.06410567764009133	0.012325101481837172	0.010888233414372714	0.03146518094121452	0.015772748766503905	0.006540704200052469	0.05171709059181849	0.02433478571681502	0.043148008118181425	0.025279957166403286	0.018268692722956836	9.39813729047878E-5	0.011609661598455164	0.4824620835152335	0.09524992560893926	0.015461945161244495	1.961201563025129	1.4188804431286335	1.2519927019346078	2.8391150422582028	1.3691229210451803	0.8168341287886333	0.11269153302968704	0.4824620835152335	0.4824620835152335	0.4824620835152335	0	0.4824620835152335	0.4824620835152335	0	0.4824620835152335	0.4824620835152335	0	0.4824620835152335	0.4824620835152335	-443.9929021716776	-111.54873689712313
113	-551.5143832837254	-856.5769388907148	-551.5143832837254	-305.06255560698946	10.479339953638306	0.04033607035560005	0.04177947129530146	0.04507421000099937	0.01258800522313036	0.02280635349440062	0.054632018650660766	0.024556617176869827	0.006563646326982309	0.01832096880770938	0.01223775889295739	0.01573174593286661	0.018547785254110924	0.021411056036888296	0.04074021559034845	0.021031351057809483	0.02658704091136041	0.030160451657553974	0.02898570574839586	0.012521128885860308	0.0028464333391416685	0.034397378364206296	0.014715924002665082	0.010042561923963564	0.026011060430257568	0.03296941819327956	0.027076876169802463	0.07014405849660842	0.012325101481837172	0.010888233414372714	0.04305171543258589	0.015772748766503905	0.006540704200052469	0.05171709059181849	0.02433478571681502	0.043148008118181425	0.06113760673514555	0.018268692722956836	1.5211482481997942E-4	0.009866263018132197	0.37369604339690876	0.07533379925946877	0.010014957404645194	1.8384909745506723	1.2412710462598129	1.4431510647857289	1.9386766785383591	2.134043030804257	0.5088459561180967	0.16514344224819477	0.37369604339690876	0.37369604339690876	0.37369604339690876	0	0.37369604339690876	0.37369604339690876	0	0.37369604339690876	0.37369604339690876	0	0.37369604339690876	0.37369604339690876	-433.2478314856536	-118.26655179807179
114	-548.5495858646093	-842.7272100319053	-548.5495858646093	-294.1776241672961	10.2800166338842	0.04033607035560005	0.02915448193216741	0.0406913887701395	0.01258800522313036	0.02280635349440062	0.025499441360067057	0.024556617176869827	0.03569622361757602	0.01832096880770938	0.01223775889295739	0.01573174593286661	0.018547785254110924	0.07063546943913689	0.053576742957789456	0.020965769764936554	0.02658704091136041	0.030160451657553974	0.02898570574839586	0.012521128885860308	0.0028464333391416685	0.034397378364206296	0.014715924002665082	0.010042561923963564	0.026011060430257568	0.03296941819327956	0.027076876169802463	0.019390251912174014	0.012325101481837172	0.010888233414372714	0.04305171543258589	0.015772748766503905	0.019165693563186523	0.03894614451725041	0.0302470001298607	0.043148008118181425	0.06113760673514555	0.018268692722956836	1.6174258696749665E-5	0.010575553974741456	0.26264119591100427	0.04810694763997314	0.011256971533428119	1.6334213084044067	1.1660985147266945	1.009854883412666	1.6135347495873646	2.121958357326978	0.4278659613786921	0.244276800249797	0.26264119591100427	0.26264119591100427	0.26264119591100427	0	0.26264119591100427	0.26264119591100427	0	0.26264119591100427	0.26264119591100427	0	0.26264119591100427	0.26264119591100427	-420.8448513975176	-127.70473446709167
115	-546.9283591741132	-827.2338273880898	-546.9283591741132	-280.30546821397667	6.992472399566017	0.04033607035560005	0.02915448193216741	0.0406913887701395	0.01258800522313036	0.02280635349440062	0.03556692492913445	0.024556617176869827	0.03569622361757602	0.01832096880770938	0.01223775889295739	0.03805818853549278	0.018547785254110924	0.07063546943913689	0.053576742957789456	0.020965769764936554	0.02658704091136041	0.030160451657553974	0.018918222179328467	0.02208481340876199	0.0028464333391416685	0.034397378364206296	0.002072062516159323	0.010042561923963564	0.026011060430257568	0.017105150994673107	0.027076876169802463	0.019390251912174014	0.008943103041421527	0.010888233414372714	0.007346230401452089	0.015772748766503905	0.019165693563186523	0.03894614451725041	0.0302470001298607	0.043148008118181425	0.06113760673514555	0.053974177754090635	8.034979553848987E-5	0.007016656709436926	0.23979806535275922	0.026186598212514744	0.010073407129647768	2.089726544757916	1.2213376113411383	1.3906481953929943	1.5449942666784922	2.4023288174962287	0.854908811322802	0.5206225639011992	0.23979806535275922	0.23979806535275922	0.23979806535275922	0	0.23979806535275922	0.23979806535275922	0	0.23979806535275922	0.23979806535275922	0	0.23979806535275922	0.23979806535275922	-428.4890038984855	-118.43935527562765
116	-543.692779052874	-832.3597204128721	-543.692779052874	-288.6669413599981	6.992472399566017	0.04033607035560005	0.010280877613189965	0.0406913887701395	0.01258800522313036	0.02280635349440062	0.03556692492913445	0.024556617176869827	0.04046769655411292	0.01342841750852973	0.0074662859564204875	0.035249745072290034	0.018547785254110924	0.06316779863054632	0.09154923595916085	0.030211147514163178	0.03406807833802314	0.030160451657553974	0.018918222179328467	0.02952220321730957	0.0028464333391416685	0.034397378364206296	0.012348176787952636	0.03315438971010852	0.026011060430257568	0.017105150994673107	0.01753331020886094	0.019390251912174014	0.008943103041421527	0.010888233414372714	0.007346230401452089	0.015772748766503905	0.033601810823307696	0.015834316731105455	0.0302470001298607	0.043148008118181425	0.017874913068314666	0.053974177754090635	2.4359963582699462E-4	0.0120788338167439	0.15994991938860426	0.04255473553700019	0.010053547015061998	1.9214765469389121	1.4753547302649754	1.3443546061754577	1.4058531349742824	1.5737750480945465	1.3312662914051017	0.20979308495045457	0.15994991938860426	0.15994991938860426	0.15994991938860426	0	0.15994991938860426	0.15994991938860426	0	0.15994991938860426	0.15994991938860426	0	0.15994991938860426	0.15994991938860426	-442.55298912722867	-101.13978992564539
117	-543.0746391380071	-854.7546624359379	-543.0746391380071	-311.68002329793086	7.889541340956781	0.04033607035560005	0.010280877613189965	0.0406913887701395	0.024012313522144224	0.02280635349440062	0.03192703388586278	0.024556617176869827	0.04046769655411292	0.01342841750852973	0.0074662859564204875	0.035249745072290034	0.04858395503489986	0.06316779863054632	0.09154923595916085	0.030211147514163178	0.004031908557234204	0.030160451657553974	0.018918222179328467	0.02952220321730957	0.0028464333391416685	0.019212794907370365	0.012348176787952636	0.03315438971010852	0.0270494312011441	0.017105150994673107	0.0050706311389605435	0.019390251912174014	0.008943103041421527	0.0020831327253815063	0.007346230401452089	0.040280073785446055	0.04604680255557057	0.015834316731105455	0.005739675110918552	0.058332591575017356	0.017874913068314666	0.053974177754090635	9.552635405328111E-5	0.00810932121195519	0.17594701645857783	0.04142729808922032	0.00878398448749954	1.6703525741654306	1.581744761650735	1.1864419266760378	1.3172533648261937	0.8977157334045759	2.9865578814094906	0.36046983966177465	0.17594701645857783	0.17594701645857783	0.17594701645857783	0	0.17594701645857783	0.17594701645857783	0	0.17594701645857783	0.17594701645857783	0	0.17594701645857783	0.17594701645857783	-436.8487181228891	-106.22592101511793
118	-542.8785481054614	-838.398157086961	-542.8785481054614	-295.51960898149963	8.159655181134267	0.04033607035560005	0.010280877613189965	0.0406913887701395	0.024012313522144224	0.02280635349440062	0.03192703388586278	0.024556617176869827	0.04046769655411292	0.01442112684017026	0.0074662859564204875	0.03760080026368459	0.04858395503489986	0.06316779863054632	0.04131478374982732	0.030211147514163178	0.004031908557234204	0.030160451657553974	0.01886995621433883	0.0797566554266431	0.002894699304131304	0.016861739715975807	0.012348176787952636	0.03315438971010852	0.0270494312011441	0.017105150994673107	0.0050706311389605435	0.019390251912174014	0.008943103041421527	0.0020831327253815063	0.007346230401452089	0.040280073785446055	0.04604680255557057	0.015834316731105455	0.005739675110918552	0.058332591575017356	0.016882203736674137	0.053974177754090635	7.553500945425013E-5	0.010506909363774944	0.12952648558134974	0.03622352547675748	0.010051096424772666	1.1583359324340494	1.4412140174694497	1.7720978222018646	1.5978779395817753	1.614508015974685	2.912085237711057	0.5016327380396143	0.12952648558134974	0.12952648558134974	0.12952648558134974	0	0.12952648558134974	0.12952648558134974	0	0.12952648558134974	0.12952648558134974	0	0.12952648558134974	0.12952648558134974	-453.5822682293057	-89.29627987615564
119	-541.852063713801	-847.8455558402366	-541.852063713801	-305.99349212643557	7.771180306058669	0.04033607035560005	0.010280877613189965	0.0406913887701395	0.024012313522144224	0.018434591025982425	0.03192703388586278	0.024556617176869827	0.04046769655411292	0.01442112684017026	0.0074662859564204875	0.03760080026368459	0.04858395503489986	0.0902674045702647	0.04131478374982732	0.005789964368246497	0.004031908557234204	0.030160451657553974	0.01886995621433883	0.0797566554266431	0.02523662801450574	0.016861739715975807	0.012348176787952636	0.021996918733153223	0.029128685636686344	0.028262621971628404	0.0050706311389605435	0.019390251912174014	0.008943103041421527	0.0020831327253815063	0.007346230401452089	0.040280073785446055	0.04604680255557057	0.015834316731105455	0.010111437579336746	0.03123298563529897	0.016882203736674137	0.053974177754090635	1.6828792481102554E-4	0.007244135019757712	0.11682689753722189	0.029580351069089784	0.005408747132761227	1.2201210354761372	1.078805092624707	2.2230227157048508	1.9436492778746604	1.587476992074876	3.6030897789340646	0.5039445110303028	0.11682689753722189	0.11682689753722189	0.11682689753722189	0	0.11682689753722189	0.11682689753722189	0	0.11682689753722189	0.11682689753722189	0	0.11682689753722189	0.11682689753722189	-442.5245222005503	-99.32754151325071
120	-539.6397704292356	-850.6444038151319	-539.6397704292356	-311.0046333858964	9.65048291802038	0.04033607035560005	0.010280877613189965	0.04718465160359481	0.024012313522144224	0.018434591025982425	0.03192703388586278	0.024556617176869827	0.04046769655411292	0.01442112684017026	0.0074662859564204875	0.03760080026368459	0.04858395503489986	0.02942892313126365	0.04131478374982732	0.005789964368246497	0.004031908557234204	0.030160451657553974	0.01886995621433883	0.0797566554266431	0.02523662801450574	0.016861739715975807	0.012348176787952636	0.021996918733153223	0.029128685636686344	0.028262621971628404	0.0050706311389605435	0.019390251912174014	0.008943103041421527	0.0020831327253815063	0.007346230401452089	0.09462529239099181	0.04604680255557057	0.015834316731105455	0.010111437579336746	0.03123298563529897	0.016882203736674137	0.053974177754090635	2.4287587449821067E-4	0.009562538710128502	0.11819842881165508	0.029765327387074797	0.006655498436184442	1.0432721131122311	0.9508744304867965	1.3968495821499636	1.9226933666323287	0.9804979650123639	3.8717645484034775	0.6643355176221147	0.11819842881165508	0.11819842881165508	0.11819842881165508	0	0.11819842881165508	0.11819842881165508	0	0.11819842881165508	0.11819842881165508	0	0.11819842881165508	0.11819842881165508	-422.2431723490558	-117.39659808017979
121	-538.3493018069846	-848.804790720018	-538.3493018069846	-310.4554889130334	10.462062752171526	0.04033607035560005	0.010280877613189965	0.04718465160359481	0.024012313522144224	0.018434591025982425	0.03192703388586278	0.024556617176869827	0.04046769655411292	0.01442112684017026	0.0074662859564204875	0.03760080026368459	0.04858395503489986	0.02942892313126365	0.04131478374982732	0.005789964368246497	0.004031908557234204	0.030160451657553974	0.01886995621433883	0.05302069998374935	0.02523662801450574	0.016861739715975807	0.012348176787952636	0.026011946689198692	0.007820690198061739	0.028262621971628404	0.0050706311389605435	0.019390251912174014	0.026236070524000663	0.02881908816827526	0.007346230401452089	0.0923126276511159	0.04604680255557057	0.015834316731105455	0.012424102319212649	0.03123298563529897	0.016882203736674137	0.053974177754090635	2.0017074855051108E-4	0.01062551306763817	0.12810304848019133	0.03588671381338927	0.009424345075204956	1.4932202353063289	0.7957682496827598	1.3543264782220823	2.190953016480745	1.811177109383894	4.407093223597404	0.4985509461695812	0.12810304848019133	0.12810304848019133	0.12810304848019133	0	0.12810304848019133	0.12810304848019133	0	0.12810304848019133	0.12810304848019133	0	0.12810304848019133	0.12810304848019133	-432.2545487183281	-106.09475308865643
122	-535.3758563776015	-839.3495257535008	-535.3758563776015	-303.9736693758992	9.039583985452177	0.04033607035560005	0.010280877613189965	0.04718465160359481	0.03545627306640825	0.018434591025982425	0.03192703388586278	0.024556617176869827	0.04046769655411292	0.01442112684017026	0.0074662859564204875	0.03760080026368459	0.04858395503489986	0.02942892313126365	0.0172397049608055	0.005789964368246497	0.012509451562734836	0.00563853967933324	0.01886995621433883	0.05302069998374935	0.02523662801450574	0.05604552709643572	0.012348176787952636	0.050533858667419426	0.007820690198061739	0.028262621971628404	0.0050706311389605435	0.019390251912174014	0.026236070524000663	0.02881908816827526	0.007346230401452089	0.057282416509913156	0.04604680255557057	0.015834316731105455	0.008737351790511383	0.03491973616400024	0.016882203736674137	0.053974177754090635	1.4043712182944197E-4	0.005954442341843741	0.2431430821979215	0.028438146010353407	0.012235593976786878	0.979616873990531	0.9072020392094348	1.937310732467232	2.0032391686907167	1.4586279185374362	2.9872591195339617	0.6963573047648347	0.2431430821979215	0.2431430821979215	0.2431430821979215	0	0.2431430821979215	0.2431430821979215	0	0.2431430821979215	0.2431430821979215	0	0.2431430821979215	0.2431430821979215	-407.56789743225687	-127.80795894534464
123	-531.1348580615286	-846.3902877921058	-531.1348580615286	-315.25542973057725	12.35338238878027	0.04033607035560005	0.010280877613189965	0.04718465160359481	0.03545627306640825	0.020250407152481706	0.03192703388586278	0.024556617176869827	0.04046769655411292	0.06150018346953988	0.0028366567152213473	0.03760080026368459	0.04858395503489986	0.02942892313126365	0.0172397049608055	0.02862617867227954	0.06365089922974895	0.00563853967933324	0.03597713399821999	0.0018792523167352332	0.02523662801450574	0.008966470467066098	0.012348176787952636	0.03342668088353827	0.006004874071562458	0.028262621971628404	0.0050706311389605435	0.019390251912174014	0.026236070524000663	0.02881908816827526	0.007346230401452089	0.057282416509913156	0.04604680255557057	0.015834316731105455	0.008737351790511383	0.012083521859967195	0.03008425278774883	0.04540175794421508	2.018580927796549E-4	0.006356411168814472	0.20172944584240343	0.0344190067287788	0.013746414435398964	0.8876840161179117	0.9849732225295267	1.6644134029654125	1.2205815288321997	1.6418668045084899	3.7044073867607676	0.38305052906848547	0.20172944584240343	0.20172944584240343	0.20172944584240343	0	0.20172944584240343	0.20172944584240343	0	0.20172944584240343	0.20172944584240343	0	0.20172944584240343	0.20172944584240343	-401.1992160530923	-129.93564200843633
124	-530.4906480499798	-841.3455521138483	-530.4906480499798	-310.85490406386856	12.980794402354595	0.028547325129211876	0.010280877613189965	0.04718465160359481	0.03545627306640825	0.020250407152481706	0.03192703388586278	0.037991845289932574	0.04046769655411292	0.02389982417827384	0.0028366567152213473	0.042254504362670614	0.04858395503489986	0.015229120457529985	0.0172397049608055	0.02862617867227954	0.04556196701770018	0.00563853967933324	0.042128945220221245	0.0018792523167352332	0.02523662801450574	0.008966470467066098	0.012348176787952636	0.03342668088353827	0.006004874071562458	0.028262621971628404	0.08034603922772009	0.019390251912174014	0.026236070524000663	0.02881908816827526	0.021546033075185753	0.03139611293880783	0.04604680255557057	0.010114095524395003	0.008737351790511383	0.011651931844676389	0.03008425278774883	0.04540175794421508	2.290869876574444E-4	0.007841683147105916	0.11472149254386506	0.018054747504587704	0.02120599742002345	0.8341033171183879	0.6917117466050249	1.658919388277395	0.9278598922143535	1.7323543549759692	4.446427861172195	0.6364579651891852	0.11472149254386506	0.11472149254386506	0.11472149254386506	0	0.11472149254386506	0.11472149254386506	0	0.11472149254386506	0.11472149254386506	0	0.11472149254386506	0.11472149254386506	-417.80774596367235	-112.68290208630741
125	-529.3494787458026	-835.3719013102168	-529.3494787458026	-306.02242256441417	12.621417456339577	0.028547325129211876	0.010280877613189965	0.01383436892554385	0.03545627306640825	0.020250407152481706	0.03192703388586278	0.028503180726882377	0.07381797923216388	0.02389982417827384	0.0028366567152213473	0.042254504362670614	0.04858395503489986	0.015229120457529985	0.0172397049608055	0.02862617867227954	0.04556196701770018	0.00563853967933324	0.042128945220221245	0.0018792523167352332	0.03472529257755594	0.008966470467066098	0.012348176787952636	0.03342668088353827	0.006004874071562458	0.028262621971628404	0.08034603922772009	0.019390251912174014	0.026236070524000663	0.02881908816827526	0.024483317548602543	0.03139611293880783	0.04604680255557057	0.007176811050978213	0.008737351790511383	0.011651931844676389	0.03008425278774883	0.04540175794421508	3.4041902387142455E-5	0.007292194788720057	0.11330847403555133	0.012675300568015838	0.015286940362158656	0.8846591247130774	0.5191831552458412	2.0402762534219883	1.0080861250999322	1.6479526267769329	2.7258199836989476	0.4376630194271318	0.11330847403555133	0.11330847403555133	0.11330847403555133	0	0.11330847403555133	0.11330847403555133	0	0.11330847403555133	0.11330847403555133	0	0.11330847403555133	0.11330847403555133	-423.26473478926374	-106.08474395653886
126	-527.2923602400058	-835.2549505183792	-527.2923602400058	-307.96259027837345	8.851476421703728	0.028547325129211876	0.010280877613189965	0.01383436892554385	0.03545627306640825	0.020250407152481706	0.03192703388586278	0.028503180726882377	0.07381797923216388	0.02389982417827384	0.0028366567152213473	0.042254504362670614	0.04858395503489986	0.015229120457529985	0.0172397049608055	0.02862617867227954	0.04556196701770018	0.00563853967933324	0.042128945220221245	0.005633393353771873	0.020331228000338347	0.008966470467066098	0.012348176787952636	0.03342668088353827	0.006004874071562458	0.028262621971628404	0.08034603922772009	0.019390251912174014	0.04011280676570016	0.02881908816827526	0.024483317548602543	0.03139611293880783	0.03217006631387108	0.0034226700139415728	0.008737351790511383	0.02604599642189398	0.03008425278774883	0.04540175794421508	4.505030793280947E-5	0.009848590882893233	0.14034350031909965	0.01565632212985771	0.014631079608265313	0.8366667894195687	0.4201805294102053	1.4108344909831334	0.9017104212285914	2.326355115230691	3.144009564649459	0.4143085802848502	0.14034350031909965	0.14034350031909965	0.14034350031909965	0	0.14034350031909965	0.14034350031909965	0	0.14034350031909965	0.14034350031909965	0	0.14034350031909965	0.14034350031909965	-423.77888017088566	-103.51348006912013
127	-526.1171620239243	-825.6353461564158	-526.1171620239243	-299.5181841324915	9.873131292468319	0.028547325129211876	0.010280877613189965	0.01383436892554385	0.03545627306640825	0.020250407152481706	0.03192703388586278	0.028503180726882377	0.07381797923216388	0.02389982417827384	0.06360607864275145	0.042254504362670614	0.04858395503489986	0.015229120457529985	0.0172397049608055	0.02862617867227954	0.04556196701770018	0.00563853967933324	0.042128945220221245	0.005633393353771873	0.02472696922623005	0.008966470467066098	0.012348176787952636	0.03342668088353827	0.006004874071562458	0.028262621971628404	0.01957661730018999	0.019390251912174014	0.04011280676570016	0.02881908816827526	0.02008757632271084	0.03139611293880783	0.03217006631387108	0.0034226700139415728	0.008737351790511383	0.02604599642189398	0.0022154620964830313	0.07327054863548088	3.486014448273936E-5	0.007376404992881277	0.12859973858386922	0.029343774671393583	0.023530672256867488	1.4389357386779607	0.39705161009782536	1.3609241256602724	1.0896749463337037	2.490788966351964	3.964487333788804	0.30785499934486404	0.12859973858386922	0.12859973858386922	0.12859973858386922	0	0.12859973858386922	0.12859973858386922	0	0.12859973858386922	0.12859973858386922	0	0.12859973858386922	0.12859973858386922	-394.2488965727228	-131.86826545120147
128	-519.8664705041413	-815.1062851582042	-519.8664705041413	-295.23981465406297	11.532065955518894	0.028547325129211876	0.010280877613189965	0.01383436892554385	0.03545627306640825	0.020250407152481706	0.03192703388586278	0.027483296280389563	0.07381797923216388	0.02389982417827384	0.06360607864275145	0.042254504362670614	0.03639436090594893	0.015229120457529985	0.0172397049608055	0.02862617867227954	0.04556196701770018	0.00563853967933324	0.042128945220221245	0.005633393353771873	0.02472696922623005	0.008966470467066098	0.012348176787952636	0.03342668088353827	0.006004874071562458	0.028262621971628404	0.020596501746682802	0.019390251912174014	0.04011280676570016	0.02881908816827526	0.02008757632271084	0.03139611293880783	0.04435966044282201	0.0034226700139415728	0.008737351790511383	0.02604599642189398	0.0022154620964830313	0.07327054863548088	5.4733292489954314E-5	0.006941347515710855	0.09673042917137904	0.03900138327686	0.019075973420928944	1.498768534313961	0.3603398465761605	1.6850055509655832	0.8261279984729688	2.6772610863575363	4.016154628310571	0.9253801191753428	0.09673042917137904	0.09673042917137904	0.09673042917137904	0	0.09673042917137904	0.09673042917137904	0	0.09673042917137904	0.09673042917137904	0	0.09673042917137904	0.09673042917137904	-400.66301478412794	-119.20345572001335
129	-517.4382624650166	-838.1488111703013	-517.4382624650166	-320.71054870528474	10.841427642117718	0.028547325129211876	0.010280877613189965	0.01383436892554385	0.03545627306640825	0.020250407152481706	0.03192703388586278	0.027483296280389563	0.07381797923216388	0.04367594008483121	0.03276088932742924	0.042254504362670614	0.03639436090594893	0.015229120457529985	0.0172397049608055	0.02862617867227954	0.04556196701770018	0.00563853967933324	0.042128945220221245	0.005633393353771873	0.02472696922623005	0.008966470467066098	0.012348176787952636	0.03342668088353827	0.006004874071562458	0.028262621971628404	0.020596501746682802	0.019390251912174014	0.02033669085914279	0.05966427748359747	0.02008757632271084	0.03139611293880783	0.04435966044282201	0.0034226700139415728	0.008737351790511383	0.02604599642189398	0.0022154620964830313	0.07327054863548088	4.378950986027927E-4	0.007062962293079538	0.06727284246497135	0.030564294005326464	0.013444528808629723	0.8653003028568214	0.48449646442181876	2.2839767824663064	0.5038141746190147	1.516910374429586	3.6742218584040938	0.8022559084543486	0.06727284246497135	0.06727284246497135	0.06727284246497135	0	0.06727284246497135	0.06727284246497135	0	0.06727284246497135	0.06727284246497135	0	0.06727284246497135	0.06727284246497135	-399.67551788539345	-117.76274457962317
130	-515.7859552407424	-831.2905130740041	-515.7859552407424	-315.50455783326174	9.073179215685116	0.028547325129211876	0.010469810237551114	0.01383436892554385	0.03545627306640825	0.020250407152481706	0.03192703388586278	0.027483296280389563	0.07381797923216388	0.04367594008483121	0.03276088932742924	0.042254504362670614	0.048638717721185096	0.015229120457529985	0.0172397049608055	0.02862617867227954	0.033317610202464015	0.00563853967933324	0.042128945220221245	0.005633393353771873	0.02472696922623005	0.008966470467066098	0.012348176787952636	0.00391271936249192	0.006004874071562458	0.028262621971628404	0.020596501746682802	0.019390251912174014	0.02033669085914279	0.05966427748359747	0.04960153784375719	0.03139611293880783	0.04417072781846086	0.0034226700139415728	0.008737351790511383	0.02604599642189398	0.0022154620964830313	0.07327054863548088	9.486370669679055E-5	0.008240372797752964	0.06923226714716728	0.03337506887546635	0.015109467995544712	1.4626758110085396	0.4553985023075557	1.787942181654303	0.6910493631091424	1.3471175687038028	2.6144204959287762	0.9278129285587583	0.06923226714716728	0.06923226714716728	0.06923226714716728	0	0.06923226714716728	0.06923226714716728	0	0.06923226714716728	0.06923226714716728	0	0.06923226714716728	0.06923226714716728	-407.5751922352609	-108.21076300548157
131	-514.2662192373523	-818.3545637947364	-514.2662192373523	-304.08834455738406	12.241300588884222	0.028547325129211876	0.010469810237551114	0.01383436892554385	0.03545627306640825	0.020250407152481706	0.03192703388586278	0.027483296280389563	0.07381797923216388	0.04367594008483121	0.03276088932742924	0.07519443811824608	0.048638717721185096	0.015229120457529985	0.0172397049608055	0.02862617867227954	0.033317610202464015	0.00495368376271664	0.042128945220221245	0.005633393353771873	0.02472696922623005	0.008966470467066098	0.012348176787952636	0.00391271936249192	0.0033810353662820786	0.028262621971628404	0.020596501746682802	0.019390251912174014	0.02033669085914279	0.05966427748359747	0.016661604088181722	0.03139611293880783	0.04417072781846086	0.0034226700139415728	0.009422207707127983	0.02866983512717436	0.0022154620964830313	0.07327054863548088	2.417545764101848E-4	0.009102513393591395	0.0708778344275936	0.029107180138462484	0.01662431132308588	1.216751382292055	0.6292617623805475	1.9048817706099095	0.8965464535018831	1.1247767421130994	2.814110504878224	0.6663723663229659	0.0708778344275936	0.0708778344275936	0.0708778344275936	0	0.0708778344275936	0.0708778344275936	0	0.0708778344275936	0.0708778344275936	0	0.0708778344275936	0.0708778344275936	-415.40868362406553	-98.85753561328676
132	-514.2337716771209	-845.0461767393372	-514.2337716771209	-330.8124050622163	11.92120559926532	0.028547325129211876	0.010469810237551114	0.01383436892554385	0.03545627306640825	0.013482269368743957	0.03192703388586278	0.07981862195054831	0.07381797923216388	0.04367594008483121	0.03276088932742924	0.07519443811824608	0.048638717721185096	0.006057869388786816	0.011519262984164932	0.02862617867227954	0.033317610202464015	0.04295100323885502	0.042128945220221245	0.005633393353771873	0.02472696922623005	0.008966470467066098	0.00466906388126942	0.00391271936249192	0.0033810353662820786	0.005302561845807213	0.02631694372332337	0.019390251912174014	0.02033669085914279	0.007328951813438719	0.016661604088181722	0.03139611293880783	0.006173408342322481	0.04082998083018373	0.009422207707127983	0.02866983512717436	0.0113867131652262	0.07327054863548088	2.8713207320674313E-4	0.007462022542733215	0.05011979699944609	0.044243505476238267	0.01877628076423427	1.2839065247709986	0.5174970967027982	2.599845516837401	1.077257803158237	1.5388919681513125	3.292220566769101	0.6813254943609807	0.05011979699944609	0.05011979699944609	0.05011979699944609	0	0.05011979699944609	0.05011979699944609	0	0.05011979699944609	0.05011979699944609	0	0.05011979699944609	0.05011979699944609	-409.7792809461198	-104.4544907310011
133	-513.7206734746129	-827.7744568055473	-513.7206734746129	-314.0537833309344	11.808567623505516	0.028547325129211876	0.010469810237551114	0.01383436892554385	0.03545627306640825	0.013482269368743957	0.03192703388586278	0.05174407328749539	0.07381797923216388	0.04367594008483121	0.03276088932742924	0.07519443811824608	0.048638717721185096	0.006057869388786816	0.03385173752608549	0.02862617867227954	0.033317610202464015	0.04295100323885502	0.01979647067830069	0.0024755714926851663	0.02472696922623005	0.008966470467066098	0.00466906388126942	0.0070705412235786275	0.02438150586326203	0.005302561845807213	0.02631694372332337	0.019390251912174014	0.03381202435024876	0.007328951813438719	0.016661604088181722	0.01792077944770186	0.013247486508395453	0.04082998083018373	0.009422207707127983	0.02866983512717436	0.0113867131652262	0.07327054863548088	4.927062114026931E-4	0.00626686077742912	0.04504009800433716	0.027171458088865796	0.01752435516472571	1.0295313148238832	0.4803544596751058	2.608110863710009	1.6388576495787208	0.9615334370816281	3.5679732743868686	0.9073426841312817	0.04504009800433716	0.04504009800433716	0.04504009800433716	0	0.04504009800433716	0.04504009800433716	0	0.04504009800433716	0.04504009800433716	0	0.04504009800433716	0.04504009800433716	-400.7941551787207	-112.92651829589225
134	-513.1391237850229	-827.4948964851176	-513.1391237850229	-314.35577270009475	10.18154361091474	0.028547325129211876	0.010469810237551114	0.01383436892554385	0.03545627306640825	0.013482269368743957	0.011953290870629532	0.05174407328749539	0.07381797923216388	0.04367594008483121	0.03276088932742924	0.07519443811824608	0.048638717721185096	0.006057869388786816	0.03385173752608549	0.02862617867227954	0.033317610202464015	0.04295100323885502	0.01979647067830069	0.0024755714926851663	0.02472696922623005	0.028940213482299346	0.00466906388126942	0.0070705412235786275	0.02438150586326203	0.005302561845807213	0.02631694372332337	0.019390251912174014	0.03381202435024876	0.007328951813438719	0.016661604088181722	0.01792077944770186	0.013247486508395453	0.04082998083018373	0.009422207707127983	0.02866983512717436	0.0113867131652262	0.07327054863548088	1.525133032963387E-4	0.008017134258951652	0.03127898803787659	0.026912310546111835	0.014718473827558509	0.9797772871858894	0.6176414006854716	2.161671162121414	3.20675039700235	1.2861342358448795	3.5314931351631373	1.2400672232066818	0.03127898803787659	0.03127898803787659	0.03127898803787659	0	0.03127898803787659	0.03127898803787659	0	0.03127898803787659	0.03127898803787659	0	0.03127898803787659	0.03127898803787659	-400.11525666488245	-113.02386712014041
135	-512.0431300024031	-811.3377373363624	-512.0431300024031	-299.2946073339593	9.816246851618391	0.017040845539770033	0.08791993166069423	0.01383436892554385	0.03545627306640825	0.013482269368743957	0.011953290870629532	0.02527932180323597	0.029193118481923686	0.018112537257560554	0.04111193232465324	0.07519443811824608	0.048638717721185096	0.006057869388786816	0.03385173752608549	0.013142734125533989	0.033317610202464015	0.05445748282829686	0.01979647067830069	0.0024755714926851663	0.01637592622900605	0.028940213482299346	0.00466906388126942	0.0070705412235786275	0.02438150586326203	0.005302561845807213	0.02631694372332337	0.04438414419739466	0.03381202435024876	0.007328951813438719	0.016661604088181722	0.021890090829084205	0.013247486508395453	0.04082998083018373	0.009422207707127983	0.02866983512717436	0.017109847683995913	0.07327054863548088	2.7685333990272584E-4	0.009732699545310471	0.034752500761072364	0.03299016494130655	0.01863719797547432	0.6168610303264961	0.5831437454439489	2.7415770889749003	4.358924983462919	0.9565467785626128	3.3269194430871307	1.2804794325712168	0.034752500761072364	0.034752500761072364	0.034752500761072364	0	0.034752500761072364	0.034752500761072364	0	0.034752500761072364	0.034752500761072364	0	0.034752500761072364	0.034752500761072364	-407.50733790757266	-104.53579209483048
136	-511.82526698536003	-822.9042035293323	-511.82526698536003	-311.0789365439723	10.021890257516564	0.017040845539770033	0.08791993166069423	0.01383436892554385	0.04284960398568621	0.016930046672014573	0.011953290870629532	0.02527932180323597	0.029193118481923686	0.018112537257560554	0.04111193232465324	0.1012314096234995	0.048638717721185096	0.006057869388786816	0.03385173752608549	0.013142734125533989	0.029615124856064184	0.018073852665090304	0.01979647067830069	0.0024755714926851663	0.01637592622900605	0.0546069787344967	0.014927837992726012	0.0070705412235786275	0.02438150586326203	0.005302561845807213	0.018923612804045406	0.02561626029987983	0.03381202435024876	0.007328951813438719	0.016661604088181722	0.021890090829084205	0.006691197743338692	0.04082998083018373	0.009422207707127983	0.02866983512717436	0.017109847683995913	0.07327054863548088	2.0396838814421957E-4	0.00974526220901638	0.04712934999434967	0.04493402187954104	0.01795162311934287	0.5802513191875565	0.8050383666792646	1.7351627865533836	2.632478538738572	1.6213049428055404	3.209510300327358	0.9660190795961017	0.04712934999434967	0.04712934999434967	0.04712934999434967	0	0.04712934999434967	0.04712934999434967	0	0.04712934999434967	0.04712934999434967	0	0.04712934999434967	0.04712934999434967	-407.4624430056932	-104.3628239796668
137	-511.7511666184842	-814.3080531008304	-511.7511666184842	-302.5568864823463	10.192883133199077	0.02271792488017299	0.07914096260264203	0.043086328832696974	0.04284960398568621	0.016930046672014573	0.011953290870629532	0.02527932180323597	0.029193118481923686	0.03224516537965803	0.04111193232465324	0.1012314096234995	0.026218205210882237	9.159906085762642E-4	0.03385173752608549	0.013142734125533989	0.029615124856064184	0.018073852665090304	0.01979647067830069	0.0024755714926851663	0.01637592622900605	0.0546069787344967	0.013238269376086298	0.0070705412235786275	0.02748339558091127	0.005302561845807213	0.018923612804045406	0.011483632177782352	0.03381202435024876	0.007328951813438719	0.016661604088181722	0.021890090829084205	0.006691197743338692	0.04082998083018373	0.009422207707127983	0.02866983512717436	0.017109847683995913	0.07327054863548088	9.896421424816463E-5	0.010493544421387196	0.06052737195011245	0.08542091351742674	0.019189461039380767	0.6820659540950693	0.5023253175678625	1.5352891210354584	2.5776275102898603	1.1491057734308008	3.5168987652727024	0.5968899968551283	0.06052737195011245	0.06052737195011245	0.06052737195011245	0	0.06052737195011245	0.06052737195011245	0	0.06052737195011245	0.06052737195011245	0	0.06052737195011245	0.06052737195011245	-409.41521896843045	-102.33594765005375
138	-511.5795858237164	-820.973446081925	-511.5795858237164	-309.3938602582085	9.03654367326039	0.02271792488017299	0.055284913868355545	0.043086328832696974	0.04284960398568621	0.05796330755957267	0.061496255285303406	0.02527932180323597	0.029193118481923686	0.05751682630784048	0.04111193232465324	0.085875844387553	0.022985429545798505	9.159906085762642E-4	0.016674525372813873	0.013142734125533989	0.029615124856064184	0.018073852665090304	0.01979647067830069	0.0024755714926851663	0.01637592622900605	0.02933531780631425	0.013238269376086298	0.025216970557935023	0.025455275548206355	0.005302561845807213	0.017274801326100805	0.011483632177782352	0.056077296761928505	0.007328951813438719	0.016661604088181722	0.021890090829084205	0.006691197743338692	0.04082998083018373	0.009422207707127983	0.010523405792817964	0.017109847683995913	0.023727584220807008	5.0677805112411015E-5	0.00931791648911323	0.0787012868474201	0.07650256317350906	0.020893348767889695	0.8861287807793784	0.5947787065771816	1.3803686757740472	5.451621423051811	1.4463712154884099	2.648244885126086	0.4776139994034635	0.0787012868474201	0.0787012868474201	0.0787012868474201	0	0.0787012868474201	0.0787012868474201	0	0.0787012868474201	0.0787012868474201	0	0.0787012868474201	0.0787012868474201	-397.1460972224886	-114.43348860122778
139	-510.8342946279651	-819.7121565324018	-510.8342946279651	-308.87786190443666	9.32586792555237	0.02271792488017299	0.055284913868355545	0.043086328832696974	0.052581637372858536	0.03889826868603395	0.061496255285303406	0.02527932180323597	0.029193118481923686	0.05751682630784048	0.03932830083953262	0.085875844387553	0.022985429545798505	9.159906085762642E-4	0.016674525372813873	0.013142734125533989	0.029615124856064184	0.018073852665090304	0.01979647067830069	0.0024755714926851663	0.006643892841833726	0.02933531780631425	0.013238269376086298	0.025216970557935023	0.025455275548206355	0.005302561845807213	0.017274801326100805	0.011483632177782352	0.056077296761928505	0.009112583298559337	0.016661604088181722	0.020355237402375423	0.006691197743338692	0.03792975916231399	0.009422207707127983	0.034023519760935206	0.017109847683995913	0.023727584220807008	8.219706979255899E-5	0.009107439458777915	0.05322401556843491	0.057375650462732	0.013680625553248891	0.7082621318477776	0.9401167047608845	1.1596752158641774	2.654059936957443	1.2670458888768084	3.3488196837329083	0.3442734486798951	0.05322401556843491	0.05322401556843491	0.05322401556843491	0	0.05322401556843491	0.05322401556843491	0	0.05322401556843491	0.05322401556843491	0	0.05322401556843491	0.05322401556843491	-405.5366608016522	-105.2976338263129
140	-509.68857704075174	-826.0467262192624	-509.68857704075174	-316.3581491785107	9.440237004624688	0.02271792488017299	0.055284913868355545	0.043086328832696974	0.052581637372858536	0.03889826868603395	0.061496255285303406	0.02527932180323597	0.04398884856840374	0.004844687762018615	0.04460136633780895	0.05901305301408985	0.022985429545798505	0.002921125104299635	0.016674525372813873	0.013142734125533989	0.029615124856064184	0.018073852665090304	0.01979647067830069	0.0024755714926851663	0.006643892841833726	0.02933531780631425	0.013238269376086298	0.07261604360548056	0.025455275548206355	0.005302561845807213	0.020091685864493156	0.009382479310756961	0.056077296761928505	0.038613354471238356	0.00186587400170167	0.020355237402375423	0.006691197743338692	0.03792975916231399	0.009422207707127983	0.028664673794629003	0.017109847683995913	0.023727584220807008	2.1525508064135047E-4	0.011608039082367525	0.05243896272900996	0.04633268654156549	0.0191654167576766	0.7381817698374309	1.6068796107160468	1.3012631184813728	1.8081960170212439	2.3928329867108253	4.439817789023251	0.6781698827258431	0.05243896272900996	0.05243896272900996	0.05243896272900996	0	0.05243896272900996	0.05243896272900996	0	0.05243896272900996	0.05243896272900996	0	0.05243896272900996	0.05243896272900996	-429.5679210561168	-80.12065598463491
141	-507.875125491219	-822.5597795858328	-507.875125491219	-314.6846540946137	9.031699568762269	0.02271792488017299	0.031025644569444233	0.043086328832696974	0.052581637372858536	0.03889826868603395	0.024249365827574046	0.046804097697351915	0.04398884856840374	0.004844687762018615	0.06498080873311493	0.05901305301408985	0.022985429545798505	0.002921125104299635	0.01822270814196135	0.013142734125533989	0.029615124856064184	0.018073852665090304	0.044055739977212	0.0024755714926851663	0.006643892841833726	0.02933531780631425	0.008580940544393734	0.07261604360548056	0.025455275548206355	0.005302561845807213	0.020091685864493156	0.009382479310756961	0.056077296761928505	0.038613354471238356	0.00186587400170167	0.020355237402375423	0.006691197743338692	0.03638157639316651	0.009422207707127983	0.028664673794629003	0.017109847683995913	0.023727584220807008	3.741020583749197E-4	0.00877022803428673	0.0431625087665896	0.0527964579833131	0.029352808754601886	0.6706724375892799	1.9727128712155657	1.3632632434757224	1.8531490691440757	5.305597869358826	4.8636674252149215	0.8969927612420812	0.0431625087665896	0.0431625087665896	0.0431625087665896	0	0.0431625087665896	0.0431625087665896	0	0.0431625087665896	0.0431625087665896	0	0.0431625087665896	0.0431625087665896	-420.00124017182264	-87.87388531939635
142	-506.85786330026656	-825.525153939767	-506.85786330026656	-318.66729063950044	11.425866668053352	0.02271792488017299	0.031025644569444233	0.043086328832696974	0.052581637372858536	0.03889826868603395	0.024249365827574046	0.046804097697351915	0.04398884856840374	0.004844687762018615	0.06498080873311493	0.05901305301408985	0.022985429545798505	0.002921125104299635	0.01822270814196135	0.013142734125533989	0.012178820852191768	0.03551015666896272	0.044055739977212	0.0024755714926851663	0.006643892841833726	0.02933531780631425	0.008580940544393734	0.07261604360548056	0.025455275548206355	0.005302561845807213	0.020091685864493156	0.009382479310756961	0.056077296761928505	0.038613354471238356	0.00186587400170167	0.020355237402375423	0.006691197743338692	0.03638157639316651	0.009422207707127983	0.028664673794629003	0.017109847683995913	0.023727584220807008	2.620424878675853E-4	0.00965182070213957	0.06287781172743173	0.0364126754347059	0.03575577078685238	1.4198167479641204	2.0886263771218645	1.3666991611012393	1.3275361530275223	5.623377707230476	4.054672982528479	0.8161751755180375	0.06287781172743173	0.06287781172743173	0.06287781172743173	0	0.06287781172743173	0.06287781172743173	0	0.06287781172743173	0.06287781172743173	0	0.06287781172743173	0.06287781172743173	-407.2536014231355	-99.60426187713108
143	-504.5708208440637	-814.0386921380069	-504.5708208440637	-309.46787129394323	10.699931200757018	0.02271792488017299	0.031025644569444233	0.043086328832696974	0.052581637372858536	0.06678485476438566	0.024249365827574046	0.046804097697351915	0.03923982318680136	0.03244837569109503	0.06498080873311493	0.05901305301408985	0.022985429545798505	0.002921125104299635	0.022971733523563728	0.013142734125533989	0.017345175166849608	0.04888059423734602	0.044055739977212	0.0024755714926851663	0.006643892841833726	0.02502661547658734	0.008580940544393734	0.0037553320296691423	0.025455275548206355	0.005302561845807213	0.020091685864493156	0.008524827325826032	0.056077296761928505	0.038613354471238356	0.00186587400170167	0.020355237402375423	0.006691197743338692	0.03638157639316651	0.009422207707127983	0.028664673794629003	0.030833095695552135	0.010004336209250786	1.7578888644962046E-4	0.007576815109307956	0.04087477852596417	0.0348370255246102	0.038826332239251166	2.209084654369806	2.713979178826596	2.2515342694503	1.2903011732243328	4.101445084770262	2.96676020635406	0.6785830094841561	0.04087477852596417	0.04087477852596417	0.04087477852596417	0	0.04087477852596417	0.04087477852596417	0	0.04087477852596417	0.04087477852596417	0	0.04087477852596417	0.04087477852596417	-406.5313383757866	-98.03948246827709
144	-503.7760245299082	-813.4097764592914	-503.7760245299082	-309.63375192938315	10.42118551046147	0.02271792488017299	0.08457803044370737	0.06778491162435701	0.052581637372858536	0.07198484607801602	0.021059374272442824	0.046804097697351915	0.03923982318680136	0.03244837569109503	0.025580719317328054	0.006298676515949925	0.022985429545798505	0.002921125104299635	0.022971733523563728	0.027706794239933247	0.017345175166849608	0.04888059423734602	0.02186857523676454	0.0024755714926851663	0.0460439822576206	0.022515197425374764	0.008580940544393734	0.0037553320296691423	0.025455275548206355	0.005302561845807213	0.020091685864493156	0.008524827325826032	0.056077296761928505	0.038613354471238356	0.00186587400170167	0.020355237402375423	0.004681197984839555	0.021817516278767254	0.009422207707127983	0.028664673794629003	0.029995086319428918	0.010004336209250786	2.915527781048913E-4	0.008682233579050432	0.03828578346386235	0.01685299239764087	0.0364662502581961	1.3646944317547591	3.4264293418192757	2.248613914158194	1.6189190614197824	3.365017259651412	2.6365927229768613	1.7509064443086007	0.03828578346386235	0.03828578346386235	0.03828578346386235	0	0.03828578346386235	0.03828578346386235	0	0.03828578346386235	0.03828578346386235	0	0.03828578346386235	0.03828578346386235	-404.42652774683324	-99.34949678307495
145	-503.3193531994614	-809.6621450646837	-503.3193531994614	-306.34279186522235	10.176859578677691	0.02271792488017299	0.08457803044370737	0.03837057332069965	0.052581637372858536	0.010268602456778839	0.021059374272442824	0.002660184022733686	0.03454564362590612	0.03244837569109503	0.025580719317328054	0.006298676515949925	0.022985429545798505	0.024156420253975117	0.027665913084458968	0.027706794239933247	0.017345175166849608	0.04349591619512615	0.02186857523676454	0.0024755714926851663	0.0460439822576206	0.022515197425374764	0.008580940544393734	0.06547157565090632	0.025455275548206355	0.05762551867440732	0.020091685864493156	0.008524827325826032	0.056077296761928505	0.038613354471238356	0.00186587400170167	0.020355237402375423	0.004681197984839555	0.021817516278767254	0.014806885749347853	0.028664673794629003	0.029995086319428918	0.010004336209250786	4.2005782491098936E-5	0.008062737719102325	0.06704308760253992	0.022874757726893617	0.03812902409926901	2.4065918914696627	2.199052945397671	2.6378681618196373	2.257250029312022	2.2438345175982697	3.082637349844071	0.8191434216958892	0.06704308760253992	0.06704308760253992	0.06704308760253992	0	0.06704308760253992	0.06704308760253992	0	0.06704308760253992	0.06704308760253992	0	0.06704308760253992	0.06704308760253992	-405.3795308238593	-97.93982237560212
146	-503.2927630954455	-824.9316243382605	-503.2927630954455	-321.63886124281504	9.884498755629494	0.02271792488017299	0.08457803044370737	0.03837057332069965	0.052581637372858536	0.010268602456778839	0.021059374272442824	0.02721100239456173	0.03199363703385699	0.03244837569109503	0.025580719317328054	0.006298676515949925	0.022985429545798505	0.024156420253975117	0.027665913084458968	0.027706794239933247	0.017345175166849608	0.04349591619512615	0.02186857523676454	0.0024755714926851663	0.04859598884966973	0.022515197425374764	0.008580940544393734	0.040920757279078276	0.025455275548206355	0.05762551867440732	0.020091685864493156	0.008524827325826032	0.056077296761928505	0.038613354471238356	0.00186587400170167	0.020355237402375423	0.004681197984839555	0.021817516278767254	0.014806885749347853	0.028664673794629003	0.029995086319428918	0.010004336209250786	1.614421123160114E-4	0.0067065795199254	0.10407203853937094	0.02212490895963719	0.04365062322682383	2.72095677670746	3.1512736120116194	3.650702974824393	1.307775742184539	2.017746820169036	3.1094441916778384	0.4275279134436201	0.10407203853937094	0.10407203853937094	0.10407203853937094	0	0.10407203853937094	0.10407203853937094	0	0.10407203853937094	0.10407203853937094	0	0.10407203853937094	0.10407203853937094	-410.2564659446912	-93.03629715075434
147	-501.4689157413044	-815.2843272082703	-501.4689157413044	-313.8154114669659	10.077471485890944	0.011569333456620368	0.01672571582960536	0.03837057332069965	0.05639939511519215	0.010268602456778839	0.021059374272442824	0.02721100239456173	0.012590017679740162	0.036107824437351485	0.025580719317328054	0.006298676515949925	0.022985429545798505	0.024156420253975117	0.04591667924488728	0.021223530683264297	0.017345175166849608	0.031728413591366786	0.0603991527097658	0.04333690231992314	0.05974458027322235	0.022515197425374764	0.008580940544393734	0.040920757279078276	0.025455275548206355	0.019094941201406063	0.020091685864493156	0.00794817317697026	0.056077296761928505	0.038613354471238356	0.00186587400170167	0.04539230473837018	0.0314990045559269	0.041221135632884084	0.007502856476534481	0.029241327943484774	0.004958018983434162	0.010004336209250786	4.713746417726069E-5	0.009920460267305815	0.10680422757122722	0.024028594118156672	0.03464689337309391	1.9488340064814031	2.5128166340018776	1.9452984254054624	1.6381421422887616	3.42436169193838	2.8081676937696756	0.8121144936055888	0.10680422757122722	0.10680422757122722	0.10680422757122722	0	0.10680422757122722	0.10680422757122722	0	0.10680422757122722	0.10680422757122722	0	0.10680422757122722	0.10680422757122722	-400.00605540766577	-101.46286033363863
148	-499.9912500140369	-807.9703518908559	-499.9912500140369	-307.9791018768191	8.810611057135805	0.011569333456620368	0.01672571582960536	0.03837057332069965	0.05639939511519215	0.010268602456778839	0.01178299842390547	0.02721100239456173	0.012590017679740162	0.052377225232974375	0.025580719317328054	0.006298676515949925	0.022985429545798505	0.03343279610251247	0.04591667924488728	0.021223530683264297	0.017345175166849608	0.033444823645066166	0.0603991527097658	0.02706750152430025	0.05974458027322235	0.022515197425374764	0.008580940544393734	0.040920757279078276	0.025455275548206355	0.017378531147706683	0.0028500410312551766	0.00794817317697026	0.039521956537288724	0.038613354471238356	0.00186587400170167	0.04539230473837018	0.0314990045559269	0.058462780466122063	0.02405819670117426	0.029241327943484774	0.004958018983434162	0.010004336209250786	2.3179719621811972E-4	0.008115976020044765	0.12325208927153967	0.013068198431206898	0.061018937894691455	1.4467748550690362	1.5963475739194863	3.1170967077534444	1.0927195966250893	2.7734878774823453	2.664576657587823	0.3035800814666474	0.12325208927153967	0.12325208927153967	0.12325208927153967	0	0.12325208927153967	0.12325208927153967	0	0.12325208927153967	0.12325208927153967	0	0.12325208927153967	0.12325208927153967	-389.45763220029437	-110.53361781374251
149	-499.7853331014244	-804.4412608992496	-499.7853331014244	-304.65592779782526	11.286705206180496	0.011569333456620368	0.01672571582960536	0.03837057332069965	0.05639939511519215	0.010268602456778839	0.04448315496502182	0.02721100239456173	0.012590017679740162	0.038376498142615775	0.0010207955360701237	0.007213059686034556	0.008592206012667178	0.018342142019198024	0.04591667924488728	0.015591859979313977	0.017345175166849608	0.058004747426324096	0.07391688753438129	0.02706750152430025	0.08722162120995844	0.022515197425374764	0.01943162013326416	0.028709791891060807	0.025455275548206355	0.03137925823806528	0.0028500410312551766	0.00794817317697026	0.039521956537288724	0.044245025175188676	0.00186587400170167	0.030960186743670057	0.0314990045559269	0.02576262392500571	0.013032095646899666	0.0436345514766161	0.004958018983434162	0.010004336209250786	2.2758516649638745E-5	0.007206515196480599	0.07857815081516648	0.013762403384776498	0.052895660560292886	2.9889799879763173	0.9213068915171022	2.675667873780648	1.883406968967919	3.228314839390733	1.8166816241780896	0.6902889600581943	0.07857815081516648	0.07857815081516648	0.07857815081516648	0	0.07857815081516648	0.07857815081516648	0	0.07857815081516648	0.07857815081516648	0	0.07857815081516648	0.07857815081516648	-395.0384781349594	-104.74685496646498
150	-499.2732679908498	-807.5857603458519	-499.2732679908498	-308.3124923550021	6.873985483808737	0.011569333456620368	0.01672571582960536	0.03837057332069965	0.05639939511519215	0.010268602456778839	0.04448315496502182	0.02721100239456173	0.003957115407192957	0.038376498142615775	0.0010207955360701237	0.007213059686034556	0.008592206012667178	0.018342142019198024	0.054549581517434484	0.02981622716211038	0.017345175166849608	0.058004747426324096	0.020570794277331203	0.012843134341503845	0.08722162120995844	0.022515197425374764	0.01943162013326416	0.028709791891060807	0.025455275548206355	0.03137925823806528	0.0028500410312551766	0.06129426643402035	0.039521956537288724	0.044245025175188676	0.00186587400170167	0.030960186743670057	0.0314990045559269	0.02576262392500571	0.013032095646899666	0.0436345514766161	0.004958018983434162	0.010004336209250786	1.766203970999934E-4	0.008209338482240869	0.05797031759781152	0.015077287528324546	0.05413789658623895	3.2171021367527253	0.8628142333324134	3.895035363764181	2.097040657419494	3.21148488941545	2.033988234894449	1.0994489026210075	0.05797031759781152	0.05797031759781152	0.05797031759781152	0	0.05797031759781152	0.05797031759781152	0	0.05797031759781152	0.05797031759781152	0	0.05797031759781152	0.05797031759781152	-380.40742234705465	-118.86584564379511
151	-499.06076497035633	-801.9441154759985	-499.06076497035633	-302.88335050564217	9.265829423206435	0.011569333456620368	0.01672571582960536	0.03837057332069965	0.05639939511519215	0.010268602456778839	0.04448315496502182	0.02721100239456173	0.003957115407192957	0.038376498142615775	0.0010207955360701237	0.007213059686034556	0.008592206012667178	0.018342142019198024	0.054549581517434484	0.0712403476225891	0.017345175166849608	0.019974741853611352	0.020570794277331203	0.012843134341503845	0.04579750074947972	0.022515197425374764	0.02480680234758026	0.028709791891060807	0.025455275548206355	0.03137925823806528	0.0028500410312551766	0.050282902197175225	0.01654675545551064	0.044245025175188676	0.00186587400170167	0.030960186743670057	0.09814039323294675	0.02576262392500571	0.013032095646899666	0.0436345514766161	0.004958018983434162	0.010004336209250786	1.3540321634565266E-4	0.008662075596377777	0.033401980255346214	0.019666981373761192	0.05356771470833933	3.3409062767169977	0.6830094147716481	4.852969681844486	1.4855048945427407	3.229050793416563	1.9758623702425369	0.7588161575948501	0.033401980255346214	0.033401980255346214	0.033401980255346214	0	0.033401980255346214	0.033401980255346214	0	0.033401980255346214	0.033401980255346214	0	0.033401980255346214	0.033401980255346214	-387.381192821626	-111.67957214873037
152	-496.0472419410339	-801.48417606153	-496.0472419410339	-305.4369341204961	7.8483098926033925	0.011569333456620368	0.009552662358704556	0.03837057332069965	0.05639939511519215	0.010268602456778839	0.03624491619803501	0.02721100239456173	0.003957115407192957	0.038376498142615775	0.0010207955360701237	0.007213059686034556	0.008592206012667178	0.018342142019198024	0.054549581517434484	0.0712403476225891	0.02451822863775041	0.019974741853611352	0.020570794277331203	0.012843134341503845	0.00639687418354104	0.022515197425374764	0.02480680234758026	0.028709791891060807	0.025455275548206355	0.03137925823806528	0.0028500410312551766	0.050282902197175225	0.01654675545551064	0.044245025175188676	0.00186587400170167	0.030960186743670057	0.09814039323294675	0.06516325049094439	0.021270334413886482	0.0436345514766161	0.004958018983434162	0.010004336209250786	7.70487240362911E-5	0.008739090681609166	0.045335545101780124	0.024407690319413398	0.04761079734724582	2.6053018786043625	0.5264700864253066	5.147320072663817	1.9859703361753671	2.471372477914915	2.623456625263038	1.9368500785983604	0.045335545101780124	0.045335545101780124	0.045335545101780124	0	0.045335545101780124	0.045335545101780124	0	0.045335545101780124	0.045335545101780124	0	0.045335545101780124	0.045335545101780124	-377.2191703802959	-118.82807156073804
153	-493.0543562942763	-804.3420488393439	-493.0543562942763	-311.28769254506756	7.889062590735907	0.017471604757844705	0.009552662358704556	0.027708946938934054	0.10425764478194716	0.010268602456778839	0.03624491619803501	0.02721100239456173	0.003957115407192957	0.038376498142615775	0.0010207955360701237	0.007213059686034556	0.008592206012667178	0.018342142019198024	0.00669133185067948	0.06364457649977748	0.06352894475564194	0.019974741853611352	0.020570794277331203	0.012843134341503845	0.00639687418354104	0.022515197425374764	0.02480680234758026	0.013469418724649893	0.025455275548206355	0.03137925823806528	0.0028500410312551766	0.050282902197175225	0.03295869893625568	0.04307345486085455	0.06095754190851464	0.030960186743670057	0.05912967711505522	0.013667353706943039	0.021270334413886482	0.0436345514766161	0.004958018983434162	0.014763691289792047	2.5517797831535097E-4	0.007903106258146235	0.04963888022978223	0.024904798385437323	0.05154479291242771	2.8404489861424307	0.7942013154162575	3.590029355244472	1.888334595508278	1.5094205475090028	2.015019959804059	1.2986820247477167	0.04963888022978223	0.04963888022978223	0.04963888022978223	0	0.04963888022978223	0.04963888022978223	0	0.04963888022978223	0.04963888022978223	0	0.04963888022978223	0.04963888022978223	-373.40029076067316	-119.65406553360317
154	-492.23980008994744	-788.4306341396904	-492.23980008994744	-296.19083404974293	7.414085163587742	0.017471604757844705	0.009552662358704556	0.03832402650857808	0.10425764478194716	0.010268602456778839	0.03624491619803501	0.02721100239456173	0.027446345601715605	0.038376498142615775	0.0010207955360701237	0.007213059686034556	0.008592206012667178	0.018342142019198024	0.00669133185067948	0.06364457649977748	0.06352894475564194	0.028180162431186026	0.020570794277331203	0.012843134341503845	0.00639687418354104	0.0348493596236744	0.02480680234758026	0.013469418724649893	0.025455275548206355	0.007890028043542635	0.0028500410312551766	0.050282902197175225	0.03295869893625568	0.04307345486085455	0.048623379710215006	0.02034510717402603	0.05912967711505522	0.013667353706943039	0.021270334413886482	0.0436345514766161	0.004958018983434162	0.006558270712217373	2.55509196265533E-4	0.008902538774126065	0.04994651629970281	0.03237787752751706	0.035944497139954554	2.9623561010295516	0.6310890514363277	3.684105618818244	1.5739686045754837	1.6605626868099093	1.8010761370437516	0.9052758887467574	0.04994651629970281	0.04994651629970281	0.04994651629970281	0	0.04994651629970281	0.04994651629970281	0	0.04994651629970281	0.04994651629970281	0	0.04994651629970281	0.04994651629970281	-385.08810010772817	-107.15169998221928
155	-491.6220486413026	-796.4241049137735	-491.6220486413026	-304.80205627247085	6.241793043504206	0.017471604757844705	0.01657450644173597	0.03832402650857808	0.10100076993185286	0.010268602456778839	0.03624491619803501	0.02721100239456173	0.023878389726025795	0.038376498142615775	0.0010207955360701237	0.007213059686034556	0.04508403109893387	0.018342142019198024	0.00669133185067948	0.06690145134987177	0.06352894475564194	0.028180162431186026	0.020570794277331203	0.012843134341503845	0.00639687418354104	0.0348493596236744	0.02480680234758026	0.013469418724649893	0.025455275548206355	0.007890028043542635	0.0028500410312551766	0.04326105811414381	0.03295869893625568	0.04307345486085455	0.048623379710215006	0.02034510717402603	0.022637852028788527	0.013667353706943039	0.021270334413886482	0.04720250735230591	0.004958018983434162	0.006558270712217373	1.6307612462824548E-4	0.004864206735878449	0.04558768400258352	0.04685596286425107	0.03536335723493814	2.6499100383178695	0.5407099918483874	3.3747658976686266	1.250681224677959	1.0839796600466869	2.4066073982844913	0.6459434288966259	0.04558768400258352	0.04558768400258352	0.04558768400258352	0	0.04558768400258352	0.04558768400258352	0	0.04558768400258352	0.04558768400258352	0	0.04558768400258352	0.04558768400258352	-381.27561506082316	-110.34643358047944
156	-491.2442059069382	-803.7824187353091	-491.2442059069382	-312.5382128283709	9.126696937433916	0.017471604757844705	0.01657450644173597	0.03832402650857808	0.10100076993185286	0.010268602456778839	0.03624491619803501	0.02721100239456173	0.017235429811628122	0.01238393459621899	0.0010207955360701237	0.007213059686034556	0.013696653581932158	0.018342142019198024	0.00669133185067948	0.06690145134987177	0.06352894475564194	0.028180162431186026	0.020570794277331203	0.012843134341503845	0.00639687418354104	0.0348493596236744	0.027102726679794298	0.010069657791660566	0.05384667596196467	0.007890028043542635	0.037637179481246216	0.047608093696327444	0.03295869893625568	0.06906601840725134	0.01892494432731172	0.02034510717402603	0.022637852028788527	0.013667353706943039	0.022577369383031454	0.04720250735230591	0.004958018983434162	0.006558270712217373	2.604092224446988E-5	0.007413922648150082	0.05841309292894711	0.047269413943755084	0.026037995618405346	1.708839434724949	0.5822662031319663	4.995712708698353	1.019608222624512	1.2616172555444451	3.91831350007711	0.645892491487835	0.05841309292894711	0.05841309292894711	0.05841309292894711	0	0.05841309292894711	0.05841309292894711	0	0.05841309292894711	0.05841309292894711	0	0.05841309292894711	0.05841309292894711	-386.31570830368275	-104.92849760325544
157	-491.164120868515	-804.8543728709295	-491.164120868515	-313.6902520024145	8.768980957586717	0.017471604757844705	0.01657450644173597	0.03832402650857808	0.10100076993185286	0.010268602456778839	0.02807809749891206	0.02721100239456173	0.017235429811628122	0.01238393459621899	0.0010207955360701237	0.007213059686034556	0.013696653581932158	0.018342142019198024	0.00669133185067948	0.03952007863724258	0.10080978705855989	0.028180162431186026	0.047952166989960396	0.012843134341503845	0.00639687418354104	0.0348493596236744	0.021639864034157297	0.010069657791660566	0.016565833659046722	0.007890028043542635	0.037637179481246216	0.047608093696327444	0.03295869893625568	0.06680817680398375	0.01892494432731172	0.02034510717402603	0.02889084946615049	0.027297035051702986	0.018582213548937077	0.04720250735230591	0.004958018983434162	0.006558270712217373	1.3266456643654017E-4	0.012197553528520236	0.10228756351304541	0.06094670378620122	0.03178180927991181	2.3167074386930997	0.6333592442633107	5.105793438342962	0.7700934284217824	1.9880052986001764	3.656720240009291	0.6147971104359962	0.10228756351304541	0.10228756351304541	0.10228756351304541	0	0.10228756351304541	0.10228756351304541	0	0.10228756351304541	0.10228756351304541	0	0.10228756351304541	0.10228756351304541	-388.0378589766067	-103.12626189190831
158	-490.2309261243623	-799.4094557665942	-490.2309261243623	-309.17852964223187	8.684449302277953	0.017471604757844705	0.01657450644173597	0.03832402650857808	0.08207678242675293	0.026624308275335115	0.011722391680355784	0.02721100239456173	0.017235429811628122	0.01238393459621899	0.0010207955360701237	0.007213059686034556	0.013696653581932158	0.018342142019198024	0.00669133185067948	0.02263674806346125	0.10438280116587559	0.03790834550577858	0.03664245566647294	0.00848398311641628	0.02328020475732237	0.0348493596236744	0.021639864034157297	0.006496643684344869	0.016565833659046722	0.007890028043542635	0.048946890804733675	0.047608093696327444	0.03295869893625568	0.09009131553417125	0.01892494432731172	0.02034510717402603	0.02889084946615049	0.027297035051702986	0.018582213548937077	0.037474324277713356	0.004958018983434162	0.006558270712217373	2.954221513964722E-4	0.008164467213626984	0.10128155583332427	0.05215143112870022	0.05607484737596086	2.281412243955228	0.6070394860126461	4.064499512452124	1.1295035271638323	1.9838805439799068	3.7514449985746183	0.4103471870713934	0.10128155583332427	0.10128155583332427	0.10128155583332427	0	0.10128155583332427	0.10128155583332427	0	0.10128155583332427	0.10128155583332427	0	0.10128155583332427	0.10128155583332427	-374.49897017697344	-115.73195594738885
159	-489.57747475719935	-797.6342646042274	-489.57747475719935	-308.056789847028	8.576521862359266	0.017471604757844705	0.013918730605944285	0.03832402650857808	0.15123401450442625	0.026624308275335115	0.011722391680355784	0.02721100239456173	0.025859391598830606	0.01238393459621899	0.0010207955360701237	0.007213059686034556	0.013696653581932158	0.018342142019198024	0.00669133185067948	0.02263674806346125	0.04085474199938874	0.03790834550577858	0.028018493879270454	0.00848398311641628	0.02328020475732237	0.0348493596236744	0.03928648097985432	0.006496643684344869	0.016565833659046722	0.007890028043542635	0.048946890804733675	0.02996147675063042	0.03295869893625568	0.10334983486822956	0.013295771416125243	0.023000883009817716	0.027712784511182628	0.027297035051702986	0.018582213548937077	0.02539386989862291	0.004958018983434162	0.006558270712217373	1.868768741228691E-5	0.00670968112616542	0.0838804056633731	0.04409565969814451	0.05356150430821686	2.125009590912556	0.6842267400762466	7.002661245100552	1.5819131719998838	1.898571125817703	2.530899068559512	0.9785521145989186	0.0838804056633731	0.0838804056633731	0.0838804056633731	0	0.0838804056633731	0.0838804056633731	0	0.0838804056633731	0.0838804056633731	0	0.0838804056633731	0.0838804056633731	-373.6412115443652	-115.93626321283416
160	-488.5335739049835	-804.1408039299627	-488.5335739049835	-315.6072300249792	9.077735329862909	0.02621273655322387	0.013918730605944285	0.03832402650857808	0.15123401450442625	0.008869156250821728	0.011722391680355784	0.02721100239456173	0.025859391598830606	0.01238393459621899	0.0010207955360701237	0.007213059686034556	0.013696653581932158	0.00960101022381886	0.00669133185067948	0.02263674806346125	0.04085474199938874	0.03790834550577858	0.049336286651762915	0.00848398311641628	0.0019624119848299093	0.0348493596236744	0.05704163300436771	0.006496643684344869	0.016565833659046722	0.007890028043542635	0.033744479345109143	0.04516388821025495	0.03295869893625568	0.10334983486822956	0.013295771416125243	0.023000883009817716	0.027712784511182628	0.027297035051702986	0.018582213548937077	0.02539386989862291	0.004958018983434162	0.006558270712217373	3.131687140287303E-5	0.007139793083761276	0.09648726012921419	0.034352342676753606	0.11148712405841273	2.985025092658386	0.5903847444346444	4.944159268822888	2.0453054855613035	2.088903600077016	2.529686109964692	0.637343209682991	0.09648726012921419	0.09648726012921419	0.09648726012921419	0	0.09648726012921419	0.09648726012921419	0	0.09648726012921419	0.09648726012921419	0	0.09648726012921419	0.09648726012921419	-366.1976684938967	-122.33590541108681
161	-486.36813002565555	-809.5580651604337	-486.36813002565555	-323.1899351347781	9.787050154635175	0.02621273655322387	0.013918730605944285	0.03832402650857808	0.14806266128044038	0.008869156250821728	0.011722391680355784	0.02721100239456173	0.09243357668927804	0.01238393459621899	0.0010207955360701237	0.011447815080348395	0.013696653581932158	0.013076989638004397	0.00669133185067948	0.02263674806346125	0.03493011102299712	0.01525562599731077	0.05419751545782657	0.05074571588510145	0.0019624119848299093	0.10504850026249667	0.016883383528014106	0.006496643684344869	0.016565833659046722	0.007890028043542635	0.00370358818264048	0.04516388821025495	0.03295869893625568	0.036775649777782124	0.013295771416125243	0.01952490359563218	0.027712784511182628	0.027297035051702986	0.018582213548937077	0.0057848566384055555	0.004958018983434162	0.006558270712217373	2.3055529673280046E-4	0.006573918200772098	0.0891257574692205	0.024930083300358383	0.09680582962378324	2.345524515938946	0.6660591257698836	4.841394912850823	2.4384333836409464	2.5453955914411805	1.8258805907164453	0.8842049504240508	0.0891257574692205	0.0891257574692205	0.0891257574692205	0	0.0891257574692205	0.0891257574692205	0	0.0891257574692205	0.0891257574692205	0	0.0891257574692205	0.0891257574692205	-378.3691076575036	-107.99902236815191
162	-486.26765776643947	-799.5530197841349	-486.26765776643947	-313.28536201769543	9.636274612472322	0.02621273655322387	0.013918730605944285	0.03832402650857808	0.1120575479785792	0.008869156250821728	0.011722391680355784	0.06321611569642291	0.09243357668927804	0.01238393459621899	0.05981443051911614	0.011447815080348395	0.013696653581932158	0.013076989638004397	0.00669133185067948	0.02263674806346125	0.03493011102299712	0.01525562599731077	0.05419751545782657	0.05074571588510145	0.0019624119848299093	0.04625486527945065	0.016883383528014106	0.006496643684344869	0.03390293005817567	0.007890028043542635	0.00370358818264048	0.04516388821025495	0.013766122562400937	0.036775649777782124	0.013295771416125243	0.01952490359563218	0.01037568811205368	0.027297035051702986	0.018582213548937077	0.0057848566384055555	0.004958018983434162	0.025750847086072115	2.715129916344986E-4	0.007633896468438127	0.07032407524260673	0.016381797936763285	0.13847917644888516	1.4663358475844965	0.6541155958226944	6.9299900981034295	3.0440153490805626	1.4730946448431959	3.05232669426374	0.4141627889871348	0.07032407524260673	0.07032407524260673	0.07032407524260673	0	0.07032407524260673	0.07032407524260673	0	0.07032407524260673	0.07032407524260673	0	0.07032407524260673	0.07032407524260673	-384.2949454538207	-101.97271231261877
163	-484.9262631106714	-805.6658867741755	-484.9262631106714	-320.73962366350406	9.355042320822388	0.02621273655322387	0.013918730605944285	0.03832402650857808	0.0833582120151089	0.008869156250821728	0.06417716548019788	0.01860531339667368	0.09243357668927804	0.01238393459621899	0.02632257617561015	0.04014715104381869	0.013696653581932158	0.013076989638004397	0.00669133185067948	0.025200685282878527	0.03493011102299712	0.01525562599731077	0.05419751545782657	0.05074571588510145	0.0019624119848299093	0.04625486527945065	0.016883383528014106	0.006496643684344869	0.014940010601839568	0.007890028043542635	0.00370358818264048	0.04516388821025495	0.040831052876075566	0.036775649777782124	0.013295771416125243	0.01952490359563218	0.02792156009812828	0.027297035051702986	0.018582213548937077	0.0057848566384055555	0.004958018983434162	0.023186909866654837	8.468216497058836E-5	0.006518981594687522	0.08756463743685103	0.01712804586985314	0.128506318125755	1.1422724631294923	0.6550353721864713	8.728614668030485	4.960748559163564	1.4871271547680347	3.323052458645582	0.831574816262143	0.08756463743685103	0.08756463743685103	0.08756463743685103	0	0.08756463743685103	0.08756463743685103	0	0.08756463743685103	0.08756463743685103	0	0.08756463743685103	0.08756463743685103	-380.0676121070067	-104.85865100366469
164	-484.7207387046289	-804.3763811424149	-484.7207387046289	-319.65564243778596	12.867487668945767	0.027109635477444827	0.0025302598220320327	0.04971249729249033	0.0833582120151089	0.008869156250821728	0.06417716548019788	0.01860531339667368	0.09243357668927804	0.01238393459621899	0.032172352626891415	0.04014715104381869	0.0065737264547275215	0.013076989638004397	0.003261953080906141	0.025200685282878527	0.03493011102299712	0.01525562599731077	0.045856405640401374	0.05074571588510145	0.0019624119848299093	0.04625486527945065	0.016883383528014106	0.02587271026962111	0.009090234150558305	0.015012955170747272	0.00370358818264048	0.04516388821025495	0.040831052876075566	0.036775649777782124	0.02163688123355044	0.01952490359563218	0.02792156009812828	0.010453448311979127	0.018582213548937077	0.0057848566384055555	0.004958018983434162	0.023186909866654837	7.263468835691597E-5	0.006434056366734697	0.15025285100222324	0.03105099242280418	0.12713593590133745	1.314107848726665	0.9376187682103148	6.636184160325211	3.614179060880216	1.777622838320396	3.3458287328176106	0.36550360419975664	0.15025285100222324	0.15025285100222324	0.15025285100222324	0	0.15025285100222324	0.15025285100222324	0	0.15025285100222324	0.15025285100222324	0	0.15025285100222324	0.15025285100222324	-383.2838122522694	-101.4369264523595
165	-484.4237628862343	-799.4899014702353	-484.4237628862343	-315.06613858400095	12.885458136827715	0.027109635477444827	0.0025302598220320327	0.04971249729249033	0.0833582120151089	0.027837853470924143	0.06417716548019788	0.021169784156424648	0.09243357668927804	0.01238393459621899	0.032172352626891415	0.04014715104381869	0.0065737264547275215	0.013076989638004397	0.003261953080906141	0.025200685282878527	0.03493011102299712	0.02962123360770373	0.045856405640401374	0.04818124512535048	0.0019624119848299093	0.04625486527945065	0.016883383528014106	0.007253388229472621	0.009090234150558305	0.015012955170747272	0.00370358818264048	0.04516388821025495	0.02186235565597315	0.036775649777782124	0.02163688123355044	0.01952490359563218	0.01355595248773532	0.010453448311979127	0.018582213548937077	0.024404178678554045	0.004958018983434162	0.023186909866654837	5.0302803370024734E-5	0.007845981564539006	0.14316345723708251	0.02847192059648612	0.14235445318769177	1.0521132020899717	0.6587866284806724	5.050104409593232	1.7170562741732784	1.55371994477341	3.9086301425628687	0.24052449344302848	0.14316345723708251	0.14316345723708251	0.14316345723708251	0	0.14316345723708251	0.14316345723708251	0	0.14316345723708251	0.14316345723708251	0	0.14316345723708251	0.14316345723708251	-379.62862659238044	-104.79513629385386
166	-482.61850895416075	-805.5626212015886	-482.61850895416075	-322.94411224742794	11.996898823319526	0.027109635477444827	0.0712896750708355	0.04971249729249033	0.03903375501987699	0.07216231046615605	0.06417716548019788	0.021169784156424648	0.09243357668927804	0.019763505088880792	0.032172352626891415	0.04014715104381869	0.0065737264547275215	0.013076989638004397	0.003261953080906141	0.025200685282878527	0.03493011102299712	0.02962123360770373	0.007795832925318033	0.041948014136773834	0.0019624119848299093	0.04625486527945065	0.016883383528014106	0.007253388229472621	0.009090234150558305	0.015012955170747272	0.00370358818264048	0.014465045676534824	0.02186235565597315	0.036775649777782124	0.027870112222127083	0.01952490359563218	0.006176381995073518	0.010453448311979127	0.018582213548937077	0.024404178678554045	0.004958018983434162	0.023186909866654837	6.591135151980406E-5	0.007619174862577927	0.15161506487343124	0.023071726526271326	0.17131333614231734	1.1471030688654709	0.9543234406719122	6.731533856948589	2.6700445631512837	1.8142671233008523	4.5134623598152865	0.4466811169162936	0.15161506487343124	0.15161506487343124	0.15161506487343124	0	0.15161506487343124	0.15161506487343124	0	0.15161506487343124	0.15161506487343124	0	0.15161506487343124	0.15161506487343124	-375.96642393332354	-106.6520850208372
167	-480.9718835546994	-805.8199154364936	-480.9718835546994	-324.84803188179427	9.915509623907589	0.027109635477444827	0.0712896750708355	0.04691063086360464	0.03903375501987699	0.04658936868053219	0.05791472642886693	0.021169784156424648	0.09523544311816373	0.01443687709992679	0.03843479167822236	0.04014715104381869	0.0065737264547275215	0.013076989638004397	0.003261953080906141	0.025200685282878527	0.03493011102299712	0.02962123360770373	0.007795832925318033	0.0675209559223977	0.0019624119848299093	0.04625486527945065	0.016883383528014106	0.007253388229472621	0.009090234150558305	0.020339583159701274	0.00370358818264048	0.014465045676534824	0.02186235565597315	0.036775649777782124	0.027870112222127083	0.01952490359563218	0.006176381995073518	0.010453448311979127	0.018582213548937077	0.024404178678554045	0.004958018983434162	0.023186909866654837	2.5803904965453445E-4	0.008363112538625697	0.09247897911761842	0.01621210621422262	0.16917062156221202	0.9610215475261005	1.0599160378052854	4.890056437541569	2.473530858801222	1.5758635669272971	4.33301841166357	0.5390964984071744	0.09247897911761842	0.09247897911761842	0.09247897911761842	0	0.09247897911761842	0.09247897911761842	0	0.09247897911761842	0.09247897911761842	0	0.09247897911761842	0.09247897911761842	-370.57430790030116	-110.39757565439822
168	-478.1511127956572	-809.5977032598495	-478.1511127956572	-331.4465904641923	11.468870860951654	0.027109635477444827	0.0712896750708355	0.04691063086360464	0.04443620477871052	0.041186918921698665	0.05791472642886693	0.021169784156424648	0.09523544311816373	0.02336828328239003	0.03843479167822236	0.029735345397503304	0.0065737264547275215	0.023488795284319783	0.003261953080906141	0.025200685282878527	0.03493011102299712	0.02962123360770373	0.007795832925318033	0.0675209559223977	0.0019624119848299093	0.04625486527945065	0.016883383528014106	0.007253388229472621	0.009090234150558305	0.020339583159701274	0.00370358818264048	0.014465045676534824	0.02186235565597315	0.036775649777782124	0.027870112222127083	0.01952490359563218	0.006176381995073518	0.010453448311979127	0.018582213548937077	0.024404178678554045	0.004958018983434162	0.014255503684191595	3.2145611261759116E-5	0.005602609226800737	0.06096277737797426	0.015586728000178157	0.20490628729320143	0.38261943241437885	0.9514143056867623	3.4256987119919677	1.58572254189568	1.5207464066321341	5.646040288281175	0.3748799040859641	0.06096277737797426	0.06096277737797426	0.06096277737797426	0	0.06096277737797426	0.06096277737797426	0	0.06096277737797426	0.06096277737797426	0	0.06096277737797426	0.06096277737797426	-375.8801859300594	-102.2709268655978
169	-476.07324063217465	-795.9628535934643	-476.07324063217465	-319.88961296128963	9.484404724279049	0.027109635477444827	0.05502519378796489	0.04691063086360464	0.03452548619385393	0.025705026791027027	0.01757845360074546	0.03108050274128124	0.09523544311816373	0.02336828328239003	0.03843479167822236	0.029735345397503304	0.04690999928284899	0.023488795284319783	0.003261953080906141	0.02960087065297709	0.03493011102299712	0.045885714890574344	0.007795832925318033	0.0675209559223977	0.0019624119848299093	0.04625486527945065	0.016883383528014106	0.007253388229472621	0.009090234150558305	0.020339583159701274	0.00370358818264048	0.014465045676534824	0.03734424778664479	0.036775649777782124	0.027870112222127083	0.015124718225533615	0.006176381995073518	0.010453448311979127	0.018582213548937077	0.024404178678554045	0.004958018983434162	0.014255503684191595	2.791983023740528E-4	0.006781169878889984	0.060919512094748274	0.013207775042275645	0.13241434234475746	0.4283968654451396	0.5680134285851385	2.762881559241059	1.4804423687211263	1.2526187893954062	3.7350849693185393	0.48577164269231604	0.060919512094748274	0.060919512094748274	0.060919512094748274	0	0.060919512094748274	0.060919512094748274	0	0.060919512094748274	0.060919512094748274	0	0.060919512094748274	0.060919512094748274	-372.957742894783	-103.11549773739165
170	-473.5124146050691	-794.0752297127401	-473.5124146050691	-320.56281510767104	9.393923062223577	0.04357138517186654	0.0708425960114879	0.04691063086360464	0.03452548619385393	0.025705026791027027	0.01757845360074546	0.03108050274128124	0.09523544311816373	0.02336828328239003	0.03843479167822236	0.029735345397503304	0.04690999928284899	0.023488795284319783	0.003261953080906141	0.043563261132848224	0.004983621540508104	0.045885714890574344	0.007795832925318033	0.0675209559223977	0.0019624119848299093	0.029959812364123803	0.016883383528014106	0.007253388229472621	0.009090234150558305	0.020339583159701274	0.00370358818264048	0.014465045676534824	0.03734424778664479	0.036775649777782124	0.027870112222127083	0.015124718225533615	0.006176381995073518	0.010453448311979127	0.018582213548937077	0.024404178678554045	0.004958018983434162	0.014255503684191595	4.4220102116018E-4	0.007684355651723058	0.0402820249218734	0.01662809268650455	0.15877070869604668	0.4280996489315904	0.9900438577058315	3.4278747823164015	1.3622816104366138	1.8126344348829988	4.243656183958815	0.3503428623555738	0.0402820249218734	0.0402820249218734	0.0402820249218734	0	0.0402820249218734	0.0402820249218734	0	0.0402820249218734	0.0402820249218734	0	0.0402820249218734	0.0402820249218734	-372.3870776205408	-101.12533698452829
171	-472.97597005305727	-802.6175020483423	-472.97597005305727	-329.64153199528505	11.374474253245442	0.04357138517186654	0.0708425960114879	0.04691063086360464	0.03452548619385393	0.025705026791027027	0.01757845360074546	0.03108050274128124	0.09523544311816373	0.02494323802280761	0.03843479167822236	0.029735345397503304	0.04690999928284899	0.023488795284319783	0.003261953080906141	0.043563261132848224	0.004983621540508104	0.045885714890574344	0.007795832925318033	0.0675209559223977	0.03672928291431096	0.029959812364123803	0.016883383528014106	0.007253388229472621	0.009090234150558305	0.020339583159701274	0.00370358818264048	0.014465045676534824	0.03576929304622721	0.002008778848301071	0.027870112222127083	0.015124718225533615	0.006176381995073518	0.010453448311979127	0.018582213548937077	0.024404178678554045	0.004958018983434162	0.014255503684191595	3.2637416571534476E-4	0.007176095417503808	0.03613840867740366	0.015365002977952609	0.11362003639838106	0.42373627567121486	1.362294287659757	3.398757022570325	1.1370250642735764	2.038288264138114	4.8798923680035315	0.5202175409142153	0.03613840867740366	0.03613840867740366	0.03613840867740366	0	0.03613840867740366	0.03613840867740366	0	0.03613840867740366	0.03613840867740366	0	0.03613840867740366	0.03613840867740366	-376.50445564057577	-96.47151441248151
172	-472.63960204889054	-797.2473173652281	-472.63960204889054	-324.60771531633753	10.82537997453967	0.04357138517186654	0.025265071207207224	0.04691063086360464	0.0801030109981346	0.025705026791027027	0.01757845360074546	0.03108050274128124	0.09523544311816373	0.02494323802280761	0.03843479167822236	0.029735345397503304	0.04690999928284899	0.023488795284319783	0.003261953080906141	0.043563261132848224	0.017145126441809072	0.045885714890574344	0.007795832925318033	0.0675209559223977	0.032177496528027455	0.029959812364123803	0.016883383528014106	0.007253388229472621	0.009090234150558305	0.020339583159701274	0.00370358818264048	0.01901683206281833	0.03576929304622721	0.002008778848301071	0.015708607320826115	0.015124718225533615	0.006176381995073518	0.010453448311979127	0.018582213548937077	0.024404178678554045	0.004958018983434162	0.014255503684191595	2.9861536915291E-4	0.007815337553752468	0.029979922735870187	0.018433557562775513	0.08008677334828149	0.36592621625649047	1.1108395683947714	2.2717241927961633	1.0203476315389715	1.8474441458522317	4.096039678741226	0.7081237129259498	0.029979922735870187	0.029979922735870187	0.029979922735870187	0	0.029979922735870187	0.029979922735870187	0	0.029979922735870187	0.029979922735870187	0	0.029979922735870187	0.029979922735870187	-372.25470015165297	-100.38490189723754
173	-472.5067120144655	-793.902761637497	-472.5067120144655	-321.39604962303144	11.554696843104933	0.04357138517186654	0.025265071207207224	0.034963470383581996	0.0801030109981346	0.02630455767778904	0.01757845360074546	0.03108050274128124	0.09523544311816373	0.02494323802280761	0.03843479167822236	0.029735345397503304	0.018097197802723772	0.023488795284319783	0.003261953080906141	0.043563261132848224	0.059369049678443114	0.045885714890574344	0.046477655487684996	0.03055565973724704	0.038525471518215476	0.029959812364123803	0.016883383528014106	0.007253388229472621	0.009090234150558305	0.009091838026650007	0.00370358818264048	0.01901683206281833	0.03576929304622721	0.002008778848301071	0.015708607320826115	0.015124718225533615	0.006176381995073518	0.010453448311979127	0.00871319246669533	0.035392951363194536	0.004958018983434162	0.014255503684191595	2.2989525487384038E-4	0.00867912045829518	0.02453912325602322	0.029533360083811914	0.03956272187989476	0.40191263303342284	1.2263323460316051	1.6753375175580496	0.945199022595456	3.4879791168201004	5.108841406356329	1.1991214080053394	0.02453912325602322	0.02453912325602322	0.02453912325602322	0	0.02453912325602322	0.02453912325602322	0	0.02453912325602322	0.02453912325602322	0	0.02453912325602322	0.02453912325602322	-374.41467861704723	-98.0920333974183
174	-471.3122787016709	-783.5399487139284	-471.3122787016709	-312.2276700122576	11.090893271040757	0.015282404098425406	0.025265071207207224	0.034963470383581996	0.07121998588087924	0.012345188368713775	0.01757845360074546	0.03108050274128124	0.07525088418423626	0.02494323802280761	0.03843479167822236	0.031762962828232294	0.018097197802723772	0.023488795284319783	0.003261953080906141	0.06043478934601895	0.042497521465272386	0.045885714890574344	0.046477655487684996	0.03055565973724704	0.038525471518215476	0.029959812364123803	0.023738791214540478	0.007253388229472621	0.009090234150558305	0.009091838026650007	0.00370358818264048	0.03900139099674581	0.03576929304622721	0.002008778848301071	0.015708607320826115	0.015124718225533615	0.010107528004593677	0.006522302302458968	0.022672561775770594	0.06368193243663567	0.004958018983434162	0.014255503684191595	9.574227684755482E-5	0.010394107710460553	0.017434037772843036	0.023708278581405746	0.022496369558718404	0.5760255901050924	1.1640372392483374	2.1949571933861574	0.8460199235214007	3.5023081846558086	4.853237536783345	1.4741282472168362	0.017434037772843036	0.017434037772843036	0.017434037772843036	0	0.017434037772843036	0.017434037772843036	0	0.017434037772843036	0.017434037772843036	0	0.017434037772843036	0.017434037772843036	-372.43763830636	-98.87464039531089
175	-471.2032831506382	-783.9993885909141	-471.2032831506382	-312.79610544027594	10.811923882073044	0.015282404098425406	0.025265071207207224	0.034963470383581996	0.07121998588087924	0.012345188368713775	0.01757845360074546	0.03108050274128124	0.0924773843915852	0.02494323802280761	0.013443272035579462	0.031762962828232294	0.018097197802723772	0.0031211287537065008	0.017822269847168712	0.06043478934601895	0.023583180811542287	0.045885714890574344	0.03355987532148051	0.01332915952989809	0.038525471518215476	0.0263817636247463	0.02832728700758136	0.020171168395677105	0.009090234150558305	0.0045033422336091256	0.004745479611845002	0.03900139099674581	0.03576929304622721	0.02595840706173945	0.015708607320826115	0.015124718225533615	0.010107528004593677	0.006522302302458968	0.028479911540121305	0.08259627309036577	0.004958018983434162	0.0178335524235691	1.7981775323358692E-4	0.00956457273316713	0.016749140275721344	0.021781931032935544	0.03243367283365673	0.8220701094642002	1.191965075606529	2.877178566922922	0.5827056975279655	2.242499706461967	4.079855026181595	1.328582829909302	0.016749140275721344	0.016749140275721344	0.016749140275721344	0	0.016749140275721344	0.016749140275721344	0	0.016749140275721344	0.016749140275721344	0	0.016749140275721344	0.016749140275721344	-373.3586949196625	-97.84458823097567
176	-470.3937972629801	-785.5389111771215	-470.3937972629801	-315.14511391414135	11.12600685051619	0.015282404098425406	0.026271679545513682	0.0410222645574318	0.06513436299876657	0.012345188368713775	0.01757845360074546	0.03108050274128124	0.08029980550858856	0.02494323802280761	0.013443272035579462	0.043940541711228936	0.018097197802723772	0.019050348689622285	0.001893049911252928	0.06043478934601895	0.023583180811542287	0.04548757748262776	0.03355987532148051	0.01332915952989809	0.0511184222752685	0.0263817636247463	0.016548110706142483	0.020171168395677105	0.009090234150558305	0.0045033422336091256	0.00901071970003707	0.03900139099674581	0.03576929304622721	0.019899612887889648	0.015708607320826115	0.015124718225533615	0.010107528004593677	0.006522302302458968	0.028479911540121305	0.08299441049831235	0.004958018983434162	0.0178335524235691	1.6212702030205572E-4	0.007618418734231463	0.018373045466258193	0.019718965874565172	0.024735559689035257	0.8320237294776367	0.9813084940640219	2.7858072155514657	0.9915727661987772	1.8052557365002677	3.80096770949996	1.0014100774363668	0.018373045466258193	0.018373045466258193	0.018373045466258193	0	0.018373045466258193	0.018373045466258193	0	0.018373045466258193	0.018373045466258193	0	0.018373045466258193	0.018373045466258193	-374.76127012486984	-95.6325271381103
177	-470.23596441950633	-796.949134839088	-470.23596441950633	-326.71317041958156	11.708170904078377	0.012106112402431535	0.026271679545513682	0.0410222645574318	0.06513436299876657	0.012345188368713775	0.01757845360074546	0.031164152771386594	0.05399960037699342	0.02494323802280761	0.013443272035579462	0.07024074684282408	0.018097197802723772	0.022226640385616156	0.001893049911252928	0.02648130547504321	0.023583180811542287	0.0190421398886602	0.008496672617803833	0.01332915952989809	0.0511184222752685	0.0263817636247463	0.016548110706142483	0.020171168395677105	0.009090234150558305	0.030948779827576683	0.03407392240371375	0.03900139099674581	0.03576929304622721	0.019899612887889648	0.015708607320826115	0.015124718225533615	0.04406101187556942	0.006522302302458968	0.028479911540121305	0.082910760468207	0.004958018983434162	0.0178335524235691	7.761909340252126E-5	0.0068265099348365195	0.012881276225655634	0.012789672984190847	0.027059673532467358	0.4651883123972469	1.094295355331337	2.819325113337891	1.0587537875200397	1.1499626170269321	6.473577675818215	2.6735795068537094	0.012881276225655634	0.012881276225655634	0.012881276225655634	0	0.012881276225655634	0.012881276225655634	0	0.012881276225655634	0.012881276225655634	0	0.012881276225655634	0.012881276225655634	-366.7337680890968	-103.5021963304095
178	-468.65130550642186	-792.9333199075155	-468.65130550642186	-324.28201440109365	11.96791945334632	0.012106112402431535	0.026271679545513682	0.0410222645574318	0.06513436299876657	0.012345188368713775	0.01757845360074546	0.031164152771386594	0.05399960037699342	0.02494323802280761	0.013443272035579462	0.07024074684282408	0.010306481482845395	0.024620686158991698	0.001893049911252928	0.02648130547504321	0.023583180811542287	0.0190421398886602	0.008496672617803833	0.01332915952989809	0.0511184222752685	0.0263817636247463	0.016548110706142483	0.020171168395677105	0.009090234150558305	0.03873949614745506	0.03407392240371375	0.03900139099674581	0.06290201892808343	0.019899612887889648	0.015708607320826115	0.015124718225533615	0.016928285993713196	0.004128256529083427	0.028479911540121305	0.03612551267387076	0.004958018983434162	0.06461880021790534	1.7705005492382197E-4	0.008758175244419755	0.013487452073993426	0.012695438917745957	0.016836858550602726	0.5892527366265392	1.1169669156617625	3.1514952195212795	0.9880710392458443	2.159071246455954	3.4157209664060866	1.520707155535018	0.013487452073993426	0.013487452073993426	0.013487452073993426	0	0.013487452073993426	0.013487452073993426	0	0.013487452073993426	0.013487452073993426	0	0.013487452073993426	0.013487452073993426	-378.58728114446546	-90.06402436195643
179	-468.61917017788613	-797.5953659087381	-468.61917017788613	-328.976195730852	11.444991663999083	0.012106112402431535	0.026271679545513682	0.0410222645574318	0.06513436299876657	0.012345188368713775	0.01757845360074546	0.031164152771386594	0.05399960037699342	0.02494323802280761	0.013443272035579462	0.07024074684282408	0.010306481482845395	0.024620686158991698	0.001893049911252928	0.02775689314231508	0.023583180811542287	0.0190421398886602	0.008496672617803833	0.01332915952989809	0.0511184222752685	0.01103286598952978	0.016548110706142483	0.020171168395677105	0.009090234150558305	0.03873949614745506	0.03407392240371375	0.03900139099674581	0.06290201892808343	0.019899612887889648	0.015708607320826115	0.015124718225533615	0.016928285993713196	0.019477154164299945	0.028479911540121305	0.03612551267387076	0.004958018983434162	0.06334321255063347	3.1076401652701754E-4	0.009036177919378016	0.01311899530538636	0.018895476288699847	0.015559048965261503	0.5128751416557071	2.0624018439431544	3.689886845685275	0.8524405620147697	3.340569765782832	3.2720416346336645	1.1121369282665496	0.01311899530538636	0.01311899530538636	0.01311899530538636	0	0.01311899530538636	0.01311899530538636	0	0.01311899530538636	0.01311899530538636	0	0.01311899530538636	0.01311899530538636	-374.2562572698979	-94.36291290798825
180	-468.2443989627013	-792.7183417906954	-468.2443989627013	-324.4739428279941	10.15303897897873	0.012106112402431535	0.026271679545513682	0.0410222645574318	0.06513436299876657	0.012345188368713775	0.01757845360074546	0.031164152771386594	0.05399960037699342	0.02494323802280761	0.036847535695102324	0.07024074684282408	0.010814388362689872	0.03903112042643085	0.009248309996367152	0.027248986262470604	0.07636441829095206	0.02307029025224304	0.008496672617803833	0.01332915952989809	0.02439885541327777	0.01103286598952978	0.016548110706142483	0.033409367889662075	0.009090234150558305	0.024329061880015906	0.006641508380608049	0.018407931417646614	0.010120781448673663	0.019899612887889648	0.042428174182816844	0.015124718225533615	0.016928285993713196	0.019477154164299945	0.028479911540121305	0.03612551267387076	0.004958018983434162	0.06334321255063347	7.486441166406053E-5	0.007392210917966953	0.006611943612009408	0.01909534802487815	0.01392037649589653	0.4562556580626776	1.5040583365611204	3.845455211098409	0.8493563544707878	2.0433015817890046	4.346359941157879	1.713982543892059	0.006611943612009408	0.006611943612009408	0.006611943612009408	0	0.006611943612009408	0.006611943612009408	0	0.006611943612009408	0.006611943612009408	0	0.006611943612009408	0.006611943612009408	-376.1878583715726	-92.05654059112875
181	-468.1758144605633	-797.6732368526441	-468.1758144605633	-329.49742239208086	8.867454822082955	0.012106112402431535	0.026271679545513682	0.0410222645574318	0.06513436299876657	0.030581573394374603	0.01757845360074546	0.031164152771386594	0.05399960037699342	0.02494323802280761	0.036847535695102324	0.07024074684282408	0.010814388362689872	0.009704311975181054	0.01604558638203933	0.027248986262470604	0.07636441829095206	0.01627301386657086	0.007584097005239529	0.01332915952989809	0.0212616668413734	0.01103286598952978	0.019685299278046853	0.03015886018837864	0.012340741851841738	0.024329061880015906	0.006641508380608049	0.018407931417646614	0.010120781448673663	0.019899612887889648	0.042428174182816844	0.015124718225533615	0.016928285993713196	0.019477154164299945	0.028479911540121305	0.017889127648209935	0.03519740304724826	0.06334321255063347	3.8658500865951717E-4	0.007653288762555482	0.005147015882866604	0.018821384803593615	0.01232751715941877	0.29005982349042375	2.048576110148681	2.8852959789152512	0.9057209093196803	1.8388083135885234	3.684210813804841	2.5017034344442024	0.005147015882866604	0.005147015882866604	0.005147015882866604	0	0.005147015882866604	0.005147015882866604	0	0.005147015882866604	0.005147015882866604	0	0.005147015882866604	0.005147015882866604	-372.443676932848	-95.7321375277153
182	-467.1360266537148	-780.9528057019054	-467.1360266537148	-313.81677904819054	8.187871455104478	0.012106112402431535	0.026271679545513682	0.0410222645574318	0.06513436299876657	0.030581573394374603	0.01757845360074546	0.031164152771386594	0.05399960037699342	0.02494323802280761	0.036847535695102324	0.07823599011958035	0.010814388362689872	0.009704311975181054	0.01604558638203933	0.027248986262470604	0.07636441829095206	0.01627301386657086	0.007584097005239529	0.011905868611529077	0.0212616668413734	0.01103286598952978	0.019685299278046853	0.03015886018837864	0.012340741851841738	0.024329061880015906	0.006641508380608049	0.018407931417646614	0.010120781448673663	0.019899612887889648	0.042428174182816844	0.01252782046318622	0.034096169983657595	0.02207405192664734	0.028479911540121305	0.009893884371453665	0.019452809975672877	0.06334321255063347	5.605999956551644E-4	0.008399026394647253	0.007792610970401425	0.023788048523010856	0.014115285884602017	0.38592599234223274	1.3692132983005216	2.3385277780574474	0.9056433312904929	2.179231835235621	3.6709301661499993	2.242574946910477	0.007792610970401425	0.007792610970401425	0.007792610970401425	0	0.007792610970401425	0.007792610970401425	0	0.007792610970401425	0.007792610970401425	0	0.007792610970401425	0.007792610970401425	-372.1210745115203	-95.01495214219452
183	-466.907526162189	-788.2549921250632	-466.907526162189	-321.3474659628741	7.831606833242734	0.012106112402431535	0.026271679545513682	0.010199440628088363	0.06513436299876657	0.030581573394374603	0.010964303770068476	0.038928688702937836	0.05399960037699342	0.02494323802280761	0.036847535695102324	0.07823599011958035	0.010814388362689872	0.009704311975181054	0.01604558638203933	0.027248986262470604	0.006959910678835252	0.01627301386657086	0.007584097005239529	0.04272869254087251	0.0212616668413734	0.01103286598952978	0.019685299278046853	0.029008474087504385	0.012340741851841738	0.024329061880015906	0.006641508380608049	0.018407931417646614	0.010120781448673663	0.010616370134948969	0.042428174182816844	0.01252782046318622	0.043379412736598275	0.02207405192664734	0.028479911540121305	0.07929839198357047	0.019452809975672877	0.06334321255063347	6.500496947484498E-5	0.009122966033829994	0.007834788834306508	0.01955916626251129	0.012042229637620923	0.3019204229551083	1.3096786992800582	3.5559086229065495	0.730108777829586	1.4292216879457524	3.659760311736408	1.1014954693020136	0.007834788834306508	0.007834788834306508	0.007834788834306508	0	0.007834788834306508	0.007834788834306508	0	0.007834788834306508	0.007834788834306508	0	0.007834788834306508	0.007834788834306508	-381.7642509053545	-85.14327525683451
184	-466.0218511369536	-782.5970160161828	-466.0218511369536	-316.57516487922913	9.210909984573687	0.017070754452887305	0.026271679545513682	0.010199440628088363	0.06513436299876657	0.030581573394374603	0.010964303770068476	0.038928688702937836	0.05399960037699342	0.02494323802280761	0.036847535695102324	0.07823599011958035	0.010814388362689872	0.009704311975181054	0.01604558638203933	0.027248986262470604	0.006959910678835252	0.01252992121022621	0.04564117397499144	0.042928051525244024	0.0212616668413734	0.01103286598952978	0.019685299278046853	0.020778790277991996	0.024313518317698776	0.024329061880015906	0.006641508380608049	0.018407931417646614	0.010120781448673663	0.010616370134948969	0.037463532132361074	0.01252782046318622	0.043379412736598275	0.02207405192664734	0.028479911540121305	0.07929839198357047	0.019452809975672877	0.02508677659651004	4.5312666412080944E-5	0.008030787624295436	0.00861392994587192	0.02237976203722281	0.01025839306577252	0.2888410402806836	2.15157845495886	2.662127247081036	1.2932712287473833	1.2804922622241273	4.123323629541301	1.8887052406172367	0.00861392994587192	0.00861392994587192	0.00861392994587192	0	0.00861392994587192	0.00861392994587192	0	0.00861392994587192	0.00861392994587192	0	0.00861392994587192	0.00861392994587192	-380.2183805142014	-85.80347062275223
185	-465.9946077143654	-796.0041930946285	-465.9946077143654	-330.0095853802631	9.629220941722442	0.017070754452887305	0.026271679545513682	0.010199440628088363	0.06513436299876657	0.030581573394374603	0.010964303770068476	0.038928688702937836	0.05399960037699342	0.0176437409809702	0.036847535695102324	0.07823599011958035	0.010814388362689872	0.017003809017018465	0.01604558638203933	0.029004614067311557	0.006959910678835252	0.01252992121022621	0.04564117397499144	0.042928051525244024	0.0212616668413734	0.01103286598952978	0.0179296714732059	0.020778790277991996	0.024313518317698776	0.024329061880015906	0.006641508380608049	0.018407931417646614	0.010120781448673663	0.010616370134948969	0.037463532132361074	0.01252782046318622	0.043379412736598275	0.02207405192664734	0.028479911540121305	0.07929839198357047	0.019452809975672877	0.02508677659651004	1.3648855119854193E-4	0.007236513143571015	0.009587971968504257	0.01495369867833985	0.005828789294659275	0.46152516325148296	2.3812200318820462	2.9278508332025157	1.6720447552536808	1.4924004130276756	3.8767361943905527	1.8635436425201926	0.009587971968504257	0.009587971968504257	0.009587971968504257	0	0.009587971968504257	0.009587971968504257	0	0.009587971968504257	0.009587971968504257	0	0.009587971968504257	0.009587971968504257	-378.0813375906142	-87.91327012375116
186	-465.95334300985155	-785.2589603313454	-465.95334300985155	-319.3056173214938	9.220992725137014	0.007153519788484886	0.03317686918807261	0.010199440628088363	0.06513436299876657	0.030581573394374603	0.02724626159804784	0.03576194509413097	0.06437100043276106	0.0176437409809702	0.036847535695102324	0.061713267164003244	0.010814388362689872	0.017003809017018465	0.01604558638203933	0.02209942442475263	0.02348263363441236	0.011627907275230984	0.04564117397499144	0.02664609369726466	0.03271568981145642	0.01103286598952978	0.0179296714732059	0.020778790277991996	0.024313518317698776	0.01485967575924349	0.01655874304501047	0.006953908447563592	0.010120781448673663	0.010616370134948969	0.037463532132361074	0.01252782046318622	0.043379412736598275	0.02207405192664734	0.028479911540121305	0.020556212682131814	0.0813617328859184	0.02508677659651004	1.096461396506899E-4	0.009813073497128174	0.01211856398677805	0.011774753845803261	0.0064386938719216864	0.7582532540476187	1.8522518753441477	2.7114571235785148	2.0164390591166788	2.6235084834143074	2.6930851315587336	1.6502682895174654	0.01211856398677805	0.01211856398677805	0.01211856398677805	0	0.01211856398677805	0.01211856398677805	0	0.01211856398677805	0.01211856398677805	0	0.01211856398677805	0.01211856398677805	-374.0385095669342	-91.91483344291736
187	-465.72512131782236	-778.9599081818122	-465.72512131782236	-313.2347868639899	9.60004952744461	0.007153519788484886	0.03317686918807261	0.010199440628088363	0.06513436299876657	0.030581573394374603	0.06971286388238736	0.03576194509413097	0.08467558138058023	0.022372884547866775	0.036847535695102324	0.061713267164003244	0.010814388362689872	0.017003809017018465	0.01604558638203933	0.02209942442475263	0.02348263363441236	0.011627907275230984	0.04564117397499144	0.02664609369726466	0.03271568981145642	0.01103286598952978	0.0179296714732059	0.01604964671109542	0.024313518317698776	0.01485967575924349	0.01655874304501047	0.006953908447563592	0.010120781448673663	0.010616370134948969	0.037463532132361074	0.01252782046318622	0.043379412736598275	0.02207405192664734	0.028479911540121305	0.020556212682131814	0.01859054965375971	0.02508677659651004	1.6705132903619067E-4	0.007126000429756658	0.017146211181151592	0.012019288886219011	0.01196883566846693	1.099421814914615	1.9002925964405346	4.0334764953903885	2.2315858669824467	1.4944327003177627	4.722249506626571	2.6545995209681617	0.017146211181151592	0.017146211181151592	0.017146211181151592	0	0.017146211181151592	0.017146211181151592	0	0.017146211181151592	0.017146211181151592	0	0.017146211181151592	0.017146211181151592	-376.0327064546757	-89.69241486314668
188	-464.7979345856032	-804.8092286931167	-464.7979345856032	-340.01129410751355	10.04587383475368	0.007153519788484886	0.03317686918807261	0.010199440628088363	0.06513436299876657	0.030581573394374603	0.06971286388238736	0.03576194509413097	0.08467558138058023	0.022372884547866775	0.036847535695102324	0.061713267164003244	0.010814388362689872	0.017003809017018465	0.01604558638203933	0.02209942442475263	0.02348263363441236	0.03544909643763715	0.04564117397499144	0.02664609369726466	0.03271568981145642	0.01103286598952978	0.0179296714732059	0.01604964671109542	0.024313518317698776	0.01485967575924349	0.01655874304501047	0.006953908447563592	0.010120781448673663	0.010616370134948969	0.01364234296995491	0.01252782046318622	0.043379412736598275	0.02207405192664734	0.028479911540121305	0.020556212682131814	0.01859054965375971	0.02508677659651004	1.7070954911698374E-4	0.00928491880384029	0.012452981622176729	0.011801449265403044	0.011435723058939725	0.9987772617011502	2.297721790859317	3.8712604659119343	1.553864166355157	1.3546624762485522	5.6214414253114935	1.8240386733237697	0.012452981622176729	0.012452981622176729	0.012452981622176729	0	0.012452981622176729	0.012452981622176729	0	0.012452981622176729	0.012452981622176729	0	0.012452981622176729	0.012452981622176729	-374.8046060968336	-89.99332848876959
189	-462.9171633140272	-791.2304890420626	-462.9171633140272	-328.31332572803535	10.238153032018147	0.007153519788484886	0.03317686918807261	0.010199440628088363	0.06513436299876657	0.030581573394374603	0.06971286388238736	0.03576194509413097	0.08467558138058023	0.022372884547866775	0.036847535695102324	0.061713267164003244	0.010814388362689872	0.017003809017018465	0.01604558638203933	0.02209942442475263	0.02348263363441236	0.03544909643763715	0.04564117397499144	0.02664609369726466	0.03271568981145642	0.01103286598952978	0.0179296714732059	0.01604964671109542	0.024313518317698776	0.01485967575924349	0.020984279221526778	0.006953908447563592	0.005695245272157354	0.010616370134948969	0.01364234296995491	0.01252782046318622	0.043379412736598275	0.022700131137219234	0.02785383232954941	0.020556212682131814	0.01859054965375971	0.02508677659651004	3.365522608608681E-4	0.006568195345555216	0.010311592959214919	0.008134966311485485	0.011158045616099182	1.096878768565492	1.499372466137799	3.505274696070687	0.911200258148586	0.7923722187170051	4.568911824153503	2.225837191758266	0.010311592959214919	0.010311592959214919	0.010311592959214919	0	0.010311592959214919	0.010311592959214919	0	0.010311592959214919	0.010311592959214919	0	0.010311592959214919	0.010311592959214919	-374.2143557919554	-88.70280752207178
190	-462.2623886644111	-778.1986441226045	-462.2623886644111	-315.93625545819344	9.885816092977514	0.02418742671381413	0.03317686918807261	0.010199440628088363	0.06513436299876657	0.030581573394374603	0.06971286388238736	0.03576194509413097	0.08467558138058023	0.01882794576854184	0.036847535695102324	0.018023297740635463	0.010814388362689872	0.017003809017018465	0.009921350521334568	0.02209942442475263	0.02348263363441236	0.03544909643763715	0.04564117397499144	0.02664609369726466	0.004527880071428431	0.01103286598952978	0.0179296714732059	0.01604964671109542	0.024313518317698776	0.01485967575924349	0.020984279221526778	0.006953908447563592	0.049385214695525134	0.02343926277350382	0.0418301527099829	0.01252782046318622	0.03601468045129873	0.022700131137219234	0.01503093969099456	0.020556212682131814	0.01859054965375971	0.02508677659651004	7.27807790620387E-5	0.007705047401965969	0.010557230995161877	0.007725742861247559	0.01329582140356766	0.9418120793535182	1.2030906175871774	4.574868436731946	0.5641792703461309	0.46670415186280517	5.248741550033516	1.7943956688523746	0.010557230995161877	0.010557230995161877	0.010557230995161877	0	0.010557230995161877	0.010557230995161877	0	0.010557230995161877	0.010557230995161877	0	0.010557230995161877	0.010557230995161877	-374.4571344944578	-87.80525416995326
191	-462.22472858095114	-785.5156566908627	-462.22472858095114	-323.2909281099115	9.47136626031553	0.0344950519845616	0.036950727016481166	0.010199440628088363	0.06513436299876657	0.015925071876306082	0.02922401585490715	0.03576194509413097	0.07368178924323537	0.01882794576854184	0.051504037213170845	0.018041573666715188	0.010814388362689872	0.016565558208279305	0.009921350521334568	0.02209942442475263	0.013175008363664892	0.03544909643763715	0.04562289804891172	0.02664609369726466	0.04501672809890864	0.01103286598952978	0.0179296714732059	0.01604964671109542	0.035307310455043636	0.01485967575924349	0.020984279221526778	0.006953908447563592	0.049385214695525134	0.02343926277350382	0.0418301527099829	0.01252782046318622	0.03601468045129873	0.022700131137219234	0.01503093969099456	0.020556212682131814	0.01859054965375971	0.021751169576840645	1.2127524998197695E-4	0.007465827297255818	0.008505068101591707	0.010097361816941765	0.01626464099317165	1.4292987462197626	1.416055903726889	5.013787354248665	0.44038378789190297	0.6421172506805387	4.967337266349144	2.354733378547128	0.008505068101591707	0.008505068101591707	0.008505068101591707	0	0.008505068101591707	0.008505068101591707	0	0.008505068101591707	0.008505068101591707	0	0.008505068101591707	0.008505068101591707	-370.83957429726803	-91.38515428368314
192	-460.80044280721944	-792.925126008895	-460.80044280721944	-332.1246832016755	9.492879481272736	0.0344950519845616	0.036950727016481166	0.01923807000447303	0.07022490871503878	0.015925071876306082	0.00718146688635686	0.03576194509413097	0.05178292847317195	0.01882794576854184	0.07354658618172114	0.018041573666715188	0.010814388362689872	0.008362069138348346	0.009921350521334568	0.02209942442475263	0.013175008363664892	0.03544909643763715	0.04562289804891172	0.017607464320879992	0.02275749417072634	0.01103286598952978	0.0179296714732059	0.01604964671109542	0.035307310455043636	0.01485967575924349	0.043243513149709076	0.006953908447563592	0.008434663952505458	0.02343926277350382	0.0418301527099829	0.053478371206205896	0.03601468045129873	0.022700131137219234	0.02323442876092552	0.020556212682131814	0.01859054965375971	0.03855948463063186	8.220172833916316E-5	0.008515264759395296	0.009671444272687258	0.013108674962751234	0.024759300343317546	1.6895264620620982	1.1545888767459307	4.238591787317864	0.5876013126038138	0.43110994315764456	7.04405579438841	1.2452603824150497	0.009671444272687258	0.009671444272687258	0.009671444272687258	0	0.009671444272687258	0.009671444272687258	0	0.009671444272687258	0.009671444272687258	0	0.009671444272687258	0.009671444272687258	-366.4581316824409	-94.34231112477853
193	-460.78271989868364	-795.82290958868	-460.78271989868364	-335.0401896899963	8.162822790245112	0.01634716521013757	0.022463046443686463	0.01923807000447303	0.07022490871503878	0.01495355223959581	0.015654259851497335	0.03576194509413097	0.051514924211402746	0.021531261627414464	0.05122327205914054	0.018041573666715188	0.010814388362689872	0.008362069138348346	0.009921350521334568	0.02209942442475263	0.044086545193421006	0.03544909643763715	0.04562289804891172	0.017607464320879992	0.02275749417072634	0.01103286598952978	0.0179296714732059	0.01604964671109542	0.035307310455043636	0.01485967575924349	0.04791061766000747	0.006953908447563592	0.026582550726929485	0.02086592767398253	0.04009835648782055	0.048811266695907504	0.03601468045129873	0.02296813539898844	0.02323442876092552	0.020556212682131814	0.01859054965375971	0.03855948463063186	3.019214620034661E-4	0.007917306294366105	0.007734783688915885	0.01476585124234079	0.03155263906751126	1.195897882685243	2.038976183778646	4.1874493178735	0.7965109445709502	0.43721335814084206	7.841521452774021	1.5746230875491776	0.007734783688915885	0.007734783688915885	0.007734783688915885	0	0.007734783688915885	0.007734783688915885	0	0.007734783688915885	0.007734783688915885	0	0.007734783688915885	0.007734783688915885	-369.0453128203166	-91.73740707836704
194	-460.23722941818454	-801.0811024849353	-460.23722941818454	-340.84387306675075	9.129665518672047	0.01634716521013757	0.022463046443686463	0.01923807000447303	0.07022490871503878	0.01495355223959581	0.015654259851497335	0.026605992670826945	0.051514924211402746	0.021531261627414464	0.05122327205914054	0.015487070794692664	0.010814388362689872	0.008362069138348346	0.019077302944638594	0.02209942442475263	0.044086545193421006	0.03544909643763715	0.04562289804891172	0.017607464320879992	0.02275749417072634	0.01103286598952978	0.020484174345228423	0.01604964671109542	0.035307310455043636	0.01485967575924349	0.04899189034159522	0.006953908447563592	0.026582550726929485	0.02086592767398253	0.04009835648782055	0.048811266695907504	0.03601468045129873	0.02296813539898844	0.022153156079337766	0.020556212682131814	0.01859054965375971	0.03855948463063186	1.789422172564712E-4	0.004699967346845697	0.01172337842937333	0.02956467986973457	0.03389254144963132	1.1758610380273473	1.7849117194869115	4.9065433469176325	0.8006581037807387	0.288083734434365	8.28612591774047	1.1126910011645097	0.01172337842937333	0.01172337842937333	0.01172337842937333	0	0.01172337842937333	0.01172337842937333	0	0.01172337842937333	0.01172337842937333	0	0.01172337842937333	0.01172337842937333	-371.02410638020444	-89.2131230379801
195	-460.2234112701092	-796.1653149533822	-460.2234112701092	-335.9419036832731	9.24397677238018	0.01634716521013757	0.022463046443686463	0.028354245514284282	0.07022490871503878	0.01495355223959581	0.015654259851497335	0.026605992670826945	0.051514924211402746	0.021531261627414464	0.05122327205914054	0.015487070794692664	0.010814388362689872	0.008362069138348346	0.019077302944638594	0.02209942442475263	0.03497036968360975	0.03544909643763715	0.04562289804891172	0.017607464320879992	0.02275749417072634	0.01103286598952978	0.020484174345228423	0.01604964671109542	0.035307310455043636	0.01485967575924349	0.04899189034159522	0.006953908447563592	0.026582550726929485	0.02086592767398253	0.04009835648782055	0.048811266695907504	0.03601468045129873	0.02296813539898844	0.022153156079337766	0.020556212682131814	0.01859054965375971	0.03855948463063186	1.6279026955616299E-4	0.008902389922179855	0.012744030667471531	0.036745165844982594	0.07493171997853207	1.3294700045570278	1.9453434254969986	5.929069014390848	1.614418274663182	0.21349623106277052	5.8798471569644475	0.9072072887638408	0.012744030667471531	0.012744030667471531	0.012744030667471531	0	0.012744030667471531	0.012744030667471531	0	0.012744030667471531	0.012744030667471531	0	0.012744030667471531	0.012744030667471531	-365.82172562927786	-94.40168564083132
196	-459.5328017978273	-796.6202115535971	-459.5328017978273	-337.0874097557697	9.24397677238018	0.01634716521013757	0.022463046443686463	0.01976223581596953	0.07022490871503878	0.01495355223959581	0.015654259851497335	0.03574899969428355	0.051514924211402746	0.021531261627414464	0.05122327205914054	0.023491657867051735	0.010814388362689872	0.021712697224011243	0.019077302944638594	0.02209942442475263	0.03497036968360975	0.03544909643763715	0.04562289804891172	0.04466803216859537	0.007479026356127377	0.01103286598952978	0.035762642159827385	0.01604964671109542	0.02195668236938074	0.01485967575924349	0.021931322493879843	0.006953908447563592	0.026582550726929485	0.012861340601623458	0.0486903661861353	0.048811266695907504	0.03601468045129873	0.013825128375531834	0.022153156079337766	0.020556212682131814	0.01859054965375971	0.03855948463063186	2.576094402665058E-4	0.00664811948636712	0.01293216719782226	0.047924409714264746	0.057102776511978544	1.46960654810913	2.0558621922354985	5.6205273141635175	1.7815877174719636	0.15860407163324078	5.318495523679908	1.3258740170460168	0.01293216719782226	0.01293216719782226	0.01293216719782226	0	0.01293216719782226	0.01293216719782226	0	0.01293216719782226	0.01293216719782226	0	0.01293216719782226	0.01293216719782226	-359.01862882874616	-100.51417296908114
197	-459.4982156642284	-796.9246540548477	-459.4982156642284	-337.42643839061935	8.822845843388812	0.01634716521013757	0.022463046443686463	0.01976223581596953	0.07022490871503878	0.01495355223959581	0.015654259851497335	0.046698872343852144	0.051514924211402746	0.021531261627414464	0.0934933889420376	0.023491657867051735	0.010814388362689872	0.03222368165990962	0.019077302944638594	0.02209942442475263	0.03497036968360975	0.03544909643763715	0.046114319262330214	0.0023979152856983127	0.007479026356127377	0.01103286598952978	0.03527122094640889	0.01604964671109542	0.02195668236938074	0.01485967575924349	0.021931322493879843	0.006953908447563592	0.01607156629103111	0.012861340601623458	0.0486903661861353	0.04088819624609273	0.03298787825154491	0.013825128375531834	0.022153156079337766	0.020556212682131814	0.01859054965375971	0.03855948463063186	5.872458249869453E-5	0.008000531313567897	0.015550339356232894	0.036282379044689714	0.04756149607091554	1.0402325212830577	2.7004787914618062	6.088146102240479	1.5373335539442532	0.15219419559292915	5.754119491885523	1.147340453401781	0.015550339356232894	0.015550339356232894	0.015550339356232894	0	0.015550339356232894	0.015550339356232894	0	0.015550339356232894	0.015550339356232894	0	0.015550339356232894	0.015550339356232894	-360.21743127026065	-99.2807843939677
198	-459.3775996717146	-792.7646745232994	-459.3775996717146	-333.38707485158477	9.378778526169983	0.01634716521013757	0.022463046443686463	0.02457460568730213	0.07022490871503878	0.01495355223959581	0.015654259851497335	0.03135002381996163	0.028700846724018125	0.021531261627414464	0.07463362223220335	0.023491657867051735	0.010814388362689872	0.05503775914729424	0.019077302944638594	0.02209942442475263	0.03497036968360975	0.03544909643763715	0.046114319262330214	0.0023979152856983127	0.007479026356127377	0.01103286598952978	0.03527122094640889	0.01604964671109542	0.02195668236938074	0.01485967575924349	0.021931322493879843	0.006953908447563592	0.01607156629103111	0.012861340601623458	0.0486903661861353	0.056237044769983244	0.03298787825154491	0.013825128375531834	0.04101292278917201	0.020556212682131814	0.01859054965375971	0.03374711475929926	2.739480182313979E-4	0.008301140744496881	0.011418464583604775	0.034289342312831005	0.03655532304536736	1.1186957994338562	1.9461729821860285	5.079410437165743	1.4691888039187249	0.19690981346377276	4.664106229572771	1.09722051857532	0.011418464583604775	0.011418464583604775	0.011418464583604775	0	0.011418464583604775	0.011418464583604775	0	0.011418464583604775	0.011418464583604775	0	0.011418464583604775	0.011418464583604775	-362.020678089906	-97.35692158180859
199	-459.0544136287499	-802.6765779633427	-459.0544136287499	-343.62216433459275	10.022485670250495	0.01634716521013757	0.022463046443686463	0.029934710305620615	0.07022490871503878	0.013444544883268059	0.015654259851497335	0.03135002381996163	0.028700846724018125	0.021531261627414464	0.07824201496147529	0.023491657867051735	0.010814388362689872	0.06856849175974265	0.019077302944638594	0.02209942442475263	0.03497036968360975	0.03544909643763715	0.047623326618657966	0.0023979152856983127	0.007479026356127377	0.01103286598952978	0.03527122094640889	0.01604964671109542	0.02195668236938074	0.011251283029971554	0.021931322493879843	0.006953908447563592	0.01607156629103111	0.012861340601623458	0.0486903661861353	0.056237044769983244	0.03298787825154491	0.013825128375531834	0.03565281817085353	0.0070254800696833986	0.01859054965375971	0.03374711475929926	2.5950922224003133E-4	0.007547678511048566	0.015657704458649335	0.03204197118665269	0.03536980217660497	2.3143530887613477	1.365909348222128	6.627951053854114	1.251146254954396	0.16324967434145307	5.192891404494852	1.4393276960965216	0.015657704458649335	0.015657704458649335	0.015657704458649335	0	0.015657704458649335	0.015657704458649335	0	0.015657704458649335	0.015657704458649335	0	0.015657704458649335	0.015657704458649335	-358.3961746188813	-100.65823900986865
200	-458.9112548028909	-777.5915575668383	-458.9112548028909	-318.68030276394745	12.5073270311886	0.01634716521013757	0.022463046443686463	0.01644727389248396	0.07022490871503878	0.013444544883268059	0.015654259851497335	0.03135002381996163	0.028700846724018125	0.021531261627414464	0.07824201496147529	0.023491657867051735	0.010814388362689872	0.03877134369606715	0.0488744510083141	0.02209942442475263	0.03497036968360975	0.03544909643763715	0.047623326618657966	0.0023979152856983127	0.007479026356127377	0.01103286598952978	0.03527122094640889	0.01604964671109542	0.028549603747330052	0.011251283029971554	0.0354187589070165	0.006953908447563592	0.03257894962512818	0.012861340601623458	0.0486903661861353	0.03313674005793686	0.03298787825154491	0.013825128375531834	0.03565281817085353	0.0070254800696833986	0.01859054965375971	0.03374711475929926	1.9602514630548244E-4	0.006387981245721804	0.011055223072807064	0.02973980415862514	0.03876157997284565	1.2746630896591025	1.4112694259137202	3.4710369811360953	0.6490650986882912	0.35512042466018434	5.309249973729603	1.4938293115216632	0.011055223072807064	0.011055223072807064	0.011055223072807064	0	0.011055223072807064	0.011055223072807064	0	0.011055223072807064	0.011055223072807064	0	0.011055223072807064	0.011055223072807064	-356.8387469991275	-102.07250780376339
201	-458.48354034340093	-792.0189286047291	-458.48354034340093	-333.53538826132825	12.464680749679621	0.01634716521013757	0.007741367643026242	0.01644727389248396	0.07022490871503878	0.03231776040237065	0.015654259851497335	0.03135002381996163	0.017357901853066016	0.036252940428074684	0.051393154273321445	0.023491657867051735	0.010814388362689872	0.03877134369606715	0.07163920214100604	0.02209942442475263	0.03497036968360975	0.03544909643763715	0.047623326618657966	0.0023979152856983127	0.007479026356127377	0.01103286598952978	0.03527122094640889	0.008519376062944936	0.028549603747330052	0.038100143718125395	0.0354187589070165	0.006953908447563592	0.03257894962512818	0.012861340601623458	0.02592561505344336	0.03313674005793686	0.03298787825154491	0.013825128375531834	0.03565281817085353	0.0070254800696833986	0.01859054965375971	0.03374711475929926	2.912238381687897E-4	0.006931360371841742	0.00825243283112182	0.024627233068224796	0.029485618022577945	1.4236336189616263	1.7375425523267445	5.715642786347922	0.9202892953432921	0.2951165518975005	5.0997136884242975	1.829947533359921	0.00825243283112182	0.00825243283112182	0.00825243283112182	0	0.00825243283112182	0.00825243283112182	0	0.00825243283112182	0.00825243283112182	0	0.00825243283112182	0.00825243283112182	-358.75362042017906	-99.72991992322187
202	-458.0282194797159	-792.2799584413121	-458.0282194797159	-334.2517389615962	11.613308679833064	0.01634716521013757	0.007741367643026242	0.01644727389248396	0.07022490871503878	0.03231776040237065	0.015654259851497335	0.03135002381996163	0.017357901853066016	0.036252940428074684	0.01345614526544256	0.023491657867051735	0.010814388362689872	0.03877134369606715	0.07163920214100604	0.02209942442475263	0.006931141546389602	0.04690469122077999	0.047623326618657966	0.0023979152856983127	0.007479026356127377	0.01103286598952978	0.03527122094640889	0.008519376062944936	0.028549603747330052	0.038100143718125395	0.06190017313175254	0.006953908447563592	0.03257894962512818	0.012861340601623458	0.02592561505344336	0.03313674005793686	0.06102710638876506	0.013825128375531834	0.03565281817085353	0.0070254800696833986	0.01859054965375971	0.03374711475929926	3.519733715414105E-4	0.0067500816991218834	0.00652869557138187	0.027152234078368597	0.032927474186288844	1.5576533176567098	1.9919595233084597	3.544963365675751	0.9141165359541306	0.5056020751870811	6.318942048427782	1.480636027938681	0.00652869557138187	0.00652869557138187	0.00652869557138187	0	0.00652869557138187	0.00652869557138187	0	0.00652869557138187	0.00652869557138187	0	0.00652869557138187	0.00652869557138187	-362.4473385178825	-95.58088096183342
203	-457.4832599827047	-815.4775185409542	-457.4832599827047	-357.99425855824944	11.324359101188348	0.01634716521013757	0.007741367643026242	0.011218231479402985	0.07497658244116362	0.023700320648633574	0.015654259851497335	0.053813211170833014	0.009728295920693186	0.036252940428074684	0.00870447153931772	0.027412851625700035	0.02984674378614359	0.024289036427581942	0.07163920214100604	0.02209942442475263	0.006931141546389602	0.03476875335196215	0.047623326618657966	0.023874003384889195	0.007479026356127377	0.01103286598952978	0.012808033595537505	0.008519376062944936	0.028549603747330052	0.038100143718125395	0.07403611100057038	0.006953908447563592	0.03257894962512818	0.012861340601623458	0.02592561505344336	0.03313674005793686	0.05647705823379655	0.013825128375531834	0.03173162441220523	0.0070254800696833986	0.01859054965375971	0.03374711475929926	2.701919539918746E-4	0.006149137308821346	0.00877444009444504	0.02587267746945744	0.020174700203167875	2.217649363278595	1.2155884092818208	3.0028998333096064	0.91561232171825	0.5968646777698153	6.3375770463124	2.0141033724989197	0.00877444009444504	0.00877444009444504	0.00877444009444504	0	0.00877444009444504	0.00877444009444504	0	0.00877444009444504	0.00877444009444504	0	0.00877444009444504	0.00877444009444504	-353.2471978290736	-104.23606215363108
204	-457.0444110855767	-803.0256180385309	-457.0444110855767	-345.9812069529541	11.489561432442235	0.01634716521013757	0.007741367643026242	0.011218231479402985	0.04472736274422112	0.01864920521889811	0.014967294714747961	0.053813211170833014	0.009728295920693186	0.036252940428074684	0.00870447153931772	0.027412851625700035	0.02984674378614359	0.024289036427581942	0.019031314599450164	0.02209942442475263	0.006931141546389602	0.03476875335196215	0.03149720099530283	0.023874003384889195	0.007479026356127377	0.01103286598952978	0.012808033595537505	0.008519376062944936	0.028549603747330052	0.038100143718125395	0.07403611100057038	0.0076408735843129655	0.03257894962512818	0.043110560298565956	0.02592561505344336	0.038187855487672326	0.05647705823379655	0.02995125399888697	0.0843395119537611	0.0070254800696833986	0.01859054965375971	0.03374711475929926	5.823017419583782E-4	0.006426423625530777	0.00608081477088003	0.022925891153067587	0.01636659284115746	1.1145716468876021	1.1106127185715446	2.402719276758574	0.7803926430590191	0.4619834086072743	5.886615496779665	2.2945830645141667	0.00608081477088003	0.00608081477088003	0.00608081477088003	0	0.00608081477088003	0.00608081477088003	0	0.00608081477088003	0.00608081477088003	0	0.00608081477088003	0.00608081477088003	-351.9155193111935	-105.12889177438322
205	-456.2845398485741	-789.9378712618196	-456.2845398485741	-333.6533314132455	10.2451435267189	0.01634716521013757	0.02501784271156171	0.011218231479402985	0.06220293996442933	0.01864920521889811	0.014967294714747961	0.02778162019981187	0.027798333194714864	0.025783609150941453	0.00870447153931772	0.027412851625700035	0.02984674378614359	0.024289036427581942	0.019031314599450164	0.02209942442475263	0.006931141546389602	0.037738410325512825	0.026626324297147494	0.023874003384889195	0.004481849093885021	0.01103286598952978	0.012808033595537505	0.016480929759944404	0.028549603747330052	0.038100143718125395	0.08190416496096807	0.0076408735843129655	0.00829622861351774	0.043110560298565956	0.02592561505344336	0.038187855487672326	0.05647705823379655	0.0269815970253363	0.0843395119537611	0.0070254800696833986	0.022853657621753162	0.029484006791305806	3.3152865531225367E-4	0.007708423705759443	0.005440690555997266	0.02069674972343908	0.02499641907286135	1.3298304863032724	1.456136752222312	4.552000621580887	0.6205408143989061	0.4798259871121323	4.3085440006832005	1.4863518955136998	0.005440690555997266	0.005440690555997266	0.005440690555997266	0	0.005440690555997266	0.005440690555997266	0	0.005440690555997266	0.005440690555997266	0	0.005440690555997266	0.005440690555997266	-355.87526570337036	-100.40927414520377
206	-455.7400010775929	-774.3329968540097	-455.7400010775929	-318.5929957764167	10.187379012960468	0.01634716521013757	0.02501784271156171	0.013821952636773716	0.06220293996442933	0.01864920521889811	0.010961928264337464	0.02778162019981187	0.027798333194714864	0.01803379595688824	0.00870447153931772	0.016629814072415122	0.02984674378614359	0.024289036427581942	0.019031314599450164	0.03288246197803754	0.006931141546389602	0.037738410325512825	0.01157989362803101	0.023874003384889195	0.011814092593311537	0.01103286598952978	0.010204312438166774	0.016480929759944404	0.03255497019774055	0.038100143718125395	0.08190416496096807	0.0076408735843129655	0.016010415783207707	0.043110560298565956	0.02592561505344336	0.038187855487672326	0.05647705823379655	0.0269815970253363	0.07492878420209448	0.01477529326373661	0.03226438537341979	0.029484006791305806	9.752148664860487E-5	0.007533915675340524	0.004847391506022581	0.015201620495754731	0.013747559840060848	0.8696942593769033	1.2908770892280066	2.619505226601021	0.5646445977663838	0.44015502120707184	3.7952328182548767	2.026371574095664	0.004847391506022581	0.004847391506022581	0.004847391506022581	0	0.004847391506022581	0.004847391506022581	0	0.004847391506022581	0.004847391506022581	0	0.004847391506022581	0.004847391506022581	-361.1971915047204	-94.54280957287249
207	-452.5298213696805	-790.5468815175823	-452.5298213696805	-338.01706014790176	11.132362721716135	0.01634716521013757	0.02501784271156171	0.013821952636773716	0.06220293996442933	0.06592311454929255	0.010961928264337464	0.02778162019981187	0.003294668955248381	0.016398380583254366	0.00870447153931772	0.016629814072415122	0.02984674378614359	0.024289036427581942	0.019031314599450164	0.03288246197803754	0.006931141546389602	0.05495461727221872	0.01157989362803101	0.023874003384889195	0.011814092593311537	0.01103286598952978	0.010204312438166774	0.016480929759944404	0.03255497019774055	0.038100143718125395	0.08190416496096807	0.0076408735843129655	0.016010415783207707	0.043110560298565956	0.02592561505344336	0.038187855487672326	0.009203148903402111	0.0269815970253363	0.057712577255388586	0.01477529326373661	0.03389980074705366	0.05398767103077229	3.3184993752388865E-4	0.006735804806030176	0.006743729816817495	0.02319875665727215	0.011232729808300444	0.8173651567726801	1.2283190769492096	2.8275305642687925	0.44376544878542473	0.3811387687869007	3.2768547542349356	1.2414980791416539	0.006743729816817495	0.006743729816817495	0.006743729816817495	0	0.006743729816817495	0.006743729816817495	0	0.006743729816817495	0.006743729816817495	0	0.006743729816817495	0.006743729816817495	-354.43269376369886	-98.09712760598165
208	-452.13033873828124	-778.9516988680889	-452.13033873828124	-326.82136012980766	9.188393552993714	0.01634716521013757	0.049355256940630254	0.013821952636773716	0.06220293996442933	0.06592311454929255	0.010961928264337464	0.02778162019981187	0.003294668955248381	0.016398380583254366	0.01685155021089854	0.016629814072415122	0.05264625908597485	0.024289036427581942	0.019031314599450164	0.03288246197803754	0.006931141546389602	0.032155101972387454	0.01157989362803101	0.023874003384889195	0.011814092593311537	0.01103286598952978	0.010204312438166774	0.016480929759944404	0.03255497019774055	0.038100143718125395	0.05677915054626069	0.005226881628653798	0.016010415783207707	0.043110560298565956	0.01777853638186254	0.013850441258603782	0.009203148903402111	0.0269815970253363	0.057712577255388586	0.04231429963410316	0.03389980074705366	0.05398767103077229	5.893665917675183E-5	0.007262745798940229	0.007753028681197104	0.03138084672126093	0.010993763361990688	0.9540675010240172	0.6341206821003182	2.6755821944473386	0.5293222061130685	0.30712816294544126	3.199789174621888	0.9135308923322215	0.007753028681197104	0.007753028681197104	0.007753028681197104	0	0.007753028681197104	0.007753028681197104	0	0.007753028681197104	0.007753028681197104	0	0.007753028681197104	0.007753028681197104	-358.5731109985817	-93.55722773969956
209	-452.001055922492	-798.7534626429895	-452.001055922492	-346.75240672049745	8.825182349603148	0.01634716521013757	0.018448007025194446	0.013821952636773716	0.06220293996442933	0.06592311454929255	0.010961928264337464	0.02778162019981187	0.003294668955248381	0.04365994611398426	0.05941416263201346	0.016629814072415122	0.05264625908597485	0.024289036427581942	0.019031314599450164	0.03288246197803754	0.006931141546389602	0.032155101972387454	0.01157989362803101	0.02208213053696738	0.011814092593311537	0.01103286598952978	0.029708464859060757	0.016480929759944404	0.03255497019774055	0.038100143718125395	0.05677915054626069	0.005226881628653798	0.016010415783207707	0.043110560298565956	0.01777853638186254	0.013850441258603782	0.009203148903402111	0.007477444604442315	0.018795649218979582	0.04231429963410316	0.03569167359497548	0.05398767103077229	3.6555341216891924E-4	0.007750063836638844	0.006299514885769264	0.021370804094145872	0.014704413470668917	1.0698412728002988	0.574064985652494	2.874669943084372	0.5222622614219978	0.3785800230046043	4.979919827464231	1.4019416486112446	0.006299514885769264	0.006299514885769264	0.006299514885769264	0	0.006299514885769264	0.006299514885769264	0	0.006299514885769264	0.006299514885769264	0	0.006299514885769264	0.006299514885769264	-355.1830223635843	-96.81803355890771
210	-450.8197746062149	-787.2555334260006	-450.8197746062149	-336.43575881978575	8.764733827631618	0.01634716521013757	0.018448007025194446	0.013821952636773716	0.06220293996442933	0.06592311454929255	0.010961928264337464	0.02778162019981187	0.003294668955248381	0.04365994611398426	0.026128168003469815	0.0143052784194517	0.05264625908597485	0.024289036427581942	0.019031314599450164	0.03288246197803754	0.006931141546389602	0.032155101972387454	0.03235847852447747	0.02208213053696738	0.011814092593311537	0.01103286598952978	0.029708464859060757	0.016480929759944404	0.03255497019774055	0.038100143718125395	0.05677915054626069	0.005226881628653798	0.016010415783207707	0.041198988618366336	0.01777853638186254	0.018086548591766824	0.009203148903402111	0.007477444604442315	0.018795649218979582	0.04231429963410316	0.06897766822351913	0.03320908613432583	4.688044783104337E-4	0.00813854518777716	0.0034356284478143256	0.02121202833083334	0.011948418223803377	0.9828844909117843	0.7536123144080792	2.379685058962517	0.5439095273230312	0.53436785916633	3.882708052655556	2.3254002401924994	0.0034356284478143256	0.0034356284478143256	0.0034356284478143256	0	0.0034356284478143256	0.0034356284478143256	0	0.0034356284478143256	0.0034356284478143256	0	0.0034356284478143256	0.0034356284478143256	-355.158448430822	-95.66132617539292
211	-450.54031884271416	-772.8348053286461	-450.54031884271416	-322.2944864859319	8.206071852137413	0.018266121335367758	0.018448007025194446	0.015027631485596105	0.06220293996442933	0.06592311454929255	0.021050338746436206	0.02778162019981187	0.0016510733681147083	0.02229916504901007	0.026128168003469815	0.012386322294221513	0.05264625908597485	0.023515427209990322	0.019031314599450164	0.023619020426846687	0.006931141546389602	0.032155101972387454	0.031152799675655082	0.011993720054868637	0.005163030554631937	0.01103286598952978	0.011581607926050341	0.017254538977536024	0.03255497019774055	0.038100143718125395	0.05677915054626069	0.005226881628653798	0.037371196848181895	0.041198988618366336	0.01777853638186254	0.018086548591766824	0.0289736014235462	0.007477444604442315	0.018795649218979582	0.04896536167278276	0.07824110977470998	0.03320908613432583	1.044593279388786E-4	0.0070752451790786625	0.005332817587535326	0.021913834886787446	0.00993880493573091	0.8661483364532799	0.8846840147180649	3.3816427291589872	0.4236829479939229	0.3199693892924538	3.909741125345807	1.3355394062550405	0.005332817587535326	0.005332817587535326	0.005332817587535326	0	0.005332817587535326	0.005332817587535326	0	0.005332817587535326	0.005332817587535326	0	0.005332817587535326	0.005332817587535326	-357.50337810602764	-93.03694073668653
212	-450.4423017375465	-782.3260514189963	-450.4423017375465	-331.8837496814498	8.490419137625592	0.018266121335367758	0.018448007025194446	0.015027631485596105	0.06220293996442933	0.06592311454929255	0.05873592133368884	0.008582801648392174	0.0016510733681147083	0.02229916504901007	0.026128168003469815	0.012386322294221513	0.01513774856139126	0.049036216753323134	0.019031314599450164	0.023619020426846687	0.006931141546389602	0.04630881993714185	0.031152799675655082	0.026926306130324193	0.005163030554631937	0.01110639790736788	0.011581607926050341	0.017254538977536024	0.03255497019774055	0.038100143718125395	0.053781718617405314	0.005226881628653798	0.037371196848181895	0.041198988618366336	0.01777853638186254	0.018086548591766824	0.0289736014235462	0.02667626315586201	0.004568399336387086	0.023444572129449948	0.06313145163658539	0.0362065180631812	2.986115561845982E-4	0.008823860285894734	0.004001409352467295	0.022384596354573273	0.009995286018869115	0.8312732574498135	1.0037345873483832	3.9054089814489563	0.3229121918826449	0.3079497644001074	2.707696786083383	1.2559837331733232	0.004001409352467295	0.004001409352467295	0.004001409352467295	0	0.004001409352467295	0.004001409352467295	0	0.004001409352467295	0.004001409352467295	0	0.004001409352467295	0.004001409352467295	-354.8091650879319	-95.6331366496146
213	-449.848809768477	-778.1920563438018	-449.848809768477	-328.3432465753248	9.508478005428067	0.059718446677007986	0.018448007025194446	0.015027631485596105	0.06220293996442933	0.01992333714461457	0.019197967754305337	0.008582801648392174	0.0016510733681147083	0.00964665581822631	0.026128168003469815	0.012386322294221513	0.023379017036519775	0.049036216753323134	0.019031314599450164	0.023619020426846687	0.006931141546389602	0.07760550504139684	0.0631211207576302	0.026926306130324193	0.005163030554631937	0.023665858891070632	0.011581607926050341	0.017254538977536024	0.03255497019774055	0.038100143718125395	0.053781718617405314	0.005226881628653798	0.024811735864479142	0.041198988618366336	0.01777853638186254	0.018086548591766824	0.0289736014235462	0.03122371521889976	0.004568399336387086	0.023444572129449948	0.06313145163658539	0.016890706211989848	2.1436444375842493E-4	0.007784742422882088	0.0052819409173254315	0.024701540475000765	0.005853252096393907	0.6673345423352491	0.931748476522689	2.7857507764329323	0.41949241346554356	0.24268120702897383	2.1862983285461532	1.2147684133587113	0.0052819409173254315	0.0052819409173254315	0.0052819409173254315	0	0.0052819409173254315	0.0052819409173254315	0	0.0052819409173254315	0.0052819409173254315	0	0.0052819409173254315	0.0052819409173254315	-354.0201562790813	-95.8286534893957
214	-449.83836950483254	-770.5055830298129	-449.83836950483254	-320.6672135249804	8.409333910543282	0.059718446677007986	0.018448007025194446	0.015027631485596105	0.06220293996442933	0.01992333714461457	0.019197967754305337	0.008582801648392174	0.0016510733681147083	0.00964665581822631	0.026128168003469815	0.012386322294221513	0.023379017036519775	0.049036216753323134	0.019031314599450164	0.040565120182797426	0.006931141546389602	0.07760550504139684	0.0631211207576302	0.026926306130324193	0.005163030554631937	0.023665858891070632	0.011581607926050341	0.01186700154221175	0.03255497019774055	0.038100143718125395	0.053781718617405314	0.005226881628653798	0.024811735864479142	0.04830803256512416	0.023166073817186814	0.018086548591766824	0.02186455747678838	0.03122371521889976	0.004568399336387086	0.023444572129449948	0.04618535188063465	0.016890706211989848	4.239126383395324E-4	0.007685773937000061	0.005873726843905215	0.01454230898566211	0.006352568233691835	0.5010902593916662	0.7529990981636784	1.7848089883243565	0.32501249904552776	0.282060922182462	2.0019127687820495	1.1300908273342283	0.005873726843905215	0.005873726843905215	0.005873726843905215	0	0.005873726843905215	0.005873726843905215	0	0.005873726843905215	0.005873726843905215	0	0.005873726843905215	0.005873726843905215	-359.8322291381711	-90.00614036666143
215	-449.40609136378436	-782.9527882912421	-449.40609136378436	-333.5466969274577	12.719044926025497	0.059718446677007986	0.018448007025194446	0.0029200116475489035	0.02837025653243913	0.01992333714461457	0.019197967754305337	0.008582801648392174	0.0016510733681147083	0.00964665581822631	0.026128168003469815	0.012386322294221513	0.023379017036519775	0.049036216753323134	0.019031314599450164	0.040565120182797426	0.0407638249783798	0.07760550504139684	0.0631211207576302	0.026926306130324193	0.005163030554631937	0.023665858891070632	0.011581607926050341	0.01186700154221175	0.03255497019774055	0.038100143718125395	0.053781718617405314	0.005226881628653798	0.024811735864479142	0.04830803256512416	0.023166073817186814	0.018086548591766824	0.02186455747678838	0.03122371521889976	0.016676019174434287	0.023444572129449948	0.04618535188063465	0.016890706211989848	1.4449629713297839E-4	0.008009526867442603	0.004643640902359053	0.008951596177285855	0.004955029040622461	0.395219044831515	0.6499705923968178	2.246778054566551	0.40475089001718967	0.3046942787067264	1.7709373350859796	2.6152563292720292	0.004643640902359053	0.004643640902359053	0.004643640902359053	0	0.004643640902359053	0.004643640902359053	0	0.004643640902359053	0.004643640902359053	0	0.004643640902359053	0.004643640902359053	-353.18049424806543	-96.22559711571891
216	-448.87936986097907	-793.0283128798236	-448.87936986097907	-344.14894301884453	10.034422439130958	0.004072270947865886	0.018448007025194446	0.0029200116475489035	0.02837025653243913	0.01992333714461457	0.06007104596353692	0.01911950213382571	0.0016510733681147083	0.00964665581822631	0.026128168003469815	0.012386322294221513	0.023379017036519775	0.049036216753323134	0.019031314599450164	0.040565120182797426	0.04288249724564616	0.07760550504139684	0.0631211207576302	0.026926306130324193	0.005163030554631937	0.023665858891070632	0.01876776360045662	0.01186700154221175	0.03255497019774055	0.038100143718125395	0.053781718617405314	0.005226881628653798	0.024811735864479142	0.04830803256512416	0.007965947770483636	0.02567349043727106	0.02186455747678838	0.03122371521889976	0.016676019174434287	0.012907871644016411	0.05926680566007146	0.016890706211989848	1.4112915765486403E-4	0.007469772202957193	0.003248274204582106	0.009631953652052236	0.005490526351961208	0.6755201567567497	0.5483609790231518	3.253102324736709	0.47689277652575285	0.31487792280433036	2.7140988705987175	1.8869368919832352	0.003248274204582106	0.003248274204582106	0.003248274204582106	0	0.003248274204582106	0.003248274204582106	0	0.003248274204582106	0.003248274204582106	0	0.003248274204582106	0.003248274204582106	-355.39339946640615	-93.48597039457289
217	-448.2484516812611	-796.8319993800295	-448.2484516812611	-348.5835476987684	12.212151428423251	0.0031529411808602914	0.018448007025194446	0.0029200116475489035	0.042491714937031355	0.01992333714461457	0.05052675977012329	0.026993698174717723	0.0016510733681147083	0.00964665581822631	0.026128168003469815	0.012386322294221513	0.023379017036519775	0.049036216753323134	0.019031314599450164	0.02642921617351654	0.03589384326550968	0.07760550504139684	0.020487939376021655	0.03318801409871307	0.005163030554631937	0.023665858891070632	0.01876776360045662	0.01186700154221175	0.03255497019774055	0.0335229715069468	0.053781718617405314	0.005226881628653798	0.024811735864479142	0.04830803256512416	0.007965947770483636	0.02567349043727106	0.02186455747678838	0.03122371521889976	0.05930920055604283	0.013827201411022005	0.06625545964020794	0.016890706211989848	3.055666204225749E-4	0.008077128498136276	0.00322175130906232	0.013465025354363471	0.004807400100525865	0.6282337951462753	0.5646617173751046	2.3432289015586933	0.3939798936221731	0.3383635095403169	2.7703105183675487	1.3367276846631677	0.00322175130906232	0.00322175130906232	0.00322175130906232	0	0.00322175130906232	0.00322175130906232	0	0.00322175130906232	0.00322175130906232	0	0.00322175130906232	0.00322175130906232	-355.52778476838125	-92.72066691287982
218	-447.6582053825366	-802.6886826692188	-447.6582053825366	-355.0304772866822	12.440645812543863	0.0031529411808602914	0.01905936848677503	0.0029200116475489035	0.042491714937031355	0.01992333714461457	0.05916725125446905	0.026993698174717723	0.0016510733681147083	0.027668768051636858	0.026128168003469815	0.012386322294221513	0.023379017036519775	0.023905234343207668	0.019031314599450164	0.02642921617351654	0.03589384326550968	0.07760550504139684	0.020487939376021655	0.03318801409871307	0.005163030554631937	0.023665858891070632	0.01876776360045662	0.01186700154221175	0.03255497019774055	0.0335229715069468	0.013227185887545997	0.011259618351328368	0.024811735864479142	0.07343901497523962	0.04852048050034295	0.025062128975690476	0.02186455747678838	0.03122371521889976	0.05327646383336826	0.013827201411022005	0.03959285592245164	0.016890706211989848	2.9796363987199897E-4	0.006533469327690054	0.004985614540501754	0.009511442939182962	0.0054809603016920845	0.4816667953277575	0.5640384901047535	2.4480451442802864	0.48126077347274276	0.3713552520442206	3.289483453483136	1.4634353549131882	0.004985614540501754	0.004985614540501754	0.004985614540501754	0	0.004985614540501754	0.004985614540501754	0	0.004985614540501754	0.004985614540501754	0	0.004985614540501754	0.004985614540501754	-359.7851498589423	-87.87305552359433
219	-446.92280161246515	-788.9228393988567	-446.92280161246515	-342.00003778639154	14.692063493808957	0.0031529411808602914	0.01905936848677503	0.0029200116475489035	0.042491714937031355	0.01992333714461457	0.05916725125446905	0.026993698174717723	0.0016510733681147083	0.027668768051636858	0.026128168003469815	0.012386322294221513	0.023379017036519775	0.023905234343207668	0.019031314599450164	0.02642921617351654	0.023815656760697607	0.05214766620326171	0.020487939376021655	0.058645852936848195	0.014362699868441936	0.023665858891070632	0.030845950105268694	0.01186700154221175	0.03255497019774055	0.0335229715069468	0.013227185887545997	0.011259618351328368	0.024811735864479142	0.07343901497523962	0.05884319467849351	0.025062128975690476	0.01266488816297838	0.03122371521889976	0.0429537496552177	0.013827201411022005	0.03959285592245164	0.016890706211989848	3.2438973757884296E-4	0.008010723592079433	0.005623779369991761	0.008269068105080709	0.00582365218825054	0.8341604962515017	0.38832454154982476	2.631580538961319	0.6994946266270489	0.3899283314864152	2.673550267137215	2.1686164503876295	0.005623779369991761	0.005623779369991761	0.005623779369991761	0	0.005623779369991761	0.005623779369991761	0	0.005623779369991761	0.005623779369991761	0	0.005623779369991761	0.005623779369991761	-354.84643005610496	-92.07637155636021
220	-446.71241652071484	-797.601696914365	-446.71241652071484	-350.8892803936502	13.876217284664278	0.0031529411808602914	0.01905936848677503	0.0029200116475489035	0.06641931378492433	0.024406376083087586	0.06906188706480561	0.026993698174717723	0.0016510733681147083	0.012473007603823513	0.026128168003469815	0.012386322294221513	0.04039498471140056	0.023905234343207668	0.019031314599450164	0.018880823692409038	0.023815656760697607	0.04225303039292515	0.020487939376021655	0.03471825408895522	0.014362699868441936	0.037654864655520245	0.030845950105268694	0.01186700154221175	0.03255497019774055	0.0335229715069468	0.023939907396886326	0.011259618351328368	0.024811735864479142	0.05642304730035884	0.05884319467849351	0.025062128975690476	0.01266488816297838	0.024783101935557647	0.0429537496552177	0.013827201411022005	0.03959285592245164	0.016890706211989848	2.0104426348196915E-4	0.006684786832975413	0.006824276123589622	0.005637127878380197	0.007316797293221242	0.9907326075946923	0.27575082163753	1.8730054143222907	0.8960831534898739	0.46197291491278836	2.399666971224664	1.681487639526962	0.006824276123589622	0.006824276123589622	0.006824276123589622	0	0.006824276123589622	0.006824276123589622	0	0.006824276123589622	0.006824276123589622	0	0.006824276123589622	0.006824276123589622	-357.7821328379118	-88.93028368280305
221	-445.9655778498618	-792.6223582519143	-445.9655778498618	-346.6567804020525	12.363333164030134	0.0031529411808602914	0.01905936848677503	0.0029200116475489035	0.06641931378492433	0.024406376083087586	0.06906188706480561	0.026993698174717723	0.0016510733681147083	0.012473007603823513	0.011390418491348447	0.004988116537948145	0.04039498471140056	0.023905234343207668	0.019031314599450164	0.018880823692409038	0.023815656760697607	0.02823354465660831	0.020487939376021655	0.03471825408895522	0.014362699868441936	0.037654864655520245	0.030845950105268694	0.01186700154221175	0.03255497019774055	0.0335229715069468	0.023939907396886326	0.011259618351328368	0.024811735864479142	0.05642304730035884	0.05884319467849351	0.025062128975690476	0.01266488816297838	0.039520851447679015	0.0643714411478079	0.013827201411022005	0.03959285592245164	0.016890706211989848	1.1973873569637409E-4	0.007302065016857816	0.007416406820650053	0.011889024264239068	0.007449197768393035	1.0441124974686367	0.3066963352897113	1.9659067111814923	0.6417799256646319	0.3689859996292326	2.4142390966079286	1.325112755288739	0.007416406820650053	0.007416406820650053	0.007416406820650053	0	0.007416406820650053	0.007416406820650053	0	0.007416406820650053	0.007416406820650053	0	0.007416406820650053	0.007416406820650053	-358.0830507109683	-87.88252713889354
222	-445.860604748137	-788.4209680121169	-445.860604748137	-342.56036326397987	9.728348949820388	0.0031529411808602914	0.029252306391154836	0.010311199003810445	0.06641931378492433	0.024406376083087586	0.1010683536722334	0.026993698174717723	0.0016510733681147083	0.008311082584270255	0.011390418491348447	0.004988116537948145	0.04039498471140056	0.013712296438827862	0.019031314599450164	0.018880823692409038	0.023815656760697607	0.020842357300346767	0.016220293803069982	0.03471825408895522	0.014362699868441936	0.037654864655520245	0.030845950105268694	0.01186700154221175	0.03255497019774055	0.0335229715069468	0.023939907396886326	0.011259618351328368	0.024811735864479142	0.0605849723199121	0.05884319467849351	0.025062128975690476	0.01266488816297838	0.011782030413202901	0.0643714411478079	0.013827201411022005	0.03959285592245164	0.016890706211989848	5.111417541935655E-4	0.006617257341304015	0.008229274154933628	0.018778403078908705	0.006764192851077117	1.0030991579308877	0.3722145950598697	2.487886643654779	0.5428671681560555	0.3872008239316503	2.4339807757055714	1.3825600806102771	0.008229274154933628	0.008229274154933628	0.008229274154933628	0	0.008229274154933628	0.008229274154933628	0	0.008229274154933628	0.008229274154933628	0	0.008229274154933628	0.008229274154933628	-358.71427428928575	-87.14633045885127
223	-445.4967779641541	-798.8801581667705	-445.4967779641541	-353.38338020261637	10.874376982392182	0.0031529411808602914	0.029252306391154836	0.010311199003810445	0.06641931378492433	0.024406376083087586	0.08798198974722012	0.026377158092342173	0.0018192341150263247	0.008311082584270255	0.04009273567259139	0.004988116537948145	0.04039498471140056	0.013712296438827862	0.019031314599450164	0.018880823692409038	0.008199703504467942	0.020842357300346767	0.016220293803069982	0.03471825408895522	0.014362699868441936	0.037654864655520245	0.030845950105268694	0.01186700154221175	0.03255497019774055	0.0335229715069468	0.023939907396886326	0.011259618351328368	0.024811735864479142	0.0605849723199121	0.016604776788147188	0.02551050831115441	0.054903306053324705	0.011782030413202901	0.0643714411478079	0.013827201411022005	0.03959285592245164	0.016890706211989848	4.720827223601125E-4	0.007149590931228836	0.006449307596049838	0.014298321877064077	0.012988087108125601	0.9093651751428824	0.35733503130548555	2.254359280760989	0.5360839114533179	0.4740802690281751	2.360333299370194	1.3177521633230116	0.006449307596049838	0.006449307596049838	0.006449307596049838	0	0.006449307596049838	0.006449307596049838	0	0.006449307596049838	0.006449307596049838	0	0.006449307596049838	0.006449307596049838	-356.4639228428259	-89.03285512132818
224	-444.88561870290783	-794.458201729446	-444.88561870290783	-349.5725830265382	12.49270492703634	0.021856681738291805	0.029252306391154836	0.010311199003810445	0.06641931378492433	0.005702635525656072	0.08798198974722012	0.026377158092342173	0.0018192341150263247	0.008311082584270255	0.04009273567259139	0.004988116537948145	0.04039498471140056	0.013712296438827862	0.019031314599450164	0.018880823692409038	0.008199703504467942	0.01263379279405584	0.013229815899493111	0.03471825408895522	0.014362699868441936	0.037654864655520245	0.030845950105268694	0.01186700154221175	0.03255497019774055	0.0335229715069468	0.023939907396886326	0.011259618351328368	0.024811735864479142	0.0605849723199121	0.016604776788147188	0.03670955072102221	0.054903306053324705	0.011782030413202901	0.0643714411478079	0.013827201411022005	0.03959285592245164	0.016890706211989848	6.251261563894412E-4	0.004968009181566171	0.004183829796707072	0.006878595464357331	0.015369343193452225	0.9655875827346242	0.31132913924831185	2.359968790363339	0.6374004123173055	0.6161413989318911	1.951813758295126	1.2775399988159042	0.004183829796707072	0.004183829796707072	0.004183829796707072	0	0.004183829796707072	0.004183829796707072	0	0.004183829796707072	0.004183829796707072	0	0.004183829796707072	0.004183829796707072	-358.0553356209855	-86.83028308192235
225	-442.5759276868466	-787.2115018013603	-442.5759276868466	-344.6355741145137	12.650236051774295	0.028028499606641	0.03202135786169413	0.049342973326016504	0.05250069705987642	0.005702635525656072	0.08798198974722012	0.023608106621802877	0.0018192341150263247	0.008311082584270255	0.04009273567259139	0.004988116537948145	0.04039498471140056	0.013712296438827862	0.019031314599450164	0.018880823692409038	0.008199703504467942	0.01263379279405584	0.013229815899493111	0.03471825408895522	0.014362699868441936	0.024876897239573634	0.030845950105268694	0.01186700154221175	0.03255497019774055	0.0335229715069468	0.01776808952853713	0.011259618351328368	0.024811735864479142	0.035361457886488354	0.030523393513195093	0.03670955072102221	0.054903306053324705	0.011782030413202901	0.03811763424154846	0.013827201411022005	0.03959285592245164	0.04211422064541359	1.3035066140771549E-4	0.0077883074206191606	0.003472246323823558	0.006736442697046461	0.015425750367966803	1.627650949521726	0.37312948439286486	3.453046789691317	0.6614100911360973	0.4908644357224186	1.9812348244342088	1.7081869453822032	0.003472246323823558	0.003472246323823558	0.003472246323823558	0	0.003472246323823558	0.003472246323823558	0	0.003472246323823558	0.003472246323823558	0	0.003472246323823558	0.003472246323823558	-355.58874317586367	-86.98718451098296
226	-441.2846276886713	-799.1957496263074	-441.2846276886713	-357.9111219376361	12.745864343800038	0.028028499606641	0.03202135786169413	0.049342973326016504	0.05250069705987642	0.005702635525656072	0.09338794816764369	0.023608106621802877	0.0018192341150263247	0.008311082584270255	0.04009273567259139	0.004988116537948145	0.027982180864484438	0.013712296438827862	0.019031314599450164	0.018880823692409038	0.008199703504467942	0.01263379279405584	0.013229815899493111	0.03471825408895522	0.014362699868441936	0.01947093881915006	0.030845950105268694	0.01186700154221175	0.03255497019774055	0.0335229715069468	0.01776808952853713	0.011259618351328368	0.024811735864479142	0.035361457886488354	0.030523393513195093	0.04912235456793833	0.054903306053324705	0.011782030413202901	0.03811763424154846	0.013827201411022005	0.03959285592245164	0.04211422064541359	9.585486868635575E-5	0.008162918059902078	0.002208828197493582	0.007623593856813582	0.011073571506901818	1.2752842202777026	0.6020528997503338	2.9555193768478762	0.7402692909764944	0.736884302958961	2.2949248845709973	2.2772857473736066	0.002208828197493582	0.002208828197493582	0.002208828197493582	0	0.002208828197493582	0.002208828197493582	0	0.002208828197493582	0.002208828197493582	0	0.002208828197493582	0.002208828197493582	-352.69639818723067	-88.58822950144068
227	-440.70466559017035	-797.4330942464705	-440.70466559017035	-356.7284286563002	12.726643488964093	0.01584830851682706	0.03202135786169413	0.049342973326016504	0.06515672758082885	0.013232965231501734	0.09338794816764369	0.023608106621802877	0.0018192341150263247	0.008311082584270255	0.04009273567259139	0.004988116537948145	0.027982180864484438	0.013712296438827862	0.006375284078497731	0.018880823692409038	0.008199703504467942	0.01263379279405584	0.013229815899493111	0.03471825408895522	0.014362699868441936	0.01947093881915006	0.030845950105268694	0.01186700154221175	0.03255497019774055	0.045703162596760744	0.01776808952853713	0.011259618351328368	0.024811735864479142	0.035361457886488354	0.030523393513195093	0.04912235456793833	0.054903306053324705	0.011782030413202901	0.03811763424154846	0.013827201411022005	0.03206252621660598	0.04211422064541359	6.246957003198789E-4	0.0068303287787687015	0.0018567343741534503	0.013420728189178653	0.006863898080950776	0.9616473440779097	0.4669503644076476	2.5309224998308886	0.5562579705609182	0.6644229443266298	2.372895524502396	1.3201779588467377	0.0018567343741534503	0.0018567343741534503	0.0018567343741534503	0	0.0018567343741534503	0.0018567343741534503	0	0.0018567343741534503	0.0018567343741534503	0	0.0018567343741534503	0.0018567343741534503	-353.8987821384999	-86.80588345167045
228	-440.3223807421705	-788.4247825777703	-440.3223807421705	-348.10240183559984	10.86736147347559	0.01584830851682706	0.03202135786169413	0.049342973326016504	0.06515672758082885	0.013232965231501734	0.09338794816764369	0.023608106621802877	0.0018192341150263247	0.008311082584270255	0.04009273567259139	0.013184246236750269	0.027982180864484438	0.04957608071469398	0.006375284078497731	0.018880823692409038	0.008199703504467942	0.01263379279405584	0.005033686200690987	0.03471825408895522	0.014362699868441936	0.01947093881915006	0.030845950105268694	0.01186700154221175	0.03255497019774055	0.02209621587234553	0.01776808952853713	0.011259618351328368	0.024811735864479142	0.035361457886488354	0.030523393513195093	0.03686551701648742	0.054903306053324705	0.011782030413202901	0.03811763424154846	0.013827201411022005	0.03206252621660598	0.04211422064541359	2.0307957444141793E-4	0.007327180495738799	0.001481936045046994	0.011444293150549794	0.010667981407900975	1.1875125415854386	0.25384631935364355	1.6547782049487476	0.44827699294066664	0.799142354712508	2.7672939769141425	1.6993535593232714	0.001481936045046994	0.001481936045046994	0.001481936045046994	0	0.001481936045046994	0.001481936045046994	0	0.001481936045046994	0.001481936045046994	0	0.001481936045046994	0.001481936045046994	-352.6146885658951	-87.70769217627534
229	-440.31073976480803	-806.1771671344756	-440.31073976480803	-365.8664273696675	11.296220654912677	0.01584830851682706	0.03202135786169413	0.049342973326016504	0.06515672758082885	0.013232965231501734	0.07485569434838042	0.023608106621802877	0.0018192341150263247	0.008311082584270255	0.04009273567259139	0.013184246236750269	0.027982180864484438	0.04957608071469398	0.006375284078497731	0.018880823692409038	0.008199703504467942	0.016441101021605772	0.005033686200690987	0.04451969024985468	0.014362699868441936	0.01947093881915006	0.030845950105268694	0.01186700154221175	0.03255497019774055	0.02209621587234553	0.01776808952853713	0.011259618351328368	0.024811735864479142	0.05008640347820169	0.030523393513195093	0.03686551701648742	0.04581850439393252	0.011782030413202901	0.03811763424154846	0.013827201411022005	0.0313458917150987	0.04211422064541359	2.9204058085352037E-4	0.005950359256817762	0.001153902524785045	0.00898272881933427	0.012580340048000684	0.8748474869664635	0.24605587789134656	1.637641459344104	0.5260451868463931	0.503369844695995	2.6642479177546106	1.6654465728130798	0.001153902524785045	0.001153902524785045	0.001153902524785045	0	0.001153902524785045	0.001153902524785045	0	0.001153902524785045	0.001153902524785045	0	0.001153902524785045	0.001153902524785045	-348.4807834444614	-91.82995632034662
230	-440.23714092523306	-794.732954614903	-440.23714092523306	-354.4958136896699	10.397754129184607	0.01584830851682706	0.03202135786169413	0.049342973326016504	0.06515672758082885	0.013232965231501734	0.07485569434838042	0.01706260112105326	0.0018192341150263247	0.008311082584270255	0.03764431051076242	0.013184246236750269	0.027982180864484438	0.04957608071469398	0.006375284078497731	0.018880823692409038	0.008199703504467942	0.016441101021605772	0.005033686200690987	0.01739537425340286	0.014362699868441936	0.01947093881915006	0.0457587824415594	0.01431542670404072	0.012882029777446555	0.02209621587234553	0.04489240552498895	0.011259618351328368	0.024811735864479142	0.05008640347820169	0.030523393513195093	0.04162562510049071	0.04394079416454187	0.011782030413202901	0.044663139742298075	0.013827201411022005	0.03322360194448935	0.04211422064541359	3.884722758160433E-4	0.007216079772573885	0.001773074347608789	0.007547784779306084	0.010527639810832597	0.9912555644767201	0.17960735244288928	1.5117510273556751	0.7926836939804863	0.6791507887224424	2.4790694496905705	2.1774222491177384	0.001773074347608789	0.001773074347608789	0.001773074347608789	0	0.001773074347608789	0.001773074347608789	0	0.001773074347608789	0.001773074347608789	0	0.001773074347608789	0.001773074347608789	-351.94833726485666	-88.28880366037639
231	-438.7997701469392	-789.8642530348089	-438.7997701469392	-351.06448288786976	11.862665379094187	0.01584830851682706	0.04755861905623504	0.049342973326016504	0.06515672758082885	0.013232965231501734	0.07485569434838042	0.018455617323620416	0.0018192341150263247	0.008311082584270255	0.03764431051076242	0.013346970498281124	0.027982180864484438	0.049413356453163124	0.006375284078497731	0.018880823692409038	0.008199703504467942	0.011331595253882373	0.005033686200690987	0.01739537425340286	0.014362699868441936	0.018077922616582906	0.03535608970135584	0.01431542670404072	0.02060754915301198	0.02209621587234553	0.04489240552498895	0.011259618351328368	0.024811735864479142	0.05008640347820169	0.027907379905353066	0.04162562510049071	0.04394079416454187	0.011782030413202901	0.029125878547757167	0.02422989415122556	0.03322360194448935	0.04211422064541359	2.1030410347351721E-4	0.006790162110435694	0.0014678613167926938	0.013243691181732008	0.00839135785281657	0.9259286876592248	0.2711953662103658	1.5150357119697782	1.023709903507934	0.7813424182051036	2.172829310831083	1.4919016230389843	0.0014678613167926938	0.0014678613167926938	0.0014678613167926938	0	0.0014678613167926938	0.0014678613167926938	0	0.0014678613167926938	0.0014678613167926938	0	0.0014678613167926938	0.0014678613167926938	-351.33965277060787	-87.46011737633131
232	-437.7006727228111	-791.0464109300963	-437.7006727228111	-353.3457382072852	12.797973928160612	0.01584830851682706	0.07603152350318221	0.020870068879069337	0.06515672758082885	0.011991155901679637	0.07485569434838042	0.018455617323620416	0.0018192341150263247	0.008311082584270255	0.03764431051076242	0.013346970498281124	0.027982180864484438	0.049413356453163124	0.006375284078497731	0.018880823692409038	0.008199703504467942	0.011331595253882373	0.005033686200690987	0.01739537425340286	0.014362699868441936	0.018077922616582906	0.03535608970135584	0.015557236033862817	0.02060754915301198	0.02209621587234553	0.04489240552498895	0.011259618351328368	0.024811735864479142	0.05008640347820169	0.027907379905353066	0.04162562510049071	0.04394079416454187	0.011782030413202901	0.029125878547757167	0.02422989415122556	0.03322360194448935	0.04211422064541359	3.4624459442582974E-4	0.007548198431677499	0.0010907369968765894	0.01949961747794548	0.00736541159833626	1.3350645554502871	0.282974118789339	2.6661211446736526	0.6658258191819301	1.114932716846402	2.270156232033091	1.5185209258966585	0.0010907369968765894	0.0010907369968765894	0.0010907369968765894	0	0.0010907369968765894	0.0010907369968765894	0	0.0010907369968765894	0.0010907369968765894	0	0.0010907369968765894	0.0010907369968765894	-348.339104893887	-89.3615678289241
233	-437.54968404062254	-798.5565555835401	-437.54968404062254	-361.00687154291757	12.084159639015244	0.01584830851682706	0.07603152350318221	0.02642581339053235	0.09653485860621719	0.011991155901679637	0.04347756332299209	0.011049604342638436	0.0018192341150263247	0.008311082584270255	0.03764431051076242	0.013346970498281124	0.027982180864484438	0.06382235877369934	0.011915855635981729	0.01334025213492504	0.008199703504467942	0.011331595253882373	0.005033686200690987	0.02735983423184006	0.014362699868441936	0.018077922616582906	0.03535608970135584	0.015557236033862817	0.02060754915301198	0.02209621587234553	0.04489240552498895	0.011259618351328368	0.014847275886041941	0.05008640347820169	0.027907379905353066	0.04162562510049071	0.023976047332542647	0.011782030413202901	0.029125878547757167	0.03163590713220754	0.03322360194448935	0.04211422064541359	5.67899868794936E-4	0.007212434081931378	9.093458687885467E-4	0.011798927804475681	0.0071159689670245805	1.6403901224440631	0.40765009636315935	3.032481413429201	0.8788291346818323	0.7127350426527572	2.6678056134507595	1.7806056051227481	9.093458687885467E-4	9.093458687885467E-4	9.093458687885467E-4	0	9.093458687885467E-4	9.093458687885467E-4	0	9.093458687885467E-4	9.093458687885467E-4	0	9.093458687885467E-4	9.093458687885467E-4	-351.05438578008244	-86.49529826054008
234	-437.39445263826667	-797.7138292442718	-437.39445263826667	-360.3193766060051	13.077090477006708	0.01584830851682706	0.07603152350318221	0.02642581339053235	0.09653485860621719	0.011991155901679637	0.04347756332299209	0.011049604342638436	0.0018192341150263247	0.008311082584270255	0.03764431051076242	0.013346970498281124	0.027982180864484438	0.06883625956448335	0.011915855635981729	0.01334025213492504	0.008199703504467942	0.011331595253882373	0.005033686200690987	0.02735983423184006	0.014362699868441936	0.018077922616582906	0.03535608970135584	0.015557236033862817	0.02060754915301198	0.02209621587234553	0.03987850473420494	0.011259618351328368	0.014847275886041941	0.01648496212325233	0.027907379905353066	0.04162562510049071	0.057577488687492004	0.011782030413202901	0.029125878547757167	0.03163590713220754	0.03322360194448935	0.04211422064541359	2.835068522890934E-4	0.007804758784031659	0.0011944490576945967	0.011180438479315973	0.005980889109689035	1.144488161381436	0.37430476549640107	3.342983376592632	1.115635783143125	1.0750602930805244	1.9991492345931854	2.179603115987918	0.0011944490576945967	0.0011944490576945967	0.0011944490576945967	0	0.0011944490576945967	0.0011944490576945967	0	0.0011944490576945967	0.0011944490576945967	0	0.0011944490576945967	0.0011944490576945967	-352.28838541901837	-85.10606721924829
235	-437.0567948865228	-803.4615063400063	-437.0567948865228	-366.4047114534835	12.508963963091832	0.01584830851682706	0.020528024578431725	0.02642581339053235	0.09653485860621719	0.011991155901679637	0.04347756332299209	0.023910619283596918	0.0018192341150263247	0.008311082584270255	0.024783295569803937	0.06885046942303161	0.027982180864484438	0.07009299183029503	0.03038020411323482	0.01334025213492504	0.008199703504467942	0.011331595253882373	0.005172052860240237	0.02735983423184006	0.014362699868441936	0.021062151433520956	0.02570288787949382	0.015557236033862817	0.02060754915301198	0.02209621587234553	0.03689427591726689	0.011259618351328368	0.024881680999550446	0.01648496212325233	0.027907379905353066	0.023161276623237623	0.057577488687492004	0.011643663753653652	0.0375223481038075	0.021601502018699037	0.03322360194448935	0.04211422064541359	4.725452124839945E-4	0.007708331180549838	0.001023834890045398	0.015446378966008699	0.005697262002376636	1.926465786500616	0.24063936166581368	4.650097847803315	1.5336611079320472	1.139076697073598	1.1571309933444884	3.157633252089242	0.001023834890045398	0.001023834890045398	0.001023834890045398	0	0.001023834890045398	0.001023834890045398	0	0.001023834890045398	0.001023834890045398	0	0.001023834890045398	0.001023834890045398	-351.86069139019435	-85.19610349632848
236	-436.8637875994611	-794.9703050692874	-436.8637875994611	-358.10651746982626	13.430411577253121	0.01584830851682706	0.020528024578431725	0.02642581339053235	0.08310059368632022	0.011991155901679637	0.04347756332299209	0.023910619283596918	0.0018192341150263247	0.008311082584270255	0.024783295569803937	0.039712450995702725	0.027982180864484438	0.07009299183029503	0.03038020411323482	0.01334025213492504	0.008199703504467942	0.011331595253882373	0.005172052860240237	0.02735983423184006	0.014362699868441936	0.021062151433520956	0.02570288787949382	0.015557236033862817	0.02060754915301198	0.0483612289247147	0.05032854083716386	0.011259618351328368	0.06446917931956662	0.01648496212325233	0.027907379905353066	0.023161276623237623	0.017989990367475825	0.011643663753653652	0.0375223481038075	0.021601502018699037	0.03322360194448935	0.044987226020373305	8.501271419926076E-5	0.006952569526199513	9.021710093848838E-4	0.01763300555358772	0.0038653991170886576	1.5883490541898804	0.30736462433903816	2.9681947880978394	1.0069813230706104	1.4045485599425787	1.2842933356548292	2.4462956919317693	9.021710093848838E-4	9.021710093848838E-4	9.021710093848838E-4	0	9.021710093848838E-4	9.021710093848838E-4	0	9.021710093848838E-4	9.021710093848838E-4	0	9.021710093848838E-4	9.021710093848838E-4	-350.25830765484847	-86.60547994461263
237	-436.13033591194005	-802.3759006637085	-436.13033591194005	-366.2455647517685	13.575365839268828	0.01584830851682706	0.020528024578431725	0.02642581339053235	0.08310059368632022	0.018120684176706967	0.04347756332299209	0.023910619283596918	0.0018192341150263247	0.008311082584270255	0.024783295569803937	0.039712450995702725	0.027982180864484438	0.07009299183029503	0.03038020411323482	0.01334025213492504	0.008199703504467942	0.011331595253882373	0.005172052860240237	0.02735983423184006	0.014362699868441936	0.021062151433520956	0.02570288787949382	0.015557236033862817	0.02060754915301198	0.0483612289247147	0.05032854083716386	0.011259618351328368	0.06446917931956662	0.01648496212325233	0.027907379905353066	0.023161276623237623	0.017989990367475825	0.011643663753653652	0.0375223481038075	0.021601502018699037	0.03322360194448935	0.038857697745345976	3.755749281087066E-4	0.006287880412570784	8.346291682184548E-4	0.009227728031041129	0.004657204167347593	1.2422926058590333	0.26236535822952023	2.199298356543055	2.1119696516213007	1.8126068006927165	1.7226576736725008	4.479772318083561	8.346291682184548E-4	8.346291682184548E-4	8.346291682184548E-4	0	8.346291682184548E-4	8.346291682184548E-4	0	8.346291682184548E-4	8.346291682184548E-4	0	8.346291682184548E-4	8.346291682184548E-4	-349.0955969717006	-87.03473894023946
238	-435.09111537520533	-789.9499204777471	-435.09111537520533	-354.85880510254185	13.250263684748454	0.01584830851682706	0.020528024578431725	0.02642581339053235	0.08310059368632022	0.018120684176706967	0.04347756332299209	0.023910619283596918	0.006718376984879926	0.008311082584270255	0.024783295569803937	0.039712450995702725	0.027982180864484438	0.07009299183029503	0.03038020411323482	0.01334025213492504	0.008199703504467942	0.011331595253882373	0.005172052860240237	0.02735983423184006	0.014362699868441936	0.021062151433520956	0.02570288787949382	0.010658093164009216	0.02060754915301198	0.0483612289247147	0.05032854083716386	0.011259618351328368	0.06446917931956662	0.01648496212325233	0.027907379905353066	0.023161276623237623	0.017989990367475825	0.011643663753653652	0.0375223481038075	0.021601502018699037	0.03322360194448935	0.038857697745345976	2.7671549038158573E-4	0.008152447748060447	0.0010109935429907044	0.009998307423676031	0.0032563516236025834	0.9266748445907668	0.17047279716571528	1.7808048771898926	1.8664082131022404	1.400339454474829	2.635037169496215	2.6324498218991885	0.0010109935429907044	0.0010109935429907044	0.0010109935429907044	0	0.0010109935429907044	0.0010109935429907044	0	0.0010109935429907044	0.0010109935429907044	0	0.0010109935429907044	0.0010109935429907044	-348.6484839675577	-86.44263140764762
239	-435.0798490051559	-805.3703524979965	-435.0798490051559	-370.2905034928406	17.162942704914602	0.01584830851682706	0.020528024578431725	0.02642581339053235	0.08310059368632022	0.006590152996196572	0.028274610391684177	0.023910619283596918	0.006718376984879926	0.008311082584270255	0.0297896937803169	0.039712450995702725	0.017146459853639592	0.046332648825015074	0.03038020411323482	0.01334025213492504	0.02123857667331805	0.011331595253882373	0.005172052860240237	0.02735983423184006	0.014362699868441936	0.021062151433520956	0.02570288787949382	0.032215284011283915	0.02060754915301198	0.0483612289247147	0.05032854083716386	0.011259618351328368	0.07599971050007702	0.01648496212325233	0.027907379905353066	0.038364229554545534	0.012983592156962862	0.011643663753653652	0.0375223481038075	0.021601502018699037	0.03322360194448935	0.038857697745345976	5.085617430076076E-4	0.007331565431872445	0.0013189642567364183	0.00827934680158337	0.0033183477967892736	0.6409772471602169	0.11128219197838835	1.1268135147051523	1.4899306575558784	1.246794141181692	2.7115718277617975	2.1008283019781016	0.0013189642567364183	0.0013189642567364183	0.0013189642567364183	0	0.0013189642567364183	0.0013189642567364183	0	0.0013189642567364183	0.0013189642567364183	0	0.0013189642567364183	0.0013189642567364183	-351.598719091161	-83.48112991399489
240	-435.06632637250055	-803.2941687567878	-435.06632637250055	-368.22784238428727	14.923449376398882	0.01584830851682706	0.020528024578431725	0.02642581339053235	0.08310059368632022	0.006590152996196572	0.028274610391684177	0.023910619283596918	0.006718376984879926	0.008311082584270255	0.0297896937803169	0.039712450995702725	0.017146459853639592	0.044097973789936726	0.03038020411323482	0.01334025213492504	0.02123857667331805	0.011331595253882373	0.005172052860240237	0.02735983423184006	0.014362699868441936	0.021062151433520956	0.02570288787949382	0.032215284011283915	0.02060754915301198	0.0483612289247147	0.05032854083716386	0.011259618351328368	0.07599971050007702	0.01648496212325233	0.027907379905353066	0.038364229554545534	0.012983592156962862	0.011643663753653652	0.0375223481038075	0.021601502018699037	0.0354582769795677	0.038857697745345976	5.405143616628764E-4	0.006953249889930924	8.892749194492442E-4	0.008316795974219457	0.002866749296690318	0.7776064769422997	0.13153121071949772	1.0823393455056773	1.0039343095695705	1.1226135505980008	1.9797674142692208	1.5208698583732676	8.892749194492442E-4	8.892749194492442E-4	8.892749194492442E-4	0	8.892749194492442E-4	8.892749194492442E-4	0	8.892749194492442E-4	8.892749194492442E-4	0	8.892749194492442E-4	8.892749194492442E-4	-349.35790344760903	-85.70842292489151
241	-434.93863616546525	-794.8486463092918	-434.93863616546525	-359.9100101438266	16.275772430777977	0.01584830851682706	0.020528024578431725	0.02642581339053235	0.08310059368632022	0.006590152996196572	0.028274610391684177	0.023910619283596918	0.006718376984879926	0.008311082584270255	0.005754661498406394	0.039712450995702725	0.017146459853639592	0.044097973789936726	0.015022700198943792	0.01334025213492504	0.02123857667331805	0.0266890991681734	0.029207085142150743	0.02735983423184006	0.014362699868441936	0.021062151433520956	0.02570288787949382	0.032215284011283915	0.02065127381439534	0.0483612289247147	0.05032854083716386	0.011259618351328368	0.07599971050007702	0.01648496212325233	0.027907379905353066	0.038364229554545534	0.012983592156962862	0.011643663753653652	0.0375223481038075	0.021601502018699037	0.03541455231818434	0.038857697745345976	3.786463814659712E-4	0.007824065300295882	5.873784273747945E-4	0.006057093079232821	0.0032951316150047964	0.6109605127819239	0.13226608353245078	1.4037016798496416	1.0992362548178687	0.8954646502540469	2.5332042928585095	2.2233301012247755	5.873784273747945E-4	5.873784273747945E-4	5.873784273747945E-4	0	5.873784273747945E-4	5.873784273747945E-4	0	5.873784273747945E-4	5.873784273747945E-4	0	5.873784273747945E-4	5.873784273747945E-4	-349.4770479045976	-85.46158826086766
242	-434.3305939953971	-796.0269000908561	-434.3305939953971	-361.6963060954589	17.02272350937382	0.03695732724282175	0.020528024578431725	0.02642581339053235	0.08310059368632022	0.009557295858570555	0.028274610391684177	0.023910619283596918	0.006718376984879926	0.008311082584270255	0.008727290606844934	0.03674530813332874	0.017146459853639592	0.022988955063942038	0.015022700198943792	0.01334025213492504	0.02123857667331805	0.0266890991681734	0.029207085142150743	0.02735983423184006	0.014362699868441936	0.021062151433520956	0.02570288787949382	0.032215284011283915	0.02065127381439534	0.0483612289247147	0.04735591172872532	0.011259618351328368	0.04678316982713547	0.01648496212325233	0.027907379905353066	0.038364229554545534	0.012983592156962862	0.0408602044265952	0.0375223481038075	0.021601502018699037	0.03541455231818434	0.038857697745345976	5.52506204513875E-4	0.0067692512006061615	6.740179039238369E-4	0.011059701450386967	0.002731891639498408	0.6581332127396187	0.21853645183627357	1.5433903490054326	1.273587450300754	0.6571041055218775	3.4499133579549532	1.9378415069690154	6.740179039238369E-4	6.740179039238369E-4	6.740179039238369E-4	0	6.740179039238369E-4	6.740179039238369E-4	0	6.740179039238369E-4	6.740179039238369E-4	0	6.740179039238369E-4	6.740179039238369E-4	-346.95565615986794	-87.37493783552918
243	-434.07228053864833	-793.8656381692158	-434.07228053864833	-359.7933576305674	18.270131460327487	0.03695732724282175	0.020528024578431725	0.020987567300927712	0.08310059368632022	0.009557295858570555	0.028274610391684177	0.023910619283596918	0.019575181544945364	0.008311082584270255	0.008727290606844934	0.03424993517155825	0.017146459853639592	0.022988955063942038	0.041442584301079485	0.01334025213492504	0.02123857667331805	0.0266890991681734	0.029207085142150743	0.026141970537117407	0.014362699868441936	0.021062151433520956	0.02570288787949382	0.03765353010088855	0.023146646776165833	0.027370062443287185	0.020936027626589623	0.011259618351328368	0.051955553157702825	0.037476128604679845	0.027907379905353066	0.025507424994480096	0.012983592156962862	0.0408602044265952	0.0335678284679628	0.021601502018699037	0.03541455231818434	0.038857697745345976	5.275872835880845E-4	0.007858648779323244	6.197154547685442E-4	0.017961803274955303	0.0029079952806404866	0.7765215182563381	0.29903356862202984	1.8422517089141934	1.3438313942872997	0.5778781312811951	3.400465222943485	1.889169523140845	6.197154547685442E-4	6.197154547685442E-4	6.197154547685442E-4	0	6.197154547685442E-4	6.197154547685442E-4	0	6.197154547685442E-4	6.197154547685442E-4	0	6.197154547685442E-4	6.197154547685442E-4	-350.1718098573221	-83.90047068132625
244	-433.78699321883346	-802.5687691834689	-433.78699321883346	-368.78177596463553	16.22963412653226	0.03695732724282175	0.020528024578431725	0.020987567300927712	0.08310059368632022	0.009557295858570555	0.028274610391684177	0.023910619283596918	0.019575181544945364	0.008311082584270255	0.008727290606844934	0.03424993517155825	0.017146459853639592	0.042339050449709634	0.02209248891531189	0.01334025213492504	0.02123857667331805	0.04409597114378737	0.029207085142150743	0.026141970537117407	0.014362699868441936	0.021062151433520956	0.029844562630144678	0.03765353010088855	0.019004972025514974	0.027370062443287185	0.020936027626589623	0.011259618351328368	0.051955553157702825	0.037476128604679845	0.027907379905353066	0.025507424994480096	0.012983592156962862	0.0408602044265952	0.017287483030586026	0.020474975480461843	0.03541455231818434	0.038857697745345976	2.7310403094460515E-4	0.006976566812502154	9.96384699245521E-4	0.010632491139659651	0.0040674874559435605	0.6060153817275713	0.3702302200849838	1.9531675021830146	1.4115024088991521	0.3609132793690028	3.3292236708948635	2.482550284412337	9.96384699245521E-4	9.96384699245521E-4	9.96384699245521E-4	0	9.96384699245521E-4	9.96384699245521E-4	0	9.96384699245521E-4	9.96384699245521E-4	0	9.96384699245521E-4	9.96384699245521E-4	-346.2562933195121	-87.53069989932132
245	-433.7007598995942	-803.6870327811278	-433.7007598995942	-369.9862728815336	15.967128830167367	0.03695732724282175	0.020528024578431725	0.020987567300927712	0.08310059368632022	0.009557295858570555	0.017925504937237394	0.023910619283596918	0.009968453961039014	0.008311082584270255	0.008727290606844934	0.03424993517155825	0.017146459853639592	0.042339050449709634	0.02209248891531189	0.01334025213492504	0.025394988807012492	0.04409597114378737	0.029207085142150743	0.026141970537117407	0.014362699868441936	0.009017383750156024	0.029844562630144678	0.03765353010088855	0.014848559891820531	0.02803778710496005	0.020936027626589623	0.011259618351328368	0.051955553157702825	0.047082856188586195	0.027907379905353066	0.025507424994480096	0.012983592156962862	0.0408602044265952	0.017287483030586026	0.020474975480461843	0.03541455231818434	0.06058384622148483	2.4055900778355207E-4	0.006002624793011436	0.0011134767128334366	0.010044852291656104	0.003117618697697927	0.7964726035470217	0.7091520608339539	2.510027186574768	1.5386733130718135	0.31723057856444037	4.245977887103049	2.8657208238882923	0.0011134767128334366	0.0011134767128334366	0.0011134767128334366	0	0.0011134767128334366	0.0011134767128334366	0	0.0011134767128334366	0.0011134767128334366	0	0.0011134767128334366	0.0011134767128334366	-348.17624310600013	-85.52451679359405
246	-433.38005829542817	-808.3070725303011	-433.38005829542817	-374.9270142348729	14.934048363915	0.03695732724282175	0.017115528760757948	0.015509437133820192	0.08310059368632022	0.009557295858570555	0.017925504937237394	0.023910619283596918	0.009968453961039014	0.008311082584270255	0.008727290606844934	0.03972806533866577	0.0359493332282874	0.042339050449709634	0.02209248891531189	0.04320074406248717	0.025394988807012492	0.047508466961461146	0.029207085142150743	0.026141970537117407	0.015361255894102505	0.009017383750156024	0.029844562630144678	0.03765353010088855	0.014848559891820531	0.02803778710496005	0.020936027626589623	0.011259618351328368	0.015042599836421963	0.046084300162925626	0.027907379905353066	0.025507424994480096	0.020036053550681596	0.0408602044265952	0.04173437413945835	0.020474975480461843	0.03541455231818434	0.01733408173796469	1.402385957878877E-4	0.006783095906683064	0.00130003827476287	0.008502050520708267	0.0030058444777886573	1.202145347071361	0.3834317708055281	2.1435621808874044	2.6201095183060312	0.6266256489426738	4.95158977772485	2.910425765465245	0.00130003827476287	0.00130003827476287	0.00130003827476287	0	0.00130003827476287	0.00130003827476287	0	0.00130003827476287	0.00130003827476287	0	0.00130003827476287	0.00130003827476287	-348.2867562365305	-85.09330205889765
247	-432.764027696973	-811.4256898720758	-432.764027696973	-378.66166217510283	14.12940827416855	0.03695732724282175	0.017115528760757948	0.015509437133820192	0.08310059368632022	0.009557295858570555	0.017925504937237394	0.026389446813141454	0.016646747892773484	0.008311082584270255	0.008727290606844934	0.03972806533866577	0.0359493332282874	0.042339050449709634	0.02209248891531189	0.03880723241246395	0.025394988807012492	0.047508466961461146	0.029207085142150743	0.026141970537117407	0.015361255894102505	0.009017383750156024	0.029844562630144678	0.03765353010088855	0.014848559891820531	0.02135949317322558	0.020936027626589623	0.011259618351328368	0.015042599836421963	0.04360547263338109	0.027907379905353066	0.025507424994480096	0.044028194717685695	0.0408602044265952	0.017742232972454253	0.020474975480461843	0.03541455231818434	0.02172759338798791	4.324740103995107E-4	0.006538121445225044	0.0016811163910499744	0.010286660326804272	0.0022596771288111274	1.2743746954837298	0.29232370169445604	2.2134434581751927	2.2097383425129524	0.5943649633850946	3.352527461442985	3.8447603649652824	0.0016811163910499744	0.0016811163910499744	0.0016811163910499744	0	0.0016811163910499744	0.0016811163910499744	0	0.0016811163910499744	0.0016811163910499744	0	0.0016811163910499744	0.0016811163910499744	-346.75390906565275	-86.01011863132024
248	-432.5518069434611	-814.0263755728213	-432.5518069434611	-381.4745686293602	14.487763132382888	0.03695732724282175	0.017115528760757948	0.015509437133820192	0.0719781204863727	0.009557295858570555	0.027652550411207247	0.026389446813141454	0.016646747892773484	0.008311082584270255	0.008727290606844934	0.03908034180155592	0.02622228775431755	0.042339050449709634	0.02209248891531189	0.03880723241246395	0.025394988807012492	0.04815619049857099	0.029207085142150743	0.026141970537117407	0.015361255894102505	0.009017383750156024	0.029844562630144678	0.03375809317771415	0.014848559891820531	0.01651797690746501	0.020936027626589623	0.022382091551275893	0.015042599836421963	0.04360547263338109	0.027907379905353066	0.03444073688408099	0.044028194717685695	0.0408602044265952	0.017742232972454253	0.020474975480461843	0.03521819361751842	0.02172759338798791	4.6581019593191386E-4	0.0075115135681982125	0.003298665266691501	0.009167663152569535	0.0019831824089834023	1.5389752429384047	0.2580470586534963	2.4157287716615823	2.4241830684699854	0.8619646555994291	3.5592993055994864	5.850144347126877	0.003298665266691501	0.003298665266691501	0.003298665266691501	0	0.003298665266691501	0.003298665266691501	0	0.003298665266691501	0.003298665266691501	0	0.003298665266691501	0.003298665266691501	-341.76248247506277	-90.78932446839832
249	-432.4149169475018	-816.1227812703967	-432.4149169475018	-383.7078643228949	15.93965272447945	0.03695732724282175	0.017115528760757948	0.015509437133820192	0.0719781204863727	0.009557295858570555	0.027652550411207247	0.026389446813141454	0.021262805105487226	0.021391236417509382	0.008727290606844934	0.03908034180155592	0.02622228775431755	0.042339050449709634	0.009012335082072762	0.03880723241246395	0.025394988807012492	0.04815619049857099	0.029207085142150743	0.026141970537117407	0.015361255894102505	0.009017383750156024	0.025228505417430935	0.03375809317771415	0.014848559891820531	0.01651797690746501	0.020936027626589623	0.022382091551275893	0.015042599836421963	0.04360547263338109	0.027907379905353066	0.03444073688408099	0.044028194717685695	0.0408602044265952	0.017742232972454253	0.020474975480461843	0.03521819361751842	0.02172759338798791	6.239755878155273E-4	0.006426486509145478	0.004410045902961002	0.011216509703554142	0.002289817204161393	1.4267567035745965	0.19840016278398973	2.9678552106899208	2.578743330012765	1.075660892428884	3.6860919718766567	4.146214289709803	0.004410045902961002	0.004410045902961002	0.004410045902961002	0	0.004410045902961002	0.004410045902961002	0	0.004410045902961002	0.004410045902961002	0	0.004410045902961002	0.004410045902961002	-346.67705602665274	-85.73786092084907
250	-432.2841971180909	-817.6114370214348	-432.2841971180909	-385.3272399033439	17.32494684156914	0.03695732724282175	0.017115528760757948	0.015509437133820192	0.0719781204863727	0.009557295858570555	0.027652550411207247	0.026389446813141454	0.021262805105487226	0.021391236417509382	0.008727290606844934	0.03908034180155592	0.02622228775431755	0.06041105513813193	0.009012335082072762	0.03880723241246395	0.025394988807012492	0.04815619049857099	0.029207085142150743	0.011289432234480187	0.015361255894102505	0.009017383750156024	0.025228505417430935	0.03375809317771415	0.014848559891820531	0.01651797690746501	0.020936027626589623	0.004310086862853599	0.015042599836421963	0.04360547263338109	0.027907379905353066	0.03444073688408099	0.044028194717685695	0.0408602044265952	0.03259477127509147	0.020474975480461843	0.03521819361751842	0.02172759338798791	5.159921782171789E-4	0.005605703317284078	0.003961277808873301	0.01672765766006922	0.0016772632702910341	1.1743072357289661	0.1726787240576829	5.005997547066825	2.591835945566354	1.0453860074758108	3.0630928093598984	2.7638516303589014	0.003961277808873301	0.003961277808873301	0.003961277808873301	0	0.003961277808873301	0.003961277808873301	0	0.003961277808873301	0.003961277808873301	0	0.003961277808873301	0.003961277808873301	-346.1618619676878	-86.12233515040312
251	-432.0759601908389	-810.0709584626708	-432.0759601908389	-377.9949982718319	17.070954765134474	0.02877013091510605	0.017115528760757948	0.005204024035411148	0.0719781204863727	0.0198627089569796	0.027652550411207247	0.030618170142348106	0.021262805105487226	0.021391236417509382	0.008727290606844934	0.03908034180155592	0.02622228775431755	0.06041105513813193	0.009012335082072762	0.03880723241246395	0.025394988807012492	0.04815619049857099	0.029207085142150743	0.011289432234480187	0.015361255894102505	0.009017383750156024	0.03175266210669414	0.03375809317771415	0.014848559891820531	0.01651797690746501	0.020936027626589623	0.004310086862853599	0.015042599836421963	0.04360547263338109	0.023678656576146415	0.03444073688408099	0.05221539104540139	0.0408602044265952	0.026070614585828267	0.020474975480461843	0.03521819361751842	0.02172759338798791	1.770701943306583E-4	0.00776985274416704	0.005059238007850439	0.02282848338812709	0.0020692821461024686	1.611097142923584	0.17434240226179165	3.7004478939529664	2.3752140244597078	0.5820825156947211	4.566418328310615	2.401112716197589	0.005059238007850439	0.005059238007850439	0.005059238007850439	0	0.005059238007850439	0.005059238007850439	0	0.005059238007850439	0.005059238007850439	0	0.005059238007850439	0.005059238007850439	-347.80070541829093	-84.27525477254795
252	-432.04731524715066	-812.5603880573576	-432.04731524715066	-380.513072810207	18.972574796374545	0.02877013091510605	0.017115528760757948	0.005204024035411148	0.0719781204863727	0.0198627089569796	0.027652550411207247	0.030618170142348106	0.021262805105487226	0.021391236417509382	0.008727290606844934	0.03908034180155592	0.02622228775431755	0.09139952105061021	0.005257908867055114	0.03947623662226915	0.011383595422046006	0.04815619049857099	0.029207085142150743	0.011289432234480187	0.015361255894102505	0.009017383750156024	0.03175266210669414	0.03375809317771415	0.014848559891820531	0.01651797690746501	0.020936027626589623	0.004310086862853599	0.015042599836421963	0.04293646842357589	0.023678656576146415	0.03444073688408099	0.02498135134794076	0.0408602044265952	0.026070614585828267	0.03448636886542833	0.03521819361751842	0.02172759338798791	8.741490765302681E-4	0.006463775862445414	0.005225901923650129	0.02544050808387463	0.002501429112847833	1.3841368188330023	0.19480802855375712	3.0948700903212973	3.2358036576366778	0.7980420289309704	5.337050608623493	2.1163613674966406	0.005225901923650129	0.005225901923650129	0.005225901923650129	0	0.005225901923650129	0.005225901923650129	0	0.005225901923650129	0.005225901923650129	0	0.005225901923650129	0.005225901923650129	-346.97854521031286	-85.0687700368378
253	-431.9770926714907	-822.4516807875032	-431.9770926714907	-390.47458811601246	17.632325687236577	0.02877013091510605	0.017115528760757948	0.005204024035411148	0.0719781204863727	0.0198627089569796	0.027652550411207247	0.030618170142348106	0.021262805105487226	0.021391236417509382	0.029219377263311003	0.018588255145089855	0.02622228775431755	0.09139952105061021	0.005257908867055114	0.03947623662226915	0.015207612232061324	0.04815619049857099	0.02076104397160504	0.011289432234480187	0.015361255894102505	0.009017383750156024	0.03175266210669414	0.03375809317771415	0.014848559891820531	0.01651797690746501	0.020936027626589623	0.004310086862853599	0.023488641006967667	0.04293646842357589	0.023678656576146415	0.03444073688408099	0.02498135134794076	0.0408602044265952	0.02224659777581295	0.03448636886542833	0.03521819361751842	0.02172759338798791	4.2479609359123396E-4	0.0068804468165528645	0.0031862517968479793	0.044699099111284446	0.0037416455757557417	1.1760632533459963	0.1744841113979217	3.8499480738325573	3.163635239882096	0.7438141694855498	5.0793468868558795	1.459203328953766	0.0031862517968479793	0.0031862517968479793	0.0031862517968479793	0	0.0031862517968479793	0.0031862517968479793	0	0.0031862517968479793	0.0031862517968479793	0	0.0031862517968479793	0.0031862517968479793	-345.8017225027278	-86.17537016876295
254	-431.0337557332303	-820.1677434407554	-431.0337557332303	-389.13398770752514	12.33572755399918	0.02877013091510605	0.017115528760757948	0.005204024035411148	0.0719781204863727	0.0198627089569796	0.022625258659093553	0.02632173002057156	0.021262805105487226	0.025687676539285928	0.029219377263311003	0.013685187633101309	0.02622228775431755	0.09139952105061021	0.005257908867055114	0.04820562219829258	0.015207612232061324	0.04937830269821929	0.02076104397160504	0.011289432234480187	0.015361255894102505	0.009017383750156024	0.03175266210669414	0.03375809317771415	0.034893640719767846	0.01651797690746501	0.020936027626589623	0.004310086862853599	0.014759255430944238	0.04293646842357589	0.023678656576146415	0.03444073688408099	0.02498135134794076	0.0408602044265952	0.02224659777581295	0.03448636886542833	0.02388135985402505	0.02172759338798791	3.098897111955122E-4	0.005826571349775921	0.0026909372883085403	0.01809798959286436	0.0035742468737998303	1.4117594397833324	0.18895544757685676	2.8810514949245336	2.2104401808659055	0.4561741055486235	6.23940619036307	2.310167951016062	0.0026909372883085403	0.0026909372883085403	0.0026909372883085403	0	0.0026909372883085403	0.0026909372883085403	0	0.0026909372883085403	0.0026909372883085403	0	0.0026909372883085403	0.0026909372883085403	-343.53118339796924	-87.50257233526106
255	-430.69166783603964	-812.068305468766	-430.69166783603964	-381.37663763272633	12.431038086678932	0.02877013091510605	0.017115528760757948	0.022846636880158033	0.0719781204863727	0.0198627089569796	0.022625258659093553	0.030069000826456665	0.021262805105487226	0.025687676539285928	0.029219377263311003	0.013685187633101309	0.008579674909570664	0.09139952105061021	0.016504910790845248	0.036958620274502446	0.015207612232061324	0.04937830269821929	0.02076104397160504	0.011289432234480187	0.015361255894102505	0.009017383750156024	0.03175266210669414	0.017684082271560028	0.034893640719767846	0.01651797690746501	0.012067502035173913	0.004310086862853599	0.014759255430944238	0.04293646842357589	0.03975266748230054	0.03444073688408099	0.02498135134794076	0.0408602044265952	0.02224659777581295	0.04335489445684404	0.02388135985402505	0.017980322582102803	3.5643079716450864E-4	0.006221691176814592	0.002020109144684771	0.018636777517416162	0.004289943472252462	1.3291977153203007	0.23124185667829353	2.7732064962803133	2.530770788175627	0.5568854453619749	4.5417427464469196	2.83469926064665	0.002020109144684771	0.002020109144684771	0.002020109144684771	0	0.002020109144684771	0.002020109144684771	0	0.002020109144684771	0.002020109144684771	0	0.002020109144684771	0.002020109144684771	-342.5170600264817	-88.17460780955795
256	-430.4622728563456	-808.2661583708121	-430.4622728563456	-377.8038855144666	12.037859822634875	0.02877013091510605	0.017115528760757948	0.022846636880158033	0.0719781204863727	0.012591806000397207	0.022625258659093553	0.03205693340656754	0.021262805105487226	0.025687676539285928	0.014706153119927817	0.013685187633101309	0.04559115279398761	0.09139952105061021	0.016504910790845248	0.036958620274502446	0.015207612232061324	0.012366824813802343	0.030066749128973655	0.011289432234480187	0.015361255894102505	0.009017383750156024	0.03175266210669414	0.02495498522814242	0.034893640719767846	0.01651797690746501	0.012067502035173913	0.004310086862853599	0.014759255430944238	0.04293646842357589	0.03975266748230054	0.03444073688408099	0.02498135134794076	0.04432831888051057	0.02224659777581295	0.041366961876733166	0.011107540242741062	0.03249354672548599	4.7083907847553425E-4	0.006346146917135742	0.001024849873908705	0.01294242367503761	0.004042078823955828	1.4862183807965714	0.30275285264984914	3.093140349169059	1.725889415303201	0.6597172460614543	4.106742282814624	2.631371294871211	0.001024849873908705	0.001024849873908705	0.001024849873908705	0	0.001024849873908705	0.001024849873908705	0	0.001024849873908705	0.001024849873908705	0	0.001024849873908705	0.001024849873908705	-346.6358529930956	-83.82641986324994
257	-430.1789527373477	-813.3945349710148	-430.1789527373477	-383.2155822336671	13.584942319763394	0.02396872353981172	0.017115528760757948	0.022846636880158033	0.0719781204863727	0.012591806000397207	0.022625258659093553	0.03205693340656754	0.021262805105487226	0.025687676539285928	0.014706153119927817	0.013685187633101309	0.009714831342393912	0.09139952105061021	0.016504910790845248	0.036958620274502446	0.015207612232061324	0.012366824813802343	0.030066749128973655	0.011289432234480187	0.015361255894102505	0.009017383750156024	0.03175266210669414	0.023144123713952122	0.034893640719767846	0.01651797690746501	0.012067502035173913	0.040186408314447294	0.014759255430944238	0.04293646842357589	0.03975266748230054	0.03444073688408099	0.02498135134794076	0.04432831888051057	0.02224659777581295	0.0461683692520275	0.01291840175693136	0.03249354672548599	2.0340843428056775E-4	0.006052449311386844	0.0017979459613006426	0.015470418788903394	0.004338442798760718	1.0847663691766642	0.638842469191476	3.266092830344833	3.1373139918165647	0.5511400941206358	5.277928451930259	3.1079082509501395	0.0017979459613006426	0.0017979459613006426	0.0017979459613006426	0	0.0017979459613006426	0.0017979459613006426	0	0.0017979459613006426	0.0017979459613006426	0	0.0017979459613006426	0.0017979459613006426	-347.8372717248771	-82.3416810124706
258	-429.5604372290612	-810.7124497277414	-429.5604372290612	-381.1520124986802	13.734440766869433	0.02396872353981172	0.017115528760757948	0.02203698328428433	0.0719781204863727	0.012591806000397207	0.022625258659093553	0.01247069391955144	0.021262805105487226	0.025687676539285928	0.014706153119927817	0.013685187633101309	0.0050925431807471305	0.09139952105061021	0.016504910790845248	0.036958620274502446	0.015207612232061324	0.012366824813802343	0.030066749128973655	0.012099085830353892	0.015361255894102505	0.009017383750156024	0.03175266210669414	0.023144123713952122	0.03951592888141463	0.01651797690746501	0.03165374152219001	0.040186408314447294	0.014759255430944238	0.04293646842357589	0.03975266748230054	0.03444073688408099	0.02498135134794076	0.04432831888051057	0.02224659777581295	0.0461683692520275	0.01291840175693136	0.03249354672548599	3.616400923067966E-4	0.005474074661543255	0.002069963058683488	0.01659561471960322	0.0058468667762732055	0.9314373123690028	0.43987911993665824	3.913034150678596	3.149678498937188	0.5655426620860629	5.448181586080018	2.316920608730527	0.002069963058683488	0.002069963058683488	0.002069963058683488	0	0.002069963058683488	0.002069963058683488	0	0.002069963058683488	0.002069963058683488	0	0.002069963058683488	0.002069963058683488	-344.2196925202163	-85.3407447088449
259	-429.3234025737769	-813.8463714024249	-429.3234025737769	-384.52296882864795	13.114048262500287	0.02396872353981172	0.017115528760757948	0.02203698328428433	0.0719781204863727	0.012591806000397207	0.022625258659093553	0.01247069391955144	0.021262805105487226	0.025687676539285928	0.018007284849887867	0.013685187633101309	0.0050925431807471305	0.09139952105061021	0.026549615649763422	0.036958620274502446	0.011906480502101274	0.012366824813802343	0.030066749128973655	0.012099085830353892	0.015361255894102505	0.009017383750156024	0.03175266210669414	0.034131125741413845	0.03951592888141463	0.01651797690746501	0.03165374152219001	0.040186408314447294	0.04655472470884102	0.032891763564657714	0.028765665454838815	0.03444073688408099	0.02869514212366052	0.012532849602613791	0.02224659777581295	0.042454578476307736	0.01291840175693136	0.03249354672548599	7.833935949184249E-4	0.00561216485151882	0.0018320985908848678	0.015072345379472225	0.008211508793131816	0.9648032170262567	0.4265274261053748	3.6713975002023007	3.400782490068891	0.5974541422280824	7.132362825005377	2.5011508582479802	0.0018320985908848678	0.0018320985908848678	0.0018320985908848678	0	0.0018320985908848678	0.0018320985908848678	0	0.0018320985908848678	0.0018320985908848678	0	0.0018320985908848678	0.0018320985908848678	-344.59094822075724	-84.73245435301963
260	-429.06145151142806	-814.5961580062665	-429.06145151142806	-385.5347064948385	14.053139810430359	0.02396872353981172	0.01560848481403243	0.02203698328428433	0.0719781204863727	0.012591806000397207	0.022625258659093553	0.01247069391955144	0.021262805105487226	0.027194720486011445	0.018007284849887867	0.013685187633101309	0.0050925431807471305	0.09139952105061021	0.026549615649763422	0.036958620274502446	0.024023494737033663	0.012366824813802343	0.030066749128973655	0.012099085830353892	0.015361255894102505	0.009017383750156024	0.03175266210669414	0.034131125741413845	0.02739891464648224	0.01651797690746501	0.03165374152219001	0.040186408314447294	0.04655472470884102	0.032891763564657714	0.028765665454838815	0.03444073688408099	0.02869514212366052	0.012532849602613791	0.02224659777581295	0.042454578476307736	0.01291840175693136	0.03249354672548599	7.124361890304575E-4	0.007200848976441485	0.0023156994019987043	0.032569637504732456	0.006061030480525786	1.2475351053065107	0.37443751689190446	2.4579974850376525	2.525175933366159	0.7180771085313484	5.6741883639293125	1.8464137676151353	0.0023156994019987043	0.0023156994019987043	0.0023156994019987043	0	0.0023156994019987043	0.0023156994019987043	0	0.0023156994019987043	0.0023156994019987043	0	0.0023156994019987043	0.0023156994019987043	-342.9979371046376	-86.0635144067905
261	-428.89222516055685	-807.7175760582415	-428.89222516055685	-378.82535089768464	12.857276673530937	0.02396872353981172	0.01560848481403243	0.02203698328428433	0.0719781204863727	0.012591806000397207	0.022625258659093553	0.01247069391955144	0.09277767205472026	0.027194720486011445	0.018007284849887867	0.013685187633101309	0.0050925431807471305	0.019884654101377172	0.026549615649763422	0.036958620274502446	0.018703765980369796	0.012366824813802343	0.030066749128973655	0.01741881458701776	0.015361255894102505	0.009017383750156024	0.03175266210669414	0.034131125741413845	0.02739891464648224	0.01651797690746501	0.03165374152219001	0.040186408314447294	0.04655472470884102	0.032891763564657714	0.028765665454838815	0.03444073688408099	0.02869514212366052	0.012532849602613791	0.02224659777581295	0.042454578476307736	0.01291840175693136	0.03249354672548599	4.6658540812566184E-4	0.006885231486988823	0.0018315608428970318	0.029975246207415377	0.006549216942409485	1.1843566040793712	0.45703710983250906	2.9928438943008056	3.0045164793702983	1.1544182904588902	5.1269202083584915	1.930927539399193	0.0018315608428970318	0.0018315608428970318	0.0018315608428970318	0	0.0018315608428970318	0.0018315608428970318	0	0.0018315608428970318	0.0018315608428970318	0	0.0018315608428970318	0.0018315608428970318	-341.8421852809703	-87.05003987958655
262	-428.6796771092347	-815.002468648295	-428.6796771092347	-386.32279153906023	12.759724749460727	0.02396872353981172	0.01560848481403243	0.02203698328428433	0.0719781204863727	0.012591806000397207	0.022625258659093553	0.01247069391955144	0.06469165726968934	0.027194720486011445	0.020662630620973038	0.013685187633101309	0.0050925431807471305	0.019884654101377172	0.02389426987867825	0.036958620274502446	0.018703765980369796	0.012366824813802343	0.042050179722006406	0.01741881458701776	0.015361255894102505	0.009017383750156024	0.03175266210669414	0.034131125741413845	0.02739891464648224	0.01651797690746501	0.01967031092915726	0.040186408314447294	0.07464073949387194	0.032891763564657714	0.028765665454838815	0.03444073688408099	0.02869514212366052	0.012532849602613791	0.02224659777581295	0.042454578476307736	0.01291840175693136	0.03249354672548599	9.22649272674147E-4	0.0065790640475118945	0.0018621725007881154	0.017047778401340714	0.0055903672191793125	0.681313152445492	0.4504492463435132	2.479535887635229	2.9073515929222644	1.0605715943031202	4.319522981542045	1.8693363301304013	0.0018621725007881154	0.0018621725007881154	0.0018621725007881154	0	0.0018621725007881154	0.0018621725007881154	0	0.0018621725007881154	0.0018621725007881154	0	0.0018621725007881154	0.0018621725007881154	-341.9774296576639	-86.70224745157081
263	-427.55502865325815	-824.3144954701115	-427.55502865325815	-396.7594668168534	15.028168482754594	0.02396872353981172	0.01560848481403243	0.02203698328428433	0.0719781204863727	0.012591806000397207	0.0375844992048245	0.01247069391955144	0.06469165726968934	0.013464021954723057	0.020662630620973038	0.013685187633101309	0.0050925431807471305	0.019884654101377172	0.02064410346917843	0.036958620274502446	0.018703765980369796	0.012366824813802343	0.042050179722006406	0.01741881458701776	0.015361255894102505	0.012267550159655846	0.03175266210669414	0.08116805640156587	0.02739891464648224	0.01651797690746501	0.01967031092915726	0.02522716776871635	0.02760380883371992	0.032891763564657714	0.028765665454838815	0.03444073688408099	0.02869514212366052	0.012532849602613791	0.02224659777581295	0.042454578476307736	0.02664910028821975	0.03249354672548599	3.241714589076863E-4	0.005289994926821143	0.0026631992611787676	0.02175777315349124	0.006091162142553543	0.6694872020046319	0.5879678910946377	2.2199844415016017	2.333731618289944	1.3014546632855324	4.897065158587733	1.305399232852889	0.0026631992611787676	0.0026631992611787676	0.0026631992611787676	0	0.0026631992611787676	0.0026631992611787676	0	0.0026631992611787676	0.0026631992611787676	0	0.0026631992611787676	0.0026631992611787676	-342.156664034161	-85.39836461909715
264	-427.3887833120933	-817.1174480343498	-427.3887833120933	-389.7286647222564	13.31489637580544	0.02396872353981172	0.01560848481403243	0.02203698328428433	0.0719781204863727	0.012591806000397207	0.0375844992048245	0.01247069391955144	0.04756336534770017	0.013464021954723057	0.020662630620973038	0.013685187633101309	0.0050925431807471305	0.019884654101377172	0.0377723953911676	0.036958620274502446	0.018703765980369796	0.012366824813802343	0.042050179722006406	0.01741881458701776	0.015361255894102505	0.012267550159655846	0.03175266210669414	0.08116805640156587	0.02739891464648224	0.027037997407564046	0.01967031092915726	0.02522716776871635	0.02760380883371992	0.032891763564657714	0.028765665454838815	0.03444073688408099	0.02869514212366052	0.012532849602613791	0.02224659777581295	0.042454578476307736	0.02664910028821975	0.021973526225386952	3.6730909916710705E-4	0.008145793590960175	0.002231028968794334	0.0170635576182747	0.0059296946515295075	0.738897228880457	0.5360509100264617	1.8458671718409352	2.7127753248099373	1.213911471658032	4.946907868709484	2.054754686173442	0.002231028968794334	0.002231028968794334	0.002231028968794334	0	0.002231028968794334	0.002231028968794334	0	0.002231028968794334	0.002231028968794334	0	0.002231028968794334	0.002231028968794334	-343.2497877274292	-84.13899558466413
265	-426.97139957894166	-806.1036535215667	-426.97139957894166	-379.1322539426251	13.520371834055076	0.02396872353981172	0.01560848481403243	0.02203698328428433	0.0719781204863727	0.012591806000397207	0.0375844992048245	0.01247069391955144	0.04756336534770017	0.013464021954723057	0.020662630620973038	0.013685187633101309	0.0050925431807471305	0.019884654101377172	0.0377723953911676	0.036958620274502446	0.018703765980369796	0.012366824813802343	0.042050179722006406	0.01741881458701776	0.015361255894102505	0.012267550159655846	0.04674574292245448	0.08116805640156587	0.02739891464648224	0.027037997407564046	0.022420317922471664	0.02522716776871635	0.02760380883371992	0.032891763564657714	0.028765665454838815	0.01944765606832065	0.02869514212366052	0.009782842609299389	0.02224659777581295	0.042454578476307736	0.02664910028821975	0.021973526225386952	4.622476353034648E-4	0.0067377984808199036	0.002719479183764481	0.019714832703951097	0.005333384548158707	0.8798270021622742	0.5502926771728993	1.6295681880264177	2.000048130347157	1.7011178566481702	2.5863752404376665	1.7042233978841586	0.002719479183764481	0.002719479183764481	0.002719479183764481	0	0.002719479183764481	0.002719479183764481	0	0.002719479183764481	0.002719479183764481	0	0.002719479183764481	0.002719479183764481	-340.94217858284924	-86.02922099609242
266	-426.87995848683255	-814.5399489288527	-426.87995848683255	-387.6599904420202	13.753116252623085	0.02396872353981172	0.01560848481403243	0.02203698328428433	0.08456341789382521	0.012591806000397207	0.0375844992048245	0.01247069391955144	0.04273828112880068	0.013464021954723057	0.020662630620973038	0.013685187633101309	0.0050925431807471305	0.019884654101377172	0.0377723953911676	0.036958620274502446	0.01421528533382918	0.012366824813802343	0.03131652715947518	0.01741881458701776	0.015361255894102505	0.012267550159655846	0.026836872283353297	0.08116805640156587	0.02739891464648224	0.027037997407564046	0.022420317922471664	0.02522716776871635	0.02760380883371992	0.04220532843009782	0.028765665454838815	0.01944765606832065	0.016109844716208008	0.009782842609299389	0.02224659777581295	0.042454578476307736	0.04655797092732093	0.03270717878791818	5.083422036357131E-4	0.007887554210141274	0.003807538999268455	0.0157308833567956	0.008028735143371962	0.9900749484378476	0.4093133959642521	1.5429330273636166	1.9596529967950962	2.708567859587534	2.078943145749432	1.7875645057618148	0.003807538999268455	0.003807538999268455	0.003807538999268455	0	0.003807538999268455	0.003807538999268455	0	0.003807538999268455	0.003807538999268455	0	0.003807538999268455	0.003807538999268455	-340.50180251694087	-86.3781559698917
267	-426.7369748380503	-808.7135187294439	-426.7369748380503	-381.97654389139365	13.753116252623085	0.02396872353981172	0.01560848481403243	0.02203698328428433	0.08456341789382521	0.012591806000397207	0.03274368775666721	0.01247069391955144	0.04273828112880068	0.013464021954723057	0.020662630620973038	0.013685187633101309	0.017495430390170194	0.019884654101377172	0.0377723953911676	0.036958620274502446	0.01421528533382918	0.012366824813802343	0.018913639950052116	0.01741881458701776	0.038200106710731346	0.012267550159655846	0.026836872283353297	0.058329205584937024	0.02739891464648224	0.027037997407564046	0.022420317922471664	0.02522716776871635	0.02760380883371992	0.04220532843009782	0.028765665454838815	0.01944765606832065	0.016109844716208008	0.014623654057456678	0.02224659777581295	0.019754414664575504	0.06925813473905316	0.03270717878791818	3.938108159808224E-4	0.006830943647741487	0.005494085985879245	0.010031735838779332	0.007410870578063397	0.9156571758532341	0.533762075276238	1.3951646217725544	1.524149862846054	1.908818802896199	1.5718808090504257	1.3850557396842504	0.005494085985879245	0.005494085985879245	0.005494085985879245	0	0.005494085985879245	0.005494085985879245	0	0.005494085985879245	0.005494085985879245	0	0.005494085985879245	0.005494085985879245	-341.2312417704382	-85.50573306761206
268	-425.3760243630253	-818.7153522999531	-425.3760243630253	-393.3393279369279	13.465325946973449	0.02396872353981172	0.01560848481403243	0.02203698328428433	0.08456341789382521	0.012591806000397207	0.028529646671723266	0.01247069391955144	0.04273828112880068	0.013464021954723057	0.020662630620973038	0.013685187633101309	0.017495430390170194	0.019884654101377172	0.0377723953911676	0.036958620274502446	0.01421528533382918	0.012366824813802343	0.02312768103499606	0.01785863978526213	0.038200106710731346	0.012267550159655846	0.026836872283353297	0.058329205584937024	0.02739891464648224	0.027037997407564046	0.022420317922471664	0.02522716776871635	0.02760380883371992	0.04220532843009782	0.028765665454838815	0.01944765606832065	0.016109844716208008	0.014623654057456678	0.02180677257756858	0.019754414664575504	0.06925813473905316	0.03270717878791818	3.4423778110001757E-4	0.006888278937607365	0.005317815611114218	0.020755101950273552	0.010462700725818631	0.9589264691500774	0.6220960348557877	0.8899034438369365	1.9530419216869919	3.1999510948232035	1.9972401570369818	1.0733539593183967	0.005317815611114218	0.005317815611114218	0.005317815611114218	0	0.005317815611114218	0.005317815611114218	0	0.005317815611114218	0.005317815611114218	0	0.005317815611114218	0.005317815611114218	-342.16264551437735	-83.21337884864795
269	-425.08848686702896	-808.3758954370649	-425.08848686702896	-383.2874085700359	13.520248951364458	0.016365944825709855	0.01560848481403243	0.02203698328428433	0.08456341789382521	0.012591806000397207	0.028529646671723266	0.01247069391955144	0.04273828112880068	0.013464021954723057	0.020662630620973038	0.013685187633101309	0.017495430390170194	0.019884654101377172	0.0377723953911676	0.036958620274502446	0.01421528533382918	0.012366824813802343	0.02312768103499606	0.01785863978526213	0.04580288542483321	0.012267550159655846	0.026836872283353297	0.058329205584937024	0.02739891464648224	0.027037997407564046	0.022420317922471664	0.02522716776871635	0.02760380883371992	0.04220532843009782	0.026597286557978425	0.01944765606832065	0.018278223613068398	0.014623654057456678	0.02180677257756858	0.019754414664575504	0.06925813473905316	0.03270717878791818	2.6858382812338435E-4	0.006970967086408244	0.0077337123884562865	0.018937236421746776	0.011911007949785135	0.8023233803538481	0.3715087359350165	0.7526340651068971	2.1967462996103113	3.343490001876939	1.8504075469462515	1.2704306415890232	0.0077337123884562865	0.0077337123884562865	0.0077337123884562865	0	0.0077337123884562865	0.0077337123884562865	0	0.0077337123884562865	0.0077337123884562865	0	0.0077337123884562865	0.0077337123884562865	-340.4367527822893	-84.65173408473963
270	-424.726710271288	-814.4427865081876	-424.726710271288	-389.7160762368996	14.85337086344396	0.016365944825709855	0.01560848481403243	0.02203698328428433	0.0433169707371594	0.012591806000397207	0.028529646671723266	0.027826470187833546	0.04273828112880068	0.013464021954723057	0.020662630620973038	0.05493163478976712	0.017495430390170194	0.019884654101377172	0.0377723953911676	0.036958620274502446	0.01421528533382918	0.03621978347484332	0.02312768103499606	0.01785863978526213	0.04580288542483321	0.022997337790256353	0.026836872283353297	0.058329205584937024	0.02739891464648224	0.027037997407564046	0.022420317922471664	0.02522716776871635	0.02760380883371992	0.04220532843009782	0.011241510289696319	0.01944765606832065	0.018278223613068398	0.024258314479943185	0.011076984946968071	0.019754414664575504	0.045405176078012185	0.02307251836543167	2.6682330423184205E-4	0.006385064471893928	0.009840814757011528	0.031303172023422074	0.010506004833964747	0.9111096455225985	0.47167169740933584	1.1570141449372584	2.1708836664565148	2.912234418692571	2.3213319399110426	1.2192326102453976	0.009840814757011528	0.009840814757011528	0.009840814757011528	0	0.009840814757011528	0.009840814757011528	0	0.009840814757011528	0.009840814757011528	0	0.009840814757011528	0.009840814757011528	-338.7352636101192	-85.99144666116881
271	-424.453266974888	-833.3182897369923	-424.453266974888	-408.8650227621043	14.85337086344396	0.016365944825709855	0.01560848481403243	0.02203698328428433	0.0433169707371594	0.012591806000397207	0.028529646671723266	0.027826470187833546	0.04273828112880068	0.013464021954723057	0.020662630620973038	0.05493163478976712	0.017495430390170194	0.019884654101377172	0.0377723953911676	0.036958620274502446	0.01421528533382918	0.03621978347484332	0.02312768103499606	0.01785863978526213	0.04580288542483321	0.022997337790256353	0.026836872283353297	0.058329205584937024	0.02739891464648224	0.027037997407564046	0.022420317922471664	0.02522716776871635	0.02760380883371992	0.04220532843009782	0.011241510289696319	0.01944765606832065	0.018278223613068398	0.024258314479943185	0.011076984946968071	0.019754414664575504	0.045405176078012185	0.02307251836543167	6.007184132352699E-4	0.006732816657086961	0.009472562477274363	0.03353056404784361	0.00902985879487228	0.8208271289535993	0.40766489922537646	1.0022085040051198	2.6537286474327937	3.9330371148800447	3.384863014765093	0.8835394024325931	0.009472562477274363	0.009472562477274363	0.009472562477274363	0	0.009472562477274363	0.009472562477274363	0	0.009472562477274363	0.009472562477274363	0	0.009472562477274363	0.009472562477274363	-339.82807081474107	-84.62519616014693
272	-424.39602761005716	-830.0207884118278	-424.39602761005716	-405.6247608017706	16.02178173085002	0.016365944825709855	0.01560848481403243	0.02203698328428433	0.0433169707371594	0.012591806000397207	0.028529646671723266	0.03024967663072406	0.04273828112880068	0.013464021954723057	0.020662630620973038	0.05493163478976712	0.017495430390170194	0.019884654101377172	0.0377723953911676	0.036958620274502446	0.021007278441787153	0.03577048507672374	0.02842277434268746	0.01785863978526213	0.027207203666296115	0.04159301954879345	0.026836872283353297	0.058329205584937024	0.04760033062819845	0.021742904099872645	0.022420317922471664	0.022776148717344555	0.02760380883371992	0.04220532843009782	0.011241510289696319	0.01944765606832065	0.01875533461966926	0.017466321371985213	0.011076984946968071	0.019754414664575504	0.025203760096295977	0.02307251836543167	3.066302717661293E-4	0.006066534124472491	0.00887728433541758	0.04538493472011432	0.00998195555543158	0.8673343082587701	0.6070023863840956	1.7212979175416006	3.44767800928798	2.3105958630880075	3.78024688735843	1.1971422644782133	0.00887728433541758	0.00887728433541758	0.00887728433541758	0	0.00887728433541758	0.00887728433541758	0	0.00887728433541758	0.00887728433541758	0	0.00887728433541758	0.00887728433541758	-338.67028968790066	-85.7257379221565
273	-423.77591800625635	-834.4389520045606	-423.77591800625635	-410.6630339983043	14.549779897683896	0.016365944825709855	0.01560848481403243	0.02203698328428433	0.0433169707371594	0.012591806000397207	0.028529646671723266	0.03024967663072406	0.04273828112880068	0.013464021954723057	0.020662630620973038	0.05493163478976712	0.017495430390170194	0.019884654101377172	0.0377723953911676	0.036958620274502446	0.021007278441787153	0.03577048507672374	0.02842277434268746	0.03525826013069798	0.027207203666296115	0.0241933992033576	0.026836872283353297	0.058329205584937024	0.04760033062819845	0.021742904099872645	0.022420317922471664	0.022776148717344555	0.02760380883371992	0.04220532843009782	0.011241510289696319	0.01944765606832065	0.01875533461966926	0.017466321371985213	0.011076984946968071	0.019754414664575504	0.025203760096295977	0.02307251836543167	5.17806686118985E-4	0.006261929061848666	0.010127727188444131	0.053684704562005345	0.010049192877315082	0.8266158397481409	0.8269984704625917	2.892612240594692	1.9041242791377049	2.551267049688346	3.1388463338047923	0.6903138248353969	0.010127727188444131	0.010127727188444131	0.010127727188444131	0	0.010127727188444131	0.010127727188444131	0	0.010127727188444131	0.010127727188444131	0	0.010127727188444131	0.010127727188444131	-337.902133959013	-85.87378404724338
274	-423.66127885229605	-820.4516231140362	-423.66127885229605	-396.7903442617402	13.82966565133124	0.016365944825709855	0.04254141874218387	0.02203698328428433	0.0433169707371594	0.012591806000397207	0.028529646671723266	0.03024967663072406	0.024910633120821812	0.013464021954723057	0.020662630620973038	0.027998700861615683	0.017495430390170194	0.019884654101377172	0.029577902493064898	0.036958620274502446	0.021007278441787153	0.03089999275773246	0.02842277434268746	0.03525826013069798	0.027207203666296115	0.0323878921014603	0.044664520291332166	0.058329205584937024	0.04760033062819845	0.021742904099872645	0.022420317922471664	0.022776148717344555	0.02760380883371992	0.0470758207490891	0.011241510289696319	0.01944765606832065	0.01875533461966926	0.017466321371985213	0.011076984946968071	0.019754414664575504	0.025203760096295977	0.02307251836543167	1.8505717189033836E-4	0.007608841735105942	0.009007655719156007	0.033017692979032426	0.0066981872135671895	1.064171212641354	0.7818544680542429	2.4608602550307763	1.7964534647145372	2.406593450132326	2.2606891801367897	1.0181020329642925	0.009007655719156007	0.009007655719156007	0.009007655719156007	0	0.009007655719156007	0.009007655719156007	0	0.009007655719156007	0.009007655719156007	0	0.009007655719156007	0.009007655719156007	-338.7247526578665	-84.9365261944296
275	-423.6514177342304	-820.3376948156888	-423.6514177342304	-396.6862770814584	16.868644079568753	0.016365944825709855	0.04254141874218387	0.02247779979689829	0.0621818986776575	0.012591806000397207	0.028529646671723266	0.03024967663072406	0.024910633120821812	0.013464021954723057	0.020662630620973038	0.009133772921117583	0.016337689979479805	0.019884654101377172	0.029577902493064898	0.031808922734016115	0.021007278441787153	0.03089999275773246	0.02842277434268746	0.03525826013069798	0.027207203666296115	0.0323878921014603	0.044664520291332166	0.058329205584937024	0.04760033062819845	0.021742904099872645	0.022420317922471664	0.023933889128034944	0.02760380883371992	0.0470758207490891	0.011241510289696319	0.01944765606832065	0.01875533461966926	0.017466321371985213	0.011076984946968071	0.019754414664575504	0.025203760096295977	0.02778139939330404	4.275987415338559E-4	0.007248521015973435	0.00939466098660388	0.03166732211371549	0.004530247104030983	1.3484161454678145	0.8443227145094379	2.459394906954809	2.357217035574586	2.5172775198348276	2.216184815435915	1.1696319851223587	0.00939466098660388	0.00939466098660388	0.00939466098660388	0	0.00939466098660388	0.00939466098660388	0	0.00939466098660388	0.00939466098660388	0	0.00939466098660388	0.00939466098660388	-339.23499277549126	-84.41642495873913
276	-423.18631192710467	-828.6737816819243	-423.18631192710467	-405.48746975481964	17.86988843074084	0.016365944825709855	0.03583051626931788	0.02247779979689829	0.0621818986776575	0.012591806000397207	0.051218985989373314	0.03024967663072406	0.016680794330134863	0.013464021954723057	0.020662630620973038	0.009133772921117583	0.016337689979479805	0.019884654101377172	0.031239295203237302	0.031808922734016115	0.021007278441787153	0.03277763306206759	0.02239864996089068	0.04128238451249476	0.027207203666296115	0.016050751270162075	0.044664520291332166	0.058329205584937024	0.04760033062819845	0.021742904099872645	0.022420317922471664	0.023933889128034944	0.02760380883371992	0.045414428038916696	0.011241510289696319	0.01944765606832065	0.01875533461966926	0.017466321371985213	0.01778788741983406	0.019754414664575504	0.025203760096295977	0.02778139939330404	6.992564306278037E-4	0.006180062863136532	0.008981700384530993	0.04071178189541589	0.004107615521962371	1.005858938155436	0.5054099414777155	2.2417840111701373	3.2165226774771454	3.0579342690729665	3.1261592871173254	1.2517176531398249	0.008981700384530993	0.008981700384530993	0.008981700384530993	0	0.008981700384530993	0.008981700384530993	0	0.008981700384530993	0.008981700384530993	0	0.008981700384530993	0.008981700384530993	-336.62793083349345	-86.55838109361123
277	-423.0549545288232	-828.9077992012885	-423.0549545288232	-405.8528446724653	17.057708706354354	0.016365944825709855	0.03583051626931788	0.008177891212681698	0.0621818986776575	0.012591806000397207	0.051218985989373314	0.03024967663072406	0.016680794330134863	0.013464021954723057	0.0627230559475381	0.009133772921117583	0.016337689979479805	0.019884654101377172	0.01936567641904728	0.031808922734016115	0.021007278441787153	0.03277763306206759	0.02239864996089068	0.04128238451249476	0.027207203666296115	0.016050751270162075	0.044664520291332166	0.02239236880438354	0.04760033062819845	0.021742904099872645	0.022420317922471664	0.029683919366213382	0.02760380883371992	0.045414428038916696	0.011241510289696319	0.01944765606832065	0.01875533461966926	0.017466321371985213	0.01778788741983406	0.019754414664575504	0.03950366868051257	0.02778139939330404	8.018343688444959E-4	0.006128076670209881	0.005050397712518424	0.02953176798114623	0.004871161981150512	1.1487325031857605	0.5424099493939665	2.1915827809738713	3.859829342731329	2.071744644550348	4.417030974883245	1.3891598942165992	0.005050397712518424	0.005050397712518424	0.005050397712518424	0	0.005050397712518424	0.005050397712518424	0	0.005050397712518424	0.005050397712518424	0	0.005050397712518424	0.005050397712518424	-338.6736606586696	-84.38129387015363
278	-422.99133058532084	-833.9178143752046	-422.99133058532084	-410.9264837898837	18.437779806571115	0.016365944825709855	0.03583051626931788	0.008177891212681698	0.0621818986776575	0.02157307159094267	0.051218985989373314	0.03024967663072406	0.028634800890924572	0.013464021954723057	0.0627230559475381	0.009172208261261833	0.016337689979479805	0.034578521969544904	0.022136475701057576	0.022827657143470653	0.021007278441787153	0.03277763306206759	0.02239864996089068	0.02658851664432703	0.027207203666296115	0.016050751270162075	0.044664520291332166	0.019621569522373247	0.04760033062819845	0.021742904099872645	0.022381882582327414	0.029683919366213382	0.01564980227293021	0.045414428038916696	0.011241510289696319	0.01944765606832065	0.01875533461966926	0.017466321371985213	0.01778788741983406	0.019754414664575504	0.03950366868051257	0.02778139939330404	6.169123588505545E-4	0.00695212758280709	0.0044036095376348925	0.018645310636497135	0.005028700369192907	1.1764750712542429	0.37996821035825923	1.6807533209820127	3.2311328002873716	2.277060496309884	5.637915894549693	2.354712532727604	0.0044036095376348925	0.0044036095376348925	0.0044036095376348925	0	0.0044036095376348925	0.0044036095376348925	0	0.0044036095376348925	0.0044036095376348925	0	0.0044036095376348925	0.0044036095376348925	-337.96957825981497	-85.0217523255059
279	-422.66057616256813	-835.6602857549753	-422.66057616256813	-412.9997095924072	17.818311782606443	0.016365944825709855	0.03456371408797965	0.026178202413171647	0.061157499326421394	0.01541346592024638	0.04840342835837015	0.03024967663072406	0.028634800890924572	0.013464021954723057	0.0627230559475381	0.009172208261261833	0.016337689979479805	0.034578521969544904	0.022136475701057576	0.022827657143470653	0.021007278441787153	0.03277763306206759	0.02239864996089068	0.02658851664432703	0.00913459631062194	0.008526764121412497	0.044664520291332166	0.019621569522373247	0.05323179693775969	0.021742904099872645	0.022381882582327414	0.029683919366213382	0.01617794163406526	0.045414428038916696	0.013532711822270657	0.01944765606832065	0.01875533461966926	0.017466321371985213	0.020675741206021447	0.019754414664575504	0.03950366868051257	0.03530538654205362	3.7814334633245214E-4	0.00617431264968018	0.004643073691350216	0.01461894437708742	0.004438562769703451	1.627788686258164	0.4372189121417806	1.8670498981434365	5.246897019032261	2.4378076260719603	4.377914082329497	3.1106473929299856	0.004643073691350216	0.004643073691350216	0.004643073691350216	0	0.004643073691350216	0.004643073691350216	0	0.004643073691350216	0.004643073691350216	0	0.004643073691350216	0.004643073691350216	-338.6073418031464	-84.05323435942172
280	-422.273400385116	-836.8230170710633	-422.273400385116	-414.5496166859473	16.690717927615925	0.016365944825709855	0.03456371408797965	0.026178202413171647	0.061157499326421394	0.012680650284280545	0.04840342835837015	0.03024967663072406	0.028634800890924572	0.013464021954723057	0.0627230559475381	0.009172208261261833	0.02649565644261563	0.034578521969544904	0.01197850923792175	0.022827657143470653	0.021007278441787153	0.03277763306206759	0.02239864996089068	0.02658851664432703	0.00913459631062194	0.011259579757378332	0.044664520291332166	0.019621569522373247	0.05323179693775969	0.02634586234128264	0.022381882582327414	0.029683919366213382	0.01617794163406526	0.045414428038916696	0.013532711822270657	0.01944765606832065	0.014152376378259265	0.017466321371985213	0.020675741206021447	0.019754414664575504	0.03950366868051257	0.03530538654205362	3.348085602002421E-4	0.006298861042486063	0.0040642260933182565	0.008894738952419197	0.005866825818490178	0.8331203973581689	0.5902960460657923	1.1250263434013834	2.601233816976706	2.940275131148648	4.434849271606893	2.9775836011155636	0.0040642260933182565	0.0040642260933182565	0.0040642260933182565	0	0.0040642260933182565	0.0040642260933182565	0	0.0040642260933182565	0.0040642260933182565	0	0.0040642260933182565	0.0040642260933182565	-339.5847700865707	-82.68863029854533
281	-421.7738749909206	-819.6861278951026	-421.7738749909206	-397.912252904182	12.439236512673027	0.016365944825709855	0.03456371408797965	0.026178202413171647	0.09066732470361077	0.012680650284280545	0.052174375032783285	0.03024967663072406	0.028634800890924572	0.013464021954723057	0.0623171264116735	0.009172208261261833	0.039347633075460284	0.034578521969544904	0.008207562563508616	0.022827657143470653	0.021007278441787153	0.03277763306206759	0.02239864996089068	0.02658851664432703	0.00913459631062194	0.011259579757378332	0.044664520291332166	0.019621569522373247	0.040379820304915034	0.02634586234128264	0.022381882582327414	0.029683919366213382	0.01617794163406526	0.015904602661727316	0.013532711822270657	0.01985358560418525	0.014152376378259265	0.017466321371985213	0.020675741206021447	0.019754414664575504	0.03950366868051257	0.03530538654205362	6.684935650006642E-4	0.006210475942952781	0.004350794058717354	0.007376088310513423	0.005449888244352401	0.6032070793397427	0.5291164728146152	0.8670602656015544	3.033838309134718	3.138122323605306	3.3891054798946123	3.18550777102455	0.004350794058717354	0.004350794058717354	0.004350794058717354	0	0.004350794058717354	0.004350794058717354	0	0.004350794058717354	0.004350794058717354	0	0.004350794058717354	0.004350794058717354	-339.3076745699421	-82.4662004209785
282	-421.6020234500929	-817.1963616542412	-421.6020234500929	-395.59433820414836	14.922394020825534	0.016365944825709855	0.03456371408797965	0.026178202413171647	0.09066732470361077	0.012680650284280545	0.06197127575246493	0.03024967663072406	0.02399534865924352	0.013464021954723057	0.03553600397291709	0.009172208261261833	0.04458113016291963	0.034578521969544904	0.008207562563508616	0.022827657143470653	0.021007278441787153	0.03277763306206759	0.02703810219257173	0.016791615924645384	0.00913459631062194	0.011259579757378332	0.044664520291332166	0.019621569522373247	0.040379820304915034	0.02634586234128264	0.022381882582327414	0.029683919366213382	0.01617794163406526	0.015904602661727316	0.013532711822270657	0.01985358560418525	0.014152376378259265	0.017466321371985213	0.04222336655731851	0.019754414664575504	0.03950366868051257	0.03530538654205362	4.677607618864954E-4	0.006801345546157568	0.0035291385929158594	0.010078526625405967	0.0070433497135767974	0.884276243563646	0.5026856338540997	1.1625055201195542	2.047954362930123	2.833846935004953	2.5235634886816016	1.764888753671303	0.0035291385929158594	0.0035291385929158594	0.0035291385929158594	0	0.0035291385929158594	0.0035291385929158594	0	0.0035291385929158594	0.0035291385929158594	0	0.0035291385929158594	0.0035291385929158594	-337.2948818340153	-84.30714161607756
283	-421.1637898423038	-817.5783236308929	-421.1637898423038	-396.4145337885891	14.370845306736673	0.016365944825709855	0.03456371408797965	0.026178202413171647	0.09066732470361077	0.012680650284280545	0.06197127575246493	0.03024967663072406	0.02399534865924352	0.013464021954723057	0.03553600397291709	0.009172208261261833	0.04458113016291963	0.034578521969544904	0.008207562563508616	0.022827657143470653	0.021007278441787153	0.03277763306206759	0.02703810219257173	0.016791615924645384	0.00913459631062194	0.011259579757378332	0.044664520291332166	0.034519907463418806	0.040379820304915034	0.02634586234128264	0.022381882582327414	0.03322786937593346	0.01617794163406526	0.015904602661727316	0.013532711822270657	0.01985358560418525	0.014152376378259265	0.017466321371985213	0.04222336655731851	0.019754414664575504	0.03950366868051257	0.016863098591287984	2.2926940454282062E-4	0.005850503315093537	0.0027866824088403548	0.017024773658496094	0.0061142191046517705	0.8924344053423989	0.7634460996290177	1.4895049681010157	1.650069529969975	2.915193322817515	1.588402763581047	1.6403945820644301	0.0027866824088403548	0.0027866824088403548	0.0027866824088403548	0	0.0027866824088403548	0.0027866824088403548	0	0.0027866824088403548	0.0027866824088403548	0	0.0027866824088403548	0.0027866824088403548	-338.3275579769389	-82.83623186536488
284	-421.0686945578419	-820.3016145396764	-421.0686945578419	-399.23291998183447	15.940550201697166	0.016365944825709855	0.03456371408797965	0.026178202413171647	0.09066732470361077	0.004849919613122297	0.06197127575246493	0.03024967663072406	0.031401848374994434	0.013464021954723057	0.017587803400585383	0.01700293893242008	0.03389655159050474	0.034578521969544904	0.034354324602071204	0.022827657143470653	0.021007278441787153	0.03277763306206759	0.02703810219257173	0.016791615924645384	0.00913459631062194	0.011259579757378332	0.036465958825101286	0.049343317443494614	0.03297332058916412	0.009569673472402868	0.022381882582327414	0.03322786937593346	0.01617794163406526	0.015904602661727316	0.03030890069115043	0.01985358560418525	0.014152376378259265	0.028150899944400107	0.0273999565772427	0.019754414664575504	0.03950366868051257	0.016863098591287984	3.392763432489313E-4	0.006599806096890095	0.0033066217054790207	0.024479601093769593	0.0038005006473110013	1.6873062174702205	0.6736218734110561	1.8350664334002893	1.2295750502955767	3.3039743036766245	1.359207397759655	1.4521522439847487	0.0033066217054790207	0.0033066217054790207	0.0033066217054790207	0	0.0033066217054790207	0.0033066217054790207	0	0.0033066217054790207	0.0033066217054790207	0	0.0033066217054790207	0.0033066217054790207	-337.6770203823922	-83.39167417544974
285	-420.7647609260487	-814.63945127698	-420.7647609260487	-393.8746903509313	14.37229579417301	0.016365944825709855	0.03456371408797965	0.026178202413171647	0.09066732470361077	0.004849919613122297	0.06197127575246493	0.03024967663072406	0.031401848374994434	0.013464021954723057	0.017587803400585383	0.01700293893242008	0.03389655159050474	0.034578521969544904	0.034354324602071204	0.022827657143470653	0.021007278441787153	0.042652197264722455	0.02703810219257173	0.016791615924645384	0.00913459631062194	0.011259579757378332	0.036465958825101286	0.039468753240839746	0.03297332058916412	0.009569673472402868	0.022381882582327414	0.03322786937593346	0.01617794163406526	0.015904602661727316	0.03030890069115043	0.01985358560418525	0.014152376378259265	0.028150899944400107	0.0273999565772427	0.019754414664575504	0.03950366868051257	0.016863098591287984	3.5021236222391517E-4	0.0064455091191809285	0.0030131419560778918	0.01752063764825122	0.0057589803792007154	1.3330541141148387	0.8164270288324716	1.9297859812572262	1.611249499692253	5.7826174427261465	1.0963352167728027	2.015580559765457	0.0030131419560778918	0.0030131419560778918	0.0030131419560778918	0	0.0030131419560778918	0.0030131419560778918	0	0.0030131419560778918	0.0030131419560778918	0	0.0030131419560778918	0.0030131419560778918	-336.820695503911	-83.94406542213771
286	-420.5985926678288	-824.2797557720558	-420.5985926678288	-403.681163104227	15.259168083895236	0.016365944825709855	0.03456371408797965	0.026178202413171647	0.09066732470361077	0.004849919613122297	0.06197127575246493	0.03024967663072406	0.024246191170992304	0.013464021954723057	0.024743460604587514	0.01700293893242008	0.03389655159050474	0.02734711586679904	0.034354324602071204	0.022827657143470653	0.021007278441787153	0.042652197264722455	0.02703810219257173	0.016791615924645384	0.00913459631062194	0.011259579757378332	0.036465958825101286	0.039468753240839746	0.03297332058916412	0.009569673472402868	0.022381882582327414	0.0345905461978465	0.01617794163406526	0.015904602661727316	0.03030890069115043	0.01985358560418525	0.014152376378259265	0.03538230604714597	0.0273999565772427	0.019754414664575504	0.038140991858599524	0.016863098591287984	5.179421838592468E-4	0.006839837694035973	0.0034394717786340747	0.00861747072567662	0.007662502825350157	1.8177762705560014	0.6450195051538947	2.959991489542903	1.206372366026758	3.9584506792702023	1.5494847496014386	2.818586849394334	0.0034394717786340747	0.0034394717786340747	0.0034394717786340747	0	0.0034394717786340747	0.0034394717786340747	0	0.0034394717786340747	0.0034394717786340747	0	0.0034394717786340747	0.0034394717786340747	-336.8982050922684	-83.70038757556038
287	-420.4476943430144	-813.5119947366483	-420.4476943430144	-393.06430039363386	15.23593117745463	0.016365944825709855	0.03456371408797965	0.026178202413171647	0.09066732470361077	0.015704709512843848	0.06197127575246493	0.03024967663072406	0.013391401271270753	0.013464021954723057	0.024743460604587514	0.01700293893242008	0.03389655159050474	0.02734711586679904	0.034354324602071204	0.022827657143470653	0.021007278441787153	0.042652197264722455	0.02703810219257173	0.016791615924645384	0.00913459631062194	0.02431644817054611	0.036465958825101286	0.02641188482767197	0.03297332058916412	0.009569673472402868	0.022381882582327414	0.0345905461978465	0.01617794163406526	0.015904602661727316	0.03030890069115043	0.01985358560418525	0.014152376378259265	0.03538230604714597	0.0273999565772427	0.019754414664575504	0.038140991858599524	0.016863098591287984	3.4080572831409346E-4	0.006391209677643399	0.0017085667393374638	0.010939191553777072	0.006057855008317747	1.2561852960891111	0.6858732451497928	2.080895634616261	1.1712924786242842	3.642741806712875	1.2740845887613348	2.3786693871931854	0.0017085667393374638	0.0017085667393374638	0.0017085667393374638	0	0.0017085667393374638	0.0017085667393374638	0	0.0017085667393374638	0.0017085667393374638	0	0.0017085667393374638	0.0017085667393374638	-337.5305499582888	-82.91714438472559
288	-419.95022381927413	-812.0932630649072	-419.95022381927413	-392.1430392456331	15.817893247409554	0.016365944825709855	0.03456371408797965	0.026178202413171647	0.09066732470361077	0.015704709512843848	0.06197127575246493	0.03024967663072406	0.011635766190227825	0.013464021954723057	0.024743460604587514	0.01700293893242008	0.03389655159050474	0.02734711586679904	0.013468115357336927	0.022827657143470653	0.021007278441787153	0.028248186843215936	0.02703810219257173	0.016791615924645384	0.030020805555356217	0.02431644817054611	0.036465958825101286	0.02641188482767197	0.03297332058916412	0.009569673472402868	0.022381882582327414	0.0345905461978465	0.01617794163406526	0.015904602661727316	0.03030890069115043	0.01985358560418525	0.030312021880808712	0.03538230604714597	0.0273999565772427	0.019754414664575504	0.038140991858599524	0.016863098591287984	2.9395982834258804E-4	0.006962607889782595	0.0016100771842787384	0.008314238511196207	0.007938365301136898	1.6722555599541595	0.5724232646591997	2.632429729886572	1.4299107466042553	3.491872687530131	0.9462168218578085	3.1789340599724425	0.0016100771842787384	0.0016100771842787384	0.0016100771842787384	0	0.0016100771842787384	0.0016100771842787384	0	0.0016100771842787384	0.0016100771842787384	0	0.0016100771842787384	0.0016100771842787384	-334.97555501743454	-84.97466880183956
289	-419.84241127708543	-813.1663397841085	-419.84241127708543	-393.3239285070231	15.209764429625837	0.016365944825709855	0.03456371408797965	0.026178202413171647	0.09066732470361077	0.015704709512843848	0.0542759680166542	0.03024967663072406	0.023242681797992992	0.013464021954723057	0.024743460604587514	0.02871659184972461	0.03389655159050474	0.02734711586679904	0.013468115357336927	0.011114004226166124	0.021007278441787153	0.028248186843215936	0.02703810219257173	0.016791615924645384	0.030020805555356217	0.02431644817054611	0.036465958825101286	0.02641188482767197	0.03297332058916412	0.009569673472402868	0.022381882582327414	0.0345905461978465	0.01617794163406526	0.015904602661727316	0.01870198508338526	0.01985358560418525	0.030312021880808712	0.03538230604714597	0.0273999565772427	0.019754414664575504	0.038140991858599524	0.024558406327098714	2.6160050682080637E-4	0.0060813118003959984	0.0015647249365453619	0.008842784509641072	0.007065041055370818	1.300794700324522	0.48275454354756836	2.2380828984497487	1.4062053760627378	2.9901882933439907	1.275562792001073	2.661634934221582	0.0015647249365453619	0.0015647249365453619	0.0015647249365453619	0	0.0015647249365453619	0.0015647249365453619	0	0.0015647249365453619	0.0015647249365453619	0	0.0015647249365453619	0.0015647249365453619	-336.59574935438536	-83.24666192270006
290	-419.5624304770355	-818.8710587816521	-419.5624304770355	-399.3086283046166	15.110954421518702	0.0129643242716444	0.03456371408797965	0.026178202413171647	0.09066732470361077	0.015704709512843848	0.0542759680166542	0.03024967663072406	0.026644302352058447	0.013464021954723057	0.0293542886377631	0.03185947202526726	0.03389655159050474	0.02734711586679904	0.013468115357336927	0.011114004226166124	0.021007278441787153	0.028248186843215936	0.02703810219257173	0.016791615924645384	0.025409977522180632	0.02431644817054611	0.036465958825101286	0.02326900465212932	0.03297332058916412	0.009569673472402868	0.022381882582327414	0.0345905461978465	0.01617794163406526	0.015904602661727316	0.024522391170729504	0.014033179516841007	0.030312021880808712	0.03538230604714597	0.0273999565772427	0.019754414664575504	0.038140991858599524	0.024558406327098714	9.05119092618958E-4	0.006131560443957752	0.0017270955411212282	0.01083205207723047	0.009919789492033877	1.3081582423948461	0.4856239449544063	1.4167605351308143	1.2990106176915517	2.4716357858745113	1.4372000504632831	1.7544583550689021	0.0017270955411212282	0.0017270955411212282	0.0017270955411212282	0	0.0017270955411212282	0.0017270955411212282	0	0.0017270955411212282	0.0017270955411212282	0	0.0017270955411212282	0.0017270955411212282	-335.30733123437034	-84.25509924266514
291	-419.53626594021364	-822.2990827394564	-419.53626594021364	-402.7628167992427	15.373905264010475	0.0129643242716444	0.03848237849862701	0.026178202413171647	0.09066732470361077	0.008515883516561837	0.0542759680166542	0.03024967663072406	0.026644302352058447	0.023365318007849342	0.0293542886377631	0.03185947202526726	0.03389655159050474	0.03352757734614874	0.020656941353618938	0.011114004226166124	0.027393726124115475	0.02206772536386624	0.02703810219257173	0.016791615924645384	0.025409977522180632	0.02431644817054611	0.030079511142772963	0.02326900465212932	0.03297332058916412	0.03689281381379547	0.01248058652920113	0.0345905461978465	0.01617794163406526	0.015904602661727316	0.024522391170729504	0.014033179516841007	0.030312021880808712	0.032234104878180556	0.0273999565772427	0.018983951422893552	0.01081785151720692	0.024558406327098714	5.220040308774119E-4	0.006452675552175661	0.0012584296286977767	0.011092010949411858	0.012332137591237788	1.279755242331261	0.5271084566366264	1.3133630691683293	2.1472681966072913	3.2282443224664106	1.2278991491722775	1.5669340077046003	0.0012584296286977767	0.0012584296286977767	0.0012584296286977767	0	0.0012584296286977767	0.0012584296286977767	0	0.0012584296286977767	0.0012584296286977767	0	0.0012584296286977767	0.0012584296286977767	-335.9773705608634	-83.55889537935025
292	-419.46792860165647	-816.3665798063687	-419.46792860165647	-396.8986512047122	14.898594263018952	0.0129643242716444	0.007640096105200556	0.026178202413171647	0.09066732470361077	0.008515883516561837	0.0542759680166542	0.03024967663072406	0.026644302352058447	0.023365318007849342	0.0293542886377631	0.03185947202526726	0.03389655159050474	0.03352757734614874	0.02448399317208881	0.04195628661959258	0.027393726124115475	0.02206772536386624	0.02703810219257173	0.016791615924645384	0.025409977522180632	0.020224300065744924	0.030079511142772963	0.02326900465212932	0.03297332058916412	0.03689281381379547	0.01248058652920113	0.029452703761193896	0.01617794163406526	0.012077550843257442	0.024522391170729504	0.014033179516841007	0.030312021880808712	0.032234104878180556	0.0273999565772427	0.018983951422893552	0.014909999622008105	0.02969624876375132	4.101227394915994E-4	0.0062840000627762925	0.001268818296986594	0.009527568654421618	0.01567260040838646	0.98585023459395	0.592452875892801	0.9664740735605587	1.5791723843869037	3.9709523266897144	1.5795767631419422	1.8947135233859131	0.001268818296986594	0.001268818296986594	0.001268818296986594	0	0.001268818296986594	0.001268818296986594	0	0.001268818296986594	0.001268818296986594	0	0.001268818296986594	0.001268818296986594	-336.105946628211	-83.3619819734455
293	-419.2579238796693	-828.045529785514	-419.2579238796693	-408.7876059058446	15.348248296798708	0.0129643242716444	0.007640096105200556	0.05419681206244947	0.06264871505433295	0.008515883516561837	0.038895962180990964	0.03024967663072406	0.026644302352058447	0.023365318007849342	0.0293542886377631	0.03185947202526726	0.03389655159050474	0.03352757734614874	0.02448399317208881	0.04195628661959258	0.027393726124115475	0.02206772536386624	0.02703810219257173	0.016791615924645384	0.025409977522180632	0.020224300065744924	0.030079511142772963	0.038649010487792554	0.03297332058916412	0.03689281381379547	0.01248058652920113	0.029452703761193896	0.01617794163406526	0.012077550843257442	0.024522391170729504	0.014033179516841007	0.030312021880808712	0.032234104878180556	0.0273999565772427	0.018983951422893552	0.014909999622008105	0.02969624876375132	2.944064496888488E-4	0.0060197491643058446	0.0014091455063254077	0.01350531679829764	0.011284986414022606	0.8962287401976043	0.35080586353082344	0.9743188371896467	2.1951785910451456	3.508354209151161	1.476916457162164	1.6843371896868733	0.0014091455063254077	0.0014091455063254077	0.0014091455063254077	0	0.0014091455063254077	0.0014091455063254077	0	0.0014091455063254077	0.0014091455063254077	0	0.0014091455063254077	0.0014091455063254077	-335.7156628308122	-83.54226104885711
294	-419.18401447698665	-845.423809640306	-419.18401447698665	-426.23979516331934	15.614984575333407	0.0129643242716444	0.007640096105200556	0.05419681206244947	0.06264871505433295	0.008515883516561837	0.038895962180990964	0.03024967663072406	0.016885985732615183	0.023365318007849342	0.0293542886377631	0.03185947202526726	0.03389655159050474	0.03244835613251461	0.02448399317208881	0.04195628661959258	0.027393726124115475	0.02206772536386624	0.02703810219257173	0.017870837138279513	0.025409977522180632	0.020224300065744924	0.030079511142772963	0.038649010487792554	0.03297332058916412	0.03689281381379547	0.01248058652920113	0.029452703761193896	0.01617794163406526	0.012077550843257442	0.024522391170729504	0.014033179516841007	0.030312021880808712	0.032234104878180556	0.0273999565772427	0.028742268042336816	0.014909999622008105	0.02969624876375132	4.043786826078362E-4	0.005566214122776716	0.0019814622564054366	0.0160542679192029	0.011195346312444949	1.259516306819475	0.3608133302273627	1.2540698384482516	1.8043187745476377	4.045577605769854	0.9734636937359084	1.3566650321328224	0.0019814622564054366	0.0019814622564054366	0.0019814622564054366	0	0.0019814622564054366	0.0019814622564054366	0	0.0019814622564054366	0.0019814622564054366	0	0.0019814622564054366	0.0019814622564054366	-334.8321283966498	-84.35188608033685
295	-419.1160425582507	-842.1453895448433	-419.1160425582507	-423.0293469865926	16.35846392614141	0.0129643242716444	0.007640096105200556	0.05419681206244947	0.06264871505433295	0.008515883516561837	0.038895962180990964	0.03024967663072406	0.016885985732615183	0.023365318007849342	0.0293542886377631	0.03185947202526726	0.03389655159050474	0.03244835613251461	0.02448399317208881	0.04195628661959258	0.027393726124115475	0.02206772536386624	0.02703810219257173	0.017870837138279513	0.025409977522180632	0.020224300065744924	0.030079511142772963	0.038649010487792554	0.03297332058916412	0.03689281381379547	0.01248058652920113	0.029452703761193896	0.01617794163406526	0.012077550843257442	0.024522391170729504	0.014033179516841007	0.039454407483194384	0.032234104878180556	0.01825757097485703	0.028742268042336816	0.014909999622008105	0.02969624876375132	6.199610647015534E-4	0.005987931635023036	0.0016310813210737417	0.01555948996100516	0.011635452406724327	1.2800011113323089	0.780496323921385	1.5411551888699557	2.106875229665072	3.899996915369233	1.5170117343957583	2.18700205582189	0.0016310813210737417	0.0016310813210737417	0.0016310813210737417	0	0.0016310813210737417	0.0016310813210737417	0	0.0016310813210737417	0.0016310813210737417	0	0.0016310813210737417	0.0016310813210737417	-333.52824997209063	-85.58779258616006
296	-418.8820554498329	-826.1002679772794	-418.8820554498329	-407.2182125274465	16.35846392614141	0.0129643242716444	0.007640096105200556	0.05419681206244947	0.06264871505433295	0.008515883516561837	0.038895962180990964	0.03024967663072406	0.016885985732615183	0.023365318007849342	0.0293542886377631	0.03185947202526726	0.029750597633512052	0.03244835613251461	0.02448399317208881	0.04195628661959258	0.026523964235093817	0.02206772536386624	0.02703810219257173	0.017870837138279513	0.02627973941120229	0.020224300065744924	0.030079511142772963	0.038649010487792554	0.03711927454615681	0.03689281381379547	0.01248058652920113	0.029452703761193896	0.01617794163406526	0.012077550843257442	0.024522391170729504	0.014033179516841007	0.039454407483194384	0.032234104878180556	0.01825757097485703	0.028742268042336816	0.014909999622008105	0.02969624876375132	4.3972249191693284E-4	0.005948167786239287	7.893266953991057E-4	0.013722910772196903	0.010120001323991835	1.1908725675200846	0.8906534610239949	1.4774989959625562	1.9169758543993636	3.183477451911783	1.4611570256515183	2.1880091452398043	7.893266953991057E-4	7.893266953991057E-4	7.893266953991057E-4	0	7.893266953991057E-4	7.893266953991057E-4	0	7.893266953991057E-4	7.893266953991057E-4	0	7.893266953991057E-4	7.893266953991057E-4	-335.7644713123714	-83.11758413746144
297	-418.83997504852283	-822.0909462359723	-418.83997504852283	-403.2509711874494	16.629055871353884	0.0129643242716444	0.007640096105200556	0.05419681206244947	0.06264871505433295	0.008515883516561837	0.038895962180990964	0.03024967663072406	0.016885985732615183	0.023365318007849342	0.0293542886377631	0.03185947202526726	0.029750597633512052	0.03244835613251461	0.02607712377968173	0.04195628661959258	0.024930833627500898	0.02206772536386624	0.02703810219257173	0.017870837138279513	0.02627973941120229	0.020224300065744924	0.030079511142772963	0.038649010487792554	0.03594860872711568	0.03689281381379547	0.03699348080497099	0.029452703761193896	0.01617794163406526	0.012077550843257442	0.024522391170729504	0.014033179516841007	0.039454407483194384	0.007721210602410697	0.01825757097485703	0.029912933861377944	0.014909999622008105	0.02969624876375132	6.693967660662074E-4	0.0059135822549494805	7.12168582437434E-4	0.015488339883318566	0.0064847097031655795	0.8422150741431698	0.8862799793095478	1.5427315833579092	1.964730252516081	3.583027780514152	1.5112017598791743	1.9344827532729607	7.12168582437434E-4	7.12168582437434E-4	7.12168582437434E-4	0	7.12168582437434E-4	7.12168582437434E-4	0	7.12168582437434E-4	7.12168582437434E-4	0	7.12168582437434E-4	7.12168582437434E-4	-333.5733307362427	-85.26664431228009
298	-418.7705335350146	-831.7556264397504	-418.7705335350146	-412.9850929047357	16.49570017929447	0.02163864725666509	0.007640096105200556	0.05419681206244947	0.06264871505433295	0.020544309793270363	0.038895962180990964	0.03024967663072406	0.016885985732615183	0.023365318007849342	0.0293542886377631	0.03185947202526726	0.029750597633512052	0.02377403314749392	0.02607712377968173	0.04195628661959258	0.024930833627500898	0.02206772536386624	0.02703810219257173	0.017870837138279513	0.02627973941120229	0.020224300065744924	0.030079511142772963	0.038649010487792554	0.03594860872711568	0.03689281381379547	0.03699348080497099	0.029452703761193896	0.01617794163406526	0.012077550843257442	0.024522391170729504	0.014033179516841007	0.039454407483194384	0.007721210602410697	0.01825757097485703	0.029912933861377944	0.014909999622008105	0.017667822487042795	8.252624747352989E-4	0.006268127502341805	8.17379308236555E-4	0.034839371934730405	0.008043488116707668	0.7839093975845509	1.0531716896462102	1.5087876760974384	1.8422783354989791	4.013814956738344	2.0956463467942057	1.3361410282487272	8.17379308236555E-4	8.17379308236555E-4	8.17379308236555E-4	0	8.17379308236555E-4	8.17379308236555E-4	0	8.17379308236555E-4	8.17379308236555E-4	0	8.17379308236555E-4	8.17379308236555E-4	-335.3374353338445	-83.43309820117005
299	-418.71651904897055	-834.6956646072539	-418.71651904897055	-415.97914555828334	17.786093820774287	0.01653336618341006	0.027521406482050814	0.05419681206244947	0.06264871505433295	0.020544309793270363	0.038895962180990964	0.03024967663072406	0.016885985732615183	0.023365318007849342	0.0293542886377631	0.03185947202526726	0.01587177267216143	0.02377403314749392	0.02607712377968173	0.015963537155798874	0.024930833627500898	0.02717300643712127	0.02703810219257173	0.017870837138279513	0.02627973941120229	0.020224300065744924	0.030079511142772963	0.038649010487792554	0.03594860872711568	0.03689281381379547	0.04634867130317043	0.029452703761193896	0.01617794163406526	0.012077550843257442	0.024522391170729504	0.014033179516841007	0.024096731569495308	0.007721210602410697	0.01825757097485703	0.029912933861377944	0.014909999622008105	0.0436605719508365	5.583242264945189E-4	0.006083381917545222	5.985207424221539E-4	0.06146545135751326	0.006042311758640732	0.9517634302923151	1.0602365839227998	2.453287946166753	2.1505758084035147	4.132624069238595	2.7908655242484657	1.1097816268266048	5.985207424221539E-4	5.985207424221539E-4	5.985207424221539E-4	0	5.985207424221539E-4	5.985207424221539E-4	0	5.985207424221539E-4	5.985207424221539E-4	0	5.985207424221539E-4	5.985207424221539E-4	-332.5372306548149	-86.17928839415565
300	-418.4889742409481	-830.7647026881787	-418.4889742409481	-412.2757284472306	19.154074792944886	0.027370714621934078	0.0336304191757979	0.05419681206244947	0.06264871505433295	0.015187020908649193	0.044253251065612134	0.03024967663072406	0.016885985732615183	0.023365318007849342	0.0293542886377631	0.03185947202526726	0.01587177267216143	0.02377403314749392	0.02607712377968173	0.015963537155798874	0.024930833627500898	0.02717300643712127	0.02703810219257173	0.017870837138279513	0.02627973941120229	0.020224300065744924	0.025177588219865155	0.027811662049268535	0.03594860872711568	0.03689281381379547	0.04514158153233115	0.029452703761193896	0.01617794163406526	0.012077550843257442	0.024522391170729504	0.014033179516841007	0.024096731569495308	0.007721210602410697	0.01825757097485703	0.029912933861377944	0.014909999622008105	0.0436605719508365	6.069281128695414E-4	0.006121477243721916	8.099615538503645E-4	0.04164183078663817	0.005301235406091402	0.9318619513169629	1.29366120853233	3.0236014966071023	1.900507131867475	3.6950811064232085	2.8558135836538474	1.1513077256612652	8.099615538503645E-4	8.099615538503645E-4	8.099615538503645E-4	0	8.099615538503645E-4	8.099615538503645E-4	0	8.099615538503645E-4	8.099615538503645E-4	0	8.099615538503645E-4	8.099615538503645E-4	-335.37552969501996	-83.1134445459281
301	-418.3343760660372	-848.9707017632418	-418.3343760660372	-430.6363256972046	22.689700542960665	0.027370714621934078	0.0336304191757979	0.05419681206244947	0.06264871505433295	0.015187020908649193	0.044253251065612134	0.03024967663072406	0.016885985732615183	0.023365318007849342	0.0293542886377631	0.03185947202526726	0.01587177267216143	0.02377403314749392	0.02607712377968173	0.015963537155798874	0.024930833627500898	0.02717300643712127	0.02703810219257173	0.017870837138279513	0.02627973941120229	0.020224300065744924	0.025177588219865155	0.027811662049268535	0.03594860872711568	0.03689281381379547	0.026883021596153175	0.029452703761193896	0.01617794163406526	0.012077550843257442	0.024522391170729504	0.014033179516841007	0.024096731569495308	0.025979770538588673	0.01825757097485703	0.029912933861377944	0.014909999622008105	0.0436605719508365	8.557686115273621E-4	0.005450256620789788	0.0011643561811496403	0.03657346333052654	0.0034161200151948666	1.5666418370545039	1.2840920402643325	2.8163829722298335	3.2782287558698036	3.4753086160213393	3.716913300698364	1.6646375486315252	0.0011643561811496403	0.0011643561811496403	0.0011643561811496403	0	0.0011643561811496403	0.0011643561811496403	0	0.0011643561811496403	0.0011643561811496403	0	0.0011643561811496403	0.0011643561811496403	-336.5239754327093	-81.81040063332792
302	-418.08741981808714	-834.9080911753479	-418.08741981808714	-416.82067135726066	21.580710697779768	0.027370714621934078	0.0336304191757979	0.05419681206244947	0.06264871505433295	0.015187020908649193	0.044253251065612134	0.03024967663072406	0.016885985732615183	0.023365318007849342	0.0293542886377631	0.03185947202526726	0.01587177267216143	0.02377403314749392	0.02607712377968173	0.015963537155798874	0.024930833627500898	0.030774673075037104	0.02703810219257173	0.017870837138279513	0.02627973941120229	0.020224300065744924	0.025177588219865155	0.009378379451915317	0.03594860872711568	0.03689281381379547	0.026883021596153175	0.029452703761193896	0.01617794163406526	0.03051083344061066	0.024522391170729504	0.014033179516841007	0.024096731569495308	0.025979770538588673	0.01825757097485703	0.02631126722346211	0.014909999622008105	0.0436605719508365	3.5708543487191185E-4	0.006700763409800205	0.0012221959565684576	0.02064812275343437	0.002111133416802618	1.3689688718469877	0.9415967159190066	1.8707862423071233	3.068278947470053	4.5325104621018495	3.331718715928201	2.4095803289128166	0.0012221959565684576	0.0012221959565684576	0.0012221959565684576	0	0.0012221959565684576	0.0012221959565684576	0	0.0012221959565684576	0.0012221959565684576	0	0.0012221959565684576	0.0012221959565684576	-333.64775055406017	-84.439669264027
303	-417.88547046291797	-835.2930833920818	-417.88547046291797	-417.4076129291638	17.767690501851636	0.01622730789375071	0.0336304191757979	0.03132467350479434	0.07470128753596122	0.015187020908649193	0.044253251065612134	0.03024967663072406	0.016885985732615183	0.023365318007849342	0.0293542886377631	0.03185947202526726	0.020311878246419987	0.02377403314749392	0.02607712377968173	0.04336991719080727	0.014188097955153606	0.030774673075037104	0.02703810219257173	0.013336595660926251	0.02627973941120229	0.030967035738092216	0.025177588219865155	0.009378379451915317	0.03594860872711568	0.03689281381379547	0.026883021596153175	0.029452703761193896	0.01617794163406526	0.03051083344061066	0.024522391170729504	0.011647583926501434	0.024096731569495308	0.025979770538588673	0.01825757097485703	0.021871161649203552	0.017295595212347678	0.042751406197391595	5.713769306844194E-4	0.0056892404133881795	0.001036527111808358	0.01882159199872392	0.0016019954743677087	1.2099044751536165	1.0056188431475008	1.3531800982834754	2.5343173420384266	4.623691445142001	2.1827963002987865	2.328645681698999	0.001036527111808358	0.001036527111808358	0.001036527111808358	0	0.001036527111808358	0.001036527111808358	0	0.001036527111808358	0.001036527111808358	0	0.001036527111808358	0.001036527111808358	-334.40506966394287	-83.48040079897508
304	-417.7711133606386	-833.664017242292	-417.7711133606386	-415.89290388165335	19.016682691684146	0.01622730789375071	0.04413809791887968	0.03132467350479434	0.07470128753596122	0.015187020908649193	0.044253251065612134	0.032472454374037535	0.016885985732615183	0.023365318007849342	0.0293542886377631	0.03185947202526726	0.020311878246419987	0.02377403314749392	0.02607712377968173	0.01953477687311464	0.014188097955153606	0.030774673075037104	0.02703810219257173	0.013336595660926251	0.02627973941120229	0.030967035738092216	0.025177588219865155	0.009378379451915317	0.03594860872711568	0.03363669023881141	0.026883021596153175	0.029452703761193896	0.01617794163406526	0.020003154697528877	0.024522391170729504	0.011647583926501434	0.024096731569495308	0.0498149108562813	0.01825757097485703	0.021871161649203552	0.018328941044018263	0.042751406197391595	5.042020621189563E-4	0.006545422668123086	8.245436194699854E-4	0.017836671168663828	0.002050049736530999	1.1155184938791816	1.403859245223376	1.5270692357205464	1.9299979657732962	5.609046786325948	1.473005872857857	3.076318331678617	8.245436194699854E-4	8.245436194699854E-4	8.245436194699854E-4	0	8.245436194699854E-4	8.245436194699854E-4	0	8.245436194699854E-4	8.245436194699854E-4	0	8.245436194699854E-4	8.245436194699854E-4	-333.28197782583396	-84.48913553480462
305	-417.7492430644818	-831.1204333684733	-417.7492430644818	-413.3711903039915	19.605919900763606	0.035284174785698785	0.04207158156165114	0.03132467350479434	0.07470128753596122	0.015187020908649193	0.044253251065612134	0.032472454374037535	0.019879572836990878	0.023365318007849342	0.0293542886377631	0.027258115494284668	0.020311878246419987	0.022509123414589313	0.027342033512586336	0.01953477687311464	0.014188097955153606	0.030774673075037104	0.03163945872355432	0.023007206346654638	0.02627973941120229	0.030967035738092216	0.025177588219865155	0.009378379451915317	0.03594860872711568	0.030643103134435717	0.007826154704205099	0.029452703761193896	0.01617794163406526	0.020003154697528877	0.014851780485001118	0.011647583926501434	0.024096731569495308	0.05188142721350984	0.01825757097485703	0.021871161649203552	0.018328941044018263	0.042751406197391595	3.648429470099837E-4	0.006325148300203295	6.277434711463386E-4	0.011450129125739728	0.002091053733742615	1.7510976683388144	1.1322584690023352	1.5638217511642918	3.02475357069942	4.9452947179491575	1.5819697258647885	4.110554465293291	6.277434711463386E-4	6.277434711463386E-4	6.277434711463386E-4	0	6.277434711463386E-4	6.277434711463386E-4	0	6.277434711463386E-4	6.277434711463386E-4	0	6.277434711463386E-4	6.277434711463386E-4	-334.6869505574596	-83.06229250702216
306	-417.7105629116132	-824.7361203462356	-417.7105629116132	-407.02555743462244	17.38865713148477	0.035284174785698785	0.04207158156165114	0.03132467350479434	0.06461557776874843	0.01484323824455945	0.044253251065612134	0.017663976816162136	0.013457861568131502	0.023365318007849342	0.0293542886377631	0.027258115494284668	0.03243608735286395	0.04917189106295271	0.027342033512586336	0.01953477687311464	0.014188097955153606	0.02541595790154226	0.03163945872355432	0.023007206346654638	0.02627973941120229	0.030967035738092216	0.019796044130630075	0.009378379451915317	0.03594860872711568	0.030643103134435717	0.007826154704205099	0.029452703761193896	0.01617794163406526	0.020003154697528877	0.014851780485001118	0.011647583926501434	0.024096731569495308	0.030600203654381528	0.04315175829994522	0.021871161649203552	0.018328941044018263	0.042751406197391595	5.999688992159459E-4	0.006625100159221387	6.501275921636733E-4	0.010095173207465292	0.0018093711044546805	2.041278299588027	0.9606004791108638	2.4787501390510025	2.650796081161637	6.042538347185867	1.3488428199530056	4.993334655087095	6.501275921636733E-4	6.501275921636733E-4	6.501275921636733E-4	0	6.501275921636733E-4	6.501275921636733E-4	0	6.501275921636733E-4	6.501275921636733E-4	0	6.501275921636733E-4	6.501275921636733E-4	-335.63280403233193	-82.07775887928123
307	-417.6741348776385	-831.3515821347067	-417.6741348776385	-413.67744725706825	16.942593722900195	0.035284174785698785	0.04207158156165114	0.03132467350479434	0.06461557776874843	0.01484323824455945	0.044253251065612134	0.028399932990657878	0.013457861568131502	0.023365318007849342	0.02087924038797981	0.027258115494284668	0.03243608735286395	0.04917189106295271	0.027342033512586336	0.01953477687311464	0.014188097955153606	0.02541595790154226	0.03163945872355432	0.023007206346654638	0.03475478766098558	0.030967035738092216	0.019796044130630075	0.009378379451915317	0.03594860872711568	0.030643103134435717	0.007826154704205099	0.029452703761193896	0.01617794163406526	0.020003154697528877	0.014851780485001118	0.011647583926501434	0.013360775394999566	0.030600203654381528	0.04315175829994522	0.021871161649203552	0.018328941044018263	0.042751406197391595	4.329409253173225E-4	0.006391483770156214	9.279880711077976E-4	0.008969830784449354	0.0030064803917403747	2.102757832022028	0.9406886805386369	3.0559333734488674	2.3903816152229775	4.449151570808227	2.1474626839075177	4.906902705557028	9.279880711077976E-4	9.279880711077976E-4	9.279880711077976E-4	0	9.279880711077976E-4	9.279880711077976E-4	0	9.279880711077976E-4	9.279880711077976E-4	0	9.279880711077976E-4	9.279880711077976E-4	-335.44687467013256	-82.22726020750594
308	-417.51544518750165	-822.2413921596179	-417.51544518750165	-404.7259469721163	15.126738607423132	0.035284174785698785	0.04903420721741547	0.03132467350479434	0.06590877271207701	0.01484323824455945	0.044253251065612134	0.028399932990657878	0.013457861568131502	0.023365318007849342	0.02087924038797981	0.020295489838520336	0.03243608735286395	0.04917189106295271	0.027342033512586336	0.01953477687311464	0.014188097955153606	0.020835171358388957	0.03163945872355432	0.026294797946479362	0.03475478766098558	0.030967035738092216	0.019796044130630075	0.009378379451915317	0.03594860872711568	0.030643103134435717	0.007826154704205099	0.029452703761193896	0.01617794163406526	0.020003154697528877	0.014851780485001118	0.011647583926501434	0.013360775394999566	0.030600203654381528	0.04315175829994522	0.021871161649203552	0.018328941044018263	0.042751406197391595	5.502242190801644E-4	0.006774460389784647	9.027469369379932E-4	0.01054122487505698	0.0037172111461691187	1.1885229019702361	0.7933125780890113	2.649293304678942	2.784529964064021	2.7753127858810527	3.4409452840871673	4.141905414958229	9.027469369379932E-4	9.027469369379932E-4	9.027469369379932E-4	0	9.027469369379932E-4	9.027469369379932E-4	0	9.027469369379932E-4	9.027469369379932E-4	0	9.027469369379932E-4	9.027469369379932E-4	-333.5633359359487	-83.95210925155294
309	-417.45005725263815	-835.2294280599633	-417.45005725263815	-417.77937080732517	14.650469005756412	0.01536180423404876	0.04903420721741547	0.03132467350479434	0.06590877271207701	0.01484323824455945	0.044253251065612134	0.028399932990657878	0.013457861568131502	0.023365318007849342	0.02087924038797981	0.020295489838520336	0.03243608735286395	0.04917189106295271	0.027342033512586336	0.01953477687311464	0.03411046850680363	0.020835171358388957	0.03163945872355432	0.026294797946479362	0.03475478766098558	0.030967035738092216	0.019796044130630075	0.009378379451915317	0.03594860872711568	0.030643103134435717	0.007826154704205099	0.029452703761193896	0.01617794163406526	0.020003154697528877	0.014851780485001118	0.011647583926501434	0.013360775394999566	0.030600203654381528	0.04315175829994522	0.021871161649203552	0.018328941044018263	0.042751406197391595	7.627309691655566E-4	0.007402164971329317	0.0011375625638532483	0.008261537657132771	0.003817652282865162	1.526139583259097	0.6383512191032285	2.327177041626251	3.6729334040014625	3.7684275960611315	4.695605842966941	6.209304223850636	0.0011375625638532483	0.0011375625638532483	0.0011375625638532483	0	0.0011375625638532483	0.0011375625638532483	0	0.0011375625638532483	0.0011375625638532483	0	0.0011375625638532483	0.0011375625638532483	-334.2460317161815	-83.20402553645665
310	-417.2883412379409	-835.4509084927872	-417.2883412379409	-418.1625672548463	16.332580639440224	0.01536180423404876	0.04903420721741547	0.019911825571792552	0.06590877271207701	0.01484323824455945	0.044253251065612134	0.028399932990657878	0.013457861568131502	0.023365318007849342	0.02087924038797981	0.020295489838520336	0.03243608735286395	0.03936040358309466	0.027342033512586336	0.01953477687311464	0.03411046850680363	0.020835171358388957	0.03163945872355432	0.026294797946479362	0.03475478766098558	0.030967035738092216	0.031208892063631866	0.019189866931773367	0.03594860872711568	0.030643103134435717	0.007826154704205099	0.029452703761193896	0.01617794163406526	0.020003154697528877	0.026439211372747393	0.011647583926501434	0.013360775394999566	0.030600203654381528	0.04315175829994522	0.021871161649203552	0.018328941044018263	0.03116397530964532	3.670588960192799E-4	0.005863139960407671	7.643652774554918E-4	0.00819996060879955	0.0028877123871954248	1.3607711671761646	0.5931319380334187	1.7313227272350666	3.269939016171397	2.447148714403158	5.601884641003492	4.618499339607174	7.643652774554918E-4	7.643652774554918E-4	7.643652774554918E-4	0	7.643652774554918E-4	7.643652774554918E-4	0	7.643652774554918E-4	7.643652774554918E-4	0	7.643652774554918E-4	7.643652774554918E-4	-334.22631405579165	-83.0620271821493
311	-417.1478050955067	-813.9327254569006	-417.1478050955067	-396.78492036139386	15.494415775710708	0.01536180423404876	0.04903420721741547	0.019911825571792552	0.06590877271207701	0.01484323824455945	0.044253251065612134	0.028399932990657878	0.013457861568131502	0.023365318007849342	0.020915278003497434	0.028744628754670626	0.03243608735286395	0.03936040358309466	0.028965901205672537	0.01953477687311464	0.03411046850680363	0.020835171358388957	0.03163945872355432	0.026294797946479362	0.03475478766098558	0.022517896821941927	0.031208892063631866	0.019189866931773367	0.03594860872711568	0.030643103134435717	0.007826154704205099	0.029452703761193896	0.01617794163406526	0.020003154697528877	0.026439211372747393	0.011647583926501434	0.013360775394999566	0.030600203654381528	0.04315175829994522	0.020211256340599726	0.018328941044018263	0.03116397530964532	5.735808883439212E-4	0.006120205779775789	8.629303941638623E-4	0.0039314848062748245	0.002491753421445117	1.1338295296111782	0.5729895023772401	1.9968869610451208	3.064261548119859	2.054459674035879	3.0607090273394615	6.167358902986003	8.629303941638623E-4	8.629303941638623E-4	8.629303941638623E-4	0	8.629303941638623E-4	8.629303941638623E-4	0	8.629303941638623E-4	8.629303941638623E-4	0	8.629303941638623E-4	8.629303941638623E-4	-333.18171272190835	-83.96609237359837
312	-416.84993618699923	-829.7750563635736	-416.84993618699923	-412.92512017657435	17.58044555821129	0.01536180423404876	0.04903420721741547	0.019911825571792552	0.06590877271207701	0.009986099122798228	0.044253251065612134	0.028399932990657878	0.013457861568131502	0.028222457129610565	0.020915278003497434	0.028744628754670626	0.03243608735286395	0.03936040358309466	0.028965901205672537	0.01953477687311464	0.021901331543577623	0.020835171358388957	0.03163945872355432	0.03850393490970537	0.03475478766098558	0.022517896821941927	0.031208892063631866	0.019189866931773367	0.03594860872711568	0.030643103134435717	0.007826154704205099	0.029452703761193896	0.01617794163406526	0.020003154697528877	0.026439211372747393	0.011647583926501434	0.013360775394999566	0.030600203654381528	0.04315175829994522	0.020211256340599726	0.018328941044018263	0.03116397530964532	4.4509255679145703E-4	0.006377139514017055	0.0012132254890323628	0.005053237315729988	0.0026408772889220636	0.985166381454718	0.6869086725051649	1.2406045049279273	2.5439360325864366	2.4020344520595085	3.065582821950647	4.0086931146841875	0.0012132254890323628	0.0012132254890323628	0.0012132254890323628	0	0.0012132254890323628	0.0012132254890323628	0	0.0012132254890323628	0.0012132254890323628	0	0.0012132254890323628	0.0012132254890323628	-335.86109860169984	-80.98883758529936
313	-416.686574811897	-826.047723713607	-416.686574811897	-409.36114890171	18.48140011874164	0.01536180423404876	0.04903420721741547	0.019911825571792552	0.06590877271207701	0.009986099122798228	0.044253251065612134	0.028399932990657878	0.011121690203675205	0.028222457129610565	0.020915278003497434	0.023301947654770866	0.02320111407895907	0.03936040358309466	0.028965901205672537	0.01953477687311464	0.021901331543577623	0.023171342722845253	0.03163945872355432	0.03850393490970537	0.03475478766098558	0.022517896821941927	0.028675202421837076	0.019189866931773367	0.03594860872711568	0.03317679277623051	0.007826154704205099	0.029452703761193896	0.01617794163406526	0.010736276576933865	0.017077528993118526	0.03407453267473491	0.02207962607279655	0.030600203654381528	0.0485883433258405	0.020211256340599726	0.023771622143918023	0.022445124631848334	3.609979666286613E-4	0.005725960874634758	0.0018325949199928864	0.00576329052616513	0.0028258969797323582	0.676717834510521	0.5556740399609857	1.1383816337224324	2.14782050782205	2.2870695697647405	2.7884086407541067	3.6933371817553295	0.0018325949199928864	0.0018325949199928864	0.0018325949199928864	0	0.0018325949199928864	0.0018325949199928864	0	0.0018325949199928864	0.0018325949199928864	0	0.0018325949199928864	0.0018325949199928864	-333.3381480247248	-83.34842678717226
314	-416.6099838799	-821.8253069684971	-416.6099838799	-405.2153230885971	17.16076139894062	0.01536180423404876	0.04903420721741547	0.019911825571792552	0.06590877271207701	0.009986099122798228	0.044253251065612134	0.028399932990657878	0.011121690203675205	0.028222457129610565	0.027321535983208495	0.023301947654770866	0.02320111407895907	0.03936040358309466	0.022559643225961476	0.01953477687311464	0.021901331543577623	0.023171342722845253	0.03163945872355432	0.03850393490970537	0.03475478766098558	0.022517896821941927	0.028675202421837076	0.019189866931773367	0.03594860872711568	0.03317679277623051	0.007826154704205099	0.029452703761193896	0.01617794163406526	0.010736276576933865	0.017077528993118526	0.03407453267473491	0.02207962607279655	0.030600203654381528	0.0485883433258405	0.020211256340599726	0.023771622143918023	0.022445124631848334	7.034221482373511E-4	0.006422523008523218	0.001353758323663776	0.004457038001871797	0.002140940272321872	0.9660734581382135	0.580132549315928	0.8313462303722079	1.8193768675191515	2.7189588955583237	2.7198005096457263	4.241045126823487	0.001353758323663776	0.001353758323663776	0.001353758323663776	0	0.001353758323663776	0.001353758323663776	0	0.001353758323663776	0.001353758323663776	0	0.001353758323663776	0.001353758323663776	-332.9096624042233	-83.70032147567674
315	-416.42688180021014	-824.4089844829656	-416.42688180021014	-407.98210268275545	18.682623320900795	0.01536180423404876	0.04903420721741547	0.019911825571792552	0.06590877271207701	0.009986099122798228	0.044253251065612134	0.028399932990657878	0.011121690203675205	0.03752510634687499	0.027321535983208495	0.023301947654770866	0.02320111407895907	0.03936040358309466	0.022559643225961476	0.01953477687311464	0.021901331543577623	0.01824546990981034	0.03163945872355432	0.03850393490970537	0.03475478766098558	0.022517896821941927	0.01937255320457265	0.02411573974480828	0.03594860872711568	0.03317679277623051	0.007826154704205099	0.029452703761193896	0.01617794163406526	0.010736276576933865	0.017077528993118526	0.03861733770875052	0.02207962607279655	0.030600203654381528	0.04404553829182489	0.020211256340599726	0.023771622143918023	0.022445124631848334	3.274180653082931E-4	0.006200326091721283	0.001664367508447038	0.0038776802543343068	0.003294667030561113	0.6068336178828356	0.7139348667196025	0.7303080611401561	1.6369211070561207	2.582634466139038	2.2410178123547593	4.426999868929169	0.001664367508447038	0.001664367508447038	0.001664367508447038	0	0.001664367508447038	0.001664367508447038	0	0.001664367508447038	0.001664367508447038	0	0.001664367508447038	0.001664367508447038	-333.86586618544163	-82.56101561476851
316	-416.2258979359447	-836.6062636462595	-416.2258979359447	-420.38036571031483	19.69986688764255	0.01536180423404876	0.040200244632564885	0.019911825571792552	0.06590877271207701	0.009986099122798228	0.044253251065612134	0.028399932990657878	0.011121690203675205	0.03752510634687499	0.027321535983208495	0.023301947654770866	0.02320111407895907	0.03936040358309466	0.022559643225961476	0.01953477687311464	0.021901331543577623	0.01824546990981034	0.03163945872355432	0.047337897494555956	0.03475478766098558	0.022517896821941927	0.01937255320457265	0.02411573974480828	0.03594860872711568	0.03317679277623051	0.007826154704205099	0.029452703761193896	0.01617794163406526	0.010736276576933865	0.017077528993118526	0.03861733770875052	0.02207962607279655	0.030600203654381528	0.04404553829182489	0.020211256340599726	0.023771622143918023	0.022445124631848334	2.2630042064010356E-4	0.005747967190944584	0.001779482136222317	0.0063807544337035225	0.003529486843594982	0.9201549108334285	0.6134570258637565	1.1430349178183705	1.5450751322766823	2.5727730767927572	0.9712473774198926	2.0030313966121036	0.001779482136222317	0.001779482136222317	0.001779482136222317	0	0.001779482136222317	0.001779482136222317	0	0.001779482136222317	0.001779482136222317	0	0.001779482136222317	0.001779482136222317	-331.93266194496323	-84.29323599098149
317	-416.0535994196938	-826.420263291606	-416.0535994196938	-410.3666638719122	18.902587902575803	0.01858062407940475	0.027489690877009365	0.019911825571792552	0.06590877271207701	0.012022512971710406	0.044253251065612134	0.028399932990657878	0.011121690203675205	0.03752510634687499	0.027321535983208495	0.023301947654770866	0.02320111407895907	0.03936040358309466	0.022559643225961476	0.01953477687311464	0.021901331543577623	0.01824546990981034	0.04109063319542304	0.047337897494555956	0.03475478766098558	0.022517896821941927	0.01937255320457265	0.022079325895896104	0.03594860872711568	0.03317679277623051	0.007826154704205099	0.016782709443969188	0.01617794163406526	0.010736276576933865	0.017077528993118526	0.05132789146430604	0.02207962607279655	0.030600203654381528	0.04404553829182489	0.020211256340599726	0.023771622143918023	0.022445124631848334	6.921720000791989E-4	0.006080028051530906	0.0017589020119784197	0.007007690140122077	0.0036359309389231245	0.9102461518076376	0.7555122683392593	0.9444767728744241	2.0407391675466506	3.5127559040079346	1.2462301678236065	2.5538534380798947	0.0017589020119784197	0.0017589020119784197	0.0017589020119784197	0	0.0017589020119784197	0.0017589020119784197	0	0.0017589020119784197	0.0017589020119784197	0	0.0017589020119784197	0.0017589020119784197	-332.7034206987098	-83.350178720984
318	-415.7912893963321	-826.8219473986303	-415.7912893963321	-411.0306580022982	19.51982895331813	0.04364431643094069	0.027489690877009365	0.015838735141104843	0.06590877271207701	0.012022512971710406	0.044253251065612134	0.028399932990657878	0.011121690203675205	0.03752510634687499	0.027321535983208495	0.023301947654770866	0.02320111407895907	0.03936040358309466	0.022559643225961476	0.01953477687311464	0.021901331543577623	0.01824546990981034	0.04109063319542304	0.047337897494555956	0.03475478766098558	0.022517896821941927	0.01937255320457265	0.022079325895896104	0.04002169915780339	0.03317679277623051	0.007826154704205099	0.016782709443969188	0.03240187814997807	0.010736276576933865	0.017077528993118526	0.010040262596857294	0.02207962607279655	0.030600203654381528	0.04404553829182489	0.020211256340599726	0.023771622143918023	0.022445124631848334	3.362009996472011E-4	0.005950210917629094	0.0020922452265301926	0.005184287860571516	0.004927083684515871	0.935835836610179	0.7574879424225575	0.8059722549058912	2.0972657023384205	4.462632371656625	1.8495107783774674	2.899436012218506	0.0020922452265301926	0.0020922452265301926	0.0020922452265301926	0	0.0020922452265301926	0.0020922452265301926	0	0.0020922452265301926	0.0020922452265301926	0	0.0020922452265301926	0.0020922452265301926	-334.02529664344314	-81.76599275288893
319	-415.76406134485325	-824.7462733232564	-415.76406134485325	-408.98221197840314	20.094120915457633	0.04252491664090874	0.027489690877009365	0.021372375116620324	0.06590877271207701	0.012022512971710406	0.044253251065612134	0.028399932990657878	0.012748443154724065	0.03752510634687499	0.027321535983208495	0.023301947654770866	0.02320111407895907	0.06269196181032298	0.022559643225961476	0.01953477687311464	0.04453824828211103	0.01824546990981034	0.04109063319542304	0.024006339267327634	0.03475478766098558	0.022517896821941927	0.01937255320457265	0.022079325895896104	0.04002169915780339	0.03317679277623051	0.007826154704205099	0.016782709443969188	0.03240187814997807	0.011855676366965814	0.017077528993118526	0.010040262596857294	0.02045287312174769	0.030600203654381528	0.021408621553291485	0.020211256340599726	0.023771622143918023	0.016911484656332854	3.9436184823308514E-4	0.00602468109050657	0.0023241103769395	0.0055544433413177345	0.004924377502784285	1.0189598649247096	0.6798628786899411	1.1078138420285546	1.9434989547793344	3.974583575564021	1.3172072295176973	3.0054543789747807	0.0023241103769395	0.0023241103769395	0.0023241103769395	0	0.0023241103769395	0.0023241103769395	0	0.0023241103769395	0.0023241103769395	0	0.0023241103769395	0.0023241103769395	-334.5820564993411	-81.18200484551214
320	-415.64222334019803	-848.3577963683435	-415.64222334019803	-432.71557302814557	19.055806621073202	0.00802967048787917	0.01599480344852333	0.021372375116620324	0.06590877271207701	0.012022512971710406	0.044253251065612134	0.028399932990657878	0.012748443154724065	0.03752510634687499	0.027321535983208495	0.023301947654770866	0.02320111407895907	0.06269196181032298	0.022559643225961476	0.01953477687311464	0.04453824828211103	0.05274071606283991	0.04109063319542304	0.024006339267327634	0.03475478766098558	0.03401278425042796	0.01937255320457265	0.022079325895896104	0.04002169915780339	0.03317679277623051	0.007826154704205099	0.016782709443969188	0.03240187814997807	0.011855676366965814	0.017077528993118526	0.010040262596857294	0.02045287312174769	0.030600203654381528	0.021408621553291485	0.020211256340599726	0.023771622143918023	0.016911484656332854	4.953802362959997E-4	0.0055636635298274605	0.0030940470382625246	0.004773214703033737	0.005207176532580101	1.1879418922283664	0.5619459590809536	0.644327789379849	2.565536533340024	4.324825302437176	1.278244878979142	3.295255939758825	0.0030940470382625246	0.0030940470382625246	0.0030940470382625246	0	0.0030940470382625246	0.0030940470382625246	0	0.0030940470382625246	0.0030940470382625246	0	0.0030940470382625246	0.0030940470382625246	-332.2677120228261	-83.37451131737194
321	-415.412729641547	-860.3758183998696	-415.412729641547	-444.96308875832256	19.00286970996916	0.00802967048787917	0.01599480344852333	0.021372375116620324	0.06590877271207701	0.012022512971710406	0.044253251065612134	0.028399932990657878	0.012748443154724065	0.03752510634687499	0.027321535983208495	0.035713191617721435	0.02320111407895907	0.054281786521923156	0.022559643225961476	0.01953477687311464	0.04453824828211103	0.05274071606283991	0.04109063319542304	0.024006339267327634	0.03475478766098558	0.01905197745254926	0.01937255320457265	0.022079325895896104	0.04002169915780339	0.010200298265181734	0.03080264921525387	0.016782709443969188	0.03240187814997807	0.011855676366965814	0.017077528993118526	0.025001069394735995	0.02045287312174769	0.030600203654381528	0.021408621553291485	0.020211256340599726	0.019770553469367277	0.016911484656332854	4.2221793744264414E-4	0.005705212407857287	0.0025208614433786846	0.005023011344938005	0.00535092532007084	0.8532211164546343	0.7204705223546091	1.0056564080777834	2.2036667644161274	4.318243571847205	1.2831518131521589	2.88507686657214	0.0025208614433786846	0.0025208614433786846	0.0025208614433786846	0	0.0025208614433786846	0.0025208614433786846	0	0.0025208614433786846	0.0025208614433786846	0	0.0025208614433786846	0.0025208614433786846	-331.39404543948837	-84.01868420205861
322	-415.3612702147094	-848.7096472334828	-415.3612702147094	-433.34837701877336	18.823026016697312	0.00802967048787917	0.01599480344852333	0.021372375116620324	0.06590877271207701	0.012022512971710406	0.044253251065612134	0.028399932990657878	0.012748443154724065	0.048155653018319575	0.056830462688594124	0.035713191617721435	0.02320111407895907	0.024772859816537526	0.022559643225961476	0.01953477687311464	0.04453824828211103	0.05274071606283991	0.04109063319542304	0.024006339267327634	0.024124240989540996	0.01905197745254926	0.01937255320457265	0.017033513081942106	0.04002169915780339	0.006956600386055806	0.03080264921525387	0.016782709443969188	0.0298415709402806	0.011855676366965814	0.022123341807072525	0.02756137660443346	0.02045287312174769	0.030600203654381528	0.021408621553291485	0.023454954219725654	0.019770553469367277	0.016911484656332854	6.379591439343959E-4	0.006529610619251242	0.002500250093698396	0.00432987094964856	0.003211508352584155	1.0017643778903922	0.8350977799428707	0.9089387507697833	2.0327067913604564	3.1772874190673166	1.4134007725796998	3.902481511029181	0.002500250093698396	0.002500250093698396	0.002500250093698396	0	0.002500250093698396	0.002500250093698396	0	0.002500250093698396	0.002500250093698396	0	0.002500250093698396	0.002500250093698396	-332.9785505756237	-82.3827196390857
323	-415.175187516214	-849.2605626430526	-415.175187516214	-434.0853751268386	18.575498121918976	0.00802967048787917	0.022517010569318985	0.021372375116620324	0.06590877271207701	0.012022512971710406	0.044253251065612134	0.028399932990657878	0.012748443154724065	0.01270623041606754	0.056830462688594124	0.035713191617721435	0.02320111407895907	0.024772859816537526	0.05800906582821351	0.01953477687311464	0.04692880459805501	0.05274071606283991	0.04109063319542304	0.024006339267327634	0.024124240989540996	0.01905197745254926	0.01937255320457265	0.017033513081942106	0.033499492037007736	0.006956600386055806	0.03080264921525387	0.016782709443969188	0.0298415709402806	0.011855676366965814	0.022123341807072525	0.02756137660443346	0.02045287312174769	0.028209647338437546	0.021408621553291485	0.023454954219725654	0.019770553469367277	0.016911484656332854	0.0011901668419926755	0.0063480088020834964	0.0023912000418371457	0.007858420866940193	0.0027920877746675445	0.7262740250787509	0.6951436471252548	0.8769749484190431	1.4990952963023778	3.300139273994801	1.4725577083543668	2.5885996329969756	0.0023912000418371457	0.0023912000418371457	0.0023912000418371457	0	0.0023912000418371457	0.0023912000418371457	0	0.0023912000418371457	0.0023912000418371457	0	0.0023912000418371457	0.0023912000418371457	-334.3994613259076	-80.77572619030637
