#
#model:
#
#<?xml version="1.0" encoding="UTF-8" standalone="no"?><input id="posterior" spec="beast.base.inference.CompoundDistribution">
#    <distribution id="prior" spec="beast.base.inference.CompoundDistribution">
#        <distribution contemp="true" id="birthDeathSamplingModel" spec="bdsky.evolution.speciation.BirthDeathSkylineModel">
#            <parameter id="origin" name="origin" spec="beast.base.inference.parameter.RealParameter" upper="420.0001">420.001</parameter>
#            <parameter id="RealParameter" lower="0.0" name="birthRate" spec="beast.base.inference.parameter.RealParameter" upper="0.0">0.6</parameter>
#            <parameter id="RealParameter1" lower="0.0" name="deathRate" spec="beast.base.inference.parameter.RealParameter" upper="0.0">0.01</parameter>
#            <parameter id="RealParameter2" lower="0.0" name="samplingRate" spec="beast.base.inference.parameter.RealParameter" upper="0.0">0.0</parameter>
#            <parameter id="RealParameter3" lower="0.0" name="rho" spec="beast.base.inference.parameter.RealParameter" upper="0.0">1.0</parameter>
#            <tree IsLabelledNewick="true" id="tree" newick="((ASV171:154.4626526845564,((ASV071:140.6146834354222,(ASV126:133.69069501926472,(ASV145:126.76669739226352,(ASV002_0:6.923979756934053,ASV002_1:6.923979756934053,ASV002_3:6.923979756934053,ASV002_2:6.923979756934053):119.84271763532946):6.923997627001205):6.923988416157467):6.923985419883616,(ASV011_0:6.923979239890297,ASV011_1:6.923979239890297,ASV011_3:6.923979239890297,ASV011_2:6.923979239890297):140.61468961541553):6.923983829250555):126.07697419082876,((ASV125:118.10005330560426,(ASV175:111.1760624086905,ASV076:111.1760624086905):6.923990896913768):155.51558452766255,((ASV119:90.89942569574707,(ASV008_0:6.923979755800357,ASV008_1:6.923979755800357,ASV008_3:6.923979755800357,ASV008_2:6.923979755800357):83.97544593994671):175.79222390984975,((ASV118:186.15399047186608,(ASV133:179.23000920884323,ASV170:179.23000920884323):6.923981263022852):73.61367310184252,(ASV020:252.62485926958686,((((ASV041:224.92890580284973,(((ASV051:204.15695284955663,(ASV052:197.23297118967113,(ASV055:190.30898999923465,(((ASV070:169.53705664174217,(ASV075:162.61307621839507,(ASV088:155.68909584712844,(ASV093:148.7651154704039,(ASV094:141.8411350275797,(ASV120:134.9171544423871,(ASV124:127.99317360669562,(ASV149:121.06919234609502,(ASV150:114.145210331848,(ASV159:107.22122678911198,((ASV050_0:6.923979972093711,ASV050_1:6.923979972093711):93.373258972172,(ASV005_0:6.923979494403629,ASV005_1:6.923979494403629,ASV005_3:6.923979494403629,ASV005_2:6.923979494403629):93.37325944986209):6.923987844846267):6.923983542736038):6.923982014247003):6.923981260600603):6.923980835691495):6.923980585192569):6.923980442824226):6.923980376724546):6.923980371266612):6.923980423347114):6.92398048284529,(ASV061_0:6.92398108379934,ASV061_1:6.92398108379934):169.53705604078814):6.923980622325208,(ASV056_0:6.923981150492572,ASV056_1:6.923981150492572):176.46103549402147):6.923980815072276):6.923981190436501):6.923981659885491):6.9239823258838715,(ASV049_0:6.923981447424672,ASV049_1:6.923981447424672):204.15695372801585):6.923983382319638,(ASV046_0:6.923979972839342,ASV046_2:6.923979972839342,ASV046_1:6.923979972839342):211.08093609112476):6.923985181272909):6.923982284945711,(ASV037_0:6.923979294301163,ASV037_1:6.923979294301163,ASV037_3:6.923979294301163,ASV037_2:6.923979294301163):224.92890879349426):6.923983709886329,(ASV028_0:6.923981688647552,ASV028_1:6.923981688647552):231.85288699148666):6.9239865050870995,(ASV021_0:6.923979313793535,ASV021_1:6.923979313793535,ASV021_3:6.923979313793535,ASV021_2:6.923979313793535):238.77687568739339):6.9239945075443154):7.142804304121761):6.923984718554773):6.923985849877414):6.923986719748662):139.46037312461485" spec="beam.tree.BeamStartingTreeFromNewick">
#                <taxa fileName="/grid/siepel/home_norepl/staklins/bayesian_phylogenetic_metastasis/results/serio_prostate_cancer_data_11_18_24_asv_cutoff_50/beam/MMUS1467/CP01/CP01.fasta" id="alignment" spec="feast.fileio.AlignmentFromFasta">
#                    <sequence id="Sequence" spec="beast.base.evolution.alignment.Sequence" taxon="ASV020" totalcount="39" value="5,0,0,0,0,2,0,0,0,0"/>
#                    <sequence id="Sequence1" spec="beast.base.evolution.alignment.Sequence" taxon="ASV041" totalcount="39" value="9,38,0,0,0,2,0,0,0,0"/>
#                    <sequence id="Sequence2" spec="beast.base.evolution.alignment.Sequence" taxon="ASV051" totalcount="39" value="12,0,0,0,0,2,0,0,0,0"/>
#                    <sequence id="Sequence3" spec="beast.base.evolution.alignment.Sequence" taxon="ASV052" totalcount="39" value="13,0,0,0,0,2,0,0,0,0"/>
#                    <sequence id="Sequence4" spec="beast.base.evolution.alignment.Sequence" taxon="ASV055" totalcount="39" value="14,0,0,0,0,2,0,0,0,0"/>
#                    <sequence id="Sequence5" spec="beast.base.evolution.alignment.Sequence" taxon="ASV070" totalcount="39" value="17,0,0,0,0,2,0,0,0,0"/>
#                    <sequence id="Sequence6" spec="beast.base.evolution.alignment.Sequence" taxon="ASV071" totalcount="39" value="1,0,0,0,0,2,18,0,0,0"/>
#                    <sequence id="Sequence7" spec="beast.base.evolution.alignment.Sequence" taxon="ASV075" totalcount="39" value="19,0,0,0,0,2,0,0,0,0"/>
#                    <sequence id="Sequence8" spec="beast.base.evolution.alignment.Sequence" taxon="ASV076" totalcount="39" value="20,0,0,0,0,2,0,0,0,0"/>
#                    <sequence id="Sequence9" spec="beast.base.evolution.alignment.Sequence" taxon="ASV088" totalcount="39" value="21,0,0,0,0,2,0,0,0,0"/>
#                    <sequence id="Sequence10" spec="beast.base.evolution.alignment.Sequence" taxon="ASV093" totalcount="39" value="22,0,0,0,0,2,0,0,0,0"/>
#                    <sequence id="Sequence11" spec="beast.base.evolution.alignment.Sequence" taxon="ASV094" totalcount="39" value="23,0,0,0,0,2,0,0,0,0"/>
#                    <sequence id="Sequence12" spec="beast.base.evolution.alignment.Sequence" taxon="ASV118" totalcount="39" value="24,25,0,0,0,2,0,0,0,0"/>
#                    <sequence id="Sequence13" spec="beast.base.evolution.alignment.Sequence" taxon="ASV119" totalcount="39" value="3,0,0,0,0,2,4,0,0,0"/>
#                    <sequence id="Sequence14" spec="beast.base.evolution.alignment.Sequence" taxon="ASV120" totalcount="39" value="26,0,0,0,0,2,0,0,0,0"/>
#                    <sequence id="Sequence15" spec="beast.base.evolution.alignment.Sequence" taxon="ASV124" totalcount="39" value="27,0,0,0,0,2,0,0,0,0"/>
#                    <sequence id="Sequence16" spec="beast.base.evolution.alignment.Sequence" taxon="ASV125" totalcount="39" value="20,28,0,0,0,2,0,0,0,0"/>
#                    <sequence id="Sequence17" spec="beast.base.evolution.alignment.Sequence" taxon="ASV126" totalcount="39" value="1,0,0,0,0,2,29,0,0,0"/>
#                    <sequence id="Sequence18" spec="beast.base.evolution.alignment.Sequence" taxon="ASV133" totalcount="39" value="30,38,0,0,0,2,0,0,0,0"/>
#                    <sequence id="Sequence19" spec="beast.base.evolution.alignment.Sequence" taxon="ASV145" totalcount="39" value="1,0,0,0,0,2,31,0,0,0"/>
#                    <sequence id="Sequence20" spec="beast.base.evolution.alignment.Sequence" taxon="ASV149" totalcount="39" value="32,0,0,0,0,2,0,0,0,0"/>
#                    <sequence id="Sequence21" spec="beast.base.evolution.alignment.Sequence" taxon="ASV150" totalcount="39" value="33,0,0,0,0,2,0,0,0,0"/>
#                    <sequence id="Sequence22" spec="beast.base.evolution.alignment.Sequence" taxon="ASV159" totalcount="39" value="34,0,0,0,0,2,0,0,0,0"/>
#                    <sequence id="Sequence23" spec="beast.base.evolution.alignment.Sequence" taxon="ASV170" totalcount="39" value="35,25,0,0,0,2,0,0,0,0"/>
#                    <sequence id="Sequence24" spec="beast.base.evolution.alignment.Sequence" taxon="ASV171" totalcount="39" value="1,0,36,0,0,2,0,0,0,0"/>
#                    <sequence id="Sequence25" spec="beast.base.evolution.alignment.Sequence" taxon="ASV175" totalcount="39" value="20,37,0,0,0,2,0,0,0,0"/>
#                    <sequence id="Sequence26" spec="beast.base.evolution.alignment.Sequence" taxon="ASV002_0" totalcount="39" value="1,0,0,0,0,2,0,0,0,0"/>
#                    <sequence id="Sequence27" spec="beast.base.evolution.alignment.Sequence" taxon="ASV002_1" totalcount="39" value="1,0,0,0,0,2,0,0,0,0"/>
#                    <sequence id="Sequence28" spec="beast.base.evolution.alignment.Sequence" taxon="ASV002_2" totalcount="39" value="1,0,0,0,0,2,0,0,0,0"/>
#                    <sequence id="Sequence29" spec="beast.base.evolution.alignment.Sequence" taxon="ASV002_3" totalcount="39" value="1,0,0,0,0,2,0,0,0,0"/>
#                    <sequence id="Sequence30" spec="beast.base.evolution.alignment.Sequence" taxon="ASV005_0" totalcount="39" value="0,0,0,0,0,2,0,0,0,0"/>
#                    <sequence id="Sequence31" spec="beast.base.evolution.alignment.Sequence" taxon="ASV005_1" totalcount="39" value="0,0,0,0,0,2,0,0,0,0"/>
#                    <sequence id="Sequence32" spec="beast.base.evolution.alignment.Sequence" taxon="ASV005_2" totalcount="39" value="0,0,0,0,0,2,0,0,0,0"/>
#                    <sequence id="Sequence33" spec="beast.base.evolution.alignment.Sequence" taxon="ASV005_3" totalcount="39" value="0,0,0,0,0,2,0,0,0,0"/>
#                    <sequence id="Sequence34" spec="beast.base.evolution.alignment.Sequence" taxon="ASV008_0" totalcount="39" value="3,0,0,0,0,2,0,0,0,0"/>
#                    <sequence id="Sequence35" spec="beast.base.evolution.alignment.Sequence" taxon="ASV008_1" totalcount="39" value="3,0,0,0,0,2,0,0,0,0"/>
#                    <sequence id="Sequence36" spec="beast.base.evolution.alignment.Sequence" taxon="ASV008_2" totalcount="39" value="3,0,0,0,0,2,0,0,0,0"/>
#                    <sequence id="Sequence37" spec="beast.base.evolution.alignment.Sequence" taxon="ASV008_3" totalcount="39" value="3,0,0,0,0,2,0,0,0,0"/>
#                    <sequence id="Sequence38" spec="beast.base.evolution.alignment.Sequence" taxon="ASV011_0" totalcount="39" value="1,0,0,0,0,2,4,0,0,0"/>
#                    <sequence id="Sequence39" spec="beast.base.evolution.alignment.Sequence" taxon="ASV011_1" totalcount="39" value="1,0,0,0,0,2,4,0,0,0"/>
#                    <sequence id="Sequence40" spec="beast.base.evolution.alignment.Sequence" taxon="ASV011_2" totalcount="39" value="1,0,0,0,0,2,4,0,0,0"/>
#                    <sequence id="Sequence41" spec="beast.base.evolution.alignment.Sequence" taxon="ASV011_3" totalcount="39" value="1,0,0,0,0,2,4,0,0,0"/>
#                    <sequence id="Sequence42" spec="beast.base.evolution.alignment.Sequence" taxon="ASV021_0" totalcount="39" value="6,0,0,0,0,2,0,0,0,0"/>
#                    <sequence id="Sequence43" spec="beast.base.evolution.alignment.Sequence" taxon="ASV021_1" totalcount="39" value="6,0,0,0,0,2,0,0,0,0"/>
#                    <sequence id="Sequence44" spec="beast.base.evolution.alignment.Sequence" taxon="ASV021_2" totalcount="39" value="6,0,0,0,0,2,0,0,0,0"/>
#                    <sequence id="Sequence45" spec="beast.base.evolution.alignment.Sequence" taxon="ASV021_3" totalcount="39" value="6,0,0,0,0,2,0,0,0,0"/>
#                    <sequence id="Sequence46" spec="beast.base.evolution.alignment.Sequence" taxon="ASV028_0" totalcount="39" value="7,0,0,0,0,2,0,0,0,0"/>
#                    <sequence id="Sequence47" spec="beast.base.evolution.alignment.Sequence" taxon="ASV028_1" totalcount="39" value="7,0,0,0,0,2,0,0,0,0"/>
#                    <sequence id="Sequence48" spec="beast.base.evolution.alignment.Sequence" taxon="ASV037_0" totalcount="39" value="8,0,0,0,0,2,0,0,0,0"/>
#                    <sequence id="Sequence49" spec="beast.base.evolution.alignment.Sequence" taxon="ASV037_1" totalcount="39" value="8,0,0,0,0,2,0,0,0,0"/>
#                    <sequence id="Sequence50" spec="beast.base.evolution.alignment.Sequence" taxon="ASV037_2" totalcount="39" value="8,0,0,0,0,2,0,0,0,0"/>
#                    <sequence id="Sequence51" spec="beast.base.evolution.alignment.Sequence" taxon="ASV037_3" totalcount="39" value="8,0,0,0,0,2,0,0,0,0"/>
#                    <sequence id="Sequence52" spec="beast.base.evolution.alignment.Sequence" taxon="ASV046_0" totalcount="39" value="10,0,0,0,0,2,0,0,0,0"/>
#                    <sequence id="Sequence53" spec="beast.base.evolution.alignment.Sequence" taxon="ASV046_1" totalcount="39" value="10,0,0,0,0,2,0,0,0,0"/>
#                    <sequence id="Sequence54" spec="beast.base.evolution.alignment.Sequence" taxon="ASV046_2" totalcount="39" value="10,0,0,0,0,2,0,0,0,0"/>
#                    <sequence id="Sequence55" spec="beast.base.evolution.alignment.Sequence" taxon="ASV049_0" totalcount="39" value="11,0,0,0,0,2,0,0,0,0"/>
#                    <sequence id="Sequence56" spec="beast.base.evolution.alignment.Sequence" taxon="ASV049_1" totalcount="39" value="11,0,0,0,0,2,0,0,0,0"/>
#                    <sequence id="Sequence57" spec="beast.base.evolution.alignment.Sequence" taxon="ASV050_0" totalcount="39" value="0,0,0,0,0,2,4,0,0,0"/>
#                    <sequence id="Sequence58" spec="beast.base.evolution.alignment.Sequence" taxon="ASV050_1" totalcount="39" value="0,0,0,0,0,2,4,0,0,0"/>
#                    <sequence id="Sequence59" spec="beast.base.evolution.alignment.Sequence" taxon="ASV056_0" totalcount="39" value="15,0,0,0,0,2,0,0,0,0"/>
#                    <sequence id="Sequence60" spec="beast.base.evolution.alignment.Sequence" taxon="ASV056_1" totalcount="39" value="15,0,0,0,0,2,0,0,0,0"/>
#                    <sequence id="Sequence61" spec="beast.base.evolution.alignment.Sequence" taxon="ASV061_0" totalcount="39" value="16,0,0,0,0,2,0,0,0,0"/>
#                    <sequence id="Sequence62" spec="beast.base.evolution.alignment.Sequence" taxon="ASV061_1" totalcount="39" value="16,0,0,0,0,2,0,0,0,0"/>
#                    <userDataType id="EditData" nrOfStates="39" spec="tidetree.evolution.datatype.EditData"/>
#                </taxa>
#                <trait fileName="/grid/siepel/home_norepl/staklins/bayesian_phylogenetic_metastasis/results/serio_prostate_cancer_data_11_18_24_asv_cutoff_50/beam/MMUS1467/CP01/CP01_date_traits.csv" id="dateTrait" sep="," spec="feast.fileio.TraitSetFromXSV" traitname="date-forward" value="ASV020=420,ASV041=420,ASV051=420,ASV052=420,ASV055=420,ASV070=420,ASV071=420,ASV075=420,ASV076=420,ASV088=420,ASV093=420,ASV094=420,ASV118=420,ASV119=420,ASV120=420,ASV124=420,ASV125=420,ASV126=420,ASV133=420,ASV145=420,ASV149=420,ASV150=420,ASV159=420,ASV170=420,ASV171=420,ASV175=420,ASV002_0=420,ASV002_1=420,ASV002_2=420,ASV002_3=420,ASV005_0=420,ASV005_1=420,ASV005_2=420,ASV005_3=420,ASV008_0=420,ASV008_1=420,ASV008_2=420,ASV008_3=420,ASV011_0=420,ASV011_1=420,ASV011_2=420,ASV011_3=420,ASV021_0=420,ASV021_1=420,ASV021_2=420,ASV021_3=420,ASV028_0=420,ASV028_1=420,ASV037_0=420,ASV037_1=420,ASV037_2=420,ASV037_3=420,ASV046_0=420,ASV046_1=420,ASV046_2=420,ASV049_0=420,ASV049_1=420,ASV050_0=420,ASV050_1=420,ASV056_0=420,ASV056_1=420,ASV061_0=420,ASV061_1=420">
#                    <taxa alignment="@alignment" id="taxonset" spec="beast.base.evolution.alignment.TaxonSet"/>
#                </trait>
#                <taxonset idref="taxonset"/>
#            </tree>
#        </distribution>
#        <prior id="editRatePrior" name="distribution">
#            <parameter dimension="37" id="editRate" name="x" spec="beast.base.inference.parameter.RealParameter">0.0888888888 0.4666666666 0.037037037 0.0518518518 0.0074074074 0.0296296296 0.0148148148 0.0296296296 0.0074074074 0.0222222222 0.0148148148 0.0074074074 0.0074074074 0.0074074074 0.0148148148 0.0148148148 0.0074074074 0.0074074074 0.0074074074 0.0222222222 0.0074074074 0.0074074074 0.0074074074 0.0074074074 0.0148148148 0.0074074074 0.0074074074 0.0074074074 0.0074074074 0.0074074074 0.0074074074 0.0074074074 0.0074074074 0.0074074074 0.0074074074 0.0074074074 0.0074074074</parameter>
#            <Exponential id="Exponential" name="distr">
#                <parameter estimate="false" id="RealParameter4" name="mean" spec="beast.base.inference.parameter.RealParameter">0.01</parameter>
#            </Exponential>
#        </prior>
#        <prior id="silencingRatePrior" name="distribution">
#            <parameter id="silencingRate" lower="0.0" name="x" spec="beast.base.inference.parameter.RealParameter" upper="1000.0">1.0E-4</parameter>
#            <Exponential id="Exponential1" name="distr">
#                <parameter estimate="false" id="RealParameter5" name="mean" spec="beast.base.inference.parameter.RealParameter">1.0E-4</parameter>
#            </Exponential>
#        </prior>
#        <prior id="ClockPrior.c" name="distribution">
#            <parameter id="clockRate.c" name="x" spec="beast.base.inference.parameter.RealParameter">0.0016</parameter>
#            <Exponential id="Exponential2" name="distr">
#                <parameter estimate="false" id="RealParameter6" name="mean" spec="beast.base.inference.parameter.RealParameter">0.5</parameter>
#            </Exponential>
#        </prior>
#        <prior id="relativeGeoRatesPrior.s:tissue" name="distribution">
#            <parameter dimension="9" id="relativeGeoRates.s:tissue" name="x" spec="beast.base.inference.parameter.RealParameter">1.0</parameter>
#            <Exponential id="Exponential3" name="distr">
#                <parameter estimate="false" id="RealParameter7" name="mean" spec="beast.base.inference.parameter.RealParameter">1.0</parameter>
#            </Exponential>
#        </prior>
#        <prior id="geoclockPrior.c:tissue" name="distribution">
#            <parameter id="traitClockRate.c:tissue" name="x" spec="beast.base.inference.parameter.RealParameter">1.0</parameter>
#            <Exponential id="Exponential4" name="distr">
#                <parameter estimate="false" id="RealParameter8" name="mean" spec="beast.base.inference.parameter.RealParameter">1.0</parameter>
#            </Exponential>
#        </prior>
#    </distribution>
#    <distribution id="likelihood" spec="beast.base.inference.CompoundDistribution" useThreads="true">
#        <distribution data="@alignment" id="treeLikelihood" spec="beam.likelihood.BeamBeagleTreeLikelihood" tree="@tree">
#            <parameter id="RealParameter9" lower="0.0" name="origin" spec="beast.base.inference.parameter.RealParameter" upper="0.0">420.001</parameter>
#            <siteModel id="siteModel" spec="beast.base.evolution.sitemodel.SiteModel">
#                <parameter estimate="false" id="mutationRate" name="mutationRate" spec="beast.base.inference.parameter.RealParameter">1.0</parameter>
#                <parameter estimate="false" id="proportionInvariant" lower="0.0" name="proportionInvariant" spec="beast.base.inference.parameter.RealParameter" upper="1.0">0.0</parameter>
#                <substModel id="substModel" silencingRate="@silencingRate" spec="beam.substitutionmodel.BeamGeneralMutationSubstitutionModel">
#                    <parameter idref="editRate" name="editRates"/>
#                    <parameter id="RealParameter10" lower="0.0" name="editHeight" spec="beast.base.inference.parameter.RealParameter" upper="0.0">420.0</parameter>
#                    <parameter id="RealParameter11" lower="0.0" name="editDuration" spec="beast.base.inference.parameter.RealParameter" upper="0.0">420.0</parameter>
#                    <frequencies estimate="false" id="Frequencies" spec="beast.base.evolution.substitutionmodel.Frequencies">
#                        <parameter dimension="3" id="RealParameter12" lower="0.0" name="frequencies" spec="beast.base.inference.parameter.RealParameter" upper="0.0">1.0 0.0 0.0</parameter>
#                    </frequencies>
#                </substModel>
#            </siteModel>
#            <branchRateModel clock.rate="@clockRate.c" id="StrictClockModel" spec="beast.base.evolution.branchratemodel.StrictClockModel"/>
#        </distribution>
#        <distribution id="traitLikelihood" origin="@origin" spec="beam.likelihood.BeamAncestralStateBeagleTreeLikelihood" tag="location" tree="@tree">
#            <rootFrequencies estimate="false" id="Frequencies1" spec="beast.base.evolution.substitutionmodel.Frequencies">
#                <parameter dimension="4" id="RealParameter13" lower="0.0" name="frequencies" spec="beast.base.inference.parameter.RealParameter" upper="0.0">1.0 0.0 0.0 0.0</parameter>
#            </rootFrequencies>
#            <data id="tissue" spec="beastclassic.evolution.alignment.AlignmentFromTrait">
#                <traitSet fileName="/grid/siepel/home_norepl/staklins/bayesian_phylogenetic_metastasis/results/serio_prostate_cancer_data_11_18_24_asv_cutoff_50/beam/MMUS1467/CP01/CP01_tip_tissues.csv" id="traitset" sep="," spec="feast.fileio.TraitSetFromXSV" taxa="@taxonset" traitname="discrete" value="ASV020=FML,ASV041=LNSL,ASV051=PRL,ASV052=LNSL,ASV055=LNSL,ASV070=FML,ASV071=PRL,ASV075=FML,ASV076=FML,ASV088=FML,ASV093=FML,ASV094=FML,ASV118=FML,ASV119=LNSL,ASV120=PRL,ASV124=PRL,ASV125=FML,ASV126=PRL,ASV133=FML,ASV145=FML,ASV149=FML,ASV150=FML,ASV159=PRL,ASV170=FML,ASV171=UNL,ASV175=FML,ASV002_0=PRL,ASV002_1=LNSL,ASV002_2=FML,ASV002_3=UNL,ASV005_0=FML,ASV005_1=UNL,ASV005_2=LNSL,ASV005_3=PRL,ASV008_0=LNSL,ASV008_1=UNL,ASV008_2=PRL,ASV008_3=FML,ASV011_0=FML,ASV011_1=UNL,ASV011_2=LNSL,ASV011_3=PRL,ASV021_0=FML,ASV021_1=PRL,ASV021_2=UNL,ASV021_3=LNSL,ASV028_0=LNSL,ASV028_1=PRL,ASV037_0=FML,ASV037_1=UNL,ASV037_2=PRL,ASV037_3=LNSL,ASV046_0=FML,ASV046_1=UNL,ASV046_2=PRL,ASV049_0=PRL,ASV049_1=FML,ASV050_0=FML,ASV050_1=LNSL,ASV056_0=FML,ASV056_1=PRL,ASV061_0=LNSL,ASV061_1=FML"/>
#                <userDataType codeMap="PRL=0,FML=1,LNSL=2,UNL=3,? = 0 1 2 3" codelength="-1" id="codeMap" spec="beast.base.evolution.datatype.UserDataType" states="4"/>
#            </data>
#            <siteModel gammaCategoryCount="1" id="geoSiteModel.s:tissue" spec="beast.base.evolution.sitemodel.SiteModel">
#                <parameter estimate="false" id="mutationRate.s:tissue" name="mutationRate" spec="beast.base.inference.parameter.RealParameter">1.0</parameter>
#                <parameter estimate="false" id="gammaShape.s:tissue" name="shape" spec="beast.base.inference.parameter.RealParameter">1.0</parameter>
#                <parameter estimate="false" id="proportionInvariant.s:tissue" lower="0.0" name="proportionInvariant" spec="beast.base.inference.parameter.RealParameter" upper="1.0">0.0</parameter>
#                <substModel id="svs.s:tissue" rates="@relativeGeoRates.s:tissue" spec="beam.substitutionmodel.BeamNoReseedingTissueSubstitutionModel">
#                    <frequencies id="traitfreqs.s:tissue" spec="beast.base.evolution.substitutionmodel.Frequencies">
#                        <parameter dimension="4" id="traitfrequencies.s:tissue" name="frequencies" spec="beast.base.inference.parameter.RealParameter">0.25</parameter>
#                    </frequencies>
#                </substModel>
#            </siteModel>
#            <branchRateModel clock.rate="@traitClockRate.c:tissue" id="StrictClockModel.c:tissue" spec="beast.base.evolution.branchratemodel.StrictClockModel"/>
#        </distribution>
#    </distribution>
#</input>
#
Sample	NSlikelihood	posterior	likelihood	prior	treeHeight	editRate.1	editRate.2	editRate.3	editRate.4	editRate.5	editRate.6	editRate.7	editRate.8	editRate.9	editRate.10	editRate.11	editRate.12	editRate.13	editRate.14	editRate.15	editRate.16	editRate.17	editRate.18	editRate.19	editRate.20	editRate.21	editRate.22	editRate.23	editRate.24	editRate.25	editRate.26	editRate.27	editRate.28	editRate.29	editRate.30	editRate.31	editRate.32	editRate.33	editRate.34	editRate.35	editRate.36	editRate.37	silencingRate	clockRate.c	relativeGeoRates.1	relativeGeoRates.2	relativeGeoRates.3	relativeGeoRates.4	relativeGeoRates.5	relativeGeoRates.6	relativeGeoRates.7	relativeGeoRates.8	relativeGeoRates.9	traitClockRate	geoSubstModelLogger.relGeoRate_PRL_FML	geoSubstModelLogger.relGeoRate_PRL_LNSL	geoSubstModelLogger.relGeoRate_PRL_UNL	geoSubstModelLogger.relGeoRate_FML_PRL	geoSubstModelLogger.relGeoRate_FML_LNSL	geoSubstModelLogger.relGeoRate_FML_UNL	geoSubstModelLogger.relGeoRate_LNSL_PRL	geoSubstModelLogger.relGeoRate_LNSL_FML	geoSubstModelLogger.relGeoRate_LNSL_UNL	geoSubstModelLogger.relGeoRate_UNL_PRL	geoSubstModelLogger.relGeoRate_UNL_FML	geoSubstModelLogger.relGeoRate_UNL_LNSL	treeLikelihood	traitLikelihood
0	-3007.398296107242	-3476.2221254080823	-3007.398296107242	-468.82382930084054	264.1781572598908	0.07449072954188017	0.02603799945634022	0.037037037	0.050482129739035805	0.021805566658119824	0.0296296296	0.0148148148	0.0296296296	0.0074074074	0.0222222222	0.0148148148	0.003482834914971134	0.0074074074	0.0074074074	0.0148148148	0.0148148148	0.15105206253992143	0.0074074074	0.0074074074	0.02318643886260804	0.0074074074	0.0074074074	0.0074074074	0.0074074074	0.0148148148	0.06923483559560595	0.0074074074	0.0074074074	0.008777129460964195	0.0074074074	0.0074074074	0.011331979885028865	0.0074074074	0.05513253412791162	0.0074074074	0.19387464781761277	0.0074074074	1.5091791206962488E-4	0.29027584487552854	0.6707867221352184	1.3550984378027067	1.2126502941312953	0.6683562759531535	0.6671472318531289	0.965583025081572	1.2125398974997812	0.9814504584049281	1.0389142082689635	0.2643191602326747	0.6707867221352184	0.6707867221352184	0.6707867221352184	0	0.6707867221352184	0.6707867221352184	0	0.6707867221352184	0.6707867221352184	0	0.6707867221352184	0.6707867221352184	-2619.552254493123	-387.8460416141187
1	-1370.6756460054228	-1742.1354790107098	-1370.6756460054228	-371.459833005287	160.59589094104533	0.09295165654159408	0.02603799945634022	0.02367276518426737	0.050482129739035805	0.004528002180452118	0.04299390141573263	0.0148148148	0.0296296296	0.0074074074	0.0222222222	0.0148148148	0.012995364815308264	0.015172441977330576	0.0074074074	0.0148148148	0.0148148148	0.03041597572149468	0.0074074074	1.6269935947165262E-4	0.08570681613335093	0.0074074074	0.014652115440528347	0.003915725456718255	0.20613853549426664	0.0148148148	0.05077390859589204	0.0074074074	0.0074074074	0.008777129460964195	0.0074074074	0.0074074074	0.011331979885028865	0.0074074074	0.05513253412791162	0.0074074074	0.05675091121431175	0.0074074074	5.0693799156225154E-5	0.08399609883003889	0.6976350370331955	1.0592841764216265	1.8406713620100348	0.5850932985757679	1.2093413978420038	1.2766257601068072	0.9038982520005473	0.867366041520779	0.9631450344312461	0.22748653703112187	0.6976350370331955	0.6976350370331955	0.6976350370331955	0	0.6976350370331955	0.6976350370331955	0	0.6976350370331955	0.6976350370331955	0	0.6976350370331955	0.6976350370331955	-1037.0846759069238	-333.59097009849893
2	-1323.6991312516964	-1653.3948847635643	-1323.6991312516964	-329.69575351186785	76.29403024858897	0.08752434391287021	0.01541631881185157	0.06710864012083767	0.050482129739035805	0.004528002180452118	0.04299390141573263	0.0148148148	0.0066463187743182744	0.0074074074	0.0222222222	0.0148148148	0.012995364815308264	0.015172441977330576	0.0074074074	0.012545706213161402	0.0148148148	0.03041597572149468	0.0074074074	1.6269935947165262E-4	0.0841772763247832	0.0074074074	0.014652115440528347	0.006184834043556853	0.20613853549426664	0.0148148148	0.01795971430381038	0.0074074074	0.03192025803424946	0.008777129460964195	0.0074074074	0.0074074074	0.011331979885028865	0.0074074074	0.05513253412791162	0.0074074074	0.05675091121431175	0.012834720028723868	3.176567616250969E-4	0.07945438852118525	1.224179139437172	1.1946477389221146	1.457482599825529	0.41587669937858845	1.3881224867800175	2.102103923915638	1.1690891114000255	0.6053313445606453	0.7330107864403405	0.3372959038530415	1.224179139437172	1.224179139437172	1.224179139437172	0	1.224179139437172	1.224179139437172	0	1.224179139437172	1.224179139437172	0	1.224179139437172	1.224179139437172	-957.9658302317517	-365.73330101994463
3	-1098.5539361140525	-1405.3770554208995	-1098.5539361140525	-306.8231193068471	39.508698913434806	0.0945919133620211	0.01541631881185157	0.06710864012083767	0.050482129739035805	0.004528002180452118	0.04299390141573263	0.0148148148	0.0066463187743182744	0.0074074074	0.0222222222	0.0148148148	0.012995364815308264	0.008104872528179697	0.011767754017952149	0.012545706213161402	0.07114911087918471	0.01779619836155799	0.035282841267373785	1.6269935947165262E-4	0.0841772763247832	0.0074074074	0.056205838658177285	0.006184834043556853	0.04070244168977766	0.0148148148	0.01795971430381038	0.009285990098250586	0.03192025803424946	0.0032652880255378165	0.005528824701749414	0.003047060782047851	0.12043377761033312	0.016116267278057584	0.013819273787281525	0.0074074074	0.0380577733872246	0.012834720028723868	8.546967387110017E-5	0.06517221248646736	0.9410991734896746	1.5121034996454341	1.8546303350336166	0.3364300548489827	1.5243178836625637	1.8969661179854487	0.8686166522695306	0.39670408801759677	1.0651260752794616	0.17034611646319447	0.9410991734896746	0.9410991734896746	0.9410991734896746	0	0.9410991734896746	0.9410991734896746	0	0.9410991734896746	0.9410991734896746	0	0.9410991734896746	0.9410991734896746	-862.1599090437857	-236.3940270702668
4	-932.9013894807416	-1246.3445666885184	-932.9013894807416	-313.4431772077767	30.816796159367932	0.0945919133620211	0.01541631881185157	0.06710864012083767	0.050482129739035805	0.004528002180452118	0.04299390141573263	0.0148148148	0.0066463187743182744	0.0074074074	0.03908166211869654	0.0148148148	0.012995364815308264	0.01952435985901101	0.011767754017952149	0.012545706213161402	0.076344366642326	9.367584428614517E-4	0.035282841267373785	1.6269935947165262E-4	0.0841772763247832	0.0074074074	0.056205838658177285	0.012646806297954227	0.029282954358946345	0.0148148148	0.011497742049413007	0.009285990098250586	0.03192025803424946	0.0032652880255378165	0.005528824701749414	0.003047060782047851	0.13382338400351068	0.016116267278057584	0.013819273787281525	0.0074074074	0.019472911230905776	0.012834720028723868	1.7089174340312901E-4	0.041164879376361756	1.0829986196742647	1.2848502228276901	1.4292307177293844	0.4182529081975155	1.2114587728496253	1.5498936408925927	0.9582210749833208	0.3524042428105583	1.3009532635240275	0.0865132267466875	1.0829986196742647	1.0829986196742647	1.0829986196742647	0	1.0829986196742647	1.0829986196742647	0	1.0829986196742647	1.0829986196742647	0	1.0829986196742647	1.0829986196742647	-749.9350172458198	-182.96637223492178
5	-922.6367385021359	-1214.8246074128276	-922.6367385021359	-292.1878689106917	22.59106123736207	0.03634635210754243	0.01541631881185157	0.06710864012083767	0.050482129739035805	0.004528002180452118	0.054997863133595185	0.0148148148	0.04825318138179764	0.0074074074	0.03908166211869654	0.0148148148	9.914030974457096E-4	0.01952435985901101	0.0072292586629153395	0.04904746905650878	0.015300883780499513	0.0072836572478836015	0.039821336622410594	1.6269935947165262E-4	0.056076660804970396	0.0063625571032395085	0.056205838658177285	0.012646806297954227	0.023570969323282842	0.0148148148	0.014712535759439538	0.050810510555036145	0.03192025803424946	0.004310138322298308	0.005528824701749414	0.003047060782047851	0.13382338400351068	0.015481353508698937	0.03836099380576062	0.0074074074	0.019472911230905776	0.012834720028723868	3.587206055865748E-5	0.022540823864676915	1.1880236154596582	1.5241485827591588	0.9104675307316142	0.574268095826979	1.3368312532920228	1.87201941891528	1.0726053964541642	0.23047870807661192	1.403084040490897	0.09212738523890383	1.1880236154596582	1.1880236154596582	1.1880236154596582	0	1.1880236154596582	1.1880236154596582	0	1.1880236154596582	1.1880236154596582	0	1.1880236154596582	1.1880236154596582	-729.3288671977969	-193.30787130433907
6	-906.8815277853843	-1211.2610767403503	-906.8815277853843	-304.3795489549659	23.823786536650147	0.03698320560653455	0.01541631881185157	0.06710864012083767	0.050482129739035805	0.004020286735330825	0.054997863133595185	0.0148148148	0.02425542990591796	0.0074074074	0.03908166211869654	0.0148148148	0.0014991185425670024	0.03782446241536784	0.0022485784343483257	0.04904746905650878	0.015300883780499513	0.0072836572478836015	0.0491767970228507	0.004506526089046548	0.056076660804970396	0.0063625571032395085	0.056205838658177285	0.0032913458975141197	0.023570969323282842	0.0148148148	0.014712535759439538	0.0343629971433219	0.013620155477892623	0.004310138322298308	0.005528824701749414	0.003047060782047851	0.15782113547939036	0.015481353508698937	0.03836099380576062	0.023854920811714243	0.019472911230905776	0.012834720028723868	4.9672406833322356E-5	0.021968065401496036	1.0373977760946855	1.8296620600173927	0.7259974864161282	0.42267009022802116	1.6618667824209994	2.017042609848563	1.1086945598523987	0.24932447841183028	1.441059385398845	0.11131591075538183	1.0373977760946855	1.0373977760946855	1.0373977760946855	0	1.0373977760946855	1.0373977760946855	0	1.0373977760946855	1.0373977760946855	0	1.0373977760946855	1.0373977760946855	-717.0381031136344	-189.8434246717499
7	-904.5443880350848	-1187.2589642140813	-904.5443880350848	-282.71457617899654	11.739995343165356	0.03698320560653455	0.01541631881185157	0.06710864012083767	0.050482129739035805	0.004020286735330825	0.06299208283298381	0.0148148148	0.02425542990591796	0.023368731375753894	0.07293681039796926	0.0148148148	0.0014991185425670024	0.03782446241536784	0.0022485784343483257	0.04904746905650878	0.015300883780499513	0.0072836572478836015	0.0491767970228507	0.004506526089046548	0.043742663367656615	0.0063625571032395085	0.03214727576411201	0.003832319079700497	0.023570969323282842	0.0148148148	0.013312876891785175	5.078488640491846E-4	0.013620155477892623	0.021774140384629315	0.005528824701749414	0.003047060782047851	0.15782113547939036	0.01494038032651256	0.0506949912430744	0.007893596835960349	0.019472911230905776	0.012834720028723868	1.1033538300677404E-5	0.005343907031797413	1.0584022546843397	1.768554216903256	0.7440189491384243	0.7567442387037392	2.469774484877453	2.8081777447030873	0.8876946122465879	0.20122449499114764	1.0536985479189056	0.05029052396498888	1.0584022546843397	1.0584022546843397	1.0584022546843397	0	1.0584022546843397	1.0584022546843397	0	1.0584022546843397	1.0584022546843397	0	1.0584022546843397	1.0584022546843397	-719.150463207551	-185.39392482753385
8	-897.3982714841666	-1178.4673485078229	-897.3982714841666	-281.0690770236563	9.657142403800947	0.03698320560653455	0.0010839596971297105	0.06710864012083767	0.050482129739035805	0.004020286735330825	0.06299208283298381	0.15552309756473667	0.02425542990591796	0.023368731375753894	0.07293681039796926	0.0148148148	0.015831477657288862	0.03782446241536784	0.0022485784343483257	0.07505018853330656	0.015300883780499513	0.0072836572478836015	0.06445511411057846	0.004506526089046548	0.0103230886340889	0.0063625571032395085	0.006144556287314237	0.003832319079700497	0.023570969323282842	0.0148148148	0.013312876891785175	5.078488640491846E-4	0.013620155477892623	0.00649582329690156	0.005528824701749414	0.03646663551561556	0.01711285271465368	0.01494038032651256	0.0506949912430744	0.007893596835960349	0.019472911230905776	0.012834720028723868	5.7092528051155565E-5	0.020082996011444535	1.1119979408656824	2.084177757310547	0.8622765245050248	0.8414993816726661	3.3889359918676254	1.9717086907688441	0.5635915875873226	0.21641905208879875	1.0095434102123892	0.04567434331650805	1.1119979408656824	1.1119979408656824	1.1119979408656824	0	1.1119979408656824	1.1119979408656824	0	1.1119979408656824	1.1119979408656824	0	1.1119979408656824	1.1119979408656824	-709.2939213836908	-188.10435010047578
9	-892.6456961083707	-1160.8991509339253	-892.6456961083707	-268.2534548255547	7.093573834881122	0.03698320560653455	0.0010839596971297105	0.07842091408239221	0.03916985577748126	0.004020286735330825	0.06299208283298381	0.008148761278570421	0.02425542990591796	0.05565346114120162	0.07293681039796926	0.0148148148	0.015831477657288862	0.029695963638259645	0.0022485784343483257	0.013940473924629021	0.015300883780499513	0.11900635746210753	0.06445511411057846	0.004506526089046548	0.0103230886340889	0.0063625571032395085	0.006144556287314237	0.003832319079700497	0.023570969323282842	0.0148148148	0.006975751509298189	5.078488640491846E-4	0.013620155477892623	0.00649582329690156	0.005528824701749414	0.03646663551561556	0.08635106610043941	0.01830728663300717	0.0506949912430744	0.007893596835960349	0.02581003661339276	0.012834720028723868	1.5507921932221102E-5	0.019439436850712002	1.5691170600542679	1.3758610353001208	0.8342066711488368	0.7814056496824958	2.308132266477207	1.3864786855775235	0.33717782096827376	0.21409267557593856	1.021996734315314	0.08410784926778477	1.5691170600542679	1.5691170600542679	1.5691170600542679	0	1.5691170600542679	1.5691170600542679	0	1.5691170600542679	1.5691170600542679	0	1.5691170600542679	1.5691170600542679	-701.1322652366811	-191.51343087168954
10	-880.5911750925789	-1153.907995128669	-880.5911750925789	-273.31682003609006	5.756232689807193	0.033276200524764085	0.0010839596971297105	0.07842091408239221	0.03916985577748126	0.004020286735330825	0.09052238585529011	0.008148761278570421	0.02425542990591796	0.05565346114120162	0.07293681039796926	0.018521819881770464	0.015831477657288862	0.1189240073521952	0.0022485784343483257	0.013940473924629021	0.015300883780499513	0.09147605443980122	0.0019426771396798687	0.06701896305994513	0.0103230886340889	0.0063625571032395085	0.006144556287314237	0.003832319079700497	0.023570969323282842	0.0148148148	0.006975751509298189	5.078488640491846E-4	0.013620155477892623	0.00649582329690156	0.005528824701749414	0.03646663551561556	0.005938810311583942	0.01830728663300717	0.0506949912430744	0.007893596835960349	0.016994248688312674	0.012834720028723868	1.6386938016518354E-4	0.00982677770153143	0.9250688898798819	2.3299560329659217	0.8039168121750924	1.070447004615871	2.37186142037771	1.74776032595724	0.24064869113987805	0.16183441216068914	0.6112891284301403	0.044784340560404735	0.9250688898798819	0.9250688898798819	0.9250688898798819	0	0.9250688898798819	0.9250688898798819	0	0.9250688898798819	0.9250688898798819	0	0.9250688898798819	0.9250688898798819	-702.2860487620964	-178.3051263304825
11	-878.3190579569998	-1141.69929956244	-878.3190579569998	-263.38024160544035	5.937505645371786	0.033276200524764085	0.0010839596971297105	0.06701587213491883	0.050574897724954646	0.006130849218362256	0.09052238585529011	0.008148761278570421	0.02425542990591796	0.05565346114120162	0.07293681039796926	0.018521819881770464	0.015831477657288862	0.03143157989529877	0.0022485784343483257	0.011071646356850845	0.015300883780499513	0.08705163219535628	0.0019426771396798687	0.06701896305994513	0.00821252615105747	0.0063625571032395085	0.006144556287314237	0.003832319079700497	0.023570969323282842	0.007698591600486561	0.006975751509298189	5.078488640491846E-4	0.013620155477892623	0.00649582329690156	0.005528824701749414	0.03646663551561556	0.005938810311583942	0.01830728663300717	0.06107163722770857	0.028107611872467787	0.016994248688312674	0.08414595947621527	2.0516399320056808E-4	0.020341796838532666	0.7041189100450097	1.415752203826349	0.6238232571270461	0.8136962401269199	1.7797676330349423	2.0967723709104953	0.22867849904536014	0.11506055013292069	1.1576084934326607	0.09018711018492405	0.7041189100450097	0.7041189100450097	0.7041189100450097	0	0.7041189100450097	0.7041189100450097	0	0.7041189100450097	0.7041189100450097	0	0.7041189100450097	0.7041189100450097	-713.3676240906473	-164.95143386635255
12	-869.9054719555221	-1144.1043474140977	-869.9054719555221	-274.1988754585756	5.871374560427176	0.010820695612206985	0.0010839596971297105	0.06701587213491883	0.050574897724954646	0.006130849218362256	0.09052238585529011	0.008148761278570421	0.04671093481847506	0.05565346114120162	0.07293681039796926	0.018521819881770464	0.015831477657288862	0.03143157989529877	0.0022485784343483257	0.011071646356850845	0.015300883780499513	0.09251630348354845	0.027058914806426068	0.06701896305994513	0.00821252615105747	0.0063625571032395085	0.006144556287314237	0.003832319079700497	0.023570969323282842	0.007698591600486561	0.006975751509298189	0.05015806293535806	0.014133890247258404	0.00649582329690156	0.005528824701749414	0.031001964227423393	0.005938810311583942	0.01830728663300717	0.06107163722770857	0.028107611872467787	0.016994248688312674	0.008865772968794414	1.2215145058256538E-4	0.025793812949597303	0.9760358323256753	1.5436081671722077	0.904037011311619	0.91392083353753	1.8062773393859726	2.0237884621594504	0.20138953945176094	0.3578366621960993	0.9361251276322701	0.04044667914316728	0.9760358323256753	0.9760358323256753	0.9760358323256753	0	0.9760358323256753	0.9760358323256753	0	0.9760358323256753	0.9760358323256753	0	0.9760358323256753	0.9760358323256753	-689.3863736597926	-180.51909829572944
13	-864.2305135251094	-1145.7699340372194	-864.2305135251094	-281.53942051211	6.663034360921523	0.010820695612206985	0.0010839596971297105	0.06701587213491883	0.05053611889144176	0.006130849218362256	0.08168091264048379	0.008148761278570421	0.04671093481847506	0.05565346114120162	0.08177828361277559	0.018521819881770464	0.022180981290322078	0.017471761078269532	0.0022485784343483257	0.011071646356850845	0.015300883780499513	0.06852242394441188	0.027097693639938955	0.05847222723410404	0.00821252615105747	0.0063625571032395085	0.006144556287314237	0.02782619861883706	0.023570969323282842	0.007698591600486561	0.006975751509298189	0.05015806293535806	0.014133890247258404	1.4631966386834463E-4	0.005528824701749414	0.031001964227423393	0.005938810311583942	0.01830728663300717	0.0835781918705789	0.028107611872467787	0.016994248688312674	0.008865772968794414	2.579207660294296E-5	0.011284289810954118	0.7096943565379511	1.0667938816986213	0.9799080436529144	0.9703606177804469	1.5844469783546848	2.642099147599807	0.19920849945915764	0.32361253343610213	1.0314434631730345	0.08999515656143255	0.7096943565379511	0.7096943565379511	0.7096943565379511	0	0.7096943565379511	0.7096943565379511	0	0.7096943565379511	0.7096943565379511	0	0.7096943565379511	0.7096943565379511	-703.8892089649814	-160.3413045601279
14	-864.0604686680582	-1141.3802600279657	-864.0604686680582	-277.3197913599075	7.099303724750066	0.010820695612206985	0.0010839596971297105	0.029914686510561783	0.013978425185255425	0.03659098855492003	0.07531705430496578	0.01684273511117293	0.013606336711525738	0.06098505704147328	0.027114041088867363	0.04272279395714316	0.022180981290322078	0.06878022981311127	0.0022485784343483257	0.011071646356850845	0.015300883780499513	0.06852242394441188	0.027097693639938955	0.007163758499262304	0.00821252615105747	0.0063625571032395085	0.007176818722560582	0.02782619861883706	0.023570969323282842	0.044256285306672895	0.006975751509298189	0.05015806293535806	0.014133890247258404	3.5596986284246526E-4	0.005528824701749414	0.030862463770965895	0.060742553291949664	0.01830728663300717	0.0835781918705789	0.028107611872467787	0.016994248688312674	0.015506819256593682	1.496734552183528E-4	0.011745945323676872	0.8806186060811587	0.9744182946452606	0.4779280589000437	0.8971289533396487	1.4750201771690756	2.795388458841159	0.22169608766634688	0.3296864989742102	1.1120128960925806	0.09415318926650783	0.8806186060811587	0.8806186060811587	0.8806186060811587	0	0.8806186060811587	0.8806186060811587	0	0.8806186060811587	0.8806186060811587	0	0.8806186060811587	0.8806186060811587	-694.5277874665396	-169.53268120151859
15	-863.2679918789675	-1148.7742277225716	-863.2679918789675	-285.50623584360414	7.11198382183777	0.027024359059540468	0.0010839596971297105	0.029914686510561783	0.013978425185255425	0.03659098855492003	0.07531705430496578	0.01684273511117293	0.013606336711525738	0.06098505704147328	0.027114041088867363	0.04272279395714316	0.020215970077494972	0.018724689326561572	0.0022485784343483257	0.010554791258906876	0.015300883780499513	0.06852242394441188	0.027097693639938955	0.007163758499262304	0.00821252615105747	0.029564941435462833	0.007176818722560582	0.02782619861883706	0.023570969323282842	0.02105390097444957	0.006975751509298189	0.052123074148185164	0.014650745345202373	3.5596986284246526E-4	0.005528824701749414	0.030862463770965895	0.09459443033116588	0.01830728663300717	5.975521257169797E-4	0.028107611872467787	0.09997488843317459	0.015506819256593682	2.694799301100597E-4	0.02656053285368938	1.029106898493839	0.4412700458650972	0.4030823607814469	1.2558373808099765	1.0485005509605372	3.74522483109787	0.2079686179450863	0.3913176870487035	1.367268306828703	0.0795117057251007	1.029106898493839	1.029106898493839	1.029106898493839	0	1.029106898493839	1.029106898493839	0	1.029106898493839	1.029106898493839	0	1.029106898493839	1.029106898493839	-713.017416001426	-150.2505758775415
16	-855.7626523758555	-1144.9142851627846	-855.7626523758555	-289.1516327869291	7.676401798296178	0.027024359059540468	0.0010839596971297105	0.029914686510561783	0.013978425185255425	0.03659098855492003	0.052740051480531694	0.01684273511117293	0.013606336711525738	0.06098505704147328	0.012485390766451693	0.0249449092863435	0.020215970077494972	0.07422719774452446	0.0022485784343483257	0.00339108239230565	0.0402424773179004	0.06852242394441188	0.043180450281127256	0.007163758499262304	0.00821252615105747	0.013482184794274533	0.007176818722560582	0.02782619861883706	0.023570969323282842	0.02105390097444957	0.006975751509298189	0.02917328559246256	0.014650745345202373	3.5596986284246526E-4	0.005528824701749414	0.030862463770965895	0.09459443033116588	0.022960219917616643	5.975521257169797E-4	0.028107611872467787	0.09997488843317459	0.015506819256593682	4.489380476832932E-4	0.010434855112110798	0.8871374771809338	0.5632362538151454	0.51620102014835	1.1372901112569536	0.881606322622971	4.1053935640196615	0.1684702330467822	0.32415886701144275	1.9805500677529144	0.13411926538621857	0.8871374771809338	0.8871374771809338	0.8871374771809338	0	0.8871374771809338	0.8871374771809338	0	0.8871374771809338	0.8871374771809338	0	0.8871374771809338	0.8871374771809338	-690.6191254006886	-165.1435269751669
17	-843.2180119565012	-1133.2974438953033	-843.2180119565012	-290.07943193880203	10.263292770907311	0.016528334108622075	0.0010839596971297105	0.029914686510561783	0.013978425185255425	0.03659098855492003	0.010922098163566	0.01684273511117293	0.04788431103997322	0.06098505704147328	0.012485390766451693	0.03544093423726189	0.020215970077494972	0.07422719774452446	0.0022485784343483257	0.045209035709271345	0.0402424773179004	0.06852242394441188	0.01978627127714648	0.002211987026834991	0.00821252615105747	0.018433956266701846	0.007176818722560582	0.04218774873792508	0.011599773463891627	0.02105390097444957	0.006975751509298189	0.02917328559246256	0.014650745345202373	3.5596986284246526E-4	0.005528824701749414	0.030862463770965895	0.09459443033116588	0.022960219917616643	5.975521257169797E-4	0.01722381654800108	0.08561333831408657	0.027478015115984897	1.0761129023301478E-4	0.012482217965382758	0.829793521567395	0.9300076761507264	0.33678088737835	1.4738213881962174	0.7266456401457891	2.945069608367713	0.1083387822015166	0.35463528051437604	1.8847530953237526	0.0761634350474835	0.829793521567395	0.829793521567395	0.829793521567395	0	0.829793521567395	0.829793521567395	0	0.829793521567395	0.829793521567395	0	0.829793521567395	0.829793521567395	-706.0622327702782	-137.1557791862229
18	-839.2647126465279	-1127.897630617559	-839.2647126465279	-288.632917971031	9.512030632535613	0.016528334108622075	0.0010839596971297105	0.029914686510561783	0.013978425185255425	0.03659098855492003	0.010922098163566	0.01684273511117293	0.04788431103997322	0.06098505704147328	0.012485390766451693	0.03544093423726189	0.020215970077494972	0.014176542195496467	0.0022485784343483257	0.045209035709271345	0.0402424773179004	0.06852242394441188	0.01978627127714648	0.002211987026834991	0.00821252615105747	0.018433956266701846	0.007176818722560582	0.04218774873792508	0.011599773463891627	0.02105390097444957	0.01634674870401065	0.019802288397750098	0.014650745345202373	3.5596986284246526E-4	0.005528824701749414	0.03862688933920376	0.08683000476292801	0.022960219917616643	5.975521257169797E-4	0.01722381654800108	0.08287262146178487	0.0902693875173146	6.761182549883776E-5	0.02262111686839239	1.5657306050222692	0.8973538198306603	0.35050326738566073	2.0014756060001324	0.7074124908184523	2.124686299928935	0.1541329873714485	0.6992670378636059	1.4738350487388894	0.0678369857794989	1.5657306050222692	1.5657306050222692	1.5657306050222692	0	1.5657306050222692	1.5657306050222692	0	1.5657306050222692	1.5657306050222692	0	1.5657306050222692	1.5657306050222692	-687.9622401408642	-151.30247250566364
19	-808.5091592768961	-1105.6670129700858	-808.5091592768961	-297.1578536931897	9.382113262282235	0.02460663863189859	0.029068857469334852	0.029914686510561783	0.013978425185255425	0.028512684031643518	0.033682564118400385	0.01684273511117293	0.04788431103997322	0.032816703428843796	0.012485390766451693	0.03544093423726189	0.020215970077494972	0.014176542195496467	0.0022485784343483257	0.017224137937066203	0.023421711732997313	0.09669077755704136	0.01978627127714648	0.002211987026834991	0.00821252615105747	0.018433211905777836	0.007176818722560582	0.00788072600372669	0.011599773463891627	0.02105390097444957	0.01634749306493466	0.019802288397750098	0.014650745345202373	0.03466299259704085	0.005528824701749414	0.015866423384369374	0.0599495883916531	0.022960219917616643	5.975521257169797E-4	0.06092499850417908	0.08287262146178487	0.0902693875173146	1.1756088078205443E-4	0.021452994452650236	1.705969353221907	0.9650912934133998	0.45341645681922277	1.7354284816287613	0.7370541281212988	1.9704623690226666	0.24570405017179983	0.7258640685725454	1.4803899839474215	0.0516988731155046	1.705969353221907	1.705969353221907	1.705969353221907	0	1.705969353221907	1.705969353221907	0	1.705969353221907	1.705969353221907	0	1.705969353221907	1.705969353221907	-664.6279783980726	-143.8811808788235
20	-803.4203979410081	-1087.4450824703665	-803.4203979410081	-284.02468452935847	8.885222908700062	0.023520489302949574	0.016562124987364868	0.010445336019085538	0.013978425185255425	0.03581885252352977	0.033682564118400385	0.010184025959812465	0.07118763673621172	0.010599527061554315	0.012485390766451693	0.03544093423726189	0.03272270255946495	0.034517359981021234	0.0022485784343483257	0.029387319936656192	0.023421711732997313	0.09669077755704136	0.01978627127714648	0.002211987026834991	0.00821252615105747	0.018433211905777836	0.0613603578565599	0.00788072600372669	0.09533399004097776	0.02105390097444957	0.01634749306493466	0.03350978491152222	9.432488314302517E-4	0.03466299259704085	0.012187533853109878	0.015866423384369374	0.0057660492576537825	0.022960219917616643	5.975521257169797E-4	0.06092499850417908	0.0625318036762601	0.006535170940228471	1.3386024630008248E-4	0.016237835871955847	1.5550734482886153	1.0882048640549256	0.5189958225659067	1.876366968009297	0.9784189857485509	2.149412545991669	0.1932915116248504	1.0845961265407142	1.0312016064749998	0.05854991227989691	1.5550734482886153	1.5550734482886153	1.5550734482886153	0	1.5550734482886153	1.5550734482886153	0	1.5550734482886153	1.5550734482886153	0	1.5550734482886153	1.5550734482886153	-669.5996564812067	-133.82074145980147
21	-803.0208261564778	-1083.1863805264254	-803.0208261564778	-280.1655543699476	7.193594354159913	0.023520489302949574	0.016562124987364868	0.010445336019085538	0.06397819343867277	0.03581885252352977	0.033682564118400385	0.05948943900214351	0.07118763673621172	0.010599527061554315	0.012485390766451693	0.03544093423726189	0.049975560715396536	0.030652006199035964	0.0022485784343483257	0.04938621181493316	0.031856272461862484	0.00333050787472855	0.02365162505913175	0.002211987026834991	0.00821252615105747	0.018433211905777836	0.011360589603142554	0.00788072600372669	0.09533399004097776	0.02105390097444957	0.013935306963392624	0.01150744477622788	9.432488314302517E-4	0.03466299259704085	0.012187533853109878	0.0840238746624161	0.0057660492576537825	0.02374095189606672	5.975521257169797E-4	0.06092499850417908	0.01637669253350771	0.006535170940228471	1.1121963826870253E-4	0.015506202547537097	1.3320378736960692	1.2469623371336735	0.3476199783998797	1.8931572317960734	0.7660197651450313	2.023312572919393	0.34260986934640525	1.0828563055702864	0.8404843495949808	0.05336157803410821	1.3320378736960692	1.3320378736960692	1.3320378736960692	0	1.3320378736960692	1.3320378736960692	0	1.3320378736960692	1.3320378736960692	0	1.3320378736960692	1.3320378736960692	-661.4731140923379	-141.5477120641399
22	-796.1598409548636	-1073.1198260561632	-796.1598409548636	-276.9599851012996	7.054674003475433	0.023520489302949574	0.016562124987364868	0.010445336019085538	0.06397819343867277	0.03581885252352977	0.033682564118400385	0.05911505075843168	0.07118763673621172	0.010599527061554315	0.012485390766451693	0.027629474981283965	0.049975560715396536	0.030652006199035964	0.0022485784343483257	0.04938621181493316	0.031856272461862484	0.00333050787472855	0.02365162505913175	0.002211987026834991	0.00821252615105747	0.018433211905777836	0.011360589603142554	0.015692185259704616	0.048522994984042334	0.02105390097444957	0.06074630202032805	0.01150744477622788	9.432488314302517E-4	0.03466299259704085	0.012187533853109878	0.08439826290612794	0.0057660492576537825	0.02374095189606672	5.975521257169797E-4	0.06092499850417908	0.01637669253350771	0.006535170940228471	9.491927298986325E-5	0.010995653861295763	1.1350398441376388	1.483044008788389	0.4183697801955193	2.023990782673916	0.8139872414523945	2.056763767940657	0.3072879687451299	0.9591142967865013	0.5967497611630059	0.04703676931032275	1.1350398441376388	1.1350398441376388	1.1350398441376388	0	1.1350398441376388	1.1350398441376388	0	1.1350398441376388	1.1350398441376388	0	1.1350398441376388	1.1350398441376388	-648.6048385690501	-147.5550023858135
23	-792.783489472782	-1093.7484089922184	-792.783489472782	-300.9649195194365	7.423306460784316	0.023520489302949574	0.016562124987364868	0.010445336019085538	0.03393293735666862	0.03581885252352977	0.033682564118400385	0.05911505075843168	0.07533152655635662	0.010599527061554315	0.008341500946306785	0.027629474981283965	0.049975560715396536	0.0463868863875343	0.0022485784343483257	0.04938621181493316	0.031856272461862484	0.00333050787472855	0.02365162505913175	0.002211987026834991	0.00821252615105747	0.018433211905777836	0.011360589603142554	0.015692185259704616	0.048522994984042334	0.02105390097444957	0.04501142183182971	0.01150744477622788	9.432488314302517E-4	0.03466299259704085	0.01805102433816329	0.08439826290612794	0.0057660492576537825	0.02374095189606672	5.975521257169797E-4	0.06092499850417908	0.01637669253350771	0.030716936537179204	9.807496110152047E-5	0.009775818917506719	1.025865097883406	1.06618209721874	0.31691473262976794	1.7853733533206928	0.4955088021749023	2.1102826563946158	0.2775970786843476	0.9945192477471676	0.6443417545141892	0.05933530680740561	1.025865097883406	1.025865097883406	1.025865097883406	0	1.025865097883406	1.025865097883406	0	1.025865097883406	1.025865097883406	0	1.025865097883406	1.025865097883406	-635.2922729632296	-157.49121650955237
24	-791.1806430527917	-1080.8317815139817	-791.1806430527917	-289.65113846118993	6.288359375599073	0.023520489302949574	0.016562124987364868	0.010445336019085538	0.013584796978704336	0.03709850095776478	0.033682564118400385	0.05783540232419668	0.07713509664992098	0.010599527061554315	0.008341500946306785	0.027629474981283965	0.009087752971314686	0.0463868863875343	0.0022485784343483257	0.07619941829620921	0.031856272461862484	0.00333050787472855	0.02365162505913175	0.002211987026834991	0.00821252615105747	0.016557732796732772	0.0019076669026778376	0.015692185259704616	0.048522994984042334	0.03238230278395935	0.03659128882057994	0.01150744477622788	0.06217919695347639	0.03466299259704085	0.01805102433816329	0.08439826290612794	0.0057660492576537825	0.0035443083324760843	5.975521257169797E-4	0.06092499850417908	0.01637669253350771	0.030716936537179204	2.2172248862558768E-4	0.011332989821398685	0.6274283203614693	0.8742334567169097	0.24397093807011222	2.1853645653166245	0.4370995877704597	1.820827894731599	0.4005543758542732	0.8756202505546361	0.5693342600184426	0.06259360291911988	0.6274283203614693	0.6274283203614693	0.6274283203614693	0	0.6274283203614693	0.6274283203614693	0	0.6274283203614693	0.6274283203614693	0	0.6274283203614693	0.6274283203614693	-626.444660561421	-164.73598249137066
25	-790.1778297249712	-1079.528777269924	-790.1778297249712	-289.3509475449528	8.300528799310792	0.06340526146591517	0.016562124987364868	0.010445336019085538	0.04014728816118111	0.03709850095776478	0.007120072935923608	0.05783540232419668	0.12873099783025183	0.010599527061554315	0.008341500946306785	0.027629474981283965	0.009087752971314686	0.0463868863875343	0.0022485784343483257	0.07619941829620921	0.011787627532192507	0.00333050787472855	0.02365162505913175	0.002211987026834991	0.00821252615105747	0.03494223906521664	0.005425890812650644	0.015692185259704616	0.048522994984042334	0.03238230278395935	0.03659128882057994	0.007989220866255073	0.010583295773145526	0.03466299259704085	0.038119669267833264	0.04451349074316234	0.0057660492576537825	0.0035443083324760843	5.975521257169797E-4	0.04254049223569521	0.01637669253350771	0.030716936537179204	5.0151734476908344E-5	0.012983150408409666	0.7414692990080021	0.9424812445664009	0.2514753419363194	2.1396724988294467	0.47622148935328	1.984591638383517	0.27628846755062786	0.5057942764433346	0.9038793689207996	0.059717474372364826	0.7414692990080021	0.7414692990080021	0.7414692990080021	0	0.7414692990080021	0.7414692990080021	0	0.7414692990080021	0.7414692990080021	0	0.7414692990080021	0.7414692990080021	-627.6782417623931	-162.49958796257806
26	-789.0709829186628	-1072.8257339073577	-789.0709829186628	-283.754750988695	8.852892737761598	0.06340526146591517	0.008307783401306001	0.02376709591518883	0.04014728816118111	0.046110171544725284	0.04594567415320701	0.019009801106913277	0.12873099783025183	0.010599527061554315	0.008341500946306785	0.027629474981283965	0.002070329406771862	0.03391895537347889	0.0022485784343483257	0.07619941829620921	0.011787627532192507	0.00333050787472855	0.04034467439242127	0.002211987026834991	0.00821252615105747	0.03494223906521664	0.005425890812650644	0.015692185259704616	0.048522994984042334	0.04940407744570239	0.03659128882057994	0.01624356245231394	0.010583295773145526	0.041680416161583675	0.004404845272800703	0.04451349074316234	0.0057660492576537825	0.0035443083324760843	5.975521257169797E-4	0.033528821648734705	0.02884462354756312	0.017395176641075913	1.581385066416676E-4	0.014467810212621921	1.1850112124183443	0.8464586747812629	0.2715742192495207	1.9676492144320403	0.4717797615977747	2.299557351025171	0.36337012418857784	0.5547521357487729	0.37589580593884714	0.0803190831418309	1.1850112124183443	1.1850112124183443	1.1850112124183443	0	1.1850112124183443	1.1850112124183443	0	1.1850112124183443	1.1850112124183443	0	1.1850112124183443	1.1850112124183443	-627.7330746578793	-161.33790826078345
27	-779.5047104544609	-1069.621966317779	-779.5047104544609	-290.117255863318	10.739278794423194	0.06340526146591517	0.013188687283197442	0.05365778431088536	0.04014728816118111	0.046110171544725284	0.04594567415320701	0.0021459164214126802	0.09673703651320403	0.010599527061554315	0.008341500946306785	0.027629474981283965	0.002070329406771862	0.03391895537347889	0.0022485784343483257	0.007071598183732125	0.06998754150819905	0.00333050787472855	0.018175010924239995	0.002211987026834991	0.00821252615105747	0.010030945585337223	0.005425890812650644	0.015692185259704616	0.03866269618633378	0.07259921402212208	0.03659128882057994	0.01624356245231394	0.010583295773145526	0.07367437747863147	0.015332751409271247	0.04451349074316234	0.0057660492576537825	0.0035443083324760843	0.010680072626384249	0.07256236980241658	0.005649486971143425	0.007312656140408644	1.2560340655196718E-4	0.01264935800979335	1.3596289617093438	1.3197467173764208	0.5969788638278575	1.4507713115815288	0.23018440878895993	2.8743621760079408	0.31636928742465253	0.5563516842598648	0.3979688139684841	0.036118894813794204	1.3596289617093438	1.3596289617093438	1.3596289617093438	0	1.3596289617093438	1.3596289617093438	0	1.3596289617093438	1.3596289617093438	0	1.3596289617093438	1.3596289617093438	-639.4128206366124	-140.09188981784848
28	-776.1321634146177	-1066.2838226458266	-776.1321634146177	-290.1516592312089	8.40027111319181	0.04633789289619526	0.013188687283197442	0.04933578047224957	0.04014728816118111	0.046110171544725284	0.0502676779918428	0.019973031819822656	0.06981256081645387	0.010599527061554315	0.008341500946306785	0.020102287241457663	0.002070329406771862	0.034930019111382604	0.0022485784343483257	0.007071598183732125	0.06998754150819905	0.004629563275201698	0.018175010924239995	0.002211987026834991	0.00821252615105747	0.009271198756647156	0.012953078552476946	0.017994356263304367	0.03765163244843006	0.07259921402212208	0.0035853911485502765	0.01624356245231394	0.03750777146989569	0.07367437747863147	0.015332751409271247	0.04451349074316234	0.035170720525610544	0.0035443083324760843	0.010680072626384249	0.07256236980241658	0.005649486971143425	0.007312656140408644	2.476464156520209E-4	0.013588892438475551	0.801637267050942	1.69744371507658	0.4954929832409603	1.1522181514736614	0.22975640281279566	2.6594548417172095	0.2645511413219614	0.38996588033218155	0.2731982732683253	0.05599364625320157	0.801637267050942	0.801637267050942	0.801637267050942	0	0.801637267050942	0.801637267050942	0	0.801637267050942	0.801637267050942	0	0.801637267050942	0.801637267050942	-644.6131059798145	-131.5190574348032
29	-771.5270292399158	-1059.8651727303848	-771.5270292399158	-288.33814349046895	10.322792982917123	0.04633789289619526	0.013188687283197442	0.05742080698404656	0.04457812394079823	0.046110171544725284	0.0502676779918428	0.019973031819822656	0.06981256081645387	0.012052514060043373	0.008341500946306785	0.01421846446335149	0.017054091438033922	0.0236685624453723	0.06190391574499508	0.007071598183732125	0.02500618860043366	0.01551560140352548	0.018175010924239995	0.002211987026834991	0.008587944688743993	0.009271198756647156	0.012953078552476946	0.017994356263304367	0.03765163244843006	0.012943876711475316	0.0035853911485502765	0.08478313868750108	0.03750777146989569	0.0051348012434443285	0.06261642913963149	0.04451349074316234	0.035170720525610544	0.0035443083324760843	0.010680072626384249	0.02527869207205634	0.02756205133584977	0.007312656140408644	5.1846129689343836E-5	0.017125436417062677	0.5414537461750967	1.4075368893828555	0.47848196399281917	0.9193033884615552	0.22066366254967376	2.869782761645128	0.20370628267193922	0.3183339996826046	0.26642747075817036	0.04853608361547264	0.5414537461750967	0.5414537461750967	0.5414537461750967	0	0.5414537461750967	0.5414537461750967	0	0.5414537461750967	0.5414537461750967	0	0.5414537461750967	0.5414537461750967	-622.3816685567119	-149.14536068320385
30	-763.4125098328927	-1071.1665471323138	-763.4125098328927	-307.754037299421	8.598374874166609	0.04633789289619526	0.013188687283197442	0.03410104994562885	0.04457812394079823	0.038215172669146744	0.0502676779918428	0.043292788858240366	0.020386177399446648	0.012052514060043373	0.008341500946306785	0.01421846446335149	0.017054091438033922	0.0236685624453723	0.05760177755079819	0.007071598183732125	0.02500618860043366	0.03893525953707111	0.018175010924239995	0.002211987026834991	0.008587944688743993	0.009271198756647156	0.012953078552476946	0.017994356263304367	0.03765163244843006	0.021290151769540272	0.0035853911485502765	0.08478313868750108	0.03013865203542475	0.053584029036857536	0.03274182809532898	0.04451349074316234	0.043965436892533405	0.011439307208054625	0.010680072626384249	0.02527869207205634	0.029524416073880677	0.007312656140408644	1.5451634188340247E-4	0.01051425044248872	0.40724186816991487	1.1334904381047863	0.6321685469702631	0.9568002131843039	0.4383249522533227	5.59000296401034	0.26770684590771454	0.3223208144244054	0.4592294376769266	0.0890874022866716	0.40724186816991487	0.40724186816991487	0.40724186816991487	0	0.40724186816991487	0.40724186816991487	0	0.40724186816991487	0.40724186816991487	0	0.40724186816991487	0.40724186816991487	-619.0263207262519	-144.38618910664076
31	-759.5177203416714	-1051.4672625366807	-759.5177203416714	-291.94954219500926	7.834095594926483	0.04633789289619526	0.013188687283197442	0.03410104994562885	0.04457812394079823	0.038215172669146744	0.0502676779918428	0.020025726346658307	0.020386177399446648	0.01507354494765778	0.008341500946306785	0.01421846446335149	0.04032115394961598	0.040640040808650135	0.05760177755079819	0.007071598183732125	0.00392372137545402	0.03893525953707111	0.018175010924239995	0.002211987026834991	0.008587944688743993	0.009271198756647156	0.018625986676113357	0.06070927146467375	0.03765163244843006	0.021290151769540272	0.0035853911485502765	0.022502909421940873	0.03013865203542475	0.053584029036857536	0.03274182809532898	0.04451349074316234	0.004800611025270074	0.023827835421783447	0.07296030189194445	0.004757124374672447	0.029524416073880677	0.007312656140408644	1.6629261772908684E-4	0.01422522691862269	0.5099945176250489	1.036656588360472	0.5927952355394592	0.7192475358553645	0.30980144262815357	5.477766992252109	0.3902019938632137	0.40058180985845193	0.48110734051963894	0.06800916317948487	0.5099945176250489	0.5099945176250489	0.5099945176250489	0	0.5099945176250489	0.5099945176250489	0	0.5099945176250489	0.5099945176250489	0	0.5099945176250489	0.5099945176250489	-618.4270646311038	-141.0906557105676
32	-757.977683471949	-1046.9228881854335	-757.977683471949	-288.9452047134845	8.19000566096713	0.04633789289619526	0.013188687283197442	0.02098285297713126	0.04457812394079823	0.030638466131781658	0.0502676779918428	0.027602432884023392	0.020386177399446648	0.01507354494765778	0.008341500946306785	0.01421846446335149	0.05343935091811357	0.040640040808650135	0.01710992023909229	0.007071598183732125	0.00392372137545402	0.03893525953707111	0.018175010924239995	0.002211987026834991	0.008587944688743993	0.009271198756647156	0.018625986676113357	0.06070927146467375	0.03765163244843006	0.047304132012193495	0.003950030724041764	0.022502909421940873	0.03013865203542475	0.053584029036857536	0.03274182809532898	0.04451349074316234	0.004800611025270074	0.023827835421783447	0.08707353938550565	0.004757124374672447	0.029524416073880677	0.007312656140408644	1.2609360272110485E-4	0.00718462793301696	1.1309545035469828	1.2531985651414697	0.550871596729229	0.6464650981697065	0.47137614851704673	4.231591051258851	0.30028119189787544	0.3841579143964771	0.38718929306912675	0.08650403188527046	1.1309545035469828	1.1309545035469828	1.1309545035469828	0	1.1309545035469828	1.1309545035469828	0	1.1309545035469828	1.1309545035469828	0	1.1309545035469828	1.1309545035469828	-588.9118078836373	-169.06587558831174
33	-755.6393390773887	-1046.523733253202	-755.6393390773887	-290.88439417581316	7.478793311348652	0.046987291406901596	0.013188687283197442	0.009763211049472476	0.04457812394079823	0.012130267719169238	0.0502676779918428	0.027602432884023392	0.027878213781562022	0.01507354494765778	0.008341500946306785	0.01421846446335149	0.05343935091811357	0.03314800442653476	0.01710992023909229	0.017168705590331207	0.00392372137545402	0.03893525953707111	0.018175010924239995	0.02072018543944741	0.010799505092669776	0.007059638352721373	0.018625986676113357	0.06070927146467375	0.03765163244843006	0.047304132012193495	0.003950030724041764	0.014520877657226969	0.02802357639353957	0.053584029036857536	0.03274182809532898	0.04451349074316234	0.004800611025270074	0.023827835421783447	0.08707353938550565	0.0041077258639661135	0.029524416073880677	0.01853229806806743	2.4440301117289607E-5	0.012403135655357877	1.0895036009109151	1.1083695111801766	0.5996115901307776	0.5606281790920951	0.5934837753651564	2.901603861653177	0.26367198080209087	0.34335330792492313	0.19779243927955845	0.040203761762341715	1.0895036009109151	1.0895036009109151	1.0895036009109151	0	1.0895036009109151	1.0895036009109151	0	1.0895036009109151	1.0895036009109151	0	1.0895036009109151	1.0895036009109151	-601.0316701377386	-154.60766893965007
34	-755.2424851400854	-1036.534579541602	-755.2424851400854	-281.2920944015165	6.768731410156227	0.046987291406901596	0.013188687283197442	0.024998535169914404	0.04457812394079823	0.02249611049656207	0.0449428836945099	0.007222210958491598	0.02823376631275315	0.01507354494765778	0.008341500946306785	0.04254966400396274	0.05343935091811357	0.03314800442653476	0.01710992023909229	0.017168705590331207	0.008904811737665302	0.03893525953707111	0.018175010924239995	0.02072018543944741	0.010799505092669776	0.007059638352721373	0.018625986676113357	0.06070927146467375	0.03267054208621878	0.047304132012193495	0.003950030724041764	0.014520877657226969	0.05372859261640427	0.053584029036857536	0.007140661197494222	0.04451349074316234	0.004800611025270074	0.023827835421783447	0.08707353938550565	0.0041077258639661135	8.376640020782977E-4	0.01853229806806743	5.3237476536839874E-5	0.01104845966581411	1.2931898180251304	1.75739550424829	0.5255185196420685	0.5713411271309313	0.9640616630162594	2.2237714283129413	0.20199819419371756	0.42055722513954935	0.14751119567194196	0.038092134333534096	1.2931898180251304	1.2931898180251304	1.2931898180251304	0	1.2931898180251304	1.2931898180251304	0	1.2931898180251304	1.2931898180251304	0	1.2931898180251304	1.2931898180251304	-587.4693663929635	-167.77311874712188
35	-755.0983075603182	-1044.8708784417408	-755.0983075603182	-289.7725708814227	6.189703122310933	0.032759069558987206	0.013188687283197442	0.024998535169914404	0.038246785736135644	0.02249611049656207	0.0449428836945099	0.007222210958491598	0.02823376631275315	0.02298557603763718	0.008341500946306785	0.04254966400396274	0.05343935091811357	0.03314800442653476	0.014621940705424871	0.013715629705905535	0.013234846149031892	0.03460522512570452	0.018175010924239995	0.027051523644109995	0.013287484626337193	0.007059638352721373	0.018625986676113357	0.06070927146467375	0.03267054208621878	0.047304132012193495	0.003950030724041764	0.00660884656724757	0.05372859261640427	0.07014293439586937	0.007140661197494222	0.04451349074316234	0.004800611025270074	0.023827835421783447	0.0847428558744082	0.0041077258639661135	0.004290739886503969	0.01853229806806743	1.388546835723502E-4	0.01420427351543612	1.3291684959372836	1.5802410970950125	0.40043692828023236	0.52540666729965	0.7553459923028744	2.6319507055135927	0.15859858464339738	0.4710994256116356	0.17726109774276136	0.03571793252513804	1.3291684959372836	1.3291684959372836	1.3291684959372836	0	1.3291684959372836	1.3291684959372836	0	1.3291684959372836	1.3291684959372836	0	1.3291684959372836	1.3291684959372836	-598.0245111565544	-157.07379640376382
36	-752.9679785033627	-1029.5442060937187	-752.9679785033627	-276.57622759035604	7.344094048564224	0.043841116502765995	0.013188687283197442	0.024998535169914404	0.038246785736135644	0.02249611049656207	0.0448283754544266	0.007336719198574898	0.02823376631275315	0.03215444187960059	0.008341500946306785	0.04254966400396274	0.05343935091811357	0.0010867111570351806	0.014621940705424871	0.057757827200234674	0.013234846149031892	0.02096740551376919	0.03749904953940385	0.027051523644109995	0.014491131983982303	0.007059638352721373	0.03226380628804869	0.05226771051828427	0.02041067245459005	0.07330150855144577	0.003950030724041764	0.04708587611334146	0.05372859261640427	0.016931871059576817	0.007140661197494222	0.04451349074316234	0.004800611025270074	0.004503796806619595	0.058745479335155934	0.0041077258639661135	0.004290739886503969	0.01853229806806743	6.285326952722078E-5	0.010753841956221788	0.7002483625692681	1.024631246243392	0.4651557585813224	0.2506454026418633	0.6063032161814799	2.5157738431800505	0.2294799133540624	0.6344261233325871	0.2644067688309277	0.03711986381134607	0.7002483625692681	0.7002483625692681	0.7002483625692681	0	0.7002483625692681	0.7002483625692681	0	0.7002483625692681	0.7002483625692681	0	0.7002483625692681	0.7002483625692681	-600.1576917273064	-152.81028677605622
37	-752.1884377893268	-1048.161507154076	-752.1884377893268	-295.9730693647491	9.660117197305665	0.043841116502765995	0.013188687283197442	0.024998535169914404	0.038246785736135644	0.02249611049656207	0.0448283754544266	0.007336719198574898	0.02823376631275315	0.007517232202952084	0.008341500946306785	0.04254966400396274	0.042176553596653496	0.0018683677677017174	0.025884738026884943	0.05697617058956814	0.013234846149031892	0.02096740551376919	0.03749904953940385	0.027051523644109995	0.014491131983982303	0.007059638352721373	0.03226380628804869	0.05226771051828427	0.02041067245459005	0.07330150855144577	0.003950030724041764	0.04708587611334146	0.05372859261640427	0.016931871059576817	0.007140661197494222	0.04451349074316234	0.004800611025270074	0.029141006483268103	0.058745479335155934	0.0041077258639661135	0.004290739886503969	0.01853229806806743	1.3660495081729073E-4	0.010745406792845512	0.4935684845113282	0.8091832658362629	0.5747181478738181	0.3107557628464542	0.34539857123169365	3.7386004504493617	0.17186910118907606	0.7367613509588237	0.2945560889544144	0.08507783345270137	0.4935684845113282	0.4935684845113282	0.4935684845113282	0	0.4935684845113282	0.4935684845113282	0	0.4935684845113282	0.4935684845113282	0	0.4935684845113282	0.4935684845113282	-592.4995976032376	-159.6888401860893
38	-751.7344886485972	-1043.5034038457343	-751.7344886485972	-291.76891519713695	9.139935151690768	0.043841116502765995	0.013188687283197442	0.024998535169914404	0.018003332152859805	0.02249611049656207	0.010268205967233726	0.007336719198574898	0.02823376631275315	0.007517232202952084	0.008341500946306785	0.04254966400396274	0.042176553596653496	0.0018683677677017174	0.025884738026884943	0.05697617058956814	0.013234846149031892	0.004406513953926772	0.03749904953940385	0.027051523644109995	0.014491131983982303	0.007059638352721373	0.03226380628804869	0.08682788000547714	0.02041067245459005	0.07330150855144577	0.024193484307317603	0.04708587611334146	0.05372859261640427	0.016931871059576817	0.02370155275733664	0.04451349074316234	0.004800611025270074	0.029141006483268103	0.058745479335155934	0.0041077258639661135	0.004290739886503969	0.01853229806806743	1.1981799240108876E-4	0.016875716229095176	0.4621651548659483	0.6277955274917215	0.5829760771911527	0.48933342673680696	0.3507935581609352	3.182403120260311	0.113340194246312	0.5735582185016127	0.26534864098362043	0.02935355958817797	0.4621651548659483	0.4621651548659483	0.4621651548659483	0	0.4621651548659483	0.4621651548659483	0	0.4621651548659483	0.4621651548659483	0	0.4621651548659483	0.4621651548659483	-616.4537871162381	-135.28070153235913
39	-746.3977064233991	-1036.8927508850784	-746.3977064233991	-290.4950444616794	10.267042956545989	0.043841116502765995	0.05773042587289701	0.024998535169914404	0.014100250495331632	0.08070440027489843	0.010268205967233726	0.007336719198574898	0.02823376631275315	0.007517232202952084	0.008341500946306785	0.04254966400396274	0.03162471126070619	0.0018683677677017174	0.025884738026884943	0.06350471956602796	0.013234846149031892	0.004406513953926772	0.03749904953940385	0.027051523644109995	0.014491131983982303	0.007059638352721373	0.03226380628804869	0.02277165483082144	0.02041067245459005	0.07330150855144577	0.03004141970363694	0.0025441375236418956	0.04720004363994444	0.006677723287987755	0.02370155275733664	0.04451349074316234	0.004800611025270074	0.03969284881921541	0.06264856099268411	0.014361873635555175	0.004290739886503969	0.01853229806806743	8.861420143855934E-5	0.013432492855762946	0.8448889850650716	0.6784283649088365	0.7284734270458811	0.6012886352380578	0.5751756428831304	4.084339428790604	0.07337630499951621	1.068934119886235	0.4130150516574307	0.1154518948284456	0.8448889850650716	0.8448889850650716	0.8448889850650716	0	0.8448889850650716	0.8448889850650716	0	0.8448889850650716	0.8448889850650716	0	0.8448889850650716	0.8448889850650716	-582.4712060991078	-163.92650032429134
40	-742.3740982084515	-1039.3380047919854	-742.3740982084515	-296.96390658353397	12.128632394540702	0.043841116502765995	4.860318177642986E-4	0.024998535169914404	0.014100250495331632	0.08070440027489843	0.010268205967233726	0.025935500864848943	0.02823376631275315	0.007517232202952084	0.02272157013915574	0.04254966400396274	0.03162471126070619	0.0018683677677017174	0.025884738026884943	0.0523405485519349	0.013234846149031892	0.06165090800905948	0.03749904953940385	0.06319576446044782	0.014491131983982303	0.007059638352721373	0.03226380628804869	0.02277165483082144	0.03157484346868311	0.07330150855144577	0.03004141970363694	0.0025441375236418956	0.011055802823606617	0.006677723287987755	0.01704724936552636	0.04451349074316234	0.004800611025270074	0.03969284881921541	0.03632401352537139	0.014361873635555175	0.004290739886503969	0.01853229806806743	8.767071707939343E-5	0.014105322152458301	0.8798441143114285	0.6384122854750187	0.7193052306691865	0.5780007670411103	0.45359262627755553	2.6789470821765886	0.07270769157807959	1.4444899047501585	0.4759424665750446	0.0665737536758603	0.8798441143114285	0.8798441143114285	0.8798441143114285	0	0.8798441143114285	0.8798441143114285	0	0.8798441143114285	0.8798441143114285	0	0.8798441143114285	0.8798441143114285	-599.7593732585374	-142.61472494991415
41	-738.2914371586735	-1038.5531537432223	-738.2914371586735	-300.2617165845489	13.18289537450391	0.043841116502765995	4.860318177642986E-4	0.027554357128801665	0.014100250495331632	0.08070440027489843	0.010268205967233726	0.025935500864848943	0.02823376631275315	0.019492827402085577	0.02382496659699826	0.04254966400396274	0.022487937442640535	0.0018683677677017174	0.025884738026884943	0.045888501571872714	0.013234846149031892	0.06165090800905948	0.03749904953940385	0.06319576446044782	0.005281568101193818	0.005148084276099904	0.04036997371299465	0.02277165483082144	0.03157484346868311	0.07330150855144577	0.02748559774474968	0.0025441375236418956	0.0032703683748242923	0.008939609517698774	0.01704724936552636	0.04451349074316234	0.004800611025270074	0.03969284881921541	0.03632401352537139	0.014361873635555175	0.006202293963125438	0.027669071886133087	2.016643104738344E-4	0.0073709282209812495	0.5910066494158673	0.6200809027517553	0.6604498459977488	0.6687164119703755	0.5523060304655829	1.8554160204962968	0.11011756565723677	1.6600361828083707	0.8620680159710055	0.05882983784357634	0.5910066494158673	0.5910066494158673	0.5910066494158673	0	0.5910066494158673	0.5910066494158673	0	0.5910066494158673	0.5910066494158673	0	0.5910066494158673	0.5910066494158673	-603.6078311549203	-134.68360600375317
42	-734.5387377916142	-1026.358616120421	-734.5387377916142	-291.8198783288068	15.347673889684556	0.043841116502765995	4.860318177642986E-4	0.027554357128801665	0.014100250495331632	0.08070440027489843	0.06829156599005522	0.020549048442056156	0.02823376631275315	0.019492827402085577	0.02382496659699826	0.05257364870109924	0.022487937442640535	0.0018683677677017174	0.025884738026884943	0.045888501571872714	0.013234846149031892	0.0012283455701117552	0.03749904953940385	0.06319576446044782	0.005281568101193818	0.005148084276099904	0.04036997371299465	0.02815810725361423	0.025999441244363153	0.07330150855144577	0.02748559774474968	0.0025441375236418956	0.0032703683748242923	0.006890229461008465	0.01704724936552636	0.04451349074316234	0.004800611025270074	0.03969284881921541	0.03632401352537139	0.014361873635555175	0.006202293963125438	0.027669071886133087	1.9137537085808207E-4	0.01503119586040108	0.4858527033432345	0.5174125983430071	0.5972456353997643	1.003981793820472	0.6877760229791368	1.5410968446756774	0.1679958192194707	1.1704552391882412	0.4536552718318882	0.08207958770709689	0.4858527033432345	0.4858527033432345	0.4858527033432345	0	0.4858527033432345	0.4858527033432345	0	0.4858527033432345	0.4858527033432345	0	0.4858527033432345	0.4858527033432345	-589.1974323728788	-145.34130541873535
43	-733.9416256412868	-1052.686207480569	-733.9416256412868	-318.7445818392822	13.582258464577635	0.043841116502765995	4.860318177642986E-4	0.017596947056953083	0.024057660567180214	6.735584698645825E-5	0.06829156599005522	0.020549048442056156	0.015892986258582764	0.019492827402085577	0.02382496659699826	0.05257364870109924	0.022487937442640535	0.0018683677677017174	0.025884738026884943	0.045888501571872714	0.013234846149031892	0.0012283455701117552	0.03749904953940385	0.06319576446044782	0.005281568101193818	0.005148084276099904	0.04036997371299465	0.02815810725361423	0.025999441244363153	0.07330150855144577	0.02748559774474968	0.0025441375236418956	0.0032703683748242923	0.0015992307702642344	0.01704724936552636	0.04451349074316234	0.004800611025270074	0.04498384750995964	0.048664793579541774	0.014361873635555175	0.08683933839103741	0.027669071886133087	6.184934046051667E-4	0.008572597700111807	0.4552869663097117	0.23247448735745743	0.7735384474151981	0.8037772322958101	0.8382656716511148	1.7123797995093184	0.09397494610193165	0.9370602055689867	0.4603045661873448	0.0792357429822425	0.4552869663097117	0.4552869663097117	0.4552869663097117	0	0.4552869663097117	0.4552869663097117	0	0.4552869663097117	0.4552869663097117	0	0.4552869663097117	0.4552869663097117	-594.4719664619802	-139.46965917930666
44	-732.4078880694465	-1035.7696075103888	-732.4078880694465	-303.3617194409424	11.65321959890571	0.043841116502765995	0.04546871129474839	0.01212185238375435	0.024057660567180214	6.735584698645825E-5	0.05388641862898998	0.020549048442056156	0.015892986258582764	0.019385849043722647	0.02382496659699826	0.07716583087330872	0.022487937442640535	0.0018683677677017174	0.025884738026884943	9.058220948886253E-4	0.013234846149031892	0.0012283455701117552	0.05190419690046909	0.020174853402134527	0.005281568101193818	0.008961218354757036	0.03655683963433752	0.04713937013332392	0.025999441244363153	0.07330150855144577	0.02748559774474968	0.0025441375236418956	0.0032703683748242923	0.0015992307702642344	0.01704724936552636	0.04451349074316234	0.004800611025270074	0.03147767930344868	0.048664793579541774	0.035356748779496114	0.08683933839103741	0.025209903986658885	3.3968071912129135E-5	0.014455846059133186	0.5941496353047812	0.19322616457182912	0.7782661682268146	1.1976422960665152	0.6916264108763149	2.3469228337358974	0.09934045806758957	0.8200448648495973	0.5518244401325815	0.05728516478201555	0.5941496353047812	0.5941496353047812	0.5941496353047812	0	0.5941496353047812	0.5941496353047812	0	0.5941496353047812	0.5941496353047812	0	0.5941496353047812	0.5941496353047812	-588.7888768111319	-143.61901125831452
45	-730.1933850300594	-995.5822557092057	-730.1933850300594	-265.3888706791463	5.348075764347851	0.043841116502765995	0.04546871129474839	0.01212185238375435	0.023055220903935456	6.735584698645825E-5	0.05388641862898998	0.020549048442056156	0.015892986258582764	0.008221832915144223	0.02382496659699826	0.07716583087330872	0.022487937442640535	0.0018683677677017174	0.025884738026884943	9.058220948886253E-4	0.05665034514878517	0.0012283455701117552	0.05190419690046909	0.020174853402134527	0.005281568101193818	0.008961218354757036	0.03655683963433752	0.04713937013332392	0.025999441244363153	0.0498969783944225	0.05089012790177294	0.0025441375236418956	0.0032703683748242923	0.0015992307702642344	0.01704724936552636	0.001097991743409063	0.016967066817093257	0.03147767930344868	0.048664793579541774	0.035356748779496114	0.08683933839103741	0.025209903986658885	4.39700399812082E-5	0.015339855056613394	0.5242066563509956	0.1559747625202448	0.5987481429094824	1.6709826902125933	0.7015181011579372	2.09422283581516	0.10520072274069439	1.1898458363245303	0.4001049816153335	0.07092333044538456	0.5242066563509956	0.5242066563509956	0.5242066563509956	0	0.5242066563509956	0.5242066563509956	0	0.5242066563509956	0.5242066563509956	0	0.5242066563509956	0.5242066563509956	-595.0816505336393	-135.1117344964201
46	-727.3842238797371	-1015.3237893372831	-727.3842238797371	-287.939565457546	5.809910184410852	0.043841116502765995	0.04546871129474839	0.01212185238375435	0.023055220903935456	0.07421764174121069	0.05388641862898998	0.027541468036177047	0.015892986258582764	0.018792638187970945	0.02382496659699826	0.07716583087330872	0.022487937442640535	0.0018683677677017174	0.025884738026884943	9.058220948886253E-4	0.05665034514878517	0.0012283455701117552	0.05190419690046909	0.020174853402134527	0.005281568101193818	0.008961218354757036	0.03655683963433752	0.04713937013332392	0.025999441244363153	0.0498969783944225	0.05089012790177294	0.0025441375236418956	0.0032703683748242923	0.0015992307702642344	0.01704724936552636	0.001097991743409063	0.009974647222972366	0.03147767930344868	0.048664793579541774	0.002450976067254515	0.04559482520905478	0.014639098713832163	1.20022933466674E-4	0.013857889730057606	0.34842913476368736	0.1543035389288491	0.4191086917984069	1.1295758952248616	0.8856464632747552	2.248818101598003	0.09763734826673683	0.8284997300065333	0.3727778775746714	0.1309793992636498	0.34842913476368736	0.34842913476368736	0.34842913476368736	0	0.34842913476368736	0.34842913476368736	0	0.34842913476368736	0.34842913476368736	0	0.34842913476368736	0.34842913476368736	-594.439517731661	-132.94470614807605
47	-726.4985466792318	-1013.7239937517138	-726.4985466792318	-287.225447072482	6.06823269475374	0.043841116502765995	0.1118989022848853	0.03765125516800866	0.023055220903935456	0.07421764174121069	0.05388641862898998	0.012808916513351115	0.015892986258582764	0.018792638187970945	0.02382496659699826	0.010735639883171805	0.02108391769499461	0.03307557965771768	0.025884738026884943	9.058220948886253E-4	0.05665034514878517	0.008627747737801728	0.02637479411621478	0.019773110216531817	0.005281568101193818	0.008961218354757036	0.03655683963433752	0.04713937013332392	0.01076702014892883	0.06653341923750275	0.01968291601175698	0.0025441375236418956	0.0032703683748242923	0.0020009739558669443	0.01704724936552636	0.001097991743409063	0.009974647222972366	0.04621023082627461	0.048664793579541774	0.002450976067254515	0.03819542304136481	0.014639098713832163	3.2537876362052456E-5	0.012308141658724792	0.24640098574830163	0.1535546739971267	0.354721442174371	1.2798236804097336	0.9730643144725782	2.1222782237877524	0.0746577892968824	0.8671074933896136	0.5747869381049785	0.11424219074621765	0.24640098574830163	0.24640098574830163	0.24640098574830163	0	0.24640098574830163	0.24640098574830163	0	0.24640098574830163	0.24640098574830163	0	0.24640098574830163	0.24640098574830163	-606.7099714887065	-119.78857519052528
48	-725.6163542488212	-1011.0576076427351	-725.6163542488212	-285.44125339391394	6.789076294596599	0.043841116502765995	0.1118989022848853	0.03765125516800866	0.006535271910594817	0.07421764174121069	0.05372800051437805	0.012808916513351115	0.015892986258582764	0.016672093609991334	0.013223791141155322	0.010735639883171805	0.02108391769499461	0.03307557965771768	0.025884738026884943	0.017425771088229264	0.05665034514878517	0.008627747737801728	0.060017300391013925	0.021893654794511427	0.005281568101193818	0.008961218354757036	0.03655683963433752	0.04713937013332392	0.01076702014892883	0.032890912962703606	0.01968291601175698	0.0025441375236418956	0.0032703683748242923	0.0020009739558669443	0.01704724936552636	0.001097991743409063	0.009974647222972366	0.05696982439672947	0.048664793579541774	0.002450976067254515	0.03819542304136481	0.014639098713832163	1.0679674596468771E-4	0.016208491804379874	0.2594310383568107	0.20456517948994768	0.34550558502399065	1.6172852536475557	1.5219095087890766	2.0553059879199944	0.12589480085625948	1.3298343518951228	0.4865749748265722	0.1327082440110585	0.2594310383568107	0.2594310383568107	0.2594310383568107	0	0.2594310383568107	0.2594310383568107	0	0.2594310383568107	0.2594310383568107	0	0.2594310383568107	0.2594310383568107	-576.4646846648955	-149.15166958392564
49	-724.3755948853304	-1021.0356026796157	-724.3755948853304	-296.6600077942854	9.766400162401919	0.043841116502765995	0.1118989022848853	0.03765125516800866	0.006535271910594817	0.10587331538274568	0.05372800051437805	0.012808916513351115	0.015892986258582764	0.016672093609991334	0.013223791141155322	0.010735639883171805	0.02108391769499461	0.03307557965771768	0.025884738026884943	0.017425771088229264	0.024994671507250182	0.02474054454229435	0.060017300391013925	0.021893654794511427	0.005281568101193818	0.01050423193192361	0.03655683963433752	0.04713937013332392	0.01076702014892883	0.032890912962703606	0.01968291601175698	0.0025441375236418956	0.0032703683748242923	0.0020009739558669443	0.015504235788359785	0.001097991743409063	0.009974647222972366	0.05696982439672947	0.061890740513118256	0.002450976067254515	0.0088566793032957	0.014639098713832163	2.389153291540964E-4	0.012205928631088915	0.259759897718572	0.15336335690539166	0.3506627963367358	0.8697138996098123	1.4242474664984184	1.4944664025432017	0.1574230215023623	1.2115266187699092	0.3074952791813843	0.10371036065599812	0.259759897718572	0.259759897718572	0.259759897718572	0	0.259759897718572	0.259759897718572	0	0.259759897718572	0.259759897718572	0	0.259759897718572	0.259759897718572	-587.720724160708	-136.65487072462253
50	-718.6331166518519	-1004.3332336790085	-718.6331166518519	-285.7001170271566	9.014109939425346	0.043841116502765995	0.09991425899834017	0.03765125516800866	0.006535271910594817	0.10587331538274568	0.05372800051437805	0.012808916513351115	0.027877629545127902	0.016672093609991334	0.013223791141155322	0.010735639883171805	0.02108391769499461	0.03307557965771768	0.025884738026884943	0.017425771088229264	0.024994671507250182	0.02474054454229435	0.060017300391013925	0.021893654794511427	0.005281568101193818	0.01050423193192361	0.03655683963433752	0.04713937013332392	0.01076702014892883	0.032890912962703606	0.01968291601175698	0.0025441375236418956	0.0032703683748242923	0.0020009739558669443	0.015504235788359785	0.001097991743409063	0.009974647222972366	0.05696982439672947	0.061890740513118256	0.002450976067254515	0.0088566793032957	0.014639098713832163	1.2269775790505632E-4	0.01552555102611801	0.30461962585125163	0.14095537818645165	0.4027840398412871	1.6143103223437194	1.4416925910714362	1.0141926638424943	0.13763214731793494	1.4686492738209016	0.3096042280594847	0.06498882618454213	0.30461962585125163	0.30461962585125163	0.30461962585125163	0	0.30461962585125163	0.30461962585125163	0	0.30461962585125163	0.30461962585125163	0	0.30461962585125163	0.30461962585125163	-596.2375146910504	-122.39560196080157
51	-709.8285475663807	-1004.1735868834039	-709.8285475663807	-294.3450393170232	14.348900454439178	0.043841116502765995	0.09991425899834017	0.03765125516800866	0.006535271910594817	0.04182480893726291	0.05372800051437805	0.012808916513351115	0.05228615672199871	0.009990578177602072	0.07727229758663809	0.010735639883171805	0.02108391769499461	0.037129412902360714	0.025884738026884943	0.017425771088229264	0.002340951350904147	0.02474054454229435	0.10725997925832186	0.021893654794511427	0.005281568101193818	0.01050423193192361	0.012148312457466712	0.04713937013332392	0.050430524806042154	0.032890912962703606	0.01968291601175698	0.0025441375236418956	0.0032703683748242923	0.0020009739558669443	0.018131917976106013	0.0237517118997551	0.009974647222972366	0.017306319739616147	0.014648061645810326	0.002450976067254515	0.0088566793032957	0.014639098713832163	1.614963418676952E-4	0.011409545000527935	0.28869084977515236	0.12836754975944478	0.30989589955145797	1.5434188601272378	1.7199054826718103	0.8974243386751849	0.17810830022898425	1.7282957954463547	0.3246505842068467	0.09255828948049298	0.28869084977515236	0.28869084977515236	0.28869084977515236	0	0.28869084977515236	0.28869084977515236	0	0.28869084977515236	0.28869084977515236	0	0.28869084977515236	0.28869084977515236	-581.0466031411877	-128.78194442519302
52	-707.8983204719726	-1006.8203874462343	-707.8983204719726	-298.9220669742617	12.00311737356805	0.043841116502765995	0.07564621478496425	0.03765125516800866	0.006535271910594817	0.04182480893726291	0.05372800051437805	0.012808916513351115	0.05228615672199871	0.009990578177602072	0.07727229758663809	0.010735639883171805	0.026905685691709688	0.037129412902360714	0.025884738026884943	0.0028282129007208556	0.002340951350904147	0.02474054454229435	0.10725997925832186	0.023403826750965404	0.005281568101193818	0.008994059975469634	0.012148312457466712	0.08018320453749317	0.050430524806042154	0.03259214104663319	0.01968291601175698	0.0025441375236418956	0.0032703683748242923	0.0020009739558669443	0.018131917976106013	0.0237517118997551	0.009974647222972366	0.017306319739616147	0.014648061645810326	0.002450976067254515	0.009155451219366117	0.014639098713832163	1.4947115909759773E-4	0.01354061211219869	0.42168640611030583	0.12235241223112482	0.38772734842421974	1.202118618242011	2.536009525624994	0.5461749182690725	0.13744005096028614	2.2715193511373033	0.4826733583561883	0.1495471394980613	0.42168640611030583	0.42168640611030583	0.42168640611030583	0	0.42168640611030583	0.42168640611030583	0	0.42168640611030583	0.42168640611030583	0	0.42168640611030583	0.42168640611030583	-573.913768945466	-133.9845515265066
53	-700.6631166787813	-1011.3453362398158	-700.6631166787813	-310.68221956103446	11.064795694036103	0.043841116502765995	0.008456985900325065	0.0572150826007472	0.006535271910594817	0.022260981504524366	0.04104449387313554	0.032474801820203875	0.03709474481617031	0.009990578177602072	0.07727229758663809	0.010735639883171805	0.06554082806555882	0.012104768723554038	0.1090207967628055	0.0028282129007208556	0.002340951350904147	0.013980320715516137	0.12656676038616277	0.023403826750965404	0.005281568101193818	0.008994059975469634	0.0019193456571511142	0.04732150741772423	0.08267603089905806	0.013542446766533461	0.01968291601175698	0.0025441375236418956	0.0032703683748242923	0.0020009739558669443	0.018131917976106013	0.0237517118997551	0.009974647222972366	0.017306319739616147	0.014648061645810326	0.002450976067254515	0.009155451219366117	0.014639098713832163	1.4705878786388905E-4	0.014678427106260359	1.0104239609862697	0.10618970697006724	0.39157844573643147	2.008492051284617	2.4040266716890604	0.3865918939525767	0.17325246170561528	4.267254719285296	0.5100637599323968	0.12775106526659274	1.0104239609862697	1.0104239609862697	1.0104239609862697	0	1.0104239609862697	1.0104239609862697	0	1.0104239609862697	1.0104239609862697	0	1.0104239609862697	1.0104239609862697	-578.8243252995333	-121.83879137924801
54	-699.0037595483353	-985.7718520193291	-699.0037595483353	-286.76809247099385	7.971790888164341	0.043841116502765995	0.008456985900325065	0.0572150826007472	0.006535271910594817	0.022256696745788326	0.06826527724238247	0.032474801820203875	0.03709474481617031	0.009990578177602072	0.07727229758663809	0.010735639883171805	0.06554082806555882	0.009000288592612593	0.1090207967628055	0.0028282129007208556	0.06756625625934395	0.013980320715516137	0.09934597701691583	0.023403826750965404	0.005281568101193818	0.008994059975469634	0.0019193456571511142	0.04732150741772423	0.017455010749354294	0.013542446766533461	0.01968291601175698	0.0056486176545833405	0.0032703683748242923	0.0020009739558669443	0.018131917976106013	0.0237517118997551	0.009974647222972366	0.017306319739616147	0.014648061645810326	0.002450976067254515	0.009155451219366117	0.014639098713832163	4.1569769220969E-5	0.01243560127183122	1.1948684648437915	0.12558956930349524	0.2753806086025715	3.0542025214358834	1.5208887840427414	0.46298135332337115	0.16523959316080963	4.247682651708541	1.0264881703975823	0.14627513907037404	1.1948684648437915	1.1948684648437915	1.1948684648437915	0	1.1948684648437915	1.1948684648437915	0	1.1948684648437915	1.1948684648437915	0	1.1948684648437915	1.1948684648437915	-579.6761742912845	-119.32758525705086
55	-692.2857206653862	-995.7993657355155	-692.2857206653862	-303.51364507012937	7.714033539498503	0.043841116502765995	0.022317369356462446	0.0572150826007472	0.007004871120199582	0.022256696745788326	0.06826527724238247	0.032474801820203875	0.03709474481617031	0.009990578177602072	0.07727229758663809	0.010735639883171805	0.0713345572452838	0.009000288592612593	0.09150823185399747	0.0028282129007208556	0.06756625625934395	0.03489103579403441	0.04986702636420848	0.023403826750965404	0.005281568101193818	0.008994059975469634	0.0019193456571511142	0.04732150741772423	0.017455010749354294	0.011400899039479134	0.027214024249385127	0.055127568307290695	0.0032703683748242923	0.0020009739558669443	0.018131917976106013	0.002840996821236827	0.009974647222972366	0.017306319739616147	0.014648061645810326	0.002450976067254515	0.0011547437721332043	0.014639098713832163	5.4054442249825636E-5	0.008726387663263174	1.1443270405028765	0.14155927833024018	0.24299149611868773	3.5074226245515177	1.7638132391235997	0.29455356594535975	0.27082614105898567	4.022579552603034	0.8948613222270599	0.04539578724045003	1.1443270405028765	1.1443270405028765	1.1443270405028765	0	1.1443270405028765	1.1443270405028765	0	1.1443270405028765	1.1443270405028765	0	1.1443270405028765	1.1443270405028765	-571.2958939596768	-120.98982670570933
56	-688.5755563530219	-982.562295236229	-688.5755563530219	-293.9867388832072	7.260274483027217	0.043841116502765995	0.022317369356462446	0.0572150826007472	0.007004871120199582	0.022256696745788326	0.06826527724238247	0.032474801820203875	0.03709474481617031	0.010774549085270979	0.06946572803357362	0.010735639883171805	0.0713345572452838	0.009000288592612593	0.09150823185399747	0.0028282129007208556	0.06756625625934395	0.023406088968155103	0.04986702636420848	0.023403826750965404	0.016766514927073123	0.008994059975469634	0.0019193456571511142	0.04732150741772423	0.017455010749354294	0.011400899039479134	0.035020593802449596	0.055127568307290695	0.0032703683748242923	0.0020009739558669443	0.018131917976106013	0.002840996821236827	0.009190676315303459	0.017306319739616147	0.014648061645810326	0.002450976067254515	0.0011547437721332043	0.014639098713832163	1.9514451136100436E-4	0.01186144540559992	0.9691117645193572	0.14351119744323096	0.4109240434429987	3.416126116183134	1.673600790291242	0.30057651910926364	0.32275319601399277	3.779861196310179	0.8918371225997749	0.12354319799298141	0.9691117645193572	0.9691117645193572	0.9691117645193572	0	0.9691117645193572	0.9691117645193572	0	0.9691117645193572	0.9691117645193572	0	0.9691117645193572	0.9691117645193572	-536.6664762125687	-151.90908014045314
57	-685.8471406475626	-996.2514400413847	-685.8471406475626	-310.4042993938221	7.684972078899072	0.04377862345017301	0.022317369356462446	0.0572150826007472	0.007004871120199582	0.022256696745788326	0.02233039860046933	0.032474801820203875	0.03709474481617031	0.010774549085270979	0.06946572803357362	0.010735639883171805	0.0713345572452838	0.009000288592612593	0.09150823185399747	0.0028282129007208556	0.1135011349012571	0.023406088968155103	0.08543446221159379	0.023403826750965404	0.016766514927073123	0.008994059975469634	0.0019193456571511142	0.04732150741772423	0.017455010749354294	0.011400899039479134	0.035020593802449596	0.019560132459905386	0.0032703683748242923	0.0020009739558669443	0.018131917976106013	0.0029034898738298093	0.009190676315303459	0.017306319739616147	0.014648061645810326	0.002450976067254515	0.0011547437721332043	0.014639098713832163	1.0712135763035146E-4	0.015543261511936749	1.1100742233566745	0.12163331633704015	0.45456284419846393	4.84667417118141	1.5316393068758278	0.22543297354337175	0.39924788080535695	2.63579628618475	0.9002998065167664	0.06332592432152083	1.1100742233566745	1.1100742233566745	1.1100742233566745	0	1.1100742233566745	1.1100742233566745	0	1.1100742233566745	1.1100742233566745	0	1.1100742233566745	1.1100742233566745	-571.3424245838492	-114.50471606371345
58	-685.3857197012891	-984.8042454195255	-685.3857197012891	-299.4185257182364	9.59680378337896	0.03283076379433601	0.018259168772904233	0.14012337356327215	0.018512127800043562	0.022256696745788326	0.06832375266407671	0.032474801820203875	0.07428106777795235	0.010774549085270979	0.06946572803357362	0.010735639883171805	0.05982730056543982	0.009000288592612593	0.013807600870508127	0.0028282129007208556	0.023352720771505825	0.07562972513279842	0.07372513406865777	0.023403826750965404	0.016766514927073123	0.008994059975469634	0.0011512845511405384	0.0013281533541168455	0.017455010749354294	0.011400899039479134	0.035020593802449596	0.019560132459905386	0.0032703683748242923	0.012948833611703944	0.018131917976106013	0.0029034898738298093	0.013248876898861672	0.017306319739616147	0.021888184813036657	0.002450976067254515	0.00192280487814378	0.014639098713832163	6.552107938572493E-5	0.015785653710995072	0.869836844499177	0.08260428128782121	0.29774521050479885	7.684723624793987	1.7741850885237493	0.23167120531281998	0.48450616987219114	2.453982761787284	0.5031496707380482	0.14856338473618447	0.869836844499177	0.869836844499177	0.869836844499177	0	0.869836844499177	0.869836844499177	0	0.869836844499177	0.869836844499177	0	0.869836844499177	0.869836844499177	-560.5821942838579	-124.80352541743117
59	-684.1534562000486	-987.7115085172088	-684.1534562000486	-303.55805231716016	9.628696768176	0.03283076379433601	0.018259168772904233	0.05259574957339669	0.018512127800043562	0.022256696745788326	0.06832375266407671	0.03319046588591654	0.03605109145218727	0.010774549085270979	0.05462601823967336	0.010735639883171805	0.0440819622494648	0.09652791258248805	0.013285058709571404	0.0028282129007208556	0.023352720771505825	0.07562972513279842	0.07300947000294511	0.03824353654486566	0.016766514927073123	0.008994059975469634	0.0016738267120772615	0.0013281533541168455	0.017455010749354294	0.011400899039479134	0.035020593802449596	0.019560132459905386	0.0032703683748242923	0.012948833611703944	0.07210723261784611	0.0029034898738298093	0.013248876898861672	0.017306319739616147	0.021888184813036657	0.002450976067254515	0.00192280487814378	0.014639098713832163	5.0883446287346346E-5	0.01170044849863259	0.8575096873080814	0.10974668210701023	0.20556168098510189	5.838738797955236	1.679218045807622	0.3018706127416039	0.6496116665537734	2.3577647557427763	0.36535362632574647	0.13302219666536264	0.8575096873080814	0.8575096873080814	0.8575096873080814	0	0.8575096873080814	0.8575096873080814	0	0.8575096873080814	0.8575096873080814	0	0.8575096873080814	0.8575096873080814	-554.1002592295891	-130.05319697045948
60	-682.1334243280943	-974.1079167436751	-682.1334243280943	-291.97449241558087	8.007732968628726	0.03283076379433601	0.020830276282209903	0.05259574957339669	0.018512127800043562	0.022256696745788326	0.06832375266407671	0.03319046588591654	0.03605109145218727	0.04688416654583194	0.018516400779112402	0.010735639883171805	0.011400417087894063	0.1189511429681045	0.04596660387114214	0.025276112785659527	0.023352720771505825	0.07562972513279842	0.07300947000294511	0.008396626805233773	0.021619086771782897	0.008994059975469634	0.0016738267120772615	0.0013281533541168455	0.017455010749354294	0.011400899039479134	0.020509810011681284	0.019560132459905386	0.0032703683748242923	0.012948833611703944	0.07210723261784611	0.0029034898738298093	0.013248876898861672	0.017306319739616147	0.013951068718866297	0.002450976067254515	0.00192280487814378	0.014639098713832163	1.3785379711566813E-4	0.010335390765211824	0.5709657587382879	0.12734353569391305	0.2386901644493663	5.988027118147234	1.383662744043423	0.32592820915321546	0.720477065180749	3.021276972405151	0.2937278666823123	0.17508570527513667	0.5709657587382879	0.5709657587382879	0.5709657587382879	0	0.5709657587382879	0.5709657587382879	0	0.5709657587382879	0.5709657587382879	0	0.5709657587382879	0.5709657587382879	-556.0415804842661	-126.0918438438282
61	-674.0090620242974	-986.3967003999975	-674.0090620242974	-312.38763837570013	9.826266336718527	0.03283076379433601	0.020830276282209903	0.05259574957339669	0.018512127800043562	0.04752124622231678	0.07422974831610947	0.02728447023388378	0.03605109145218727	0.013568117052293105	0.018516400779112402	0.010735639883171805	0.011400417087894063	0.01067412490098607	0.04596660387114214	0.025276112785659527	0.00953527657567152	0.046003050968402515	0.07300947000294511	0.005559449435091665	0.021619086771782897	0.008994059975469634	0.0053883037883890456	0.0013281533541168455	0.0202921881194964	0.011400899039479134	0.020509810011681284	0.03337757665573969	0.0032703683748242923	0.00923435653539216	0.1069469271627078	0.0029034898738298093	0.013248876898861672	0.017306319739616147	0.013951068718866297	0.03207765023165042	0.00192280487814378	0.09612792225309928	1.426454030344902E-4	0.009658659596411675	0.7609535642874262	0.09968727675001846	0.1888535988797113	5.374329163738077	1.2362842789663262	0.33638430124244084	0.5621175138114783	3.461499463911163	0.23716787680448428	0.11179483032355306	0.7609535642874262	0.7609535642874262	0.7609535642874262	0	0.7609535642874262	0.7609535642874262	0	0.7609535642874262	0.7609535642874262	0	0.7609535642874262	0.7609535642874262	-554.9626367718558	-119.0464252524415
62	-673.7584911306182	-971.0694038532667	-673.7584911306182	-297.3109127226486	9.435348587519215	0.032741958892064424	0.020830276282209903	0.05259574957339669	0.018512127800043562	0.04752124622231678	0.07422974831610947	0.02728447023388378	0.03605109145218727	0.013568117052293105	0.03071646750640697	0.010735639883171805	0.011400417087894063	0.01067412490098607	0.05643382953157304	0.0253252251253335	0.010172468837305576	0.046003050968402515	0.07300947000294511	0.005559449435091665	0.021619086771782897	0.008356867713835578	0.0053883037883890456	0.0013281533541168455	0.0202921881194964	0.011400899039479134	0.020509810011681284	0.0798179668429969	0.0032703683748242923	0.007026097448210797	0.05522882458833099	0.0029034898738298093	0.013248876898861672	0.017306319739616147	0.013951068718866297	0.016985134220497508	0.0018736925384698067	0.09612792225309928	6.224960140096959E-5	0.012261746706708128	0.6755649588626425	0.13675676698625502	0.2628286228523357	4.525532039217237	1.0179631024380036	0.20892827541372705	0.9473845423563304	4.236972680008474	0.2861396998696681	0.10444208265899402	0.6755649588626425	0.6755649588626425	0.6755649588626425	0	0.6755649588626425	0.6755649588626425	0	0.6755649588626425	0.6755649588626425	0	0.6755649588626425	0.6755649588626425	-550.4692584357248	-123.28923269489341
63	-665.7525866373796	-959.5504251583418	-665.7525866373796	-293.7978385209621	8.570606360046156	0.032741958892064424	0.020830276282209903	0.10740502282613723	0.018512127800043562	0.04752124622231678	0.07422974831610947	0.01981914892189482	0.04642040693573418	0.009620940287332513	0.07016455178315714	0.010735639883171805	0.011400417087894063	0.01067412490098607	0.031544451908562685	0.0253252251253335	0.010172468837305576	0.046003050968402515	0.0769566467679057	0.005559449435091665	0.021619086771782897	0.008356867713835578	0.0053883037883890456	0.013311862433430632	0.008308479040182615	0.008496904867921179	0.04539918763469164	7.631532212939302E-4	0.0032703683748242923	0.007026097448210797	0.040026280680543244	0.0029034898738298093	0.013248876898861672	0.017306319739616147	0.013951068718866297	0.016985134220497508	0.0018736925384698067	0.09612792225309928	1.9975530451160675E-5	0.013459666051597204	0.8571856103576859	0.10116519223137256	0.19502459271124045	3.5535467317317115	1.0110789605581991	0.23267166137384307	0.7785273568243559	2.2277657434815743	0.33945962145309616	0.10719456250301697	0.8571856103576859	0.8571856103576859	0.8571856103576859	0	0.8571856103576859	0.8571856103576859	0	0.8571856103576859	0.8571856103576859	0	0.8571856103576859	0.8571856103576859	-526.6420709384197	-139.11051569896
64	-663.582946616248	-958.6061359314109	-663.582946616248	-295.0231893151629	8.092234119413721	0.032741958892064424	0.020830276282209903	0.08982346575999173	0.024249125237523803	0.027550342076089626	0.07422974831610947	0.01981914892189482	0.04642040693573418	0.009620940287332513	0.07016455178315714	0.010735639883171805	0.011400417087894063	0.01067412490098607	0.025404439350902516	0.0253252251253335	0.010172468837305576	0.040266053530922274	0.0769566467679057	0.005559449435091665	0.021619086771782897	0.008356867713835578	0.0053883037883890456	0.013311862433430632	0.008308479040182615	0.008496904867921179	0.04539918763469164	7.631532212939302E-4	0.0032703683748242923	0.0246076545143563	0.040026280680543244	0.0029034898738298093	0.013248876898861672	0.017306319739616147	0.03392197286509345	0.016985134220497508	0.008013705096129975	0.09612792225309928	5.432763445729628E-5	0.014697377490402782	1.0672617940513638	0.13111984861744583	0.1048605515412123	2.3635663845205253	0.8928013450394088	0.20981353929087712	0.6891740412889411	1.4258953120417996	0.37707937186217794	0.08196033837592147	1.0672617940513638	1.0672617940513638	1.0672617940513638	0	1.0672617940513638	1.0672617940513638	0	1.0672617940513638	1.0672617940513638	0	1.0672617940513638	1.0672617940513638	-547.9405659697272	-115.64238064652083
65	-660.4876040337508	-957.8239676029383	-660.4876040337508	-297.3363635691875	8.258091130002722	0.0366852266251355	0.020830276282209903	0.08982346575999173	0.025079058278675778	0.05784310114517531	0.04012396368857769	0.01981914892189482	0.016127647866648498	0.009620940287332513	0.05871589966345234	0.041711820636390534	0.011400417087894063	0.01067412490098607	0.02298335963050567	0.0253252251253335	0.010172468837305576	0.005346605044632469	0.014013427290038627	0.005559449435091665	0.04399081201417662	0.007526934672683602	0.0078093835087858915	0.012310639891933817	0.008308479040182615	0.02023096425305923	0.04539918763469164	0.012211805340998735	0.0032703683748242923	0.0246076545143563	0.10296950015841032	0.0029034898738298093	0.014250099440358488	0.017306319739616147	0.03392197286509345	0.016985134220497508	0.008013705096129975	0.09612792225309928	1.4328845942733611E-4	0.011998335454994081	0.6459434407990635	0.2167355885482176	0.07491711603020428	1.3972579363476307	0.7714054226522105	0.2981859800468425	0.5162527055350827	0.8995360339449802	0.4417463697316322	0.0916036991863923	0.6459434407990635	0.6459434407990635	0.6459434407990635	0	0.6459434407990635	0.6459434407990635	0	0.6459434407990635	0.6459434407990635	0	0.6459434407990635	0.6459434407990635	-530.6441713166095	-129.84343271714138
66	-659.8612303882514	-966.6694106187467	-659.8612303882514	-306.8081802304952	8.277134089785662	0.0366852266251355	0.034105992055019074	0.019387210378751296	0.025079058278675778	0.007634892565866899	0.04012396368857769	0.01981914892189482	0.04762709071920662	0.04873419290668424	0.02804327990491104	0.041711820636390534	0.011400417087894063	0.01067412490098607	0.02298335963050567	0.03642018108529019	0.010172468837305576	0.005346605044632469	0.014013427290038627	0.005559449435091665	0.04399081201417662	0.007526934672683602	0.07242162899732728	0.012310639891933817	0.008308479040182615	0.02023096425305923	0.04539918763469164	0.012211805340998735	0.0032703683748242923	0.030431664407055345	0.08969378438560115	0.03357610963237111	0.014250099440358488	0.017306319739616147	0.002422530012535326	0.07734135314026423	0.008013705096129975	0.03577170333333256	1.4553800447386587E-4	0.011080477651443344	0.5969978793932886	0.3170476639508413	0.07119807367570825	2.5066277907150165	0.6763980540738435	0.6049612184687679	0.46749258662214666	0.9989562126075724	0.4489770053706324	0.09042428472934372	0.5969978793932886	0.5969978793932886	0.5969978793932886	0	0.5969978793932886	0.5969978793932886	0	0.5969978793932886	0.5969978793932886	0	0.5969978793932886	0.5969978793932886	-523.5112302501424	-136.35000013810912
67	-657.701930875389	-951.1491663115307	-657.701930875389	-293.44723543614174	7.589270556233139	0.0366852266251355	0.034105992055019074	0.03447276390484849	0.025079058278675778	0.007634892565866899	0.039399983607878844	0.01981914892189482	0.04762709071920662	0.04873419290668424	0.02804327990491104	0.041711820636390534	0.007843682962785023	0.01067412490098607	0.02298335963050567	0.014358822370940855	0.010172468837305576	0.005346605044632469	0.014737407370737476	0.005559449435091665	0.04399081201417662	0.029588293387032935	0.07242162899732728	0.015867374017042857	0.008308479040182615	0.02023096425305923	0.04539918763469164	0.012211805340998735	0.0032703683748242923	0.030431664407055345	0.08969378438560115	0.01849055610627391	0.014250099440358488	0.017306319739616147	0.002422530012535326	0.07734135314026423	0.008013705096129975	0.03577170333333256	5.213659421050013E-5	0.013502180331847073	0.4890464747554448	0.24666036507693606	0.08684418779073283	1.2649005274940357	1.2502660698036696	0.7129608161856275	0.4791320995226574	0.643387490334187	0.341420914365209	0.1064087618462548	0.4890464747554448	0.4890464747554448	0.4890464747554448	0	0.4890464747554448	0.4890464747554448	0	0.4890464747554448	0.4890464747554448	0	0.4890464747554448	0.4890464747554448	-522.6855691371816	-135.01636173820748
68	-655.6339881500373	-950.0758523652948	-655.6339881500373	-294.4418642152575	6.730289820381089	0.0366852266251355	0.034105992055019074	0.03447276390484849	0.011773537347179605	0.007634892565866899	0.039399983607878844	0.01981914892189482	0.04762709071920662	0.04873419290668424	0.024369561340805673	0.041711820636390534	0.007843682962785023	0.023979645832482244	0.02298335963050567	0.021093419206244052	0.022080636565680573	0.005346605044632469	0.014737407370737476	0.005559449435091665	0.04399081201417662	0.022853696551729738	0.07242162899732728	0.015867374017042857	0.008308479040182615	0.006886473863315951	0.004688332374743864	0.025556295730742015	0.010017388616606268	0.022381106026327244	0.08969378438560115	0.01849055610627391	0.02230065782108659	0.08820212742948673	0.002422530012535326	0.03217493130428982	0.008013705096129975	0.03577170333333256	1.4067134896414036E-4	0.019620124739248988	0.5367781002549283	0.4229145623455106	0.12567902586825513	1.37371051154171	0.7790032696635151	0.829289104468298	0.4255121109811396	0.8367464312616516	0.4126704992696703	0.04881610149006211	0.5367781002549283	0.5367781002549283	0.5367781002549283	0	0.5367781002549283	0.5367781002549283	0	0.5367781002549283	0.5367781002549283	0	0.5367781002549283	0.5367781002549283	-524.8299619690288	-130.80402618100862
69	-655.5147339575826	-957.6806255085218	-655.5147339575826	-302.16589155093914	6.979223277344101	0.0366852266251355	0.034105992055019074	0.03447276390484849	0.011773537347179605	0.013319572026338142	0.039399983607878844	0.01981914892189482	0.04762709071920662	0.036228366713946136	0.024369561340805673	0.041711820636390534	0.007843682962785023	0.023979645832482244	0.02298335963050567	0.021093419206244052	0.022080636565680573	0.005346605044632469	0.014737407370737476	0.005559449435091665	0.03830613255370538	0.007975184540818789	0.07242162899732728	0.015867374017042857	0.008308479040182615	0.01939230005605405	0.004688332374743864	0.025556295730742015	0.010017388616606268	0.009458022250329753	0.08969378438560115	0.0314136398822714	0.02230065782108659	0.08820212742948673	0.017301042023446275	0.03217493130428982	0.008013705096129975	0.03577170333333256	1.7528952649573917E-4	0.012747212360781145	0.4469929300450952	0.29044234361230603	0.17361517278259508	1.0221196475150762	1.0650408752655331	0.9322032596029132	0.3770012282793641	0.5051134740514571	0.3202707019197037	0.11308541946983924	0.4469929300450952	0.4469929300450952	0.4469929300450952	0	0.4469929300450952	0.4469929300450952	0	0.4469929300450952	0.4469929300450952	0	0.4469929300450952	0.4469929300450952	-503.8351811193457	-151.679552838237
70	-655.2647020162741	-938.5622282312706	-655.2647020162741	-283.2975262149965	6.979223277344101	0.0366852266251355	0.034105992055019074	0.03447276390484849	0.011773537347179605	0.013319572026338142	0.08329306529496856	0.01981914892189482	0.04762709071920662	0.03545873357431861	0.024369561340805673	0.041711820636390534	0.007843682962785023	0.023979645832482244	0.023752992770133194	0.021093419206244052	0.022080636565680573	0.005346605044632469	0.014737407370737476	0.005559449435091665	0.03830613255370538	0.007975184540818789	0.07242162899732728	0.015867374017042857	0.008308479040182615	0.01939230005605405	0.0317409232981537	0.025556295730742015	0.010017388616606268	0.009458022250329753	0.08969378438560115	0.0314136398822714	0.02230065782108659	0.04430904574239701	0.017301042023446275	0.03217493130428982	0.008013705096129975	0.008719112409922722	1.6658727648345527E-5	0.011630143692352232	0.35561620843173664	0.31820278683884956	0.16518776262810672	0.9691217550419748	1.0532271486716565	1.2963098277499077	0.5963795540309331	0.6986222988118532	0.3007190529593231	0.05842330429666305	0.35561620843173664	0.35561620843173664	0.35561620843173664	0	0.35561620843173664	0.35561620843173664	0	0.35561620843173664	0.35561620843173664	0	0.35561620843173664	0.35561620843173664	-530.8955798901586	-124.36912212611551
71	-652.7227783024056	-947.7016307850629	-652.7227783024056	-294.9788524826573	8.195605481051743	0.02972879619589318	0.034105992055019074	0.03447276390484849	0.030483911292709373	0.013319572026338142	0.08766124371542046	0.01981914892189482	0.04762709071920662	0.03545873357431861	0.020001382920353777	0.048668251065632856	0.007843682962785023	0.023979645832482244	0.023752992770133194	0.029467470655409528	0.022080636565680573	0.005346605044632469	0.014737407370737476	0.005559449435091665	0.029932081104539904	0.007975184540818789	0.07242162899732728	0.02185518141139886	0.008308479040182615	6.819261105242835E-4	0.027365674201541124	0.025556295730742015	0.014392637713218845	0.009458022250329753	0.08370597699124514	0.0314136398822714	0.02230065782108659	0.04430904574239701	0.017301042023446275	0.03217493130428982	0.008013705096129975	0.008719112409922722	3.8485513082794115E-6	0.01066992838977206	0.3224768297855919	0.31840168895422144	0.15294925037376259	0.8279281459307439	1.0525754515384507	0.8113215289100194	1.2618800867799551	0.7032789965158952	0.3365010232416289	0.10840831555734855	0.3224768297855919	0.3224768297855919	0.3224768297855919	0	0.3224768297855919	0.3224768297855919	0	0.3224768297855919	0.3224768297855919	0	0.3224768297855919	0.3224768297855919	-526.5470036292161	-126.17577467318952
72	-648.9788857488004	-941.3366315805431	-648.9788857488004	-292.35774583174265	9.145855380518475	0.02972879619589318	0.018567398224321296	0.03447276390484849	0.030483911292709373	0.013319572026338142	0.04294392282355404	0.03035257148379575	0.027103808393710016	0.03545873357431861	0.020001382920353777	0.048668251065632856	0.05153890827382311	0.05173633789818244	0.023752992770133194	0.029467470655409528	0.022080636565680573	0.005346605044632469	0.059454728262603895	0.005559449435091665	0.029932081104539904	0.011790885610707277	0.057469633449573995	0.02185518141139886	0.008308479040182615	0.031172515488975344	0.027365674201541124	0.015022873168841086	0.014392637713218845	0.009458022250329753	0.040010751680207055	0.03319698310151252	0.02230065782108659	0.04430904574239701	0.006251931213354198	0.03217493130428982	0.008013705096129975	0.006935769190681604	4.0288310858061105E-5	0.008746157291102494	0.35672535573388403	0.3359050783443312	0.22461035250191413	0.48447750449543725	1.1094276867318307	0.9173252229330587	1.9541981120448644	1.1399932545724298	0.3874818411190959	0.11064915524071468	0.35672535573388403	0.35672535573388403	0.35672535573388403	0	0.35672535573388403	0.35672535573388403	0	0.35672535573388403	0.35672535573388403	0	0.35672535573388403	0.35672535573388403	-511.7048458632307	-137.27403988556966
73	-644.2354586624862	-939.0133816352615	-644.2354586624862	-294.7779229727753	8.334243124196892	0.02972879619589318	8.226325364844023E-4	0.03447276390484849	0.03156158685793946	0.013319572026338142	0.03373848159481825	0.013347018536673388	0.027103808393710016	0.005480445314276161	0.04997967118039623	0.048668251065632856	0.05153890827382311	0.05173633789818244	0.0278644729759817	0.029467470655409528	0.022080636565680573	0.005346605044632469	0.059454728262603895	0.00448177386986158	0.029932081104539904	0.011790885610707277	0.057469633449573995	0.03696374163215588	0.04305879767514187	0.031172515488975344	0.027365674201541124	0.015022873168841086	0.014392637713218845	0.009458022250329753	0.040010751680207055	0.018088422880755503	0.02230065782108659	0.04430904574239701	0.006251931213354198	0.028063451098441314	0.008013705096129975	0.016141210419417393	7.723922609828117E-5	0.013272069989161915	0.26200674750967956	0.23171437215177976	0.340367691200127	0.29376623975427746	2.092895956735779	1.200174615894812	1.6810517449928697	1.0166882834456497	0.2452383852483917	0.10759186095694043	0.26200674750967956	0.26200674750967956	0.26200674750967956	0	0.26200674750967956	0.26200674750967956	0	0.26200674750967956	0.26200674750967956	0	0.26200674750967956	0.26200674750967956	-505.4634429626243	-138.7720156998619
74	-643.5828821462711	-936.8293047034906	-643.5828821462711	-293.24642255721943	7.489619641176013	0.02972879619589318	8.226325364844023E-4	0.03447276390484849	0.03219918490045319	0.013319572026338142	0.03373848159481825	0.015771195694789214	0.027103808393710016	0.005480445314276161	0.04997967118039623	0.048668251065632856	0.03611326028800409	0.05173633789818244	0.0278644729759817	0.023870237867081173	0.019656459407564747	0.005346605044632469	0.059454728262603895	0.00448177386986158	0.029932081104539904	0.011790885610707277	0.02932640245137462	0.03696374163215588	0.006708677189402712	0.031172515488975344	0.026728076159027392	0.03044852115466011	0.014392637713218845	0.03760125324852913	0.040010751680207055	0.018088422880755503	0.027897890609414944	0.04430904574239701	0.006251931213354198	0.028063451098441314	0.04436382558186913	0.016141210419417393	2.1602624340549348E-4	0.014038937697987187	0.3144703760633349	0.13648927482519022	0.24007320309068503	0.481548511772832	2.0761340659718504	0.7196878684928895	1.232517568673856	0.8990798194212989	0.22502226240755993	0.06688822624534708	0.3144703760633349	0.3144703760633349	0.3144703760633349	0	0.3144703760633349	0.3144703760633349	0	0.3144703760633349	0.3144703760633349	0	0.3144703760633349	0.3144703760633349	-524.1696473939497	-119.41323475232143
75	-640.6523743758504	-935.5285431312647	-640.6523743758504	-294.87616875541426	6.704827691011605	0.0382245470531921	8.226325364844023E-4	0.03447276390484849	0.03219918490045319	0.013319572026338142	0.03373848159481825	0.015771195694789214	0.027103808393710016	0.005480445314276161	0.04997967118039623	0.048668251065632856	0.003651709315849669	0.05173633789818244	0.0014750535921161795	0.023870237867081173	0.019656459407564747	0.005346605044632469	0.059454728262603895	0.00448177386986158	0.02042165181389352	0.011790885610707277	0.02932640245137462	0.03696374163215588	0.006708677189402712	0.031172515488975344	0.026728076159027392	0.03044852115466011	0.040782057097084365	0.03760125324852913	0.040010751680207055	0.018088422880755503	0.027897890609414944	0.07778527514789889	0.006251931213354198	0.06452899968366842	0.007898276996642029	0.016141210419417393	9.56275395811586E-5	0.011614284013716595	0.20613937988150455	0.14362032106018321	0.2444570391623531	0.5899647984550659	1.922124050823432	0.6869492855739928	0.690617766495831	0.9723504422328745	0.14701621373448107	0.12096447505791441	0.20613937988150455	0.20613937988150455	0.20613937988150455	0	0.20613937988150455	0.20613937988150455	0	0.20613937988150455	0.20613937988150455	0	0.20613937988150455	0.20613937988150455	-496.5575828577151	-144.0947915181353
76	-637.0895494989327	-934.0390842721022	-637.0895494989327	-296.94953477316955	7.547504801368031	0.0382245470531921	8.226325364844023E-4	0.03447276390484849	0.03219918490045319	0.013319572026338142	0.03373848159481825	0.015771195694789214	0.031760607636527716	0.005480445314276161	0.04997967118039623	0.048668251065632856	0.003071718222165551	0.05173633789818244	0.008079711407731435	0.023870237867081173	0.019656459407564747	0.01222364398389364	0.052577689323342724	0.00448177386986158	0.02042165181389352	0.007134086367889578	0.02932640245137462	0.05527017810474444	0.00728866828308683	0.012866079016386783	0.020123418343412136	0.03044852115466011	0.040782057097084365	0.03760125324852913	0.040010751680207055	0.018088422880755503	0.027897890609414944	0.07778527514789889	0.006251931213354198	0.06452899968366842	0.007898276996642029	0.016141210419417393	6.147669084484611E-5	0.01100192311106247	0.24773258827311204	0.13833054884487286	0.2773002639435691	0.9744497647594524	1.5539926056876252	0.8280158679863586	0.8949672833044537	1.0739009711770975	0.15827491597554347	0.12746257278911696	0.24773258827311204	0.24773258827311204	0.24773258827311204	0	0.24773258827311204	0.24773258827311204	0	0.24773258827311204	0.24773258827311204	0	0.24773258827311204	0.24773258827311204	-523.6780023750316	-113.41154712390109
77	-636.2176261009579	-950.4660989864624	-636.2176261009579	-314.2484728855045	8.196077512227284	0.039732555062355276	8.226325364844023E-4	0.03447276390484849	0.03219918490045319	0.0042118884467081535	0.03373848159481825	0.015771195694789214	0.020292709523547614	0.025464280667012118	0.04997967118039623	0.03946899892486408	0.014539616335145653	0.005276540477501035	0.008079711407731435	0.023870237867081173	0.019656459407564747	0.01222364398389364	0.052577689323342724	0.00448177386986158	0.02042165181389352	0.007134086367889578	0.02932640245137462	0.05376217009558126	0.00728866828308683	0.05369973505933842	0.02511187148362448	0.03044852115466011	0.040782057097084365	0.04670893682815912	0.044221550680763486	0.018088422880755503	0.027897890609414944	0.03695161910494725	0.006251931213354198	0.09100496175161386	0.007898276996642029	0.016141210419417393	1.6944781072766334E-4	0.012146478436439753	0.293029205890479	0.15694119256431263	0.26359534022240616	0.9463808384682896	1.3879226909827982	1.311830481492582	0.9273922213994922	0.6220039293538253	0.12364376475585971	0.06152598995420761	0.293029205890479	0.293029205890479	0.293029205890479	0	0.293029205890479	0.293029205890479	0	0.293029205890479	0.293029205890479	0	0.293029205890479	0.293029205890479	-522.3174862993271	-113.90013980163077
78	-634.5554959397552	-944.401545149239	-634.5554959397552	-309.8460492094838	7.588270404312287	0.039732555062355276	0.03071736992125218	0.038853648358697035	0.03219918490045319	0.007830359897653336	0.03373848159481825	0.015771195694789214	0.020292709523547614	0.026024036537027673	0.04997967118039623	0.07535238437585987	0.014539616335145653	0.005276540477501035	0.008079711407731435	0.03687735787105603	0.019656459407564747	0.01222364398389364	0.01669430387234694	0.00448177386986158	0.02042165181389352	0.007134086367889578	0.02932640245137462	0.01227528536260436	0.00728866828308683	0.05313997918932287	0.053591636212626526	0.03044852115466011	0.040782057097084365	0.04670893682815912	0.03984066622691494	0.018088422880755503	0.02427941915846976	0.03695161910494725	0.006251931213354198	0.061110224366846086	0.007898276996642029	0.016141210419417393	2.139048138485124E-4	0.011149510948230409	0.22511522120784644	0.1669297517642961	0.2719711821858562	1.1576105019802037	1.1677383739995884	1.4393802208863087	0.7752806012864248	1.2522438206281779	0.1242704419764043	0.06637607649644421	0.22511522120784644	0.22511522120784644	0.22511522120784644	0	0.22511522120784644	0.22511522120784644	0	0.22511522120784644	0.22511522120784644	0	0.22511522120784644	0.22511522120784644	-500.18590525848606	-134.36959068126922
79	-626.2563252795364	-929.9321839460993	-626.2563252795364	-303.6758586665628	7.3153048723907	0.027208302789999847	0.03071736992125218	0.038853648358697035	0.03219918490045319	0.007830359897653336	0.02909114311224377	0.015771195694789214	0.020292709523547614	0.026024036537027673	0.04997967118039623	0.07535238437585987	0.014539616335145653	0.005276540477501035	0.008079711407731435	0.03687735787105603	0.031456681635645384	0.015054759770067094	0.01669430387234694	0.00448177386986158	0.03294590408624895	0.007134086367889578	0.02932640245137462	0.01227528536260436	0.031049610233169767	0.04133975696124223	0.02983069426254359	0.027617405368486656	0.040782057097084365	0.04670893682815912	0.03984066622691494	0.018088422880755503	0.02047807524290557	0.03695161910494725	0.006251931213354198	0.06491156828241028	0.01254561547921651	0.016141210419417393	2.929415433674192E-4	0.010767760640463449	0.1945574080125947	0.2006597639856022	0.20105066045498815	1.2672543143793351	1.0961562212684217	2.4849793297507174	0.9216476866366156	1.0592103134890158	0.12364957691132819	0.14652991957097733	0.1945574080125947	0.1945574080125947	0.1945574080125947	0	0.1945574080125947	0.1945574080125947	0	0.1945574080125947	0.1945574080125947	0	0.1945574080125947	0.1945574080125947	-496.0864414434755	-130.169883836061
80	-623.0069790801862	-906.2885320660878	-623.0069790801862	-283.28155298590167	6.821612455375541	0.027208302789999847	0.04792827865095883	0.038853648358697035	0.03219918490045319	0.007830359897653336	0.02909114311224377	0.015320925213271525	0.021886291210906517	0.026024036537027673	0.0641648830593696	0.06649902897031831	0.014539616335145653	0.005276540477501035	0.008079711407731435	0.03687735787105603	0.017271469756672014	0.015505030251584784	0.01669430387234694	0.00448177386986158	0.03294590408624895	0.007134086367889578	0.007996597056214902	0.01227528536260436	0.031049610233169767	0.04133975696124223	0.02983069426254359	0.027617405368486656	0.040782057097084365	0.02591394360574538	0.03984066622691494	0.018088422880755503	0.02933143064844712	0.05774661232736099	0.006251931213354198	0.06491156828241028	0.015070930457310672	0.016141210419417393	1.719624419253054E-4	0.009114354807048829	0.1077012191966661	0.17753096093613446	0.2875546527621726	1.478484461370114	1.2666663706165098	1.9282631321484236	0.5784304167933215	1.126761017662821	0.09815463259186738	0.11739857415699285	0.1077012191966661	0.1077012191966661	0.1077012191966661	0	0.1077012191966661	0.1077012191966661	0	0.1077012191966661	0.1077012191966661	0	0.1077012191966661	0.1077012191966661	-502.27477602605614	-120.73220305413003
81	-622.7297657079793	-923.0862954822596	-622.7297657079793	-300.3565297742803	8.115148652503283	0.027208302789999847	0.04792827865095883	0.038853648358697035	0.03219918490045319	0.02135016837872282	0.02909114311224377	0.015320925213271525	0.021886291210906517	0.026024036537027673	0.06341282400142487	0.05868378700191909	0.017197592979942486	0.012156323744124564	0.005099576075940457	0.03687735787105603	0.017271469756672014	0.015505030251584784	0.01669430387234694	0.00593625233478999	0.03762345651500085	0.007134086367889578	8.681475470100203E-4	0.01674575822701241	0.031049610233169767	0.04133975696124223	0.018817048330741604	0.027617405368486656	0.11043876304298471	0.02591394360574538	0.026819587325870628	0.01961407974761807	0.02933143064844712	0.05169198062216994	0.006251931213354198	0.022354184205515812	0.0015511219762411876	0.016141210419417393	2.915932481429428E-5	0.009734205819957658	0.09714553229626302	0.17626501571766612	0.16162701284515368	1.2616492803189645	1.1784016969002893	1.9167789554912322	0.609770538051212	1.3381860216930412	0.15086069946755026	0.2082645009244154	0.09714553229626302	0.09714553229626302	0.09714553229626302	0	0.09714553229626302	0.09714553229626302	0	0.09714553229626302	0.09714553229626302	0	0.09714553229626302	0.09714553229626302	-509.15584522502525	-113.57392048295397
82	-617.0713259864715	-929.2342802785265	-617.0713259864715	-312.162954292055	8.336778553984912	0.027208302789999847	0.04792827865095883	0.0419883752828169	0.03219918490045319	0.02135016837872282	0.02909114311224377	0.029938596969242476	0.021886291210906517	0.026024036537027673	0.06341282400142487	0.05868378700191909	0.061765730288089835	0.035141415327504366	0.005025602111572533	0.03687735787105603	0.017271469756672014	0.015505030251584784	0.01154580335421651	0.00593625233478999	0.03762345651500085	0.0072080603322575015	8.681475470100203E-4	0.01674575822701241	0.031049610233169767	0.04133975696124223	0.018817048330741604	0.027617405368486656	0.06273589881071749	0.02591394360574538	0.01766137413622003	0.01961407974761807	0.02387197208212677	0.05169198062216994	0.006251931213354198	0.004517593140266438	0.0015511219762411876	0.016141210419417393	5.094839303595155E-4	0.014254258126133831	0.13072204397206005	0.20846370884795723	0.31580808590715514	1.036138366111885	1.006046296364684	2.635291572724246	0.7632733573474699	1.4456359739820108	0.15494380305780087	0.19499868095111353	0.13072204397206005	0.13072204397206005	0.13072204397206005	0	0.13072204397206005	0.13072204397206005	0	0.13072204397206005	0.13072204397206005	0	0.13072204397206005	0.13072204397206005	-514.895553442534	-102.1757725439374
83	-615.4134236013633	-910.761004259429	-615.4134236013633	-295.3475806580657	10.139475786344029	0.027208302789999847	0.04792827865095883	0.0419883752828169	0.03219918490045319	0.02135016837872282	0.055410354681335	0.029938596969242476	0.021886291210906517	0.026024036537027673	0.03709361243233364	0.05868378700191909	0.061765730288089835	0.052098031196777694	0.005025602111572533	0.03687735787105603	0.017271469756672014	0.015505030251584784	0.01154580335421651	0.00593625233478999	0.03762345651500085	0.0072080603322575015	0.009299370472057963	0.01674575822701241	0.031049610233169767	0.029289030517326092	0.06295401836049663	0.027617405368486656	0.018598928780962462	0.02591394360574538	0.01766137413622003	0.01961407974761807	0.02387197208212677	0.03473536475289661	0.009871434732222392	0.004517593140266438	0.0015511219762411876	0.016141210419417393	1.614145426318944E-4	0.013675360711664091	0.135656835165809	0.14483896304909258	0.3374879986852353	0.6045745009055002	0.7838279959526063	2.679498672149293	0.8980807436517194	1.1674602471505653	0.22212962836737302	0.08067561427105813	0.135656835165809	0.135656835165809	0.135656835165809	0	0.135656835165809	0.135656835165809	0	0.135656835165809	0.135656835165809	0	0.135656835165809	0.135656835165809	-521.3607587435102	-94.05266485785312
84	-614.2413299824975	-927.3805546844667	-614.2413299824975	-313.1392247019691	11.53360273938058	0.027208302789999847	0.04792827865095883	0.0419883752828169	0.03219918490045319	0.025631901934531895	0.055410354681335	0.02018639304652789	0.030060598741735667	0.026024036537027673	0.046845816355048225	0.05868378700191909	0.061765730288089835	0.052098031196777694	0.005025602111572533	0.04158259391026384	0.017271469756672014	0.015505030251584784	0.01154580335421651	0.00593625233478999	0.03762345651500085	0.0072080603322575015	0.009299370472057963	0.01674575822701241	0.009628839359321462	0.0507098013911744	0.05477971082966748	0.02333567181267758	0.018598928780962462	0.021651056472586902	0.012956138097012224	0.01961407974761807	0.02387197208212677	0.03473536475289661	0.009871434732222392	0.004517593140266438	0.0015511219762411876	0.02040409755257587	2.0756318999368194E-4	0.008766138896105675	0.13959335074265905	0.09482187011726723	0.40933204076995566	1.0235808546149388	0.7634231938012598	2.89801157392117	1.057488169274476	1.4031117078601498	0.1595768772266515	0.15947813150931023	0.13959335074265905	0.13959335074265905	0.13959335074265905	0	0.13959335074265905	0.13959335074265905	0	0.13959335074265905	0.13959335074265905	0	0.13959335074265905	0.13959335074265905	-494.9422257671198	-119.29910421537767
85	-612.5811578570788	-923.940982314952	-612.5811578570788	-311.35982445787323	10.711248018489135	0.050241932339113546	0.04792827865095883	0.0419883752828169	0.03219918490045319	0.025631901934531895	0.0323767251322213	0.02018639304652789	0.030060598741735667	0.026024036537027673	0.03213333576236385	0.05868378700191909	0.061765730288089835	0.052098031196777694	0.005025602111572533	0.04158259391026384	0.017271469756672014	0.015505030251584784	0.01154580335421651	0.00593625233478999	0.03762345651500085	0.0072080603322575015	0.009299370472057963	0.01674575822701241	0.009628839359321462	0.0507098013911744	0.05477971082966748	0.02333567181267758	0.018598928780962462	0.021651056472586902	0.012956138097012224	0.01961407974761807	0.02387197208212677	0.049447845345580985	0.009871434732222392	0.004517593140266438	0.0015511219762411876	0.02040409755257587	1.4019045878371455E-4	0.009930830478507312	0.31310547474139644	0.06684736923708853	0.6055373462406457	0.9882768816371491	0.5398544063145304	2.8568996182076134	0.6651203233959915	2.40432791804612	0.08574456121806856	0.08593579780644547	0.31310547474139644	0.31310547474139644	0.31310547474139644	0	0.31310547474139644	0.31310547474139644	0	0.31310547474139644	0.31310547474139644	0	0.31310547474139644	0.31310547474139644	-488.6076046820675	-123.97355317501123
86	-611.7174722875026	-918.3908206363216	-611.7174722875026	-306.673348348819	11.843584062399017	0.050241932339113546	0.04792827865095883	0.017624874766067833	0.03219918490045319	0.025631901934531895	0.0323767251322213	0.02018639304652789	0.030060598741735667	0.026024036537027673	0.03213333576236385	0.05868378700191909	0.061765730288089835	0.04961333748639585	0.005025602111572533	0.04158259391026384	0.017271469756672014	0.039868530768333854	0.01154580335421651	0.00593625233478999	0.03762345651500085	0.0072080603322575015	0.009299370472057963	0.018570352372527688	0.009628839359321462	0.0507098013911744	0.05477971082966748	0.02333567181267758	0.016774334635447183	0.021651056472586902	0.012956138097012224	0.01961407974761807	0.02387197208212677	0.049447845345580985	0.009871434732222392	0.004517593140266438	0.0015511219762411876	0.022888791262957717	1.5754365944354462E-4	0.008241604227968626	0.4505812896765172	0.07406691337302873	0.6121832322079818	1.039124582596992	0.6465245642030529	3.1848061925737343	0.549708173095272	1.7777667722568435	0.09869226659487038	0.08266464304800437	0.4505812896765172	0.4505812896765172	0.4505812896765172	0	0.4505812896765172	0.4505812896765172	0	0.4505812896765172	0.4505812896765172	0	0.4505812896765172	0.4505812896765172	-486.3679740551821	-125.34949823232049
87	-611.3821864669997	-914.5894802797457	-611.3821864669997	-303.20729381274606	11.843584062399017	0.050241932339113546	0.020665161466814852	0.017624874766067833	0.03219918490045319	0.025631901934531895	0.033525437181386744	0.02018639304652789	0.030060598741735667	0.026024036537027673	0.03213333576236385	0.08594690418606307	0.061765730288089835	0.04961333748639585	0.005025602111572533	0.03575290220851443	0.017271469756672014	0.039868530768333854	0.01154580335421651	0.00593625233478999	0.03762345651500085	0.0072080603322575015	0.009299370472057963	0.018570352372527688	0.009628839359321462	0.05612683488880163	0.05477971082966748	0.02333567181267758	0.016774334635447183	0.021651056472586902	0.012956138097012224	0.024295059400202032	0.02387197208212677	0.04403081184795375	0.009871434732222392	0.004517593140266438	0.0015511219762411876	0.022888791262957717	6.576969675739505E-5	0.00978343266035221	0.4247834384145628	0.0832800440378944	0.6656765141439305	0.6690388262818887	0.870981448374164	2.104985129685058	1.0371847949114916	2.056981818708434	0.09320527199961594	0.10539900260102919	0.4247834384145628	0.4247834384145628	0.4247834384145628	0	0.4247834384145628	0.4247834384145628	0	0.4247834384145628	0.4247834384145628	0	0.4247834384145628	0.4247834384145628	-499.5512036140352	-111.83098285296448
88	-611.3507699594718	-893.6514978407765	-611.3507699594718	-282.3007278813047	14.058706964180889	0.050241932339113546	0.020665161466814852	0.007394719504100256	0.03219918490045319	0.025631901934531895	0.033525437181386744	0.03668362220748353	0.030060598741735667	0.011670785690218732	0.0193727161231598	0.08594690418606307	0.061765730288089835	0.03311610832544021	0.005025602111572533	0.03575290220851443	0.017271469756672014	0.039868530768333854	0.01154580335421651	0.02028950318159893	0.05030142214272579	0.0072080603322575015	0.009299370472057963	0.018570352372527688	0.009628839359321462	0.05612683488880163	0.038408646720459516	0.03208072035853947	0.029534954274651234	0.021651056472586902	0.012956138097012224	0.011617093772477091	0.03149798764547285	0.04403081184795375	0.009871434732222392	0.004517593140266438	0.011781277238208765	0.022888791262957717	1.0523837342006592E-4	0.009752594118766821	0.37964408750609574	0.060561472984799344	0.4629960757550221	0.9642301514861848	1.2438678235820155	2.2009225173955342	1.3793828628520348	1.1683274229781953	0.1078950569487682	0.07526973219844492	0.37964408750609574	0.37964408750609574	0.37964408750609574	0	0.37964408750609574	0.37964408750609574	0	0.37964408750609574	0.37964408750609574	0	0.37964408750609574	0.37964408750609574	-515.3520338149239	-95.99873614454789
89	-611.2641486362597	-907.7794113701009	-611.2641486362597	-296.5152627338411	13.96385168740941	0.050241932339113546	0.020665161466814852	0.02888005038704705	0.03219918490045319	0.025631901934531895	0.033525437181386744	0.03668362220748353	0.030060598741735667	0.011670785690218732	0.0193727161231598	0.06446157330311628	0.061765730288089835	0.013403426691297682	0.005025602111572533	0.010702798817396969	0.017271469756672014	0.039868530768333854	0.04139297849437362	0.02028950318159893	0.05030142214272579	0.0072080603322575015	0.009299370472057963	0.018570352372527688	0.009628839359321462	0.010751269137639657	0.038408646720459516	0.03208072035853947	0.03189845141721202	0.021651056472586902	0.038006241488129686	0.009253596629916302	0.03149798764547285	0.033896318341939166	0.055247000483384365	0.004517593140266438	0.011781277238208765	0.022888791262957717	1.11056260689633E-4	0.015320666960475024	0.49717624210631073	0.05260788632740754	0.31341547891738925	1.5637348238961208	1.3659001662557815	2.398462535720068	1.3940807055828037	0.8999093866826131	0.14710363531512008	0.14677287136617626	0.49717624210631073	0.49717624210631073	0.49717624210631073	0	0.49717624210631073	0.49717624210631073	0	0.49717624210631073	0.49717624210631073	0	0.49717624210631073	0.49717624210631073	-500.68458613217405	-110.57956250408569
90	-608.2966242597297	-904.6962292642784	-608.2966242597297	-296.3996050045487	8.784787828475368	0.046980191851580075	0.020665161466814852	0.02888005038704705	0.03219918490045319	0.025631901934531895	0.033525437181386744	0.03668362220748353	0.05642048330751309	0.011670785690218732	0.0193727161231598	0.06446157330311628	0.06279712560245697	0.013403426691297682	0.005025602111572533	0.010702798817396969	0.017271469756672014	0.039868530768333854	0.015033093928596197	0.023551243669132402	0.05030142214272579	0.0072080603322575015	0.009299370472057963	0.018570352372527688	0.009628839359321462	0.010751269137639657	0.038408646720459516	0.03208072035853947	0.03086705610284489	0.021651056472586902	0.038006241488129686	0.009253596629916302	0.03149798764547285	0.033896318341939166	0.055247000483384365	0.004517593140266438	0.011781277238208765	0.022888791262957717	2.24276338531911E-4	0.009897950872845649	0.38808059050504806	0.07572764546270884	0.28477941292241227	1.2823976108032338	1.2510570273833261	2.3463960977294125	1.2549779000861994	0.8929626172102418	0.13143091291648915	0.10580593582251478	0.38808059050504806	0.38808059050504806	0.38808059050504806	0	0.38808059050504806	0.38808059050504806	0	0.38808059050504806	0.38808059050504806	0	0.38808059050504806	0.38808059050504806	-480.9638337361305	-127.33279052359927
91	-606.2302110587154	-900.0151457289982	-606.2302110587154	-293.7849346702827	7.539727630809084	0.046980191851580075	0.009369374374699313	0.02888005038704705	0.016051336376659495	0.03083562619576917	0.019187210103691357	0.0712062000354273	0.05642048330751309	0.011670785690218732	0.0193727161231598	0.06446157330311628	0.0282745477745132	0.013403426691297682	0.005025602111572533	0.017956659210270315	0.017271469756672014	0.039868530768333854	0.015033093928596197	0.016757275996074558	0.05030142214272579	0.0072080603322575015	0.007584441500895087	0.018570352372527688	0.009628839359321462	0.010751269137639657	0.038408646720459516	0.04337650745065501	0.03086705610284489	0.037704212521445166	0.038006241488129686	0.053042082158991186	0.03149798764547285	0.033896318341939166	0.027606363478103177	0.004517593140266438	0.011781277238208765	0.01722517428190494	1.8165551591402512E-4	0.009723685446909887	0.44357613316579597	0.0438392910567906	0.3496636504119265	1.1236846301703733	0.9649905580970112	1.9366608922305977	0.9228125187153206	1.3829537541296295	0.10683261839327245	0.07180459318309772	0.44357613316579597	0.44357613316579597	0.44357613316579597	0	0.44357613316579597	0.44357613316579597	0	0.44357613316579597	0.44357613316579597	0	0.44357613316579597	0.44357613316579597	-505.9077646250013	-100.3224464337141
92	-603.6593754684948	-907.2344859148334	-603.6593754684948	-303.5751104463386	7.142225901897945	0.046980191851580075	0.009369374374699313	0.02888005038704705	0.008733734843608107	0.03083562619576917	0.019187210103691357	0.0712062000354273	0.05642048330751309	0.02758010919175269	0.01282620033277268	0.06446157330311628	0.0282745477745132	0.019838459549217702	0.005025602111572533	0.017956659210270315	0.010836436898751994	0.039868530768333854	0.015033093928596197	0.023303791786461678	0.057619023675777176	0.0072080603322575015	0.007584441500895087	0.018570352372527688	0.009628839359321462	0.010751269137639657	0.038408646720459516	0.04337650745065501	0.03086705610284489	0.037704212521445166	0.038006241488129686	0.053042082158991186	0.03149798764547285	0.01798699484040521	0.027606363478103177	0.004517593140266438	0.011781277238208765	0.01722517428190494	1.0956255137693678E-4	0.012997349170309832	0.26035047083373625	0.04726105639319565	0.4337777831519104	1.6278133341413423	0.6979201960666651	3.3075778132142193	0.8929356987751603	2.5522834804888817	0.07009033803931403	0.1992251746794135	0.26035047083373625	0.26035047083373625	0.26035047083373625	0	0.26035047083373625	0.26035047083373625	0	0.26035047083373625	0.26035047083373625	0	0.26035047083373625	0.26035047083373625	-492.59616758574504	-111.06320788274968
93	-602.9490537628283	-906.9735684821409	-602.9490537628283	-304.0245147193126	7.202262868712323	0.046980191851580075	0.009369374374699313	0.02888005038704705	0.008733734843608107	0.07306331742836424	0.019187210103691357	0.044588026849495116	0.05642048330751309	0.02758010919175269	0.07463340969345286	0.01725088476287781	0.0035956807692756193	0.019838459549217702	0.029704469116810114	0.017956659210270315	0.017181157443816514	0.0708400231117613	0.015033093928596197	0.023303791786461678	0.026647531332349733	0.0072080603322575015	0.007584441500895087	0.018570352372527688	0.009628839359321462	0.010751269137639657	0.038408646720459516	0.04337650745065501	0.04690016357819869	0.037704212521445166	0.038006241488129686	0.046697361613926666	0.006098508171243799	0.01798699484040521	0.017816806777584224	0.004517593140266438	0.011781277238208765	0.006175064114194537	1.2002660068233362E-4	0.011920550965751321	0.25464325646637265	0.05520897716417312	0.27311255878684665	1.635129037004725	0.6805461121112933	2.8405189301363003	1.090577326722277	2.4206713105233386	0.11457313398011894	0.2284044177316235	0.25464325646637265	0.25464325646637265	0.25464325646637265	0	0.25464325646637265	0.25464325646637265	0	0.25464325646637265	0.25464325646637265	0	0.25464325646637265	0.25464325646637265	-498.3479092625771	-104.60114450025118
94	-602.3690860380966	-902.2357591952364	-602.3690860380966	-299.86667315713976	7.019581949195856	0.05526760167674115	0.009369374374699313	0.010013451140633733	0.008733734843608107	0.011246861350981727	0.019187210103691357	0.06345462609590843	0.06081836770128585	0.02758010919175269	0.020039120308551456	0.07077993101509925	0.028235182244263787	0.07003486454034635	0.0187214371880232	0.017956659210270315	0.037126735869833255	0.0708400231117613	0.02601612585738311	0.025625451522110695	0.002008029857361565	0.0072080603322575015	0.007584441500895087	0.018570352372527688	0.008654158244292942	0.010751269137639657	0.038408646720459516	0.008188726710950597	0.04690016357819869	0.037704212521445166	7.913938211599747E-5	0.026751783187909925	0.004751529550623301	0.01798699484040521	0.05574390888359791	0.03970537387997085	0.011781277238208765	0.006175064114194537	4.947763464841483E-5	0.010295709612534159	0.14373539883622563	0.08656827344778252	0.19593845018452685	1.38517578408055	1.0889718945010936	1.9323759621728138	1.2540002964951091	2.2767057155568504	0.1291290383637645	0.2483177920557539	0.14373539883622563	0.14373539883622563	0.14373539883622563	0	0.14373539883622563	0.14373539883622563	0	0.14373539883622563	0.14373539883622563	0	0.14373539883622563	0.14373539883622563	-477.4091462735331	-124.95993976456353
95	-598.3707970379709	-908.2995005169018	-598.3707970379709	-309.928703478931	8.695213877055973	0.05526760167674115	0.009369374374699313	0.010013451140633733	0.008733734843608107	0.011246861350981727	0.05093069969124926	0.06345462609590843	0.047418835481209676	0.02758010919175269	0.020039120308551456	0.07077993101509925	0.028235182244263787	0.0455010956539702	0.04626641656959139	0.017956659210270315	0.037126735869833255	0.0708400231117613	0.02601612585738311	0.017518289584794386	0.002008029857361565	0.009799655125512605	0.005426492414633208	0.018570352372527688	0.008654158244292942	0.010751269137639657	0.038408646720459516	0.005597131917695494	0.015156673990640787	0.037704212521445166	0.013478671602192169	0.026751783187909925	0.004751529550623301	0.01798699484040521	0.013548743037440789	0.03970537387997085	0.05312318167543573	0.014282226051510846	8.548283712629209E-5	0.009717323304655807	0.17882620960753645	0.09683168310559709	0.15448083057941953	1.3692485968008357	0.930148668782511	1.5049665798121603	0.9596599746127535	1.9283475698667567	0.14714074036348246	0.20790379517399718	0.17882620960753645	0.17882620960753645	0.17882620960753645	0	0.17882620960753645	0.17882620960753645	0	0.17882620960753645	0.17882620960753645	0	0.17882620960753645	0.17882620960753645	-478.0835323912571	-120.28726464671377
96	-595.9205946161786	-882.4846266995355	-595.9205946161786	-286.5640320833569	9.550254702356348	0.05526760167674115	0.030400331057164554	0.010013451140633733	0.008733734843608107	0.027498006912837533	0.05398283789082699	0.06345462609590843	0.047418835481209676	0.02758010919175269	0.020039120308551456	0.07077993101509925	0.028235182244263787	0.0455010956539702	0.04626641656959139	0.017956659210270315	0.02087559030797745	0.06778788491218357	0.02601612585738311	0.017234039073366944	0.002008029857361565	0.009799655125512605	0.005426492414633208	0.018570352372527688	0.008654158244292942	0.010751269137639657	0.038408646720459516	0.005597131917695494	0.015156673990640787	0.016673255838979925	0.013478671602192169	0.026751783187909925	0.004751529550623301	0.01798699484040521	0.013548743037440789	0.03970537387997085	0.05340743218686317	0.014282226051510846	1.5384803439314872E-4	0.008321618470600126	0.2885243743509122	0.12784387418902696	0.14759560618223883	1.529849060685491	1.2581480479057177	2.3190876841693613	1.376509738582444	3.059883616139472	0.1929082387884029	0.21481614181093092	0.2885243743509122	0.2885243743509122	0.2885243743509122	0	0.2885243743509122	0.2885243743509122	0	0.2885243743509122	0.2885243743509122	0	0.2885243743509122	0.2885243743509122	-486.8897140856575	-109.03088053052109
97	-594.0991934277531	-889.0923938447479	-594.0991934277531	-294.99320041699474	6.333469564799927	0.05526760167674115	0.008533679448605724	0.010013451140633733	0.008733734843608107	0.027498006912837533	0.0970107477045939	0.06345462609590843	0.047418835481209676	0.02758010919175269	0.020039120308551456	0.07077993101509925	0.028235182244263787	0.0455010956539702	0.04626641656959139	0.017956659210270315	0.02087559030797745	0.06778788491218357	0.02601612585738311	0.017234039073366944	0.002008029857361565	0.009799655125512605	0.005426492414633208	0.018570352372527688	0.008654158244292942	0.010751269137639657	0.022154214561625807	0.005597131917695494	0.015156673990640787	0.016673255838979925	0.035345323210751	0.026751783187909925	0.004751529550623301	0.01798699484040521	0.013548743037440789	0.03970537387997085	0.01037952237309625	0.030536658210344556	3.910223444946263E-5	0.013099655796731231	0.2708776374627106	0.14889028350805533	0.1955026383719717	1.335600832135144	1.1593838337833466	2.4939572188792978	1.219793771710155	3.1135389421541415	0.15484631166444687	0.21444849598757024	0.2708776374627106	0.2708776374627106	0.2708776374627106	0	0.2708776374627106	0.2708776374627106	0	0.2708776374627106	0.2708776374627106	0	0.2708776374627106	0.2708776374627106	-484.3463983035296	-109.75279512422352
98	-593.107183098474	-877.7659807693333	-593.107183098474	-284.6587976708592	5.807912663039011	0.05526760167674115	0.008533679448605724	0.010414524342826803	0.008733734843608107	0.027498006912837533	0.035893837050995095	0.055919881477708516	0.047418835481209676	0.008953650283093917	0.020039120308551456	0.07077993101509925	0.028235182244263787	0.0455010956539702	0.04626641656959139	0.017956659210270315	0.017062852584722593	0.046696212150106775	0.02601612585738311	0.004489382589339827	0.009141701273368413	0.009799655125512605	0.005426492414633208	0.08636261048641891	0.03324593238977358	0.014564006860894513	0.015478867101333393	0.005597131917695494	0.015156673990640787	0.016673255838979925	0.04458987831137427	0.026751783187909925	0.004751529550623301	0.039525483676647086	0.013548743037440789	0.05089043722259977	0.01037952237309625	0.01643956494013253	1.367687899866026E-4	0.009838196336600151	0.21434346625536163	0.14973413556959786	0.1509112289595851	2.0477942983443898	0.9460388327209344	1.5813352390211002	0.9881035078129675	2.34728024102204	0.1760600716466031	0.15377658865203037	0.21434346625536163	0.21434346625536163	0.21434346625536163	0	0.21434346625536163	0.21434346625536163	0	0.21434346625536163	0.21434346625536163	0	0.21434346625536163	0.21434346625536163	-464.63699222095653	-128.47019087751752
99	-592.5490579660359	-890.78129090271	-592.5490579660359	-298.2322329366741	7.526116480246715	0.05526760167674115	0.008533679448605724	0.010414524342826803	0.008733734843608107	0.027498006912837533	0.035893837050995095	0.055919881477708516	0.047418835481209676	0.008953650283093917	0.013846523959199247	0.07077993101509925	0.028235182244263787	0.0455010956539702	0.04626641656959139	0.017956659210270315	0.012944235812020283	0.046696212150106775	0.02601612585738311	0.017713561276758813	0.01780441048738632	0.009799655125512605	0.005426492414633208	0.08636261048641891	0.03324593238977358	0.014564006860894513	0.015478867101333393	0.005597131917695494	0.019275290763343098	0.016673255838979925	0.030266429006734694	0.024281670323244228	0.004751529550623301	0.039525483676647086	0.013548743037440789	0.05198970783982036	0.01037952237309625	0.01643956494013253	6.295397209528054E-4	0.009418532514495875	0.27113618376936116	0.22368335575109016	0.13231308602064648	1.4731528613576355	0.9985696133077645	1.8352107170118266	0.629071157180495	2.3327563868661816	0.12959029603531208	0.18400600951107873	0.27113618376936116	0.27113618376936116	0.27113618376936116	0	0.27113618376936116	0.27113618376936116	0	0.27113618376936116	0.27113618376936116	0	0.27113618376936116	0.27113618376936116	-477.2028379470468	-115.34622001898902
100	-590.0287886906476	-877.991287053508	-590.0287886906476	-287.9624983628604	8.252341290176432	0.0168761643954196	0.008533679448605724	0.0370746265261484	0.008733734843608107	0.05663324941979507	0.035893837050995095	0.055919881477708516	0.047418835481209676	0.008953650283093917	0.013846523959199247	0.07077993101509925	0.028235182244263787	0.018722023183699865	0.04197726402566125	0.017956659210270315	0.012944235812020283	0.046696212150106775	0.02601612585738311	0.017713561276758813	0.01780441048738632	0.009799655125512605	0.005426492414633208	0.08636261048641891	0.004110689882816043	0.014564006860894513	0.015478867101333393	0.005597131917695494	0.019275290763343098	0.055064693120301475	0.0036063268234130946	0.08587990063783356	0.004751529550623301	0.004706325832328093	0.013548743037440789	0.05198970783982036	0.01037952237309625	0.020728717484062673	8.531974002129922E-5	0.012263104138870867	0.35696699497823975	0.2731760860808111	0.26685491708154174	2.3765600168477183	0.7921266929934029	1.8614866249633235	0.4945838240372002	3.514132389242254	0.09301801826974565	0.14777466526391553	0.35696699497823975	0.35696699497823975	0.35696699497823975	0	0.35696699497823975	0.35696699497823975	0	0.35696699497823975	0.35696699497823975	0	0.35696699497823975	0.35696699497823975	-469.1737388576747	-120.85504983297287
101	-589.3815631059563	-876.7885802751794	-589.3815631059563	-287.4070171692231	5.217650084760338	0.042822190537545754	0.008533679448605724	0.0370746265261484	0.008733734843608107	0.05663324941979507	0.035893837050995095	0.02997385533558236	0.047418835481209676	0.008953650283093917	0.013846523959199247	0.074915683807218	0.009909956760451685	0.018722023183699865	0.04197726402566125	0.017956659210270315	0.012944235812020283	0.03241007996004541	0.02601612585738311	0.017713561276758813	0.01780441048738632	0.005663902333393853	0.005426492414633208	0.10468783597023101	0.036041575399846204	0.014564006860894513	0.015478867101333393	0.005597131917695494	0.019275290763343098	0.03741993979333268	0.0036063268234130946	0.027577407995280398	0.004751529550623301	0.004706325832328093	0.013548743037440789	0.05198970783982036	0.01037952237309625	0.07903121012661583	5.381558056356121E-5	0.011647307413648956	0.4763581711374909	0.33382762635667884	0.14729725980829678	2.632668858061713	0.5446458854019341	2.647923281013935	0.4449903798869702	4.641590387635279	0.1422708738766202	0.12815555604140674	0.4763581711374909	0.4763581711374909	0.4763581711374909	0	0.4763581711374909	0.4763581711374909	0	0.4763581711374909	0.4763581711374909	0	0.4763581711374909	0.4763581711374909	-447.79782621918116	-141.58373688677506
102	-588.1547030534077	-882.6454389648047	-588.1547030534077	-294.49073591139694	7.360147589014358	0.09394438772484613	0.008533679448605724	0.0370746265261484	0.008733734843608107	0.03142285311256131	0.035893837050995095	0.02997385533558236	0.047418835481209676	0.008953650283093917	0.013846523959199247	0.074915683807218	0.009909956760451685	0.014206531015513724	0.028976922611078745	0.03547249279303896	0.008124670620845847	0.03241007996004541	0.02601612585738311	0.017713561276758813	0.01780441048738632	0.005663902333393853	0.01685542372139935	0.046538066683923573	0.036041575399846204	0.014564006860894513	0.00404993579456725	0.01041669710886993	0.019275290763343098	0.03741993979333268	0.028816723130646857	0.027577407995280398	0.053089963659501804	0.004706325832328093	0.013548743037440789	0.05198970783982036	0.00947693185466092	0.038622938635179724	1.0878466206868103E-4	0.008389037450218406	0.45389000036141924	0.3308874003965432	0.1621113769594629	1.5632995014819775	0.721134678517245	1.7459938807191662	0.5091322228287706	3.6039189232665243	0.2329331373950957	0.0910630307688141	0.45389000036141924	0.45389000036141924	0.45389000036141924	0	0.45389000036141924	0.45389000036141924	0	0.45389000036141924	0.45389000036141924	0	0.45389000036141924	0.45389000036141924	-451.6267734059892	-136.52792964741855
103	-587.8353489104234	-889.7798178874198	-587.8353489104234	-301.9444689769964	8.644202549078518	0.09394438772484613	0.008533679448605724	0.0359763866274429	0.008733734843608107	0.03142285311256131	0.035893837050995095	0.017707034676427064	0.047418835481209676	0.008953650283093917	0.013846523959199247	0.0972003705599542	0.009909956760451685	0.014206531015513724	0.028976922611078745	0.030026459966801505	0.02529460663028746	0.03241007996004541	0.02601612585738311	0.04825207890326631	0.01780441048738632	0.02474795161219011	0.018334888231286026	0.04163495133363726	0.005503057773338704	0.014564006860894513	0.00404993579456725	0.01041669710886993	0.005637274310784299	0.03741993979333268	0.006150811766729478	0.025740659686568232	0.053089963659501804	0.004706325832328093	0.015385491346152955	0.05198970783982036	0.00947693185466092	0.038622938635179724	5.260189974801396E-4	0.009522435637500777	0.5037748742081309	0.46763391083044276	0.30261495354848134	0.8673956760595138	0.9076006429642121	2.844722413112385	0.8059531939126467	2.5562161307416926	0.2277606832964288	0.08159658766509388	0.5037748742081309	0.5037748742081309	0.5037748742081309	0	0.5037748742081309	0.5037748742081309	0	0.5037748742081309	0.5037748742081309	0	0.5037748742081309	0.5037748742081309	-452.79199930497555	-135.04334960544782
104	-587.0527038377095	-903.7644983831432	-587.0527038377095	-316.7117945454337	8.644202549078518	0.10351253255174107	0.008533679448605724	0.0359763866274429	0.008733734843608107	0.03142285311256131	0.035893837050995095	0.042162891951803866	0.06306844010408436	0.008953650283093917	0.014131949368850955	0.04026081035198445	0.009909956760451685	0.014206531015513724	0.028976922611078745	0.004808710517031883	0.02529460663028746	0.03241007996004541	0.02601612585738311	0.08073578183585926	0.01780441048738632	0.02474795161219011	0.0010627973571383093	0.04163495133363726	0.005503057773338704	0.014564006860894513	0.00404993579456725	0.05064578796788609	0.005637274310784299	0.014259097482021907	0.006150811766729478	0.025740659686568232	0.046867761585433154	0.004706325832328093	0.015100065936501247	0.05198970783982036	0.00947693185466092	0.0450489830356907	1.397407458411163E-4	0.008808505812514607	0.4716113521979929	0.34289850118819964	0.5173447634887028	0.6603930463469991	1.1297195949671057	3.064667123722867	0.8496074788439588	3.0450063543982853	0.2165011569197472	0.09126284876277414	0.4716113521979929	0.4716113521979929	0.4716113521979929	0	0.4716113521979929	0.4716113521979929	0	0.4716113521979929	0.4716113521979929	0	0.4716113521979929	0.4716113521979929	-473.19354963507845	-113.85915420263106
105	-582.5534542200731	-887.3972051042285	-582.5534542200731	-304.8437508841554	9.131145921601039	0.10351253255174107	0.008533679448605724	0.0359763866274429	0.008733734843608107	0.03142285311256131	0.035893837050995095	0.042162891951803866	0.06306844010408436	0.008379785795038619	0.014131949368850955	0.044854117192184656	0.009909956760451685	0.014206531015513724	0.011837350900987684	0.004808710517031883	0.02529460663028746	0.03241007996004541	0.03107381270215981	0.08073578183585926	0.013211103647186112	0.02474795161219011	0.0010627973571383093	0.01629955114143322	0.005503057773338704	0.014564006860894513	0.00404993579456725	0.07598118816009013	0.006211138798839597	0.014259097482021907	0.006150811766729478	0.020682972841791533	0.046867761585433154	0.004706325832328093	0.015100065936501247	0.05198970783982036	0.00947693185466092	0.06218855474578176	1.8994014326512932E-5	0.011899622659611276	0.5726059699941529	0.2748749987168228	0.47335454406725025	0.528434521727639	0.6833806053285532	3.057706656418195	0.8978697423281274	1.6945893959011364	0.24649040346439205	0.08204111979582959	0.5726059699941529	0.5726059699941529	0.5726059699941529	0	0.5726059699941529	0.5726059699941529	0	0.5726059699941529	0.5726059699941529	0	0.5726059699941529	0.5726059699941529	-453.3033360279933	-129.2501181920799
106	-579.3445802344819	-874.5598820405382	-579.3445802344819	-295.2153018060564	9.17940195319524	0.10351253255174107	0.011128273071234873	0.0359763866274429	0.008733734843608107	0.023569679986384026	0.035893837050995095	0.042162891951803866	0.06306844010408436	0.016505315085609484	0.014131949368850955	0.07805459360514908	0.009909956760451685	0.00418321468096039	0.011837350900987684	0.014832026851585217	0.025022250465893875	0.03241007996004541	0.04203622505825899	0.047535305422894844	0.0018069792181982514	0.02474795161219011	0.0010627973571383093	0.0016442009002510805	0.005944769846227382	0.014564006860894513	0.00404993579456725	0.07598118816009013	0.006211138798839597	0.014259097482021907	0.006150811766729478	0.020682972841791533	0.046867761585433154	0.019361676073510234	0.015100065936501247	0.05198970783982036	0.0068823382320317705	0.06218855474578176	2.1906631120671732E-4	0.009000292990046345	0.3224774423388237	0.2449570497353969	0.3795394332632668	0.7552020781857952	0.36963079497663814	3.663405732594007	1.0255044258540302	2.1930838856918733	0.24765245709255002	0.09072636197410405	0.3224774423388237	0.3224774423388237	0.3224774423388237	0	0.3224774423388237	0.3224774423388237	0	0.3224774423388237	0.3224774423388237	0	0.3224774423388237	0.3224774423388237	-442.0830670145093	-137.2615132199726
107	-578.6323652011175	-886.652653426266	-578.6323652011175	-308.02028822514853	6.828603994564305	0.08833149573357589	0.011128273071234873	0.051157423445608086	0.019696787162150106	0.023569679986384026	0.035893837050995095	0.03356443243852622	0.06306844010408436	0.016505315085609484	0.014131949368850955	0.08922975859839674	0.009909956760451685	0.00418321468096039	0.011837350900987684	0.014832026851585217	0.025022250465893875	0.03241007996004541	0.0038865646574688384	0.047535305422894844	0.0018069792181982514	0.002254930250715312	0.0010627973571383093	0.0016442009002510805	0.005944769846227382	0.052713667261684666	0.00404993579456725	0.04000676587671391	0.006211138798839597	0.014259097482021907	0.006150811766729478	0.020682972841791533	0.0445031687801688	0.019361676073510234	0.015100065936501247	0.05198970783982036	0.0068823382320317705	0.10948083339738511	2.2324622667293286E-4	0.012228376185208069	0.28343786791810116	0.258562847226351	0.3361854486339194	0.9743061718786556	0.31379648872327964	3.155502587687269	1.1738771932999115	2.406200938044278	0.2309383455503953	0.18801507766708014	0.28343786791810116	0.28343786791810116	0.28343786791810116	0	0.28343786791810116	0.28343786791810116	0	0.28343786791810116	0.28343786791810116	0	0.28343786791810116	0.28343786791810116	-456.19633894042136	-122.43602626069618
108	-578.1279254397706	-882.6786721100318	-578.1279254397706	-304.55074667026116	7.399518429436469	0.08878484937810792	0.011128273071234873	0.051157423445608086	0.019696787162150106	0.023569679986384026	0.035893837050995095	0.03356443243852622	0.06854894583282783	0.0047985339325279375	0.008198089995575447	0.08922975859839674	0.012608743957606569	0.00418321468096039	0.011837350900987684	0.0378821240860133	0.016688514702795837	0.02106676387869888	0.0038865646574688384	0.047535305422894844	0.01014071498129629	0.002254930250715312	0.0010627973571383093	0.0016442009002510805	0.005944769846227382	0.10869058754250047	0.00404993579456725	0.04000676587671391	0.006211138798839597	0.011560310284867023	0.006150811766729478	0.020682972841791533	0.0445031687801688	0.019361676073510234	0.015100065936501247	0.05198970783982036	0.0068823382320317705	0.05350391311656931	1.7330077363594584E-4	0.009238387232335792	0.2832680459097827	0.2835134707062043	0.3281006012145036	0.5933970861503394	0.356708482904199	2.001065303558132	1.0187455801001768	2.6820487286572625	0.283799892684029	0.08784369231990001	0.2832680459097827	0.2832680459097827	0.2832680459097827	0	0.2832680459097827	0.2832680459097827	0	0.2832680459097827	0.2832680459097827	0	0.2832680459097827	0.2832680459097827	-448.8064806330058	-129.32144480676482
109	-578.0933253573364	-868.1730847073502	-578.0933253573364	-290.0797593500138	5.414761025308105	0.07927515700866326	0.0017756146579658294	0.051157423445608086	0.028080757696979416	0.023569679986384026	0.035893837050995095	0.03356443243852622	0.06854894583282783	0.0047985339325279375	0.008198089995575447	0.22869879678791968	0.012608743957606569	0.00418321468096039	0.011837350900987684	0.0378821240860133	0.016688514702795837	0.02106676387869888	0.0038865646574688384	0.047535305422894844	0.01014071498129629	0.002254930250715312	0.0010627973571383093	0.0029815401331739766	0.005944769846227382	0.012829141506714742	0.00404993579456725	0.04000676587671391	0.006211138798839597	0.011560310284867023	0.006150811766729478	0.020682972841791533	0.012650013256686465	0.02887136844295489	0.006716095401671937	0.04023527120956548	0.014897657412377918	0.05350391311656931	8.498651555654162E-5	0.013334910501781752	0.19300864042724794	0.30448521258216305	0.23066503299982694	0.5773522652698568	0.6246268106385597	1.544944191620716	1.4104302912859281	2.956072334017196	0.42328483917312876	0.09292381656459894	0.19300864042724794	0.19300864042724794	0.19300864042724794	0	0.19300864042724794	0.19300864042724794	0	0.19300864042724794	0.19300864042724794	0	0.19300864042724794	0.19300864042724794	-466.5336863274082	-111.55963902992828
110	-577.5539411026683	-872.5721275651824	-577.5539411026683	-295.0181864625141	6.001560244426764	0.07927515700866326	0.0017756146579658294	0.03426693681558485	0.028080757696979416	0.034007515943123776	0.02230800315201638	0.03356443243852622	0.06510719992069153	0.0047985339325279375	0.012053645412739206	0.22869879678791968	0.0488218247376888	0.00418321468096039	0.01787619206924372	0.0378821240860133	0.016688514702795837	0.02106676387869888	0.02014605470597186	0.03127581537439182	0.01014071498129629	0.015840764149694028	0.0010627973571383093	0.0029815401331739766	0.005944769846227382	0.012829141506714742	0.00404993579456725	0.04000676587671391	0.006211138798839597	0.011560310284867023	0.006150811766729478	0.020682972841791533	0.012650013256686465	0.02887136844295489	0.006716095401671937	0.0040221904294832495	0.014897657412377918	0.05350391311656931	1.7099870871241816E-4	0.010399931302062725	0.19384431098130298	0.27737258974821527	0.32908398209263234	0.8783983098128308	0.9209078159002141	3.1558554718171385	2.1392147164520345	2.025040839862406	0.36006551691816874	0.14590004185259922	0.19384431098130298	0.19384431098130298	0.19384431098130298	0	0.19384431098130298	0.19384431098130298	0	0.19384431098130298	0.19384431098130298	0	0.19384431098130298	0.19384431098130298	-465.11252194042356	-112.44141916224478
111	-576.6079351310664	-875.1174050265392	-576.6079351310664	-298.50946989547293	6.526100372673028	0.04919704506294374	0.0017756146579658294	0.03426693681558485	0.028080757696979416	0.03072278036315311	0.02230800315201638	0.03356443243852622	0.06510719992069153	0.0047985339325279375	0.012053645412739206	0.06645647673767571	0.0488218247376888	0.00418321468096039	0.01787619206924372	0.0378821240860133	0.016688514702795837	0.02106676387869888	0.02014605470597186	0.03127581537439182	0.01014071498129629	0.009955960293773644	0.0010627973571383093	0.0029815401331739766	0.005944769846227382	0.016113877086685408	0.00404993579456725	0.04000676587671391	0.006211138798839597	0.011560310284867023	0.006150811766729478	0.18292529289203552	0.012650013256686465	0.02887136844295489	0.006716095401671937	0.04398894625883941	0.014897657412377918	0.049500073088853055	1.8742731658975828E-4	0.010734316603482919	0.17057636325536352	0.2796424491895421	0.24284344997880428	0.7351705207442712	0.5744375051329905	3.9861356671348007	2.2397872000627554	2.3432797891015804	0.33343759163457287	0.1645587570253773	0.17057636325536352	0.17057636325536352	0.17057636325536352	0	0.17057636325536352	0.17057636325536352	0	0.17057636325536352	0.17057636325536352	0	0.17057636325536352	0.17057636325536352	-466.49789036589874	-110.1100447651676
112	-575.6192751675705	-878.7584448953717	-575.6192751675705	-303.1391697278012	7.54935630618856	0.040136731542795165	0.0017756146579658294	0.03426693681558485	0.06474608383162277	0.023711411120219558	0.02230800315201638	0.03356443243852622	0.0741675134408401	0.0047985339325279375	0.012053645412739206	0.06645647673767571	0.0480157966828416	0.00418321468096039	0.004279027499364693	0.042338533656845784	0.01223210513196335	0.03739805638666949	0.020952082760819057	0.03127581537439182	0.01014071498129629	0.009955960293773644	0.0010627973571383093	0.0029815401331739766	0.005944769846227382	0.016113877086685408	0.00404993579456725	0.04000676587671391	0.006211138798839597	0.011560310284867023	0.01194690485650439	0.1665940003840649	0.012650013256686465	0.02887136844295489	0.006716095401671937	0.04398894625883941	0.014897657412377918	0.027647187677247373	1.2127448174469181E-5	0.008427274655912477	0.16975136281391406	0.2943788439296142	0.2907903896588805	0.7392229274983572	0.6003227824937356	4.355743631773755	1.6512910546469837	2.6951670036312523	0.31891381159425813	0.08500981923961982	0.16975136281391406	0.16975136281391406	0.16975136281391406	0	0.16975136281391406	0.16975136281391406	0	0.16975136281391406	0.16975136281391406	0	0.16975136281391406	0.16975136281391406	-486.04486459354564	-89.57441057402495
113	-574.1950596037358	-872.1690155863487	-574.1950596037358	-297.9739559826129	6.916134838582185	0.040136731542795165	0.008903287116619918	0.02713926435693076	0.055460411404715956	0.023711411120219558	0.02230800315201638	0.03356443243852622	0.0741675134408401	0.0047985339325279375	0.012053645412739206	0.06645647673767571	0.0480157966828416	0.00418321468096039	0.004279027499364693	0.04427729175451242	0.01223210513196335	0.03739805638666949	0.020952082760819057	0.15601040250004772	0.01014071498129629	0.009955960293773644	0.0010627973571383093	0.0029815401331739766	0.005944769846227382	0.016113877086685408	0.00404993579456725	0.04000676587671391	0.015496811225746407	0.011560310284867023	0.01194690485650439	0.04185941325840903	0.012650013256686465	0.026932610345288252	0.006716095401671937	0.04398894625883941	0.014897657412377918	0.027647187677247373	1.8792164649573847E-5	0.008407808827324344	0.15551726156890605	0.244319377930949	0.20653307104891327	0.5738272217625986	0.6117891002462925	4.302210500837341	2.1266727367666185	2.5561205491832744	0.3100357909741372	0.21179870378854426	0.15551726156890605	0.15551726156890605	0.15551726156890605	0	0.15551726156890605	0.15551726156890605	0	0.15551726156890605	0.15551726156890605	0	0.15551726156890605	0.15551726156890605	-482.0864368130481	-92.10862279068766
114	-572.8424442278763	-885.206259230872	-572.8424442278763	-312.3638150029957	10.317933049445378	0.040136731542795165	0.033127565734067166	0.02713926435693076	0.055460411404715956	0.002932369190002712	0.02230800315201638	0.03356443243852622	0.10190249911560473	0.00980602285374621	0.012053645412739206	0.049252164235330825	0.007637483578918233	0.00418321468096039	0.004279027499364693	0.010976286601071278	0.01223210513196335	0.018911897234705655	0.020952082760819057	0.15601040250004772	0.032402543780649745	0.03233013929583649	0.0010627973571383093	0.0029815401331739766	9.372809250091096E-4	0.016113877086685408	0.00404993579456725	0.04000676587671391	0.015496811225746407	0.026231557902206534	0.022409094139124272	0.031397223975789146	0.012650013256686465	0.004558431343225408	0.04797258653465718	0.04398894625883941	0.014897657412377918	0.027647187677247373	1.2222192260522968E-4	0.007667063716451966	0.2449965754097809	0.19247295803099493	0.19388505324651648	0.8443670672753392	0.6437425124891828	6.009318931802859	2.829435486634832	3.6386130582832577	0.2632384590423472	0.18202741384156668	0.2449965754097809	0.2449965754097809	0.2449965754097809	0	0.2449965754097809	0.2449965754097809	0	0.2449965754097809	0.2449965754097809	0	0.2449965754097809	0.2449965754097809	-473.1539574201781	-99.68848680769824
115	-571.1761077282756	-884.1319844179518	-571.1761077282756	-312.95587668967613	12.527178287476037	0.040136731542795165	0.033127565734067166	0.02713926435693076	0.0945879486408077	0.002932369190002712	0.02230800315201638	0.03356443243852622	0.03325441602224305	0.01932832104656479	0.012053645412739206	0.049252164235330825	0.007637483578918233	0.00418321468096039	0.004279027499364693	0.0495108458697536	0.1072069346363059	0.018911897234705655	0.07031855100947859	0.011669104747045633	0.052312944511650444	0.03233013929583649	0.0010627973571383093	0.0029815401331739766	9.372809250091096E-4	0.016113877086685408	0.00404993579456725	0.030992752465301518	0.015496811225746407	0.026231557902206534	0.022409094139124272	0.031397223975789146	0.012650013256686465	0.004558431343225408	0.028062185803656478	0.04398894625883941	0.014897657412377918	0.018124889484428794	3.0069941792291438E-5	0.009402524799677837	0.1479673127411953	0.27422257801580974	0.3361493053739441	0.843839872855536	0.6895402209219805	6.140632038037985	2.661018279010966	4.284058707671648	0.14469812912671073	0.15539810856060413	0.1479673127411953	0.1479673127411953	0.1479673127411953	0	0.1479673127411953	0.1479673127411953	0	0.1479673127411953	0.1479673127411953	0	0.1479673127411953	0.1479673127411953	-461.8801514440591	-109.29595628421649
116	-566.9020808080702	-878.8223270392242	-566.9020808080702	-311.920246231154	12.125090873154981	0.040136731542795165	0.033127565734067166	0.02713926435693076	0.0945879486408077	0.002932369190002712	0.02230800315201638	0.03356443243852622	0.01898419386181821	0.01932832104656479	0.012053645412739206	0.049252164235330825	0.007637483578918233	0.00418321468096039	0.004279027499364693	0.0495108458697536	0.00901132634397081	0.018911897234705655	0.02513699675581682	0.011669104747045633	0.09464311279588863	0.01684716292683129	0.0010627973571383093	0.05884698014127088	9.372809250091096E-4	0.06129543134034718	0.00404993579456725	0.030992752465301518	0.015496811225746407	0.026231557902206534	0.022409094139124272	0.031397223975789146	0.012650013256686465	0.020041407712230605	0.028062185803656478	0.05825916841926425	0.014897657412377918	0.018124889484428794	1.13434177004276E-4	0.010341785940556155	0.16613929152648807	0.40382578259246055	0.31009944789670446	0.8653084350977731	0.5976692521187031	6.430444267828415	2.542616010759678	3.165142389702575	0.13335018785727065	0.15269853530732036	0.16613929152648807	0.16613929152648807	0.16613929152648807	0	0.16613929152648807	0.16613929152648807	0	0.16613929152648807	0.16613929152648807	0	0.16613929152648807	0.16613929152648807	-452.75147011413014	-114.15061069394001
117	-566.8551678915455	-873.4833651319052	-566.8551678915455	-306.62819724035967	10.0974734984565	0.040136731542795165	0.033127565734067166	0.02713926435693076	0.0945879486408077	0.03371897275593792	0.02230800315201638	0.03356443243852622	0.01898419386181821	0.01932832104656479	0.012053645412739206	0.049252164235330825	0.007637483578918233	0.00418321468096039	0.004279027499364693	0.0495108458697536	0.00901132634397081	0.018911897234705655	0.009244851728782755	0.011669104747045633	0.09464311279588863	0.01684716292683129	0.0010627973571383093	0.05884698014127088	9.372809250091096E-4	0.06129543134034718	0.00404993579456725	0.030992752465301518	0.015496811225746407	0.026231557902206534	0.03830123916615834	0.031397223975789146	0.012650013256686465	0.020041407712230605	0.028062185803656478	0.027472564853329037	0.014897657412377918	0.018124889484428794	1.8482186840235905E-4	0.013056413229491092	0.12676364687288533	0.3726703694233867	0.22154741817853713	1.167014494747391	0.7694961472144305	6.283640784581745	2.3123168776847973	2.232616346138382	0.14368581062588426	0.20064033860415392	0.12676364687288533	0.12676364687288533	0.12676364687288533	0	0.12676364687288533	0.12676364687288533	0	0.12676364687288533	0.12676364687288533	0	0.12676364687288533	0.12676364687288533	-441.43845546289833	-125.41671242864714
118	-563.1904829426098	-862.226094513313	-563.1904829426098	-299.0356115707032	7.310663721687695	0.040136731542795165	0.033127565734067166	0.02713926435693076	0.0945879486408077	0.03371897275593792	0.06933748310434058	0.03356443243852622	0.01898419386181821	0.01932832104656479	0.012053645412739206	0.049252164235330825	0.005775888482006372	0.00418321468096039	0.011205269313618524	0.0495108458697536	0.00901132634397081	0.020395598654839753	0.009244851728782755	0.011669104747045633	0.04761363284356443	0.01684716292683129	0.0010627973571383093	0.039216197779974205	9.372809250091096E-4	0.03463307480809416	0.00404993579456725	0.02950905104516742	0.03698918868395494	0.026231557902206534	0.03830123916615834	0.031397223975789146	0.03931236978893948	0.020041407712230605	0.028062185803656478	0.020546323039075207	0.014897657412377918	0.018124889484428794	3.4469308526108587E-4	0.010641237848575676	0.1366953374572348	0.3446588525917819	0.20411863502383445	1.3838686305327776	1.1493835977368565	4.4189193833309	2.3836902153454838	1.874834121387055	0.17286989636155373	0.25278636470195404	0.1366953374572348	0.1366953374572348	0.1366953374572348	0	0.1366953374572348	0.1366953374572348	0	0.1366953374572348	0.1366953374572348	0	0.1366953374572348	0.1366953374572348	-428.3346053607065	-134.85587758190337
119	-562.012958195581	-866.390271344216	-562.012958195581	-304.3773131486351	7.88908702262327	0.040136731542795165	0.033127565734067166	0.06470246063455992	0.0945879486408077	0.03371897275593792	0.06933748310434058	0.03356443243852622	0.01898419386181821	0.01932832104656479	0.012053645412739206	0.049252164235330825	0.005775888482006372	0.00418321468096039	0.011205269313618524	0.04506514022004679	0.00901132634397081	0.020395598654839753	0.009244851728782755	0.011669104747045633	0.04761363284356443	0.01684716292683129	0.0010627973571383093	0.039216197779974205	9.372809250091096E-4	0.03463307480809416	0.00404993579456725	0.02950905104516742	0.03698918868395494	0.026231557902206534	0.04274694481586515	0.031397223975789146	0.0017491735113103202	0.020041407712230605	0.028062185803656478	0.020546323039075207	0.014897657412377918	0.018124889484428794	1.0703217024227738E-4	0.010640804071059173	0.10615375465912694	0.5462218453796223	0.1133389345840802	1.0196141332248267	1.7384758718797582	3.5106915476507354	1.9062427107440396	1.3548593525047932	0.1274386114671385	0.18026543638524242	0.10615375465912694	0.10615375465912694	0.10615375465912694	0	0.10615375465912694	0.10615375465912694	0	0.10615375465912694	0.10615375465912694	0	0.10615375465912694	0.10615375465912694	-458.30737366624106	-103.70558452933983
120	-558.0633957023979	-877.5860150668276	-558.0633957023979	-319.5226193644297	8.161982194011316	0.02363742972228676	0.033127565734067166	0.08839639516733172	0.0945879486408077	0.03371897275593792	0.08208376566013982	0.015696535443932985	0.01898419386181821	0.01932832104656479	0.012053645412739206	0.049252164235330825	0.005775888482006372	0.00418321468096039	0.011205269313618524	0.04506514022004679	0.00901132634397081	0.020395598654839753	0.009244851728782755	0.011669104747045633	0.05287118345644423	0.01684716292683129	0.0010627973571383093	0.015522263247202406	9.372809250091096E-4	0.03925799360661095	0.033792215811152104	0.03509348076803441	0.03698918868395494	0.020647128179339544	0.04274694481586515	0.018650941419989908	0.0017491735113103202	0.020041407712230605	0.028062185803656478	0.020546323039075207	0.014897657412377918	0.012867338871548992	1.6639963887544746E-4	0.009069687874912876	0.14376001662012874	0.32180328828140564	0.13000794594436327	1.238983678355307	1.1414936437432268	3.646648418004793	2.2326432114151245	1.174373201518764	0.10117551833479228	0.12087668989213947	0.14376001662012874	0.14376001662012874	0.14376001662012874	0	0.14376001662012874	0.14376001662012874	0	0.14376001662012874	0.14376001662012874	0	0.14376001662012874	0.14376001662012874	-461.96624631296936	-96.09714938942858
121	-557.692089379854	-863.8362197031324	-557.692089379854	-306.1441303232785	9.826941924379586	0.02363742972228676	0.00564130109077976	0.08839639516733172	0.0945879486408077	0.04839977988296583	0.04552560228097598	0.015696535443932985	0.06466896056910937	0.01932832104656479	0.009242289955652322	0.049252164235330825	0.005775888482006372	0.00418321468096039	0.011205269313618524	0.04506514022004679	0.00901132634397081	0.020395598654839753	0.038272049234549854	0.011669104747045633	0.05287118345644423	0.05378459142758639	0.0010627973571383093	0.015522263247202406	9.372809250091096E-4	0.010230796100843847	0.010940408351064912	0.02877823289699398	0.03698918868395494	0.020647128179339544	0.028066137688837242	0.018650941419989908	0.029235438154597726	0.020041407712230605	0.013976564762988572	0.020546323039075207	0.014897657412377918	0.012867338871548992	1.8109156356346408E-4	0.008157841111778936	0.11940253245445184	0.3315396799905086	0.15325909948847163	1.2673459612562075	1.2055378844121678	3.3449329966440104	1.555255277314708	1.4770973061266564	0.117569846964497	0.09531312733500286	0.11940253245445184	0.11940253245445184	0.11940253245445184	0	0.11940253245445184	0.11940253245445184	0	0.11940253245445184	0.11940253245445184	0	0.11940253245445184	0.11940253245445184	-458.72214149539315	-98.96994788446082
122	-557.0074242102638	-871.9859559198769	-557.0074242102638	-314.97853170961315	9.590646541641085	0.02363742972228676	0.00564130109077976	0.09905635803770713	0.0945879486408077	0.04839977988296583	0.0617566888104953	0.015696535443932985	0.06466896056910937	0.024224743354710143	0.009242289955652322	0.049252164235330825	0.005775888482006372	0.00418321468096039	0.011205269313618524	0.028834053690527467	0.03311223493969237	0.02233043130670731	0.038272049234549854	0.011669104747045633	0.05287118345644423	0.05378459142758639	0.0010627973571383093	0.015522263247202406	9.372809250091096E-4	0.010230796100843847	0.010940408351064912	0.02194697793698107	0.03698918868395494	0.020647128179339544	0.028066137688837242	0.018650941419989908	0.005134529558876166	0.0093814448418552	0.013976564762988572	0.020546323039075207	0.014897657412377918	0.012867338871548992	2.651745276413796E-4	0.011029997398146807	0.11840595281213936	0.39199471752657455	0.113788642270274	1.118050449007767	1.3861822531971661	3.299160402883212	1.7065040197588592	1.0709450085835164	0.12246648714567716	0.10469670592106337	0.11840595281213936	0.11840595281213936	0.11840595281213936	0	0.11840595281213936	0.11840595281213936	0	0.11840595281213936	0.11840595281213936	0	0.11840595281213936	0.11840595281213936	-457.5953327404322	-99.4120914698316
123	-555.6222265963494	-856.2778563943143	-555.6222265963494	-300.655629797965	6.8795581326682544	0.007249182726046674	0.00564130109077976	0.10292671703240769	0.0945879486408077	0.04839977988296583	0.028088446649700297	0.015696535443932985	0.04486549101194609	0.06746898424866776	0.011082193964628034	0.039818604573482935	0.005775888482006372	0.00418321468096039	0.011205269313618524	0.028834053690527467	0.03311223493969237	0.053048603793265925	0.038272049234549854	0.011669104747045633	0.009626942562486612	0.05378459142758639	0.0010627973571383093	0.015522263247202406	9.372809250091096E-4	0.013643630740472229	0.010940408351064912	0.03576574075513715	0.03698918868395494	0.020647128179339544	0.014557836889224393	0.035039188416229994	0.005134529558876166	0.0093814448418552	0.03378003432015185	0.020546323039075207	0.014897657412377918	0.01581740854578538	2.316052164269345E-4	0.009829279990423004	0.12223758801947843	0.35605790981423324	0.08772825611860487	0.8979187310336001	1.072995226649914	2.5451058174256014	1.2327563205895211	1.3031845749097526	0.07809548547148884	0.12344852853466641	0.12223758801947843	0.12223758801947843	0.12223758801947843	0	0.12223758801947843	0.12223758801947843	0	0.12223758801947843	0.12223758801947843	0	0.12223758801947843	0.12223758801947843	-456.6306146138338	-98.99161198251561
124	-555.4348687308037	-860.8074398078946	-555.4348687308037	-305.3725710770909	7.0512964533196225	0.007249182726046674	0.00564130109077976	0.10292671703240769	0.0945879486408077	0.024550518238391147	0.028088446649700297	0.015696535443932985	0.04486549101194609	0.06746898424866776	0.011082193964628034	0.039818604573482935	0.005775888482006372	0.00418321468096039	0.011205269313618524	0.028834053690527467	0.03311223493969237	0.053048603793265925	0.038272049234549854	0.011669104747045633	0.009626942562486612	0.05378459142758639	0.0010627973571383093	0.005876156402923494	9.372809250091096E-4	0.013643630740472229	0.034789669995639594	0.03576574075513715	0.03698918868395494	0.020647128179339544	0.014557836889224393	0.035039188416229994	0.005134529558876166	0.0093814448418552	0.04342614116443076	0.020546323039075207	0.014897657412377918	0.01581740854578538	1.089356367445728E-4	0.012681423268800654	0.10165114109873029	0.22160213376867582	0.10545647179502696	0.6896764040991482	0.9975340772500213	2.231264417264176	1.748675808895183	3.1115334205293816	0.06393618603266028	0.2788117212952745	0.10165114109873029	0.10165114109873029	0.10165114109873029	0	0.10165114109873029	0.10165114109873029	0	0.10165114109873029	0.10165114109873029	0	0.10165114109873029	0.10165114109873029	-441.5966865545014	-113.83818217630233
125	-552.7924178002985	-863.2650365294148	-552.7924178002985	-310.4726187291164	7.551926322890958	0.007249182726046674	0.00564130109077976	0.10292671703240769	0.0945879486408077	0.024550518238391147	0.028088446649700297	0.015696535443932985	0.04486549101194609	0.06442774745850022	0.06465635724331584	0.039818604573482935	0.005775888482006372	0.00418321468096039	0.011205269313618524	0.028834053690527467	0.0036457789769824556	0.053048603793265925	0.014164341918571965	0.011669104747045633	0.009626942562486612	0.05378459142758639	0.0010627973571383093	0.022128938494836103	9.372809250091096E-4	0.013643630740472229	0.034789669995639594	0.022554195453392087	0.03698918868395494	0.020647128179339544	0.014557836889224393	0.035039188416229994	0.005134529558876166	0.0093814448418552	0.04342614116443076	0.020546323039075207	0.014897657412377918	0.01581740854578538	5.417821945414897E-4	0.012311111197868494	0.1527455907754142	0.16625442055992443	0.09676660883119596	0.7308496926454237	1.0852430465156266	2.5822127840575746	2.912189395179585	3.6888376729624968	0.06782696482456149	0.13982192034019963	0.1527455907754142	0.1527455907754142	0.1527455907754142	0	0.1527455907754142	0.1527455907754142	0	0.1527455907754142	0.1527455907754142	0	0.1527455907754142	0.1527455907754142	-453.6800561238954	-99.11236167640308
126	-551.0224069351166	-858.5789867005853	-551.0224069351166	-307.5565797654687	7.551926322890958	0.007249182726046674	0.006606356138351366	0.10292671703240769	0.09546977979632702	0.024550518238391147	0.028088446649700297	0.03303479205881496	0.04486549101194609	0.05579008997937107	0.03467369510757687	0.039818604573482935	0.005775888482006372	0.010761211403047755	0.04118793144935749	0.030731598419498657	0.0036457789769824556	0.052166772637746606	0.014164341918571965	0.011669104747045633	0.007729397833515422	0.016756866830251335	0.0010627973571383093	0.022128938494836103	9.372809250091096E-4	0.005292358360845711	0.042175887327694506	0.01173607538246689	0.03698918868395494	0.03902099626108545	0.014557836889224393	0.035039188416229994	0.024823997541329246	0.0093814448418552	0.0445080506327392	0.020546323039075207	0.014897657412377918	0.009239411823698016	4.405675612482178E-5	0.010172960273549386	0.10507064364955346	0.13581295014912884	0.12341767926398639	0.7212716777578767	1.5483570202460566	2.7996590956784955	3.6985815860228195	4.2175180128811025	0.06114541226676119	0.453238723512275	0.10507064364955346	0.10507064364955346	0.10507064364955346	0	0.10507064364955346	0.10507064364955346	0	0.10507064364955346	0.10507064364955346	0	0.10507064364955346	0.10507064364955346	-430.7358249061522	-120.28658202896446
127	-550.9285361155377	-846.6114554658649	-550.9285361155377	-295.6829193503272	7.246700387657892	0.007249182726046674	0.006606356138351366	0.10292671703240769	0.09546977979632702	0.021069897167348847	0.026504546674894727	0.03303479205881496	0.04486549101194609	0.04293361083621461	0.03467369510757687	0.039818604573482935	0.005775888482006372	0.010761211403047755	0.04118793144935749	0.030731598419498657	0.0036457789769824556	0.052166772637746606	0.014164341918571965	0.011669104747045633	0.0216143635865845	0.018340766805056904	0.0010627973571383093	0.022128938494836103	9.372809250091096E-4	0.005292358360845711	0.045656508398736806	0.01173607538246689	0.03698918868395494	0.03902099626108545	0.014557836889224393	0.021154222663160915	0.024823997541329246	0.0093814448418552	0.0445080506327392	0.020546323039075207	0.02775413655553438	0.009239411823698016	4.5471426442863496E-5	0.011363443050227656	0.16117102946058676	0.13409977789538433	0.08000246387436231	0.9732124786170919	2.2462368439170177	1.5564651317819933	3.7229262985277627	2.91021554501432	0.08492690579212478	0.15470959690130112	0.16117102946058676	0.16117102946058676	0.16117102946058676	0	0.16117102946058676	0.16117102946058676	0	0.16117102946058676	0.16117102946058676	0	0.16117102946058676	0.16117102946058676	-424.6083868055431	-126.32014930999455
128	-550.4335867069188	-838.2131844989592	-550.4335867069188	-287.7795977920403	6.980531542216511	0.007249182726046674	0.006606356138351366	0.06176429790589938	0.09546977979632702	0.021069897167348847	0.016672600907149795	0.03303479205881496	0.04486549101194609	0.1081825327033582	0.03467369510757687	0.039818604573482935	0.005775888482006372	0.010761211403047755	0.017101428708722208	0.030731598419498657	0.0036457789769824556	0.008290587659642523	0.023996287686316897	0.009260642578090894	0.0216143635865845	0.018340766805056904	0.0010627973571383093	0.022128938494836103	9.372809250091096E-4	0.005292358360845711	0.045656508398736806	0.01173607538246689	0.03698918868395494	0.03902099626108545	0.058434021867328476	0.021154222663160915	0.024823997541329246	0.0093814448418552	0.04691651280169394	0.020546323039075207	0.02775413655553438	0.009239411823698016	7.854103715141075E-5	0.008147850126197754	0.10262862455259358	0.2778831697899945	0.04943070723128661	1.136242278388409	1.4258169425364602	1.597142427752327	2.4787549955984156	2.3225145393264195	0.06839484312630648	0.1778508496244336	0.10262862455259358	0.10262862455259358	0.10262862455259358	0	0.10262862455259358	0.10262862455259358	0	0.10262862455259358	0.10262862455259358	0	0.10262862455259358	0.10262862455259358	-434.1372867914772	-116.2962999154416
129	-550.2706883029103	-841.7772822101892	-550.2706883029103	-291.50659390727895	7.029149576110543	0.007249182726046674	0.006606356138351366	0.06176429790589938	0.09546977979632702	0.021069897167348847	0.016672600907149795	0.03303479205881496	0.04486549101194609	0.1081825327033582	0.011600032126878518	0.039818604573482935	0.005775888482006372	0.010761211403047755	0.017101428708722208	0.05380526140019701	0.0036457789769824556	0.008290587659642523	0.046902630547464796	0.009260642578090894	0.0216143635865845	0.018340766805056904	0.0010627973571383093	0.022128938494836103	0.00651911002929495	0.005292358360845711	0.045656508398736806	0.01173607538246689	0.0314073595796691	0.03902099626108545	0.035527679006180576	0.021154222663160915	0.024823997541329246	0.0093814448418552	0.04691651280169394	0.020546323039075207	0.02775413655553438	0.009239411823698016	8.613082190635088E-5	0.006066471995958659	0.1078876056128547	0.3481173152473808	0.05701117097118133	1.1341572294387405	1.6560622456717604	1.970722699390305	1.8851358603515933	2.3991643928505493	0.03339162830283632	0.23815033993826193	0.1078876056128547	0.1078876056128547	0.1078876056128547	0	0.1078876056128547	0.1078876056128547	0	0.1078876056128547	0.1078876056128547	0	0.1078876056128547	0.1078876056128547	-430.6554410951132	-119.61524720779713
130	-547.2160303849353	-850.8662948552021	-547.2160303849353	-303.65026447026685	7.185662794962389	0.007249182726046674	0.006606356138351366	0.06176429790589938	0.10589409658616404	0.021069897167348847	0.032867442720255394	0.03303479205881496	0.029289882515779853	0.0919876908902526	0.011600032126878518	0.039818604573482935	0.005775888482006372	0.010761211403047755	0.00667711191888519	0.0071291998173189375	0.01862160366399032	0.008290587659642523	0.02651107045515566	0.009260642578090894	0.0216143635865845	0.018340766805056904	0.017829699943551422	0.022128938494836103	0.00651911002929495	0.0057759074751976	0.07658961151533938	0.01173607538246689	0.03092381046531721	0.017964234007228005	0.06161850673191081	0.004387320076747803	0.024823997541329246	0.0093814448418552	0.07861674969756414	0.020546323039075207	0.02775413655553438	0.009239411823698016	1.9761079417468993E-4	0.008575185921885718	0.10197113360560246	0.274174185411131	0.09724539339213777	1.2115378022380752	1.0123482512643645	1.6236842301369827	2.676453604882517	1.8187760410640221	0.050390447454045695	0.1952707494504894	0.10197113360560246	0.10197113360560246	0.10197113360560246	0	0.10197113360560246	0.10197113360560246	0	0.10197113360560246	0.10197113360560246	0	0.10197113360560246	0.10197113360560246	-430.62032870213204	-116.59570168280322
131	-544.9118415561261	-847.8557436296419	-544.9118415561261	-302.94390207351586	6.8558203693500985	0.014912290274261872	0.006606356138351366	0.06176429790589938	0.10589409658616404	0.021069897167348847	0.032867442720255394	0.03303479205881496	0.029289882515779853	0.0919876908902526	0.011600032126878518	0.015588405170294778	0.005775888482006372	0.010761211403047755	0.00667711191888519	0.0071291998173189375	0.04463622282364596	0.008290587659642523	0.02651107045515566	0.009260642578090894	0.0216143635865845	0.018340766805056904	0.017829699943551422	0.014465830946620906	0.00651911002929495	0.0057759074751976	0.07658961151533938	0.01173607538246689	0.004909191305661573	0.017964234007228005	0.013154647026533448	0.004387320076747803	0.024823997541329246	0.057845304547232565	0.1028469491007523	0.020546323039075207	0.02775413655553438	0.009239411823698016	1.9822489706126137E-4	0.007749926327463265	0.07798619339481488	0.1743393077541179	0.07428092091762825	1.6858723099564878	0.8091191736116774	1.223303413323294	1.8536114465437292	1.7896374927994323	0.06222928428345939	0.3159189749530792	0.07798619339481488	0.07798619339481488	0.07798619339481488	0	0.07798619339481488	0.07798619339481488	0	0.07798619339481488	0.07798619339481488	0	0.07798619339481488	0.07798619339481488	-418.49204328731867	-126.41979826880745
132	-543.5891538047596	-842.3850006882051	-543.5891538047596	-298.7958468834455	9.64777322639505	0.014912290274261872	0.006606356138351366	0.057309153388669876	0.10589409658616404	0.021069897167348847	0.032867442720255394	0.03303479205881496	0.024415063701217987	0.0919876908902526	0.01605517664410802	0.015588405170294778	0.005775888482006372	0.010761211403047755	0.00667711191888519	0.0071291998173189375	0.04463622282364596	0.008290587659642523	0.02651107045515566	0.009260642578090894	0.0216143635865845	0.018340766805056904	0.017829699943551422	0.014465830946620906	0.00651911002929495	0.0057759074751976	0.07658961151533938	0.01173607538246689	0.004909191305661573	0.009677314064051687	0.013154647026533448	0.012674240019924121	0.024823997541329246	0.057845304547232565	0.10772176791531417	0.020546323039075207	0.02775413655553438	0.009239411823698016	1.9053950119957445E-4	0.008990180892501946	0.10856402230852497	0.1774717961020452	0.05091731923882708	1.2732864766417564	0.742534459885379	1.179770180400433	1.4534698482353807	1.3579170556447697	0.057505019227142296	0.13864660810894638	0.10856402230852497	0.10856402230852497	0.10856402230852497	0	0.10856402230852497	0.10856402230852497	0	0.10856402230852497	0.10856402230852497	0	0.10856402230852497	0.10856402230852497	-437.28724425615695	-106.30190954860258
133	-542.3745496471157	-844.7683113717476	-542.3745496471157	-302.3937617246318	8.785876732667463	0.014912290274261872	0.006606356138351366	0.06331900999347678	0.07244313899510017	0.021069897167348847	0.032867442720255394	0.009141718279004646	0.05454326249447444	0.07298390321575965	0.01605517664410802	0.015588405170294778	0.005775888482006372	0.0514852724989695	0.00667711191888519	0.0071291998173189375	0.0039121617277242116	0.0038510166512223387	0.02651107045515566	0.009260642578090894	0.0216143635865845	0.02278033781347709	0.06108589425717158	0.014465830946620906	0.00651911002929495	0.057110082241264876	0.07658961151533938	0.030739863056959846	0.004909191305661573	0.009677314064051687	0.013154647026533448	0.012674240019924121	0.024823997541329246	0.02771710575397611	0.04075617417921017	0.020546323039075207	0.05146353597801823	0.009239411823698016	5.441106273408574E-5	0.009313513982919366	0.11065212537463293	0.11757127425473629	0.10035403313288688	1.8357141090821474	0.8694656339894061	1.4927058059604874	1.6279059451164115	1.076329738047887	0.05809476570136549	0.1239127774106573	0.11065212537463293	0.11065212537463293	0.11065212537463293	0	0.11065212537463293	0.11065212537463293	0	0.11065212537463293	0.11065212537463293	0	0.11065212537463293	0.11065212537463293	-441.13687347739244	-101.2376761697233
134	-539.8972760956395	-847.5069382918033	-539.8972760956395	-307.60966219616375	8.343736860118616	0.014912290274261872	0.006606356138351366	0.06331900999347678	0.07244313899510017	0.021069897167348847	0.032867442720255394	0.009141718279004646	0.05454326249447444	0.07298390321575965	0.016165254647626165	0.015588405170294778	0.005775888482006372	0.0514852724989695	0.00667711191888519	0.020067026060798326	0.0039121617277242116	0.0038510166512223387	0.02651107045515566	0.009260642578090894	0.0216143635865845	0.02278033781347709	0.06108589425717158	0.04933229091889857	0.00651911002929495	0.005686347394310148	0.07658961151533938	0.030739863056959846	0.004909191305661573	0.009677314064051687	0.013154647026533448	0.012674240019924121	0.022012955675379642	0.02771710575397611	0.04075617417921017	0.020546323039075207	0.05778394847164736	0.009239411823698016	7.1050044481341E-5	0.006300835301533216	0.11962170215659156	0.08812811688029933	0.12695399046748737	1.969073537210587	0.7205613971917514	1.9024047235261632	1.9184268474672739	1.1093083672482331	0.06267065453464517	0.14343923392258753	0.11962170215659156	0.11962170215659156	0.11962170215659156	0	0.11962170215659156	0.11962170215659156	0	0.11962170215659156	0.11962170215659156	0	0.11962170215659156	0.11962170215659156	-437.0872577864758	-102.81001830916378
135	-537.2292975111695	-842.3938617630706	-537.2292975111695	-305.164564251901	7.641934307472665	0.014912290274261872	0.008591475714934238	0.06133389041689391	0.057346954850899176	0.021069897167348847	0.032867442720255394	0.009141718279004646	0.05454326249447444	0.07298390321575965	0.016165254647626165	0.015588405170294778	0.005775888482006372	0.0514852724989695	0.00667711191888519	0.020067026060798326	0.0039121617277242116	0.0038510166512223387	0.02651107045515566	0.009260642578090894	0.0216143635865845	0.02278033781347709	0.06494762370919714	0.04933229091889857	0.00651911002929495	0.005686347394310148	0.07658961151533938	0.02687813360493428	0.004909191305661573	0.009677314064051687	0.009725357425367051	0.012674240019924121	0.040538429420747035	0.02771710575397611	0.04075617417921017	0.020546323039075207	0.05778394847164736	0.009239411823698016	2.323410149405801E-4	0.005487156286856176	0.1348803251495518	0.0823155557986203	0.18997113719179734	1.333388269612059	0.7906618436464589	1.750189679383332	1.191526281892938	1.266421876412742	0.1111447228472448	0.14570920408985868	0.1348803251495518	0.1348803251495518	0.1348803251495518	0	0.1348803251495518	0.1348803251495518	0	0.1348803251495518	0.1348803251495518	0	0.1348803251495518	0.1348803251495518	-430.8196539043626	-106.40964360680694
136	-536.2209949147131	-847.6126568409345	-536.2209949147131	-311.39166192622145	9.74207328526051	0.014912290274261872	0.008591475714934238	0.06133389041689391	0.057346954850899176	0.021069897167348847	0.032867442720255394	0.009141718279004646	0.05454326249447444	0.00792663968321039	0.016165254647626165	0.015588405170294778	0.005775888482006372	0.0514852724989695	0.00667711191888519	0.020067026060798326	0.0039121617277242116	0.0689082801837716	0.02651107045515566	0.009260642578090894	0.0216143635865845	0.02278033781347709	0.06494762370919714	0.04933229091889857	0.00651911002929495	0.005686347394310148	0.07658961151533938	0.02687813360493428	0.004909191305661573	0.009677314064051687	0.054534091579805585	0.012674240019924121	0.040538429420747035	0.02771710575397611	0.04075617417921017	0.020546323039075207	0.012975214317208827	0.009239411823698016	2.3177009244771107E-4	0.009326575371707991	0.11526111693385496	0.06722483978988474	0.14340225928564324	1.3671283053916914	0.4860838535433585	2.279207744140755	0.7439558998172334	1.1493953607912504	0.1906391251628099	0.18221869030904106	0.11526111693385496	0.11526111693385496	0.11526111693385496	0	0.11526111693385496	0.11526111693385496	0	0.11526111693385496	0.11526111693385496	0	0.11526111693385496	0.11526111693385496	-419.93025398278746	-116.29074093192558
137	-536.1271828679653	-846.2799411133144	-536.1271828679653	-310.1527582453491	9.585771902627945	0.014912290274261872	0.008591475714934238	0.06133389041689391	0.057346954850899176	0.02603859645589167	0.022933671028928806	0.009141718279004646	0.05454326249447444	0.001337739784096903	0.016165254647626165	0.015589591724261304	0.005775888482006372	0.0514852724989695	0.00667711191888519	0.020067026060798326	0.0039121617277242116	0.0689082801837716	0.02651107045515566	0.009260642578090894	0.0216143635865845	0.060385512068122135	0.06494762370919714	0.04933229091889857	0.00651911002929495	0.005686347394310148	0.07658961151533938	0.038432105906831535	0.004909191305661573	0.009676127510085161	0.04776383268842142	0.012674240019924121	0.009703514057486151	0.02771710575397611	0.04075617417921017	0.020546323039075207	0.012975214317208827	0.009239411823698016	9.989828083743653E-5	0.008166216447653744	0.061030795886684364	0.07371078806743486	0.09753490854916479	1.0571925565950022	0.38124499276394636	1.504324628882452	0.604440811706928	1.553433239415266	0.2915225290512879	0.1966044087024339	0.061030795886684364	0.061030795886684364	0.061030795886684364	0	0.061030795886684364	0.061030795886684364	0	0.061030795886684364	0.061030795886684364	0	0.061030795886684364	0.061030795886684364	-420.7397048611704	-115.38747800679484
138	-535.5022711134205	-835.2543382252804	-535.5022711134205	-299.75206711185984	9.054255528515762	0.030404562842946556	0.008591475714934238	0.1234954641654134	0.01925335502738494	0.02603859645589167	0.022933671028928806	0.04723531810251888	0.05454326249447444	0.001337739784096903	0.016165254647626165	0.015589591724261304	0.005775888482006372	0.03599299993028482	0.00667711191888519	0.020067026060798326	0.0039121617277242116	0.0689082801837716	0.02651107045515566	0.009260642578090894	0.0216143635865845	0.060385512068122135	0.06494762370919714	0.04933229091889857	0.00651911002929495	0.03966799876994062	0.01442803776681989	0.038432105906831535	0.004909191305661573	0.009676127510085161	0.04776383268842142	0.012674240019924121	0.009703514057486151	0.02771710575397611	0.006774522803579694	0.020546323039075207	0.012975214317208827	0.009239411823698016	6.77155385048694E-5	0.00857500351787324	0.06793842971115395	0.05911688573284457	0.07594727292043855	1.258660980450839	0.2532824827186974	1.2617376909930793	0.4304478189974478	1.4029282499196343	0.39285738491284133	0.22226556560843153	0.06793842971115395	0.06793842971115395	0.06793842971115395	0	0.06793842971115395	0.06793842971115395	0	0.06793842971115395	0.06793842971115395	0	0.06793842971115395	0.06793842971115395	-430.6488074666619	-104.85346364675867
139	-535.3751347803077	-836.3934787681301	-535.3751347803077	-301.01834398782245	10.676886822023612	0.055907315730811744	0.045017414022962776	0.09799271127754822	0.01925335502738494	0.027249276144134846	0.022933671028928806	0.010809379794490342	0.03033293684554711	0.009678760538495812	0.016165254647626165	0.015589591724261304	0.005775888482006372	0.01350970773386062	0.00667711191888519	0.020067026060798326	0.0027014820394810346	0.0689082801837716	0.018170049700756752	0.009260642578090894	0.0216143635865845	0.08459583771704947	0.008504702233371284	0.04933229091889857	0.06296203150512081	0.06215129096636482	0.01442803776681989	0.038432105906831535	0.004909191305661573	0.009676127510085161	0.04776383268842142	0.012674240019924121	0.009703514057486151	0.02771710575397611	0.006774522803579694	0.020546323039075207	0.012975214317208827	0.009239411823698016	1.7359252656255915E-4	0.011101340281736564	0.08982564795593197	0.0563206347147298	0.08245296173447098	2.0363601092083963	0.2183115232779074	1.320015361080693	0.34209798399289665	1.6063888890080218	0.3894185130583069	0.18206576511405576	0.08982564795593197	0.08982564795593197	0.08982564795593197	0	0.08982564795593197	0.08982564795593197	0	0.08982564795593197	0.08982564795593197	0	0.08982564795593197	0.08982564795593197	-425.4358397564259	-109.93929502388184
140	-535.0828562322106	-838.7899854599971	-535.0828562322106	-303.7071292277864	9.891767855158973	0.055907315730811744	0.053003578252110106	0.09799271127754822	0.01925335502738494	0.027249276144134846	0.017946231083077316	0.014279380612329556	0.022784850354647557	0.009678760538495812	0.016165254647626165	0.015589591724261304	0.005775888482006372	0.01350970773386062	0.03261072488105908	0.020067026060798326	0.007688921985332525	0.0689082801837716	0.018170049700756752	0.009260642578090894	0.0216143635865845	0.07762952708088365	0.008504702233371284	0.04933229091889857	0.06296203150512081	0.03230959944810394	0.01442803776681989	0.04539841654299735	0.004909191305661573	0.009676127510085161	0.04776383268842142	0.012674240019924121	0.009703514057486151	0.02771710575397611	0.006774522803579694	0.020546323039075207	0.012975214317208827	0.009239411823698016	6.550601180812217E-5	0.0072579292998644586	0.06618347170003461	0.06444888825508212	0.05936448078502432	2.860775103066968	0.16447233673609862	0.6507567728551424	0.3119308993394376	0.9335182901577195	0.5148870648721608	0.29965495610267934	0.06618347170003461	0.06618347170003461	0.06618347170003461	0	0.06618347170003461	0.06618347170003461	0	0.06618347170003461	0.06618347170003461	0	0.06618347170003461	0.06618347170003461	-412.3574579458492	-122.72539828636134
141	-534.4237373436389	-832.4006901633434	-534.4237373436389	-297.9769528197045	9.28549350202679	0.051131254471602036	0.03974524373202526	0.09358345638321369	0.01925335502738494	0.02855262257090084	0.017946231083077316	0.014279380612329556	0.022784850354647557	0.02293709505858066	0.016165254647626165	0.015589591724261304	0.005775888482006372	0.012206361307094626	0.03261072488105908	0.020067026060798326	0.007688921985332525	0.0689082801837716	0.008516619318960306	0.009260642578090894	0.0216143635865845	0.07762952708088365	0.008504702233371284	0.04933229091889857	0.06296203150512081	0.03230959944810394	0.01442803776681989	0.04539841654299735	0.004909191305661573	0.009676127510085161	0.04776383268842142	0.012674240019924121	0.014112768951820676	0.037370536135772556	0.006774522803579694	0.020546323039075207	0.012975214317208827	0.014015473082907723	1.1798555026706198E-4	0.005874242962308725	0.07512409120757756	0.05766362858627042	0.054303442550636204	2.310690595648233	0.2824787257334652	0.5175600703253528	0.4720334747066026	0.9838650441489831	0.597861420508894	0.24461782224707868	0.07512409120757756	0.07512409120757756	0.07512409120757756	0	0.07512409120757756	0.07512409120757756	0	0.07512409120757756	0.07512409120757756	0	0.07512409120757756	0.07512409120757756	-401.73765703798557	-132.68608030565335
142	-534.0901689427235	-827.1375094408168	-534.0901689427235	-293.0473404980933	6.6839466621048285	0.01822859673025011	0.04188378079808619	0.09358345638321369	0.01925335502738494	0.02855262257090084	0.027107510349008115	0.014279380612329556	0.022784850354647557	0.02293709505858066	0.014026717581565235	0.015589591724261304	0.03815165859899049	0.008351232081719173	0.00901365604905989	0.05489219184969826	0.007688921985332525	0.026068823374456263	0.008516619318960306	0.009260642578090894	0.0216143635865845	0.06846824781495285	0.018968388925702503	0.05318742014427402	0.06296203150512081	0.03230959944810394	0.01442803776681989	0.011495781016369042	0.03688931878474187	0.009676127510085161	0.04776383268842142	0.012674240019924121	0.014112768951820676	0.060967604967771746	0.006774522803579694	0.020546323039075207	0.012975214317208827	0.014015473082907723	1.2888949342834176E-4	0.007409371043319672	0.048366126219010964	0.03344163282613132	0.05277439247263767	2.309294288068104	0.32295049928592306	0.5135118377044625	0.5447006829099851	1.2038824136964439	0.5825541988276344	0.23673943125998453	0.048366126219010964	0.048366126219010964	0.048366126219010964	0	0.048366126219010964	0.048366126219010964	0	0.048366126219010964	0.048366126219010964	0	0.048366126219010964	0.048366126219010964	-406.4761338574184	-127.61403508530513
143	-531.3510252479143	-829.484564741382	-531.3510252479143	-298.1335394934676	7.237228699711016	0.023926201706992098	0.04188378079808619	0.09358345638321369	0.01925335502738494	0.02855262257090084	0.027107510349008115	0.014279380612329556	0.022784850354647557	0.02293709505858066	0.014026717581565235	0.015589591724261304	0.03815165859899049	0.008351232081719173	0.008290984460301506	0.05489219184969826	0.007688921985332525	0.026068823374456263	0.008516619318960306	0.009983314166849278	0.015916758609842513	0.06846824781495285	0.018968388925702503	0.05318742014427402	0.06296203150512081	0.030783846649030305	0.01442803776681989	0.011495781016369042	0.03688931878474187	0.009676127510085161	0.04776383268842142	0.014199992818997753	0.014112768951820676	0.060967604967771746	0.006774522803579694	0.020546323039075207	0.012975214317208827	0.014015473082907723	5.4285622236516245E-5	0.00840519603442085	0.06063686472777887	0.03876180066599274	0.08540441365197901	0.7778831650985621	0.3308307901013384	0.45576385753495896	0.5073945278911322	1.081273591686748	0.4521376451691834	0.2868091965779185	0.06063686472777887	0.06063686472777887	0.06063686472777887	0	0.06063686472777887	0.06063686472777887	0	0.06063686472777887	0.06063686472777887	0	0.06063686472777887	0.06063686472777887	-410.17474223638703	-121.17628301152725
144	-531.087485631801	-830.2346938052848	-531.087485631801	-299.1472081734838	10.624613117672736	0.023926201706992098	0.024632876380695445	0.09358345638321369	0.01925335502738494	0.0021937414331424238	0.027107510349008115	0.014279380612329556	0.022784850354647557	0.02293709505858066	0.014026717581565235	0.034971464190217766	0.03815165859899049	0.008351232081719173	0.01526799313210346	0.05489219184969826	0.02493982640272327	0.026068823374456263	0.008516619318960306	0.009983314166849278	0.015916758609842513	0.06846824781495285	0.018968388925702503	0.05318742014427402	0.06296203150512081	0.03393107801064507	0.01442803776681989	0.008348549654754275	0.03688931878474187	0.009676127510085161	0.04776383268842142	0.014199992818997753	0.014112768951820676	0.060967604967771746	0.006774522803579694	0.020546323039075207	0.012975214317208827	0.014015473082907723	7.957621106619212E-5	0.00875164071398999	0.0964327619651385	0.03647740619901797	0.11933258982792865	0.9630991881955274	0.37283978851742783	1.029866661928259	0.26995574225610935	1.293436267251699	0.441632739427809	0.27180464289036105	0.0964327619651385	0.0964327619651385	0.0964327619651385	0	0.0964327619651385	0.0964327619651385	0	0.0964327619651385	0.0964327619651385	0	0.0964327619651385	0.0964327619651385	-418.8768995557407	-112.21058607606025
145	-529.1987205214449	-841.7333479406568	-529.1987205214449	-312.53462741921186	8.460427180701691	0.007443677506846699	0.024632876380695445	0.057163631031910966	0.01925335502738494	0.0021937414331424238	0.007005498639755373	0.014279380612329556	0.022784850354647557	0.004355649426961872	0.015664524643243277	0.08787381374166589	0.03815165859899049	0.04265989299658324	0.01526799313210346	0.05489219184969826	0.02493982640272327	0.026068823374456263	0.008516619318960306	0.016139494744649152	0.0344982042414613	0.08693245246252755	0.018968388925702503	0.05318742014427402	0.021045140768625736	0.03393107801064507	0.01442803776681989	0.008348549654754275	0.0025806578698778088	0.01823809162405153	0.04776383268842142	0.008043812241197879	0.05602965968831575	0.060967604967771746	0.006774522803579694	0.020546323039075207	0.012975214317208827	0.0054535089689413535	2.654154183139385E-4	0.008586893437788306	0.06326643234521018	0.037022092015312064	0.12798292141935952	1.0898524108216898	0.7156760941429264	1.10556073524953	0.21759897736930595	2.793507627960894	0.628777344860636	0.22459516351428088	0.06326643234521018	0.06326643234521018	0.06326643234521018	0	0.06326643234521018	0.06326643234521018	0	0.06326643234521018	0.06326643234521018	0	0.06326643234521018	0.06326643234521018	-438.3508773910462	-90.84784313039874
146	-528.9912648705658	-819.6782011436344	-528.9912648705658	-290.68693627306857	7.31177158688308	0.01776023164680006	0.024632876380695445	0.057163631031910966	0.01925335502738494	0.0021937414331424238	0.007005498639755373	0.010360710783882204	0.022784850354647557	0.004355649426961872	0.015664524643243277	0.08787381374166589	0.032495796687883036	0.04265989299658324	0.02672686102339515	0.05895837611913443	0.02493982640272327	0.026068823374456263	0.008516619318960306	0.016139494744649152	0.0344982042414613	0.08693245246252755	0.018968388925702503	0.05869576761439266	0.012390224319671517	0.03393107801064507	0.00411148362686653	0.008348549654754275	0.0025806578698778088	0.01823809162405153	0.04776383268842142	0.008043812241197879	0.05602965968831575	0.058163653525434275	0.006774522803579694	0.020546323039075207	0.012975214317208827	0.0054535089689413535	4.3487109486157755E-5	0.012996544687688618	0.054217961343086346	0.03477242926047404	0.16336127634591338	0.8397634156938918	0.5499827330528393	1.1473410428285082	0.24998854107154794	1.6287189358533367	0.4812522464454	0.14256607292237417	0.054217961343086346	0.054217961343086346	0.054217961343086346	0	0.054217961343086346	0.054217961343086346	0	0.054217961343086346	0.054217961343086346	0	0.054217961343086346	0.054217961343086346	-437.97414621793894	-91.01711865262686
147	-528.6024882938464	-839.6821321723935	-528.6024882938464	-311.0796438785471	10.002770337406439	0.01776023164680006	0.024632876380695445	0.057163631031910966	0.01925335502738494	0.0021937414331424238	0.007005498639755373	0.010360710783882204	0.022784850354647557	0.004355649426961872	0.015664524643243277	0.08787381374166589	0.015480377930520803	0.04265989299658324	0.037600437901163394	0.022148774514514108	0.02493982640272327	0.026068823374456263	0.04532622092358063	0.005265917866880909	0.0344982042414613	0.0618044884472929	0.018968388925702503	0.05869576761439266	0.012390224319671517	0.050946496768007304	0.00411148362686653	0.06254470925042742	0.03432347837846715	0.01823809162405153	0.01998351902474181	0.008043812241197879	0.05602965968831575	0.003967493929761132	0.006774522803579694	0.04832663670275482	0.006360357823854135	0.0054535089689413535	1.3994135208786663E-4	0.008662158031720553	0.050459674673953035	0.04499145094322238	0.16935744197274774	0.4829392739640047	0.7996897898111651	1.5024209569734266	0.25401394698652546	2.073842374942382	0.6226120313007313	0.2593374319535574	0.050459674673953035	0.050459674673953035	0.050459674673953035	0	0.050459674673953035	0.050459674673953035	0	0.050459674673953035	0.050459674673953035	0	0.050459674673953035	0.050459674673953035	-428.95783276992165	-99.64465552392468
148	-527.8616674936769	-836.5333087909869	-527.8616674936769	-308.67164129731003	11.283180149667073	0.01776023164680006	0.006870913272897905	0.057163631031910966	0.01925335502738494	0.0021937414331424238	0.007005498639755373	0.010360710783882204	0.09197492873044594	0.0034450905014016264	0.015664524643243277	0.08787381374166589	0.0013494315381444716	0.041414180311097004	0.037600437901163394	0.02339448720000034	0.054569259848888135	0.026068823374456263	0.015314991639149733	0.005265917866880909	0.0344982042414613	0.0618044884472929	0.018968388925702503	0.029066334168227792	0.012390224319671517	0.050946496768007304	0.00411148362686653	0.007485577267005369	0.03432347837846715	0.048249320908482426	0.01998351902474181	0.008043812241197879	0.05602965968831575	0.003967493929761132	0.006774522803579694	0.0669991587361126	0.006360357823854135	0.0054535089689413535	1.3807466397860893E-4	0.009111856386941132	0.03825044046168647	0.055295132980483296	0.18000210808224876	0.6313505584657894	0.7016101722096544	1.6007346859822036	0.35072630289997775	1.6469533410719783	1.0845365841539356	0.13271063546411743	0.03825044046168647	0.03825044046168647	0.03825044046168647	0	0.03825044046168647	0.03825044046168647	0	0.03825044046168647	0.03825044046168647	0	0.03825044046168647	0.03825044046168647	-421.0597962438352	-106.80187124984174
149	-526.9178227487396	-838.3918674861582	-526.9178227487396	-311.47404473741864	12.328738614156673	0.01776023164680006	0.08565933812530446	0.057163631031910966	0.03476465708163061	0.0021937414331424238	0.036281741311031526	0.010360710783882204	0.0724188121730705	0.0034450905014016264	0.015664524643243277	0.009085388889259333	0.0013494315381444716	0.041414180311097004	0.01523093631885207	0.04295060375737578	0.054569259848888135	0.010557521320210594	0.015314991639149733	0.005265917866880909	0.0344982042414613	0.0618044884472929	0.018968388925702503	0.029066334168227792	0.012390224319671517	0.050946496768007304	0.00411148362686653	0.007485577267005369	0.03432347837846715	0.018973078237206273	0.01998351902474181	0.008043812241197879	0.05602965968831575	0.003967493929761132	0.006774522803579694	0.0669991587361126	0.006360357823854135	0.027823010551252678	1.9393671058519644E-5	0.007689997517548977	0.02779980325152551	0.06748186539345626	0.2054770907090772	0.5106211158559675	0.7453909304395904	2.4727265674946746	0.5590483622743594	1.1288185896617995	1.231716704389844	0.17947075270334545	0.02779980325152551	0.02779980325152551	0.02779980325152551	0	0.02779980325152551	0.02779980325152551	0	0.02779980325152551	0.02779980325152551	0	0.02779980325152551	0.02779980325152551	-429.70832026799917	-97.20950248074037
150	-526.805583701309	-842.7744738815686	-526.805583701309	-315.9688901802595	13.864258607016023	0.01776023164680006	0.08565933812530446	0.057163631031910966	0.0801960992762361	0.0021937414331424238	0.010891626343256092	0.010360710783882204	0.01920151928010566	0.0034450905014016264	0.025868245936245232	0.024271782564032812	0.05456672443110931	0.008672734157129325	0.01523093631885207	0.03026060771673797	0.054569259848888135	0.010557521320210594	0.015314991639149733	0.005265917866880909	0.0344982042414613	0.0618044884472929	0.044652609520481765	0.029066334168227792	0.012390224319671517	0.0505703106735321	0.004487669721341736	0.007485577267005369	0.03432347837846715	0.018973078237206273	0.01998351902474181	0.008043812241197879	0.05602965968831575	0.003967493929761132	0.006774522803579694	0.04131493814133334	0.006360357823854135	0.027823010551252678	2.9938815546962164E-5	0.008105586651681524	0.03509919094219024	0.06804583997478114	0.1560151980572921	0.23637927849137855	0.5017624733245218	4.220437192812284	0.9994662960148806	1.0207894109015112	1.5868312330699803	0.2855977072665466	0.03509919094219024	0.03509919094219024	0.03509919094219024	0	0.03509919094219024	0.03509919094219024	0	0.03509919094219024	0.03509919094219024	0	0.03509919094219024	0.03509919094219024	-425.4074892113265	-101.39809448998257
151	-522.6893206495824	-839.9792612615064	-522.6893206495824	-317.28994061192395	14.123798994341866	8.750548123034191E-4	0.08565933812530446	0.04929964158110528	0.0801960992762361	0.02173214561154556	0.010891626343256092	0.010360710783882204	0.01920151928010566	0.0034450905014016264	0.025868245936245232	0.024271782564032812	0.05456672443110931	0.008672734157129325	0.01523093631885207	0.03026060771673797	0.054569259848888135	0.010557521320210594	0.015314991639149733	0.005265917866880909	0.014959800063058165	0.09731515972678194	0.044652609520481765	0.029066334168227792	0.012390224319671517	0.0505703106735321	0.024832929861932307	0.007485577267005369	0.03432347837846715	0.018973078237206273	0.01998351902474181	0.008043812241197879	0.02051898840882671	0.020852670764257772	0.01463851225438538	0.020969678000742772	0.006360357823854135	0.027823010551252678	6.397911447163423E-6	0.008585889870623746	0.029082059070400564	0.0415509574666308	0.22891413750828785	0.25813410003888143	0.8802841776623334	2.0841206892272686	1.7925723425272553	1.220368759331434	2.368657972835262	0.24214588842107237	0.029082059070400564	0.029082059070400564	0.029082059070400564	0	0.029082059070400564	0.029082059070400564	0	0.029082059070400564	0.029082059070400564	0	0.029082059070400564	0.029082059070400564	-427.3733966797276	-95.31592396985486
152	-521.7546566580079	-842.4903471659701	-521.7546566580079	-320.7356905079622	9.949759052676278	8.750548123034191E-4	0.08565933812530446	0.04929964158110528	0.0801960992762361	0.02173214561154556	0.010891626343256092	0.010360710783882204	0.01920151928010566	0.024756176517955697	0.025868245936245232	0.024271782564032812	0.05456672443110931	0.008672734157129325	0.01523093631885207	0.03026060771673797	0.054569259848888135	0.010557521320210594	0.015314991639149733	0.005265917866880909	0.014959800063058165	0.11285962460289099	0.044652609520481765	0.02700930742595553	0.012390224319671517	0.029259224656978028	0.024832929861932307	0.014501069973934175	0.018779013502358097	0.018973078237206273	0.015025053060085267	0.008043812241197879	0.02051898840882671	0.020852670764257772	0.01463851225438538	0.020969678000742772	0.006360357823854135	0.027823010551252678	5.369822354905691E-5	0.011274149293480121	0.016000843460287274	0.02791447875004598	0.2261758167548037	0.2994855826179997	0.6301431272095888	2.083851832965867	1.4332919045761967	0.7537713757706053	3.1187603765761143	0.3214761608444834	0.016000843460287274	0.016000843460287274	0.016000843460287274	0	0.016000843460287274	0.016000843460287274	0	0.016000843460287274	0.016000843460287274	0	0.016000843460287274	0.016000843460287274	-431.10151968118475	-90.6531369768231
153	-517.2894585246884	-822.032492190948	-517.2894585246884	-304.7430336662596	8.755460291938464	8.750548123034191E-4	0.08710316855028111	0.04929964158110528	0.00763481665542147	0.02173214561154556	0.010891626343256092	0.010360710783882204	0.01920151928010566	0.024756176517955697	0.025868245936245232	0.024271782564032812	0.05456672443110931	0.008672734157129325	0.027329886648541954	0.03026060771673797	0.054569259848888135	0.010557521320210594	0.015314991639149733	0.07782720048769554	0.01351596963808152	0.10076067427320111	0.010961518196222028	0.024144777223773506	0.012390224319671517	0.029259224656978028	0.024832929861932307	0.012236201522267218	0.05247010482661783	0.018973078237206273	0.015025053060085267	0.010908342443379904	0.02051898840882671	0.020852670764257772	0.01463851225438538	0.02323454645240973	0.006360357823854135	0.027823010551252678	7.433555774659293E-5	0.010979458059651668	0.02495678497649354	0.019522928259379856	0.2182002739711622	0.33628638703587843	0.7755687512132389	4.171146192251575	1.0596001148701917	0.5772403674662384	2.394762682448543	0.26822292212356713	0.02495678497649354	0.02495678497649354	0.02495678497649354	0	0.02495678497649354	0.02495678497649354	0	0.02495678497649354	0.02495678497649354	0	0.02495678497649354	0.02495678497649354	-425.4849520386865	-91.80450648600188
154	-513.4766367352157	-824.5226590460624	-513.4766367352157	-311.04602231084664	7.064079087106825	0.028435074388704726	0.08710316855028111	0.04929964158110528	0.00763481665542147	0.030212483711992463	0.010891626343256092	0.010360710783882204	0.01920151928010566	0.024756176517955697	0.025868245936245232	0.015791444463585907	0.05456672443110931	0.008672734157129325	0.027329886648541954	0.03026060771673797	0.054569259848888135	0.010557521320210594	0.015314991639149733	0.037160361254508945	0.01351596963808152	0.10076067427320111	0.010961518196222028	0.024144777223773506	0.05305706355285811	0.029259224656978028	0.024832929861932307	0.012236201522267218	0.024910085250216527	0.018973078237206273	0.022383986534016728	0.010908342443379904	0.02051898840882671	0.020852670764257772	0.01463851225438538	0.015875612978478268	0.006360357823854135	0.027823010551252678	1.151091339757157E-4	0.009939494741841609	0.019388834263277845	0.02460996454581758	0.3299964770189634	0.3574194623521018	1.0858548242719162	3.6806757955946874	1.3641259981886638	0.44473330474548217	3.165216544943302	0.27637359495657937	0.019388834263277845	0.019388834263277845	0.019388834263277845	0	0.019388834263277845	0.019388834263277845	0	0.019388834263277845	0.019388834263277845	0	0.019388834263277845	0.019388834263277845	-420.6936536682314	-92.7829830669843
155	-510.9384730171713	-817.0680254356353	-510.9384730171713	-306.12955241846396	7.281435009674384	0.10235173901735338	0.013186503921632453	0.04929964158110528	0.00763481665542147	0.030212483711992463	0.010891626343256092	0.010360710783882204	0.01920151928010566	0.024756176517955697	0.025868245936245232	0.015791444463585907	0.05456672443110931	0.008672734157129325	0.027329886648541954	0.03026060771673797	0.054569259848888135	0.010557521320210594	0.015314991639149733	0.037160361254508945	0.01351596963808152	0.06871217662645222	0.010961518196222028	0.024144777223773506	0.05305706355285811	0.029259224656978028	0.024832929861932307	0.012236201522267218	0.024910085250216527	0.01425239327200832	0.0253889113695681	0.010908342443379904	0.02051898840882671	0.020852670764257772	0.01163358741883401	0.01538453267432037	0.04362062073995887	0.027823010551252678	1.1451381461058444E-4	0.007851355338602954	0.01656650526851953	0.018829420486839686	0.2706429937035025	0.3047594197338279	1.2914800604752361	4.740596345695129	1.055986638282546	0.7005596528867194	2.8027344175197024	0.2512624088470821	0.01656650526851953	0.01656650526851953	0.01656650526851953	0	0.01656650526851953	0.01656650526851953	0	0.01656650526851953	0.01656650526851953	0	0.01656650526851953	0.01656650526851953	-419.661610716059	-91.2768623011123
156	-509.87402500120544	-814.2558423341973	-509.87402500120544	-304.3818173329918	8.309971246131518	0.019946120199985526	0.016821427193163707	0.04929964158110528	0.00763481665542147	0.06494982342055143	0.010891626343256092	0.010360710783882204	0.01920151928010566	0.024756176517955697	0.025868245936245232	0.015791444463585907	0.05456672443110931	0.008672734157129325	0.011388707307603427	0.03026060771673797	0.054569259848888135	0.010557521320210594	0.015314991639149733	0.03327489966144981	0.01351596963808152	0.0689627149479801	0.010961518196222028	0.024144777223773506	0.052651005605710344	0.029259224656978028	0.024832929861932307	0.012236201522267218	0.024910085250216527	0.01425239327200832	0.0253889113695681	0.010908342443379904	0.048562978836530823	0.020852670764257772	0.01163358741883401	0.051356058643511435	0.04362062073995887	0.027823010551252678	9.229663636993159E-5	0.011723667868618327	0.015378282924773765	0.030429512909553254	0.20241163419478672	0.2935112506911353	0.9302345290947559	3.3172738214344446	0.8606608955435936	0.5428854931645302	3.9938661874062626	0.40260432703496074	0.015378282924773765	0.015378282924773765	0.015378282924773765	0	0.015378282924773765	0.015378282924773765	0	0.015378282924773765	0.015378282924773765	0	0.015378282924773765	0.015378282924773765	-424.53306317368725	-85.3409618275182
157	-509.346177630018	-826.9579094630844	-509.346177630018	-317.6117318330665	8.309971246131518	0.019946120199985526	0.010600506249444974	0.04929964158110528	0.037004645051916404	0.060374291604493355	0.010891626343256092	0.010360710783882204	0.01920151928010566	0.044321286589564135	0.025868245936245232	0.015791444463585907	0.005255215298590285	0.008672734157129325	0.011388707307603427	0.03026060771673797	0.018343639383993166	0.010557521320210594	0.015314991639149733	0.06853520296786775	0.01351596963808152	0.04915618285220734	0.010961518196222028	0.016552044824130308	0.052651005605710344	0.029259224656978028	0.04601451611861351	0.02987151677548526	0.03460571266250266	0.021901872244226225	0.0253889113695681	0.011899764832321025	0.048562978836530823	0.011157043351971638	0.04588864398265001	0.051356058643511435	0.024055510668350433	0.0052128662660723	8.180247677129768E-4	0.01038472951165659	0.026603451970543823	0.025638193333490798	0.19075916944144197	0.37701323988131696	1.8671809713448284	4.552363521800761	0.963966285484341	0.2945464958967076	5.5997674485788815	0.22046699429635616	0.026603451970543823	0.026603451970543823	0.026603451970543823	0	0.026603451970543823	0.026603451970543823	0	0.026603451970543823	0.026603451970543823	0	0.026603451970543823	0.026603451970543823	-426.51292996435114	-82.83324766566687
158	-509.139215141595	-813.7965999718797	-509.139215141595	-304.6573848302847	9.852186085090292	0.019946120199985526	0.02041451862174748	0.04929964158110528	0.037004645051916404	0.060374291604493355	0.010891626343256092	0.010360710783882204	0.01920151928010566	0.03648498056714511	0.025868245936245232	0.015791444463585907	0.005255215298590285	0.03456023384105622	0.03430622980141805	0.03026060771673797	0.018343639383993166	0.010557521320210594	0.015314991639149733	0.06853520296786775	0.01351596963808152	0.026238660358392715	0.010961518196222028	0.016552044824130308	0.052651005605710344	0.029259224656978028	0.04601451611861351	0.02987151677548526	0.024791700290200155	0.021901872244226225	0.0253889113695681	0.011899764832321025	0.048562978836530823	0.02388898016559314	0.04588864398265001	0.020572928168382063	0.024055510668350433	0.0052128662660723	4.531656221597323E-5	0.008758546767129585	0.042802183522363715	0.02699376370014614	0.14601259835672092	0.3374511801844938	1.9609165365796477	4.61986965656869	1.0834622238470306	0.3924850926002856	5.651863013001963	0.6520532407657326	0.042802183522363715	0.042802183522363715	0.042802183522363715	0	0.042802183522363715	0.042802183522363715	0	0.042802183522363715	0.042802183522363715	0	0.042802183522363715	0.042802183522363715	-419.1481301282049	-89.99108501339008
159	-509.1150400173193	-824.1629023888995	-509.1150400173193	-315.0478623715802	9.14438157449006	0.019946120199985526	0.02041451862174748	0.04929964158110528	0.037004645051916404	0.060374291604493355	0.010891626343256092	0.010360710783882204	0.01920151928010566	0.03648498056714511	0.03142883032338081	0.015791444463585907	0.005255215298590285	0.03456023384105622	0.03430622980141805	0.03026060771673797	0.018343639383993166	0.010557521320210594	0.015314991639149733	0.06853520296786775	0.01351596963808152	0.026238660358392715	0.010961518196222028	0.016552044824130308	0.009504181620502705	0.029259224656978028	0.04601451611861351	0.02987151677548526	0.019231115903064575	0.021901872244226225	0.0253889113695681	0.05504658881752866	0.048562978836530823	0.02388898016559314	0.04588864398265001	0.020572928168382063	0.024055510668350433	0.0052128662660723	5.984022167697202E-5	0.008859950133689795	0.04885517564711433	0.03205548509985027	0.1053225557911215	0.2971543935886037	2.339419843656348	9.44606882987372	1.0906979550198517	0.3915676119153076	5.166625391856488	0.649009975938217	0.04885517564711433	0.04885517564711433	0.04885517564711433	0	0.04885517564711433	0.04885517564711433	0	0.04885517564711433	0.04885517564711433	0	0.04885517564711433	0.04885517564711433	-409.6180424307806	-99.49699758653875
160	-508.32519289617596	-813.0282687517147	-508.32519289617596	-304.70307585553866	8.559653980011374	0.019946120199985526	0.004945018521824052	0.04929964158110528	0.037004645051916404	0.060374291604493355	0.013619217196926894	0.010360710783882204	0.01920151928010566	0.03648498056714511	0.03142883032338081	0.015791444463585907	0.005255215298590285	0.03456023384105622	0.03430622980141805	0.04236578142530453	0.018343639383993166	0.010557521320210594	0.013693353979583489	0.01818936955243644	0.01351596963808152	0.014133486649826152	0.010961518196222028	0.016552044824130308	0.009504181620502705	0.029259224656978028	0.020538760716568905	0.02987151677548526	0.019231115903064575	0.04465003679260003	0.0253889113695681	0.05504658881752866	0.048562978836530823	0.02388898016559314	0.04859446619697892	0.020572928168382063	0.024055510668350433	0.06994401522666437	5.055838871456219E-5	0.00973380127644704	0.06656215555509089	0.025499827636027518	0.12313154001945502	0.16214432209701293	0.9052733318051178	7.780727381375284	0.8825039563517761	0.5132140090367008	5.123160068767535	0.6701700726514275	0.06656215555509089	0.06656215555509089	0.06656215555509089	0	0.06656215555509089	0.06656215555509089	0	0.06656215555509089	0.06656215555509089	0	0.06656215555509089	0.06656215555509089	-415.1331132563188	-93.19207963985721
161	-508.2695578362435	-822.6811923037562	-508.2695578362435	-314.4116344675127	8.487393762695294	0.019946120199985526	0.004945018521824052	0.04929964158110528	0.022933154411822795	0.04275158280811918	0.013619217196926894	0.010360710783882204	0.01920151928010566	0.03648498056714511	0.0497649773616646	0.0535395954548302	0.019326705938683894	0.03456023384105622	0.03430622980141805	0.04236578142530453	0.018343639383993166	0.010557521320210594	0.013693353979583489	0.01818936955243644	0.01351596963808152	0.014133486649826152	0.010961518196222028	0.016552044824130308	0.009504181620502705	0.029259224656978028	0.07320023872059478	0.02987151677548526	0.019231115903064575	0.04465003679260003	0.007052764331284309	0.017298437826284374	0.048562978836530823	0.02388898016559314	0.04859446619697892	0.04979968378926301	0.024055510668350433	0.005678490398131716	9.491100904842576E-5	0.006173811677563699	0.03150380213863479	0.03582911123504881	0.080333321042593	0.1870667423812851	0.7403205818468915	3.002892298505609	1.0913723035094784	0.45182918043790415	5.4323133856837025	0.6740991400878643	0.03150380213863479	0.03150380213863479	0.03150380213863479	0	0.03150380213863479	0.03150380213863479	0	0.03150380213863479	0.03150380213863479	0	0.03150380213863479	0.03150380213863479	-412.92708580614453	-95.34247203009895
162	-507.2215379995878	-805.4898573167907	-507.2215379995878	-298.2683193172029	7.384393388025487	0.019946120199985526	0.004945018521824052	0.04929964158110528	0.022933154411822795	0.04275158280811918	0.013619217196926894	0.010360710783882204	0.01920151928010566	0.04142271282250265	0.0497649773616646	0.0194975710180276	0.019326705938683894	0.03456023384105622	0.03430622980141805	0.04236578142530453	0.018343639383993166	0.010557521320210594	0.013693353979583489	0.01818936955243644	0.01351596963808152	0.014133486649826152	0.021143200960397	0.016552044824130308	0.0435462060573053	0.024321492401620487	0.06301855595641981	0.02987151677548526	0.019231115903064575	0.04465003679260003	0.007052764331284309	0.017298437826284374	0.048562978836530823	0.02388898016559314	0.04859446619697892	0.04979968378926301	0.024055510668350433	0.005678490398131716	8.138087415692765E-5	0.007140643891852426	0.020886344503723613	0.03593604433534793	0.06065158188826194	0.15465356760925372	1.228321261971345	2.4323016753328206	0.8428367132622457	0.3650282698109546	5.571030199967232	0.8078468885469341	0.020886344503723613	0.020886344503723613	0.020886344503723613	0	0.020886344503723613	0.020886344503723613	0	0.020886344503723613	0.020886344503723613	0	0.020886344503723613	0.020886344503723613	-413.15994219407276	-94.061595805515
163	-507.0109430035658	-807.5820678696327	-507.0109430035658	-300.571124866067	7.0963347600724855	0.019946120199985526	0.004945018521824052	0.04929964158110528	0.022933154411822795	0.04606827401027734	0.013619217196926894	0.010360710783882204	0.025924862349731403	0.04142271282250265	0.04644828615950644	0.0194975710180276	0.019326705938683894	0.03456023384105622	0.03430622980141805	0.03564243835567879	0.018343639383993166	0.010557521320210594	0.013693353979583489	0.01818936955243644	0.01351596963808152	0.014133486649826152	0.021143200960397	0.016552044824130308	0.0435462060573053	0.024321492401620487	0.06301855595641981	0.02987151677548526	0.019231115903064575	0.04465003679260003	0.007052764331284309	0.017298437826284374	0.048562978836530823	0.02388898016559314	0.04859446619697892	0.04979968378926301	0.024055510668350433	0.005678490398131716	3.3131339390658976E-4	0.010198086859098723	0.02424266196076387	0.026517451005832915	0.04458363479982724	0.13080116641626607	1.1413774069686402	2.5462820227421106	1.0423017090123414	0.2425820697413639	6.1699763365052025	0.8792957490150841	0.02424266196076387	0.02424266196076387	0.02424266196076387	0	0.02424266196076387	0.02424266196076387	0	0.02424266196076387	0.02424266196076387	0	0.02424266196076387	0.02424266196076387	-405.07790258866476	-101.93304041490101
164	-506.7774423519691	-810.3138646262701	-506.7774423519691	-303.53642227430095	8.599987477224534	0.019946120199985526	0.004945018521824052	0.04929964158110528	0.022933154411822795	0.03098133966589288	0.013619217196926894	0.010360710783882204	0.025924862349731403	0.0334353467344457	0.0838901109269958	0.0194975710180276	0.019326705938683894	0.04254759992911317	0.03430622980141805	0.03564243835567879	0.018343639383993166	0.010557521320210594	0.01759033073160443	0.01818936955243644	0.009618992886060579	0.014133486649826152	0.021143200960397	0.016552044824130308	0.0435462060573053	0.024321492401620487	0.07810549030080427	0.02987151677548526	0.019231115903064575	0.04465003679260003	0.007052764331284309	0.017298437826284374	0.011121154069041461	0.02388898016559314	0.04859446619697892	0.04979968378926301	0.024055510668350433	0.005678490398131716	2.781060637889668E-4	0.006519509671666339	0.01765830671983482	0.021937844951154802	0.06016667809362334	0.24226852725930134	0.8211605072474548	1.7704582952831716	0.8654649015192635	0.33310070527333596	5.681403697217459	0.3966484136044619	0.01765830671983482	0.01765830671983482	0.01765830671983482	0	0.01765830671983482	0.01765830671983482	0	0.01765830671983482	0.01765830671983482	0	0.01765830671983482	0.01765830671983482	-405.3421648468966	-101.43527750507253
165	-502.3305684599734	-804.7873496322862	-502.3305684599734	-302.45678117231284	7.912614425093566	0.03937102718841477	0.004945018521824052	0.04929964158110528	0.022933154411822795	0.03098133966589288	0.013619217196926894	0.010360710783882204	0.025924862349731403	0.008053708163132	0.07378211284941003	0.0194975710180276	0.019326705938683894	0.039337488053070246	0.0329329535238123	0.03564243835567879	0.018343639383993166	0.02272304320028784	0.02769832880919021	0.006023847672359195	0.009618992886060579	0.014133486649826152	0.021143200960397	0.012769907767076316	0.0435462060573053	0.024321492401620487	0.05868058331237502	0.02987151677548526	0.023013252960118566	0.04465003679260003	0.007052764331284309	0.017298437826284374	0.011121154069041461	0.02388898016559314	0.05180457807302184	0.07655459863818247	0.024055510668350433	0.005678490398131716	8.603705520941572E-5	0.008292285158935746	0.030077053264563707	0.022796048323457923	0.05781879971595425	0.29819949158871223	0.604368866686712	1.627387396639019	0.6187229034715083	0.399753870336182	4.901571779329685	0.6192949286614197	0.030077053264563707	0.030077053264563707	0.030077053264563707	0	0.030077053264563707	0.030077053264563707	0	0.030077053264563707	0.030077053264563707	0	0.030077053264563707	0.030077053264563707	-396.78094594235745	-105.54962251761592
166	-500.9468845234288	-797.9647807093485	-500.9468845234288	-297.01789618591965	7.202759941148923	0.03625113116386501	0.019831869520904655	0.039333581735238654	0.022933154411822795	0.03098133966589288	0.013619217196926894	0.010360710783882204	0.025924862349731403	0.011173604187681763	0.07378211284941003	0.0194975710180276	0.019326705938683894	0.04930354789893687	0.018046102524731697	0.03564243835567879	0.018343639383993166	0.02272304320028784	0.02769832880919021	0.006023847672359195	0.009618992886060579	0.014133486649826152	0.021143200960397	0.012769907767076316	0.0435462060573053	0.024321492401620487	0.05868058331237502	0.02987151677548526	0.023013252960118566	0.04465003679260003	0.007052764331284309	0.017298437826284374	0.015387014122630549	0.02388898016559314	0.05180457807302184	0.07655459863818247	0.024055510668350433	0.0014126303445426286	4.0523057994835244E-5	0.007412272518108816	0.025642741819408486	0.014038818282043222	0.04390510376017072	0.2709866215775079	0.5467618168014602	1.6192248637246314	0.5418587058147899	0.39950982740688223	4.684638386627197	0.946250403537402	0.025642741819408486	0.025642741819408486	0.025642741819408486	0	0.025642741819408486	0.025642741819408486	0	0.025642741819408486	0.025642741819408486	0	0.025642741819408486	0.025642741819408486	-390.6842742243473	-110.26261029908154
167	-500.4863667451838	-787.308361457747	-500.4863667451838	-286.82199471256325	6.244474404007514	0.03625113116386501	0.019831869520904655	0.039333581735238654	0.022933154411822795	0.046840542328049004	0.034502526679132076	0.010360710783882204	0.025924862349731403	0.0075365513328838896	0.08154794973212662	0.0194975710180276	0.019326705938683894	0.05194931617569043	0.014318706432420045	0.019010831463580152	0.018343639383993166	0.06770619794444144	0.02769832880919021	0.009751243764670847	0.009618992886060579	0.015124771227870468	0.021143200960397	0.005004070884359724	0.0435462060573053	0.024321492401620487	0.05868058331237502	0.02987151677548526	0.023013252960118566	0.04465003679260003	0.007052764331284309	0.017298437826284374	0.015387014122630549	0.04052058705769178	0.015062065928660537	0.03157144389402887	0.024055510668350433	0.0014126303445426286	1.4611833174938722E-5	0.007523482056148498	0.025393027597472036	0.013548539879770602	0.024322956034657374	0.2117471455589031	0.378411812627981	1.8949179037155364	0.6169224490351108	0.5674990772083962	2.924682120385939	0.8493590119128057	0.025393027597472036	0.025393027597472036	0.025393027597472036	0	0.025393027597472036	0.025393027597472036	0	0.025393027597472036	0.025393027597472036	0	0.025393027597472036	0.025393027597472036	-399.0481734116077	-101.4381933335761
168	-500.1184547830746	-810.6494359233741	-500.1184547830746	-310.53098114029956	8.783330508455846	0.03625113116386501	0.019831869520904655	0.039333581735238654	0.022933154411822795	0.046840542328049004	0.034502526679132076	0.010360710783882204	0.025924862349731403	0.0075365513328838896	0.04703326154278817	0.0194975710180276	0.02328397188284724	0.05194931617569043	0.014318706432420045	0.019010831463580152	0.018343639383993166	0.008919270524880174	0.022344687189380652	0.009751243764670847	0.009618992886060579	0.015124771227870468	0.021143200960397	0.005004070884359724	0.03672866875437897	0.024321492401620487	0.05868058331237502	0.02987151677548526	0.012198475866314049	0.04465003679260003	0.007052764331284309	0.07608536524584564	0.02755819304536644	0.030856765529767446	0.021736130226826286	0.030603935179624106	0.0693849759514934	0.0014126303445426286	4.836481731241074E-6	0.00734839901038018	0.03296704580880865	0.011364274232633184	0.027442133985545385	0.4004823247060591	0.42951598944220465	1.065359866447398	0.45476550797820736	0.5522655723486458	3.0292069644848514	0.41442100249534203	0.03296704580880865	0.03296704580880865	0.03296704580880865	0	0.03296704580880865	0.03296704580880865	0	0.03296704580880865	0.03296704580880865	0	0.03296704580880865	0.03296704580880865	-395.74939624570436	-104.36905853737021
169	-495.9124246125114	-797.2168699433948	-495.9124246125114	-301.30444533088337	9.37122986702213	0.03625113116386501	0.019831869520904655	0.039333581735238654	0.022933154411822795	0.046840542328049004	0.034502526679132076	0.010360710783882204	0.015584179523348396	0.0075365513328838896	0.04703326154278817	0.0194975710180276	0.02328397188284724	0.05194931617569043	0.014318706432420045	0.019010831463580152	0.018343639383993166	0.008919270524880174	0.022344687189380652	0.009751243764670847	0.009618992886060579	0.015124771227870468	0.021143200960397	0.005004070884359724	0.03672866875437897	0.006506404609801203	0.05868058331237502	0.02987151677548526	0.012198475866314049	0.03406735992030151	0.024867852123103593	0.07608536524584564	0.02755819304536644	0.030856765529767446	0.021736130226826286	0.05152729487830564	0.0693849759514934	0.0014126303445426286	9.11569828773962E-5	0.00848381057808146	0.0395394526015493	0.02050082161964155	0.019778796912262413	0.25721960574215	0.3547323871596864	1.4478313569270609	0.7178445505445312	0.494920235142555	3.3368006969504327	0.644239501502315	0.0395394526015493	0.0395394526015493	0.0395394526015493	0	0.0395394526015493	0.0395394526015493	0	0.0395394526015493	0.0395394526015493	0	0.0395394526015493	0.0395394526015493	-398.3419080097334	-97.57051660277801
170	-495.01960288555745	-799.5852801202632	-495.01960288555745	-304.56567723470573	8.431324995857624	0.03625113116386501	0.019831869520904655	0.0015371866884947294	0.022933154411822795	0.046840542328049004	0.034502526679132076	0.010360710783882204	0.015584179523348396	0.0593390564027475	0.0457095791280637	0.0194975710180276	0.0081457640682122	0.05194931617569043	0.014318706432420045	0.019010831463580152	0.034805529613352676	0.008919270524880174	0.022344687189380652	0.009751243764670847	0.009618992886060579	0.015124771227870468	0.032338734750232065	0.04280046593110365	0.03672866875437897	0.006506404609801203	0.05868058331237502	0.02987151677548526	0.012198475866314049	0.03406735992030151	0.024867852123103593	0.024282860175982024	0.02755819304536644	0.01966123173993238	0.021736130226826286	0.05152729487830564	0.0693849759514934	0.0014126303445426286	1.0007311469881685E-4	0.00923900786290364	0.035385634950421914	0.012601751598890622	0.021140749326815943	0.2929501608298621	0.2864624174073813	2.4195324962370415	0.6509718108197113	0.8081018604635111	2.1362064073168616	0.8090459299960644	0.035385634950421914	0.035385634950421914	0.035385634950421914	0	0.035385634950421914	0.035385634950421914	0	0.035385634950421914	0.035385634950421914	0	0.035385634950421914	0.035385634950421914	-387.2605864102995	-107.75901647525798
171	-494.850885391403	-798.468813045928	-494.850885391403	-303.617927654525	10.14704645916508	0.03625113116386501	0.019831869520904655	0.0015371866884947294	0.022933154411822795	0.039627819117344684	0.034502526679132076	0.010360710783882204	0.019847705885837785	0.0593390564027475	0.049373842849488064	0.0194975710180276	0.0081457640682122	0.06605269489242394	0.015471453106346664	0.019010831463580152	0.01668068279773835	0.008919270524880174	0.022344687189380652	0.009751243764670847	0.009618992886060579	0.015124771227870468	0.05843706180585649	0.04280046593110365	0.03672866875437897	0.013719127820505522	0.05868058331237502	0.026580752473816624	0.03361408698359701	0.019963981203568	0.024867852123103593	0.024282860175982024	0.018477656287526067	0.01966123173993238	0.021736130226826286	0.02542896782268121	0.0693849759514934	0.0014126303445426286	4.839712686550269E-5	0.006759539493285366	0.020855835426285753	0.012951867273561209	0.03052767722178348	0.28793750025355347	0.3059325946110848	1.9341003731734248	0.6142860193427606	0.7941729241809035	1.9299091996204494	0.8950715921699152	0.020855835426285753	0.020855835426285753	0.020855835426285753	0	0.020855835426285753	0.020855835426285753	0	0.020855835426285753	0.020855835426285753	0	0.020855835426285753	0.020855835426285753	-392.25525526693457	-102.59563012446843
172	-494.564693179851	-804.583561774974	-494.564693179851	-310.01886859512297	8.004093196795935	0.03625113116386501	0.011635216901813128	0.024604517395026837	0.022933154411822795	0.039627819117344684	0.034502526679132076	0.010360710783882204	0.019847705885837785	0.032362730461226175	0.049373842849488064	0.0194975710180276	0.0081457640682122	0.06605269489242394	0.015471453106346664	0.019010831463580152	0.01668068279773835	0.008919270524880174	0.022344687189380652	0.009751243764670847	0.009618992886060579	0.040840757305689465	0.05843706180585649	0.04280046593110365	0.03672866875437897	0.013719127820505522	0.05868058331237502	0.026580752473816624	0.010546756277064903	0.019963981203568	0.024867852123103593	0.024282860175982024	0.018477656287526067	0.06006205617338743	0.021736130226826286	0.02542896782268121	0.028984151518038348	0.010869622827336486	1.8970262355925437E-4	0.007980008138590828	0.028315685983214326	0.011933802839277835	0.028428294145553583	0.490972373640913	0.35064644239407905	1.9523914525604031	0.510546901600298	0.8602041740967854	1.8041350909795921	0.7850022108445656	0.028315685983214326	0.028315685983214326	0.028315685983214326	0	0.028315685983214326	0.028315685983214326	0	0.028315685983214326	0.028315685983214326	0	0.028315685983214326	0.028315685983214326	-380.26701306782894	-114.29768011202208
173	-493.1304621432559	-789.4271245338348	-493.1304621432559	-296.29666239057883	10.281942546629978	0.03625113116386501	0.011635216901813128	0.01280750866669661	0.022933154411822795	0.039627819117344684	0.034502526679132076	0.010360710783882204	0.019847705885837785	0.032362730461226175	0.049373842849488064	0.0194975710180276	0.0081457640682122	0.06605269489242394	0.0373489639831933	0.019010831463580152	0.01668068279773835	0.008919270524880174	0.022344687189380652	0.009751243764670847	0.013363113341282123	0.018963246428842825	0.05843706180585649	0.04280046593110365	0.03672866875437897	0.013719127820505522	0.05868058331237502	0.026580752473816624	0.010546756277064903	0.019963981203568	0.03666486085143382	0.024282860175982024	0.018477656287526067	0.06006205617338743	0.021736130226826286	0.021684847367459667	0.028984151518038348	0.010869622827336486	6.31791140889259E-5	0.008631758717298751	0.037253163924097735	0.014003028848438842	0.01706609230030682	0.5315716014020555	0.31355236713987733	1.460557536064478	0.46895548306774754	0.6446637613094243	2.129117893153514	0.5884867289370391	0.037253163924097735	0.037253163924097735	0.037253163924097735	0	0.037253163924097735	0.037253163924097735	0	0.037253163924097735	0.037253163924097735	0	0.037253163924097735	0.037253163924097735	-384.19794368447356	-108.93251845878235
174	-492.530294563986	-807.8615900089867	-492.530294563986	-315.33129544500076	7.989201613025067	0.03625113116386501	0.01689320766004876	0.01280750866669661	0.022933154411822795	0.039627819117344684	0.034502526679132076	0.010360710783882204	0.019847705885837785	0.032362730461226175	0.049373842849488064	0.0194975710180276	0.0081457640682122	0.08217112988897202	0.0373489639831933	0.019010831463580152	0.01668068279773835	0.008919270524880174	9.682614345969398E-4	0.009751243764670847	0.013363113341282123	0.018963246428842825	0.05843706180585649	0.04280046593110365	0.03672866875437897	0.013719127820505522	0.05868058331237502	0.026580752473816624	0.010546756277064903	0.019963981203568	0.03666486085143382	0.024282860175982024	0.018477656287526067	0.06006205617338743	0.021736130226826286	0.021684847367459667	0.028984151518038348	0.010869622827336486	5.345440618213324E-5	0.007460664216952499	0.050550010264596844	0.012076900809791308	0.010944075636343066	0.4485681240068389	0.5156426287522474	1.1612860357333443	0.5297594121364324	0.570476349785238	1.1472552087264127	0.5934494936827192	0.050550010264596844	0.050550010264596844	0.050550010264596844	0	0.050550010264596844	0.050550010264596844	0	0.050550010264596844	0.050550010264596844	0	0.050550010264596844	0.050550010264596844	-392.8811309785962	-99.64916358538976
175	-492.1149327221663	-800.3391328282812	-492.1149327221663	-308.22420010611495	7.702352716442323	0.03625113116386501	0.01689320766004876	0.01280750866669661	0.022933154411822795	0.039627819117344684	0.034502526679132076	0.010360710783882204	0.019847705885837785	0.032362730461226175	0.040519763163004735	0.0194975710180276	0.01778925470305047	0.08217112988897202	0.0373489639831933	0.019010831463580152	0.01668068279773835	0.008919270524880174	9.682614345969398E-4	0.025410895747422724	0.013363113341282123	0.018963246428842825	0.05843706180585649	0.04280046593110365	0.03672866875437897	0.021978191268580333	0.05868058331237502	0.026580752473816624	0.010546756277064903	0.019963981203568	0.012746145420607133	0.024282860175982024	0.018477656287526067	0.05041856553854916	0.021736130226826286	0.021684847367459667	0.03783823120452168	0.010869622827336486	2.754727415777338E-4	0.008324459193888693	0.04290368375627454	0.012612735789963284	0.008087183161996891	0.552275813708771	0.33916355521427954	1.1539429397445102	0.7841737580652164	1.129019865522286	1.0416231236168354	0.9063688429182388	0.04290368375627454	0.04290368375627454	0.04290368375627454	0	0.04290368375627454	0.04290368375627454	0	0.04290368375627454	0.04290368375627454	0	0.04290368375627454	0.04290368375627454	-388.73924870155463	-103.3756840206117
176	-491.29611382739716	-797.5920906825977	-491.29611382739716	-306.2959768552005	7.980646168384091	0.03625113116386501	0.026812636868384865	0.01280750866669661	0.022933154411822795	0.059374507651857575	0.034502526679132076	0.010360710783882204	0.019847705885837785	0.07104939839753233	0.040519763163004735	0.0194975710180276	0.010974426498697828	0.08217112988897202	0.0373489639831933	0.019010831463580152	0.01668068279773835	0.008919270524880174	9.682614345969398E-4	0.025410895747422724	0.013363113341282123	0.018963246428842825	0.048517632597520385	0.023053777396590758	0.03672866875437897	0.021978191268580333	0.05868058331237502	0.026580752473816624	0.010546756277064903	0.019963981203568	0.012746145420607133	0.024282860175982024	0.018477656287526067	0.01854672580659565	0.021736130226826286	0.021684847367459667	0.03783823120452168	0.010869622827336486	3.847577824706529E-4	0.006535240103831146	0.03140678299850462	0.011939529540251233	0.012124520684779344	0.3982013230316839	0.4381627819152602	0.944907072054283	0.5842587709322572	1.447153138706346	1.0748961140615219	1.096955968254987	0.03140678299850462	0.03140678299850462	0.03140678299850462	0	0.03140678299850462	0.03140678299850462	0	0.03140678299850462	0.03140678299850462	0	0.03140678299850462	0.03140678299850462	-382.7519323951111	-108.54418143228604
177	-490.44062416359213	-803.228538530448	-490.44062416359213	-312.78791436685583	8.204535742377145	0.03625113116386501	0.026812636868384865	0.01280750866669661	0.026928861663625223	0.04808416658105562	0.034502526679132076	0.010360710783882204	0.019847705885837785	0.05500909836721857	0.040519763163004735	0.0194975710180276	0.010974426498697828	0.08217112988897202	0.0373489639831933	0.019010831463580152	0.01668068279773835	0.008919270524880174	0.012258602505398897	0.05625504517148383	0.013363113341282123	0.018963246428842825	0.01767348317345928	0.023053777396590758	0.03672866875437897	0.021978191268580333	0.05868058331237502	0.026580752473816624	0.010546756277064903	0.019963981203568	0.006546802425423923	0.026486495919362807	0.018477656287526067	0.03458702583690941	0.021736130226826286	0.021684847367459667	0.03783823120452168	0.010869622827336486	1.4600847306391474E-4	0.007477064064271618	0.02460571539424472	0.013092809417910313	0.00932640054815531	0.5908294729087917	0.4608166044673279	0.6971407454698229	0.6712442108987815	1.94488210656492	1.3312655937862772	1.0069964148695423	0.02460571539424472	0.02460571539424472	0.02460571539424472	0	0.02460571539424472	0.02460571539424472	0	0.02460571539424472	0.02460571539424472	0	0.02460571539424472	0.02460571539424472	-380.484118637978	-109.95650552561413
178	-488.6421593178508	-798.6103747759605	-488.6421593178508	-309.9682154581096	8.759540552020118	0.03625113116386501	0.026812636868384865	0.01280750866669661	0.026928861663625223	0.04808416658105562	0.034502526679132076	0.010360710783882204	0.019847705885837785	0.05500909836721857	0.040519763163004735	0.0194975710180276	0.010974426498697828	0.08217112988897202	0.019519307940918593	0.019010831463580152	0.01668068279773835	0.008919270524880174	0.012258602505398897	0.05625504517148383	0.013363113341282123	0.018963246428842825	0.01767348317345928	0.023053777396590758	0.01051292383045821	0.021978191268580333	0.05868058331237502	0.026580752473816624	0.03676250120098566	0.019963981203568	0.024376458467698633	0.026486495919362807	0.018477656287526067	0.03458702583690941	0.021736130226826286	0.021684847367459667	0.03783823120452168	0.010869622827336486	1.4018584132863607E-4	0.007865175416654768	0.021205624258163313	0.012393044256498276	0.007061649583662095	0.5693027496185775	0.2727901055647047	0.9033582372535295	0.7712604698569441	2.3073217880747756	1.0000485184263603	1.0399847519519096	0.021205624258163313	0.021205624258163313	0.021205624258163313	0	0.021205624258163313	0.021205624258163313	0	0.021205624258163313	0.021205624258163313	0	0.021205624258163313	0.021205624258163313	-377.7448737429745	-110.89728557487634
179	-487.92643442414436	-795.3803618867806	-487.92643442414436	-307.4539274626363	9.8583724483435	0.03625113116386501	0.014415435600079851	0.01280750866669661	0.026928861663625223	0.04808416658105562	0.034502526679132076	0.032417786180205826	0.019847705885837785	0.05500909836721857	0.031254922950935765	0.0194975710180276	0.010974426498697828	0.08217112988897202	0.019519307940918593	0.019010831463580152	0.01668068279773835	0.008919270524880174	0.010282394119842109	0.05625504517148383	0.013363113341282123	0.03333665608270463	0.01767348317345928	0.023053777396590758	0.01051292383045821	0.021978191268580333	0.05868058331237502	0.026580752473816624	0.04602734141305463	0.019963981203568	0.024376458467698633	0.026486495919362807	0.018477656287526067	0.03458702583690941	0.021736130226826286	0.021684847367459667	0.015781155808198055	0.010869622827336486	1.3788620865170154E-4	0.007859888914644545	0.016658273480939664	0.026349201689129218	0.010075720135049803	0.8286064810709275	0.4230783314342814	0.9609753730890355	0.8100656739809131	1.9532145259625446	0.850236931500835	1.0201174380644242	0.016658273480939664	0.016658273480939664	0.016658273480939664	0	0.016658273480939664	0.016658273480939664	0	0.016658273480939664	0.016658273480939664	0	0.016658273480939664	0.016658273480939664	-388.52915356845716	-99.39728085568721
180	-487.39900434119807	-787.1192422432437	-487.39900434119807	-299.72023790204554	8.709968843293774	0.03625113116386501	0.011844807841406957	0.01280750866669661	0.026928861663625223	0.04808416658105562	0.03707315443780497	0.032417786180205826	0.019847705885837785	0.05500909836721857	0.03077167792072763	0.019980816048235733	0.010974426498697828	0.05364574014407042	0.019519307940918593	0.019010831463580152	0.01668068279773835	0.008919270524880174	0.010282394119842109	0.051831003164752976	0.028354550308690468	0.03333665608270463	0.031147348777338033	0.05954761550615528	0.01051292383045821	0.021978191268580333	0.05868058331237502	0.026580752473816624	0.04602734141305463	0.019963981203568	0.024376458467698633	0.02121476354120022	0.018477656287526067	0.019595588869501065	0.008262264622947532	0.02341217338769018	0.015781155808198055	0.010869622827336486	1.7207063439764978E-4	0.008851187667783096	0.011470178509322535	0.01863056444334038	0.01199318750919491	0.4652679691699636	0.4467501252615858	0.9705287540677481	1.1798099614228597	2.6558115098302437	0.6017614070967167	1.188022324502963	0.011470178509322535	0.011470178509322535	0.011470178509322535	0	0.011470178509322535	0.011470178509322535	0	0.011470178509322535	0.011470178509322535	0	0.011470178509322535	0.011470178509322535	-386.6128305109622	-100.78617383023585
181	-486.38070519255444	-788.9477313190322	-486.38070519255444	-302.56702612647774	7.951539133223025	0.048341348424844596	0.011844807841406957	0.01280750866669661	0.026928861663625223	0.04808416658105562	0.03707315443780497	0.032417786180205826	0.0156603525185674	0.05500909836721857	0.03500151717788133	0.019980816048235733	0.010974426498697828	0.05364574014407042	0.010262562318803611	0.019010831463580152	0.01668068279773835	0.008919270524880174	0.01953913974195709	0.04399319087328324	0.028354550308690468	0.03333665608270463	0.031147348777338033	0.05954761550615528	0.04966413165309225	0.021978191268580333	0.027367187781210722	0.026580752473816624	0.029707284894921346	0.014860574266908441	0.03366721877162858	0.02121476354120022	0.018477656287526067	0.019595588869501065	0.008262264622947532	0.02341217338769018	0.015781155808198055	0.010869622827336486	2.615212612306625E-4	0.010698565655511283	0.010957494235159676	0.018181651387549767	0.012604839807404117	0.2591322236155909	0.302294891516406	0.9257044805296601	0.913185037431053	1.8750106418031638	0.39101172962108455	0.6897607532229261	0.010957494235159676	0.010957494235159676	0.010957494235159676	0	0.010957494235159676	0.010957494235159676	0	0.010957494235159676	0.010957494235159676	0	0.010957494235159676	0.010957494235159676	-385.0731774920467	-101.30752770050775
182	-486.3568196823812	-808.7410191239214	-486.3568196823812	-322.3841994415403	8.448257324116932	0.06027642518646113	0.011844807841406957	0.01280750866669661	0.026928861663625223	0.051308404191200405	0.03707315443780497	0.007368721758980373	0.003888453675708947	0.05500909836721857	0.03500151717788133	0.019980816048235733	0.010974426498697828	0.037576106098738626	0.010262562318803611	0.019010831463580152	0.01668068279773835	0.008919270524880174	0.02707751780103118	0.04399319087328324	0.028354550308690468	0.04103394071958409	0.031147348777338033	0.030550453970314306	0.0747131960743177	0.014439813209506241	0.0563643493170517	0.027491072147387094	0.029707284894921346	0.014860574266908441	0.015255579320201815	0.02121476354120022	0.018477656287526067	0.011898304232621601	0.008262264622947532	0.03518407223054863	0.03419279525962482	0.010869622827336486	1.8200732477899456E-4	0.0054977084091061106	0.01748040735142889	0.029433178962324478	0.010144453853058198	0.3162310496442556	0.2554822795201488	0.730298671303384	0.805777015876666	2.0714233081281463	0.46448226355643707	0.2679209188289064	0.01748040735142889	0.01748040735142889	0.01748040735142889	0	0.01748040735142889	0.01748040735142889	0	0.01748040735142889	0.01748040735142889	0	0.01748040735142889	0.01748040735142889	-387.9570855600767	-98.39973412230451
183	-484.9019381463395	-782.521044354941	-484.9019381463395	-297.61910620860147	10.812716504843504	0.027988243424138956	0.011844807841406957	0.02444246606206607	0.037967893707786235	0.051308404191200405	0.03707315443780497	0.04786733443541488	0.04852165442908224	0.014510485690784058	0.03500151717788133	0.019980816048235733	0.010974426498697828	0.037576106098738626	0.006542308181220688	0.047815374928683346	0.01668068279773835	0.012639524662463097	0.02707751780103118	0.04399319087328324	0.029339397080256097	0.04103394071958409	0.031147348777338033	0.017930649803379217	0.034869620565053494	0.014439813209506241	0.011731148563678406	0.027491072147387094	0.005943882207695136	0.014860574266908441	0.015255579320201815	0.02121476354120022	0.04224105897475228	0.011898304232621601	0.04055044638526971	0.03518407223054863	0.03419279525962482	0.010869622827336486	1.1230930396470926E-4	0.008627893591736907	0.024107025375744696	0.023022329843419287	0.007150701576394915	0.26382878325833586	0.3490457154559117	0.9660785946821588	1.0100737140627232	1.714299949312586	0.6868506504619086	0.6799790381244871	0.024107025375744696	0.024107025375744696	0.024107025375744696	0	0.024107025375744696	0.024107025375744696	0	0.024107025375744696	0.024107025375744696	0	0.024107025375744696	0.024107025375744696	-384.6154099715518	-100.2865281747877
184	-484.1407987113124	-782.3706875655475	-484.1407987113124	-298.2298888542351	14.44335089891037	0.027988243424138956	0.011844807841406957	0.02444246606206607	0.037967893707786235	0.051308404191200405	0.03247202515326404	0.0206427394435916	0.04852165442908224	5.92811103434121E-4	0.03960264646242226	0.019980816048235733	0.010974426498697828	0.037576106098738626	0.006542308181220688	0.047815374928683346	0.01668068279773835	0.012639524662463097	0.02707751780103118	0.04399319087328324	0.05732062788201017	0.04103394071958409	0.031147348777338033	0.017930649803379217	0.034869620565053494	0.02835748779685618	0.007753977912058674	0.027491072147387094	0.005943882207695136	0.014860574266908441	0.015255579320201815	0.020458127731269427	0.04224105897475228	0.011898304232621601	0.04055044638526971	0.039161242882168365	0.03419279525962482	0.010869622827336486	1.0075632595785531E-4	0.008638945903376034	0.022015265920113276	0.018220824075696494	0.008185523415761982	0.42500638913736966	0.29050048233404674	1.2686104276218995	0.7917518262555723	1.09386744977877	0.5759794388957965	0.4722453520589459	0.022015265920113276	0.022015265920113276	0.022015265920113276	0	0.022015265920113276	0.022015265920113276	0	0.022015265920113276	0.022015265920113276	0	0.022015265920113276	0.022015265920113276	-392.2709792223265	-91.86981948898588
185	-483.7929384336939	-795.1648534882827	-483.7929384336939	-311.3719150545888	14.211434809484384	0.027988243424138956	0.011844807841406957	0.02444246606206607	0.037967893707786235	0.0850238077902009	0.03247202515326404	0.0206427394435916	0.04852165442908224	5.92811103434121E-4	0.007246694204342291	0.019980816048235733	0.010974426498697828	0.037576106098738626	0.006542308181220688	0.047815374928683346	0.01668068279773835	0.012639524662463097	0.015206044308837097	0.049063249891864946	0.05732062788201017	0.04103394071958409	0.036589311910029884	0.017930649803379217	0.034869620565053494	0.02835748779685618	0.007753977912058674	0.027491072147387094	0.005943882207695136	0.014860574266908441	0.015255579320201815	0.020458127731269427	0.04224105897475228	0.011898304232621601	0.04055044638526971	0.039161242882168365	0.03419279525962482	0.010869622827336486	3.802998292357195E-4	0.010850237496917338	0.018179314746674623	0.020125352869476237	0.013110797522561739	0.3588691968594608	0.5064888217165162	0.6689020399874677	1.3006910714138824	0.8246417830770765	0.6892944611621994	0.5908130489163286	0.018179314746674623	0.018179314746674623	0.018179314746674623	0	0.018179314746674623	0.018179314746674623	0	0.018179314746674623	0.018179314746674623	0	0.018179314746674623	0.018179314746674623	-384.1599344923826	-99.6330039413113
186	-483.78209553893845	-804.9983824126911	-483.78209553893845	-321.2162868737526	14.302089593382115	0.027988243424138956	0.011844807841406957	0.02444246606206607	0.037967893707786235	0.009359592500362765	0.10054150289294524	0.018334425491900758	0.07254847500936629	5.92811103434121E-4	0.017149745706190073	0.019980816048235733	0.021849491470592994	0.037576106098738626	0.006542308181220688	0.047815374928683346	0.01668068279773835	0.012639524662463097	0.015206044308837097	0.019366538113070875	0.05732062788201017	0.04103394071958409	0.036589311910029884	0.017930649803379217	0.034869620565053494	0.02835748779685618	0.007753977912058674	0.027491072147387094	0.003691573895114972	0.014860574266908441	0.015255579320201815	0.020458127731269427	0.012507547157474375	0.04159501601141567	0.04055044638526971	0.039161242882168365	0.036445103572204984	0.005701249092435176	3.10355760665109E-4	0.006589140870699012	0.02159194946938016	0.027025297985387026	0.00959126421709443	0.36704268599542395	0.31318549370945287	0.7359208855703842	0.9373784399987523	0.4644307975480951	0.7560146528449655	0.548832371555358	0.02159194946938016	0.02159194946938016	0.02159194946938016	0	0.02159194946938016	0.02159194946938016	0	0.02159194946938016	0.02159194946938016	0	0.02159194946938016	0.02159194946938016	-379.5702066920396	-104.21188884689883
187	-483.68184352688303	-793.4316144941204	-483.68184352688303	-309.74977096723734	11.479662728053235	0.027988243424138956	0.011844807841406957	0.02444246606206607	0.037967893707786235	0.009359592500362765	0.09779186646995881	0.018334425491900758	0.08566618363046458	5.92811103434121E-4	0.03479148982041222	0.022730452471222157	0.021849491470592994	0.04840879362191275	0.006542308181220688	0.044766306625204394	0.01668068279773835	0.012639524662463097	0.015206044308837097	0.019366538113070875	0.05732062788201017	0.04103394071958409	0.036589311910029884	0.017930649803379217	0.034869620565053494	0.02087642800178588	0.007753977912058674	0.027491072147387094	0.003691573895114972	0.014860574266908441	0.015255579320201815	0.020458127731269427	0.012507547157474375	0.04159501601141567	0.037198818657165886	0.04221031118564732	0.005685650836884548	0.005701249092435176	1.3997715382815313E-4	0.009568554135014251	0.01786161208463653	0.022370920029079488	0.012994354722045133	0.6387152252563482	0.2765084591345655	1.0141803527550022	0.7699994915489353	0.3808806699762973	0.7795956136145394	0.5263539990032575	0.01786161208463653	0.01786161208463653	0.01786161208463653	0	0.01786161208463653	0.01786161208463653	0	0.01786161208463653	0.01786161208463653	0	0.01786161208463653	0.01786161208463653	-374.07925527501834	-109.60258825186469
188	-483.63790058329903	-792.6411867414099	-483.63790058329903	-309.0032861581108	9.981719086478563	0.015732529011047144	0.011844807841406957	0.03819528224218166	0.033379044275087796	0.009359592500362765	0.09779186646995881	0.018334425491900758	0.08566618363046458	5.92811103434121E-4	0.03479148982041222	0.022730452471222157	0.021849491470592994	0.04840879362191275	0.006542308181220688	0.058459414542938654	0.01668068279773835	0.012639524662463097	0.015206044308837097	0.019366538113070875	0.05732062788201017	0.04551930352770937	0.036589311910029884	0.017930649803379217	0.034869620565053494	0.016391065193660598	0.007753977912058674	0.027491072147387094	0.003691573895114972	0.014860574266908441	0.015255579320201815	0.03271384214436124	0.017096396590172813	0.027842199831300082	0.037198818657165886	0.028517203267913058	0.005685650836884548	0.005701249092435176	2.0624984483380483E-5	0.007191403839107437	0.021556969661704267	0.024809119373354463	0.009933253913684301	0.5174831037972122	0.30659997306752634	1.0441684309163348	0.9768573487151591	0.44972398111563316	0.7465597251615635	0.4851040097508491	0.021556969661704267	0.021556969661704267	0.021556969661704267	0	0.021556969661704267	0.021556969661704267	0	0.021556969661704267	0.021556969661704267	0	0.021556969661704267	0.021556969661704267	-381.87343468152164	-101.76446590177738
189	-481.24563298833283	-810.6291240520683	-481.24563298833283	-329.38349106373545	9.438508512014668	0.015732529011047144	0.015054442399273449	0.03819528224218166	0.033379044275087796	0.009359592500362765	0.11631503456141552	0.015124790934034266	0.08566618363046458	5.92811103434121E-4	0.03621696952941797	0.022730452471222157	0.021849491470592994	0.04840879362191275	0.006542308181220688	0.011429229772078137	0.02672285809303096	0.012639524662463097	0.015206044308837097	0.019366538113070875	0.05732062788201017	0.04551930352770937	0.057772790157883266	0.007888474508086607	0.034869620565053494	0.016391065193660598	0.008835069786822358	0.027491072147387094	0.003691573895114972	0.014860574266908441	0.015255579320201815	0.010836634229399622	0.015670916881167063	0.027842199831300082	0.06531847312891424	0.028517203267913058	0.005685650836884548	0.005701249092435176	4.376274524602339E-4	0.007059490081439349	0.018200043311026995	0.03374590765699581	0.012021819297343214	0.4030812699281122	0.3160214945146904	0.8115856759979833	0.5486713087960949	0.351291923260164	1.0151219409161392	0.35484937489600316	0.018200043311026995	0.018200043311026995	0.018200043311026995	0	0.018200043311026995	0.018200043311026995	0	0.018200043311026995	0.018200043311026995	0	0.018200043311026995	0.018200043311026995	-378.94329173787474	-102.30234125045807
190	-480.90419421794064	-810.0986188648011	-480.90419421794064	-329.19442464686045	9.875831990025503	0.031440977834191294	0.015054442399273449	0.03819528224218166	0.033379044275087796	0.009359592500362765	0.07181057646583562	0.015124790934034266	0.08566618363046458	5.92811103434121E-4	0.03621696952941797	0.06723491056680206	0.027425129966066927	0.04840879362191275	0.006542308181220688	0.011429229772078137	0.02672285809303096	0.012639524662463097	0.015206044308837097	0.019366538113070875	0.05732062788201017	0.029810854704565223	0.057772790157883266	0.007888474508086607	0.034869620565053494	0.016391065193660598	0.008835069786822358	0.027491072147387094	0.003691573895114972	0.014860574266908441	0.015255579320201815	0.0052609957339256885	0.015670916881167063	0.027842199831300082	0.06531847312891424	0.028517203267913058	0.005685650836884548	0.005701249092435176	1.2093538811253676E-4	0.007432987049228614	0.027499620265266457	0.03568129590542802	0.009982560966673909	0.5780102399129764	0.23162747806178913	1.064347017913319	0.7260619625734962	0.4121076234418802	1.0951918548913682	0.5116693023009524	0.027499620265266457	0.027499620265266457	0.027499620265266457	0	0.027499620265266457	0.027499620265266457	0	0.027499620265266457	0.027499620265266457	0	0.027499620265266457	0.027499620265266457	-381.1465640700597	-99.75763014788093
191	-480.5746869913943	-797.4588007019383	-480.5746869913943	-316.88411371054406	10.471794043511448	0.031440977834191294	0.015054442399273449	0.03819528224218166	0.033379044275087796	0.009359592500362765	0.07181057646583562	0.015348218438689137	0.08566618363046458	5.92811103434121E-4	0.03621696952941797	0.06723491056680206	0.027425129966066927	0.04840879362191275	0.006542308181220688	0.011429229772078137	0.02672285809303096	0.012639524662463097	0.011798568909633822	0.019366538113070875	0.05732062788201017	0.029810854704565223	0.057772790157883266	0.007888474508086607	0.034869620565053494	0.016391065193660598	0.008835069786822358	0.027491072147387094	0.0034681463904601	0.014860574266908441	0.015255579320201815	0.0052609957339256885	0.015670916881167063	0.027842199831300082	0.06531847312891424	0.028517203267913058	0.009093126236087823	0.005701249092435176	4.4985953779203534E-4	0.008412437744180148	0.03807570022507941	0.029549131830558975	0.00822752808502976	0.5251438420702121	0.26011309255877646	1.2916978408578452	0.6074890805331983	0.2865527129243484	1.0663859412888452	0.5348870178255284	0.03807570022507941	0.03807570022507941	0.03807570022507941	0	0.03807570022507941	0.03807570022507941	0	0.03807570022507941	0.03807570022507941	0	0.03807570022507941	0.03807570022507941	-380.33069407752566	-100.24399291386865
192	-480.31978763327174	-793.8667903116981	-480.31978763327174	-313.54700267842634	10.454260035453663	0.031440977834191294	0.015054442399273449	0.03819528224218166	0.033379044275087796	0.009359592500362765	0.07181057646583562	0.015348218438689137	0.09768953820316634	5.92811103434121E-4	0.03621696952941797	0.06723491056680206	0.02762533860155479	0.04840879362191275	0.006542308181220688	0.011429229772078137	0.02672285809303096	0.012639524662463097	0.011798568909633822	0.019366538113070875	0.05732062788201017	0.017787500131863462	0.057772790157883266	0.007888474508086607	0.034869620565053494	0.016391065193660598	0.008835069786822358	0.027491072147387094	0.0034681463904601	0.014860574266908441	0.015255579320201815	0.0052609957339256885	0.015670916881167063	0.027842199831300082	0.06531847312891424	0.028517203267913058	0.008892917600599959	0.005701249092435176	3.598220647709453E-4	0.0064731988022921575	0.028047662823048863	0.02289150894987003	0.011285613891759227	0.36210132216164365	0.15737096869993478	1.598431717361386	0.6470283147170761	0.4259877831014228	1.3620206571966136	0.4800387722593961	0.028047662823048863	0.028047662823048863	0.028047662823048863	0	0.028047662823048863	0.028047662823048863	0	0.028047662823048863	0.028047662823048863	0	0.028047662823048863	0.028047662823048863	-382.4272129591434	-97.89257467412838
193	-479.70830356531246	-797.2110921262647	-479.70830356531246	-317.50278856095224	11.270981926794002	0.031440977834191294	0.015054442399273449	0.03819528224218166	0.033379044275087796	0.009359592500362765	0.07181057646583562	0.015348218438689137	0.08135774459672712	5.92811103434121E-4	0.03621696952941797	0.06723491056680206	0.02762533860155479	0.04840879362191275	0.022874101787659903	0.011429229772078137	0.02672285809303096	0.012639524662463097	0.011798568909633822	0.019366538113070875	0.05732062788201017	0.017787500131863462	0.057772790157883266	0.007888474508086607	0.034869620565053494	0.016391065193660598	0.008835069786822358	0.02457918019499304	0.0034681463904601	0.014860574266908441	0.015255579320201815	0.0052609957339256885	0.015670916881167063	0.027842199831300082	0.06531847312891424	0.028517203267913058	0.011804809552994011	0.005701249092435176	1.5775125044943777E-4	0.008677374568286272	0.030307920022640256	0.017082247293977226	0.004444575855927505	0.4789843488940806	0.23994188760791857	2.080736053267482	0.7988121852525615	0.38240778406320103	1.6339585047284746	0.49267269563682603	0.030307920022640256	0.030307920022640256	0.030307920022640256	0	0.030307920022640256	0.030307920022640256	0	0.030307920022640256	0.030307920022640256	0	0.030307920022640256	0.030307920022640256	-384.9966730709813	-94.71163049433116
194	-479.1240472137568	-799.3513614349847	-479.1240472137568	-320.22731422122797	9.366147734397144	0.031440977834191294	0.015054442399273449	0.03819528224218166	0.033379044275087796	0.01653928361552358	0.07181057646583562	0.015348218438689137	0.07417805348156631	5.92811103434121E-4	0.03621696952941797	0.06723491056680206	0.02762533860155479	0.04840879362191275	0.022874101787659903	0.011429229772078137	0.02672285809303096	0.012639524662463097	0.011798568909633822	0.019366538113070875	0.03835333339887512	0.017787500131863462	0.057772790157883266	0.007888474508086607	0.034869620565053494	0.016391065193660598	0.008835069786822358	0.02457918019499304	0.0034681463904601	0.014860574266908441	0.015255579320201815	0.0052609957339256885	0.015670916881167063	0.0074910808423129666	0.06531847312891424	0.028517203267913058	0.030772104036129067	0.026052368081422292	2.390866987439141E-4	0.00996964018581527	0.03438423782294332	0.018456327403518723	0.005606790058024122	0.8563094536214566	0.28415452276192743	1.5395746830563206	0.8969197117329145	0.46821649775459045	1.7407735607328336	1.1477228876129395	0.03438423782294332	0.03438423782294332	0.03438423782294332	0	0.03438423782294332	0.03438423782294332	0	0.03438423782294332	0.03438423782294332	0	0.03438423782294332	0.03438423782294332	-377.4552683579873	-101.66877885576952
195	-476.65114025501964	-801.4383563825302	-476.65114025501964	-324.7872161275105	10.518971489230283	0.031440977834191294	0.015054442399273449	0.03819528224218166	0.033379044275087796	0.01653928361552358	0.13276189056905247	0.015348218438689137	0.01322673937834945	5.92811103434121E-4	0.03621696952941797	0.011707834504603859	0.02762533860155479	0.04840879362191275	0.022874101787659903	0.011429229772078137	0.02672285809303096	0.012639524662463097	0.011798568909633822	0.019366538113070875	0.02656920665477211	0.0186050695069203	0.057772790157883266	0.007888474508086607	0.034869620565053494	0.016391065193660598	0.06354457647396372	0.02457918019499304	0.015252273134563107	0.014860574266908441	0.015255579320201815	0.0052609957339256885	0.015670916881167063	0.0074910808423129666	0.06531847312891424	0.028517203267913058	0.030772104036129067	0.026052368081422292	3.2161959021150487E-4	0.008834594192261935	0.0352218920652175	0.01619087302319238	0.005763473049768144	0.6607909147761443	0.3003762868609433	1.7437973366547068	1.3251581162519084	0.4034397831784346	1.4982474713406382	0.6367876978804055	0.0352218920652175	0.0352218920652175	0.0352218920652175	0	0.0352218920652175	0.0352218920652175	0	0.0352218920652175	0.0352218920652175	0	0.0352218920652175	0.0352218920652175	-375.36034998364613	-101.29079027137351
196	-476.59110117918215	-810.0885536556686	-476.59110117918215	-333.49745247648644	9.311735068907879	0.031440977834191294	0.015054442399273449	0.03819528224218166	0.033379044275087796	0.01653928361552358	0.05769046267213623	0.015348218438689137	0.01322673937834945	5.92811103434121E-4	0.03621696952941797	0.011707834504603859	0.02762533860155479	0.08237131852080393	0.022874101787659903	0.011429229772078137	0.02672285809303096	0.012639524662463097	0.011798568909633822	0.019366538113070875	0.02656920665477211	0.014018897930059157	0.057772790157883266	0.007888474508086607	0.04924979153228082	0.027117204636753683	0.029582051575072543	0.013853040751899956	0.015252273134563107	0.014860574266908441	0.015255579320201815	0.08491859520770306	0.015670916881167063	0.0074910808423129666	0.06531847312891424	0.028517203267913058	0.016391933068901743	0.026052368081422292	1.3541942505507877E-4	0.005106922849341829	0.035698512434831235	0.014165565910308838	0.004520374985313707	0.5907465008767169	0.16754259870790916	1.5284827266106393	1.6230459797804966	0.36360690263546624	1.3786929244882524	0.7669686296209606	0.035698512434831235	0.035698512434831235	0.035698512434831235	0	0.035698512434831235	0.035698512434831235	0	0.035698512434831235	0.035698512434831235	0	0.035698512434831235	0.035698512434831235	-379.07756814926677	-97.51353302991537
197	-476.43440192246123	-800.6602846834271	-476.43440192246123	-324.2258827609659	9.86384832839087	0.04325105144561213	0.015054442399273449	0.03819528224218166	0.033379044275087796	0.005098045696740869	0.06786779904592127	0.0033047957742149137	0.01322673937834945	0.002458897394123305	0.03621696952941797	0.011707834504603859	0.02762533860155479	0.08237131852080393	0.022874101787659903	0.011429229772078137	0.02672285809303096	0.012639524662463097	0.011798568909633822	0.019366538113070875	0.02656920665477211	0.014018897930059157	0.057772790157883266	0.007888474508086607	0.04924979153228082	0.03855844255553639	0.015487586783361151	0.013853040751899956	0.015252273134563107	0.014860574266908441	0.015255579320201815	0.07310852159628223	0.015670916881167063	0.02158554563402436	0.06531847312891424	0.0039630959817757855	0.016391933068901743	0.050606475367559564	1.3206092784700006E-4	0.006797029950887119	0.0452258524041806	0.015311187786599088	0.0066356365240499	0.615447889172093	0.22496940204860652	2.106260001195878	1.2960043658711966	0.39551864423808347	1.5282262843612786	0.7321340608512182	0.0452258524041806	0.0452258524041806	0.0452258524041806	0	0.0452258524041806	0.0452258524041806	0	0.0452258524041806	0.0452258524041806	0	0.0452258524041806	0.0452258524041806	-377.77496929078916	-98.65943263167206
198	-476.05212107158997	-812.6553278196961	-476.05212107158997	-336.6032067481062	11.028556862905768	0.04325105144561213	0.021171857580009945	0.03819528224218166	0.03321673785631511	0.005098045696740869	0.06786779904592127	0.0033047957742149137	0.01322673937834945	0.002458897394123305	0.03621696952941797	0.011707834504603859	0.02762533860155479	0.08237131852080393	0.022874101787659903	0.054998002229359993	0.02672285809303096	0.012639524662463097	0.011798568909633822	0.019366538113070875	0.02656920665477211	0.014018897930059157	0.057772790157883266	0.007888474508086607	0.04178199550968864	0.03855844255553639	0.015487586783361151	0.013853040751899956	0.015252273134563107	0.014860574266908441	0.015417885738974499	0.03089012998085605	0.015670916881167063	0.02158554563402436	0.06531847312891424	0.046724251308671624	0.016391933068901743	0.007845320040663725	1.6780874055625497E-4	0.008145336769961462	0.030396724534680605	0.014847152838122822	0.010502303268259053	0.948997767234064	0.25745388291978616	1.3897376675428363	0.9622109337214181	0.2576318805423636	1.4107626205919561	0.5818416620821109	0.030396724534680605	0.030396724534680605	0.030396724534680605	0	0.030396724534680605	0.030396724534680605	0	0.030396724534680605	0.030396724534680605	0	0.030396724534680605	0.030396724534680605	-378.2821397489806	-97.76998132260935
199	-475.89590631752355	-802.838524623587	-475.89590631752355	-326.9426183060634	8.48323910577168	0.04325105144561213	0.021171857580009945	0.03819528224218166	0.03321673785631511	0.005098045696740869	0.08701655161700844	0.0033047957742149137	0.01322673937834945	0.002458897394123305	0.03621696952941797	0.011707834504603859	0.008476586030467623	0.08237131852080393	0.022874101787659903	0.054998002229359993	0.02672285809303096	0.012639524662463097	0.011798568909633822	0.019366538113070875	0.02656920665477211	0.014018897930059157	0.01579383383506537	0.007888474508086607	0.04178199550968864	0.03855844255553639	0.015487586783361151	0.027938612000672144	0.015252273134563107	0.014860574266908441	0.057396842061792394	0.03089012998085605	0.015670916881167063	0.02158554563402436	0.06531847312891424	0.01613997661301224	0.016391933068901743	0.024344023487550923	7.554032686951918E-5	0.006021026058022584	0.023268424163844257	0.01295587650447449	0.011575925090728325	0.5887261567640625	0.21137625937577284	1.347965753578723	0.8558698119331168	0.24919186021397793	2.756023416141085	1.0331645709267478	0.023268424163844257	0.023268424163844257	0.023268424163844257	0	0.023268424163844257	0.023268424163844257	0	0.023268424163844257	0.023268424163844257	0	0.023268424163844257	0.023268424163844257	-378.2054416879191	-97.69046462960446
200	-475.7754846877104	-798.6863534971865	-475.7754846877104	-322.91086880947614	9.268957368578112	0.04325105144561213	0.021171857580009945	0.03819528224218166	0.03321673785631511	0.005098045696740869	0.08701655161700844	0.0033047957742149137	0.01322673937834945	0.002458897394123305	0.03621696952941797	0.011707834504603859	0.008476586030467623	0.08237131852080393	0.022874101787659903	0.022725087618828715	0.02672285809303096	0.008752585708151406	0.011798568909633822	0.019366538113070875	0.02656920665477211	0.014018897930059157	0.04567307723322277	0.007888474508086607	0.04178199550968864	0.03855844255553639	0.015487586783361151	0.027938612000672144	0.015252273134563107	0.021141184433594015	0.057396842061792394	0.03089012998085605	0.015670916881167063	0.02158554563402436	0.06531847312891424	0.01613997661301224	0.016391933068901743	0.024344023487550923	2.286176677327201E-5	0.008527853128158297	0.03361781534196285	0.007786530944007853	0.011578761101365	0.4273833955718725	0.17635382586130638	0.865718652313775	0.7186470264237292	0.3322640815682604	2.4010453105073233	0.7336566332729647	0.03361781534196285	0.03361781534196285	0.03361781534196285	0	0.03361781534196285	0.03361781534196285	0	0.03361781534196285	0.03361781534196285	0	0.03361781534196285	0.03361781534196285	-373.4846250816822	-102.29085960602815
201	-475.471642147367	-797.3746164467088	-475.471642147367	-321.9029742993418	10.089161764033332	0.04325105144561213	0.021171857580009945	0.033553216173336564	0.03321673785631511	0.003710957480296137	0.09436327070912426	0.01397203114237508	0.01322673937834945	0.024935668287305313	0.025549734161257803	0.0074768806453428815	0.008476586030467623	0.043920390859604086	0.05737803549038632	0.022725087618828715	0.02672285809303096	0.04720351336935125	0.011798568909633822	0.019366538113070875	0.02656920665477211	0.008059267054388072	0.011169143530496348	0.007888474508086607	0.019305224616506633	0.03855844255553639	0.01971854064262213	0.027938612000672144	0.019894339203408204	0.021141184433594015	0.057396842061792394	0.03089012998085605	0.015670916881167063	0.02158554563402436	0.06531847312891424	0.01613997661301224	0.016391933068901743	0.024344023487550923	6.72236738152223E-5	0.007596659450089834	0.029927576622765933	0.009955948771380549	0.012016258320481194	0.3569171444320347	0.16819653478625643	1.044637261691523	1.1356253769228766	0.3430736745395033	2.8095772021074	1.2338037094135021	0.029927576622765933	0.029927576622765933	0.029927576622765933	0	0.029927576622765933	0.029927576622765933	0	0.029927576622765933	0.029927576622765933	0	0.029927576622765933	0.029927576622765933	-371.7642193995695	-103.70742274779748
202	-474.3408006696674	-793.498100893345	-474.3408006696674	-319.1573002236777	7.936918972847827	0.04325105144561213	0.021171857580009945	0.033553216173336564	0.03321673785631511	0.02011309387767289	0.06915390693565521	0.01397203114237508	0.01322673937834945	0.024935668287305313	0.025549734161257803	0.0074768806453428815	0.008476586030467623	0.027518254462227332	0.05737803549038632	0.022725087618828715	0.02672285809303096	0.04720351336935125	0.011798568909633822	0.019366538113070875	0.02656920665477211	0.008059267054388072	0.011169143530496348	0.007888474508086607	0.019305224616506633	0.03855844255553639	0.01971854064262213	0.027938612000672144	0.019894339203408204	0.01173872776266914	0.06679929873271727	0.03089012998085605	0.015670916881167063	0.02158554563402436	0.06531847312891424	0.04134934038648129	0.016391933068901743	0.024344023487550923	3.390704884177317E-5	0.008788617239069206	0.040361680815412436	0.010077573513564957	0.012556949013756336	0.32516452680277497	0.16564520871056806	1.1392838034270578	1.2140280524238638	0.3051278569536388	3.085955013336639	0.5890337848742626	0.040361680815412436	0.040361680815412436	0.040361680815412436	0	0.040361680815412436	0.040361680815412436	0	0.040361680815412436	0.040361680815412436	0	0.040361680815412436	0.040361680815412436	-369.8295214442859	-104.51127922538146
203	-474.20413862521	-787.0141216502108	-474.20413862521	-312.80998302500075	8.000702216082198	0.04325105144561213	0.021171857580009945	0.033553216173336564	0.0679066256952661	0.02011309387767289	0.03446401909670421	0.01397203114237508	0.01322673937834945	0.013224207689508383	0.025549734161257803	0.0074768806453428815	0.008476586030467623	0.027518254462227332	0.05737803549038632	0.022645750833967665	0.02672285809303096	0.04720351336935125	0.011798568909633822	0.019366538113070875	0.03971027231647481	0.008059267054388072	0.011169143530496348	0.007888474508086607	0.019305224616506633	0.03863777934039744	0.006577474980919429	0.027938612000672144	0.04285009059266408	0.01173872776266914	0.0785107593305142	0.007934378591600177	0.015670916881167063	0.02158554563402436	0.021950361408643912	0.04134934038648129	0.016391933068901743	0.06771213520782125	9.392706363635497E-5	0.009087970432226816	0.032957174425884465	0.01740964375842361	0.012278782786682377	0.38244988503854177	0.13716943469337284	1.031213336858321	1.8256858603966155	0.23097251739922817	2.069018998883435	0.6524727159028283	0.032957174425884465	0.032957174425884465	0.032957174425884465	0	0.032957174425884465	0.032957174425884465	0	0.032957174425884465	0.032957174425884465	0	0.032957174425884465	0.032957174425884465	-367.514319398567	-106.68981922664298
204	-473.3156797611505	-789.1241240759216	-473.3156797611505	-315.8084443147712	11.037129482557644	0.04325105144561213	0.021171857580009945	0.02791759193096016	0.05951520355501143	0.02011309387767289	0.03446401909670421	0.01397203114237508	0.01322673937834945	0.013224207689508383	0.025549734161257803	0.0074768806453428815	0.008476586030467623	0.027518254462227332	0.05737803549038632	0.022645750833967665	0.044710299293204886	0.04720351336935125	0.03429324024636882	0.019366538113070875	0.03971027231647481	0.008059267054388072	0.011169143530496348	0.007888474508086607	0.013274792964492743	0.020650338140223518	0.006577474980919429	0.027938612000672144	0.017430663989958725	0.01173872776266914	0.0785107593305142	0.007934378591600177	0.015670916881167063	0.02158554563402436	0.03890216305724535	0.04134934038648129	0.016391933068901743	0.07374256685983514	5.5136296567013984E-5	0.006752376293074864	0.019909568213681027	0.014530359024389112	0.01056160374922459	0.4777216924866556	0.13330692191136373	1.0129112004766663	2.519566279861021	0.24632499592875232	1.9894239252207446	1.3594705939196234	0.019909568213681027	0.019909568213681027	0.019909568213681027	0	0.019909568213681027	0.019909568213681027	0	0.019909568213681027	0.019909568213681027	0	0.019909568213681027	0.019909568213681027	-372.2493483882437	-101.0663313729068
205	-472.88050875030723	-801.0658771652809	-472.88050875030723	-328.18536841497365	11.609167306261016	0.04325105144561213	0.021171857580009945	0.012064069481240336	0.05951520355501143	0.022250293773591542	0.03446401909670421	0.01397203114237508	0.01322673937834945	0.013224207689508383	0.025549734161257803	0.023330403095062707	0.008476586030467623	0.027518254462227332	0.05737803549038632	0.022645750833967665	0.044710299293204886	0.04720351336935125	0.03429324024636882	0.019366538113070875	0.03971027231647481	0.005922067158469421	0.011169143530496348	0.007888474508086607	0.013274792964492743	0.020650338140223518	0.006577474980919429	0.027938612000672144	0.017430663989958725	0.01173872776266914	0.0785107593305142	0.007934378591600177	0.015670916881167063	0.02158554563402436	0.03890216305724535	0.04134934038648129	0.016391933068901743	0.07374256685983514	2.0908793088141177E-4	0.009885971323582677	0.021403416453644224	0.015848891162120845	0.00762663173793083	0.4086719850171279	0.13774608301858812	1.3184261131797463	1.9642689719950408	0.24437894991544004	1.5765440795083545	0.8198153348388406	0.021403416453644224	0.021403416453644224	0.021403416453644224	0	0.021403416453644224	0.021403416453644224	0	0.021403416453644224	0.021403416453644224	0	0.021403416453644224	0.021403416453644224	-370.61878421560067	-102.26172453470654
206	-471.84300950639704	-794.711909368542	-471.84300950639704	-322.868899862145	13.164884165329994	0.04325105144561213	0.0061260156647402475	0.012064069481240336	0.05951520355501143	0.022250293773591542	0.04950986101197391	0.001788502102346573	0.00767134980953571	0.014036868086141463	0.025549734161257803	0.023330403095062707	0.007663925633834542	0.027518254462227332	0.05737803549038632	0.022645750833967665	0.044710299293204886	0.04720351336935125	0.03429324024636882	0.019366538113070875	0.04526566188528855	0.005922067158469421	0.011169143530496348	0.007888474508086607	0.02545832200452125	0.020650338140223518	0.006577474980919429	0.027938612000672144	0.017430663989958725	0.01173872776266914	0.0785107593305142	0.007934378591600177	0.015670916881167063	0.04350016268903277	0.01698754600223694	0.04134934038648129	0.016391933068901743	0.07374256685983514	1.5421158745137465E-4	0.007392597211855475	0.018437210787295683	0.01709369712433695	0.00901593677317269	0.382796859788283	0.0857878151907445	1.47181923610826	1.7521887864394794	0.22263396061254198	1.5575524078341805	0.7365063574154834	0.018437210787295683	0.018437210787295683	0.018437210787295683	0	0.018437210787295683	0.018437210787295683	0	0.018437210787295683	0.018437210787295683	0	0.018437210787295683	0.018437210787295683	-378.61281100417034	-93.23019850222673
207	-471.56509841328847	-789.1242022081597	-471.56509841328847	-317.55910379487125	10.344839891509016	0.057501398051720595	0.0061260156647402475	0.012064069481240336	0.05951520355501143	0.02483669932157949	0.04535640394411028	0.001788502102346573	0.00767134980953571	0.014036868086141463	0.04127630076187869	0.023330403095062707	0.007663925633834542	0.011260444441425044	0.05737803549038632	0.06850686802896641	0.028227184027417834	0.02930398714110194	0.09113142748910197	0.019366538113070875	0.01633826644558231	0.005922067158469421	0.027426953551298636	0.007888474508086607	0.05403208055591813	0.053797696874786166	0.006577474980919429	0.030111571628300568	0.017430663989958725	0.01173872776266914	0.05038973915008148	0.007934378591600177	0.015670916881167063	0.010352803954470122	0.01698754600223694	0.04134934038648129	0.016391933068901743	0.003317739670399597	2.3412989460041916E-4	0.008156209723883494	0.025871114417653916	0.02329762528159797	0.006311353545630473	0.4986817333184341	0.0882615835762842	1.0124537685435275	1.9061031521323955	0.18731786549327625	1.39663197652274	0.5499377382491806	0.025871114417653916	0.025871114417653916	0.025871114417653916	0	0.025871114417653916	0.025871114417653916	0	0.025871114417653916	0.025871114417653916	0	0.025871114417653916	0.025871114417653916	-373.72048295455886	-97.8446154587296
208	-471.0509253596589	-790.7362061696865	-471.0509253596589	-319.6852808100276	8.638004171076949	0.06426780573784484	0.0061260156647402475	0.012064069481240336	0.029076779427460717	0.02483669932157949	0.04535640394411028	0.001788502102346573	0.00767134980953571	0.014036868086141463	0.04127630076187869	0.023330403095062707	0.007663925633834542	0.004494036755300801	0.030789387801989462	0.06850686802896641	0.0021939292041802394	0.02930398714110194	0.09113142748910197	0.019366538113070875	0.01633826644558231	0.03636049128602013	0.027426953551298636	0.052857850302446385	0.05403208055591813	0.053797696874786166	0.006577474980919429	0.037764098345575245	0.017430663989958725	0.01173872776266914	0.05038973915008148	0.007934378591600177	0.015670916881167063	0.010352803954470122	0.01698754600223694	0.04134934038648129	0.016391933068901743	0.003317739670399597	6.950846404376539E-4	0.007787052258482717	0.026253037744259255	0.028824887245848602	0.005061667360318946	0.39137434269717575	0.06117362504548874	0.8543105594273311	1.6174798161400572	0.1222556999171952	1.252999845491015	0.530810589105546	0.026253037744259255	0.026253037744259255	0.026253037744259255	0	0.026253037744259255	0.026253037744259255	0	0.026253037744259255	0.026253037744259255	0	0.026253037744259255	0.026253037744259255	-376.23603218334335	-94.81489317631554
209	-470.9726577682046	-790.5016371837432	-470.9726577682046	-319.52897941553863	11.095392295392179	0.06426780573784484	0.0061260156647402475	0.012064069481240336	0.02088756031706089	0.01629789098004507	0.04535640394411028	0.001788502102346573	0.04862918176108261	0.0343166790839986	0.04127630076187869	0.023330403095062707	0.007663925633834542	0.004494036755300801	0.030789387801989462	0.06850686802896641	0.0021939292041802394	0.02930398714110194	0.10652455842233	0.019366538113070875	0.024527485555982137	0.018061381797760054	0.027426953551298636	0.021152351839519357	0.05403208055591813	0.01283986492323927	0.006577474980919429	0.056063207833835324	0.017430663989958725	0.02805109529236814	0.03010992815222434	0.007934378591600177	0.015670916881167063	0.010352803954470122	0.02552635434377136	0.04134934038648129	0.016391933068901743	0.003317739670399597	9.752242697908657E-5	0.006714705375381415	0.02275092465037216	0.020410002609581496	0.005619341228085382	0.3563192202484348	0.07898498913860949	1.1351208697854145	1.2474573644887663	0.15343742193130044	1.1268819477489207	0.5996158703941953	0.02275092465037216	0.02275092465037216	0.02275092465037216	0	0.02275092465037216	0.02275092465037216	0	0.02275092465037216	0.02275092465037216	0	0.02275092465037216	0.02275092465037216	-376.02732369406266	-94.94533407414198
210	-468.1272338413224	-792.2594801543005	-468.1272338413224	-324.1322463129781	8.704216932177758	0.024162368522159236	0.0061260156647402475	0.012064069481240336	0.02088756031706089	0.01629789098004507	0.04535640394411028	0.001788502102346573	0.03362014974473643	0.0343166790839986	0.03350034403321353	0.023330403095062707	0.007663925633834542	0.004494036755300801	0.030789387801989462	0.06850686802896641	0.0021939292041802394	0.037079943869767096	0.10652455842233	0.019366538113070875	0.024527485555982137	0.018061381797760054	0.027426953551298636	0.04993674287630434	0.008117656103104331	0.01283986492323927	0.006577474980919429	0.056063207833835324	0.017430663989958725	0.02805109529236814	0.03010992815222434	0.02506441200762899	0.015670916881167063	0.010352803954470122	0.02552635434377136	0.08145477760216689	0.016391933068901743	0.018326771686745777	1.3091062001849881E-4	0.008991624546101074	0.02512260708566707	0.017157079188079415	0.004420375238135579	0.8627437633315879	0.10389462128080314	1.507839886045397	1.3425841174725264	0.10840648904256737	1.6880364806819974	0.36288815405932706	0.02512260708566707	0.02512260708566707	0.02512260708566707	0	0.02512260708566707	0.02512260708566707	0	0.02512260708566707	0.02512260708566707	0	0.02512260708566707	0.02512260708566707	-379.5032237800102	-88.62401006131216
211	-467.512810925466	-796.8832121046125	-467.512810925466	-329.3704011791465	14.251666140826858	0.024162368522159236	0.0061260156647402475	0.012064069481240336	0.02088756031706089	0.01629789098004507	0.04535640394411028	0.014076337039030745	0.03362014974473643	0.0343166790839986	0.03350034403321353	0.023330403095062707	0.007663925633834542	0.007406875722034467	0.030789387801989462	0.06850686802896641	0.0021939292041802394	0.037079943869767096	0.10652455842233	0.019366538113070875	0.024527485555982137	0.018061381797760054	0.027426953551298636	0.04993674287630434	0.008117656103104331	0.01283986492323927	0.006577474980919429	0.056063207833835324	0.017430663989958725	0.032217743071826885	0.03010992815222434	0.012776577070944817	0.05503050573235557	0.010352803954470122	0.02552635434377136	0.03501570200478597	0.016391933068901743	0.018326771686745777	1.0032580181066163E-4	0.010240698648228422	0.015954945278050813	0.020278891070543474	0.0037415986004520384	0.5568764294166026	0.09442424827529576	2.0068743524516086	1.0024450873587265	0.08552367495762182	0.9878138697433995	0.5712109311849759	0.015954945278050813	0.015954945278050813	0.015954945278050813	0	0.015954945278050813	0.015954945278050813	0	0.015954945278050813	0.015954945278050813	0	0.015954945278050813	0.015954945278050813	-374.9489087210575	-92.5639022044085
212	-466.1804935554486	-787.3982372565599	-466.1804935554486	-321.21774370111126	11.171247024253137	0.024162368522159236	0.0061260156647402475	0.012064069481240336	0.02088756031706089	0.023341971254032576	0.04535640394411028	0.014076337039030745	0.03362014974473643	0.0343166790839986	0.03350034403321353	0.023330403095062707	0.007663925633834542	0.007406875722034467	0.030789387801989462	0.06850686802896641	0.0021939292041802394	0.04368500253776397	0.10652455842233	0.019366538113070875	0.024527485555982137	0.018061381797760054	0.027426953551298636	0.04993674287630434	0.008117656103104331	0.01283986492323927	0.011846099262629695	0.056063207833835324	0.01216203970824846	0.032217743071826885	0.02306584787823683	0.012776577070944817	0.027149185739220427	0.010352803954470122	0.02552635434377136	0.03501570200478597	0.03766819439404001	0.018326771686745777	2.2200324133486563E-4	0.008439412260586594	0.012241261199368808	0.019771630620429637	0.0032507272112926445	0.4556907820779231	0.08530449042580589	2.022447745711322	0.8741445670545088	0.10735064858684974	0.9397463597388002	0.6045858548598377	0.012241261199368808	0.012241261199368808	0.012241261199368808	0	0.012241261199368808	0.012241261199368808	0	0.012241261199368808	0.012241261199368808	0	0.012241261199368808	0.012241261199368808	-368.43274752251887	-97.74774603292977
213	-465.66485556287796	-789.4097920557092	-465.66485556287796	-323.74493649283124	9.707672641570921	0.024162368522159236	0.007766650043821821	0.012064069481240336	0.05979513732199075	0.023341971254032576	0.04535640394411028	0.014076337039030745	0.03362014974473643	0.0343166790839986	0.03185970965413196	0.023330403095062707	0.007663925633834542	0.007406875722034467	0.030789387801989462	0.06850686802896641	0.012434868254642545	0.004777425532834112	0.10652455842233	0.019366538113070875	0.024527485555982137	0.018061381797760054	0.027426953551298636	0.04993674287630434	0.008117656103104331	0.01283986492323927	0.0016051602121673891	0.056063207833835324	0.01216203970824846	0.026397370529420358	0.02306584787823683	0.012776577070944817	0.027149185739220427	0.010352803954470122	0.04991966637049659	0.03501570200478597	0.019095254909721304	0.018326771686745777	2.0299894207678396E-4	0.00826022818032057	0.014152668570262044	0.01699595974443987	0.00513033585684741	0.572044878925816	0.06648378606966347	2.5621760362042423	0.7812213099806551	0.08784502507330337	0.8833961109281376	0.7501024713250054	0.014152668570262044	0.014152668570262044	0.014152668570262044	0	0.014152668570262044	0.014152668570262044	0	0.014152668570262044	0.014152668570262044	0	0.014152668570262044	0.014152668570262044	-367.77310069828616	-97.89175486459177
214	-465.28699313066005	-795.1255795825375	-465.28699313066005	-329.8385864518775	8.729361391697392	0.024162368522159236	0.007766650043821821	0.012064069481240336	0.05979513732199075	0.007332192060152995	0.04535640394411028	0.014076337039030745	0.03362014974473643	0.0343166790839986	0.03185970965413196	0.023330403095062707	0.007663925633834542	0.007406875722034467	0.030789387801989462	0.06850686802896641	0.012434868254642545	0.004777425532834112	0.10652455842233	0.019366538113070875	0.04053726474986172	0.018061381797760054	0.027426953551298636	0.04993674287630434	0.008117656103104331	0.01283986492323927	0.0016051602121673891	0.056063207833835324	0.023816363334488097	0.01474304690318072	0.02306584787823683	0.012776577070944817	0.027149185739220427	0.010352803954470122	0.04991966637049659	0.03501570200478597	0.019095254909721304	0.018326771686745777	6.128743028439467E-5	0.006467267236508404	0.011985185194976905	0.013079418466201354	0.004924422475145074	0.5867519152585569	0.05738702941793585	2.1168159988967643	0.613614557173276	0.12544631565690206	1.040250819304711	1.3361543579861992	0.011985185194976905	0.011985185194976905	0.011985185194976905	0	0.011985185194976905	0.011985185194976905	0	0.011985185194976905	0.011985185194976905	0	0.011985185194976905	0.011985185194976905	-368.43597476801745	-96.8510183626426
215	-463.72371689987796	-777.6664635970936	-463.72371689987796	-313.9427466972157	9.030420857222481	0.024162368522159236	0.007766650043821821	0.012064069481240336	0.05979513732199075	0.007332192060152995	0.04535640394411028	0.014076337039030745	0.03362014974473643	0.0343166790839986	0.03185970965413196	0.023330403095062707	0.007663925633834542	0.007406875722034467	0.030789387801989462	0.040412135926826326	0.012434868254642545	0.004777425532834112	0.10652455842233	0.019366538113070875	0.04053726474986172	0.018061381797760054	0.031256147541584664	0.04993674287630434	0.008117656103104331	0.01283986492323927	0.0016051602121673891	0.052234013843549296	0.023816363334488097	0.01474304690318072	0.02306584787823683	0.020321834303538622	0.027149185739220427	0.010352803954470122	0.04991966637049659	0.027470444772192168	0.04718998701186139	0.018326771686745777	4.9108178318610215E-5	0.006485323097294875	0.013404717522478321	0.010862741119571967	0.002931202592070921	0.6754455905938818	0.08218487130533057	2.1596443820357827	0.5442122275763419	0.09267853788328266	0.7418470947623531	1.205223722781897	0.013404717522478321	0.013404717522478321	0.013404717522478321	0	0.013404717522478321	0.013404717522478321	0	0.013404717522478321	0.013404717522478321	0	0.013404717522478321	0.013404717522478321	-358.9495718418181	-104.77414505805984
216	-462.835127463467	-781.0365223863898	-462.835127463467	-318.20139492292276	9.348812814207333	0.024162368522159236	0.007766650043821821	0.012064069481240336	0.05979513732199075	0.007332192060152995	0.007320525969593816	0.014076337039030745	0.03362014974473643	0.0343166790839986	0.03185970965413196	0.023330403095062707	0.007663925633834542	0.007406875722034467	0.04393727009841063	0.017905668098386646	0.012434868254642545	0.09081966974808553	0.013472857150432782	0.05740241608758734	0.010184391523832964	0.010178881109208157	0.0181082652451635	0.022461487772874045	0.008117656103104331	0.040315120026669565	0.0016051602121673891	0.052234013843549296	0.023816363334488097	0.0372495147316204	0.02306584787823683	0.020321834303538622	0.027149185739220427	0.040705677180498875	0.04991966637049659	0.027470444772192168	0.055072487700413286	0.025336228743391573	4.281777592417497E-4	0.007504394533577398	0.014552033069235446	0.013172054222287231	0.003732151162729536	0.7212592686756991	0.09071331173345597	1.068926499348784	0.7671351662930844	0.07799204753703398	1.1615123071266125	1.0310360971030537	0.014552033069235446	0.014552033069235446	0.014552033069235446	0	0.014552033069235446	0.014552033069235446	0	0.014552033069235446	0.014552033069235446	0	0.014552033069235446	0.014552033069235446	-357.69043619146123	-105.14469127200579
217	-462.75556085969714	-781.1061969842318	-462.75556085969714	-318.3506361245347	9.340058020888232	0.024162368522159236	0.007766650043821821	0.018329733654990965	0.06590546029880777	0.007332192060152995	0.007320525969593816	0.014076337039030745	0.023502619444722372	0.0343166790839986	0.03185970965413196	0.028556362701689014	0.007663925633834542	0.007406875722034467	0.04393727009841063	0.017905668098386646	0.012434868254642545	0.07528431140489844	0.013472857150432782	0.05740241608758734	0.010184391523832964	0.010178881109208157	0.0181082652451635	0.022461487772874045	0.02854458513967917	0.040315120026669565	0.0016051602121673891	0.052234013843549296	0.023816363334488097	0.03098385055786977	0.02306584787823683	0.020321834303538622	0.027149185739220427	0.040705677180498875	0.043809343393679576	0.027470444772192168	0.055072487700413286	0.025336228743391573	1.9524353102108236E-4	0.008151131520442684	0.014929856396007753	0.009068936856069139	0.0030081365271366445	0.6163751034780985	0.15418114969024288	1.4920338013782317	0.4597952754885416	0.08982092825257951	1.2433324694415913	1.3953135852940821	0.014929856396007753	0.014929856396007753	0.014929856396007753	0	0.014929856396007753	0.014929856396007753	0	0.014929856396007753	0.014929856396007753	0	0.014929856396007753	0.014929856396007753	-356.8992286551998	-105.85633220449735
218	-462.32919332638704	-783.8986459652847	-462.32919332638704	-321.56945263889764	9.34479432822673	0.024162368522159236	0.007766650043821821	0.018329733654990965	0.06590546029880777	0.007332192060152995	0.007320525969593816	0.014076337039030745	0.023502619444722372	0.0343166790839986	0.03185970965413196	0.028556362701689014	0.007663925633834542	0.007406875722034467	0.04393727009841063	0.017905668098386646	0.012434868254642545	0.07528431140489844	0.013472857150432782	0.05740241608758734	0.010184391523832964	0.028499685941899985	0.0181082652451635	0.022461487772874045	0.02854458513967917	0.040315120026669565	0.0016051602121673891	0.052234013843549296	0.023816363334488097	0.012663045725177943	0.02306584787823683	0.020321834303538622	0.027149185739220427	0.040705677180498875	0.043809343393679576	0.027470444772192168	0.055072487700413286	0.025336228743391573	1.9917711089638803E-4	0.007583411166929013	0.011570576324861331	0.008205604123023891	0.004937940858152092	0.6362244049243676	0.1578409880709978	1.6792341925309668	0.715161009028895	0.11301202068675317	1.9486674228686676	1.4769794087062602	0.011570576324861331	0.011570576324861331	0.011570576324861331	0	0.011570576324861331	0.011570576324861331	0	0.011570576324861331	0.011570576324861331	0	0.011570576324861331	0.011570576324861331	-364.1009961367562	-98.22819718963085
219	-462.01534922796634	-771.5383042775655	-462.01534922796634	-309.5229550495992	9.748722175940454	0.024162368522159236	0.007766650043821821	0.022286809474451996	0.06590546029880777	0.018823152191597012	0.007320525969593816	0.014076337039030745	0.023502619444722372	0.0343166790839986	0.03185970965413196	0.028556362701689014	0.007663925633834542	0.007406875722034467	0.039980194278949596	0.017905668098386646	0.017960780509526514	0.07528431140489844	0.013472857150432782	0.05740241608758734	0.010184391523832964	0.028499685941899985	0.0181082652451635	0.022461487772874045	0.02854458513967917	0.040315120026669565	0.0016051602121673891	0.052234013843549296	0.011440519809152713	0.012663045725177943	0.02306584787823683	0.020321834303538622	0.027149185739220427	0.05377793084043213	0.03231838326223556	0.008872278857374946	0.055072487700413286	0.03771207226872696	3.350177212720768E-4	0.007984707910622932	0.018226953685332156	0.011210247229308124	0.002842443032334278	0.6091494684800177	0.1355065819398779	1.2294168719171235	0.5114718264649516	0.13280590012045718	2.591579586420106	1.0541116660041059	0.018226953685332156	0.018226953685332156	0.018226953685332156	0	0.018226953685332156	0.018226953685332156	0	0.018226953685332156	0.018226953685332156	0	0.018226953685332156	0.018226953685332156	-362.1045699857982	-99.91077924216812
220	-461.31251472860356	-798.3497826619748	-461.31251472860356	-337.0372679333712	8.33968368861017	0.024162368522159236	0.007766650043821821	0.022286809474451996	0.06671761911001599	0.018823152191597012	0.007320525969593816	0.014076337039030745	0.02689158502160388	0.0343166790839986	0.03185970965413196	0.014368094114786983	0.0310382938632454	0.007406875722034467	0.05416846286585163	0.017905668098386646	0.017960780509526514	0.041808043791466964	0.013472857150432782	0.05740241608758734	0.0010558825711562692	0.028499685941899985	0.0026877976437264944	0.022461487772874045	0.00517021691026831	0.03692615444978806	0.0016051602121673891	0.052234013843549296	0.026860987410589718	0.012663045725177943	0.02306584787823683	0.019509675492330403	0.027149185739220427	0.0872541984538636	0.03231838326223556	0.01800078781005164	0.055072487700413286	0.03771207226872696	1.3005287899272327E-4	0.006530798974062626	0.02373383791474169	0.015116314588513362	0.0041845001244541005	0.5359649451340232	0.11682712963841023	1.4143035808956044	0.6405819517594494	0.13610011196275895	2.888723480583494	1.3106629286671976	0.02373383791474169	0.02373383791474169	0.02373383791474169	0	0.02373383791474169	0.02373383791474169	0	0.02373383791474169	0.02373383791474169	0	0.02373383791474169	0.02373383791474169	-357.9234720923672	-103.38904263623637
221	-461.1941967936188	-794.870440254642	-461.1941967936188	-333.67624346102315	11.351902896726063	0.024162368522159236	0.007766650043821821	0.022286809474451996	0.06671761911001599	0.018823152191597012	0.01996357127052023	0.020684958200023446	0.02689158502160388	0.0343166790839986	0.03185970965413196	0.014368094114786983	0.0310382938632454	0.007406875722034467	0.05416846286585163	0.017905668098386646	0.017960780509526514	0.041808043791466964	0.013472857150432782	0.044759370786660924	0.0010558825711562692	0.028499685941899985	0.0026877976437264944	0.022461487772874045	0.00517021691026831	0.03692615444978806	0.0016051602121673891	0.052234013843549296	0.026860987410589718	0.012663045725177943	0.02306584787823683	0.019509675492330403	0.027149185739220427	0.0872541984538636	0.03231838326223556	0.01800078781005164	0.055072487700413286	0.031103451107734256	1.0847496742884993E-4	0.007937329171134896	0.016958197819941033	0.013153664493032126	0.005074058626275799	0.7203460696017204	0.14129573343006277	1.1748921840320303	0.7936874639935878	0.10275976583657354	2.5458074325883446	1.060792456369276	0.016958197819941033	0.016958197819941033	0.016958197819941033	0	0.016958197819941033	0.016958197819941033	0	0.016958197819941033	0.016958197819941033	0	0.016958197819941033	0.016958197819941033	-364.1984453716278	-96.99575142199096
222	-461.14441615028636	-789.4182144638721	-461.14441615028636	-328.2737983135858	10.566786763843186	0.024162368522159236	0.007317982687412572	0.039977763059050375	0.06671761911001599	0.018823152191597012	0.01996357127052023	0.020684958200023446	0.02689158502160388	0.0343166790839986	0.03185970965413196	0.014368094114786983	0.04218926066437832	0.007127427254793095	0.025377609131845932	0.0067547012972537235	0.02532058866781592	0.041808043791466964	0.013472857150432782	0.08809399142135699	0.0010558825711562692	0.028499685941899985	0.0026877976437264944	0.022461487772874045	0.00517021691026831	0.035927719036515565	0.0016051602121673891	0.052234013843549296	0.026860987410589718	0.012663045725177943	0.02306584787823683	0.023529215950689686	0.027149185739220427	0.04391957781916754	0.03231838326223556	0.01800078781005164	0.055072487700413286	0.032550553877416	3.4042808063308705E-4	0.006843058043599077	0.02519997409916631	0.018995538354536087	0.008135467016742831	0.40763137062748744	0.1553333078590983	1.3169093404674388	0.8074203579123997	0.12185949007337216	2.357294481879332	0.8025369784242927	0.02519997409916631	0.02519997409916631	0.02519997409916631	0	0.02519997409916631	0.02519997409916631	0	0.02519997409916631	0.02519997409916631	0	0.02519997409916631	0.02519997409916631	-357.83299335496406	-103.31142279532231
223	-461.0407973068283	-792.2560163000331	-461.0407973068283	-331.2152189932048	11.314099137123433	0.024162368522159236	0.007317982687412572	0.039977763059050375	0.06671761911001599	0.018823152191597012	0.043659980381811014	0.020684958200023446	0.01698576808969615	0.030680606095183416	0.03185970965413196	0.013753382356038263	0.04218926066437832	0.007127427254793095	0.025377609131845932	0.02531085621445181	0.02532058866781592	0.041808043791466964	0.02337867408234051	0.07483157920266992	0.015430718967726492	0.028499685941899985	0.0026877976437264944	0.022461487772874045	0.00517021691026831	0.01737156411931748	0.0016051602121673891	0.05587008683236448	0.026860987410589718	0.012663045725177943	0.02306584787823683	0.023529215950689686	0.027149185739220427	0.05718199003785461	0.03231838326223556	0.003625951413481418	0.0313760785891225	0.03316526563616472	1.3102933376809867E-4	0.007834845530430354	0.02035821062285691	0.03244687228826053	0.007170732757734075	0.24020482276403368	0.22848180965986073	1.0678835607098873	0.8894181994135233	0.06653028023020241	2.2605182289009607	0.4079638827947775	0.02035821062285691	0.02035821062285691	0.02035821062285691	0	0.02035821062285691	0.02035821062285691	0	0.02035821062285691	0.02035821062285691	0	0.02035821062285691	0.02035821062285691	-364.32588599669424	-96.71491131013407
224	-459.9052355995458	-786.1746167369994	-459.9052355995458	-326.2693811374536	13.769562488330415	0.024162368522159236	0.007317982687412572	0.039977763059050375	0.06671761911001599	0.018823152191597012	0.043659980381811014	0.020684958200023446	0.01698576808969615	0.08585494377155378	0.03185970965413196	0.013753382356038263	0.04218926066437832	0.007127427254793095	0.025377609131845932	0.02531085621445181	0.04091680406644724	0.008277049644751067	0.02337867408234051	0.01965724152629955	0.015430718967726492	0.028499685941899985	0.0026877976437264944	0.022461487772874045	0.00517021691026831	0.01737156411931748	0.0016051602121673891	0.05587008683236448	0.026860987410589718	0.012663045725177943	0.05659684202495273	0.023529215950689686	0.011552970340589108	0.05718199003785461	0.03231838326223556	0.003625951413481418	0.0313760785891225	0.03316526563616472	1.231903488481763E-4	0.005186928297638672	0.013968109622368061	0.02202259889711395	0.00823539076025168	0.2341226913275214	0.28319396475905234	1.4203385090728278	0.8539883498414036	0.07838884907807003	2.6125390202868073	0.8922519898722614	0.013968109622368061	0.013968109622368061	0.013968109622368061	0	0.013968109622368061	0.013968109622368061	0	0.013968109622368061	0.013968109622368061	0	0.013968109622368061	0.013968109622368061	-361.67260727892113	-98.23262832062468
225	-459.75165702615203	-790.3047448093009	-459.75165702615203	-330.5530877831489	13.482316688082264	0.024162368522159236	0.007317982687412572	0.0369154734455413	0.06671761911001599	0.018823152191597012	0.043659980381811014	0.02189839261668522	0.01698576808969615	0.08585494377155378	0.03185970965413196	0.013753382356038263	0.042864579309038184	0.007127427254793095	0.025377609131845932	0.02531085621445181	0.04091680406644724	0.008277049644751067	0.02337867408234051	0.01965724152629955	0.015430718967726492	0.028499685941899985	0.004536652840573793	0.022461487772874045	0.00517021691026831	0.01737156411931748	9.298415675075278E-4	0.05587008683236448	0.026860987410589718	0.012663045725177943	0.05659684202495273	0.023529215950689686	0.011552970340589108	0.05718199003785461	0.03231838326223556	0.026691354329714242	0.008310675672889678	0.03316526563616472	3.1443583288768987E-4	0.008122924791652714	0.010606279592429735	0.03438076527948451	0.009140487818126639	0.2290807107786566	0.27717393610748775	1.6238683794496966	0.9715777112375114	0.09303044876267523	2.788035062708006	0.7503067599994797	0.010606279592429735	0.010606279592429735	0.010606279592429735	0	0.010606279592429735	0.010606279592429735	0	0.010606279592429735	0.010606279592429735	0	0.010606279592429735	0.010606279592429735	-367.356156611285	-92.39550041486706
226	-459.40418049359846	-786.5228100529744	-459.40418049359846	-327.11862955937585	12.922072797651277	0.024162368522159236	0.007317982687412572	0.0369154734455413	0.06671761911001599	0.017210489299731666	0.043659980381811014	0.014884998394672028	0.01698576808969615	0.028529213386449315	0.028027761571011472	0.013753382356038263	0.042864579309038184	0.008740090146658441	0.025377609131845932	0.02531085621445181	0.04091680406644724	0.012108997727871551	0.02337867408234051	0.01965724152629955	0.02232205070476931	0.029995351785182076	0.013738852176229374	0.022461487772874045	0.00517021691026831	0.01464531001658051	9.298415675075278E-4	0.03843972673327166	0.026983049895560093	0.012663045725177943	0.07535568439675731	0.023529215950689686	0.014279224443326077	0.05718199003785461	0.023116183926579978	0.08119293659882486	0.008310675672889678	0.03316526563616472	2.823350841314696E-4	0.007848545269879752	0.008998433444627663	0.0455697669815578	0.008409527785299634	0.2044617439866374	0.288603720023119	1.6040962255798246	0.6338879446210752	0.09022455117090766	2.3325168855503478	0.567899873709002	0.008998433444627663	0.008998433444627663	0.008998433444627663	0	0.008998433444627663	0.008998433444627663	0	0.008998433444627663	0.008998433444627663	0	0.008998433444627663	0.008998433444627663	-359.5434856783313	-99.86069481526714
227	-458.65039440482974	-789.7477601127479	-458.65039440482974	-331.09736570791813	11.229668108850356	0.024162368522159236	0.007317982687412572	0.0435034343632697	0.06671761911001599	0.024857824883880872	0.043659980381811014	0.014884998394672028	0.01698576808969615	0.028529213386449315	0.028027761571011472	0.013753382356038263	0.018888254981976757	0.008740090146658441	0.025377609131845932	0.02531085621445181	0.04091680406644724	0.012108997727871551	0.02337867408234051	0.01965724152629955	0.02232205070476931	0.029995351785182076	0.013738852176229374	0.04953483326029595	0.00517021691026831	0.01464531001658051	9.298415675075278E-4	0.03843972673327166	0.026983049895560093	0.012663045725177943	0.04169059431193255	0.023529215950689686	0.014279224443326077	0.05718199003785461	0.012371827182070291	0.08119293659882486	0.001722714755161281	0.06683035572098948	1.218386085212174E-4	0.00688740011495644	0.008591847529823924	0.03350959598310056	0.009627454389955417	0.19827309307845095	0.35202560203216493	1.5491321370306739	0.8628580406709532	0.08022605396345564	2.184570140566357	0.6173559376125874	0.008591847529823924	0.008591847529823924	0.008591847529823924	0	0.008591847529823924	0.008591847529823924	0	0.008591847529823924	0.008591847529823924	0	0.008591847529823924	0.008591847529823924	-360.5302561428614	-98.12013826196835
228	-457.29843334713047	-780.4575516008226	-457.29843334713047	-323.1591182536921	11.337862069844082	0.024162368522159236	0.02593411428352188	0.0435034343632697	0.06671761911001599	0.024857824883880872	0.043659980381811014	0.014884998394672028	0.01698576808969615	0.028529213386449315	0.028027761571011472	0.040868251640476	0.018888254981976757	0.008740090146658441	0.025377609131845932	0.02531085621445181	0.0138019347820095	0.012108997727871551	0.02337867408234051	0.01965724152629955	0.02232205070476931	0.029995351785182076	0.013738852176229374	0.04953483326029595	0.00517021691026831	0.01464531001658051	0.014336680923245582	0.03843972673327166	0.026983049895560093	0.012663045725177943	0.04169059431193255	0.023529215950689686	0.014279224443326077	0.05718199003785461	0.012371827182070291	0.0677860972430868	0.001722714755161281	0.048214224124880176	1.3880370114656453E-4	0.008784319632320736	0.00862452289769225	0.03869895996453259	0.01128777580645784	0.16673402096813783	0.3119778765458635	0.8436893506267807	0.9779672086000415	0.09763895965444176	2.202556328199138	0.5365382821869362	0.00862452289769225	0.00862452289769225	0.00862452289769225	0	0.00862452289769225	0.00862452289769225	0	0.00862452289769225	0.00862452289769225	0	0.00862452289769225	0.00862452289769225	-359.7028484673134	-97.59558487981707
229	-456.92280649770964	-770.804991383978	-456.92280649770964	-313.88218488626836	9.675004941878187	0.024162368522159236	0.02593411428352188	0.02698696348118962	0.046867233278124296	0.034354940365659545	0.02966741784331356	0.014884998394672028	0.013591379375324897	0.03192360210082057	0.028027761571011472	0.040868251640476	0.018888254981976757	0.008740090146658441	0.025377609131845932	0.02531085621445181	0.0138019347820095	0.012108997727871551	0.02337867408234051	0.01965724152629955	0.02232205070476931	0.029995351785182076	0.013738852176229374	0.04953483326029595	0.02168668779234839	0.01464531001658051	0.014336680923245582	0.03843972673327166	0.04097561243405755	0.012663045725177943	0.06154098014382424	0.023529215950689686	0.014279224443326077	0.05764079064807791	0.012371827182070291	0.057830181151084833	0.001722714755161281	0.048214224124880176	2.4478400415597386E-4	0.009200715106954808	0.010381465010756884	0.03294021037767629	0.0068211940946916174	0.11783335786024245	0.3361230098452817	1.1958611082206096	0.8819952405332502	0.14649260271531034	2.41979535059629	1.094751457701827	0.010381465010756884	0.010381465010756884	0.010381465010756884	0	0.010381465010756884	0.010381465010756884	0	0.010381465010756884	0.010381465010756884	0	0.010381465010756884	0.010381465010756884	-360.43907754585337	-96.48372895185625
230	-456.58682071788036	-778.2445092809118	-456.58682071788036	-321.6576885630314	14.84093019716505	0.024162368522159236	0.02593411428352188	0.02698696348118962	0.046867233278124296	0.034354940365659545	0.02966741784331356	0.014884998394672028	0.013591379375324897	0.03192360210082057	0.013102219653066322	0.040868251640476	0.018888254981976757	0.008740090146658441	0.025377609131845932	0.02531085621445181	0.0138019347820095	0.012108997727871551	0.02337867408234051	0.03980330974745261	0.02232205070476931	0.07596549143750474	0.013738852176229374	0.04953483326029595	0.02168668779234839	0.01464531001658051	0.014336680923245582	0.03843972673327166	0.04097561243405755	0.012663045725177943	0.036073634382222206	0.023529215950689686	0.02920476636127123	0.05764079064807791	0.017693104722519268	0.011860041498762172	0.001722714755161281	0.048214224124880176	1.2193362102941118E-4	0.007556380916902446	0.012444605108315404	0.03329276511855069	0.004956150546673896	0.25105958522455807	0.45682019289710424	2.6389081417226263	1.027706703028351	0.16174642236964526	2.051288597470433	0.7991139574199119	0.012444605108315404	0.012444605108315404	0.012444605108315404	0	0.012444605108315404	0.012444605108315404	0	0.012444605108315404	0.012444605108315404	0	0.012444605108315404	0.012444605108315404	-360.1793341154249	-96.40748660245544
231	-456.558509972043	-794.2766947112539	-456.558509972043	-337.7181847392109	12.947388397674679	0.024162368522159236	0.02593411428352188	0.02698696348118962	0.046867233278124296	0.034354940365659545	0.02966741784331356	0.014884998394672028	0.013591379375324897	0.03192360210082057	0.013102219653066322	0.040868251640476	0.018888254981976757	0.008740090146658441	0.045835745437939654	0.004293007784332253	0.0138019347820095	0.012108997727871551	0.028554126798770896	0.03980330974745261	0.02232205070476931	0.055507355131411015	0.013738852176229374	0.04953483326029595	0.016511235075918007	0.035663158446700066	0.014336680923245582	0.03843972673327166	0.04923892676623352	0.012663045725177943	0.036073634382222206	0.023529215950689686	0.02920476636127123	0.016427845251643744	0.05890605011895343	0.011860041498762172	0.001722714755161281	0.0399509097927042	2.336806371675677E-4	0.008634252109996294	0.012491562167851201	0.03364915211808562	0.007548664133294082	0.3682469575393361	0.4070838153153504	2.3995624649090836	1.741305906537088	0.19264413271397937	2.4151835780962014	0.920969345130739	0.012491562167851201	0.012491562167851201	0.012491562167851201	0	0.012491562167851201	0.012491562167851201	0	0.012491562167851201	0.012491562167851201	0	0.012491562167851201	0.012491562167851201	-362.3163497894508	-94.24216018259223
232	-456.0293188134172	-797.560568998148	-456.0293188134172	-341.53125018473077	11.565578814571458	0.06378006103834753	0.02593411428352188	0.02698696348118962	0.03400830942470161	0.034354940365659545	0.02966741784331356	0.014884998394672028	0.013591379375324897	0.03192360210082057	0.037684561195869465	0.040868251640476	0.023453537896013663	0.008740090146658441	0.045835745437939654	0.004293007784332253	0.016704864194944297	0.012108997727871551	0.028554126798770896	0.03980330974745261	0.02232205070476931	0.055507355131411015	0.013738852176229374	0.04953483326029595	0.016511235075918007	0.035663158446700066	0.014336680923245582	0.03843972673327166	0.006256789211632405	0.012663045725177943	0.036073634382222206	0.010604960385685147	0.02920476636127123	0.016427845251643744	0.05890605011895343	0.011860041498762172	0.001722714755161281	0.037047980379769405	4.375537456837163E-4	0.00609602390135392	0.008618583937714499	0.03423449102630621	0.006706458387442388	0.2857292512107127	0.34041957502288384	2.510843760009393	1.439161410369683	0.29421691694165075	2.4818572661831446	1.0199316776883691	0.008618583937714499	0.008618583937714499	0.008618583937714499	0	0.008618583937714499	0.008618583937714499	0	0.008618583937714499	0.008618583937714499	0	0.008618583937714499	0.008618583937714499	-355.067672216535	-100.96164659688219
233	-455.5729522236668	-780.3902632861838	-455.5729522236668	-324.817311062517	9.067291519974932	0.06378006103834753	0.02593411428352188	0.02698696348118962	0.03400830942470161	0.034354940365659545	0.056442113986912845	0.014884998394672028	0.013591379375324897	0.03192360210082057	0.02416907721431924	0.040868251640476	0.023453537896013663	0.008740090146658441	0.045835745437939654	0.004293007784332253	0.04553515470471356	0.012108997727871551	0.028554126798770896	0.03980330974745261	0.02232205070476931	0.03917317596938284	0.013738852176229374	0.0196315501396509	0.016511235075918007	0.04917864242825029	0.014336680923245582	0.03843972673327166	0.006256789211632405	0.012663045725177943	0.03920222135926797	0.010604960385685147	0.0455389455232994	0.016427845251643744	0.029431499981181428	0.011860041498762172	0.002366974383164022	0.037047980379769405	9.035571669640315E-5	0.006688706727958278	0.0058852040900531635	0.0249319159897238	0.010725799171489603	0.3620755289348861	0.5468497948431791	3.3957333075525193	1.2425818844035723	0.3542809377050494	2.170063552382355	1.2855039257492726	0.0058852040900531635	0.0058852040900531635	0.0058852040900531635	0	0.0058852040900531635	0.0058852040900531635	0	0.0058852040900531635	0.0058852040900531635	0	0.0058852040900531635	0.0058852040900531635	-358.693875489573	-96.87907673409381
234	-454.89745366051216	-782.318322502123	-454.89745366051216	-327.4208688416108	9.625199756384523	0.06378006103834753	0.02593411428352188	0.02698696348118962	0.01668810216730736	0.05073333211167362	0.030884816204217957	0.014884998394672028	0.013591379375324897	0.03192360210082057	0.02416907721431924	0.024489859894461924	0.03661527696199139	0.008740090146658441	0.046499395333627	0.004293007784332253	0.03812530273117118	0.012108997727871551	0.028554126798770896	0.05219886846416977	0.02232205070476931	0.03086506657443376	0.013738852176229374	0.0196315501396509	0.008008822674668736	0.04917864242825029	0.013673031027558236	0.03843972673327166	0.006256789211632405	0.012663045725177943	0.03920222135926797	0.010604960385685147	0.0455389455232994	0.032145806620135206	0.029431499981181428	0.020362453900011443	0.01968718164055827	0.037047980379769405	2.1233859728931877E-4	0.008149489883277114	0.007305812227308828	0.01568147681539759	0.010620141872511472	0.46248688050934494	0.63896737977151	2.8377307502143263	0.9077260518959261	0.5374318740279406	1.7835454747751132	1.7848969375223143	0.007305812227308828	0.007305812227308828	0.007305812227308828	0	0.007305812227308828	0.007305812227308828	0	0.007305812227308828	0.007305812227308828	0	0.007305812227308828	0.007305812227308828	-355.91106522596147	-98.9863884345507
235	-454.4546646222077	-775.5904759552424	-454.4546646222077	-321.13581133303467	9.801395228501047	0.06378006103834753	0.02593411428352188	0.01597926528956456	0.01668810216730736	0.05073333211167362	0.02957801967211421	0.014884998394672028	0.013591379375324897	0.024899652581267362	0.009086882160130844	0.024489859894461924	0.03661527696199139	0.008740090146658441	0.046499395333627	0.0206819993706244	0.03812530273117118	0.012108997727871551	0.028554126798770896	0.05219886846416977	0.02232205070476931	0.03086506657443376	0.013738852176229374	0.0196315501396509	0.008008822674668736	0.022391680838015432	0.013673031027558236	0.03843972673327166	0.017264487403257464	0.012663045725177943	0.03920222135926797	0.010604960385685147	0.0455389455232994	0.039169756139688414	0.05621846157141629	0.020362453900011443	0.01968718164055827	0.037047980379769405	2.668983048856767E-4	0.007103628627529081	0.012870197854259208	0.012456249541765729	0.010298118377196552	0.4916929466563825	0.6929218074960358	2.1434846496574234	0.8678566875625319	1.033183465763974	2.270231563901701	1.209345709295883	0.012870197854259208	0.012870197854259208	0.012870197854259208	0	0.012870197854259208	0.012870197854259208	0	0.012870197854259208	0.012870197854259208	0	0.012870197854259208	0.012870197854259208	-359.802158561389	-94.6525060608187
236	-453.3930465016074	-768.6732795597783	-453.3930465016074	-315.2802330581709	9.601525987015668	0.06378006103834753	0.005513858011463646	0.01597926528956456	0.01668810216730736	0.05073333211167362	0.004610198663652143	0.014884998394672028	0.03401163564738313	0.024899652581267362	0.009086882160130844	0.024489859894461924	0.029234855805708823	0.03684631834843799	0.046499395333627	0.0206819993706244	0.019064751729229362	0.012108997727871551	0.028554126798770896	0.05219886846416977	0.02232205070476931	0.013696866039258224	0.013738852176229374	0.0196315501396509	0.03990212062835474	0.019238736228144288	0.013673031027558236	0.03843972673327166	0.017264487403257464	0.03172359672711976	0.03920222135926797	0.010604960385685147	0.0455389455232994	0.039169756139688414	0.027478108227601425	0.023128752232918867	0.0429477294000854	0.032431348785475475	2.461782925217919E-4	0.006951148722292526	0.012063656932275514	0.011965838470828367	0.010414061871181143	0.3668733707557089	0.6959189380374251	2.130110134961314	0.7162996438250511	1.219357714909461	1.8952325563903103	1.713637999694773	0.012063656932275514	0.012063656932275514	0.012063656932275514	0	0.012063656932275514	0.012063656932275514	0	0.012063656932275514	0.012063656932275514	0	0.012063656932275514	0.012063656932275514	-355.19632996704695	-98.19671653456044
237	-452.63006732503646	-790.1876925109923	-452.63006732503646	-337.55762518595577	13.243705905480745	0.03186337254216974	0.005513858011463646	0.01597926528956456	0.01668810216730736	0.08265002060785141	0.004610198663652143	0.014884998394672028	0.03401163564738313	0.02531206584526624	0.009086882160130844	0.024489859894461924	0.029234855805708823	0.03684631834843799	0.03565401259950639	0.0206819993706244	0.019064751729229362	0.012108997727871551	0.028554126798770896	0.05219886846416977	0.02232205070476931	0.013696866039258224	0.013738852176229374	0.0196315501396509	0.03990212062835474	0.02967170569826602	0.013673031027558236	0.03843972673327166	0.017264487403257464	0.03172359672711976	0.06527809501876923	0.010604960385685147	0.0455389455232994	0.013093882480187155	0.027478108227601425	0.006178052164241929	0.0429477294000854	0.04938204885415241	1.6863006268644047E-4	0.008224650264619267	0.00881089721427325	0.007173439724915102	0.011139148870831478	0.4203769382315655	1.1900878396068044	3.5486526213664846	0.7124319396357042	1.0006940196129526	1.5174675656466965	1.884209538320527	0.00881089721427325	0.00881089721427325	0.00881089721427325	0	0.00881089721427325	0.00881089721427325	0	0.00881089721427325	0.00881089721427325	0	0.00881089721427325	0.00881089721427325	-359.48450619704556	-93.14556112799089
238	-452.500508800704	-779.8416686068557	-452.500508800704	-327.3411598061517	12.503725812697795	0.03186337254216974	0.005513858011463646	0.01597926528956456	0.028456856622980628	0.08265002060785141	0.004610198663652143	0.014884998394672028	0.03401163564738313	0.023162218629732778	0.009086882160130844	0.024489859894461924	0.02770302999004358	0.017576634933347046	0.03565401259950639	0.0206819993706244	0.019064751729229362	0.012108997727871551	0.028554126798770896	0.05219886846416977	0.02232205070476931	0.013696866039258224	0.013738852176229374	0.00786279568397763	0.03990212062835474	0.02967170569826602	0.013673031027558236	0.03843972673327166	0.017264487403257464	0.033255422542785004	0.08669762564939364	0.010604960385685147	0.0455389455232994	0.013093882480187155	0.027478108227601425	0.006178052164241929	0.0429477294000854	0.04938204885415241	2.5536152026182744E-4	0.007581116218158522	0.006585171909973859	0.01085781152188458	0.010210018985896588	0.45579345093078566	1.0525204996094715	2.73712401568912	0.7164643350709728	1.2942311456210558	1.9698888829188228	1.7023552036996772	0.006585171909973859	0.006585171909973859	0.006585171909973859	0	0.006585171909973859	0.006585171909973859	0	0.006585171909973859	0.006585171909973859	0	0.006585171909973859	0.006585171909973859	-357.0888208083771	-95.41168799232692
239	-452.03264711656686	-782.2279500721645	-452.03264711656686	-330.1953029555977	10.557727517356302	0.03186337254216974	0.005513858011463646	0.04156472799172378	0.028456856622980628	0.08265002060785141	0.004610198663652143	0.014884998394672028	0.03401163564738313	0.023162218629732778	0.009086882160130844	0.024489859894461924	0.02770302999004358	0.04168839814119907	0.03565401259950639	0.0206819993706244	0.019064751729229362	0.012108997727871551	0.028554126798770896	0.05219886846416977	0.02232205070476931	0.013696866039258224	0.013738852176229374	0.00786279568397763	0.03990212062835474	0.02967170569826602	0.013673031027558236	0.03843972673327166	0.017264487403257464	0.033255422542785004	0.015783136537053974	0.010604960385685147	0.0455389455232994	0.03431114568251557	0.027478108227601425	0.006178052164241929	0.0429477294000854	0.04938204885415241	1.2219555712544814E-4	0.007785638102792187	0.0033526569040364094	0.01172575054960881	0.004853949528486745	0.3586239112644242	1.1843588548872783	2.258578438466784	0.4484729212009214	1.1183278941829606	2.6469514823715303	2.425192377687024	0.0033526569040364094	0.0033526569040364094	0.0033526569040364094	0	0.0033526569040364094	0.0033526569040364094	0	0.0033526569040364094	0.0033526569040364094	0	0.0033526569040364094	0.0033526569040364094	-359.59717811431676	-92.43546900225007
240	-451.87752041058985	-779.9660657005259	-451.87752041058985	-328.08854528993606	9.294151595490186	0.01471600110163672	0.005513858011463646	0.04156472799172378	0.028456856622980628	0.08265002060785141	0.004610198663652143	0.014884998394672028	0.023219360920846255	0.023162218629732778	0.009086882160130844	0.024489859894461924	0.0448504014305766	0.04168839814119907	0.03565401259950639	0.031474274097161276	0.019064751729229362	0.012108997727871551	0.028554126798770896	0.05219886846416977	0.02232205070476931	0.022879766698235757	0.013738852176229374	0.00786279568397763	0.03990212062835474	0.02967170569826602	0.013673031027558236	0.03843972673327166	0.017264487403257464	0.033255422542785004	0.015783136537053974	0.010604960385685147	0.0455389455232994	0.03431114568251557	0.027478108227601425	0.006178052164241929	0.0642289947050445	0.018917882890215773	1.6688894824390797E-4	0.008368879163566916	0.004795290912239104	0.015434967707278488	0.0041314569295645915	0.3860691954213785	1.268700901143361	2.7405114896677296	0.36257129357476114	0.9744503795412922	2.275155343978184	1.1746555525304458	0.004795290912239104	0.004795290912239104	0.004795290912239104	0	0.004795290912239104	0.004795290912239104	0	0.004795290912239104	0.004795290912239104	0	0.004795290912239104	0.004795290912239104	-360.55373627397125	-91.32378413661858
241	-450.9814961219383	-778.463665980908	-450.9814961219383	-327.4821698589697	10.264269237405365	0.01471600110163672	0.005513858011463646	0.01692468589031121	0.028456856622980628	0.05255846795996898	0.004610198663652143	0.014884998394672028	0.024023112370418598	0.023433138015601762	0.009086882160130844	0.021560591609144447	0.0448504014305766	0.04671284119634933	0.03565401259950639	0.031474274097161276	0.017990080893788035	0.012108997727871551	0.028554126798770896	0.055128136749487244	0.02232205070476931	0.022879766698235757	0.013738852176229374	0.015587427110876684	0.04942164649239711	0.05976325834614846	0.027243496759010943	0.030715095306372606	0.04190452950467004	0.033255422542785004	0.002212670805601266	0.046106616423659874	0.010037289485324674	0.03431114568251557	0.02907936210278582	0.006178052164241929	0.04808377191066748	0.018917882890215773	2.0485868150577516E-4	0.007653323295278543	0.0032943869281068755	0.01978597719237169	0.006821475717502086	0.5744442703568051	1.0922355345693189	2.5017084586605596	0.43894361893201456	1.0517295028322688	2.1326526944480833	1.4199500649653576	0.0032943869281068755	0.0032943869281068755	0.0032943869281068755	0	0.0032943869281068755	0.0032943869281068755	0	0.0032943869281068755	0.0032943869281068755	0	0.0032943869281068755	0.0032943869281068755	-356.08230124702527	-94.89919487491302
242	-450.6361243812083	-793.6171480865864	-450.6361243812083	-342.9810237053781	12.37242082780588	0.024656744275215678	0.005513858011463646	0.01692468589031121	0.028456856622980628	0.07647346936244702	0.004610198663652143	0.014884998394672028	0.01408236919683964	0.023433138015601762	0.04758557707627406	0.021560591609144447	0.0448504014305766	0.04671284119634933	0.03565401259950639	0.031474274097161276	0.012265022780757445	0.021540312362057557	0.050140202906880815	0.031213135347009202	0.012890736070583303	0.022879766698235757	0.013738852176229374	0.015587427110876684	0.010922951576253892	0.05976325834614846	0.027243496759010943	0.030715095306372606	0.04190452950467004	0.033255422542785004	0.002212670805601266	0.046106616423659874	0.010037289485324674	0.012725069574405654	0.02907936210278582	0.011903110277272519	0.04808377191066748	0.018917882890215773	2.402142834680778E-4	0.006327888561961846	0.002610158249756273	0.020996784291733787	0.008947401387820804	0.6533440400851221	1.5383701664962621	3.2354716956407854	0.2765071158870861	1.1171566188131574	2.376237987534807	1.398832716021638	0.002610158249756273	0.002610158249756273	0.002610158249756273	0	0.002610158249756273	0.002610158249756273	0	0.002610158249756273	0.002610158249756273	0	0.002610158249756273	0.002610158249756273	-359.9265334779442	-90.70959090326407
243	-449.54184808570767	-784.9244595602518	-449.54184808570767	-335.38261147454403	12.322095106672514	0.024656744275215678	0.005513858011463646	0.01692468589031121	0.028456856622980628	0.07647346936244702	0.004610198663652143	0.005818460904466	0.01408236919683964	0.023433138015601762	0.04758557707627406	0.021560591609144447	0.0448504014305766	0.04671284119634933	0.03565401259950639	0.040540811587367304	0.012265022780757445	0.021540312362057557	0.050140202906880815	0.031213135347009202	0.012890736070583303	0.022879766698235757	0.013738852176229374	0.015587427110876684	0.02954892505856621	0.05976325834614846	0.027243496759010943	0.030715095306372606	0.04190452950467004	0.033255422542785004	0.002212670805601266	0.018439581403542515	0.019078351023129714	0.012725069574405654	0.02907936210278582	0.011903110277272519	0.04808377191066748	0.018917882890215773	1.6884471101978097E-4	0.007241031394962943	0.004110824797383609	0.018442121138285084	0.013049841873149703	0.945734158930552	1.1722124893343382	3.359151743432676	0.23256472001019501	1.3989773746246625	3.40556064827244	1.5315454125476418	0.004110824797383609	0.004110824797383609	0.004110824797383609	0	0.004110824797383609	0.004110824797383609	0	0.004110824797383609	0.004110824797383609	0	0.004110824797383609	0.004110824797383609	-358.18339459036235	-91.3584534953453
244	-448.75919167645065	-798.0353488236551	-448.75919167645065	-349.2761571472045	13.122397167757518	0.024656744275215678	0.005513858011463646	0.01692468589031121	0.027268319187775433	0.07647346936244702	0.004610198663652143	0.005818460904466	0.01408236919683964	0.023433138015601762	0.04758557707627406	0.021560591609144447	0.0448504014305766	0.04671284119634933	0.03684255003471158	0.040540811587367304	0.012265022780757445	0.021540312362057557	0.023144455529121033	0.031213135347009202	0.012890736070583303	0.022879766698235757	0.013738852176229374	0.015587427110876684	0.02954892505856621	0.05976325834614846	0.027243496759010943	0.030715095306372606	0.06890027688242982	0.033255422542785004	0.002212670805601266	0.018439581403542515	0.018517582453866477	0.012725069574405654	0.02907936210278582	0.012463878846535756	0.04808377191066748	0.018917882890215773	2.3590248005436615E-4	0.007903714506483238	0.0045909230849589455	0.01586781354299776	0.01281860196959077	1.0911908908525845	1.3353810142163118	3.9488377357275337	0.33486263127365884	1.4666401350455447	3.2682863450923936	1.6642726499888694	0.0045909230849589455	0.0045909230849589455	0.0045909230849589455	0	0.0045909230849589455	0.0045909230849589455	0	0.0045909230849589455	0.0045909230849589455	0	0.0045909230849589455	0.0045909230849589455	-352.81375864183354	-95.94543303461714
245	-448.566686247192	-786.4548919127376	-448.566686247192	-337.8882056655456	12.551673577094736	0.024656744275215678	0.005513858011463646	0.01692468589031121	0.027268319187775433	0.06306989744095425	0.004610198663652143	0.005818460904466	0.0780149595435437	0.023433138015601762	0.04758557707627406	0.015198863489075926	0.0448504014305766	0.04671284119634933	0.03684255003471158	0.040540811587367304	0.012265022780757445	0.021540312362057557	0.023144455529121033	0.031213135347009202	0.012890736070583303	0.022879766698235757	0.013738852176229374	0.015587427110876684	0.02954892505856621	0.05976325834614846	0.027243496759010943	0.03707682342644113	0.004967686535725754	0.033255422542785004	0.002212670805601266	0.018439581403542515	0.018517582453866477	0.012725069574405654	0.02907936210278582	0.012463878846535756	0.04808377191066748	0.03232145481170855	3.972317504275783E-4	0.007870623110141202	0.0038102867165351654	0.018901593278246715	0.009775010604943695	0.830658391099001	2.0873310208503035	3.923959627042917	0.5101071469791589	0.9127362734712958	2.5457898177364324	2.152872646374767	0.0038102867165351654	0.0038102867165351654	0.0038102867165351654	0	0.0038102867165351654	0.0038102867165351654	0	0.0038102867165351654	0.0038102867165351654	0	0.0038102867165351654	0.0038102867165351654	-352.8011653821783	-95.76552086501376
246	-448.2356248548408	-795.9143811492793	-448.2356248548408	-347.6787562944385	12.65855889424196	0.009250459751918835	0.02092014253476049	0.01692468589031121	0.027268319187775433	0.06306989744095425	0.004610198663652143	0.005818460904466	0.0780149595435437	0.023433138015601762	0.04758557707627406	0.015198863489075926	0.014149497368618577	0.04671284119634933	0.03684255003471158	0.040540811587367304	0.012265022780757445	0.021540312362057557	0.031717815658270365	0.031213135347009202	0.012890736070583303	0.022879766698235757	0.013738852176229374	0.037714971043685375	0.038167035509644065	0.05976325834614846	0.027243496759010943	0.028458712975363273	0.004967686535725754	0.033255422542785004	0.002212670805601266	0.018439581403542515	0.018517582453866477	0.012725069574405654	0.02907936210278582	0.012463878846535756	0.04808377191066748	0.03232145481170855	3.223068844511136E-4	0.007665873628055566	0.0025616350658475345	0.015183199198700748	0.013022264727628557	0.512654673549261	1.7325229423622304	3.1138478761029225	0.40882554609839344	1.1059465006719027	3.4265623272894374	2.452339001379921	0.0025616350658475345	0.0025616350658475345	0.0025616350658475345	0	0.0025616350658475345	0.0025616350658475345	0	0.0025616350658475345	0.0025616350658475345	0	0.0025616350658475345	0.0025616350658475345	-354.94443300487353	-93.29119184996728
247	-448.0914116889391	-787.4520274062222	-448.0914116889391	-339.36061571728305	12.276102121482852	0.009250459751918835	0.02092014253476049	0.01692468589031121	0.027268319187775433	0.06488001517190688	0.004610198663652143	0.005818460904466	0.08348733332360608	0.023433138015601762	0.04758557707627406	0.015198863489075926	0.007212879226366917	0.077310889543309	0.03684255003471158	0.040540811587367304	0.012265022780757445	0.021540312362057557	0.031717815658270365	0.031213135347009202	0.012890736070583303	0.022879766698235757	0.013738852176229374	0.037714971043685375	0.007568987162684393	0.05976325834614846	0.027243496759010943	0.028458712975363273	0.010094186947024783	0.033255422542785004	0.002212670805601266	0.02120505942051598	0.018517582453866477	0.012725069574405654	0.02907936210278582	0.012463878846535756	0.04808377191066748	0.024083603014672703	2.2281150467433764E-4	0.007634675253415748	0.001981899223655423	0.010956646295316213	0.017963509471383934	0.4719940233147983	1.3645695837329919	4.121472432311312	0.4785125762259134	0.7494401973974892	5.716437075948736	2.3311777639213878	0.001981899223655423	0.001981899223655423	0.001981899223655423	0	0.001981899223655423	0.001981899223655423	0	0.001981899223655423	0.001981899223655423	0	0.001981899223655423	0.001981899223655423	-356.35919867207645	-91.73221301686267
248	-447.7941921194351	-787.6346360624775	-447.7941921194351	-339.8404439430425	10.45981212344517	0.009250459751918835	0.02092014253476049	0.0032860569296536135	0.027268319187775433	0.04132783167308372	0.004610198663652143	0.005818460904466	0.08348733332360608	0.026817483098584338	0.035013451498675824	0.015198863489075926	0.007212879226366917	0.056697155776250896	0.05048117899536918	0.040540811587367304	0.012265022780757445	0.021540312362057557	0.05526999915709352	0.031213135347009202	0.012890736070583303	0.022879766698235757	0.013738852176229374	0.05832870481074348	0.007568987162684393	0.05976325834614846	0.027243496759010943	0.028458712975363273	0.010094186947024783	0.033255422542785004	0.002212670805601266	0.02120505942051598	0.018517582453866477	0.012725069574405654	0.02907936210278582	0.012463878846535756	0.057271552405283144	0.024083603014672703	3.8065569335078654E-4	0.007070675642282619	0.002667599288239382	0.010677508193781817	0.0219169644645338	0.3140199405970096	1.149972293160797	2.8540125806801044	0.3108694838807079	0.6439497474753604	5.180747864575662	1.4809618476762436	0.002667599288239382	0.002667599288239382	0.002667599288239382	0	0.002667599288239382	0.002667599288239382	0	0.002667599288239382	0.002667599288239382	0	0.002667599288239382	0.002667599288239382	-352.96407481861104	-94.83011730082404
249	-446.35627296157446	-790.7513237703963	-446.35627296157446	-344.39505080882185	10.873053217488048	0.009250459751918835	0.02092014253476049	0.0032860569296536135	0.027268319187775433	0.04132783167308372	0.004610198663652143	0.005818460904466	0.08348733332360608	0.026817483098584338	0.035013451498675824	0.030654295425672745	0.007212879226366917	0.008607462263051313	0.04034626956854802	0.040540811587367304	0.034591806620875215	0.021540312362057557	0.08714766996260115	0.031213135347009202	0.012890736070583303	0.022879766698235757	0.013738852176229374	0.03600192097062571	0.007568987162684393	0.027885587540640827	0.05987775833561371	0.03859362240218443	0.010094186947024783	0.033255422542785004	0.002212670805601266	0.02120505942051598	0.018517582453866477	0.012725069574405654	0.02907936210278582	0.012463878846535756	0.057271552405283144	0.024083603014672703	2.621116735697879E-4	0.007536989170089207	0.0023138336005309804	0.00975062017783923	0.02322479753633592	0.32805759138467583	1.4492765070526632	2.4868350678790416	0.25942820517065385	0.9402349013516733	4.355250003936901	1.2450151117806836	0.0023138336005309804	0.0023138336005309804	0.0023138336005309804	0	0.0023138336005309804	0.0023138336005309804	0	0.0023138336005309804	0.0023138336005309804	0	0.0023138336005309804	0.0023138336005309804	-352.11739410621135	-94.2388788553631
250	-446.0900122557382	-795.0581469211586	-446.0900122557382	-348.9681346654204	10.24510840528409	0.009250459751918835	0.01146967677685995	0.0032860569296536135	0.027268319187775433	0.04132783167308372	0.004610198663652143	0.005818460904466	0.08348733332360608	0.026817483098584338	0.035013451498675824	0.030654295425672745	0.007212879226366917	0.008607462263051313	0.04034626956854802	0.040540811587367304	0.034591806620875215	0.021540312362057557	0.08714766996260115	0.031213135347009202	0.012890736070583303	0.022879766698235757	0.013738852176229374	0.03600192097062571	0.017019452920584932	0.027885587540640827	0.05987775833561371	0.03859362240218443	0.015035157648730299	0.033255422542785004	0.002212670805601266	0.02120505942051598	0.018517582453866477	0.012725069574405654	0.02907936210278582	0.012463878846535756	0.057271552405283144	0.019142632312967187	4.233902415427776E-5	0.0056703924695197284	0.0034045019781352914	0.009878053573070183	0.023391025443201513	0.33851484880035404	1.8285508636194159	3.375451022564941	0.2709206225482974	1.087610810549321	7.809431089883766	2.1160493676054855	0.0034045019781352914	0.0034045019781352914	0.0034045019781352914	0	0.0034045019781352914	0.0034045019781352914	0	0.0034045019781352914	0.0034045019781352914	0	0.0034045019781352914	0.0034045019781352914	-355.8335186865721	-90.25649356916605
251	-445.83163180394376	-791.3571416873355	-445.83163180394376	-345.5255098833917	10.358184810675693	0.009716630804762802	0.01146967677685995	0.0032860569296536135	0.027268319187775433	0.04132783167308372	0.004610198663652143	0.005818460904466	0.08348733332360608	0.026817483098584338	0.049724088304602704	0.030654295425672745	0.007212879226366917	0.008607462263051313	0.02926223323572917	0.040540811587367304	0.034591806620875215	0.021540312362057557	0.03851391358578593	0.05173966579258471	0.012890736070583303	0.022879766698235757	0.013738852176229374	0.03600192097062571	0.017019452920584932	0.0613425360586852	0.05221664009428162	0.04967765873500328	0.015035157648730299	0.033255422542785004	0.002212670805601266	0.02120505942051598	0.018517582453866477	0.012725069574405654	0.0162139498985424	0.012463878846535756	0.057271552405283144	0.019142632312967187	2.485232399762113E-4	0.006771151054155683	0.003186781848677653	0.007939041264373656	0.02417532032849477	0.2759538603406748	1.9265661338501034	3.523604636506399	0.2950900243609443	0.8865204774767806	6.431430519180112	2.0005886846487617	0.003186781848677653	0.003186781848677653	0.003186781848677653	0	0.003186781848677653	0.003186781848677653	0	0.003186781848677653	0.003186781848677653	0	0.003186781848677653	0.003186781848677653	-353.8868187601441	-91.9448130437997
252	-444.7470799860531	-791.311013674522	-444.7470799860531	-346.56393368846886	12.034559636627499	0.06122148566848094	0.01146967677685995	0.0032860569296536135	0.07057692841582001	0.04132783167308372	0.004610198663652143	0.005818460904466	0.08348733332360608	0.026817483098584338	0.05253540067802562	0.06633531017558056	0.007212879226366917	0.008607462263051313	0.02926223323572917	0.040540811587367304	0.034591806620875215	0.03993065084836889	0.03851391358578593	0.03334932730627338	0.012890736070583303	0.022879766698235757	0.013738852176229374	0.03600192097062571	0.017019452920584932	0.025661521308777385	0.006096718492814124	0.04967765873500328	0.015035157648730299	0.033255422542785004	0.002212670805601266	0.02120505942051598	0.018517582453866477	0.012725069574405654	0.0162139498985424	0.012463878846535756	0.005766697541565002	0.019142632312967187	2.977666760483608E-4	0.007484156232444866	0.0031481624359929587	0.008449410520926829	0.03211647661533121	0.2960642664997022	1.9734842401326231	5.33955331526839	0.2904548915899637	1.3608985952144501	3.880408610199437	1.7139874010991158	0.0031481624359929587	0.0031481624359929587	0.0031481624359929587	0	0.0031481624359929587	0.0031481624359929587	0	0.0031481624359929587	0.0031481624359929587	0	0.0031481624359929587	0.0031481624359929587	-352.90466920516343	-91.84241078088971
253	-444.74597757515625	-790.378351070731	-444.74597757515625	-345.6323734955748	12.52741576462609	0.06122148566848094	0.01146967677685995	0.0032860569296536135	0.07057692841582001	0.04132783167308372	0.004610198663652143	0.018885805634539538	0.0443537048814065	0.026817483098584338	0.05253540067802562	0.06633531017558056	0.007212879226366917	0.008607462263051313	0.07160378343503025	0.040540811587367304	0.034591806620875215	0.02686330611829535	0.03851391358578593	0.03334932730627338	0.009056872409821531	0.022879766698235757	0.00901911324265113	0.03600192097062571	0.017019452920584932	0.025661521308777385	0.009930582153575895	0.046469736977901785	0.015035157648730299	0.033255422542785004	0.002212670805601266	0.02120505942051598	0.018517582453866477	0.012725069574405654	0.0162139498985424	0.012463878846535756	0.005766697541565002	0.02386237124654543	4.560360336020793E-4	0.007095139981244278	0.0026126063894462213	0.007398809548360087	0.027788429076035955	0.33963082223391483	1.1847138134199453	3.236414400771427	0.42214762845692383	1.2848805467277138	3.395609913599372	1.634777498672955	0.0026126063894462213	0.0026126063894462213	0.0026126063894462213	0	0.0026126063894462213	0.0026126063894462213	0	0.0026126063894462213	0.0026126063894462213	0	0.0026126063894462213	0.0026126063894462213	-354.1404987921731	-90.60547878298314
254	-441.63602291991265	-798.3240830176032	-441.63602291991265	-356.68806009769054	13.086145646278975	0.06122148566848094	0.01146967677685995	0.0032860569296536135	0.07057692841582001	0.04132783167308372	0.004610198663652143	0.018885805634539538	0.0443537048814065	0.026817483098584338	0.05253540067802562	0.06633531017558056	0.007212879226366917	0.008607462263051313	0.07160378343503025	0.040540811587367304	0.034591806620875215	0.02686330611829535	0.03851391358578593	0.03334932730627338	0.009056872409821531	0.015888079385062856	0.00901911324265113	0.03600192097062571	0.017019452920584932	0.025661521308777385	0.009930582153575895	0.046469736977901785	0.015035157648730299	0.033255422542785004	0.002212670805601266	0.028196746733688882	0.018517582453866477	0.012725069574405654	0.0162139498985424	0.012463878846535756	0.005766697541565002	0.02386237124654543	2.863149623447721E-4	0.0063152057887588195	0.0024511208657657687	0.009905074470993293	0.04488642732634814	0.3068615706913541	1.3549127266773957	3.7958992644792535	0.47822087778572103	1.0363344296458428	2.4104358391290495	1.141066234202715	0.0024511208657657687	0.0024511208657657687	0.0024511208657657687	0	0.0024511208657657687	0.0024511208657657687	0	0.0024511208657657687	0.0024511208657657687	0	0.0024511208657657687	0.0024511208657657687	-345.29783299012416	-96.33818992978851
255	-438.65072466530256	-804.6763830215359	-438.65072466530256	-366.02565835623335	13.560735802690086	0.03225659032064475	0.01146967677685995	0.0032860569296536135	0.07057692841582001	0.04132783167308372	0.004610198663652143	0.018885805634539538	0.0443537048814065	0.026817483098584338	0.05253540067802562	0.06633531017558056	0.007212879226366917	0.008607462263051313	0.07160378343503025	0.04428681300616885	0.034591806620875215	0.055828201466131544	0.03851391358578593	0.029603325887471832	0.009056872409821531	0.015888079385062856	0.00901911324265113	0.03600192097062571	0.017019452920584932	0.025661521308777385	0.009930582153575895	0.046469736977901785	0.015035157648730299	0.033255422542785004	0.012348752390111337	0.028196746733688882	0.018517582453866477	0.002588987989895583	0.0162139498985424	0.012463878846535756	0.005766697541565002	0.02386237124654543	5.201664506667864E-4	0.005774112942856673	0.0023301842430557274	0.007706919146414116	0.051731491722171424	0.1811532072741356	1.8832695969621511	2.529695156497085	0.4871051364599565	0.8016971381101289	3.3866018759234167	1.027426923052049	0.0023301842430557274	0.0023301842430557274	0.0023301842430557274	0	0.0023301842430557274	0.0023301842430557274	0	0.0023301842430557274	0.0023301842430557274	0	0.0023301842430557274	0.0023301842430557274	-343.2658735204398	-95.38485114486274
256	-436.95338753723547	-799.0024420177418	-436.95338753723547	-362.04905448050636	13.827687377960254	0.03225659032064475	0.01146967677685995	0.0032860569296536135	0.05959019482749488	0.0396640706366672	0.017163981207728718	0.024421053382577912	0.0443537048814065	0.03834149050261548	0.05253540067802562	0.06633531017558056	0.007212879226366917	0.008607462263051313	0.058153825491600405	0.009378189303233392	0.024263220814989966	0.06927815940956139	0.012435424570704567	0.029603325887471832	0.012585653944717085	0.01755184042147938	0.00901911324265113	0.03909117174520649	0.02734803872647018	0.025661521308777385	0.009930582153575895	0.03984593752225628	0.015035157648730299	0.04119564239672578	0.012348752390111337	0.028196746733688882	0.0105773625999257	0.002588987989895583	0.0162139498985424	0.012463878846535756	0.048133273297930046	0.02386237124654543	3.1046522432878683E-4	0.006379130861080202	0.003348132422678521	0.005203493636186101	0.03260074170091913	0.11984793764205842	1.1186512217809532	2.1864497516902905	0.40737108909109504	0.8939060593209047	4.4480766696960545	1.3323254317349087	0.003348132422678521	0.003348132422678521	0.003348132422678521	0	0.003348132422678521	0.003348132422678521	0	0.003348132422678521	0.003348132422678521	0	0.003348132422678521	0.003348132422678521	-348.3283173132108	-88.6250702240247
257	-436.66741260789195	-809.4903984958086	-436.66741260789195	-372.8229858879166	17.784391873450936	0.0319482213305997	0.011220582183288252	0.0032860569296536135	0.05959019482749488	0.0396640706366672	0.013850244698424385	0.026282429505000343	0.03933065334461078	0.03864985949266053	0.05253540067802562	0.06633531017558056	0.007212879226366917	0.008607462263051313	0.058153825491600405	0.009378189303233392	0.024263220814989966	0.027021083299992643	0.012435424570704567	0.029603325887471832	0.012585653944717085	0.01755184042147938	0.00901911324265113	0.03909117174520649	0.02734803872647018	0.025661521308777385	0.009930582153575895	0.03984593752225628	0.015035157648730299	0.07951881655229563	0.012348752390111337	0.02633537061126645	0.01782500106322893	0.002588987989895583	0.021237001435338118	0.012463878846535756	0.04838236789150174	0.02386237124654543	7.203440376650094E-4	0.005897962118028337	0.0028502196992704915	0.005427656100079518	0.025059563721040904	0.062167080401396575	1.6074897018905794	2.006613753435595	0.25514633333066916	1.630995866654323	3.3529578551317805	1.6581058323713163	0.0028502196992704915	0.0028502196992704915	0.0028502196992704915	0	0.0028502196992704915	0.0028502196992704915	0	0.0028502196992704915	0.0028502196992704915	0	0.0028502196992704915	0.0028502196992704915	-349.9586074534859	-86.70880515440604
258	-436.2584291579463	-805.0267803974225	-436.2584291579463	-368.76835123947626	16.953606260351233	0.0319482213305997	0.005480302410750593	0.0032860569296536135	0.05959019482749488	0.0396640706366672	0.013850244698424385	0.026282429505000343	0.03933065334461078	0.03864985949266053	0.031120619771474928	0.06633531017558056	0.012953158998904576	0.020250227159838485	0.058153825491600405	0.009378189303233392	0.024263220814989966	0.010056247406471264	0.029400260464225947	0.029603325887471832	0.012585653944717085	0.005909075524692206	0.00901911324265113	0.03909117174520649	0.02734803872647018	0.025661521308777385	0.009930582153575895	0.03984593752225628	0.015035157648730299	0.10093359745884632	0.012348752390111337	0.02633537061126645	0.01782500106322893	0.002588987989895583	0.021237001435338118	0.012463878846535756	0.04838236789150174	0.02386237124654543	6.669068214377046E-4	0.005991942083107055	0.004394753228747991	0.009884364222494614	0.020334789364942187	0.049858169115066166	1.389779302013942	1.390230576402421	0.6493415991219981	2.251387720191868	3.5259459125942625	2.0166470018693854	0.004394753228747991	0.004394753228747991	0.004394753228747991	0	0.004394753228747991	0.004394753228747991	0	0.004394753228747991	0.004394753228747991	0	0.004394753228747991	0.004394753228747991	-347.19043865692686	-89.06799050101942
259	-434.6451123520079	-801.1760088503688	-434.6451123520079	-366.53089649836085	15.061411189266586	0.0395487373993184	0.005480302410750593	0.0032860569296536135	0.05959019482749488	0.034349796881246716	0.013850244698424385	0.026282429505000343	0.022387334400738867	0.030761709334144793	0.031120619771474928	0.06633531017558056	0.012953158998904576	0.020250227159838485	0.058153825491600405	0.009378189303233392	0.02957749457041045	0.028343922362040752	0.029400260464225947	0.029603325887471832	0.03361342937601894	0.005909075524692206	0.00901911324265113	0.03909117174520649	0.02734803872647018	0.025661521308777385	0.009930582153575895	0.03984593752225628	0.015035157648730299	0.07990582202754447	0.012348752390111337	0.03287916475808461	0.01782500106322893	0.002588987989895583	0.021237001435338118	0.012463878846535756	0.04838236789150174	0.01626185517782673	5.70360204033744E-4	0.0071473261474413316	0.0063279816472150835	0.012495656716291211	0.017014126107299358	0.06354608577010089	1.1161691149345876	1.5425717199509086	0.4012779971116812	2.245236470399637	3.5307897332157294	1.4937100307416027	0.0063279816472150835	0.0063279816472150835	0.0063279816472150835	0	0.0063279816472150835	0.0063279816472150835	0	0.0063279816472150835	0.0063279816472150835	0	0.0063279816472150835	0.0063279816472150835	-345.71081567286035	-88.93429667914755
260	-433.86583984472475	-804.0515473182593	-433.86583984472475	-370.18570747353453	12.651873459797091	0.0395487373993184	0.01660256434658669	0.0032860569296536135	0.05959019482749488	0.034349796881246716	0.013850244698424385	0.026282429505000343	0.022387334400738867	0.030761709334144793	0.007122583586665593	0.06633531017558056	0.012953158998904576	0.020250227159838485	0.058153825491600405	0.009378189303233392	0.02957749457041045	0.026803213596053976	0.029400260464225947	0.029603325887471832	0.03361342937601894	0.005909075524692206	0.00901911324265113	0.03909117174520649	0.02734803872647018	0.06113532874349545	0.009930582153575895	0.02872367558642018	0.015035157648730299	0.044432014592826405	0.012348752390111337	0.03287916475808461	0.01782500106322893	0.004129696755882359	0.04523503762014745	0.012463878846535756	0.04838236789150174	0.01626185517782673	5.362173476936178E-4	0.007074235587376374	0.004789169787038417	0.008751940528268897	0.010037223270972005	0.040275696649271574	1.7053616918011694	1.8074237400866242	0.5004344178825513	2.6551349673601137	2.442818918977293	1.8283281106487237	0.004789169787038417	0.004789169787038417	0.004789169787038417	0	0.004789169787038417	0.004789169787038417	0	0.004789169787038417	0.004789169787038417	0	0.004789169787038417	0.004789169787038417	-342.4932987306245	-91.3725411141003
261	-432.91157215459646	-791.6161472367014	-432.91157215459646	-358.704575082105	11.459944125897993	0.0395487373993184	0.01660256434658669	0.0032860569296536135	0.05959019482749488	0.034349796881246716	0.013850244698424385	0.009786958834336973	0.022387334400738867	0.030761709334144793	0.007122583586665593	0.06966115043892093	0.018766926732214903	0.020250227159838485	0.03494832409804648	0.0035644215699230652	0.03147534780149783	0.026803213596053976	0.029400260464225947	0.029603325887471832	0.030287589112678565	0.029114576918246135	0.00901911324265113	0.03909117174520649	0.02734803872647018	0.07763079941415882	0.009930582153575895	0.02872367558642018	0.013137304417642923	0.044432014592826405	0.012348752390111337	0.03287916475808461	0.01782500106322893	0.004129696755882359	0.04523503762014745	0.012463878846535756	0.04838236789150174	0.01626185517782673	3.0072278646771643E-4	0.007336504915382061	0.0033780505860179473	0.007650302341001023	0.011746248250463167	0.050452354241853785	1.6045858398742263	1.1104283563836255	0.7130282906212038	2.2407653474152056	2.2083857909859286	1.9889626457048801	0.0033780505860179473	0.0033780505860179473	0.0033780505860179473	0	0.0033780505860179473	0.0033780505860179473	0	0.0033780505860179473	0.0033780505860179473	0	0.0033780505860179473	0.0033780505860179473	-344.4926293771489	-88.41894277744755
262	-432.6976181196542	-801.6260363420895	-432.6976181196542	-368.92841822243537	13.802124926467913	0.0395487373993184	0.01660256434658669	0.0032860569296536135	0.05959019482749488	0.034349796881246716	0.013850244698424385	0.009786958834336973	0.022387334400738867	0.030761709334144793	0.007122583586665593	0.08643334798153876	0.018766926732214903	0.020250227159838485	0.019256657750533077	0.0035644215699230652	0.011852896161476417	0.026803213596053976	0.012628062921608119	0.005837984144101527	0.0161013717390793	0.0433007942918454	0.00901911324265113	0.03909117174520649	0.02734803872647018	0.03176516394406889	0.025622248501089295	0.02872367558642018	0.013137304417642923	0.044432014592826405	0.012348752390111337	0.03287916475808461	0.01782500106322893	0.093383125609364	0.04523503762014745	0.012463878846535756	0.04838236789150174	0.01626185517782673	6.848399733884201E-5	0.006954125536866776	0.0052111481013752585	0.006545152434248955	0.006055828666521632	0.058253258853773374	1.5624978421652198	1.2143348082375596	0.5328190612048483	1.9936640776348233	2.6669161361352667	2.0369580179569766	0.0052111481013752585	0.0052111481013752585	0.0052111481013752585	0	0.0052111481013752585	0.0052111481013752585	0	0.0052111481013752585	0.0052111481013752585	0	0.0052111481013752585	0.0052111481013752585	-345.33556419915203	-87.36205392050213
263	-432.1095982998622	-817.8694308284414	-432.1095982998622	-385.7598325285791	14.581288259720946	0.0395487373993184	0.015158074208644456	0.0032860569296536135	0.05959019482749488	0.034349796881246716	0.013850244698424385	0.009786958834336973	0.022387334400738867	0.030761709334144793	0.048263740692832874	0.010317620861306803	0.046297035108725834	0.020250227159838485	0.019256657750533077	0.0035644215699230652	0.011852896161476417	0.026803213596053976	0.012628062921608119	0.005837984144101527	0.0161013717390793	0.0433007942918454	0.04471538911210536	0.03909117174520649	0.02734803872647018	0.03176516394406889	0.025622248501089295	0.014605517848465185	0.013137304417642923	0.08485146584360413	0.02490190732457319	0.03287916475808461	0.01782500106322893	0.026276862930178932	0.04523503762014745	0.012463878846535756	0.04982685802944398	0.01626185517782673	2.005043200373486E-4	0.007290399925320953	0.004863854525626185	0.006519353778982664	0.007283672093872278	0.0661234051023552	1.4710236176066056	1.8539565079870766	0.32511553553077943	2.005780191448676	3.7502657972991456	2.6899011061628473	0.004863854525626185	0.004863854525626185	0.004863854525626185	0	0.004863854525626185	0.004863854525626185	0	0.004863854525626185	0.004863854525626185	0	0.004863854525626185	0.004863854525626185	-344.19667227743116	-87.91292602243104
264	-432.0799071752416	-803.8854748390577	-432.0799071752416	-371.805567663816	14.247436074972502	0.0395487373993184	0.015158074208644456	0.04324330748414967	0.05959019482749488	0.03198212534555621	0.013850244698424385	0.009786958834336973	0.022387334400738867	0.030761709334144793	0.048263740692832874	0.03231505937987808	0.046297035108725834	0.020250227159838485	0.019256657750533077	0.005932093105613573	0.011852896161476417	0.026803213596053976	0.012628062921608119	0.016113782923934505	0.03265612425469419	0.0033435437373493387	0.04471538911210536	0.03909117174520649	0.02734803872647018	0.03176516394406889	0.025622248501089295	0.014605517848465185	0.013137304417642923	0.08485146584360413	0.01462610854474021	0.00788451699997994	0.01782500106322893	0.026276862930178932	0.04523503762014745	0.012463878846535756	0.03626931475336248	0.01626185517782673	5.39491896823707E-4	0.006220475626288057	0.006027666540418964	0.00671047735863638	0.009039032389818182	0.148717701734328	1.1146216122075727	2.7622218368873033	0.49179569060102973	1.3414228598402258	2.4068768642317115	1.7425384701896534	0.006027666540418964	0.006027666540418964	0.006027666540418964	0	0.006027666540418964	0.006027666540418964	0	0.006027666540418964	0.006027666540418964	0	0.006027666540418964	0.006027666540418964	-341.19572670918797	-90.88418046605365
265	-432.01179277188123	-803.1411194202506	-432.01179277188123	-371.12932664836933	13.140410774733962	0.0395487373993184	0.015158074208644456	0.04324330748414967	0.05959019482749488	0.03198212534555621	0.013850244698424385	0.009786958834336973	0.010937329301168364	0.030761709334144793	0.048263740692832874	0.03231505937987808	0.046297035108725834	0.020250227159838485	0.019256657750533077	0.005932093105613573	0.0059764904347877346	0.026803213596053976	0.012628062921608119	0.016113782923934505	0.03265612425469419	0.0033435437373493387	0.01170933738678158	0.03909117174520649	0.02734803872647018	0.03176516394406889	0.025622248501089295	0.020481923575153868	0.024587309517213427	0.08485146584360413	0.01462610854474021	0.00788451699997994	0.01782500106322893	0.026276862930178932	0.04523503762014745	0.04546993057185954	0.03626931475336248	0.01626185517782673	5.261615453682155E-4	0.00617909989621301	0.0037504264935214284	0.00493845083085493	0.006881224512057611	0.16355296058965976	1.096975142415578	2.0599815654004794	0.683501592135581	2.062799959639082	2.6224685976411144	2.567762981166969	0.0037504264935214284	0.0037504264935214284	0.0037504264935214284	0	0.0037504264935214284	0.0037504264935214284	0	0.0037504264935214284	0.0037504264935214284	0	0.0037504264935214284	0.0037504264935214284	-344.8925489793037	-87.11924379257755
266	-431.2397357039532	-813.204139487476	-431.2397357039532	-381.9644037835228	13.140410774733962	0.0395487373993184	0.015158074208644456	0.04324330748414967	0.05959019482749488	0.032129833268633265	0.013850244698424385	0.009786958834336973	0.01090039560650441	0.030761709334144793	0.048263740692832874	0.03231505937987808	0.046297035108725834	0.020250227159838485	0.01929359144519703	0.005932093105613573	0.0059764904347877346	0.026803213596053976	0.012628062921608119	0.016113782923934505	0.03265612425469419	0.0033435437373493387	0.01170933738678158	0.03909117174520649	0.02734803872647018	0.031617456020991835	0.025622248501089295	0.020481923575153868	0.024587309517213427	0.08485146584360413	0.01462610854474021	0.00788451699997994	0.01782500106322893	0.026276862930178932	0.04523503762014745	0.04546993057185954	0.03626931475336248	0.01626185517782673	5.08089184000648E-4	0.005383204285495772	0.0033723766162101028	0.004507360075227254	0.009321596337977776	0.18675091440714994	0.7736792034447381	2.084361302224579	0.4992650452876238	1.4751667442302223	2.8234887618631324	2.4022927939062173	0.0033723766162101028	0.0033723766162101028	0.0033723766162101028	0	0.0033723766162101028	0.0033723766162101028	0	0.0033723766162101028	0.0033723766162101028	0	0.0033723766162101028	0.0033723766162101028	-341.09958304661944	-90.1401526573338
267	-431.2196015869793	-801.3859056933163	-431.2196015869793	-370.16630410633695	12.85244390235835	0.0395487373993184	0.015158074208644456	0.04324330748414967	0.05959019482749488	0.012696678122461544	0.013850244698424385	0.009786958834336973	0.01090039560650441	0.030761709334144793	0.027753360040603442	0.03231505937987808	0.033683197708745935	0.020250227159838485	0.01929359144519703	0.005932093105613573	0.0059764904347877346	0.026803213596053976	0.012628062921608119	0.016113782923934505	0.03265612425469419	0.0033435437373493387	0.0437563299329332	0.03909117174520649	0.04785841937869961	0.031617456020991835	0.025622248501089295	0.020481923575153868	0.024587309517213427	0.07842114467960158	0.01462610854474021	0.00788451699997994	0.01782500106322893	0.026276862930178932	0.04523503762014745	0.04546993057185954	0.04269963591736503	0.01626185517782673	4.173764228110471E-4	0.006104527367041733	0.004619697408304742	0.007733727940072726	0.009457081678567328	0.17948674030639233	1.0739665741689217	1.5156429230973658	0.5027554822533122	1.8339088928174807	1.6773747795161957	1.8558748854005849	0.004619697408304742	0.004619697408304742	0.004619697408304742	0	0.004619697408304742	0.004619697408304742	0	0.004619697408304742	0.004619697408304742	0	0.004619697408304742	0.004619697408304742	-342.28124006873696	-88.93836151824233
268	-430.9963399591678	-799.8404195199585	-430.9963399591678	-368.8440795607906	12.85244390235835	0.0395487373993184	0.03457787695428749	0.04324330748414967	0.05959019482749488	0.012696678122461544	0.013850244698424385	0.009786958834336973	0.01090039560650441	0.030761709334144793	0.027753360040603442	0.03231505937987808	0.033683197708745935	0.020250227159838485	0.01929359144519703	0.005932093105613573	0.0059764904347877346	0.026803213596053976	0.012628062921608119	0.016113782923934505	0.013236321509051158	0.0033435437373493387	0.0437563299329332	0.03909117174520649	0.03685675060924787	0.031617456020991835	0.025622248501089295	0.020481923575153868	0.04337410345549929	0.07842114467960158	0.025627777314191955	0.00788451699997994	0.01782500106322893	0.026276862930178932	0.04523503762014745	0.026683136633573676	0.04269963591736503	0.01626185517782673	4.794709159105502E-4	0.007260136502828053	0.006900385903633305	0.0069890083970382206	0.009111770748082155	0.1927468677851697	1.4310399624075758	1.195406135377037	0.49840403050337984	3.3999466735645503	2.0608051499229636	2.2463526996480927	0.006900385903633305	0.006900385903633305	0.006900385903633305	0	0.006900385903633305	0.006900385903633305	0	0.006900385903633305	0.006900385903633305	0	0.006900385903633305	0.006900385903633305	-340.88125187602316	-90.11508808314463
269	-430.8302966045894	-796.3720077855305	-430.8302966045894	-365.54171118094115	14.215131191912167	0.0395487373993184	0.03457787695428749	0.01958483838098596	0.07173204990201647	0.012696678122461544	0.02232232819151375	0.009786958834336973	0.01090039560650441	0.030761709334144793	0.027753360040603442	0.03231505937987808	0.033683197708745935	0.020250227159838485	0.01929359144519703	0.005932093105613573	0.0059764904347877346	0.026803213596053976	0.012628062921608119	0.016113782923934505	0.013236321509051158	0.020656907322905135	0.0344502565223682	0.03543442876433511	0.012383179988764481	0.04394917156695363	0.040808634111163644	0.020481923575153868	0.04337410345549929	0.07842114467960158	0.038590593705628326	0.00788451699997994	0.01782500106322893	0.026276862930178932	0.04523503762014745	0.026683136633573676	0.025386272331809234	0.01626185517782673	3.9061959567807786E-4	0.0069094391482706725	0.006217948708369668	0.007693879948382052	0.004929713821170698	0.12915592051649552	1.2524416343122953	0.9259737851732218	0.5496888010996706	3.104699246957111	1.7511637948378318	2.157872554610098	0.006217948708369668	0.006217948708369668	0.006217948708369668	0	0.006217948708369668	0.006217948708369668	0	0.006217948708369668	0.006217948708369668	0	0.006217948708369668	0.006217948708369668	-339.44230493125747	-91.38799167333198
270	-430.063431227716	-799.4060023347515	-430.063431227716	-369.34257110703544	12.992258434267171	0.0395487373993184	0.03457787695428749	0.01958483838098596	0.07467794846945046	0.012696678122461544	0.02232232819151375	0.009786958834336973	0.01090039560650441	0.030761709334144793	0.027753360040603442	0.03231505937987808	0.033683197708745935	0.020250227159838485	0.01929359144519703	0.005932093105613573	0.0059764904347877346	0.026803213596053976	0.012628062921608119	0.02422426964347557	0.013236321509051158	0.020656907322905135	0.0344502565223682	0.03543442876433511	0.012383179988764481	0.04394917156695363	0.040808634111163644	0.020481923575153868	0.04337410345549929	0.07547524611216759	0.03048010698608726	0.00788451699997994	0.01782500106322893	0.026276862930178932	0.04523503762014745	0.026683136633573676	0.025386272331809234	0.01626185517782673	2.628332524600108E-4	0.006318056827979969	0.005489563879582438	0.008647261506021284	0.003470056533088785	0.09010782104671074	1.6219574366157288	1.1101979999838691	0.39617996191763477	3.161528806115936	1.41635506138878	2.1877505516751645	0.005489563879582438	0.005489563879582438	0.005489563879582438	0	0.005489563879582438	0.005489563879582438	0	0.005489563879582438	0.005489563879582438	0	0.005489563879582438	0.005489563879582438	-340.33124802490664	-89.73218320280938
271	-428.30544684713107	-807.0680190795482	-428.30544684713107	-378.76257223241714	12.057383874528279	0.0395487373993184	0.048805100793010814	0.01958483838098596	0.07467794846945046	0.012696678122461544	0.02232232819151375	0.009786958834336973	0.01090039560650441	0.03532879206995487	0.027753360040603442	0.03231505937987808	0.033683197708745935	0.043904678240965445	0.022034831601290147	0.005932093105613573	0.0059764904347877346	0.026803213596053976	0.012628062921608119	0.02422426964347557	0.013236321509051158	0.020656907322905135	0.05337834927547279	0.03543442876433511	0.012383179988764481	0.01620897625859749	0.017154183030036685	0.02385973452052069	0.04337410345549929	0.06753035243099069	0.03048010698608726	0.00788451699997994	0.01240987977975716	0.026276862930178932	0.04523503762014745	0.02394189647748056	0.025386272331809234	0.01626185517782673	4.5636883945240897E-4	0.005992481347976113	0.005933430618296216	0.010561675528109164	0.003051768688630566	0.0657929125615225	1.1607558258645458	0.765193014304848	0.5241132563442621	2.8088254882668866	1.1653283229295743	1.8070379804676842	0.005933430618296216	0.005933430618296216	0.005933430618296216	0	0.005933430618296216	0.005933430618296216	0	0.005933430618296216	0.005933430618296216	0	0.005933430618296216	0.005933430618296216	-340.45872719317634	-87.8467196539547
272	-428.2540852536998	-813.2388342775537	-428.2540852536998	-384.9847490238538	12.904498863726689	0.0395487373993184	0.048805100793010814	0.01958483838098596	0.07467794846945046	0.047300203245472	0.02232232819151375	0.009786958834336973	0.01090039560650441	0.03532879206995487	0.027753360040603442	0.03231505937987808	0.033683197708745935	0.009301153117954986	0.022034831601290147	0.005932093105613573	0.0059764904347877346	0.026803213596053976	0.012628062921608119	0.02422426964347557	0.013236321509051158	0.020656907322905135	0.05337834927547279	0.031674929127436746	0.012383179988764481	0.01620897625859749	0.017154183030036685	0.02385973452052069	0.04337410345549929	0.06753035243099069	0.03048010698608726	0.00788451699997994	0.01240987977975716	0.026276862930178932	0.04523503762014745	0.02394189647748056	0.0291457719687076	0.01626185517782673	4.936049262944105E-4	0.007675836853461729	0.007424454667272325	0.016502449559409417	0.0031075690388116055	0.057336916029154264	1.2081447153204161	1.2617619390451653	0.4690630544315783	2.887384305426929	1.4795659184811807	1.881109031661421	0.007424454667272325	0.007424454667272325	0.007424454667272325	0	0.007424454667272325	0.007424454667272325	0	0.007424454667272325	0.007424454667272325	0	0.007424454667272325	0.007424454667272325	-337.26036096319314	-90.99372429050666
273	-428.18384937932206	-813.5838881787163	-428.18384937932206	-385.40003879939417	15.354641224289107	0.0395487373993184	0.048805100793010814	0.01958483838098596	0.059997383500895826	0.047300203245472	0.0432765506528236	0.009786958834336973	0.01090039560650441	0.03532879206995487	0.027753360040603442	0.03231505937987808	0.033683197708745935	0.009301153117954986	0.022034831601290147	0.005932093105613573	0.0059764904347877346	0.026803213596053976	0.02730862789016275	0.02422426964347557	0.013236321509051158	0.020656907322905135	0.05337834927547279	0.031674929127436746	0.012383179988764481	0.01620897625859749	0.017154183030036685	0.02385973452052069	0.022419880994189442	0.06753035243099069	0.03048010698608726	0.00788451699997994	0.01240987977975716	0.026276862930178932	0.04523503762014745	0.02394189647748056	0.0291457719687076	0.01626185517782673	4.946782593888234E-4	0.00616931499022383	0.010728588984636932	0.014982130590373809	0.0026597199241825222	0.06120408578054458	1.339187221353847	1.5677023076660221	0.4071769921057116	1.909978973515906	2.522774484064355	1.3703080237721348	0.010728588984636932	0.010728588984636932	0.010728588984636932	0	0.010728588984636932	0.010728588984636932	0	0.010728588984636932	0.010728588984636932	0	0.010728588984636932	0.010728588984636932	-340.26466129606274	-87.91918808325934
274	-427.9507264826223	-802.3578779471493	-427.9507264826223	-374.40715146452703	15.129207983027785	0.0395487373993184	0.048805100793010814	0.01958483838098596	0.059997383500895826	0.047300203245472	0.0432765506528236	0.009786958834336973	0.01090039560650441	0.03532879206995487	0.023140476056244336	0.03231505937987808	0.033683197708745935	0.009301153117954986	0.022034831601290147	0.005932093105613573	0.02642765555160484	0.026803213596053976	0.02730862789016275	0.02422426964347557	0.017849205493410264	0.020656907322905135	0.05337834927547279	0.06056037197042474	0.012383179988764481	0.01620897625859749	0.017154183030036685	0.03303704996991051	0.022419880994189442	0.03864490958800269	0.03048010698608726	0.00788451699997994	0.01240987977975716	0.026276862930178932	0.024783872503330348	0.02394189647748056	0.0291457719687076	0.007084539728436909	4.275518576483166E-4	0.006668004147552381	0.01207710122335994	0.014400057060448564	0.002868335040038671	0.0675145757698418	1.0793358201438361	1.4034065542089447	0.43346675828010756	1.1604557044594652	3.8671050636954862	1.492166347897307	0.01207710122335994	0.01207710122335994	0.01207710122335994	0	0.01207710122335994	0.01207710122335994	0	0.01207710122335994	0.01207710122335994	0	0.01207710122335994	0.01207710122335994	-339.1574263467555	-88.79330013586677
275	-427.7260899105127	-817.2656177409258	-427.7260899105127	-389.539527830413	15.33567100026202	0.0395487373993184	0.048805100793010814	0.01958483838098596	0.059997383500895826	0.047300203245472	0.0432765506528236	0.009786958834336973	0.01090039560650441	0.03532879206995487	0.01813334247381357	0.03231505937987808	0.016904089180825407	0.009301153117954986	0.022034831601290147	0.005932093105613573	0.02642765555160484	0.026803213596053976	0.02730862789016275	0.02422426964347557	0.017849205493410264	0.020656907322905135	0.05337834927547279	0.06056037197042474	0.02916228851668501	0.01620897625859749	0.017154183030036685	0.03303704996991051	0.022419880994189442	0.03864490958800269	0.03048010698608726	0.012891650582410707	0.01240987977975716	0.026276862930178932	0.024783872503330348	0.02394189647748056	0.0291457719687076	0.007084539728436909	9.320682717979767E-5	0.005860432132210766	0.0070735604594698645	0.017023862561076648	0.0022602451838937276	0.07478170173041081	1.0781910793955982	1.3474820255973994	0.47032361549113805	2.965377395701957	3.799907066975227	1.4237993910704014	0.0070735604594698645	0.0070735604594698645	0.0070735604594698645	0	0.0070735604594698645	0.0070735604594698645	0	0.0070735604594698645	0.0070735604594698645	0	0.0070735604594698645	0.0070735604594698645	-337.649001747833	-90.07708816267973
276	-427.1998553124061	-806.0143246679881	-427.1998553124061	-378.81446935558205	15.283961044140263	0.0395487373993184	0.048805100793010814	0.01958483838098596	0.059997383500895826	0.03614721123121477	0.0432765506528236	0.009786958834336973	0.01090039560650441	0.012873386319403157	0.01813334247381357	0.045748943183314655	0.016904089180825407	0.009301153117954986	0.022034831601290147	0.017085085119870808	0.02642765555160484	0.019752847129070883	0.02730862789016275	0.02422426964347557	0.03721877908809376	0.020656907322905135	0.05337834927547279	0.02775691457230467	0.02916228851668501	0.01620897625859749	0.017154183030036685	0.012628921663130996	0.022419880994189442	0.04569527605498579	0.03048010698608726	0.012891650582410707	0.032818008086536676	0.026276862930178932	0.024783872503330348	0.046397302228032275	0.0291457719687076	0.007084539728436909	8.782854219879588E-4	0.006042755611995947	0.0056748395317306926	0.01091697829757151	0.002821097060141394	0.12566340174037932	1.6910587373048136	1.5224208909827073	0.4655888292096057	3.027029533616831	2.9482866115758046	2.05840409731315	0.0056748395317306926	0.0056748395317306926	0.0056748395317306926	0	0.0056748395317306926	0.0056748395317306926	0	0.0056748395317306926	0.0056748395317306926	0	0.0056748395317306926	0.0056748395317306926	-337.85459780982234	-89.34525750258376
277	-427.0895440058379	-803.536923135167	-427.0895440058379	-376.4473791293291	15.038620729431509	0.0395487373993184	0.048805100793010814	0.01067439005184051	0.059997383500895826	0.03614721123121477	0.0432765506528236	0.009786958834336973	0.01090039560650441	0.021783834648548606	0.01813334247381357	0.045748943183314655	0.016904089180825407	0.009301153117954986	0.022034831601290147	0.049273149286776036	0.02642765555160484	0.0097047443141407	0.02730862789016275	0.02422426964347557	0.025809107079052568	0.020656907322905135	0.02119028510856756	0.02775691457230467	0.02916228851668501	0.01620897625859749	0.017154183030036685	0.012628921663130996	0.022419880994189442	0.06715305087895716	0.03048010698608726	0.012891650582410707	0.032818008086536676	0.026276862930178932	0.024783872503330348	0.046397302228032275	0.0291457719687076	0.007084539728436909	3.592724589622597E-4	0.006729122161782657	0.006104443350660845	0.010587952938801676	0.0031193828496320544	0.1680409368506186	1.403046377628509	1.3070695519769007	0.533447071367915	2.593571528475964	2.3755967523197774	2.2903250536552284	0.006104443350660845	0.006104443350660845	0.006104443350660845	0	0.006104443350660845	0.006104443350660845	0	0.006104443350660845	0.006104443350660845	0	0.006104443350660845	0.006104443350660845	-337.62905467798043	-89.46048932785749
278	-427.00281049664784	-800.5476091884241	-427.00281049664784	-373.54479869177624	16.61120926210228	0.0395487373993184	0.03968988726476419	0.01067439005184051	0.059997383500895826	0.03614721123121477	0.05239176418107022	0.009786958834336973	0.01090039560650441	0.021783834648548606	0.01813334247381357	0.045748943183314655	0.016904089180825407	0.009301153117954986	0.022034831601290147	0.038167516770454574	0.02642765555160484	0.0097047443141407	0.02730862789016275	0.02422426964347557	0.025809107079052568	0.020656907322905135	0.02119028510856756	0.056996443876313974	0.02916228851668501	0.01620897625859749	0.017154183030036685	0.012628921663130996	0.022419880994189442	0.03791352157494786	0.03048010698608726	0.02399728309873217	0.032818008086536676	0.026276862930178932	0.024783872503330348	0.046397302228032275	0.0291457719687076	0.007084539728436909	4.4006652749119414E-4	0.005825985163350219	0.005241970664353731	0.019645699383444043	0.0016093124423982924	0.19802681895758645	1.3304838482215575	1.3023993539473415	0.9301634611138339	2.7412222895236718	1.6088376552100836	1.7615466807165692	0.005241970664353731	0.005241970664353731	0.005241970664353731	0	0.005241970664353731	0.005241970664353731	0	0.005241970664353731	0.005241970664353731	0	0.005241970664353731	0.005241970664353731	-339.33071962385355	-87.67209087279429
279	-426.6300528459122	-797.1744340616483	-426.6300528459122	-370.54438121573617	14.72648750123366	0.04275525282819358	0.03968988726476419	0.01881523624599918	0.059997383500895826	0.03614721123121477	0.05239176418107022	0.009786958834336973	0.01090039560650441	0.021783834648548606	0.01813334247381357	0.045748943183314655	0.016904089180825407	0.009301153117954986	0.01882831617241497	0.038167516770454574	0.02642765555160484	0.0097047443141407	0.02730862789016275	0.02422426964347557	0.025809107079052568	0.020656907322905135	0.02119028510856756	0.056996443876313974	0.02916228851668501	0.01620897625859749	0.017154183030036685	0.012628921663130996	0.022419880994189442	0.03791352157494786	0.03048010698608726	0.0158564369045735	0.024033767759957803	0.035061103256757806	0.024783872503330348	0.046397302228032275	0.0291457719687076	0.007084539728436909	1.5959666992575747E-4	0.005767016332942727	0.009294639919780436	0.012280217223013831	0.002593091909387589	0.31009767168009883	1.0667261772402779	1.0588446093728394	0.7051799836706627	3.2604867749953557	1.6489637692790673	1.7996883013984386	0.009294639919780436	0.009294639919780436	0.009294639919780436	0	0.009294639919780436	0.009294639919780436	0	0.009294639919780436	0.009294639919780436	0	0.009294639919780436	0.009294639919780436	-338.40569305252643	-88.22435979338574
280	-426.28339422539557	-799.1072914832367	-426.28339422539557	-372.82389725784117	14.728013937829552	0.04275525282819358	0.03968988726476419	0.01881523624599918	0.059997383500895826	0.03614721123121477	0.05239176418107022	0.009786958834336973	0.01090039560650441	0.013161094297349796	0.01813334247381357	0.045748943183314655	0.016904089180825407	0.009301153117954986	0.01882831617241497	0.038167516770454574	0.02642765555160484	0.0097047443141407	0.014235727002883225	0.018370111580140125	0.025809107079052568	0.03372980821018466	0.02119028510856756	0.056996443876313974	0.02916228851668501	0.01620897625859749	0.017154183030036685	0.012628921663130996	0.031042621345388252	0.03791352157494786	0.03048010698608726	0.0158564369045735	0.024033767759957803	0.035061103256757806	0.024783872503330348	0.046397302228032275	0.03499993003204305	0.007084539728436909	4.4933246556664544E-4	0.006699099670600959	0.01021982139345495	0.00954320455780589	0.0023275523866928436	0.3137844944926998	1.2288735840399374	1.2652650589430083	0.6475378451119606	2.9222072165806483	1.1325588603115349	1.7496402222182699	0.01021982139345495	0.01021982139345495	0.01021982139345495	0	0.01021982139345495	0.01021982139345495	0	0.01021982139345495	0.01021982139345495	0	0.01021982139345495	0.01021982139345495	-338.7713021790634	-87.51209204633214
281	-426.11836598421996	-814.9908931434688	-426.11836598421996	-388.8725271592488	18.516426790641326	0.04275525282819358	0.023422241323807103	0.01881523624599918	0.08168142080761358	0.03614721123121477	0.05239176418107022	0.009786958834336973	0.01090039560650441	0.013161094297349796	0.01813334247381357	0.045748943183314655	0.016904089180825407	0.009301153117954986	0.01882831617241497	0.038167516770454574	0.028533263559577943	0.0097047443141407	0.05184428452980894	0.018370111580140125	0.025809107079052568	0.03372980821018466	0.015773893742806896	0.01938788634938826	0.02916228851668501	0.014103368250624387	0.013962359503337907	0.012628921663130996	0.031042621345388252	0.04110534510164664	0.03048010698608726	0.0158564369045735	0.04445096346345634	0.035061103256757806	0.024783872503330348	0.02598010652453374	0.03499993003204305	0.007084539728436909	2.933963477284373E-4	0.006523566308731947	0.008458405558705792	0.010281310046875146	0.001713552552244141	0.36490118635638935	0.8862220253135134	1.4341148198455387	0.451633855768716	4.845193662573538	1.4080815716402673	2.5565093624465103	0.008458405558705792	0.008458405558705792	0.008458405558705792	0	0.008458405558705792	0.008458405558705792	0	0.008458405558705792	0.008458405558705792	0	0.008458405558705792	0.008458405558705792	-335.3860303106316	-90.73233567358835
282	-425.9608189739815	-796.9959400368103	-425.9608189739815	-371.03512106282886	16.813027381683217	0.04275525282819358	0.02976326840307797	0.015031957804953311	0.06867037023762305	0.03614721123121477	0.05239176418107022	0.011769486047353922	0.01090039560650441	0.013161094297349796	0.023481990572682493	0.045748943183314655	0.016904089180825407	0.00818340627517089	0.01882831617241497	0.033936615514369745	0.0036092315292717003	0.0097047443141407	0.05184428452980894	0.018370111580140125	0.025809107079052568	0.03372980821018466	0.015773893742806896	0.01938788634938826	0.05408632054699125	0.014103368250624387	0.02697341007332843	0.012628921663130996	0.031042621345388252	0.04110534510164664	0.03048010698608726	0.0158564369045735	0.04445096346345634	0.035061103256757806	0.026584623731359266	0.02598010652453374	0.02865890295277218	0.007084539728436909	3.243225980268679E-4	0.00694171431913202	0.009390996867110122	0.006693102879252726	0.0013542427449594182	0.49354679104476235	0.994510406287475	1.289531493051259	0.31342990318608555	2.041421450949018	1.3977372305050826	1.8801911947974244	0.009390996867110122	0.009390996867110122	0.009390996867110122	0	0.009390996867110122	0.009390996867110122	0	0.009390996867110122	0.009390996867110122	0	0.009390996867110122	0.009390996867110122	-337.3879746808881	-88.5728442930934
283	-425.6468092954277	-814.369568316846	-425.6468092954277	-388.72275902141826	16.431317546357246	0.03718863849317332	0.02976326840307797	0.015031957804953311	0.06867037023762305	0.027917582908550828	0.05239176418107022	0.02813475915577343	0.01090039560650441	0.013161094297349796	0.023481990572682493	0.045748943183314655	0.016904089180825407	0.00818340627517089	0.01882831617241497	0.039503229849390004	0.0036092315292717003	0.0097047443141407	0.05184428452980894	0.018370111580140125	0.03403873540171651	0.017364535101765152	0.015773893742806896	0.01938788634938826	0.01974970635089046	0.014103368250624387	0.02697341007332843	0.012628921663130996	0.031042621345388252	0.07544195929774743	0.03048010698608726	0.0158564369045735	0.04445096346345634	0.035061103256757806	0.026584623731359266	0.02598010652453374	0.02865890295277218	0.007084539728436909	4.6909144278287995E-4	0.005996725935081901	0.007073728081558786	0.004931805795048073	0.0010456413059175826	0.40420714990498646	0.8102568534877798	1.1733471661387602	0.4054444971702689	2.041407561936671	2.030361174758916	2.5893097666749827	0.007073728081558786	0.007073728081558786	0.007073728081558786	0	0.007073728081558786	0.007073728081558786	0	0.007073728081558786	0.007073728081558786	0	0.007073728081558786	0.007073728081558786	-332.23195720631054	-93.41485208911716
284	-425.14502855781313	-810.0188197142373	-425.14502855781313	-384.8737911564242	17.227419931296197	0.03718863849317332	0.02976326840307797	0.015031957804953311	0.07799454645827668	0.027917582908550828	0.018138000772669638	0.02813475915577343	0.01090039560650441	0.01774854109991153	0.023481990572682493	0.041045704180638215	0.012316642378263673	0.00818340627517089	0.01882831617241497	0.039503229849390004	0.0036092315292717003	0.0097047443141407	0.049290352707268115	0.018370111580140125	0.03403873540171651	0.017364535101765152	0.015773893742806896	0.01938788634938826	0.01974970635089046	0.014103368250624387	0.02697341007332843	0.012628921663130996	0.031042621345388252	0.07544195929774743	0.03048010698608726	0.0158564369045735	0.035126787242802715	0.035061103256757806	0.06554162614243629	0.02598010652453374	0.02865890295277218	0.009638471550977731	2.1429152419400442E-4	0.006614479047547626	0.008833708955989016	0.005640860243419237	0.0010864627563402765	0.2719740929041906	1.0962951929161247	1.1358140302028554	0.5668986675278528	1.7041610033216086	1.890152242014067	2.3081266811111596	0.008833708955989016	0.008833708955989016	0.008833708955989016	0	0.008833708955989016	0.008833708955989016	0	0.008833708955989016	0.008833708955989016	0	0.008833708955989016	0.008833708955989016	-337.61123177065053	-87.53379678716263
285	-424.91309327700907	-819.1188733104266	-424.91309327700907	-394.2057800334175	15.645914511398527	0.03718863849317332	0.02976326840307797	0.015031957804953311	0.07799454645827668	0.027917582908550828	0.018138000772669638	0.02813475915577343	0.01090039560650441	0.01774854109991153	0.023481990572682493	0.041045704180638215	0.012316642378263673	0.00818340627517089	0.01882831617241497	0.039503229849390004	0.0036092315292717003	0.0097047443141407	0.049290352707268115	0.018370111580140125	0.03403873540171651	0.017364535101765152	0.015773893742806896	0.018852752910385795	0.01974970635089046	0.014103368250624387	0.02697341007332843	0.012628921663130996	0.03777424206983225	0.06871033857330343	0.03048010698608726	0.0158564369045735	0.05818695701511323	0.012000933484447293	0.06607675958143876	0.02598010652453374	0.02865890295277218	0.009638471550977731	3.791501040128196E-4	0.006907527299329155	0.00848803821884099	0.0037984874043522714	0.0011766159352969347	0.24904973761191102	1.0742887726198778	1.3089915987827234	0.5002066233264925	2.1552369715131587	1.4802149467792654	1.7374462570231735	0.00848803821884099	0.00848803821884099	0.00848803821884099	0	0.00848803821884099	0.00848803821884099	0	0.00848803821884099	0.00848803821884099	0	0.00848803821884099	0.00848803821884099	-334.99798842479106	-89.91510485221802
286	-424.8357996328233	-818.1606778315049	-424.8357996328233	-393.3248781986817	16.44406314673148	0.035869562534274854	0.02976326840307797	0.015031957804953311	0.07799454645827668	0.027917582908550828	0.018138000772669638	0.02813475915577343	0.01090039560650441	0.01774854109991153	0.023481990572682493	0.041045704180638215	0.012316642378263673	0.00818340627517089	0.01882831617241497	0.03570023380555362	0.0036092315292717003	0.0097047443141407	0.049290352707268115	0.018370111580140125	0.011984688218353051	0.014862153887123628	0.015773893742806896	0.018852752910385795	0.01974970635089046	0.014103368250624387	0.02697341007332843	0.020253374880507366	0.03777424206983225	0.06871033857330343	0.03048010698608726	0.0158564369045735	0.05818695701511323	0.012000933484447293	0.06607675958143876	0.048034153707897195	0.02865890295277218	0.009638471550977731	1.7565124755183865E-4	0.0078199442360776	0.008245870043749458	0.003953140104707517	0.0012834824007166954	0.3711702705763254	0.9857934251885302	1.0425955620037914	0.4668515164957828	2.23624276647085	0.9607007384422717	2.2389970036469387	0.008245870043749458	0.008245870043749458	0.008245870043749458	0	0.008245870043749458	0.008245870043749458	0	0.008245870043749458	0.008245870043749458	0	0.008245870043749458	0.008245870043749458	-335.62806095606385	-89.20773867675942
287	-424.16536118541194	-812.8965155657329	-424.16536118541194	-388.7311543803209	16.292416840241348	0.035869562534274854	0.02976326840307797	0.015031957804953311	0.07799454645827668	0.027917582908550828	0.018138000772669638	0.017738502739361256	0.01090039560650441	0.01774854109991153	0.023481990572682493	0.041045704180638215	0.012316642378263673	0.00818340627517089	0.01882831617241497	0.03570023380555362	0.0036092315292717003	0.0097047443141407	0.049290352707268115	0.018370111580140125	0.011984688218353051	0.014862153887123628	0.015773893742806896	0.018852752910385795	0.01974970635089046	0.014103368250624387	0.023756372189260633	0.03064963129691954	0.03777424206983225	0.06871033857330343	0.03048010698608726	0.0158564369045735	0.05818695701511323	0.01521797136851509	0.06607675958143876	0.048034153707897195	0.02865890295277218	0.009638471550977731	5.40101057207007E-4	0.006842999344717074	0.006060879662835364	0.006009103890587221	7.719233326505914E-4	0.38189335953155973	0.7891067321750881	1.0879662091989273	0.3725621173109811	2.8034627804334864	1.1132032054665555	2.9240467556087526	0.006060879662835364	0.006060879662835364	0.006060879662835364	0	0.006060879662835364	0.006060879662835364	0	0.006060879662835364	0.006060879662835364	0	0.006060879662835364	0.006060879662835364	-333.98695392426214	-90.17840726114983
288	-423.2902506428625	-824.0537246981135	-423.2902506428625	-400.76347405525104	16.273858943700038	0.035869562534274854	0.02976326840307797	0.015031957804953311	0.07799454645827668	0.027917582908550828	0.018138000772669638	0.017738502739361256	0.03907085810409411	0.01774854109991153	0.023481990572682493	0.041045704180638215	0.012316642378263673	0.00818340627517089	0.01882831617241497	0.03570023380555362	0.0036092315292717003	0.0097047443141407	0.049290352707268115	0.010372301925997918	0.011984688218353051	0.022859963541265835	0.015773893742806896	0.018852752910385795	0.01974970635089046	0.05478265458978002	0.023756372189260633	0.03064963129691954	0.03777424206983225	0.06871033857330343	0.03048010698608726	0.0158564369045735	0.03001649451752353	0.01521797136851509	0.025397473242283128	0.048034153707897195	0.02865890295277218	0.009638471550977731	2.639837757599713E-4	0.006774497368515033	0.007235954988750645	0.0044965706399255215	0.0010380074127908977	0.3047386072359968	0.7731878405414855	1.0397698869659615	0.30453007112635927	2.1135831414318496	0.9463986020360713	1.7103189593129022	0.007235954988750645	0.007235954988750645	0.007235954988750645	0	0.007235954988750645	0.007235954988750645	0	0.007235954988750645	0.007235954988750645	0	0.007235954988750645	0.007235954988750645	-334.222485248207	-89.06776539465545
289	-423.1718527276199	-816.8712933511517	-423.1718527276199	-393.6994406235318	14.534878297709763	0.035869562534274854	0.02976326840307797	0.015031957804953311	0.10703374594274799	0.041702494050679925	0.008814619279990221	0.017738502739361256	0.03907085810409411	0.01774854109991153	0.010652993457851506	0.041045704180638215	0.012316642378263673	0.00818340627517089	0.01882831617241497	0.03570023380555362	0.028667791275353544	0.0097047443141407	0.02423179296118627	0.010372301925997918	0.011984688218353051	0.022859963541265835	0.015773893742806896	0.018852752910385795	0.01974970635089046	0.05478265458978002	0.009971461047131536	0.03064963129691954	0.03777424206983225	0.06871033857330343	0.03048010698608726	0.0158564369045735	0.03001649451752353	0.01521797136851509	0.025397473242283128	0.0283183357161053	0.04148790006760317	0.009638471550977731	7.114684528482601E-4	0.005731520819688325	0.010032601328148047	0.007262893431469987	0.0014402465866980916	0.3373917926254846	0.8195727781200141	1.051473567816701	0.2489764535781645	2.7938075299583485	1.3733520123104672	1.8330907427640366	0.010032601328148047	0.010032601328148047	0.010032601328148047	0	0.010032601328148047	0.010032601328148047	0	0.010032601328148047	0.010032601328148047	0	0.010032601328148047	0.010032601328148047	-335.6708241061293	-87.50102862149059
290	-423.06178352538745	-809.322775092531	-423.06178352538745	-386.26099156714355	13.91701431982913	0.035869562534274854	0.02178687831784154	0.015031957804953311	0.10703374594274799	0.041702494050679925	0.008814619279990221	0.017738502739361256	0.03907085810409411	0.01774854109991153	0.018629383543087935	0.041045704180638215	0.012316642378263673	0.00818340627517089	0.01882831617241497	0.07359181808404544	0.028667791275353544	0.0097047443141407	0.02423179296118627	0.010372301925997918	0.018755468928202873	0.022859963541265835	0.03223520709449433	0.018852752910385795	0.01974970635089046	0.048011873879930195	0.009971461047131536	0.014188317945232107	0.03777424206983225	0.03081875429481161	0.03048010698608726	0.0158564369045735	0.03001649451752353	0.01521797136851509	0.025397473242283128	0.0283183357161053	0.04148790006760317	0.009638471550977731	6.268798845076874E-4	0.006593015838618157	0.006325441197046341	0.004989695285245857	0.0011557039529663533	0.4820802964176194	0.9686361267975273	1.00370523618906	0.2760175411239235	2.674122964886391	1.3082528292713036	2.406408304740605	0.006325441197046341	0.006325441197046341	0.006325441197046341	0	0.006325441197046341	0.006325441197046341	0	0.006325441197046341	0.006325441197046341	0	0.006325441197046341	0.006325441197046341	-337.0521818080954	-86.00960171729204
291	-423.0312985125622	-799.7431391354276	-423.0312985125622	-376.7118406228653	16.825689925570074	0.035869562534274854	0.02178687831784154	0.015031957804953311	0.10703374594274799	0.041702494050679925	0.008814619279990221	0.017738502739361256	0.03907085810409411	0.01774854109991153	0.018629383543087935	0.03634342823429379	0.012316642378263673	0.00818340627517089	0.01882831617241497	0.07359181808404544	0.028667791275353544	0.0097047443141407	0.02423179296118627	0.010372301925997918	0.018755468928202873	0.01332282141072648	0.011711476548282182	0.018852752910385795	0.01974970635089046	0.048011873879930195	0.030495191593343685	0.014188317945232107	0.03777424206983225	0.03081875429481161	0.03048010698608726	0.030095854981457282	0.03001649451752353	0.01521797136851509	0.025397473242283128	0.0283183357161053	0.04148790006760317	0.009638471550977731	1.638927334096937E-4	0.007181241735243993	0.010880685071601224	0.004948504649303831	9.955285348132675E-4	0.3740449638646487	0.9250284292753259	1.2987632989452602	0.28925111674220927	1.932783531568478	1.2314654301750467	1.8755426923068297	0.010880685071601224	0.010880685071601224	0.010880685071601224	0	0.010880685071601224	0.010880685071601224	0	0.010880685071601224	0.010880685071601224	0	0.010880685071601224	0.010880685071601224	-335.76059970444845	-87.27069880811379
292	-422.9500493885778	-815.809354033522	-422.9500493885778	-392.85930464494425	18.608592194690992	0.035869562534274854	0.02178687831784154	0.024644118256344327	0.10703374594274799	0.041702494050679925	0.008814619279990221	0.017738502739361256	0.04955690838506849	0.01774854109991153	0.018629383543087935	0.03634342823429379	0.012316642378263673	0.00818340627517089	0.01882831617241497	0.07359181808404544	0.028667791275353544	0.0097047443141407	0.02423179296118627	0.010372301925997918	0.018755468928202873	0.01332282141072648	0.011711476548282182	0.018852752910385795	0.01974970635089046	0.048011873879930195	0.030495191593343685	0.014188317945232107	0.028162081618441234	0.02033270401383723	0.03048010698608726	0.030095854981457282	0.03001649451752353	0.01521797136851509	0.025397473242283128	0.0283183357161053	0.04148790006760317	0.009638471550977731	3.5601019008335604E-4	0.005339358455175383	0.012035136059028343	0.0056406684641888034	0.0011910777850854329	0.28369353736465047	1.1706864079769348	1.2199585118941185	0.34056392310836553	3.5640917013509967	1.1835759876986724	1.807513762783514	0.012035136059028343	0.012035136059028343	0.012035136059028343	0	0.012035136059028343	0.012035136059028343	0	0.012035136059028343	0.012035136059028343	0	0.012035136059028343	0.012035136059028343	-336.2656688813503	-86.6843805072275
293	-422.2448705504178	-822.1792068420162	-422.2448705504178	-399.93433629159847	17.710368889628636	0.035869562534274854	0.02178687831784154	0.024644118256344327	0.10703374594274799	0.041702494050679925	0.018091567167333678	0.017738502739361256	0.04955690838506849	0.01774854109991153	0.018629383543087935	0.027066480346950333	0.012316642378263673	0.00818340627517089	0.01882831617241497	0.07359181808404544	0.028667791275353544	0.0097047443141407	0.02423179296118627	0.010372301925997918	0.018755468928202873	0.012933369463290698	0.0393167646453285	0.018852752910385795	0.01974970635089046	0.022977410764448897	0.030495191593343685	0.014188317945232107	0.028162081618441234	0.02033270401383723	0.027909282004522237	0.030095854981457282	0.03001649451752353	0.01521797136851509	0.025397473242283128	0.0283183357161053	0.04187735201503895	0.009638471550977731	2.056695351020163E-4	0.0057759228122166205	0.0066403513362133055	0.005737418136438639	0.0013342610787614203	0.16697804105798997	1.6240838430854447	1.1020724379723017	0.16965258673057326	2.5808648901842064	1.4602617017948496	2.2880477675184694	0.0066403513362133055	0.0066403513362133055	0.0066403513362133055	0	0.0066403513362133055	0.0066403513362133055	0	0.0066403513362133055	0.0066403513362133055	0	0.0066403513362133055	0.0066403513362133055	-335.53471437751705	-86.71015617290071
294	-422.0243372733709	-815.4778903335865	-422.0243372733709	-393.4535530602156	14.323282871479394	0.035869562534274854	0.02178687831784154	0.024644118256344327	0.10035786916121629	0.041702494050679925	0.020887662484577574	0.017738502739361256	0.04955690838506849	0.01774854109991153	0.018629383543087935	0.027066480346950333	0.012316642378263673	0.00818340627517089	0.01882831617241497	0.07359181808404544	0.028667791275353544	0.0097047443141407	0.02423179296118627	0.010372301925997918	0.018755468928202873	0.019609246244822395	0.0393167646453285	0.018852752910385795	0.01974970635089046	0.022977410764448897	0.02769909627609979	0.014188317945232107	0.028162081618441234	0.02033270401383723	0.027909282004522237	0.030095854981457282	0.03001649451752353	0.01521797136851509	0.025397473242283128	0.0283183357161053	0.04187735201503895	0.009638471550977731	2.1771180118418395E-4	0.006015199825051192	0.005486648270181143	0.005583794945322948	0.0014127727535503066	0.18165083401031037	1.3643914538712583	1.4386098729316426	0.28807948516040344	1.5353729628440147	1.6262055506590645	2.3359883049493435	0.005486648270181143	0.005486648270181143	0.005486648270181143	0	0.005486648270181143	0.005486648270181143	0	0.005486648270181143	0.005486648270181143	0	0.005486648270181143	0.005486648270181143	-334.8196174828071	-87.20471979056384
295	-421.96067439165927	-813.9340508619973	-421.96067439165927	-391.973376470338	16.46155287522115	0.035869562534274854	0.02178687831784154	0.035987476451018574	0.10035786916121629	0.027576652398329835	0.015484613631197852	0.017738502739361256	0.04955690838506849	0.01774854109991153	0.018629383543087935	0.027066480346950333	0.012316642378263673	0.008448277693633544	0.01882831617241497	0.07332694666558279	0.028667791275353544	0.0097047443141407	0.02423179296118627	0.010372301925997918	0.018755468928202873	0.019609246244822395	0.0393167646453285	0.018852752910385795	0.01974970635089046	0.02838045961782862	0.02769909627609979	0.014188317945232107	0.028162081618441234	0.02033270401383723	0.027909282004522237	0.04422169663380737	0.03376504720700535	0.01521797136851509	0.01030556235812706	0.0283183357161053	0.04187735201503895	0.009638471550977731	6.293023485730372E-4	0.0055541564770912365	0.007603502676213131	0.005491742896791254	0.0014556719917614824	0.2700833341633315	1.2755154703240714	1.6238230588052256	0.24861982960908507	2.0378027796376217	1.5931859183432568	2.31372038493239	0.007603502676213131	0.007603502676213131	0.007603502676213131	0	0.007603502676213131	0.007603502676213131	0	0.007603502676213131	0.007603502676213131	0	0.007603502676213131	0.007603502676213131	-333.3011387047001	-88.65953568695912
296	-421.7862421407632	-804.831290347421	-421.7862421407632	-383.04504820665784	16.072853493055277	0.035869562534274854	0.02178687831784154	0.035987476451018574	0.10035786916121629	0.027576652398329835	0.015484613631197852	0.017738502739361256	0.04955690838506849	0.01774854109991153	0.01640815928235781	0.027066480346950333	0.012316642378263673	0.017614563565175656	0.01882831617241497	0.07332694666558279	0.028667791275353544	0.0097047443141407	0.02423179296118627	0.012593526186728043	0.018755468928202873	0.019609246244822395	0.0393167646453285	0.018852752910385795	0.01974970635089046	0.019214173746286506	0.02769909627609979	0.014188317945232107	0.028162081618441234	0.02033270401383723	0.027909282004522237	0.04422169663380737	0.03376504720700535	0.01521797136851509	0.01030556235812706	0.0283183357161053	0.04187735201503895	0.009638471550977731	3.7881767761246125E-4	0.006905646227078581	0.003957036882316651	0.005897637628634512	0.0010186894013713916	0.42866966977426274	1.264980683937813	1.3798880170477195	0.26581091475412066	2.4389619736620363	1.4214485735159395	2.514201386913342	0.003957036882316651	0.003957036882316651	0.003957036882316651	0	0.003957036882316651	0.003957036882316651	0	0.003957036882316651	0.003957036882316651	0	0.003957036882316651	0.003957036882316651	-335.0592362819533	-86.72700585880986
297	-421.32221081999853	-822.7640466763551	-421.32221081999853	-401.4418358563566	15.452599693653458	0.035869562534274854	0.02178687831784154	0.035987476451018574	0.10035786916121629	0.07382661096001718	0.015484613631197852	0.017738502739361256	0.04955690838506849	0.01774854109991153	0.01640815928235781	0.027066480346950333	0.012316642378263673	0.01759567408915519	0.018847205648435436	0.027076988103895444	0.028667791275353544	0.0097047443141407	0.02423179296118627	0.012593526186728043	0.018755468928202873	0.019609246244822395	0.0393167646453285	0.018852752910385795	0.01974970635089046	0.019214173746286506	0.02769909627609979	0.014188317945232107	0.028162081618441234	0.02033270401383723	0.027909282004522237	0.04422169663380737	0.03376504720700535	0.01521797136851509	0.01030556235812706	0.0283183357161053	0.04187735201503895	0.009638471550977731	7.33995849617479E-4	0.005957085637948386	0.0038225965266131807	0.0060484235981421355	0.0015406064259639713	0.3034582792603761	1.241953891456586	1.2586008752315405	0.24529619152393486	2.9115256909935723	1.5485318241585695	3.2939881358727936	0.0038225965266131807	0.0038225965266131807	0.0038225965266131807	0	0.0038225965266131807	0.0038225965266131807	0	0.0038225965266131807	0.0038225965266131807	0	0.0038225965266131807	0.0038225965266131807	-331.78582763014305	-89.53638318985546
298	-421.07520837428274	-823.447441706028	-421.07520837428274	-402.37223333174535	14.934957196761168	0.035869562534274854	0.02178687831784154	0.03957853245578241	0.10035786916121629	0.07382661096001718	0.01686004419688064	0.017738502739361256	0.04955690838506849	0.01774854109991153	0.01640815928235781	0.027066480346950333	0.012316642378263673	0.01759567408915519	0.018847205648435436	0.027076988103895444	0.028667791275353544	0.0097047443141407	0.02423179296118627	0.012593526186728043	0.018755468928202873	0.015368776452885688	0.0393167646453285	0.018852752910385795	0.01974970635089046	0.019214173746286506	0.02769909627609979	0.014188317945232107	0.028162081618441234	0.02033270401383723	0.0243182259997584	0.04708673586006129	0.03376504720700535	0.01521797136851509	0.01030556235812706	0.0283183357161053	0.04187735201503895	0.009638471550977731	6.068315622606249E-4	0.005883408614539548	0.002581502927154391	0.005879617056235414	0.001531500896095076	0.2403809189561507	1.5578221682928217	1.475095931590784	0.3263684606153627	2.4745994538730804	2.4614006278840987	3.741827756426517	0.002581502927154391	0.002581502927154391	0.002581502927154391	0	0.002581502927154391	0.002581502927154391	0	0.002581502927154391	0.002581502927154391	0	0.002581502927154391	0.002581502927154391	-332.6885833620047	-88.38662501227807
299	-421.068684935894	-814.7104743681863	-421.068684935894	-393.6417894322923	15.773156016421519	0.04777676188289946	0.02178687831784154	0.026323639408307675	0.10035786916121629	0.07382661096001718	0.01686004419688064	0.017738502739361256	0.04955690838506849	0.01774854109991153	0.01640815928235781	0.03090145518199014	0.012316642378263673	0.013760699254115383	0.018847205648435436	0.027076988103895444	0.028667791275353544	0.0097047443141407	0.02423179296118627	0.012593526186728043	0.018755468928202873	0.015368776452885688	0.0393167646453285	0.018852752910385795	0.01974970635089046	0.019214173746286506	0.02769909627609979	0.014188317945232107	0.028162081618441234	0.02033270401383723	0.027558980049649948	0.04708673586006129	0.03376504720700535	0.01521797136851509	0.01030556235812706	0.0283183357161053	0.03998429166399753	0.009638471550977731	4.7064618369141177E-4	0.00637154581284209	0.0022833142346614715	0.0036724032944492526	0.0019029072213417003	0.2936927690215029	1.0301415816859676	1.8804782747147002	0.27164697132532983	2.690477002773089	2.2237740614359045	4.061263834247163	0.0022833142346614715	0.0022833142346614715	0.0022833142346614715	0	0.0022833142346614715	0.0022833142346614715	0	0.0022833142346614715	0.0022833142346614715	0	0.0022833142346614715	0.0022833142346614715	-330.8659719181803	-90.20271301771369
300	-420.87649417437945	-804.7777393541344	-420.87649417437945	-383.9012451797549	17.279406644874474	0.032137350408744866	0.02178687831784154	0.026323639408307675	0.10035786916121629	0.07382661096001718	0.01686004419688064	0.017738502739361256	0.04955690838506849	0.01774854109991153	0.01640815928235781	0.03253046173353699	0.012316642378263673	0.013760699254115383	0.017588291843940493	0.027076988103895444	0.028667791275353544	0.010963658118635644	0.02423179296118627	0.012593526186728043	0.018755468928202873	0.015368776452885688	0.0393167646453285	0.018852752910385795	0.03538911782504506	0.019214173746286506	0.02769909627609979	0.014188317945232107	0.028162081618441234	0.02033270401383723	0.027558980049649948	0.04708673586006129	0.03376504720700535	0.01521797136851509	0.01030556235812706	0.0283183357161053	0.03835528511245068	0.009638471550977731	1.9736053729082367E-4	0.006160038334595135	0.0016844927482000443	0.008418077379026013	0.0017862040171426937	0.2759656214517747	1.4991760071629683	1.24064415470491	0.24529110600554857	3.1785534421571717	1.6702272002956933	2.7542356696640886	0.0016844927482000443	0.0016844927482000443	0.0016844927482000443	0	0.0016844927482000443	0.0016844927482000443	0	0.0016844927482000443	0.0016844927482000443	0	0.0016844927482000443	0.0016844927482000443	-336.269002571142	-84.60749160323748
301	-420.7889464220315	-818.5923274262132	-420.7889464220315	-397.80338100418163	17.099823047980784	0.032137350408744866	0.02178687831784154	0.026323639408307675	0.10035786916121629	0.07382661096001718	0.01686004419688064	0.026428843238764793	0.04955690838506849	0.01774854109991153	0.01640815928235781	0.024022291864431916	0.012316642378263673	0.013760699254115383	0.017588291843940493	0.027076988103895444	0.028667791275353544	0.02535446166605504	0.02423179296118627	0.020902588234099295	0.018755468928202873	0.015368776452885688	0.041650610908819705	0.03302174780319567	0.034950227882884266	0.019214173746286506	0.02769909627609979	0.014188317945232107	0.028162081618441234	0.02033270401383723	0.019249918002278696	0.04752562580222208	0.025074706707601813	0.01521797136851509	0.01030556235812706	0.0283183357161053	0.015969810277835284	0.009638471550977731	4.181354901491394E-4	0.005804786107046763	0.0012878583938763645	0.006883896187375374	0.0018848651090763728	0.3100067834691209	1.9221754227497616	1.6488783957800388	0.13874424639257443	4.226167393283291	1.328776547287959	4.456864711162168	0.0012878583938763645	0.0012878583938763645	0.0012878583938763645	0	0.0012878583938763645	0.0012878583938763645	0	0.0012878583938763645	0.0012878583938763645	0	0.0012878583938763645	0.0012878583938763645	-334.2060319981393	-86.58291442389216
302	-420.77800028795065	-826.8103567525291	-420.77800028795065	-406.0323564645784	17.109690496076762	0.032137350408744866	0.02178687831784154	0.026323639408307675	0.10035786916121629	0.07382661096001718	0.01686004419688064	0.026428843238764793	0.04955690838506849	0.01774854109991153	0.01640815928235781	0.024022291864431916	0.012316642378263673	0.013760699254115383	0.017588291843940493	0.027076988103895444	0.028667791275353544	0.02535446166605504	0.02423179296118627	0.020902588234099295	0.018755468928202873	0.015368776452885688	0.041650610908819705	0.03302174780319567	0.034950227882884266	0.019214173746286506	0.02769909627609979	0.014188317945232107	0.028162081618441234	0.02033270401383723	0.019249918002278696	0.04752562580222208	0.025074706707601813	0.01521797136851509	0.01030556235812706	0.0283183357161053	0.015969810277835284	0.009638471550977731	2.9868480502701067E-4	0.005747676210567473	0.0015349974510934182	0.004617576065135497	0.002065140025545828	0.48271728545585757	1.9106071150423125	1.2782824784747453	0.17293095646161968	2.8409012423559954	1.101945610855489	3.5758099993739005	0.0015349974510934182	0.0015349974510934182	0.0015349974510934182	0	0.0015349974510934182	0.0015349974510934182	0	0.0015349974510934182	0.0015349974510934182	0	0.0015349974510934182	0.0015349974510934182	-332.51360462187665	-88.26439566607398
303	-420.2963706600537	-820.841532410356	-420.2963706600537	-400.54516175030227	16.129445752924692	0.032137350408744866	0.02178687831784154	0.05917931382162406	0.10035786916121629	0.040970936546700795	0.022771290206369088	0.026428843238764793	0.04955690838506849	0.01774854109991153	0.01640815928235781	0.024022291864431916	0.012316642378263673	0.013760699254115383	0.011677045834452046	0.027076988103895444	0.028667791275353544	0.02535446166605504	0.021200829888433192	0.020902588234099295	0.018755468928202873	0.015368776452885688	0.041650610908819705	0.03302174780319567	0.034950227882884266	0.019214173746286506	0.030730059348852867	0.014188317945232107	0.028162081618441234	0.02033270401383723	0.019249918002278696	0.04752562580222208	0.025074706707601813	0.01521797136851509	0.01030556235812706	0.0283183357161053	0.015969810277835284	0.009638471550977731	4.128949516913795E-4	0.006286995376841946	0.0020328757317530453	0.005999369856220648	0.002603006687979954	0.44044082769311843	1.607108312425548	1.2346599443430948	0.2136165374948226	3.3963631407900223	1.2224811130175557	3.902013645771217	0.0020328757317530453	0.0020328757317530453	0.0020328757317530453	0	0.0020328757317530453	0.0020328757317530453	0	0.0020328757317530453	0.0020328757317530453	0	0.0020328757317530453	0.0020328757317530453	-333.1771497540476	-87.11922090600609
304	-420.1860635670299	-820.9154336820543	-420.1860635670299	-400.7293701150244	15.042696101245179	0.022310131371618178	0.02178687831784154	0.05917931382162406	0.08946298827005543	0.040970936546700795	0.006694310061710673	0.031499745508600435	0.04955690838506849	0.01774854109991153	0.01640815928235781	0.018951389594596274	0.012316642378263673	0.013760699254115383	0.02775402597911046	0.027076988103895444	0.028667791275353544	0.0362493425572159	0.021200829888433192	0.038648496779896124	0.018755468928202873	0.015368776452885688	0.041650610908819705	0.03302174780319567	0.034950227882884266	0.019214173746286506	0.030730059348852867	0.014188317945232107	0.010416173072644405	0.02033270401383723	0.019249918002278696	0.04752562580222208	0.025074706707601813	0.01521797136851509	0.01030556235812706	0.0283183357161053	0.015969810277835284	0.01946569058810442	5.215377161524642E-4	0.0055798910430707995	0.0033207868169233077	0.006675576034760942	0.003217906522129117	0.3825965558315529	2.090669180319081	1.6005677035526944	0.23862113493172568	4.170448128754309	0.8813250601040234	4.5555087911411	0.0033207868169233077	0.0033207868169233077	0.0033207868169233077	0	0.0033207868169233077	0.0033207868169233077	0	0.0033207868169233077	0.0033207868169233077	0	0.0033207868169233077	0.0033207868169233077	-330.067812197363	-90.11825136966691
305	-420.16948115935605	-812.4420382387411	-420.16948115935605	-392.272557079385	15.417248260453778	0.022310131371618178	0.02178687831784154	0.026751365097789137	0.08946298827005543	0.040970936546700795	0.03585495780215947	0.031499745508600435	0.023846534777400008	0.01774854109991153	0.01640815928235781	0.018951389594596274	0.012316642378263673	0.013760699254115383	0.02775402597911046	0.027076988103895444	0.028667791275353544	0.0362493425572159	0.021200829888433192	0.009487849039447327	0.018755468928202873	0.015368776452885688	0.041650610908819705	0.03302174780319567	0.06737817660671919	0.019214173746286506	0.0210855257387903	0.014188317945232107	0.010416173072644405	0.02033270401383723	0.019249918002278696	0.04752562580222208	0.05078508031527029	0.01521797136851509	0.01030556235812706	0.0283183357161053	0.015969810277835284	0.029110224198166987	2.9790645733584787E-4	0.006502575034904679	0.005595705032985504	0.007127262718643538	0.00287328328185828	0.5060346093771719	1.558879808920477	2.074715511792262	0.21795762298885007	4.879714381901444	1.323127293995982	2.8581948667929864	0.005595705032985504	0.005595705032985504	0.005595705032985504	0	0.005595705032985504	0.005595705032985504	0	0.005595705032985504	0.005595705032985504	0	0.005595705032985504	0.005595705032985504	-331.5359330920729	-88.63354806728313
306	-419.7023858212701	-824.7239663362884	-419.7023858212701	-405.02158051501823	17.575295148069685	0.022310131371618178	0.02178687831784154	0.026751365097789137	0.08946298827005543	0.040970936546700795	0.03585495780215947	0.027282331420868194	0.023846534777400008	0.026973946549602945	0.01640815928235781	0.018951389594596274	0.012316642378263673	0.013760699254115383	0.02775402597911046	0.027076988103895444	0.028667791275353544	0.007650261128974267	0.021200829888433192	0.03808693046768896	0.018755468928202873	0.015368776452885688	0.041650610908819705	0.02628303174954072	0.05815277115702777	0.019214173746286506	0.0210855257387903	0.014188317945232107	0.010416173072644405	0.02455011810156947	0.025988634055933643	0.04752562580222208	0.05078508031527029	0.01521797136851509	0.01030556235812706	0.0283183357161053	0.015969810277835284	0.029110224198166987	4.039361938304327E-4	0.006580362855158844	0.008132585959685716	0.006746243502279152	0.0025769692163805404	0.3856261473291979	2.0117457823351024	1.4486027945017672	0.1608162332500437	5.01866399408171	1.534658892179844	3.6804058925561582	0.008132585959685716	0.008132585959685716	0.008132585959685716	0	0.008132585959685716	0.008132585959685716	0	0.008132585959685716	0.008132585959685716	0	0.008132585959685716	0.008132585959685716	-331.9527403111439	-87.74964551012623
307	-419.66119031963933	-817.448619492917	-419.66119031963933	-397.78742917327776	15.930431861990057	0.022310131371618178	0.02178687831784154	0.026751365097789137	0.08076073009619571	0.051677950858722496	0.03585495780215947	0.027282331420868194	0.023846534777400008	0.026973946549602945	0.01640815928235781	0.017052559671437234	0.012316642378263673	0.022462957427975105	0.02775402597911046	0.033219557174683695	0.028667791275353544	0.007650261128974267	0.021200829888433192	0.039985760390848	0.018755468928202873	0.015368776452885688	0.035508041838031454	0.02628303174954072	0.04744575684500607	0.019214173746286506	0.0210855257387903	0.014188317945232107	0.010416173072644405	0.02455011810156947	0.025988634055933643	0.04752562580222208	0.05078508031527029	0.01521797136851509	0.01030556235812706	0.0283183357161053	0.015969810277835284	0.029110224198166987	4.441650368986504E-4	0.007453474730143108	0.006024759758378758	0.005748839102821071	0.0017639461282857284	0.46663744829639375	2.1294147523976563	1.5162169127187621	0.2037925759910363	3.396159502949359	1.4971033457081944	2.7642342489661846	0.006024759758378758	0.006024759758378758	0.006024759758378758	0	0.006024759758378758	0.006024759758378758	0	0.006024759758378758	0.006024759758378758	0	0.006024759758378758	0.006024759758378758	-332.87810014267683	-86.78309017696247
308	-419.59425773977136	-819.2109997333475	-419.59425773977136	-399.6167419935762	16.59022087786106	0.022310131371618178	0.02178687831784154	0.026751365097789137	0.08151373830744284	0.051677950858722496	0.03585495780215947	0.027282331420868194	0.01534290840968705	0.026973946549602945	0.01640815928235781	0.017052559671437234	0.012316642378263673	0.04214612275511109	0.02775402597911046	0.033219557174683695	0.028667791275353544	0.007650261128974267	0.021200829888433192	0.039985760390848	0.018755468928202873	0.023872402820598645	0.035508041838031454	0.012535917344831393	0.023928096864137105	0.019214173746286506	0.0210855257387903	0.0514530923308104	0.010416173072644405	0.02455011810156947	0.025988634055933643	0.04752562580222208	0.031101914988134305	0.01521797136851509	0.01030556235812706	0.02756532750485817	0.015969810277835284	0.029110224198166987	7.641942613440303E-4	0.006473307702672884	0.006428779140249801	0.0058818802616717	0.00238134722103258	0.46008529464673903	1.2843067885595685	1.7010040963895288	0.23879667881636576	3.1152484030434398	2.5364283131971788	3.4977839475824077	0.006428779140249801	0.006428779140249801	0.006428779140249801	0	0.006428779140249801	0.006428779140249801	0	0.006428779140249801	0.006428779140249801	0	0.006428779140249801	0.006428779140249801	-329.91480146931764	-89.67945627045374
309	-419.4938435773188	-801.8784593992555	-419.4938435773188	-382.3846158219367	16.91948948922685	0.022310131371618178	0.02178687831784154	0.026751365097789137	0.08538545695416226	0.051677950858722496	0.03585495780215947	0.032961717116867434	0.01534290840968705	0.026973946549602945	0.01640815928235781	0.017052559671437234	0.012316642378263673	0.04214612275511109	0.02775402597911046	0.033219557174683695	0.022879576532042506	0.007650261128974267	0.04262085126855231	0.03430637469484876	0.018755468928202873	0.023872402820598645	0.019876235201223377	0.012535917344831393	0.023928096864137105	0.015342455099567082	0.0210855257387903	0.0514530923308104	0.010416173072644405	0.02455011810156947	0.025988634055933643	0.04752562580222208	0.031101914988134305	0.01521797136851509	0.01030556235812706	0.02756532750485817	0.015969810277835284	0.029110224198166987	3.0206579994589963E-4	0.0056063394533977275	0.006691496910387961	0.004096103966215709	0.003141536162145618	0.3771167814550981	0.9241036373169749	1.3594605449430026	0.3131380762868255	3.3917245001136354	2.273139695605706	3.1158180610880097	0.006691496910387961	0.006691496910387961	0.006691496910387961	0	0.006691496910387961	0.006691496910387961	0	0.006691496910387961	0.006691496910387961	0	0.006691496910387961	0.006691496910387961	-332.31621006337684	-87.17763351394194
310	-419.4789011559111	-822.29766887579	-419.4789011559111	-402.8187677198789	17.48970528970518	0.022310131371618178	0.02178687831784154	0.026751365097789137	0.08538545695416226	0.051677950858722496	0.03585495780215947	0.032961717116867434	0.01534290840968705	0.026973946549602945	0.01640815928235781	0.017052559671437234	0.012316642378263673	0.0277048039313319	0.02775402597911046	0.033219557174683695	0.022879576532042506	0.007650261128974267	0.04262085126855231	0.03430637469484876	0.018755468928202873	0.023872402820598645	0.019876235201223377	0.012535917344831393	0.023928096864137105	0.015342455099567082	0.0210855257387903	0.0514530923308104	0.03331212546741279	0.02455011810156947	0.025988634055933643	0.04752562580222208	0.031101914988134305	0.01521797136851509	0.01030556235812706	0.02756532750485817	0.015969810277835284	0.020655590627177797	8.10289796564786E-4	0.005924921588179381	0.00913036054574377	0.0038937851163315758	0.00469949016276167	0.33819786107680955	1.3354109461741386	1.208984382019498	0.28218112154150676	3.5749306935612966	1.9428352670222626	2.548226109011259	0.00913036054574377	0.00913036054574377	0.00913036054574377	0	0.00913036054574377	0.00913036054574377	0	0.00913036054574377	0.00913036054574377	0	0.00913036054574377	0.00913036054574377	-333.4508638525417	-86.02803730336936
311	-419.05817835783887	-815.2721880772435	-419.05817835783887	-396.2140097194046	17.20784763019978	0.022310131371618178	0.02178687831784154	0.026751365097789137	0.08538545695416226	0.030408287305314405	0.03585495780215947	0.032961717116867434	0.01534290840968705	0.026973946549602945	0.01640815928235781	0.017052559671437234	0.012316642378263673	0.0277048039313319	0.02775402597911046	0.033219557174683695	0.022879576532042506	0.02410869675384253	0.04262085126855231	0.03430637469484876	0.018755468928202873	0.011827869765124607	0.04719474128928368	0.012535917344831393	0.01359022485857464	0.025680327105129547	0.0210855257387903	0.04540424979615819	0.03331212546741279	0.02455011810156947	0.025988634055933643	0.04752562580222208	0.031101914988134305	0.01521797136851509	0.01030556235812706	0.02756532750485817	0.015969810277835284	0.016241688057783574	4.250969185745014E-4	0.004823864185400469	0.00693205571588663	0.0039822206674303496	0.005439604974227065	0.1960590130931049	1.3000158868464882	0.8271380292540903	0.28026543448558094	3.1550904593106317	1.1046646857392306	2.0758917069394545	0.00693205571588663	0.00693205571588663	0.00693205571588663	0	0.00693205571588663	0.00693205571588663	0	0.00693205571588663	0.00693205571588663	0	0.00693205571588663	0.00693205571588663	-329.91789940411365	-89.14027895372519
312	-419.0381519021745	-813.1354034228918	-419.0381519021745	-394.0972515207174	19.780072007509244	0.022310131371618178	0.02178687831784154	0.026751365097789137	0.08538545695416226	0.030408287305314405	0.03585495780215947	0.032961717116867434	0.01534290840968705	0.026973946549602945	0.01640815928235781	0.012607648489189244	0.012316642378263673	0.0277048039313319	0.02775402597911046	0.033219557174683695	0.022879576532042506	0.02410869675384253	0.04262085126855231	0.03430637469484876	0.018755468928202873	0.011827869765124607	0.04719474128928368	0.012535917344831393	0.01359022485857464	0.025680327105129547	0.017124696355155677	0.04540424979615819	0.03331212546741279	0.028510947485204094	0.025988634055933643	0.04752562580222208	0.035546826170382295	0.01521797136851509	0.01030556235812706	0.02756532750485817	0.015969810277835284	0.016241688057783574	5.023554372931036E-4	0.005919000183077947	0.007215980246030179	0.004708320614022538	0.007096969256775193	0.17864870728777213	1.3127938407023094	1.1685014841428918	0.2873830093196284	2.6960218966256266	1.144602484547247	1.6614538130651424	0.007215980246030179	0.007215980246030179	0.007215980246030179	0	0.007215980246030179	0.007215980246030179	0	0.007215980246030179	0.007215980246030179	0	0.007215980246030179	0.007215980246030179	-330.0634517579671	-88.97470014420739
313	-418.4862081326192	-832.2772373059306	-418.4862081326192	-413.7910291733115	22.502737831163614	0.021558358206274927	0.02178687831784154	0.02184872092322515	0.11545857001587272	0.030408287305314405	0.03585495780215947	0.032961717116867434	0.01534290840968705	0.026973946549602945	0.01640815928235781	0.013359421654532494	0.012316642378263673	0.017548865718094442	0.02775402597911046	0.033219557174683695	0.022879576532042506	0.02410869675384253	0.04262085126855231	0.04446231290808622	0.018755468928202873	0.011827869765124607	0.04719474128928368	0.012535917344831393	0.01359022485857464	0.025680327105129547	0.017124696355155677	0.02023378090901172	0.03331212546741279	0.028510947485204094	0.025988634055933643	0.04752562580222208	0.035546826170382295	0.01521797136851509	0.01030556235812706	0.02756532750485817	0.015969810277835284	0.016241688057783574	3.535197883865873E-4	0.005584377926585688	0.004209829901638635	0.003483025191803942	0.005783815971504655	0.1972069890472399	0.6904454233937248	1.382736810820222	0.287878458239101	2.1859314534219787	0.7184669736731801	2.5256844919657966	0.004209829901638635	0.004209829901638635	0.004209829901638635	0	0.004209829901638635	0.004209829901638635	0	0.004209829901638635	0.004209829901638635	0	0.004209829901638635	0.004209829901638635	-328.88568937919337	-89.60051875342583
314	-418.41315159343105	-806.5888123308303	-418.41315159343105	-388.17566073739914	15.713668686308067	0.021558358206274927	0.02178687831784154	0.02184872092322515	0.12559612401002457	0.030408287305314405	0.03585495780215947	0.03419533495075963	0.01534290840968705	0.04493309261963374	0.01640815928235781	0.013359421654532494	0.03005202842477582	0.017548865718094442	0.02775402597911046	0.035531814797076094	0.022879576532042506	0.02410869675384253	0.03248329727440047	0.04446231290808622	0.018755468928202873	0.011827869765124607	0.04719474128928368	0.012535917344831393	0.01359022485857464	0.025680327105129547	0.017124696355155677	0.02023378090901172	0.012030863964616043	0.028510947485204094	0.025988634055933643	0.04752562580222208	0.0175876801003515	0.01521797136851509	0.01030556235812706	0.02756532750485817	0.015969810277835284	0.016241688057783574	2.4992961587008564E-4	0.006094449810412237	0.004021676818921334	0.003560466525965393	0.0034999432291014684	0.25546035243615167	0.6308915617489342	0.8792068886624258	0.32976373130314857	1.7193681035466997	1.0952925036612093	1.86686250859485	0.004021676818921334	0.004021676818921334	0.004021676818921334	0	0.004021676818921334	0.004021676818921334	0	0.004021676818921334	0.004021676818921334	0	0.004021676818921334	0.004021676818921334	-330.86321837838017	-87.54993321505087
315	-418.1950501287267	-826.4338726208495	-418.1950501287267	-408.2388224921228	17.104263792228632	0.021558358206274927	0.02178687831784154	0.02184872092322515	0.12559612401002457	0.030408287305314405	0.03585495780215947	0.03419533495075963	0.012451370585331578	0.04493309261963374	0.01640815928235781	0.013359421654532494	0.03005202842477582	0.017548865718094442	0.02775402597911046	0.023895063613473905	0.015955722434186387	0.03546991414541378	0.03248329727440047	0.031306824899771435	0.018755468928202873	0.011827869765124607	0.04719474128928368	0.012535917344831393	0.01359022485857464	0.025680327105129547	0.017124696355155677	0.02023378090901172	0.012030863964616043	0.028510947485204094	0.025988634055933643	0.03616440841065083	0.0175876801003515	0.01521797136851509	0.01030556235812706	0.04361235333752843	0.015969810277835284	0.03480229333924188	5.481847460272026E-4	0.006100714350165132	0.0029054554366659767	0.004205358378685924	0.004461995933690634	0.313737356817303	0.6654890566994388	1.2670622536025506	0.32363423594264684	2.256859022896131	0.9457362976292096	3.3948835215797795	0.0029054554366659767	0.0029054554366659767	0.0029054554366659767	0	0.0029054554366659767	0.0029054554366659767	0	0.0029054554366659767	0.0029054554366659767	0	0.0029054554366659767	0.0029054554366659767	-331.9665261514813	-86.2285239772454
316	-418.0690675072788	-809.557321601506	-418.0690675072788	-391.4882540942272	17.50693259037676	0.021558358206274927	0.02178687831784154	0.02184872092322515	0.12559612401002457	0.05211811505575824	0.03585495780215947	0.03419533495075963	0.012451370585331578	0.04493309261963374	0.01640815928235781	0.013359421654532494	0.03005202842477582	0.017548865718094442	0.020397298425077856	0.023895063613473905	0.015955722434186387	0.03546991414541378	0.03248329727440047	0.031306824899771435	0.018755468928202873	0.011827869765124607	0.04719474128928368	0.012535917344831393	0.01359022485857464	0.025680327105129547	0.017124696355155677	0.02023378090901172	0.012030863964616043	0.028510947485204094	0.025988634055933643	0.03616440841065083	0.0175876801003515	0.01521797136851509	0.017662289912159665	0.021902525587084595	0.015969810277835284	0.03480229333924188	5.186573077723543E-4	0.005563502752963995	0.004128721451353764	0.003892779308748115	0.0034503918473231428	0.25535597234985014	1.1126602012785163	1.1017446278999679	0.2719237234205403	1.6241889184748644	0.9591261876474543	2.1028597944874785	0.004128721451353764	0.004128721451353764	0.004128721451353764	0	0.004128721451353764	0.004128721451353764	0	0.004128721451353764	0.004128721451353764	0	0.004128721451353764	0.004128721451353764	-331.1121173243088	-86.95695018296999
317	-417.66168987049707	-817.1768337771326	-417.66168987049707	-399.51514390663556	16.810109945694858	0.01864754856933147	0.02178687831784154	0.02184872092322515	0.12559612401002457	0.05211811505575824	0.03585495780215947	0.03419533495075963	0.012451370585331578	0.04493309261963374	0.01640815928235781	0.013359421654532494	0.018307928943179105	0.017548865718094442	0.020397298425077856	0.02680587325041736	0.015955722434186387	0.03546991414541378	0.026388216049330837	0.031306824899771435	0.017125059885512134	0.011827869765124607	0.04719474128928368	0.012535917344831393	0.01359022485857464	0.025680327105129547	0.017124696355155677	0.02023378090901172	0.018125945189685674	0.028510947485204094	0.025988634055933643	0.03616440841065083	0.0175876801003515	0.026962070850111805	0.019292698954850404	0.021902525587084595	0.015969810277835284	0.03480229333924188	3.168677436138497E-4	0.005419304437475534	0.004680683934147906	0.00633908260100473	0.004209107611346137	0.4114356144202627	0.9924380647265126	0.9639076580763594	0.16604979538676182	2.002877677842302	1.1104665677508496	1.7809491652508347	0.004680683934147906	0.004680683934147906	0.004680683934147906	0	0.004680683934147906	0.004680683934147906	0	0.004680683934147906	0.004680683934147906	0	0.004680683934147906	0.004680683934147906	-330.7488206173831	-86.912869253114
318	-417.5861315686516	-814.96734495172	-417.5861315686516	-397.38121338306837	14.489919059061595	0.01864754856933147	0.02178687831784154	0.02184872092322515	0.07242077323912827	0.05211811505575824	0.03585495780215947	0.032614745600424405	0.06562672135622788	0.04493309261963374	0.01640815928235781	0.013359421654532494	0.023680025394578127	0.017548865718094442	0.020397298425077856	0.02680587325041736	0.015955722434186387	0.03546991414541378	0.026388216049330837	0.031306824899771435	0.017125059885512134	0.011827869765124607	0.04182264483788466	0.01411650669516662	0.01359022485857464	0.025680327105129547	0.017124696355155677	0.02023378090901172	0.018125945189685674	0.028510947485204094	0.025988634055933643	0.03616440841065083	0.0175876801003515	0.026962070850111805	0.019292698954850404	0.021902525587084595	0.015969810277835284	0.03480229333924188	6.298873619668406E-4	0.006704669449864137	0.010954260618369665	0.00631172646386586	0.005499799559153944	0.28259199241448313	1.0764224181545985	1.0460198523261226	0.25296387060519565	2.1052449896136025	0.8722557453132881	1.561412114825846	0.010954260618369665	0.010954260618369665	0.010954260618369665	0	0.010954260618369665	0.010954260618369665	0	0.010954260618369665	0.010954260618369665	0	0.010954260618369665	0.010954260618369665	-330.21260121891896	-87.37353034973263
319	-417.515009549286	-819.1358977507234	-417.515009549286	-401.6208882014374	15.655467038517699	0.01864754856933147	0.02178687831784154	0.03298718212408697	0.07242077323912827	0.05211811505575824	0.03585495780215947	0.032614745600424405	0.06562672135622788	0.04628347005452549	0.01640815928235781	0.013359421654532494	0.023680025394578127	0.017548865718094442	0.020397298425077856	0.02680587325041736	0.015955722434186387	0.03546991414541378	0.026388216049330837	0.031306824899771435	0.017125059885512134	0.011827869765124607	0.04182264483788466	0.01411650669516662	0.01045997255856368	0.025680327105129547	0.01577431892026393	0.02023378090901172	0.018125945189685674	0.028510947485204094	0.029118886355944604	0.025025947209789012	0.0175876801003515	0.026962070850111805	0.019292698954850404	0.021902525587084595	0.015969810277835284	0.03480229333924188	3.328539860330531E-4	0.006346720619579266	0.00851788478020155	0.009013693686149286	0.006724334117256954	0.3312383614998814	0.7969779234639528	1.0365784585682123	0.2681177506617349	2.711554997225398	1.0451748189506092	1.3730983635631515	0.00851788478020155	0.00851788478020155	0.00851788478020155	0	0.00851788478020155	0.00851788478020155	0	0.00851788478020155	0.00851788478020155	0	0.00851788478020155	0.00851788478020155	-330.76207724054683	-86.75293230873916
320	-417.44125207152035	-825.8020710914035	-417.44125207152035	-408.36081901988314	18.88015554407785	0.01864754856933147	0.016890645029609908	0.023261581812955512	0.07242077323912827	0.04382872380086621	0.03585495780215947	0.032614745600424405	0.02125641551222951	0.04628347005452549	0.02469755053724984	0.057729727498530864	0.023680025394578127	0.017548865718094442	0.020397298425077856	0.027457336166755025	0.015955722434186387	0.03546991414541378	0.026388216049330837	0.031306824899771435	0.017125059885512134	0.011827869765124607	0.04182264483788466	0.01411650669516662	0.01045997255856368	0.025680327105129547	0.020670552208495563	0.02023378090901172	0.02785154550081713	0.028510947485204094	0.029118886355944604	0.025025947209789012	0.0175876801003515	0.026962070850111805	0.019292698954850404	0.021902525587084595	0.015969810277835284	0.03415083042290422	9.505125419806529E-4	0.00566473082245427	0.006448022785791699	0.007475794423783101	0.006937837915743545	0.4406455625028533	0.5979759832724416	1.3314957686654478	0.2869704311576559	1.2994715440399427	1.4200748177689786	1.1523940229301202	0.006448022785791699	0.006448022785791699	0.006448022785791699	0	0.006448022785791699	0.006448022785791699	0	0.006448022785791699	0.006448022785791699	0	0.006448022785791699	0.006448022785791699	-330.156326436525	-87.2849256349954
321	-417.2476090477395	-822.766315430341	-417.2476090477395	-405.5187063826015	17.289533113538305	0.01864754856933147	0.016890645029609908	0.023261581812955512	0.06350934662650215	0.029487301556095344	0.03585495780215947	0.04152617221305052	0.02125641551222951	0.04628347005452549	0.02469755053724984	0.057729727498530864	0.023680025394578127	0.017548865718094442	0.020397298425077856	0.04179875841152589	0.015955722434186387	0.03546991414541378	0.026388216049330837	0.031306824899771435	0.017125059885512134	0.011827869765124607	0.027380443947623165	0.01411650669516662	0.01045997255856368	0.025680327105129547	0.020670552208495563	0.02023378090901172	0.02785154550081713	0.028510947485204094	0.029118886355944604	0.025025947209789012	0.0175876801003515	0.0414042717403733	0.019292698954850404	0.021902525587084595	0.015969810277835284	0.03415083042290422	0.0010099553970327416	0.005409423235250061	0.005778766742918143	0.005089918876433314	0.004914379101554772	0.5019154426640884	0.9625120430478002	1.1653358622575904	0.34284969492236145	2.3474502406388664	1.1155386895766302	2.026084936769153	0.005778766742918143	0.005778766742918143	0.005778766742918143	0	0.005778766742918143	0.005778766742918143	0	0.005778766742918143	0.005778766742918143	0	0.005778766742918143	0.005778766742918143	-330.4046306384603	-86.84297840927924
322	-417.1537802983332	-829.0323565973417	-417.1537802983332	-411.8785762990086	17.8701918805255	0.01864754856933147	0.016890645029609908	0.023261581812955512	0.06350934662650215	0.029487301556095344	0.03585495780215947	0.04152617221305052	0.02125641551222951	0.04628347005452549	0.02469755053724984	0.057729727498530864	0.023680025394578127	0.017548865718094442	0.020397298425077856	0.04179875841152589	0.015955722434186387	0.03546991414541378	0.026388216049330837	0.031306824899771435	0.017125059885512134	0.016543016375988526	0.027380443947623165	0.009401360084302701	0.01045997255856368	0.025680327105129547	0.020670552208495563	0.02023378090901172	0.02785154550081713	0.028510947485204094	0.029118886355944604	0.025025947209789012	0.0175876801003515	0.0414042717403733	0.019292698954850404	0.021902525587084595	0.015969810277835284	0.03415083042290422	5.558154523420114E-4	0.0053081115252851955	0.00716418260277183	0.004763855704551562	0.005822898947504226	0.32062037291241896	0.8035591287863345	0.900097788808904	0.2906529763784113	2.0165546201239755	1.5678290183776133	1.305903649985347	0.00716418260277183	0.00716418260277183	0.00716418260277183	0	0.00716418260277183	0.00716418260277183	0	0.00716418260277183	0.00716418260277183	0	0.00716418260277183	0.00716418260277183	-330.0586860622322	-87.09509423610098
323	-416.54128543883877	-817.7202922828146	-416.54128543883877	-401.1790068439758	16.12391334347363	0.01864754856933147	0.016890645029609908	0.023261581812955512	0.06350934662650215	0.01621726647392706	0.03585495780215947	0.04152617221305052	0.02580104282070067	0.04628347005452549	0.025034587074980602	0.057729727498530864	0.023680025394578127	0.013004238409623281	0.02513477771794702	0.04179875841152589	0.015955722434186387	0.021860086965771686	0.026051179511600076	0.031306824899771435	0.017125059885512134	0.02981305145815681	0.027380443947623165	0.009401360084302701	0.01045997255856368	0.025680327105129547	0.020670552208495563	0.02023378090901172	0.02785154550081713	0.028510947485204094	0.029118886355944604	0.025025947209789012	0.0175876801003515	0.036666792447504135	0.0329025261344925	0.021902525587084595	0.015969810277835284	0.03415083042290422	3.73431638394986E-4	0.005719500015276766	0.0037121386768485826	0.0033923359465862805	0.0053101599212785865	0.43781743363033	0.8799141520624507	1.3125910231445077	0.5153878620677388	2.3809559256077715	1.9124143366044575	3.014662760984287	0.0037121386768485826	0.0037121386768485826	0.0037121386768485826	0	0.0037121386768485826	0.0037121386768485826	0	0.0037121386768485826	0.0037121386768485826	0	0.0037121386768485826	0.0037121386768485826	-326.9951560888028	-89.546129350036
324	-416.2710982077256	-815.1289116601175	-416.2710982077256	-398.85781345239195	14.901142175589925	0.01864754856933147	0.016890645029609908	0.023261581812955512	0.06350934662650215	0.01621726647392706	0.03585495780215947	0.04152617221305052	0.02580104282070067	0.04628347005452549	0.025034587074980602	0.057729727498530864	0.023680025394578127	0.01707081528791954	0.02513477771794702	0.04179875841152589	0.015955722434186387	0.021860086965771686	0.026051179511600076	0.031306824899771435	0.017125059885512134	0.02981305145815681	0.027380443947623165	0.009401360084302701	0.01045997255856368	0.025680327105129547	0.020670552208495563	0.02023378090901172	0.02785154550081713	0.028510947485204094	0.029118886355944604	0.025025947209789012	0.013521103222055242	0.036666792447504135	0.0329025261344925	0.021902525587084595	0.015969810277835284	0.03415083042290422	2.7018707080401816E-4	0.006116469979659745	0.0028845433508338982	0.002334590347931974	0.003873786365031407	0.38069843573945406	0.6838877589609408	1.2925259983972572	0.626412121522476	2.161375966231533	1.63137579558316	3.595845601616877	0.0028845433508338982	0.0028845433508338982	0.0028845433508338982	0	0.0028845433508338982	0.0028845433508338982	0	0.0028845433508338982	0.0028845433508338982	0	0.0028845433508338982	0.0028845433508338982	-328.2687778253771	-88.00232038234851
325	-416.1179087803796	-817.4418330655138	-416.1179087803796	-401.32392428513424	15.366514621102674	0.01864754856933147	0.016890645029609908	0.023261581812955512	0.06350934662650215	0.01621726647392706	0.03585495780215947	0.04152617221305052	0.02580104282070067	0.05585044380303161	0.025034587074980602	0.057729727498530864	0.032664229668993836	0.01707081528791954	0.01615057344353131	0.04179875841152589	0.015955722434186387	0.021860086965771686	0.026051179511600076	0.031306824899771435	0.017125059885512134	0.02981305145815681	0.027380443947623165	0.009401360084302701	0.02596299286997572	0.025680327105129547	0.020670552208495563	0.02023378090901172	0.02785154550081713	0.013007927173792053	0.01955191260743848	0.025025947209789012	0.013521103222055242	0.036666792447504135	0.0329025261344925	0.021902525587084595	0.015969810277835284	0.03415083042290422	7.599685220865547E-4	0.006648151405988317	0.002789502550361507	0.0024593276642342217	0.003957650470420549	0.6111401997183803	0.6528134638166743	1.3978514595124527	0.5776188393945164	2.207974600625223	1.040630343492665	3.5712575079457967	0.002789502550361507	0.002789502550361507	0.002789502550361507	0	0.002789502550361507	0.002789502550361507	0	0.002789502550361507	0.002789502550361507	0	0.002789502550361507	0.002789502550361507	-327.4019944534407	-88.71591432693887
326	-415.291815528123	-837.0575283813205	-415.291815528123	-421.7657128531975	14.89024746291135	0.023287137456622906	0.016890645029609908	0.023261581812955512	0.06350934662650215	0.01340138663437239	0.03585495780215947	0.04152617221305052	0.041354934616398886	0.05585044380303161	0.025034587074980602	0.05309013861123943	0.032664229668993836	0.01707081528791954	0.01615057344353131	0.04179875841152589	0.015955722434186387	0.021860086965771686	0.026051179511600076	0.01575293310407322	0.017125059885512134	0.02981305145815681	0.027380443947623165	0.009401360084302701	0.013926337113845833	0.0249396203337324	0.009310678471348366	0.032334361417556065	0.02785154550081713	0.013007927173792053	0.034404448203123036	0.025025947209789012	0.013521103222055242	0.036666792447504135	0.0329025261344925	0.021902525587084595	0.015969810277835284	0.03415083042290422	5.324322076464443E-4	0.007165026286270537	0.00237143514446343	0.0026327949506550308	0.006729098631621908	0.5489052716598033	0.4422896679269914	0.8847140090525771	0.66778673660665	1.93804925420788	1.3944286360240916	2.51550102836728	0.00237143514446343	0.00237143514446343	0.00237143514446343	0	0.00237143514446343	0.00237143514446343	0	0.00237143514446343	0.00237143514446343	0	0.00237143514446343	0.00237143514446343	-329.7508467712223	-85.54096875690068
327	-415.2054721875016	-840.3046982730846	-415.2054721875016	-425.0992260855829	14.782940495436044	0.025216833024197402	0.016890645029609908	0.023261581812955512	0.06350934662650215	0.015387205710688287	0.03585495780215947	0.04152617221305052	0.023501896416635082	0.01115886425829482	0.02293532080945268	0.05309013861123943	0.02874871502510344	0.03492385348768334	0.01615057344353131	0.016545825558805544	0.01805498869971431	0.021860086965771686	0.026051179511600076	0.01575293310407322	0.04237799273823248	0.02981305145815681	0.027380443947623165	0.009401360084302701	0.058617916658582625	0.0249396203337324	0.009310678471348366	0.032334361417556065	0.02785154550081713	0.013007927173792053	0.034404448203123036	0.025025947209789012	0.013521103222055242	0.036666792447504135	0.0329025261344925	0.021902525587084595	0.015969810277835284	0.03415083042290422	7.429547327054514E-4	0.005831739225902158	0.0017971534927194764	0.00309185500298167	0.006709628488909693	0.44957735561368917	0.41083765720767973	0.7021234719752418	1.2990643744659192	1.4900607397948777	1.5327305031230354	2.445792202612656	0.0017971534927194764	0.0017971534927194764	0.0017971534927194764	0	0.0017971534927194764	0.0017971534927194764	0	0.0017971534927194764	0.0017971534927194764	0	0.0017971534927194764	0.0017971534927194764	-329.3887317286536	-85.81674045884797
328	-415.1144900794736	-830.5966259194589	-415.1144900794736	-415.4821358399853	14.582835911351777	0.026067898701008105	0.016890645029609908	0.013786325262776622	0.06118301385993913	0.015387205710688287	0.03752774129036901	0.04152617221305052	0.023501896416635082	0.01115886425829482	0.02293532080945268	0.05309013861123943	0.03076121906086436	0.03492385348768334	0.01615057344353131	0.016545825558805544	0.03201504175552891	0.021860086965771686	0.026051179511600076	0.01575293310407322	0.04237799273823248	0.02981305145815681	0.027380443947623165	0.01887661663448159	0.05776685098177192	0.022927116297971478	0.009310678471348366	0.027650550002107685	0.02617876201260759	0.013007927173792053	0.027454539329319835	0.025025947209789012	0.013521103222055242	0.036666792447504135	0.0329025261344925	0.021902525587084595	0.015969810277835284	0.03415083042290422	5.119276152006273E-4	0.006828101512451136	0.001649226164318265	0.0021274821628783605	0.0051546892397352235	0.5240357342445271	0.337582924995718	0.7735162335816649	1.2578554073997512	2.2269556945482427	1.3027013705615278	2.9420298554228324	0.001649226164318265	0.001649226164318265	0.001649226164318265	0	0.001649226164318265	0.001649226164318265	0	0.001649226164318265	0.001649226164318265	0	0.001649226164318265	0.001649226164318265	-329.67838424466737	-85.43610583480623
329	-415.0623703899381	-821.4506608020861	-415.0623703899381	-406.38829041214797	14.229554381636428	0.026067898701008105	0.016890645029609908	0.013786325262776622	0.06118301385993913	0.015387205710688287	0.03752774129036901	0.04152617221305052	0.023501896416635082	0.01115886425829482	0.02293532080945268	0.05309013861123943	0.03076121906086436	0.03492385348768334	0.01615057344353131	0.016545825558805544	0.03201504175552891	0.021860086965771686	0.026051179511600076	0.01575293310407322	0.04237799273823248	0.02981305145815681	0.027380443947623165	0.01887661663448159	0.05776685098177192	0.022927116297971478	0.009310678471348366	0.027650550002107685	0.02617876201260759	0.013007927173792053	0.027454539329319835	0.025025947209789012	0.013521103222055242	0.036666792447504135	0.0329025261344925	0.021902525587084595	0.015969810277835284	0.03415083042290422	5.214387050998238E-4	0.005830211358359699	0.0015396235059453734	0.002138622800889275	0.003535177627076709	0.5684638102886628	0.40811392710840727	0.7192296718243274	1.1620682443946484	1.4875025385201959	0.869391831509994	2.9608503205671144	0.0015396235059453734	0.0015396235059453734	0.0015396235059453734	0	0.0015396235059453734	0.0015396235059453734	0	0.0015396235059453734	0.0015396235059453734	0	0.0015396235059453734	0.0015396235059453734	-327.90980797963863	-87.15256241029947
330	-414.97773513053835	-833.7847985039189	-414.97773513053835	-418.8070633733805	22.252345616422357	0.026067898701008105	0.016890645029609908	0.02396569217538652	0.06118301385993913	0.015387205710688287	0.03752774129036901	0.04152617221305052	0.023501896416635082	0.01115886425829482	0.02293532080945268	0.03345789712784983	0.03076121906086436	0.03492385348768334	0.01615057344353131	0.016545825558805544	0.03201504175552891	0.021860086965771686	0.026051179511600076	0.01575293310407322	0.023638753481291824	0.02981305145815681	0.047012685431012766	0.01887661663448159	0.05776685098177192	0.022927116297971478	0.01787055081567912	0.027650550002107685	0.02617876201260759	0.013007927173792053	0.027454539329319835	0.025025947209789012	0.013521103222055242	0.036666792447504135	0.0329025261344925	0.021902525587084595	0.015969810277835284	0.03415083042290422	3.136791465560315E-4	0.007117588707534953	0.0015936795288396099	0.0013696417183196188	0.004503373737571427	0.45536375086584435	0.5832761638447859	0.7593530231802601	0.4598361672127064	2.47231931591105	0.8450461756440627	3.7985576213935324	0.0015936795288396099	0.0015936795288396099	0.0015936795288396099	0	0.0015936795288396099	0.0015936795288396099	0	0.0015936795288396099	0.0015936795288396099	0	0.0015936795288396099	0.0015936795288396099	-328.44020677177105	-86.53752835876733
331	-414.3035739956458	-830.9998454446327	-414.3035739956458	-416.6962714489869	19.606213273634825	0.026067898701008105	0.016890645029609908	0.02396569217538652	0.04853111454398734	0.015387205710688287	0.03650589416413902	0.02694365478156166	0.023501896416635082	0.01115886425829482	0.02293532080945268	0.03345789712784983	0.03076121906086436	0.03492385348768334	0.01615057344353131	0.012304044017578536	0.047619406313247764	0.03462083990702913	0.026051179511600076	0.01575293310407322	0.023406615190345897	0.03405483299938382	0.047012685431012766	0.01887661663448159	0.05776685098177192	0.022927116297971478	0.01787055081567912	0.027650550002107685	0.02606990838730193	0.01324006546473798	0.027454539329319835	0.025025947209789012	0.013521103222055242	0.036666792447504135	0.0329025261344925	0.021902525587084595	0.015969810277835284	0.03415083042290422	6.85187541718309E-4	0.005540424689373727	0.0011544530325943215	7.395500364073052E-4	0.004462143198076876	0.5632541222716764	0.7102482286702759	0.9124994567668439	0.5253011329441436	1.5431321235675846	0.9343468220441485	3.3648589429985054	0.0011544530325943215	0.0011544530325943215	0.0011544530325943215	0	0.0011544530325943215	0.0011544530325943215	0	0.0011544530325943215	0.0011544530325943215	0	0.0011544530325943215	0.0011544530325943215	-329.669772334157	-84.63380166148877
332	-413.18300154390295	-829.2694788404948	-413.18300154390295	-416.08647729659185	20.64194463895229	0.026067898701008105	0.016890645029609908	0.046514871717773854	0.04853111454398734	0.015387205710688287	0.026618131783529064	0.02694365478156166	0.023501896416635082	0.01115886425829482	0.02293532080945268	0.04334565950845978	0.03076121906086436	0.03492385348768334	0.01615057344353131	0.012304044017578536	0.025070226770860432	0.03462083990702913	0.026051179511600076	0.01575293310407322	0.023406615190345897	0.03405483299938382	0.047012685431012766	0.01887661663448159	0.05776685098177192	0.022927116297971478	0.01787055081567912	0.027650550002107685	0.02606990838730193	0.01324006546473798	0.027454539329319835	0.025025947209789012	0.013521103222055242	0.036666792447504135	0.0329025261344925	0.021902525587084595	0.015969810277835284	0.03415083042290422	1.990934652863286E-4	0.005016257646105668	0.001401035519317021	5.186292630845597E-4	0.005345188254147703	0.5820849569479359	0.5897921639484796	0.951105757349105	0.38677668805651727	2.1094768364983807	0.7891175659585333	2.9027239977015173	0.001401035519317021	0.001401035519317021	0.001401035519317021	0	0.001401035519317021	0.001401035519317021	0	0.001401035519317021	0.001401035519317021	0	0.001401035519317021	0.001401035519317021	-328.8204342509947	-84.36256729290822
