#
#model:
#
#<?xml version="1.0" encoding="UTF-8" standalone="no"?><input id="posterior" spec="beast.base.inference.CompoundDistribution">
#    <distribution id="prior" spec="beast.base.inference.CompoundDistribution">
#        <distribution id="FixedTreeModel.t:tree" spec="fixedtreeanalysis.evolution.tree.FixedTreeDistribution">
#            <tree IsLabelledNewick="true" adjustTipHeights="false" id="Tree.t:tree" newick="(((cell11:1.05433,(cell13:0.8328889999999999,((cell43:0.4007240000000001,((cell55:0.35072900000000007,(cell92:0.06326729999999992,cell93:0.06326729999999992):0.2874619999999999):0.014795300000000067,(cell82:0.11806899999999998,cell83:0.11806899999999998):0.24745499999999998):0.0351998):0.4012040000000001,(cell65:0.27354900000000004,((cell86:0.09520480000000009,cell87:0.09520480000000009):0.13484300000000005,(cell94:0.04413939999999994,cell95:0.04413939999999994):0.1859090000000001):0.04350140000000002):0.528378):0.030961499999999975):0.2214379999999999):0.01992320000000003,((cell44:0.393578,cell45:0.393578):0.2521300000000001,(cell70:0.23350000000000004,(cell89:0.07352589999999992,(cell96:0.017406699999999997,cell97:0.017406699999999997):0.056119199999999925):0.15997400000000006):0.412208):0.428543):0.378136,(((cell14:0.803534,(((cell49:0.383842,(cell60:0.31193800000000005,cell61:0.31193800000000005):0.07190380000000007):0.06304939999999992,(cell76:0.152501,cell77:0.152501):0.29438999999999993):0.330368,(cell58:0.3222130000000001,(cell62:0.28823200000000004,(cell74:0.17825599999999997,(cell78:0.13507599999999997,cell79:0.13507599999999997):0.04317970000000004):0.10997699999999999):0.03398009999999996):0.455047):0.0262753):0.5073940000000001,((cell24:0.610555,(cell56:0.33949699999999994,(cell67:0.26961900000000005,(cell68:0.26170800000000005,cell69:0.26170800000000005):0.007910340000000016):0.06987779999999999):0.27105899999999994):0.166331,((cell32:0.5224850000000001,(cell85:0.10282999999999998,(cell90:0.06969209999999992,cell91:0.06969209999999992):0.03313820000000001):0.4196550000000001):0.07768629999999999,((cell37:0.475414,(cell46:0.388857,cell47:0.388857):0.08655729999999995):0.042964,(cell80:0.12465100000000007,(cell98:2.968800000000549E-4,cell99:2.968800000000549E-4):0.12435400000000008):0.39372699999999994):0.08179309999999995):0.17671599999999998):0.5340420000000001):0.035157799999999906,(cell29:0.572889,((cell40:0.43367,cell41:0.43367):0.11080599999999996,(cell50:0.37159600000000004,cell51:0.37159600000000004):0.17287999999999992):0.028412899999999963):0.7731969999999999):0.10630000000000006):0.0" spec="fixedtreeanalysis.evolution.tree.FixedTree">
#                <taxonset id="TaxonSet.1" spec="beast.base.evolution.alignment.TaxonSet">
#                    <taxon id="cell11" spec="beast.base.evolution.alignment.Taxon"/>
#                    <taxon id="cell13" spec="beast.base.evolution.alignment.Taxon"/>
#                    <taxon id="cell14" spec="beast.base.evolution.alignment.Taxon"/>
#                    <taxon id="cell24" spec="beast.base.evolution.alignment.Taxon"/>
#                    <taxon id="cell29" spec="beast.base.evolution.alignment.Taxon"/>
#                    <taxon id="cell32" spec="beast.base.evolution.alignment.Taxon"/>
#                    <taxon id="cell37" spec="beast.base.evolution.alignment.Taxon"/>
#                    <taxon id="cell40" spec="beast.base.evolution.alignment.Taxon"/>
#                    <taxon id="cell41" spec="beast.base.evolution.alignment.Taxon"/>
#                    <taxon id="cell43" spec="beast.base.evolution.alignment.Taxon"/>
#                    <taxon id="cell44" spec="beast.base.evolution.alignment.Taxon"/>
#                    <taxon id="cell45" spec="beast.base.evolution.alignment.Taxon"/>
#                    <taxon id="cell46" spec="beast.base.evolution.alignment.Taxon"/>
#                    <taxon id="cell47" spec="beast.base.evolution.alignment.Taxon"/>
#                    <taxon id="cell49" spec="beast.base.evolution.alignment.Taxon"/>
#                    <taxon id="cell50" spec="beast.base.evolution.alignment.Taxon"/>
#                    <taxon id="cell51" spec="beast.base.evolution.alignment.Taxon"/>
#                    <taxon id="cell55" spec="beast.base.evolution.alignment.Taxon"/>
#                    <taxon id="cell56" spec="beast.base.evolution.alignment.Taxon"/>
#                    <taxon id="cell58" spec="beast.base.evolution.alignment.Taxon"/>
#                    <taxon id="cell60" spec="beast.base.evolution.alignment.Taxon"/>
#                    <taxon id="cell61" spec="beast.base.evolution.alignment.Taxon"/>
#                    <taxon id="cell62" spec="beast.base.evolution.alignment.Taxon"/>
#                    <taxon id="cell65" spec="beast.base.evolution.alignment.Taxon"/>
#                    <taxon id="cell67" spec="beast.base.evolution.alignment.Taxon"/>
#                    <taxon id="cell68" spec="beast.base.evolution.alignment.Taxon"/>
#                    <taxon id="cell69" spec="beast.base.evolution.alignment.Taxon"/>
#                    <taxon id="cell70" spec="beast.base.evolution.alignment.Taxon"/>
#                    <taxon id="cell74" spec="beast.base.evolution.alignment.Taxon"/>
#                    <taxon id="cell76" spec="beast.base.evolution.alignment.Taxon"/>
#                    <taxon id="cell77" spec="beast.base.evolution.alignment.Taxon"/>
#                    <taxon id="cell78" spec="beast.base.evolution.alignment.Taxon"/>
#                    <taxon id="cell79" spec="beast.base.evolution.alignment.Taxon"/>
#                    <taxon id="cell80" spec="beast.base.evolution.alignment.Taxon"/>
#                    <taxon id="cell82" spec="beast.base.evolution.alignment.Taxon"/>
#                    <taxon id="cell83" spec="beast.base.evolution.alignment.Taxon"/>
#                    <taxon id="cell85" spec="beast.base.evolution.alignment.Taxon"/>
#                    <taxon id="cell86" spec="beast.base.evolution.alignment.Taxon"/>
#                    <taxon id="cell87" spec="beast.base.evolution.alignment.Taxon"/>
#                    <taxon id="cell89" spec="beast.base.evolution.alignment.Taxon"/>
#                    <taxon id="cell90" spec="beast.base.evolution.alignment.Taxon"/>
#                    <taxon id="cell91" spec="beast.base.evolution.alignment.Taxon"/>
#                    <taxon id="cell92" spec="beast.base.evolution.alignment.Taxon"/>
#                    <taxon id="cell93" spec="beast.base.evolution.alignment.Taxon"/>
#                    <taxon id="cell94" spec="beast.base.evolution.alignment.Taxon"/>
#                    <taxon id="cell95" spec="beast.base.evolution.alignment.Taxon"/>
#                    <taxon id="cell96" spec="beast.base.evolution.alignment.Taxon"/>
#                    <taxon id="cell97" spec="beast.base.evolution.alignment.Taxon"/>
#                    <taxon id="cell98" spec="beast.base.evolution.alignment.Taxon"/>
#                    <taxon id="cell99" spec="beast.base.evolution.alignment.Taxon"/>
#                </taxonset>
#            </tree>
#        </distribution>
#        <prior id="nonZeroRatePrior.s:tissues" name="distribution">
#            <x id="nonZeroRates.s:tissues" spec="beast.base.evolution.Sum">
#                <arg dimension="6" id="rateIndicator.s:tissues" spec="beast.base.inference.parameter.BooleanParameter">true</arg>
#            </x>
#            <distr id="Poisson.0" offset="2.0" spec="beast.base.inference.distribution.Poisson">
#                <parameter estimate="false" id="RealParameter.10" name="lambda" spec="beast.base.inference.parameter.RealParameter">0.693</parameter>
#            </distr>
#        </prior>
#        <prior id="relativeGeoRatesPrior.s:tissues" name="distribution">
#            <parameter dimension="6" id="relativeGeoRates.s:tissues" name="x" spec="beast.base.inference.parameter.RealParameter">1.0</parameter>
#            <Gamma id="Gamma.2" name="distr">
#                <parameter estimate="false" id="RealParameter.8" name="alpha" spec="beast.base.inference.parameter.RealParameter">1.0</parameter>
#                <parameter estimate="false" id="RealParameter.9" name="beta" spec="beast.base.inference.parameter.RealParameter">1.0</parameter>
#            </Gamma>
#        </prior>
#        <prior id="geoclockPrior.c:tissues" name="distribution">
#            <parameter id="traitClockRate.c:tissues" name="x" spec="beast.base.inference.parameter.RealParameter">1.0</parameter>
#            <Gamma id="Gamma.1" name="distr">
#                <parameter estimate="false" id="RealParameter.6" name="alpha" spec="beast.base.inference.parameter.RealParameter">0.001</parameter>
#                <parameter estimate="false" id="RealParameter.7" name="beta" spec="beast.base.inference.parameter.RealParameter">1000.0</parameter>
#            </Gamma>
#        </prior>
#    </distribution>
#    <distribution id="likelihood" spec="beast.base.inference.CompoundDistribution" useThreads="true">
#        <distribution data="@branches_fifty_samples_true" id="treeLikelihood.branches_fifty_samples_true" spec="fixedtreeanalysis.evolution.likelihood.FixedTreeLikelihood" tree="@Tree.t:tree">
#            <siteModel id="FixedSiteModel.s:branches_fifty_samples_true" spec="fixedtreeanalysis.evolution.sitemodel.FixedSiteModel">
#                <parameter estimate="false" id="RealParameter.0" lower="0.0" name="mutationRate" spec="beast.base.inference.parameter.RealParameter" upper="1.0">1.0</parameter>
#                <parameter id="RealParameter.1" lower="0.0" name="shape" spec="beast.base.inference.parameter.RealParameter" upper="0.0">1.0</parameter>
#                <parameter id="RealParameter.2" lower="0.0" name="proportionInvariant" spec="beast.base.inference.parameter.RealParameter" upper="0.0">0.0</parameter>
#                <substModel id="JC69.s:branches_fifty_samples_true" spec="beast.base.evolution.substitutionmodel.JukesCantor"/>
#            </siteModel>
#            <branchRateModel id="FixedClock.c:branches_fifty_samples_true" spec="fixedtreeanalysis.evolution.branchratemodel.FixedClockModel">
#                <parameter estimate="false" id="RealParameter.3" name="clock.rate" spec="beast.base.inference.parameter.RealParameter">1.0</parameter>
#            </branchRateModel>
#        </distribution>
#        <distribution id="traitedtreeLikelihood.tissues" spec="beastclassic.evolution.likelihood.AncestralStateTreeLikelihood" tag="location" tree="@Tree.t:tree">
#            <data id="tissues" spec="beastclassic.evolution.alignment.AlignmentFromTrait">
#                <traitSet id="traitSet.tissues" spec="beast.base.evolution.tree.TraitSet" taxa="@TaxonSet.1" traitname="discrete">cell11=t3,
#cell13=t2,
#cell14=t2,
#cell24=t1,
#cell29=t3,
#cell32=t2,
#cell37=t1,
#cell40=t1,
#cell41=t1,
#cell43=t2,
#cell44=t1,
#cell45=t1,
#cell46=t2,
#cell47=t2,
#cell49=t2,
#cell50=t3,
#cell51=t3,
#cell55=t2,
#cell56=t3,
#cell58=t3,
#cell60=t3,
#cell61=t3,
#cell62=t3,
#cell65=t3,
#cell67=t3,
#cell68=t1,
#cell69=t1,
#cell70=t1,
#cell74=t1,
#cell76=t3,
#cell77=t3,
#cell78=t1,
#cell79=t1,
#cell80=t3,
#cell82=t1,
#cell83=t1,
#cell85=t3,
#cell86=t2,
#cell87=t2,
#cell89=t2,
#cell90=t3,
#cell91=t3,
#cell92=t3,
#cell93=t3,
#cell94=t1,
#cell95=t1,
#cell96=t3,
#cell97=t3,
#cell98=t1,
#cell99=t1</traitSet>
#                <userDataType codeMap="t1=0,t2=1,t3=2,? = 0 1 2 " codelength="-1" id="traitDataType.tissues" spec="beast.base.evolution.datatype.UserDataType" states="3"/>
#            </data>
#            <siteModel gammaCategoryCount="1" id="geoSiteModel.s:tissues" spec="beast.base.evolution.sitemodel.SiteModel">
#                <parameter estimate="false" id="mutationRate.s:tissues" name="mutationRate" spec="beast.base.inference.parameter.RealParameter">1.0</parameter>
#                <parameter estimate="false" id="gammaShape.s:tissues" name="shape" spec="beast.base.inference.parameter.RealParameter">1.0</parameter>
#                <parameter estimate="false" id="proportionInvariant.s:tissues" lower="0.0" name="proportionInvariant" spec="beast.base.inference.parameter.RealParameter" upper="1.0">0.0</parameter>
#                <substModel id="svs.s:tissues" rateIndicator="@rateIndicator.s:tissues" rates="@relativeGeoRates.s:tissues" spec="beastclassic.evolution.substitutionmodel.SVSGeneralSubstitutionModel" symmetric="false">
#                    <frequencies id="traitfreqs.s:tissues" spec="beast.base.evolution.substitutionmodel.Frequencies">
#                        <parameter dimension="3" id="traitfrequencies.s:tissues" name="frequencies" spec="beast.base.inference.parameter.RealParameter">0.3333333333333333</parameter>
#                    </frequencies>
#                </substModel>
#            </siteModel>
#            <branchRateModel clock.rate="@traitClockRate.c:tissues" id="StrictClockModel.c:tissues" spec="beast.base.evolution.branchratemodel.StrictClockModel"/>
#        </distribution>
#    </distribution>
#</input>
#
Sample	posterior	likelihood	prior	treeLikelihood	rateIndicator.1	rateIndicator.2	rateIndicator.3	rateIndicator.4	rateIndicator.5	rateIndicator.6	relativeGeoRates.1	relativeGeoRates.2	relativeGeoRates.3	relativeGeoRates.4	relativeGeoRates.5	relativeGeoRates.6	traitClockRate	geoSubstModelLogger.relGeoRate_t1_t2	geoSubstModelLogger.relGeoRate_t1_t3	geoSubstModelLogger.relGeoRate_t2_t1	geoSubstModelLogger.relGeoRate_t2_t3	geoSubstModelLogger.relGeoRate_t3_t1	geoSubstModelLogger.relGeoRate_t3_t2
0	-70.57324675808488	-52.32216243470124	-18.25108432338364	0.0	1	1	1	1	1	1	1.0029091566008141	1.0042765962290299	0.9943850702634599	0.9973809066902121	0.9976779128746256	1.0014130905457854	1.0	1.0029091566008141	1.0042765962290299	0.9943850702634599	0.9973809066902121	0.9976779128746256	1.0014130905457854
1000	-67.94843451930151	-51.01982357421556	-16.928610945085957	0.0	1	0	1	1	1	0	1.136687116478034	1.0784862494335985	1.0929370921121349	1.0299043983833902	0.9870401225323188	0.9535628018388855	5.017362141046999	1.136687116478034	0.0	1.0929370921121349	1.0299043983833902	0.9870401225323188	0.0
2000	-67.46260668034685	-51.622848559502714	-15.839758120844131	0.0	0	1	1	0	0	1	1.0808790475246737	1.0558881280089525	0.8934071552563436	0.8847663083362306	0.9829071600877952	0.9029084008728296	7.841327008870409	0.0	1.0558881280089525	0.8934071552563436	0.0	0.0	0.9029084008728296
3000	-70.3428124250515	-53.569463497198434	-16.77334892785308	0.0	1	0	0	1	1	0	1.0618949257337067	1.0531773184112976	1.031824342754938	0.8849846670705815	0.9321402948765882	0.8811741646218999	18.88549548232815	1.0618949257337067	0.0	0.0	0.8849846670705815	0.9321402948765882	0.0
4000	-64.77151356145279	-49.677379799016066	-15.09413376243672	0.0	0	1	1	0	0	1	1.0056618956921668	0.9672298735625662	0.9299122083439384	1.0221770609315552	0.8163341006555558	0.868670657073031	4.51465476383573	0.0	0.9672298735625662	0.9299122083439384	0.0	0.0	0.868670657073031
5000	-66.3557262381789	-51.170841387368675	-15.184884850810231	0.0	1	1	0	1	1	0	0.8978027546323961	1.0021497087824816	0.9147328775691594	1.013858762959265	1.0307824325596264	0.799409756424454	1.6344739739715666	0.8978027546323961	1.0021497087824816	0.0	1.013858762959265	1.0307824325596264	0.0
6000	-64.9966715866403	-49.61984185841285	-15.37682972822745	0.0	0	1	1	0	0	1	0.8263665557898285	1.09720603603568	0.9971815099842049	1.0649738880458042	1.0899965719349773	0.8031020711106422	4.577417125441908	0.0	1.09720603603568	0.9971815099842049	0.0	0.0	0.8031020711106422
7000	-66.23167005866405	-48.89663953560982	-17.33503052305423	0.0	0	1	1	1	1	1	0.7837840159529975	1.2052784583162623	0.8949277866036476	0.9368018859393024	1.04532282352674	1.0935312289707	2.398488445963553	0.0	1.2052784583162623	0.8949277866036476	0.9368018859393024	1.04532282352674	1.0935312289707
8000	-66.56720537619054	-51.856095782446445	-14.711109593744094	0.0	0	1	0	0	1	1	0.8048991366507845	1.3015547229659885	0.8417629466522436	1.0702756474060906	1.1724353433814367	1.0874619370747687	1.5805693890293975	0.0	1.3015547229659885	0.0	0.0	1.1724353433814367	1.0874619370747687
9000	-68.94647689932779	-50.22438990116843	-18.722086998159362	0.0	1	1	1	1	1	1	0.7922776314543931	1.166981815192462	0.8881907018600904	1.2174287637875456	1.0956009017702304	1.0163442925289488	1.339336228402214	0.7922776314543931	1.166981815192462	0.8881907018600904	1.2174287637875456	1.0956009017702304	1.0163442925289488
10000	-66.98387499504612	-50.514671357457125	-16.469203637589	0.0	1	0	0	1	1	0	0.9488791698233342	1.1892389518852051	0.9198352246595741	1.3034092756295779	1.189407990035992	1.106676073514783	6.255885301731219	0.9488791698233342	0.0	0.0	1.3034092756295779	1.189407990035992	0.0
11000	-66.13633082762499	-49.49760949907888	-16.63872132854611	0.0	1	1	0	1	1	0	0.8284623569374219	1.0998068896740172	0.8369083822411714	1.095586850824891	1.2085476713716838	1.3698636995256759	3.2021509918417346	0.8284623569374219	1.0998068896740172	0.0	1.095586850824891	1.2085476713716838	0.0
12000	-69.17543807276475	-49.544242966667774	-19.631195106096975	0.0	1	1	1	1	1	1	0.6685270839206454	1.0937500790558006	0.8912037471296638	1.0558200976168344	1.3042208746230133	1.2548941799280358	3.030766333265708	0.6685270839206454	1.0937500790558006	0.8912037471296638	1.0558200976168344	1.3042208746230133	1.2548941799280358
13000	-67.91798370867667	-51.694041185413994	-16.22394252326267	0.0	1	0	1	1	0	1	0.7544227544663694	0.9193549285468172	0.9699243559871242	1.09647631755094	1.3642157063610247	1.1185186016233544	2.6265851418553536	0.7544227544663694	0.0	0.9699243559871242	1.09647631755094	0.0	1.1185186016233544
14000	-65.79614865818517	-50.1734321332496	-15.622716524935573	0.0	0	1	1	0	0	1	0.8104684147632858	0.8354264824469442	1.0457917100532266	1.1655072258602153	1.1927439696276738	1.181046409902374	4.117384884945035	0.0	0.8354264824469442	1.0457917100532266	0.0	0.0	1.181046409902374
15000	-68.21642808131118	-52.05307311389805	-16.163354967413127	0.0	0	1	1	0	0	1	0.8051795568239248	0.7738758920022687	1.1218200512573524	0.9699594784235223	1.2998943523322806	1.2564779194279643	7.079571889126308	0.0	0.7738758920022687	1.1218200512573524	0.0	0.0	1.2564779194279643
16000	-65.1728595789093	-48.57689769296615	-16.595961885943147	0.0	0	1	1	1	0	1	0.8554294363952085	0.8722628799056056	1.2887607262261915	1.081685609231217	1.194672468466955	1.1093669766363294	3.1837943826369757	0.0	0.8722628799056056	1.2887607262261915	1.081685609231217	0.0	1.1093669766363294
17000	-64.65501712703576	-49.024196000420034	-15.630821126615736	0.0	0	1	1	0	0	1	0.9306285509018937	0.936042269792128	1.278985127799181	1.1861330835721031	1.266140135021154	1.1890803856111074	2.38329704312547	0.0	0.936042269792128	1.278985127799181	0.0	0.0	1.1890803856111074
18000	-69.48086445132749	-51.84706528495704	-17.63379916637045	0.0	0	1	1	0	0	1	1.0253742127117742	1.031012483460382	1.3932753224929613	1.1241164520553462	1.3927487216856034	1.238494726658188	11.540592523272817	0.0	1.031012483460382	1.3932753224929613	0.0	0.0	1.238494726658188
19000	-67.13445281476183	-49.2476314527267	-17.88682136203513	0.0	1	1	0	1	1	0	0.8760955591221277	0.9904670611414967	1.6192009192939398	1.1140492730822193	1.5979523773949935	1.2409645777446807	4.102989849512243	0.8760955591221277	0.9904670611414967	0.0	1.1140492730822193	1.5979523773949935	0.0
20000	-65.72951886263075	-49.80813941543556	-15.921379447195186	0.0	0	1	1	0	0	1	0.9128468463987593	0.9610336560086604	1.6291550792003378	0.9937176155958037	1.5205749615090502	1.334061973286646	1.8129573316075596	0.0	0.9610336560086604	1.6291550792003378	0.0	0.0	1.334061973286646
21000	-67.27494655311921	-50.51265116141495	-16.762295391704264	0.0	0	1	1	0	0	1	0.8572717243264539	0.8886376396354161	1.3706577936356055	1.0031740536341176	1.572501339744814	1.1203493387153913	7.1756020403137555	0.0	0.8886376396354161	1.3706577936356055	0.0	0.0	1.1203493387153913
22000	-68.04709983687249	-52.038381104000955	-16.008718732871536	0.0	0	1	0	1	1	1	0.8391579404090138	0.7775595561114551	1.254160652666474	0.9473387233353611	1.5107336765545114	1.0333877137771783	1.8431285470991	0.0	0.7775595561114551	0.0	0.9473387233353611	1.5107336765545114	1.0333877137771783
23000	-65.13507097706332	-50.050167529820285	-15.084903447243029	0.0	0	1	1	0	0	1	0.8728514639865378	0.8542418763573008	1.1568870881048048	1.0071797871817938	1.5933214500450181	1.1292013371032565	1.6425702095702006	0.0	0.8542418763573008	1.1568870881048048	0.0	0.0	1.1292013371032565
24000	-65.74419288671626	-49.02862966384609	-16.715563222870166	0.0	0	1	1	1	0	1	0.8558602929964324	0.9459482489778084	1.1652266328853282	1.0820697731164677	1.6369981517201109	1.1005522551500189	2.4440904992755352	0.0	0.9459482489778084	1.1652266328853282	1.0820697731164677	0.0	1.1005522551500189
25000	-68.35493227636182	-50.381827386850524	-17.973104889511294	0.0	0	1	1	1	0	1	0.7914918598197561	0.8298696448549067	1.0633508471418986	1.2044698357171149	1.5181929650137436	1.111886045786749	11.149793061714494	0.0	0.8298696448549067	1.0633508471418986	1.2044698357171149	0.0	1.111886045786749
26000	-65.64287715953174	-48.491602342675826	-17.151274816855903	0.0	0	1	1	1	0	1	0.7753563768586293	0.8603547551570879	1.2197365561489875	1.2673142882419175	1.4861517008469698	1.2347400117272698	3.566703163803795	0.0	0.8603547551570879	1.2197365561489875	1.2673142882419175	0.0	1.2347400117272698
27000	-68.10916917302927	-50.24564503780575	-17.863524135223514	0.0	1	0	1	1	0	1	0.8411221914648737	0.8116009671906907	1.1560497605257958	1.3280146697067015	1.5740692084389134	1.328328661290988	5.968361337329679	0.8411221914648737	0.0	1.1560497605257958	1.3280146697067015	0.0	1.328328661290988
28000	-65.59219285215286	-48.42792717866159	-17.16426567349128	0.0	0	1	1	1	0	1	0.9062029566487143	0.7362152993248872	1.0461853908999454	1.159320609422897	1.5333133958952678	1.206943273946145	4.661225607032249	0.0	0.7362152993248872	1.0461853908999454	1.159320609422897	0.0	1.206943273946145
29000	-67.88972306089417	-52.18840132072376	-15.701321740170414	0.0	1	1	1	0	1	0	0.7537442815173739	2.018524442123414	1.3594596735580395	0.25626209658158006	0.8734965756750154	0.3821564931869944	2.7794043135373907	0.7537442815173739	2.018524442123414	1.3594596735580395	0.0	0.8734965756750154	0.0
30000	-62.97317566638414	-48.4105387275142	-14.56263693886994	0.0	0	1	1	0	0	1	0.5270647065397636	0.6934292052858781	0.923495548875945	1.8171603981878037	0.811547564231981	0.6272252501342184	3.276620439014525	0.0	0.6934292052858781	0.923495548875945	0.0	0.0	0.6272252501342184
31000	-60.96314503528663	-49.081669478190264	-11.881475557096369	0.0	0	1	1	0	0	1	0.5062044862129651	0.5642398135816334	0.696027406407599	0.9445283620171594	0.14750780810916486	0.38948720354306365	1.9316899895934831	0.0	0.5642398135816334	0.696027406407599	0.0	0.0	0.38948720354306365
32000	-66.05417892193405	-51.45916274515923	-14.595016176774823	0.0	0	1	0	0	1	1	0.5248826770902167	2.2815708150186795	1.1316651101388113	0.30983329979814006	1.1611349509435456	1.1983301374269457	1.0128692894258726	0.0	2.2815708150186795	0.0	0.0	1.1611349509435456	1.1983301374269457
33000	-65.7243877205047	-50.27146078416264	-15.452926936342056	0.0	0	1	1	0	1	1	1.0402310006327846	1.4590876155408345	0.7100786147405866	0.5052808225001045	0.8944798869436388	1.1674428562371824	1.899107493376686	0.0	1.4590876155408345	0.7100786147405866	0.0	0.8944798869436388	1.1674428562371824
34000	-69.68060295411931	-50.09281500006712	-19.587787954052185	0.0	1	1	1	1	1	1	0.2953464997072458	1.2192635441512167	2.0708634825414705	0.7319228934721153	0.2278298085460873	0.8303881990741054	7.064080638273103	0.2953464997072458	1.2192635441512167	2.0708634825414705	0.7319228934721153	0.2278298085460873	0.8303881990741054
35000	-70.6677405361141	-50.0607964679543	-20.606944068159798	0.0	1	1	1	1	1	0	2.3858609885752924	1.5881194561693432	2.1097534447645003	0.43220616296973374	1.3280488109363362	1.1589616459214638	3.013376750846072	2.3858609885752924	1.5881194561693432	2.1097534447645003	0.43220616296973374	1.3280488109363362	0.0
36000	-67.4484243688832	-49.13801145378108	-18.310412915102106	0.0	0	1	1	1	1	1	1.2436702271651714	1.3141244744178189	2.345493220556563	0.5736330663655623	0.33017902151312606	1.141110276942267	2.367122852195154	0.0	1.3141244744178189	2.345493220556563	0.5736330663655623	0.33017902151312606	1.141110276942267
37000	-65.7703550930027	-49.002863011239	-16.767492081763713	0.0	0	1	1	0	0	1	0.7478753327429651	1.3866031422979002	1.9198887490584484	0.7557359401329281	1.3697432260888458	1.7526513965690924	2.3624037771122484	0.0	1.3866031422979002	1.9198887490584484	0.0	0.0	1.7526513965690924
38000	-69.87300166096571	-49.09641636837672	-20.776585292588983	0.0	1	0	0	1	1	1	0.8317539384856406	2.5310643230784686	3.1927599054932583	2.6013213989380697	0.8079964488416389	0.44501329130578915	3.783082155904434	0.8317539384856406	0.0	0.0	2.6013213989380697	0.8079964488416389	0.44501329130578915
39000	-68.67662934520143	-53.114265073888696	-15.562364271312731	0.0	0	1	1	0	1	1	0.559809428227704	0.9973957128891691	0.6921668535813578	0.34135991809728466	1.0361994719489276	0.7217724805422179	8.787775529038298	0.0	0.9973957128891691	0.6921668535813578	0.0	1.0361994719489276	0.7217724805422179
40000	-72.84708429536671	-51.4803696259299	-21.366714669436814	0.0	0	1	1	1	1	1	0.7093064196780889	3.530647062072302	1.3932712036186656	0.23889825995232128	1.4472652278283729	1.5676852163485422	7.209397036021011	0.0	3.530647062072302	1.3932712036186656	0.23889825995232128	1.4472652278283729	1.5676852163485422
41000	-66.45333729363139	-49.30402276865198	-17.14931452497941	0.0	0	1	1	1	1	1	0.33866788390450137	1.7598031736873447	0.058723825084057636	0.8462824182484115	1.7032583761882503	0.6072511147553841	3.795605773018921	0.0	1.7598031736873447	0.058723825084057636	0.8462824182484115	1.7032583761882503	0.6072511147553841
42000	-66.97473801221756	-50.446380915113465	-16.52835709710409	0.0	1	0	1	1	1	0	1.3105296497815193	2.281706983272735	0.3830733400624582	1.0321418820508763	1.3060217748573528	0.04761915058252874	3.100647309715133	1.3105296497815193	0.0	0.3830733400624582	1.0321418820508763	1.3060217748573528	0.0
43000	-64.69168593037821	-49.79504755508057	-14.896638375297645	0.0	1	1	0	1	1	0	0.6753358923502969	0.2034574291563975	0.8595937141004559	1.513801493903819	1.1975870282767462	0.48403806223787516	2.5282810199917694	0.6753358923502969	0.2034574291563975	0.0	1.513801493903819	1.1975870282767462	0.0
44000	-64.71244828615039	-48.88878084704244	-15.823667439107954	0.0	1	1	0	1	1	1	0.7554522911963113	0.2595018669401481	1.3490022558975832	1.0435822340581913	0.8114534039254958	0.14633186757796338	2.6056277267388563	0.7554522911963113	0.2595018669401481	0.0	1.0435822340581913	0.8114534039254958	0.14633186757796338
45000	-67.8079990436234	-52.535890086724685	-15.272108956898716	0.0	1	0	1	1	1	0	1.5483044927250327	2.2315559543737207	0.7861950069990605	0.5024021741290661	0.6013472844291833	0.03305226047236881	1.7064162005866164	1.5483044927250327	0.0	0.7861950069990605	0.5024021741290661	0.6013472844291833	0.0
46000	-65.92415349420224	-49.39693921944401	-16.52721427475824	0.0	1	0	1	1	1	1	0.21237251869521342	2.438219027463287	0.02804571946778976	1.116029969002301	0.18054148701827466	0.2968954464364548	5.766548278079401	0.21237251869521342	0.0	0.02804571946778976	1.116029969002301	0.18054148701827466	0.2968954464364548
47000	-64.00105576140426	-49.1329559759371	-14.868099785467162	0.0	1	0	1	1	1	0	0.9624769785045562	0.27889098575513316	0.5795283933668418	0.8695917083567887	0.42411145871053224	1.3110956290237907	4.079794026412424	0.9624769785045562	0.0	0.5795283933668418	0.8695917083567887	0.42411145871053224	0.0
48000	-65.52258672373382	-50.792282360450706	-14.730304363283123	0.0	0	1	1	1	0	1	0.9777421805307112	0.6640314996425023	0.7019371433938582	0.2093129355057085	0.23301400046224546	0.7912818995000874	8.274175568860283	0.0	0.6640314996425023	0.7019371433938582	0.2093129355057085	0.0	0.7912818995000874
49000	-65.71755822355165	-49.724894789541665	-15.992663434009984	0.0	0	1	1	1	0	1	0.6215641548950808	0.8913806247670818	0.8457073859240626	0.13808231292270579	2.006464068555416	1.0793631176045855	3.9504943969744697	0.0	0.8913806247670818	0.8457073859240626	0.13808231292270579	0.0	1.0793631176045855
50000	-66.49065524219677	-50.43136280911179	-16.059292433084977	0.0	1	1	1	1	0	1	0.9517282840039349	0.5958902553480762	1.2926386160243872	0.10044645495608891	0.6626598759548757	0.4365758376339626	4.559844871901535	0.9517282840039349	0.5958902553480762	1.2926386160243872	0.10044645495608891	0.0	0.4365758376339626
51000	-64.59532746636212	-48.406335767465976	-16.18899169889615	0.0	0	1	1	1	1	1	0.13535771498017377	1.4113471160373727	1.2015196849551057	0.4019892257235744	0.7706750367003333	0.9567995016443063	2.2498026683817143	0.0	1.4113471160373727	1.2015196849551057	0.4019892257235744	0.7706750367003333	0.9567995016443063
52000	-67.65893952706892	-51.10735288202608	-16.55158664504284	0.0	1	0	1	1	0	1	0.49801166094414395	0.38475847506184657	1.2069297074216256	1.000693376415622	0.7926568361818264	0.4658915111048683	23.308110451316068	0.49801166094414395	0.0	1.2069297074216256	1.000693376415622	0.0	0.4658915111048683
53000	-68.9353653676097	-49.15034645985672	-19.785018907752978	0.0	1	1	1	1	1	1	1.127836749107079	0.6623745444909691	0.46140364844869647	1.9974125010161354	1.8560366055706488	0.19507118071727844	3.423451613673727	1.127836749107079	0.6623745444909691	0.46140364844869647	1.9974125010161354	1.8560366055706488	0.19507118071727844
54000	-63.10677795498414	-49.03625397891913	-14.07052397606501	0.0	0	1	1	1	0	1	0.12045983804238243	0.5130907674923137	1.1549374003998076	0.7208883461028975	0.010273937485657804	0.9996853307049096	4.547017071945268	0.0	0.5130907674923137	1.1549374003998076	0.7208883461028975	0.0	0.9996853307049096
55000	-65.96028399134433	-49.89437651121148	-16.06590748013284	0.0	1	1	1	1	1	1	0.33136304475651257	0.8969399757110876	0.42423355382771205	0.3977056459148624	0.3523728786391656	0.6595099917117049	2.1177906142399388	0.33136304475651257	0.8969399757110876	0.42423355382771205	0.3977056459148624	0.3523728786391656	0.6595099917117049
56000	-72.82349549950919	-52.82749569717557	-19.995999802333625	0.0	1	1	0	1	1	1	0.3712024086660769	1.2540114832005929	2.75510326552409	0.4883299715237007	1.0740268378861344	0.10999724098487708	30.485122021377848	0.3712024086660769	1.2540114832005929	0.0	0.4883299715237007	1.0740268378861344	0.10999724098487708
57000	-73.12990997418467	-50.13452850535672	-22.995381468827947	0.0	1	1	1	1	1	1	2.2126162738965927	1.3505117630098267	2.5251734708686295	0.7654692357552944	1.9487409231093917	0.026423684990129127	6.750144730660765	2.2126162738965927	1.3505117630098267	2.5251734708686295	0.7654692357552944	1.9487409231093917	0.026423684990129127
58000	-68.46792194058513	-48.920038906077615	-19.547883034507514	0.0	0	1	1	0	1	1	2.8663246239150224	1.4814557503974437	0.9889566739486532	2.963465700003135	0.530712227580411	0.48769259748351573	3.2985599894027655	0.0	1.4814557503974437	0.9889566739486532	0.0	0.530712227580411	0.48769259748351573
59000	-73.46325693766637	-57.00203786973244	-16.461219067933932	0.0	0	1	1	1	0	0	0.05784017790716771	2.5021939418606114	3.606376503951871	1.0391937024073106	0.9587157093050959	0.4221145491688695	0.9048082125160282	0.0	2.5021939418606114	3.606376503951871	1.0391937024073106	0.0	0.0
60000	-67.66752233642084	-50.24729202903523	-17.420230307385616	0.0	1	1	1	0	0	1	0.15756207534341865	0.914987036201886	2.6776197299169593	2.1122333031714944	0.817539477951349	0.8018193936177271	2.467537262938493	0.15756207534341865	0.914987036201886	2.6776197299169593	0.0	0.0	0.8018193936177271
61000	-66.72613163518281	-50.42688527799297	-16.29924635718983	0.0	1	1	1	0	0	1	0.3759950704632563	0.6313164662558048	2.0331974917999265	1.2242027694905515	1.0669352982849731	1.0150621843125258	2.502443163677153	0.3759950704632563	0.6313164662558048	2.0331974917999265	0.0	0.0	1.0150621843125258
62000	-69.08097228195135	-50.71108554386419	-18.36988673808715	0.0	0	1	1	0	1	1	1.79900546680032	2.4644200353541166	1.3590380572615672	0.2457436906543997	0.4134386590615445	1.9090513751461802	3.1377651744703448	0.0	2.4644200353541166	1.3590380572615672	0.0	0.4134386590615445	1.9090513751461802
63000	-71.9150387861268	-49.276719783780116	-22.638319002346687	0.0	0	1	1	1	0	1	0.7619748422928255	2.856376241967168	2.6945873423201396	2.5932572143195136	0.7039924349385599	2.6787493614075757	3.718394843683823	0.0	2.856376241967168	2.6945873423201396	2.5932572143195136	0.0	2.6787493614075757
64000	-65.62689690596247	-49.95932485529984	-15.667572050662624	0.0	1	1	1	1	0	1	0.04595397045822756	0.28769554398029457	0.8908948331442529	0.8426914801841566	0.6851329261205498	0.5061663181312236	6.720748153495942	0.04595397045822756	0.28769554398029457	0.8908948331442529	0.8426914801841566	0.0	0.5061663181312236
65000	-68.6361097795151	-52.753486698049805	-15.882623081465283	0.0	1	0	0	1	1	0	1.6242678246007207	0.38390894470938147	0.26218276986653205	1.3693815006375254	0.7597449781163101	1.0093280361387145	12.066357050804184	1.6242678246007207	0.0	0.0	1.3693815006375254	0.7597449781163101	0.0
66000	-70.59275579070095	-49.17396515321566	-21.418790637485294	0.0	0	1	1	1	0	1	0.6343664138972753	1.599892422333041	2.2533853506495793	0.13279583409919182	4.288151692282968	2.0030285966796657	4.351865856072442	0.0	1.599892422333041	2.2533853506495793	0.13279583409919182	0.0	2.0030285966796657
67000	-70.10948811657221	-52.65178377737005	-17.457704339202152	0.0	0	1	1	0	0	1	1.1066267742961338	0.787507897781685	0.9055204608973006	0.19342231610181854	0.7588981180145472	0.6133393229979149	145.23090810795037	0.0	0.787507897781685	0.9055204608973006	0.0	0.0	0.6133393229979149
68000	-75.94301698166046	-53.29252918155575	-22.650487800104706	0.0	1	0	1	1	0	1	0.2209590498009253	1.6586850390941352	0.6075756779239195	2.7507113022847687	1.2600394906295649	0.8987108597582635	354.7054790255803	0.2209590498009253	0.0	0.6075756779239195	2.7507113022847687	0.0	0.8987108597582635
69000	-73.73725386563468	-52.834026589864855	-20.903227275769826	0.0	1	1	1	0	0	1	1.0193350793944855	0.6999913675268883	1.886416529749177	2.1801398998876933	0.16738819888883677	0.43420636490673464	198.1798214971339	1.0193350793944855	0.6999913675268883	1.886416529749177	0.0	0.0	0.43420636490673464
70000	-66.24187553841509	-49.44736516540249	-16.794510373012606	0.0	0	1	1	0	0	1	0.8372828815019231	1.4606727862575535	1.4539607255214346	2.453389068940412	0.026355564864016592	0.9982425160855787	4.891460549534208	0.0	1.4606727862575535	1.4539607255214346	0.0	0.0	0.9982425160855787
71000	-69.37949145603571	-48.98946380013566	-20.390027655900045	0.0	0	1	1	0	0	1	1.6122873143527876	1.8690322353026558	4.447146113633645	1.104055541457968	0.06523552004978518	2.0783880457592425	3.4482284177972518	0.0	1.8690322353026558	4.447146113633645	0.0	0.0	2.0783880457592425
72000	-64.1404309669563	-48.79436178169345	-15.346069185262849	0.0	0	1	1	1	1	1	0.30423735752505265	0.9094952075831545	0.8547013971097445	0.3309649261210755	0.3873955699375914	1.0750822010765906	2.6737455348522943	0.0	0.9094952075831545	0.8547013971097445	0.3309649261210755	0.3873955699375914	1.0750822010765906
73000	-66.60638408461607	-50.169271271994035	-16.437112812622036	0.0	0	1	1	1	1	1	0.1273312569057593	0.1805025631869273	0.3771082063934313	1.5338235482260698	0.030138268977407817	1.0266271728172918	14.168796154944056	0.0	0.1805025631869273	0.3771082063934313	1.5338235482260698	0.030138268977407817	1.0266271728172918
74000	-62.89357562108532	-49.14550807734979	-13.748067543735527	0.0	0	1	1	1	0	1	0.14924559934308737	0.3051427746948398	0.4138313288317459	0.7754106419310945	0.2099009165395496	0.8439296853069361	7.474217698200828	0.0	0.3051427746948398	0.4138313288317459	0.7754106419310945	0.0	0.8439296853069361
75000	-69.90711445204991	-53.19739057313034	-16.70972387891957	0.0	1	1	1	0	0	1	0.3102860967297386	0.3450622070447141	1.350708356137597	0.6542143205540808	0.6741054325123798	0.4798850611760745	45.603938331332074	0.3102860967297386	0.3450622070447141	1.350708356137597	0.0	0.0	0.4798850611760745
76000	-66.74709600999715	-50.767609331181134	-15.979486678816013	0.0	1	0	1	1	1	1	0.6658771594241405	0.9951743485134094	0.5730661377781352	1.3803634438441297	0.18340929216703594	0.7942447570673365	2.4273231278694625	0.6658771594241405	0.0	0.5730661377781352	1.3803634438441297	0.18340929216703594	0.7942447570673365
77000	-70.73357425231018	-49.70975349379171	-21.02382075851846	0.0	1	0	1	1	1	0	2.475278003953114	1.7071587940215651	0.9727533515007581	1.524574043881546	1.4659189420467162	2.4441511266315223	4.045697908973745	2.475278003953114	0.0	0.9727533515007581	1.524574043881546	1.4659189420467162	0.0
78000	-78.03214278962302	-52.990122958694116	-25.04201983092891	0.0	0	1	0	1	1	1	0.15921100029459798	1.7719397767624852	0.03328900450013417	2.065619163223454	1.677829127300343	1.0171174002491536	1796.967842347377	0.0	1.7719397767624852	0.0	2.065619163223454	1.677829127300343	1.0171174002491536
79000	-65.57810962795939	-51.05996502776808	-14.518144600191313	0.0	0	1	1	1	0	1	0.21820293963717982	0.24420035307635915	0.20665674173835327	0.7688647246029522	0.5352202954126426	0.7845060708326782	15.095965997443333	0.0	0.24420035307635915	0.20665674173835327	0.7688647246029522	0.0	0.7845060708326782
80000	-63.733639664394374	-49.084285575336835	-14.649354089057535	0.0	0	1	1	1	0	1	0.5340614964289535	0.9538898337063036	0.9106645231059273	0.4949766388137806	0.03421853002058364	1.3082613661931655	3.963039541124418	0.0	0.9538898337063036	0.9106645231059273	0.4949766388137806	0.0	1.3082613661931655
81000	-62.29678139761634	-49.77610893904659	-12.520672458569758	0.0	0	1	1	0	0	1	0.5415454951902644	0.6998045645545862	0.7083331509322525	1.5216108364517233	0.16897049377888845	0.45254627618819593	1.5729136651412992	0.0	0.6998045645545862	0.7083331509322525	0.0	0.0	0.45254627618819593
82000	-64.18524032007889	-50.08380616225655	-14.101434157822338	0.0	0	1	1	0	0	1	0.6274023727092174	1.4096150878128504	1.3408576272738668	0.7725130045363823	0.7594944956890957	0.6477707862644246	1.7660961371242583	0.0	1.4096150878128504	1.3408576272738668	0.0	0.0	0.6477707862644246
83000	-65.76476021275568	-49.14275384589905	-16.622006366856617	0.0	0	1	1	1	0	1	1.1052547020883154	0.46158199439346276	1.188806203650432	0.3400697943595465	2.5252694031461185	0.6183337630809939	3.843981400752152	0.0	0.46158199439346276	1.188806203650432	0.3400697943595465	0.0	0.6183337630809939
84000	-67.47274771570488	-50.57736882581924	-16.89537888988564	0.0	0	1	1	0	0	1	0.7967231857224835	2.845443553026669	1.790800729959462	0.13269626274547056	0.27009210058357147	1.898492112638856	3.271448356114406	0.0	2.845443553026669	1.790800729959462	0.0	0.0	1.898492112638856
85000	-68.75963705061764	-50.371941886675216	-18.387695163942432	0.0	1	1	0	1	1	1	0.9039387131669715	0.1691764002894668	1.038562879248734	3.4727473049988165	0.7841307351614111	0.3345077048912807	3.2658730740364375	0.9039387131669715	0.1691764002894668	0.0	3.4727473049988165	0.7841307351614111	0.3345077048912807
86000	-70.255379026963	-48.9084274511696	-21.346951575793405	0.0	1	0	0	1	1	0	1.4637354079244886	0.7224247305840037	5.370818473760276	2.1446326494518297	1.0387644448691864	1.4741072543667042	3.179214374169757	1.4637354079244886	0.0	0.0	2.1446326494518297	1.0387644448691864	0.0
87000	-62.34418676626838	-48.62849933292009	-13.715687433348283	0.0	0	1	1	1	1	1	0.19780433924003238	0.8483262623086669	0.5406463474543174	0.19588846299045873	0.22015614062726166	0.5815371312921174	1.879598630806456	0.0	0.8483262623086669	0.5406463474543174	0.19588846299045873	0.22015614062726166	0.5815371312921174
88000	-72.63604643686138	-52.35723544375856	-20.278810993102812	0.0	0	1	1	0	0	1	0.3452120797412299	1.1391781914443997	1.682267526680649	0.5511966692159552	2.2806761620102884	0.9809597644696555	173.64614123109115	0.0	1.1391781914443997	1.682267526680649	0.0	0.0	0.9809597644696555
89000	-71.01838503421845	-52.615362137659375	-18.40302289655908	0.0	1	1	0	1	1	0	0.6575240195960812	0.14176624815750494	2.7311015039519275	2.6649193122818002	0.9189568821878181	0.12723508369464723	8.34458225151888	0.6575240195960812	0.14176624815750494	0.0	2.6649193122818002	0.9189568821878181	0.0
90000	-66.3922915590084	-50.92109850880387	-15.471193050204528	0.0	0	1	1	0	0	1	0.020312300108180234	0.9831789214741553	1.0795559621438107	2.749914283917374	0.6964851354927485	0.3991791905942505	4.785237386683546	0.0	0.9831789214741553	1.0795559621438107	0.0	0.0	0.3991791905942505
91000	-71.07184802731126	-54.14669350950898	-16.92515451780228	0.0	0	1	0	1	1	1	1.3847209769886228	1.9370236561535283	0.27973114379477354	0.1671681503260515	1.6742539849066107	1.4815660094987548	2.625695637125024	0.0	1.9370236561535283	0.0	0.1671681503260515	1.6742539849066107	1.4815660094987548
92000	-64.53351106379934	-50.023319515760306	-14.510191548039028	0.0	1	0	0	1	1	0	0.7192293701730701	0.7685188610399051	1.8221928949624708	0.6908927257821598	0.35420870508488084	0.8222570357201284	3.8827893472323	0.7192293701730701	0.0	0.0	0.6908927257821598	0.35420870508488084	0.0
93000	-64.96234245809566	-52.018424761867706	-12.943917696227956	0.0	0	1	1	0	0	1	0.011783657377501162	0.3426369389899144	0.45618892333761946	0.42849693260792276	0.04279481034043769	0.2941466909788559	29.03187435604534	0.0	0.3426369389899144	0.45618892333761946	0.0	0.0	0.2941466909788559
94000	-69.34292546695508	-49.053573764281985	-20.289351702673095	0.0	1	1	1	1	1	1	0.4612641222624907	2.5479029917655165	1.18105549978989	0.45028729395789374	1.4543960328538867	1.2026763439890553	2.0925296060692062	0.4612641222624907	2.5479029917655165	1.18105549978989	0.45028729395789374	1.4543960328538867	1.2026763439890553
95000	-62.60707887611481	-48.597385937376714	-14.009692938738102	0.0	0	1	1	1	0	1	0.7020058863031441	0.5746705785010611	0.7097558465424393	0.24303577169092574	0.974747911351613	0.8185703694350738	2.5898085899497256	0.0	0.5746705785010611	0.7097558465424393	0.24303577169092574	0.0	0.8185703694350738
96000	-69.32714050263503	-50.28629731701422	-19.040843185620815	0.0	0	1	1	1	0	1	1.4051144944448586	0.5526157881967539	1.2044115488777274	1.986490895782394	0.634534153830393	2.273775677537225	6.994797199999002	0.0	0.5526157881967539	1.2044115488777274	1.986490895782394	0.0	2.273775677537225
97000	-65.68615083563671	-51.172033763765015	-14.514117071871699	0.0	1	1	1	1	1	0	0.6893382606711014	0.06155286126046012	0.3056642082320968	1.429177866309935	0.4459842261523521	0.3522506928478291	2.0746286227330977	0.6893382606711014	0.06155286126046012	0.3056642082320968	1.429177866309935	0.4459842261523521	0.0
98000	-67.56762507991942	-50.574520892492586	-16.993104187426837	0.0	1	1	1	1	1	0	1.677979113841342	0.3641826754177066	0.23501981373460348	0.8633217067448713	0.9117840463342374	1.5233325396015813	2.501467981778523	1.677979113841342	0.3641826754177066	0.23501981373460348	0.8633217067448713	0.9117840463342374	0.0
99000	-64.90507914967577	-48.868727486187495	-16.03635166348828	0.0	0	1	0	1	1	1	1.9651422259310403	1.2919996058487753	0.21818364197299195	0.8811909913414623	1.0422735014831859	0.5910315504515056	2.748645454763227	0.0	1.2919996058487753	0.0	0.8811909913414623	1.0422735014831859	0.5910315504515056
100000	-67.77689754624939	-49.60884955389534	-18.16804799235404	0.0	1	1	1	1	1	1	0.799808913975432	1.39093813661223	0.8453850027063344	0.730021942761741	1.346206760128131	0.08776631661560184	2.043268255125493	0.799808913975432	1.39093813661223	0.8453850027063344	0.730021942761741	1.346206760128131	0.08776631661560184
101000	-65.87733849935194	-50.10868014239661	-15.76865835695532	0.0	0	1	1	0	0	1	0.2839512144790512	1.5580062278379607	1.8551904664809618	0.17626463449368163	0.4600984413681255	1.6315255411974523	6.2054620404126455	0.0	1.5580062278379607	1.8551904664809618	0.0	0.0	1.6315255411974523
102000	-66.84686075659485	-48.93470386388748	-17.912156892707372	0.0	0	1	1	1	1	1	0.7079192779622573	2.1151063110827857	1.3550937149503595	0.2458640989563963	0.4454087875978825	1.6063766453449961	2.5491315403064525	0.0	2.1151063110827857	1.3550937149503595	0.2458640989563963	0.4454087875978825	1.6063766453449961
103000	-65.18727379743922	-50.669218966339955	-14.518054831099267	0.0	0	1	1	1	0	1	1.0263866183338672	1.16112990169901	1.144545524341453	0.5740802999921929	0.46512167665160875	0.6787699188081253	1.5422270542895482	0.0	1.16112990169901	1.144545524341453	0.5740802999921929	0.0	0.6787699188081253
104000	-64.51731004077655	-50.275192113728885	-14.242117927047671	0.0	1	1	1	0	1	1	0.5232545590817541	0.8448055905725878	0.8658144868682225	0.08685071342934311	0.6052767663812783	0.23538612299234896	1.7869340065517225	0.5232545590817541	0.8448055905725878	0.8658144868682225	0.0	0.6052767663812783	0.23538612299234896
105000	-67.70969539088472	-49.62750994660204	-18.082185444282672	0.0	1	0	1	1	0	1	1.2233775279569807	0.7375737446441791	1.2421402030066475	1.6805321405101168	1.5804490485366065	1.0488432413509228	4.629680987087452	1.2233775279569807	0.0	1.2421402030066475	1.6805321405101168	0.0	1.0488432413509228
106000	-62.891788606641484	-48.896425338565486	-13.995363268075995	0.0	0	1	1	0	0	1	2.242639241701537	0.2808723411381534	0.48764407336175003	0.12055262026491374	1.015506506942962	0.23483970119108757	5.134581189690725	0.0	0.2808723411381534	0.48764407336175003	0.0	0.0	0.23483970119108757
107000	-63.034084543307486	-50.04379407182705	-12.990290471480431	0.0	0	1	0	1	1	1	0.8187993145969075	0.2519610767913123	1.4769167985185652	0.3791193995180285	0.1487499443500589	0.2444264124749169	1.88774082684009	0.0	0.2519610767913123	0.0	0.3791193995180285	0.1487499443500589	0.2444264124749169
108000	-65.22380247659835	-50.70283507137939	-14.520967405218958	0.0	1	1	1	0	1	0	0.23797120317395812	0.6670340717979985	0.5475812414409953	0.8149257014224951	0.7034655299371283	0.8692979364960187	5.17312879901822	0.23797120317395812	0.6670340717979985	0.5475812414409953	0.0	0.7034655299371283	0.0
109000	-61.62184974835024	-49.55891361930996	-12.062936129040285	0.0	0	1	1	0	0	1	1.220585906086289	0.5528162245111102	0.4301778361633704	0.46724165375908405	0.3254006662972814	0.302144253284448	2.2019538056892514	0.0	0.5528162245111102	0.4301778361633704	0.0	0.0	0.302144253284448
110000	-68.171592011829	-52.71839008052635	-15.453201931302653	0.0	1	1	1	1	1	0	0.9215258826510125	0.767531669307261	0.6393304839467261	0.5466571201604963	0.3123912150451683	1.123755012946011	1.899765700118178	0.9215258826510125	0.767531669307261	0.6393304839467261	0.5466571201604963	0.3123912150451683	0.0
111000	-63.49876131015363	-48.61763923840545	-14.88112207174818	0.0	0	1	1	1	0	1	0.16030314369781182	0.5850414592643804	0.7311163219531924	0.8183136202549739	1.6155709922428043	0.8330928467603685	3.010454137342489	0.0	0.5850414592643804	0.7311163219531924	0.8183136202549739	0.0	0.8330928467603685
112000	-70.85771073028366	-54.61561046334103	-16.24210026694263	0.0	0	1	1	0	0	1	2.1195356193760246	0.10507387042566291	0.15645243277216017	0.592444257776769	0.7549292236151551	0.1599049823447552	74.42783201574778	0.0	0.10507387042566291	0.15645243277216017	0.0	0.0	0.1599049823447552
113000	-61.422939206675835	-48.483682724966066	-12.939256481709767	0.0	0	1	1	0	0	1	0.34861293270313937	0.6217540794628575	0.7317151709973336	0.6003538053648747	1.0907900858330988	0.549241992800071	2.77658326919597	0.0	0.6217540794628575	0.7317151709973336	0.0	0.0	0.549241992800071
114000	-68.86522315241112	-49.86658805413717	-18.99863509827395	0.0	1	1	1	1	1	1	0.07986112276368544	0.9578362329211617	1.975349121248569	0.565140224279357	0.0844136381320743	2.0135946205933406	2.911172530748128	0.07986112276368544	0.9578362329211617	1.975349121248569	0.565140224279357	0.0844136381320743	2.0135946205933406
115000	-62.23260556426871	-50.79365374135479	-11.438951822913925	0.0	0	1	1	0	0	1	0.3599435494297992	0.7717386259945951	0.4853522426113507	0.37008125580616147	0.012712270610290151	0.7687622102614421	2.004191619016373	0.0	0.7717386259945951	0.4853522426113507	0.0	0.0	0.7687622102614421
116000	-67.10041368078507	-50.16752637381175	-16.932887306973324	0.0	0	1	1	1	0	1	1.975719021691461	0.9333928032757087	2.452053060971819	0.2783998444453148	0.008375054636333474	0.7279224155830138	4.573539776564897	0.0	0.9333928032757087	2.452053060971819	0.2783998444453148	0.0	0.7279224155830138
117000	-66.41394928704821	-50.52281451648866	-15.891134770559557	0.0	0	1	1	0	1	1	2.51454159524096	1.0685757762487427	0.37767207558666344	1.4981625016115372	0.615200066116624	0.30541433068496776	1.6108306274042459	0.0	1.0685757762487427	0.37767207558666344	0.0	0.615200066116624	0.30541433068496776
118000	-67.15274708970101	-52.65492735068373	-14.497819739017277	0.0	1	0	0	1	1	0	0.8285358167676562	0.2147118606566127	1.116877233455053	2.2171813327952266	1.6519687803689909	0.2070367198142565	1.3319589675530625	0.8285358167676562	0.0	0.0	2.2171813327952266	1.6519687803689909	0.0
119000	-63.52886751419162	-49.01625288192954	-14.512614632262082	0.0	0	1	0	1	1	1	0.5777014090098405	0.5151307822891351	0.9795829912980414	0.7779526038380035	0.5306244217238466	0.548660842813611	4.693272302451191	0.0	0.5151307822891351	0.0	0.7779526038380035	0.5306244217238466	0.548660842813611
120000	-67.48038676757302	-50.46106089529617	-17.019325872276855	0.0	1	1	1	1	1	1	0.7339897207374821	0.18386730782696437	1.0077877644513493	0.8080126771645578	0.6483801621392762	0.45784083588939906	2.5239060354735647	0.7339897207374821	0.18386730782696437	1.0077877644513493	0.8080126771645578	0.6483801621392762	0.45784083588939906
121000	-75.77176689348534	-53.43618110690087	-22.335585786584463	0.0	0	1	1	1	1	1	2.491076440058672	2.1681571452230415	0.7728103694624432	0.35230534454155144	2.5486697929414532	0.4908456173375853	19.999265694701432	0.0	2.1681571452230415	0.7728103694624432	0.35230534454155144	2.5486697929414532	0.4908456173375853
122000	-62.96923546685204	-49.524498161695284	-13.44473730515676	0.0	0	1	1	0	0	1	3.1315531359718403	0.20802841347258805	0.43512758183166783	0.1886457079279124	0.13455392004626457	0.32335382007825325	2.8515397875305113	0.0	0.20802841347258805	0.43512758183166783	0.0	0.0	0.32335382007825325
123000	-61.356276506019455	-48.981367084287314	-12.374909421732138	0.0	0	1	1	0	0	1	1.5022083716003054	0.1602661438283841	0.2598035132871581	0.2944970439268008	1.3073179497232017	0.13052943449381538	2.1066804820678446	0.0	0.1602661438283841	0.2598035132871581	0.0	0.0	0.13052943449381538
124000	-69.92900555514065	-48.97327844917336	-20.95572710596729	0.0	1	0	0	1	1	0	1.06291947914649	1.6439893623617396	0.7511226080065005	1.8891940091901007	1.1531089828372603	5.121015378002305	3.8885442413888747	1.06291947914649	0.0	0.0	1.8891940091901007	1.1531089828372603	0.0
125000	-64.81521987594353	-49.182939174541985	-15.632280701401537	0.0	1	0	1	1	0	1	0.37011888633104373	0.8947208923638303	0.4796348193637309	1.5715715944148934	0.09747134921501803	0.9347050503902257	9.423377262756022	0.37011888633104373	0.0	0.4796348193637309	1.5715715944148934	0.0	0.9347050503902257
126000	-68.13337159787898	-50.395708661126044	-17.737662936752926	0.0	0	1	1	0	0	1	0.5139447310973033	0.8378793582975901	1.7792045882441692	3.138236527599476	0.6261234720212213	1.466400350169714	4.052802410555926	0.0	0.8378793582975901	1.7792045882441692	0.0	0.0	1.466400350169714
127000	-69.00704308983936	-49.190046448702226	-19.81699664113713	0.0	1	1	1	1	0	1	1.3213124176677435	1.1883715252316358	3.5725326550872882	0.6400827614809937	0.13299306521253842	1.1786497537331195	3.6028003731784004	1.3213124176677435	1.1883715252316358	3.5725326550872882	0.6400827614809937	0.0	1.1786497537331195
128000	-66.81318916400707	-49.54840266400007	-17.264786500007006	0.0	1	0	0	1	1	0	1.146510403172047	0.1966772135163811	1.1214050453698898	1.6465329675203153	1.3767146162784778	2.299899061979164	4.48282174824199	1.146510403172047	0.0	0.0	1.6465329675203153	1.3767146162784778	0.0
129000	-69.50183631872484	-53.87415892260024	-15.627677396124607	0.0	0	0	0	1	1	1	0.7963057903101005	0.9383243062081728	2.816303828389191	1.5028042335557852	1.0414562444960782	0.31235124849409907	1.2779882005148506	0.0	0.0	0.0	1.5028042335557852	1.0414562444960782	0.31235124849409907
130000	-66.21534313826183	-50.84344756521321	-15.371895573048626	0.0	0	1	0	1	1	1	0.3818625526517179	1.8059021197032232	0.25162375376185586	0.5080217212879977	1.2409014659180508	0.5497250295668378	4.93737595760602	0.0	1.8059021197032232	0.0	0.5080217212879977	1.2409014659180508	0.5497250295668378
131000	-65.66401274968524	-49.61189468023503	-16.052118069450202	0.0	1	0	1	1	1	1	0.2614119807193014	3.192677380883379	0.31068234360172964	0.20402474230304152	0.10042680617611591	0.04511118223094871	4.2038209309848655	0.2614119807193014	0.0	0.31068234360172964	0.20402474230304152	0.10042680617611591	0.04511118223094871
132000	-62.80607260224161	-48.82187682455046	-13.984195777691156	0.0	0	1	1	0	0	1	1.1219664732636758	0.5453785317370873	0.9645003623447104	1.1042521409207493	0.17236884629200075	0.5750678951334048	4.589558503632099	0.0	0.5453785317370873	0.9645003623447104	0.0	0.0	0.5750678951334048
133000	-66.83519478966454	-50.166253448266616	-16.668941341397925	0.0	0	1	1	0	0	1	1.4653870900140573	0.6339136557300306	1.5606530276175965	1.336350975771936	1.4506169025562612	1.1082205037552186	3.120535851594833	0.0	0.6339136557300306	1.5606530276175965	0.0	0.0	1.1082205037552186
134000	-64.09324792474678	-50.976806318855225	-13.116441605891549	0.0	0	1	1	0	1	1	1.0467211401632106	0.6244184402726556	0.9046077753288618	0.22442049183538582	0.3298540472850147	0.6444194066259702	1.3596991851272069	0.0	0.6244184402726556	0.9046077753288618	0.0	0.3298540472850147	0.6444194066259702
135000	-66.50921413600204	-48.995096036978246	-17.514118099023804	0.0	0	1	1	0	0	1	1.250683356757376	1.2394272301986988	2.5526564444855873	0.23574375830953026	2.2197374158106933	1.0643993872900355	2.653768745449801	0.0	1.2394272301986988	2.5526564444855873	0.0	0.0	1.0643993872900355
136000	-63.08592279222795	-48.74519506848369	-14.34072772374426	0.0	0	1	0	1	1	1	0.45058282855115195	0.8832645228286072	0.8157252035277688	0.8521306633626452	0.7507156080259164	0.5974458875189899	2.600058914805893	0.0	0.8832645228286072	0.0	0.8521306633626452	0.7507156080259164	0.5974458875189899
137000	-69.41643724381947	-49.73977912694084	-19.676658116878635	0.0	0	1	1	1	1	1	0.06841973458969758	3.694427465016674	2.6634152972859577	0.2625088241739669	0.26858867365489236	1.5958075885299252	1.8649362588959202	0.0	3.694427465016674	2.6634152972859577	0.2625088241739669	0.26858867365489236	1.5958075885299252
138000	-63.82490566406783	-49.608703906406134	-14.21620175766169	0.0	0	1	1	0	0	1	0.04524200298615154	1.1038683412703774	1.1850748138444973	0.1773453095619994	1.13331974141452	1.274354772551359	3.7462650234495487	0.0	1.1038683412703774	1.1850748138444973	0.0	0.0	1.274354772551359
139000	-66.23569668247038	-51.83560467223623	-14.400092010234152	0.0	1	0	1	1	1	0	0.9438379137421581	0.12308333569503366	0.40976862126418956	0.2816940406783395	0.2700996797680183	1.1613731894598567	8.75795870254126	0.9438379137421581	0.0	0.40976862126418956	0.2816940406783395	0.2700996797680183	0.0
140000	-65.72501067208822	-50.23359883729732	-15.491411834790888	0.0	1	0	0	1	1	1	0.36976771958841614	0.44230289305161435	1.8240466740146846	1.6233519344319949	0.494556330953363	0.2531570709514325	4.25348685579404	0.36976771958841614	0.0	0.0	1.6233519344319949	0.494556330953363	0.2531570709514325
141000	-63.580515958549974	-48.60008967707123	-14.980426281478742	0.0	0	1	1	1	1	1	0.7497711896071235	0.7199520444628282	1.100116885552087	0.2228083625382677	0.09895061355106066	0.7921371797062107	2.217204347892921	0.0	0.7199520444628282	1.100116885552087	0.2228083625382677	0.09895061355106066	0.7921371797062107
142000	-74.6385346153589	-53.562266801769425	-21.076267813589475	0.0	1	0	0	1	1	0	0.3315352688143266	2.4381476071611496	4.325670974344982	1.6372260211744396	0.5016087780484763	1.8231403408849378	7.686609377606112	0.3315352688143266	0.0	0.0	1.6372260211744396	0.5016087780484763	0.0
143000	-68.34205065777545	-51.71851804596182	-16.62353261181362	0.0	1	1	1	1	1	0	2.090054090425446	0.34673801785891545	0.052889839310697996	1.2828916908706478	1.478582810891832	0.47710810823706373	1.4846167302961637	2.090054090425446	0.34673801785891545	0.052889839310697996	1.2828916908706478	1.478582810891832	0.0
144000	-61.41607620965483	-49.263129378614096	-12.15294683104074	0.0	0	1	1	0	0	1	0.7197366873421762	0.19366679950741547	0.47062603718217766	0.8861580859458261	0.1555105594262427	0.21814417334871483	4.628331485194173	0.0	0.19366679950741547	0.47062603718217766	0.0	0.0	0.21814417334871483
145000	-69.1699256011286	-49.488266755938	-19.68165884519059	0.0	0	1	1	1	1	1	1.8768239148446908	0.9539629684626398	0.5932323917790103	2.5052361467353768	0.20913313304425302	1.9021950972108093	3.126975784357345	0.0	0.9539629684626398	0.5932323917790103	2.5052361467353768	0.20913313304425302	1.9021950972108093
146000	-66.32002482119941	-50.656184532808425	-15.66384028839099	0.0	0	1	1	1	0	1	2.2008413433050396	1.5895892462723704	1.2990607695157526	0.29073230412603435	0.06733312649827952	0.9203938888397277	1.2984457227104678	0.0	1.5895892462723704	1.2990607695157526	0.29073230412603435	0.0	0.9203938888397277
147000	-62.68376176293879	-50.72771514334163	-11.956046619597169	0.0	0	1	1	1	0	1	0.899649320113991	0.2675115657482554	0.14382858354366052	0.3349658074471185	0.07816155083934599	0.4109213002236007	2.194415252430984	0.0	0.2675115657482554	0.14382858354366052	0.3349658074471185	0.0	0.4109213002236007
148000	-63.495163897005824	-50.6682591659723	-12.826904731033522	0.0	1	0	0	1	1	0	0.6242198445555026	0.09531043701707825	0.3556394706423386	0.7589274787282863	0.45938238329890213	0.32489853065002117	9.27816844430447	0.6242198445555026	0.0	0.0	0.7589274787282863	0.45938238329890213	0.0
149000	-63.53409133618581	-48.88895978377094	-14.64513155241487	0.0	0	1	0	1	1	1	0.2697842299884975	1.1883671758625278	0.4231904878982511	1.1958419089401566	0.6933098595214174	0.6785491288606987	3.191125349789067	0.0	1.1883671758625278	0.0	1.1958419089401566	0.6933098595214174	0.6785491288606987
150000	-69.13336938986576	-48.72729672616074	-20.40607266370503	0.0	0	1	1	0	1	1	2.098903681228647	2.5529746857414066	2.4766013971801697	0.27975898040909514	1.348674148099663	1.6049349358859915	2.742327285077354	0.0	2.5529746857414066	2.4766013971801697	0.0	1.348674148099663	1.6049349358859915
151000	-68.58370471372753	-50.98332668596433	-17.6003780277632	0.0	1	0	1	1	1	0	1.2742872699098635	0.030453441178329935	0.6345486163967025	2.384634257074165	0.7177258160133705	1.4116044564945813	8.22617330483594	1.2742872699098635	0.0	0.6345486163967025	2.384634257074165	0.7177258160133705	0.0
152000	-62.851895356222556	-48.98000562350011	-13.87188973272244	0.0	1	0	0	1	1	0	0.31732448984441847	0.5938225544494181	1.9665680297908787	0.34402042002581645	0.23989592603875445	1.2183794616822279	3.373360671115477	0.31732448984441847	0.0	0.0	0.34402042002581645	0.23989592603875445	0.0
153000	-66.40959576704186	-49.701178097192184	-16.708417669849677	0.0	1	0	0	1	1	1	1.2348655265389972	0.015111709724371212	2.36711236564969	1.7465458513353675	1.2329779636210445	0.3114157328194147	2.149681684476158	1.2348655265389972	0.0	0.0	1.7465458513353675	1.2329779636210445	0.3114157328194147
154000	-64.02521279872192	-49.69179097446676	-14.333421824255165	0.0	1	0	0	1	1	0	0.6187211835738153	0.04997127764579957	1.700571454316866	1.1074358214941096	0.7547599380746357	1.3358908071756639	2.205259099476615	0.6187211835738153	0.0	0.0	1.1074358214941096	0.7547599380746357	0.0
155000	-66.34701132668795	-49.995367936049455	-16.351643390638486	0.0	1	1	0	1	1	0	0.9104779037387823	0.11246391836343685	1.3344706660487407	2.45815694269573	1.0060711382880856	0.4668827163683198	2.7945437334749594	0.9104779037387823	0.11246391836343685	0.0	2.45815694269573	1.0060711382880856	0.0
156000	-69.08161185968532	-49.09111278428018	-19.990499075405147	0.0	1	0	0	1	1	1	1.4000024847424157	1.9435796984943494	1.1791820811342069	2.8370083580785286	1.5537686429182536	0.5957020256745017	4.24089902012056	1.4000024847424157	0.0	0.0	2.8370083580785286	1.5537686429182536	0.5957020256745017
157000	-73.13725497077891	-54.63855202846809	-18.49870294231083	0.0	1	0	0	1	1	0	0.9021932652667286	0.2779332341126548	2.0992460820921575	0.7840339740943026	0.878125704944994	0.4115304382981725	152.1283665445848	0.9021932652667286	0.0	0.0	0.7840339740943026	0.878125704944994	0.0
158000	-70.62376637955683	-52.686282234040114	-17.937484145516713	0.0	1	1	0	1	1	1	0.16758020497795836	0.29416700929814893	0.5025509066524902	0.7075672997524202	0.3772776939672763	0.36641962758329083	133.52264396046183	0.16758020497795836	0.29416700929814893	0.0	0.7075672997524202	0.3772776939672763	0.36641962758329083
159000	-65.01465960901857	-51.51271647265024	-13.50194313636832	0.0	1	0	0	1	1	0	1.0914855045859442	1.1434651337901092	0.6668050316509833	0.5859648630007492	0.5537440267828488	0.27365749637195247	3.356382111264318	1.0914855045859442	0.0	0.0	0.5859648630007492	0.5537440267828488	0.0
160000	-66.47821385040659	-48.964842736332926	-17.513371114073664	0.0	0	1	1	1	1	1	0.9183262998036479	1.8959774405524932	1.2488918724734412	0.6831817893500064	0.7271403741010686	1.0928148017057646	1.5634579907921324	0.0	1.8959774405524932	1.2488918724734412	0.6831817893500064	0.7271403741010686	1.0928148017057646
161000	-65.63809964033783	-50.18326437376422	-15.454835266573614	0.0	0	1	1	1	0	1	0.2314268419703827	0.3667288742997424	0.5076906907423235	0.751510337999865	2.331039083426197	0.42350270551159375	6.079834618433135	0.0	0.3667288742997424	0.5076906907423235	0.751510337999865	0.0	0.42350270551159375
162000	-65.66990478924329	-50.26688823909748	-15.403016550145809	0.0	1	1	1	0	1	0	0.4058005998135973	0.32047580342322934	0.5758492603404444	2.8961664714646824	0.3544391151838931	0.04141753252033852	5.877181337087848	0.4058005998135973	0.32047580342322934	0.5758492603404444	0.0	0.3544391151838931	0.0
163000	-70.2722844753597	-50.387940472300315	-19.88434400305938	0.0	1	1	1	1	1	1	1.4792381276294995	1.4284064115562063	1.4257535590760968	1.53585930070397	0.7293738087641022	0.46484599314303593	1.7640790362869287	1.4792381276294995	1.4284064115562063	1.4257535590760968	1.53585930070397	0.7293738087641022	0.46484599314303593
164000	-64.14843116784606	-49.065029618606566	-15.083401549239486	0.0	0	1	1	0	0	1	0.5545331893615896	0.6915667616231396	1.2704320987591617	1.1415499290136202	1.0615287070541397	0.7121908105302667	5.334142379276937	0.0	0.6915667616231396	1.2704320987591617	0.0	0.0	0.7121908105302667
165000	-70.27508983198628	-53.23855533609064	-17.036534495895634	0.0	1	1	1	1	0	1	0.08187869384462439	0.42433406699357257	1.1256000386447162	1.0959620046828438	2.049416560500408	1.4989644554439203	1.2973447833629472	0.08187869384462439	0.42433406699357257	1.1256000386447162	1.0959620046828438	0.0	1.4989644554439203
166000	-66.70293670306538	-49.53270870831024	-17.17022799475514	0.0	1	0	0	1	1	0	1.2664986499898325	1.6970332402672579	0.6961212549305917	1.3896776487394757	1.3106963119158297	1.9613486545510235	2.3953240116234644	1.2664986499898325	0.0	0.0	1.3896776487394757	1.3106963119158297	0.0
167000	-66.88663868106785	-50.55820353589135	-16.3284351451765	0.0	1	0	0	1	1	0	0.6400431301870102	0.45281174248126826	2.281402659234162	1.7324387395929435	0.9891531560820676	1.2641265717535057	2.6991610576501115	0.6400431301870102	0.0	0.0	1.7324387395929435	0.9891531560820676	0.0
168000	-72.65395037042202	-49.69618992683473	-22.957760443587294	0.0	1	0	0	1	1	1	2.02968788467897	0.09756803667443514	1.3377938426470666	4.854791372793075	1.7708515128618825	1.7691516063424535	7.833868075439872	2.02968788467897	0.0	0.0	4.854791372793075	1.7708515128618825	1.7691516063424535
169000	-65.1076027967465	-49.39860108997283	-15.70900170677367	0.0	1	0	1	1	0	1	0.3005857730899129	0.04094782976832832	0.5752378011346115	0.6524383770382773	2.6802936531279036	0.380376052750607	7.688983912613649	0.3005857730899129	0.0	0.5752378011346115	0.6524383770382773	0.0	0.380376052750607
170000	-67.14524290758936	-52.28361197183022	-14.861630935759145	0.0	1	1	0	0	1	1	0.08605794974005768	2.0331335125430017	0.3169543001152352	0.3020747603330627	1.1563826527209513	1.4827529053486226	1.567485058706475	0.08605794974005768	2.0331335125430017	0.0	0.0	1.1563826527209513	1.4827529053486226
171000	-63.33116318842819	-51.55231798800976	-11.778845200418433	0.0	0	1	0	0	1	1	1.8628295173023848	0.3452059258142185	0.8746168521437103	0.3478531046867974	0.15099088516429154	0.16316027202866606	1.0611730261673757	0.0	0.3452059258142185	0.0	0.0	0.15099088516429154	0.16316027202866606
172000	-66.6562764511304	-50.84911896991922	-15.807157481211183	0.0	0	1	1	1	0	1	0.13510354747943992	0.807349762452215	2.7694725635852264	0.3943775653543762	0.7185021293133401	0.8254558225405685	3.06873137270696	0.0	0.807349762452215	2.7694725635852264	0.3943775653543762	0.0	0.8254558225405685
173000	-66.31866783762989	-51.16893512526377	-15.149732712366118	0.0	0	1	0	0	1	1	1.9409569442017744	0.06174864689013105	4.143408216026205	0.6060041183463085	0.05250003038189184	0.042855357946375176	1.3873390038449367	0.0	0.06174864689013105	0.0	0.0	0.05250003038189184	0.042855357946375176
174000	-62.83625188756798	-49.3221606828511	-13.51409120471688	0.0	0	1	1	1	1	1	0.685240476271914	0.25253431195735626	0.33197315299074653	0.1533540980776282	0.04468331277419232	0.46757280225912085	2.9383570384121755	0.0	0.25253431195735626	0.33197315299074653	0.1533540980776282	0.04468331277419232	0.46757280225912085
175000	-69.61405229099176	-51.92141125162698	-17.69264103936478	0.0	1	1	1	0	1	0	1.245963449565792	0.6023673343054236	1.787597800312863	3.2082947707038847	0.7867818530344264	0.19622560790749036	2.293920092454609	1.245963449565792	0.6023673343054236	1.787597800312863	0.0	0.7867818530344264	0.0
176000	-62.97341277571887	-49.051866365645026	-13.921546410073848	0.0	0	1	1	0	0	1	0.16565517751703338	0.2652605238653407	0.25406729283629736	3.4877230191497577	0.3231293843096875	0.2239449976428689	3.406798754226788	0.0	0.2652605238653407	0.25406729283629736	0.0	0.0	0.2239449976428689
177000	-62.86479300224424	-48.913571350866775	-13.951221651377466	0.0	0	1	1	1	1	1	0.44865185231097904	0.6703866424564171	0.26609709481161653	0.371063377896129	0.5625970512992877	0.3036017621121855	2.2895166954567654	0.0	0.6703866424564171	0.26609709481161653	0.371063377896129	0.5625970512992877	0.3036017621121855
178000	-63.89080508065827	-50.064635646243076	-13.826169434415188	0.0	0	1	1	0	0	1	0.35918136058150446	0.8422219253369708	1.6794956842101911	0.12948804295420943	0.46756233187554835	0.5411320876569684	6.226896551495188	0.0	0.8422219253369708	1.6794956842101911	0.0	0.0	0.5411320876569684
179000	-60.996968294362226	-48.72782970048372	-12.26913859387851	0.0	0	1	1	0	1	1	0.2870686393013789	0.7679772614005173	0.6906040149867753	0.07573329929050711	0.3137668353972698	0.3689212700873186	2.0751589878354766	0.0	0.7679772614005173	0.6906040149867753	0.0	0.3137668353972698	0.3689212700873186
180000	-64.55418027956307	-48.73836332582894	-15.815816953734132	0.0	0	1	1	0	0	1	0.6177369176943903	1.5556010523505397	1.9271499979559903	0.5393354383605181	0.3874233920699703	1.4095728972416208	4.065441788838262	0.0	1.5556010523505397	1.9271499979559903	0.0	0.0	1.4095728972416208
181000	-67.03457737600853	-49.19504016598402	-17.83953721002451	0.0	0	1	1	1	0	1	2.320814973064724	0.48680066794130694	0.9782984656565896	1.5258308058566483	0.28944216334958944	1.0965044418621583	8.183174996644155	0.0	0.48680066794130694	0.9782984656565896	1.5258308058566483	0.0	1.0965044418621583
182000	-62.225132024209124	-50.321977994546764	-11.903154029662359	0.0	0	1	0	1	1	1	0.4582929766353873	0.45754259539895537	0.07396277647347517	0.5601041447964704	0.4484677257651818	0.18312043466772737	1.9871045300514565	0.0	0.45754259539895537	0.0	0.5601041447964704	0.4484677257651818	0.18312043466772737
183000	-66.69113970580129	-49.379107778133324	-17.312031927667967	0.0	0	1	0	1	1	1	0.24663384019122062	1.7661213568033216	0.4631315849533851	2.220829835462853	1.7733715336548892	0.9291800855182843	2.4050046990797367	0.0	1.7661213568033216	0.0	2.220829835462853	1.7733715336548892	0.9291800855182843
184000	-66.30219289951766	-53.76267619315383	-12.53951670636383	0.0	1	1	1	0	0	1	0.04850162150629597	0.6845063249182207	0.31319139822365855	0.01649058554477745	0.9368728355213144	0.7736715220095153	2.0776794253635833	0.04850162150629597	0.6845063249182207	0.31319139822365855	0.0	0.0	0.7736715220095153
185000	-61.015148566729145	-48.48545329609459	-12.529695270634553	0.0	0	1	1	0	0	1	0.06488654047884758	0.5552289420413761	0.9058003084589834	1.3154772056480832	0.0011492020340233627	0.44510134721783057	3.5464931508635744	0.0	0.5552289420413761	0.9058003084589834	0.0	0.0	0.44510134721783057
186000	-66.40266533028759	-49.42471022348458	-16.977955106803012	0.0	1	1	1	0	0	1	0.02758780984800673	1.583504616372756	2.187323835373093	0.9687125228217185	0.014283828976253962	1.299992854702495	6.412894149560277	0.02758780984800673	1.583504616372756	2.187323835373093	0.0	0.0	1.299992854702495
187000	-69.47349068527089	-49.33056891034692	-20.142921774923963	0.0	0	1	1	1	1	1	0.2939526151965387	2.70668308700256	2.3255661949723425	0.2248007984455047	0.15942287476580919	2.8681339710538962	2.896512072267395	0.0	2.70668308700256	2.3255661949723425	0.2248007984455047	0.15942287476580919	2.8681339710538962
188000	-71.73458833006373	-52.78898768501799	-18.945600645045744	0.0	0	1	1	0	0	1	0.9042002264983207	1.3861355506648902	1.7063343097593313	0.565751691429998	0.0767045704239026	0.8260551495922198	202.27730630809418	0.0	1.3861355506648902	1.7063343097593313	0.0	0.0	0.8260551495922198
189000	-64.44467127114561	-49.089578068315156	-15.355093202830446	0.0	0	1	1	0	0	1	0.7580900932407154	0.972996386742863	2.0649343274020606	0.08119187155159145	1.1799084992764644	0.7893966286374495	4.625892163663916	0.0	0.972996386742863	2.0649343274020606	0.0	0.0	0.7893966286374495
190000	-67.3393916281324	-50.43146637897169	-16.907925249160705	0.0	1	1	1	1	1	1	0.03850515942698647	1.419065584172748	1.2984586803356883	0.4691391578971053	0.45168469845182696	0.43253750697879456	1.7251483321216057	0.03850515942698647	1.419065584172748	1.2984586803356883	0.4691391578971053	0.45168469845182696	0.43253750697879456
191000	-64.00592206348063	-49.30235042589031	-14.703571637590322	0.0	0	1	1	0	0	1	0.08898659150521192	1.3607142760635043	1.109494274938901	2.3659670020844623	0.09918933514693672	0.8085572793834386	2.448065670641468	0.0	1.3607142760635043	1.109494274938901	0.0	0.0	0.8085572793834386
192000	-70.95454823049951	-52.226523197842084	-18.728025032657435	0.0	1	1	0	1	1	0	0.40887803403032985	0.4728448256782901	1.8157483210589558	1.0811597351731614	1.4213432593483426	2.471028553336551	7.522012668952424	0.40887803403032985	0.4728448256782901	0.0	1.0811597351731614	1.4213432593483426	0.0
193000	-64.08076869656264	-49.54539133701848	-14.53537735954417	0.0	1	0	0	1	1	0	0.8650244506781095	0.028017376061169788	0.6322417638370866	2.0785588085584465	0.73860864146165	0.9392267821220746	3.587936539217312	0.8650244506781095	0.0	0.0	2.0785588085584465	0.73860864146165	0.0
194000	-65.39565937744808	-50.365572088521006	-15.030087288927074	0.0	1	0	1	1	1	0	0.883997629829944	0.11262200426300455	0.4759108308747225	1.033908517787723	0.5150921031429913	0.6614065779287039	10.031592779426184	0.883997629829944	0.0	0.4759108308747225	1.033908517787723	0.5150921031429913	0.0
195000	-67.1011703637259	-50.22306705690931	-16.87810330681659	0.0	1	1	0	1	1	1	0.1232449630455216	1.2311165784608602	0.08589194068171865	1.2174369338860784	0.9629901265472951	0.7758020221765481	7.223593557628337	0.1232449630455216	1.2311165784608602	0.0	1.2174369338860784	0.9629901265472951	0.7758020221765481
196000	-67.00171099092825	-51.08768363214582	-15.914027358782434	0.0	1	1	1	0	0	1	0.6612970320068966	0.48462793959242995	2.1384579514800337	0.06949560046550937	0.25702428650476666	0.3235775139916305	18.728827057575717	0.6612970320068966	0.48462793959242995	2.1384579514800337	0.0	0.0	0.3235775139916305
197000	-65.18665666983412	-49.70423804106235	-15.48241862877177	0.0	1	1	0	1	1	0	0.7481784779603468	0.4462937443073723	0.8587082476511685	1.3243971516258308	1.5513120029719034	0.10673397440689764	4.097689927052916	0.7481784779603468	0.4462937443073723	0.0	1.3243971516258308	1.5513120029719034	0.0
198000	-70.1979285140419	-52.042455649708856	-18.155472864333056	0.0	1	1	1	0	1	1	0.3677466106226011	1.5458795277866089	1.259311599465451	0.6809511553551416	0.7025584901588178	0.26058514384062975	16.867293829101627	0.3677466106226011	1.5458795277866089	1.259311599465451	0.0	0.7025584901588178	0.26058514384062975
199000	-71.59694256307463	-53.85442425923427	-17.742518303840363	0.0	0	1	0	1	1	1	0.1286791878271996	1.874688945540077	0.1872488143241198	2.895459199288482	2.6210083209205948	1.0146286057353424	0.9862166262065888	0.0	1.874688945540077	0.0	2.895459199288482	2.6210083209205948	1.0146286057353424
200000	-63.62536070940423	-51.12489524022618	-12.500465469178044	0.0	1	0	0	1	1	0	0.37752774411527795	0.6382997592434062	0.2700304625982784	1.4030455742825754	0.41794722699659165	0.12610590063255314	3.6376960767748714	0.37752774411527795	0.0	0.0	1.4030455742825754	0.41794722699659165	0.0
201000	-66.3232014995827	-51.83065026317562	-14.492551236407069	0.0	1	0	0	1	1	0	0.0876066333879227	1.540756924081242	0.4257885246139061	0.29389421505788776	0.1407474497400441	2.141025088655529	6.581241872848856	0.0876066333879227	0.0	0.0	0.29389421505788776	0.1407474497400441	0.0
202000	-67.21670960332456	-50.1283245607495	-17.08838504257506	0.0	1	0	1	1	0	1	1.6812653214443116	0.8103629204738072	1.7754628231369871	0.5453308891707541	0.8559408715870844	0.4447801163586258	6.9348500338043335	1.6812653214443116	0.0	1.7754628231369871	0.5453308891707541	0.0	0.4447801163586258
203000	-63.26937513019536	-49.03949539158755	-14.229879738607805	0.0	0	1	1	0	1	1	0.06099378448202692	0.8012335475066963	0.9877009540104963	0.9850632684153395	0.1484843084921208	0.6086356963755478	4.956638986808901	0.0	0.8012335475066963	0.9877009540104963	0.0	0.1484843084921208	0.6086356963755478
204000	-66.92506358217571	-48.789441682096985	-18.135621900078718	0.0	0	1	1	1	0	1	1.2666000117219303	0.5760349229578955	1.0367333199816053	0.2738175835288575	4.0117566210320925	0.5180742041874468	4.12149341899816	0.0	0.5760349229578955	1.0367333199816053	0.2738175835288575	0.0	0.5180742041874468
205000	-67.86579798285928	-51.12063403742523	-16.74516394543404	0.0	0	1	1	1	0	1	0.5594827335568713	2.377717533585669	2.3349803108894216	0.5643484823825926	0.39659423277524886	0.9493639328434805	1.695241015061723	0.0	2.377717533585669	2.3349803108894216	0.5643484823825926	0.0	0.9493639328434805
206000	-60.64540039853549	-49.0130096739014	-11.632390724634094	0.0	0	1	1	0	0	1	0.21000364644698605	0.408898817476052	0.45827182248049164	0.5090612681180605	0.5015330183198298	0.24510489657976664	3.755693346311126	0.0	0.408898817476052	0.45827182248049164	0.0	0.0	0.24510489657976664
207000	-61.624007086066094	-49.433026002718435	-12.190981083347657	0.0	0	1	1	0	0	1	0.2867792926729121	0.5870584805008936	0.609664785281994	0.514412788000707	0.15412866802841763	0.5196905849127802	4.675338313787171	0.0	0.5870584805008936	0.609664785281994	0.0	0.0	0.5196905849127802
208000	-65.35967617583532	-49.39092043732398	-15.968755738511344	0.0	1	0	0	1	1	1	0.7338374832913848	0.04760505864112914	2.7319135386769724	1.3419755120056178	0.8092780626755908	0.30512895179555727	2.6213124129263505	0.7338374832913848	0.0	0.0	1.3419755120056178	0.8092780626755908	0.30512895179555727
209000	-64.16507792877304	-51.061884810714815	-13.103193118058226	0.0	0	1	0	0	1	1	0.6031069182679296	1.3323146946580664	0.1029730375775085	1.4099579499307404	0.6879829625351538	0.6549732146461761	1.4007512186294164	0.0	1.3323146946580664	0.0	0.0	0.6879829625351538	0.6549732146461761
210000	-63.43349575454565	-50.79047842926416	-12.643017325281491	0.0	0	1	0	1	1	1	0.909954314829069	0.7040046302948946	0.06928104191631637	0.43795547393229467	0.56584662646646	0.5698754769292295	1.4209785405011546	0.0	0.7040046302948946	0.0	0.43795547393229467	0.56584662646646	0.5698754769292295
211000	-64.79067328316242	-50.74869301256026	-14.041980270602156	0.0	1	0	0	1	1	0	1.1508821958505613	0.4536227545105674	0.23261440754970347	0.8322773582982179	0.532519084670434	1.5021964060651285	3.902102678108843	1.1508821958505613	0.0	0.0	0.8322773582982179	0.532519084670434	0.0
212000	-63.46828189679817	-50.114131823690855	-13.354150073107311	0.0	0	1	1	0	1	1	0.0027405571184762442	0.8446186456813486	0.8873944007366503	0.007714988452515204	0.6118261858415548	0.8070362089707963	3.180731129981539	0.0	0.8446186456813486	0.8873944007366503	0.0	0.6118261858415548	0.8070362089707963
213000	-61.147800558512415	-49.03828412256121	-12.109516435951207	0.0	0	1	1	0	0	1	1.7643357235371808	0.5284465891906669	0.4655481278585033	0.0010583860985090424	0.16296953634189415	0.41253518558744484	2.224175261241525	0.0	0.5284465891906669	0.4655481278585033	0.0	0.0	0.41253518558744484
214000	-59.827243556754205	-48.65195399329136	-11.175289563462849	0.0	0	1	1	0	0	1	0.0025001919086423416	0.5045031694680137	0.7572223945416092	1.1156524534102056E-4	0.4072258102034247	0.5797550386469037	2.5819013831265654	0.0	0.5045031694680137	0.7572223945416092	0.0	0.0	0.5797550386469037
215000	-63.274672122989024	-49.35918169881114	-13.915490424177882	0.0	0	1	1	0	0	1	0.0062214344983546185	1.158668476457587	1.3903384173892301	5.857262848940143E-5	0.9031071682648898	0.7686356224641143	5.533530879920001	0.0	1.158668476457587	1.3903384173892301	0.0	0.0	0.7686356224641143
216000	-66.10262982945218	-48.808479188335575	-17.294150641116616	0.0	1	1	1	1	0	1	1.0671222362902688E-4	1.2781364434192553	2.822221173524314	0.001964738688914603	0.18667952610384803	1.2594613182593004	3.470617370672657	1.0671222362902688E-4	1.2781364434192553	2.822221173524314	0.001964738688914603	0.0	1.2594613182593004
217000	-60.44291051165498	-48.71526215841018	-11.727648353244804	0.0	1	1	1	0	0	1	7.038078945555524E-4	0.42110854712990664	0.6376887329454685	0.09011675035148287	0.32310314902633624	0.43344690664191604	2.1954499530298426	7.038078945555524E-4	0.42110854712990664	0.6376887329454685	0.0	0.0	0.43344690664191604
218000	-62.962390652140414	-49.795303789215716	-13.167086862924698	0.0	0	1	1	1	0	1	0.006043340166120131	0.32449604895421535	0.3213802271030415	0.49874061927467245	1.3203524966932962	0.7797512025789013	2.4135678431623067	0.0	0.32449604895421535	0.3213802271030415	0.49874061927467245	0.0	0.7797512025789013
219000	-65.70912371953196	-49.028367513964206	-16.680756205567754	0.0	1	1	1	0	1	1	0.007547764594288547	1.2680176424387486	0.7619287161823586	1.6206763953303527	0.8770108636784857	0.4938067055472517	3.1605194136530876	0.007547764594288547	1.2680176424387486	0.7619287161823586	0.0	0.8770108636784857	0.4938067055472517
220000	-69.02737565859871	-51.9850936769695	-17.042281981629213	0.0	1	0	0	1	1	0	0.957625400794157	0.6607098341160429	1.2788209169086155	2.0095177380062452	1.085841751468558	0.13542185110247476	18.630991497667797	0.957625400794157	0.0	0.0	2.0095177380062452	1.085841751468558	0.0
221000	-69.72985742029334	-49.40551114509411	-20.32434627519924	0.0	1	0	0	1	1	0	1.1860573656030944	4.99271965663353	0.6681868325296808	2.7927065682287497	1.3249747166121826	0.17324385814291648	3.3551641410921964	1.1860573656030944	0.0	0.0	2.7927065682287497	1.3249747166121826	0.0
222000	-75.95884343452502	-50.67501836839626	-25.283825066128763	0.0	1	1	0	1	1	1	2.9992812863380167	0.8740803876662577	2.653957200968845	3.850160347457297	3.191048476251857	0.8144565963284481	1.4929091101548588	2.9992812863380167	0.8740803876662577	0.0	3.850160347457297	3.191048476251857	0.8144565963284481
223000	-65.81614054828029	-49.39988538932996	-16.416255158950335	0.0	1	1	1	1	1	0	0.7117589647970956	0.7050785227255528	0.18275036753304988	1.2350721041964372	1.0969067870513196	1.1124862502740123	2.3908787956995563	0.7117589647970956	0.7050785227255528	0.18275036753304988	1.2350721041964372	1.0969067870513196	0.0
224000	-62.48589338009131	-49.69094400148354	-12.794949378607773	0.0	1	0	0	1	1	0	0.37220501085173263	1.9800479617113897	0.17581199370848655	0.43062329494886453	0.42598963935966055	0.564936905605937	2.3869245381093647	0.37220501085173263	0.0	0.0	0.43062329494886453	0.42598963935966055	0.0
225000	-63.63542179309608	-49.33373651780224	-14.301685275293844	0.0	1	1	0	1	1	1	0.18322929306071287	0.8624214097225198	0.1931361965225377	0.6468742291905256	0.6524448751123134	0.4061420666882242	2.35588460975721	0.18322929306071287	0.8624214097225198	0.0	0.6468742291905256	0.6524448751123134	0.4061420666882242
226000	-63.90178368664497	-49.06527000957809	-14.836513677066876	0.0	0	1	1	1	0	1	1.2750765837920437	0.5464462567956241	0.5248263869873452	0.7150636873254752	0.1375486826672453	1.0372644577951597	4.77498887299622	0.0	0.5464462567956241	0.5248263869873452	0.7150636873254752	0.0	1.0372644577951597
227000	-67.72535094808418	-48.46708012713488	-19.258270820949306	0.0	0	1	1	1	1	1	2.0994867624119964	1.138713541945511	0.6685030406872337	1.8746158503208672	0.6291228713512327	1.403260425873005	2.570036914543987	0.0	1.138713541945511	0.6685030406872337	1.8746158503208672	0.6291228713512327	1.403260425873005
228000	-64.34667241956309	-50.76812344933858	-13.578548970224508	0.0	0	1	1	0	1	1	0.11227532207546587	1.0401257277815645	0.516568789103201	0.5911938381489615	0.45047262689851514	0.9201572089730415	2.490523789771172	0.0	1.0401257277815645	0.516568789103201	0.0	0.45047262689851514	0.9201572089730415
229000	-63.43582042433377	-48.80776762289186	-14.628052801441907	0.0	1	1	1	0	0	1	0.26782905411586094	0.5606851501645449	1.2894861263007615	0.23292222802084941	1.2371353620513472	0.4992490501887163	4.49994677346621	0.26782905411586094	0.5606851501645449	1.2894861263007615	0.0	0.0	0.4992490501887163
230000	-63.41902473665242	-50.6392776846867	-12.779747051965717	0.0	0	1	1	0	1	1	0.24519038315916758	0.5454824516816849	0.45874206380885024	0.258856702914955	0.5259054143323018	0.41102413509936153	3.6637830482887286	0.0	0.5454824516816849	0.45874206380885024	0.0	0.5259054143323018	0.41102413509936153
231000	-70.3304785655014	-51.59792927751748	-18.73254928798391	0.0	0	1	1	0	0	1	0.1719890184073645	2.5734970550102676	1.8895022205666319	1.5842103231400575	0.6663134476172511	2.060955720293034	6.098113423568982	0.0	2.5734970550102676	1.8895022205666319	0.0	0.0	2.060955720293034
232000	-69.88137058780734	-49.77505438084702	-20.106316206960326	0.0	1	0	0	1	1	0	1.785505712301359	3.8507501285946226	0.12283927652761141	2.6293662365895174	2.4588388426418244	0.31301816896187645	2.6393089698437815	1.785505712301359	0.0	0.0	2.6293662365895174	2.4588388426418244	0.0
233000	-63.477633603765014	-48.94883002272847	-14.528803581036538	0.0	0	1	1	0	0	1	1.1420577991901109	0.86549360809671	1.4727092580193202	0.1279629357941608	1.2805256233458586	0.5887272385264435	2.9319242038333537	0.0	0.86549360809671	1.4727092580193202	0.0	0.0	0.5887272385264435
234000	-68.66695647534932	-56.48400961034245	-12.18294686500687	0.0	1	1	1	0	0	0	0.42586518922987987	0.12079323004179295	0.9829326303236784	0.6350703046568277	0.11765635769928269	0.09283972476277734	6.23124305772122	0.42586518922987987	0.12079323004179295	0.9829326303236784	0.0	0.0	0.0
235000	-64.40117644831207	-50.38310186791995	-14.018074580392131	0.0	0	1	1	0	0	1	0.7805082181389894	0.5032810574213636	1.8068295191734742	1.0056575392754903	0.0456415040198977	0.6162992642352786	3.6100413823205493	0.0	0.5032810574213636	1.8068295191734742	0.0	0.0	0.6162992642352786
236000	-64.16053742800113	-49.07557748263644	-15.0849599453647	0.0	1	1	1	1	0	1	0.008075235498565926	0.762834468198665	0.7875056983451806	0.562266893495995	0.8292443178406633	0.9673783259710463	1.9490680592982748	0.008075235498565926	0.762834468198665	0.7875056983451806	0.562266893495995	0.0	0.9673783259710463
237000	-65.02439794530912	-49.386169769323345	-15.638228175985773	0.0	1	1	1	1	0	1	0.14254944530512825	0.7470117484312742	0.6691229775888894	0.7236712569088419	0.6787356667676647	1.1441254968810322	2.807275874721194	0.14254944530512825	0.7470117484312742	0.6691229775888894	0.7236712569088419	0.0	1.1441254968810322
238000	-65.14453085163038	-48.650947018967216	-16.493583832663155	0.0	0	1	1	0	0	1	0.9988940158818332	1.3706062114804571	1.8564681621001	0.01601237507461268	2.3817661978418267	1.0989122277043932	2.21597489460154	0.0	1.3706062114804571	1.8564681621001	0.0	0.0	1.0989122277043932
239000	-74.93193555130188	-56.26268754523634	-18.66924800606554	0.0	0	1	1	0	0	1	4.332135261959905	0.9803506013922733	0.5187136322627415	0.005450754651205819	0.24390749401072725	0.539815183755981	55.87999097995696	0.0	0.9803506013922733	0.5187136322627415	0.0	0.0	0.539815183755981
240000	-66.6931583503561	-51.915850769590214	-14.777307580765886	0.0	1	1	1	0	1	0	0.5544803807552463	0.6195933993234835	0.6467798166657959	0.05481140919429641	0.4726379995386263	0.08820809824952029	26.67484462891442	0.5544803807552463	0.6195933993234835	0.6467798166657959	0.0	0.4726379995386263	0.0
241000	-63.9466582217713	-49.26948168457989	-14.677176537191418	0.0	1	0	0	1	1	0	0.4402792368310403	1.802399975363353	1.3689917102549154	0.8202224870365977	0.4753394231135834	0.18140850538282371	5.0094451415368475	0.4402792368310403	0.0	0.0	0.8202224870365977	0.4753394231135834	0.0
242000	-68.19949399066184	-50.60763543008345	-17.591858560578384	0.0	1	1	1	0	1	1	0.3550119302786966	0.4096546915555164	1.2819248242648218	2.996865662170277	0.28284324855369547	0.0995785397748214	5.276928108287526	0.3550119302786966	0.4096546915555164	1.2819248242648218	0.0	0.28284324855369547	0.0995785397748214
243000	-62.172612175174294	-51.09904299969882	-11.073569175475475	0.0	0	1	0	0	1	1	0.3995987089636192	0.2565864028629364	0.32479251206858806	1.002772877176591	0.2400653218235059	0.0874827631402504	2.196903380298029	0.0	0.2565864028629364	0.0	0.0	0.2400653218235059	0.0874827631402504
244000	-69.65709847284953	-49.39143647638381	-20.26566199646571	0.0	1	1	1	1	0	1	0.7237836510901022	0.21194489947469083	1.365680047461346	3.0271928447602483	0.3383539001053147	1.6587645711960566	11.381290392555378	0.7237836510901022	0.21194489947469083	1.365680047461346	3.0271928447602483	0.0	1.6587645711960566
245000	-63.21335984781648	-50.45980677363946	-12.753553074177024	0.0	0	1	1	0	0	1	0.46509230061215084	0.6916895924349399	0.9205588926945144	0.210403770543006	0.669300584962281	1.1619447633594902	1.9337805971151096	0.0	0.6916895924349399	0.9205588926945144	0.0	0.0	1.1619447633594902
246000	-65.56668680804728	-51.32293712375978	-14.243749684287494	0.0	1	0	0	1	1	1	0.06448369161670253	0.827087911331561	0.03736627969911792	0.7336084408615208	0.036540026388793216	0.1762642213185147	27.40219608682768	0.06448369161670253	0.0	0.0	0.7336084408615208	0.036540026388793216	0.1762642213185147
247000	-63.4613769642066	-49.64299771957723	-13.818379244629368	0.0	0	1	1	0	0	1	0.05405948252668683	0.40094802083280767	1.0510178567891433	1.3707172928810543	0.9010771253377412	0.5120760999657799	4.718563390445111	0.0	0.40094802083280767	1.0510178567891433	0.0	0.0	0.5120760999657799
248000	-61.081939712905324	-48.57949626575042	-12.502443447154903	0.0	0	1	1	1	0	1	0.14302449663097885	0.36735946508558953	0.6685291544855759	0.24517482402146668	0.11045153516342922	0.4203502468026	4.530578408613937	0.0	0.36735946508558953	0.6685291544855759	0.24517482402146668	0.0	0.4203502468026
249000	-65.11604321238285	-51.25644896942147	-13.859594242961382	0.0	1	0	0	1	1	0	0.8499181448085561	1.103417316053204	0.8347434382060106	0.6357971798520201	0.36435422110404153	1.3752995735271245	2.0563180884653605	0.8499181448085561	0.0	0.0	0.6357971798520201	0.36435422110404153	0.0
250000	-69.02240913045225	-49.04275136136765	-19.979657769084596	0.0	1	1	1	1	1	1	0.7247196837694577	1.5104474301140314	0.3818533626981391	1.5847904792048744	1.3066684223299676	1.2061586234031239	2.7490087963051657	0.7247196837694577	1.5104474301140314	0.3818533626981391	1.5847904792048744	1.3066684223299676	1.2061586234031239
251000	-63.468965428838395	-49.31766978511787	-14.151295643720525	0.0	1	0	1	1	1	0	0.7213667209876823	0.6500389927183832	0.3453094557112655	1.0125443095368305	0.5366129607792351	0.14744691259344123	5.476770790428676	0.7213667209876823	0.0	0.3453094557112655	1.0125443095368305	0.5366129607792351	0.0
252000	-63.74401680636713	-51.447590487037324	-12.296426319329807	0.0	0	1	0	0	1	1	0.42272674563818136	0.7808576842470834	0.005588383527575183	1.6576271856088538	0.681371649429397	0.17676323004439662	1.8156804485323128	0.0	0.7808576842470834	0.0	0.0	0.681371649429397	0.17676323004439662
253000	-70.5400974884559	-52.27927521083371	-18.260822277622182	0.0	0	1	1	1	1	1	0.26490181094596016	2.7876811782017477	1.7195480300824264	1.3849979581382932	0.2113751675747233	0.8455304068911272	1.7273440842578542	0.0	2.7876811782017477	1.7195480300824264	1.3849979581382932	0.2113751675747233	0.8455304068911272
254000	-66.13455824130808	-50.9288408970778	-15.205717344230283	0.0	1	1	1	0	1	0	1.4593742689185185	0.7255027251376223	1.62036303277848	0.1670304957581129	0.8685412401676955	0.052261926974854725	3.5846158344573853	1.4593742689185185	0.7255027251376223	1.62036303277848	0.0	0.8685412401676955	0.0
255000	-72.26868019107039	-49.622716826006375	-22.64596336506402	0.0	1	1	1	1	1	1	2.0873498665541024	0.2630514456981321	2.774889565362252	2.159554196797045	1.273558924474097	0.23344774374776353	4.946706727408643	2.0873498665541024	0.2630514456981321	2.774889565362252	2.159554196797045	1.273558924474097	0.23344774374776353
256000	-69.48558543518288	-51.57954118668246	-17.90604424850042	0.0	1	1	0	1	1	0	0.542396017096809	1.231911324484318	0.963902650224498	0.3099006921840227	1.4862819532945866	2.961097049628678	3.952278289088268	0.542396017096809	1.231911324484318	0.0	0.3099006921840227	1.4862819532945866	0.0
257000	-63.718594730860225	-51.057357384759904	-12.661237346100322	0.0	0	1	0	1	1	1	0.1870906790341931	0.5832333252302698	0.7978651227679843	0.31389570345541196	0.5773477510840799	0.5750153189709899	1.8074003713250129	0.0	0.5832333252302698	0.0	0.31389570345541196	0.5773477510840799	0.5750153189709899
258000	-62.54353990557921	-49.32441826395221	-13.219121641626998	0.0	1	0	0	1	1	0	0.5635195852227344	0.3338749916124898	0.3776643542601773	1.2841636631387325	0.6158603318272039	0.8776976828080897	3.2884983925671976	0.5635195852227344	0.0	0.0	1.2841636631387325	0.6158603318272039	0.0
259000	-67.06447838273036	-49.63168733642539	-17.43279104630497	0.0	1	0	1	1	1	0	0.42319589868589585	4.962105353011741	0.3486757861403485	0.4929508063090995	0.3308376751468482	0.6848006142415601	3.172508329639256	0.42319589868589585	0.0	0.3486757861403485	0.4929508063090995	0.3308376751468482	0.0
260000	-67.686809311202	-50.1131610520057	-17.5736482591963	0.0	1	0	1	1	1	0	2.123366295945724	0.9617475178512324	0.6067347292867734	1.1987098447676887	0.9683363936371696	1.1249648425481402	4.725303928203842	2.123366295945724	0.0	0.6067347292867734	1.1987098447676887	0.9683363936371696	0.0
261000	-75.4875810796016	-54.12445705890771	-21.363124020693885	0.0	0	1	1	0	1	1	1.0073264382623457	4.07997279655248	2.035636145971036	1.071987357123848	1.4294761358313859	0.4326599403650292	9.631264979400411	0.0	4.07997279655248	2.035636145971036	0.0	1.4294761358313859	0.4326599403650292
262000	-67.56735443138454	-51.00606696561854	-16.56128746576601	0.0	1	0	0	1	1	0	0.9737632207208253	1.0330974003771347	4.132637639224158	1.0269571720063084	0.5737975896271543	0.3620547510020596	1.6225990289521555	0.9737632207208253	0.0	0.0	1.0269571720063084	0.5737975896271543	0.0
263000	-63.71401811300668	-49.8422766032514	-13.87174150975528	0.0	1	0	0	1	1	0	0.4941331386650978	1.3037960008169767	0.8347261412249284	0.6481219308027988	0.6204649849487647	0.5522130375724594	4.227827282097674	0.4941331386650978	0.0	0.0	0.6481219308027988	0.6204649849487647	0.0
264000	-64.65425453105965	-49.574449821775666	-15.079804709283987	0.0	1	1	0	1	1	0	0.4607581307874481	1.0455270496476248	0.9280492102262706	0.6305206296150303	1.1381611566685501	0.4273729735949702	4.1084088191547385	0.4607581307874481	1.0455270496476248	0.0	0.6305206296150303	1.1381611566685501	0.0
265000	-67.87968196645451	-52.14906676699095	-15.730615199463568	0.0	1	0	0	1	1	0	1.154820021710161	0.35847397839751177	0.27127224222676355	1.26858699068408	1.1315916438631304	0.9122153188494115	14.130853389903217	1.154820021710161	0.0	0.0	1.26858699068408	1.1315916438631304	0.0
266000	-62.306302078457875	-49.02431265095941	-13.28198942749847	0.0	1	0	0	1	1	0	1.0983822382646131	0.5521860466227951	0.12541893415457206	1.1843997162626092	0.8510566684869612	0.2211671409643323	3.5725067599933955	1.0983822382646131	0.0	0.0	1.1843997162626092	0.8510566684869612	0.0
267000	-66.22582776659324	-49.660000021217364	-16.56582774537588	0.0	1	0	0	1	1	0	1.0609065724747277	1.957683661796142	0.3433647402455416	1.95972217684442	1.3678186697091717	0.30998843255669667	4.899929721365151	1.0609065724747277	0.0	0.0	1.95972217684442	1.3678186697091717	0.0
268000	-70.35496042807989	-52.15236388375849	-18.202596544321402	0.0	0	1	1	0	1	1	0.3404994883038874	1.2877944841407953	2.7680237353289745	2.3062391357209657	1.042624394038939	0.9723355671890114	1.568746494300267	0.0	1.2877944841407953	2.7680237353289745	0.0	1.042624394038939	0.9723355671890114
269000	-75.95787790681723	-54.523675535615055	-21.434202371202183	0.0	1	1	1	1	0	1	0.6230135635007966	1.583624835186122	2.120135783698424	0.27231788920725175	3.1117372914374104	0.6009472695075274	13.631518599411592	0.6230135635007966	1.583624835186122	2.120135783698424	0.27231788920725175	0.0	0.6009472695075274
270000	-67.73711228683827	-51.06601074482982	-16.67110154200845	0.0	1	1	0	1	1	0	1.5120552936276754	0.15538667334960976	0.6850372047332718	1.7371425453505511	0.8645135355878976	0.6840039002197484	7.344322847717778	1.5120552936276754	0.15538667334960976	0.0	1.7371425453505511	0.8645135355878976	0.0
271000	-71.0121037739398	-51.258543179781576	-19.753560594158227	0.0	1	1	1	1	1	1	0.292094461606076	1.0841284699830207	1.4317976023265346	2.4072869063740048	0.8173263756588003	0.661117219363014	2.239683630830726	0.292094461606076	1.0841284699830207	1.4317976023265346	2.4072869063740048	0.8173263756588003	0.661117219363014
272000	-67.03823278996384	-49.649453372697614	-17.38877941726623	0.0	0	1	1	0	0	1	3.0472040154108546	1.0232937879189636	1.307282274485004	1.5244648910286709	0.23288845832266503	0.5815239278869404	5.444252416920953	0.0	1.0232937879189636	1.307282274485004	0.0	0.0	0.5815239278869404
273000	-70.12008793059127	-51.19793934451349	-18.922148586077782	0.0	1	0	1	1	0	1	1.2271931313406048	0.9749222365306686	1.6197588836746644	0.9247445232609833	1.3099821039014377	0.4522024131842609	28.628056796543913	1.2271931313406048	0.0	1.6197588836746644	0.9247445232609833	0.0	0.4522024131842609
274000	-73.99342373811608	-57.83777580999186	-16.155647928124218	0.0	1	0	0	1	0	1	0.4686830757526094	0.5237724339847447	1.5662983972371478	2.5437024398977988	0.5761701156481153	0.9183122328708145	4.8628083462845595	0.4686830757526094	0.0	0.0	2.5437024398977988	0.0	0.9183122328708145
275000	-63.86180057834658	-51.665945830999036	-12.195854747347546	0.0	0	1	0	0	1	1	0.41919960814561474	1.0625317788526798	0.7783491237827457	0.6232733563669899	0.45644777312778223	0.28741385888241017	1.8105133517331529	0.0	1.0625317788526798	0.0	0.0	0.45644777312778223	0.28741385888241017
276000	-64.51415175214316	-49.70327096282292	-14.810880789320244	0.0	1	0	0	1	1	0	0.8884813053246685	0.13455565099368963	0.26224656293137194	1.5704481325093789	0.9042891615028393	1.197987406965351	6.517025376934596	0.8884813053246685	0.0	0.0	1.5704481325093789	0.9042891615028393	0.0
277000	-64.65123235766066	-48.97402067613533	-15.677211681525332	0.0	0	1	1	0	0	1	0.974181059658341	0.4873200453015857	0.5912015078046993	1.1777792284609787	2.5173850473291846	0.4460054751858528	4.511018240557673	0.0	0.4873200453015857	0.5912015078046993	0.0	0.0	0.4460054751858528
278000	-68.36238360209704	-52.43855468447511	-15.923828917621936	0.0	1	1	1	0	1	0	0.6267949517326505	0.35974311101651174	0.5481221432994081	1.3622853298456272	0.24004853975529064	0.4270693289133022	27.17264312794945	0.6267949517326505	0.35974311101651174	0.5481221432994081	0.0	0.24004853975529064	0.0
279000	-67.2958430034415	-48.73019258186192	-18.565650421579583	0.0	1	1	1	1	1	1	0.05341388713418308	0.9973972093170258	0.10454609554079855	2.043325666397134	0.6199161271864183	1.2104369397234505	3.6047427672305092	0.05341388713418308	0.9973972093170258	0.10454609554079855	2.043325666397134	0.6199161271864183	1.2104369397234505
280000	-63.60041421778047	-49.67678293770088	-13.923631280079594	0.0	0	1	1	0	0	1	0.16834246540762443	0.3639807730536457	0.4472211346443727	2.502848287249396	0.4833758257203751	0.2157410553139227	5.837116579900874	0.0	0.3639807730536457	0.4472211346443727	0.0	0.0	0.2157410553139227
281000	-66.57298541630917	-48.87613297854811	-17.696852437761052	0.0	0	1	1	1	1	1	2.964289143882555	0.9471462720524024	0.3210301690088848	0.7885094168951197	0.4229762026540732	0.976738500147524	2.172208343361441	0.0	0.9471462720524024	0.3210301690088848	0.7885094168951197	0.4229762026540732	0.976738500147524
282000	-68.41081087322544	-51.57054478298409	-16.840266090241357	0.0	0	1	1	0	1	1	0.9549118600069828	0.682152856751416	2.139117197685181	1.0518099469932747	0.022465663032227686	1.1362970175755949	6.144138435928806	0.0	0.682152856751416	2.139117197685181	0.0	0.022465663032227686	1.1362970175755949
283000	-63.80052540604436	-49.06206345096761	-14.738461955076753	0.0	0	1	1	0	0	1	0.49296035348101525	0.25726845203236054	0.36282505865200526	3.0381505277790497	1.5192537253953335	0.1568342624067636	2.5491100267569036	0.0	0.25726845203236054	0.36282505865200526	0.0	0.0	0.1568342624067636
284000	-67.56097699972774	-52.553719360108424	-15.007257639619318	0.0	0	1	0	1	1	1	0.7467727602858694	0.733181571648184	0.8482331305001881	0.6563457717844629	0.7721021328511564	1.3226932474360695	2.4417027327317866	0.0	0.733181571648184	0.0	0.6563457717844629	0.7721021328511564	1.3226932474360695
285000	-67.66950561132346	-48.95148481544218	-18.718020795881277	0.0	1	0	0	1	1	1	1.429269952663198	2.2002634046963263	1.1825084326559825	2.0286826386060324	1.2245474873554183	0.31632269148354647	3.6706601343025858	1.429269952663198	0.0	0.0	2.0286826386060324	1.2245474873554183	0.31632269148354647
286000	-64.06924836640073	-48.99174687548434	-15.077501490916383	0.0	1	0	1	1	1	1	0.6818921021731604	0.8313009577924154	0.28744772498636884	0.7769448358518231	0.42293002366798405	0.17805646681062645	4.044106291874797	0.6818921021731604	0.0	0.28744772498636884	0.7769448358518231	0.42293002366798405	0.17805646681062645
287000	-65.59029872071184	-49.02092876306951	-16.56936995764233	0.0	1	0	0	1	1	1	0.4766378557784595	1.9563206788923635	1.2364047706538317	1.259548626091946	0.4237220283280429	0.4060101226846781	5.888058765920446	0.4766378557784595	0.0	0.0	1.259548626091946	0.4237220283280429	0.4060101226846781
288000	-66.46049074632512	-48.766307963609286	-17.69418278271583	0.0	0	1	1	0	0	1	0.6644297581787578	1.2295074289049304	2.247729601318073	1.3113572989682647	1.5109763054963319	1.233703526417108	4.5704702038675435	0.0	1.2295074289049304	2.247729601318073	0.0	0.0	1.233703526417108
289000	-67.5799244952151	-50.867401475878296	-16.712523019336793	0.0	0	1	1	1	0	1	1.679339015394188	1.7187776498225444	1.7115372018116035	0.7366950116858575	0.2294840084553945	1.3957846314095435	1.2289969161623027	0.0	1.7187776498225444	1.7115372018116035	0.7366950116858575	0.0	1.3957846314095435
290000	-70.6546940998846	-48.637541861556144	-22.017152238328453	0.0	0	1	1	0	1	1	0.1841355802928736	2.5064373683718397	2.8449618582967227	3.9725190842655023	0.2527065406414291	2.3887751240421013	2.2989805529873557	0.0	2.5064373683718397	2.8449618582967227	0.0	0.2527065406414291	2.3887751240421013
291000	-73.03785241418761	-53.68098279347906	-19.35686962070855	0.0	1	1	1	0	0	1	1.1091938607146756	0.8513227704081451	3.6150958186799875	1.7672891006943834	0.7850598083341381	1.6824411567867215	1.6680017429818543	1.1091938607146756	0.8513227704081451	3.6150958186799875	0.0	0.0	1.6824411567867215
292000	-66.92128424213479	-49.952831710232275	-16.968452531902518	0.0	1	0	0	1	1	0	1.1266440571672067	1.632260174358345	0.4450695541049078	1.8489511952287203	1.3707480998781048	0.7771903483253662	5.986936381791232	1.1266440571672067	0.0	0.0	1.8489511952287203	1.3707480998781048	0.0
293000	-64.18721888834264	-49.24699842384086	-14.940220464501785	0.0	1	0	0	1	1	1	0.6597753201092156	0.8055949805663496	0.2261910559697372	1.844977698483203	0.3954041373077077	0.5305511288536563	4.22600462998956	0.6597753201092156	0.0	0.0	1.844977698483203	0.3954041373077077	0.5305511288536563
294000	-61.29252517987918	-48.92741000022465	-12.365115179654534	0.0	0	1	1	0	1	1	0.28451782699621203	0.6557852320418323	0.425974388715907	0.09675153325229384	0.3312613457474251	0.3762696448686897	3.1862460105969497	0.0	0.6557852320418323	0.425974388715907	0.0	0.3312613457474251	0.3762696448686897
295000	-72.32101460928827	-54.42986395327951	-17.891150656008765	0.0	0	1	1	1	1	0	2.673507717836858	1.7134121837703442	0.21363356862283933	0.944992360764985	2.0719106821104	0.535030026507816	2.0211411077421	0.0	1.7134121837703442	0.21363356862283933	0.944992360764985	2.0719106821104	0.0
296000	-65.35246257329567	-49.035392234357474	-16.317070338938187	0.0	0	1	1	1	0	1	0.40184173318550204	1.6222971684726128	1.871149602716718	0.7222601219185892	0.5729922938381724	1.1997679833780766	2.4388575849220606	0.0	1.6222971684726128	1.871149602716718	0.7222601219185892	0.0	1.1997679833780766
297000	-73.53342741379869	-53.403563433744374	-20.129863980054314	0.0	0	1	1	0	0	1	1.9436001423641331	2.3373698705792916	1.8737415537338296	0.4262799867886373	2.2812673392156544	0.8787339467835102	11.093639791016857	0.0	2.3373698705792916	1.8737415537338296	0.0	0.0	0.8787339467835102
298000	-64.22837295952105	-48.96074681749307	-15.267626142027988	0.0	1	0	0	1	1	0	1.5113118121235667	1.0353926416757633	0.020334539062594283	1.8978666022293023	1.383853573950643	0.0771770804493717	3.917000950830646	1.5113118121235667	0.0	0.0	1.8978666022293023	1.383853573950643	0.0
299000	-66.86232875373452	-49.131891227889135	-17.73043752584539	0.0	1	0	0	1	1	1	0.8357878294535893	1.118651690575948	1.775832292077666	2.269413387238336	0.9446732448370112	0.30740144734489033	4.230014599015123	0.8357878294535893	0.0	0.0	2.269413387238336	0.9446732448370112	0.30740144734489033
300000	-63.68128932230104	-49.42321936815721	-14.258069954143828	0.0	1	0	1	1	1	0	0.7779576902440144	0.1265705236247864	0.3150202350158451	1.3971341782117657	0.6974374376724699	0.8353352786697757	2.924369609181759	0.7779576902440144	0.0	0.3150202350158451	1.3971341782117657	0.6974374376724699	0.0
301000	-61.49474435853105	-49.01030511207105	-12.48443924646	0.0	1	0	0	1	1	0	0.749936182491351	0.3166798395483219	0.16622555946492332	1.1498082271894199	0.5794397959521678	0.01173756635089797	4.635289073020802	0.749936182491351	0.0	0.0	1.1498082271894199	0.5794397959521678	0.0
302000	-64.20007764778082	-52.84552804005875	-11.354549607722069	0.0	0	1	0	0	1	1	0.045770080058959516	0.8799163856017986	0.36890873620539244	0.32214727112979796	0.5297339547969653	0.4966962189073899	2.088013718347147	0.0	0.8799163856017986	0.0	0.0	0.5297339547969653	0.4966962189073899
303000	-64.32525961467877	-49.462478327634805	-14.862781287043969	0.0	0	1	1	0	0	1	0.969477077428719	1.6246224114795287	1.2399671154307959	0.0831846723904581	1.140134100586832	1.1079684061238875	2.0591200715600775	0.0	1.6246224114795287	1.2399671154307959	0.0	0.0	1.1079684061238875
304000	-71.30649368775785	-53.219746788553245	-18.08674689920461	0.0	1	1	1	0	1	0	0.6832891311165459	0.48005359000418635	0.5844129678503509	2.0629551702132605	0.29362449144617403	0.6576701274152359	68.49679990580088	0.6832891311165459	0.48005359000418635	0.5844129678503509	0.0	0.29362449144617403	0.0
305000	-70.41856711920262	-51.32943362083198	-19.089133498370643	0.0	1	0	1	1	0	1	0.7726170545671506	1.7217163062163658	2.154645326360268	0.7040415635879792	0.9783590311086819	0.2401297922101249	31.680927106320777	0.7726170545671506	0.0	2.154645326360268	0.7040415635879792	0.0	0.2401297922101249
306000	-61.51766313766314	-49.340713532887314	-12.176949604775828	0.0	1	0	0	1	1	0	0.36646964961071893	0.6421764803927537	0.9123258116188212	0.35539464846545177	0.22457767849510943	0.6485130920986534	2.862997621126734	0.36646964961071893	0.0	0.0	0.35539464846545177	0.22457767849510943	0.0
307000	-69.15672256503962	-50.783589615003756	-18.37313295003586	0.0	1	1	1	0	0	1	0.6157709184653936	2.050861925553176	2.7130761684367553	0.2669569074274685	0.29983219371344244	1.178413378370749	9.094323288125485	0.6157709184653936	2.050861925553176	2.7130761684367553	0.0	0.0	1.178413378370749
308000	-71.86816962975912	-50.70564355738632	-21.16252607237281	0.0	0	1	1	0	0	1	5.677654576893183	1.9401893879075767	3.6999407676785223	0.054550317086817506	0.004794207137192834	1.2237486108672542	1.7979102156618567	0.0	1.9401893879075767	3.6999407676785223	0.0	0.0	1.2237486108672542
309000	-61.50859598172483	-49.44252834934671	-12.066067632378122	0.0	0	1	1	0	0	1	0.3273569015281416	0.6451318467257983	1.5041273559511164	0.0865148981013909	0.0276416881469633	0.6691358949189412	2.295343866873896	0.0	0.6451318467257983	1.5041273559511164	0.0	0.0	0.6691358949189412
310000	-65.85183742489576	-51.42002258203163	-14.431814842864132	0.0	0	1	1	1	0	1	0.022267131444028372	1.6764330891200485	1.496939908923479	0.3371858098171665	0.15723668079840297	1.579987836851272	1.1354982920110157	0.0	1.6764330891200485	1.496939908923479	0.3371858098171665	0.0	1.579987836851272
311000	-67.6004889358016	-51.76459892813321	-15.835890007668375	0.0	1	0	0	1	1	0	0.8198451818861792	1.029066487396	1.1315223456795311	1.2058041858942234	0.9155513514262414	0.0732284807563681	14.515539058993582	0.8198451818861792	0.0	0.0	1.2058041858942234	0.9155513514262414	0.0
312000	-68.29021150670607	-50.00576283038629	-18.28444867631979	0.0	1	1	1	1	1	0	1.6033046362142231	0.09632056405949131	0.13792466646220658	3.45753518780314	1.6126066017667982	0.09330948627754113	2.188071437190077	1.6033046362142231	0.09632056405949131	0.13792466646220658	3.45753518780314	1.6126066017667982	0.0
313000	-70.46908165920709	-52.48210164345187	-17.98698001575523	0.0	1	0	0	1	1	0	1.9838930120978138	1.4122542091296622	1.1702083071757694	2.2794391531617326	0.7791107486873833	0.42584991795567784	7.080113393597017	1.9838930120978138	0.0	0.0	2.2794391531617326	0.7791107486873833	0.0
314000	-70.3432488784424	-50.43794243066752	-19.90530644777488	0.0	0	1	1	0	0	1	1.280080816265043	1.4884253829262182	3.891313478763301	2.6936816348840127	0.19235518828863152	0.9749503532910573	4.087803878809381	0.0	1.4884253829262182	3.891313478763301	0.0	0.0	0.9749503532910573
315000	-68.47973437771815	-52.08300147935275	-16.396732898365393	0.0	1	1	1	0	1	0	0.199866449265784	1.0044905311573704	0.2937372882019733	0.0014565942534681183	1.2755762023349124	1.8100652520676168	15.875006273245072	0.199866449265784	1.0044905311573704	0.2937372882019733	0.0	1.2755762023349124	0.0
316000	-63.74084894027365	-50.73037794245252	-13.010470997821134	0.0	0	1	1	0	0	1	0.4290802127867155	1.3451523340776312	0.8575173994846229	0.02693408407230937	1.2286325507019809	0.5503713623306509	1.8180252045846619	0.0	1.3451523340776312	0.8575173994846229	0.0	0.0	0.5503713623306509
317000	-65.24164589374874	-48.3045813709644	-16.93706452278434	0.0	0	1	1	1	0	1	3.330577928353933	0.8947493622343382	1.090581910177353	0.24070218031837654	0.47168151046308326	0.9160268249990146	2.604948459688325	0.0	0.8947493622343382	1.090581910177353	0.24070218031837654	0.0	0.9160268249990146
318000	-67.54477432067459	-49.98060113405068	-17.56417318662391	0.0	1	1	1	1	0	1	0.1285699997276651	1.3747818226436475	2.038193567863189	1.24773549791356	0.31145227661807223	1.122527422299729	2.3173255452264545	0.1285699997276651	1.3747818226436475	2.038193567863189	1.24773549791356	0.0	1.122527422299729
319000	-68.98363558648111	-49.7870196303018	-19.196615956179315	0.0	0	1	1	0	0	1	2.803828365354078	0.8074125445282936	2.187010746955815	2.185960697580589	1.3223072950825974	0.6585527060803864	3.5095142708031344	0.0	0.8074125445282936	2.187010746955815	0.0	0.0	0.6585527060803864
320000	-64.51776866101977	-50.56013719123939	-13.957631469780388	0.0	0	1	1	1	0	1	0.22489610608581018	1.732104887062286	1.6132403899037282	0.05260028986559141	0.1131000698530062	0.7323760863225448	1.5753986786873229	0.0	1.732104887062286	1.6132403899037282	0.05260028986559141	0.0	0.7323760863225448
321000	-65.86172065081811	-49.10721080993739	-16.75450984088073	0.0	1	0	0	1	1	1	1.2006387998113421	0.3454956440444353	1.1080549547528384	2.164929155355621	1.293247032172288	0.06568682784358897	4.662956733495734	1.2006387998113421	0.0	0.0	2.164929155355621	1.293247032172288	0.06568682784358897
322000	-67.67190612603854	-49.410189614191026	-18.26171651184751	0.0	1	1	1	1	1	1	1.098922852681204	0.16541736272768098	1.5461385272820185	0.9860721979691378	0.04722650880318426	0.8026664903121085	3.898893446568746	1.098922852681204	0.16541736272768098	1.5461385272820185	0.9860721979691378	0.04722650880318426	0.8026664903121085
323000	-64.26428507677525	-49.11448240149036	-15.149802675284894	0.0	1	0	1	1	1	0	0.31871091858976747	0.6044127102994848	0.07526351015943451	0.2983846867007309	0.19939158697215348	3.1405809692206703	4.377478644940986	0.31871091858976747	0.0	0.07526351015943451	0.2983846867007309	0.19939158697215348	0.0
324000	-68.28833270955653	-49.4639898238784	-18.824342885678128	0.0	1	1	0	1	1	0	2.3671102569943714	0.20595981507420089	1.3665729333543934	2.159505690620642	1.9993064835519172	0.8061163970405711	2.4218932875797425	2.3671102569943714	0.20595981507420089	0.0	2.159505690620642	1.9993064835519172	0.0
325000	-66.06435872729206	-49.067109643480165	-16.99724908381189	0.0	0	1	1	1	1	1	2.2259841038651396	0.7151429951679072	0.2283893979772459	1.006341648378897	0.24757028406230064	0.871226244599878	3.3249311870982763	0.0	0.7151429951679072	0.2283893979772459	1.006341648378897	0.24757028406230064	0.871226244599878
326000	-67.16038306218312	-51.884552053375636	-15.275831008807476	0.0	0	1	0	0	1	1	4.541634012522178	0.8174564451028346	0.17495712768863345	0.5237888347145001	0.46111158887494313	0.11716460646170247	1.9437660114443147	0.0	0.8174564451028346	0.0	0.0	0.46111158887494313	0.11716460646170247
327000	-66.7134279677295	-49.58811781666116	-17.125310151068348	0.0	0	1	1	1	0	1	1.5373674000841346	1.0955288736699385	1.312722084046921	0.24099381624086177	0.8950964069059051	1.6377317024990024	3.9338604542141824	0.0	1.0955288736699385	1.312722084046921	0.24099381624086177	0.0	1.6377317024990024
328000	-72.12418077054288	-50.04578134023271	-22.078399430310167	0.0	0	1	0	1	1	1	0.5966907667332222	1.663361941311104	1.9964165657233417	2.7562116516665154	2.569436108782152	2.38402552163892	2.935019766672283	0.0	1.663361941311104	0.0	2.7562116516665154	2.569436108782152	2.38402552163892
329000	-66.059003208753	-49.39284373220082	-16.666159476552178	0.0	1	0	1	1	0	1	0.951351145232761	0.25303509736505175	1.7588276252679464	1.4017451344670324	0.6748303467548634	0.7795459178814045	6.103395638901511	0.951351145232761	0.0	1.7588276252679464	1.4017451344670324	0.0	0.7795459178814045
330000	-67.07338418297718	-51.415714946834086	-15.657669236143086	0.0	1	0	1	1	0	1	0.47217555983862897	0.9352541025656427	1.1093563927483374	0.4098063062745538	1.247648927903684	0.10296033955169337	10.368306216156087	0.47217555983862897	0.0	1.1093563927483374	0.4098063062745538	0.0	0.10296033955169337
331000	-71.41558270303291	-52.202766753945944	-19.212815949086966	0.0	1	0	1	1	1	0	0.6197952266846457	0.06618675835295039	0.6021768109202313	0.3391902149456974	0.1780961549467364	3.4112319239197317	126.56210166466853	0.6197952266846457	0.0	0.6021768109202313	0.3391902149456974	0.1780961549467364	0.0
332000	-71.85987645294595	-54.41362976829341	-17.44624668465254	0.0	1	0	1	1	1	0	0.35642117753596314	1.747481930587299	0.5354308422277464	0.21507287365215078	0.16759657766873665	0.5494616426742556	113.55369822066743	0.35642117753596314	0.0	0.5354308422277464	0.21507287365215078	0.16759657766873665	0.0
333000	-65.07993351432802	-50.018652071828356	-15.06128144249966	0.0	0	1	0	1	1	1	0.10678814661767776	0.44512160410057927	0.4988736886831313	2.1087112710471745	0.4264699328069445	0.6926061715279862	5.726159903426422	0.0	0.44512160410057927	0.0	2.1087112710471745	0.4264699328069445	0.6926061715279862
334000	-63.73141409039465	-50.75285302641748	-12.978561063977168	0.0	1	1	0	1	1	0	0.3417170435439582	0.10393235743315694	1.1357143599214476	0.26293560237888036	0.4631021682104931	0.6550452714280139	2.6664398272475283	0.3417170435439582	0.10393235743315694	0.0	0.26293560237888036	0.4631021682104931	0.0
335000	-65.72246010200007	-49.23706668308221	-16.48539341891786	0.0	1	0	0	1	1	0	1.239826858201426	0.7258092091725185	0.6982336138650523	2.260673177896022	1.0203344748070176	1.5983599841491092	2.6292053616262874	1.239826858201426	0.0	0.0	2.260673177896022	1.0203344748070176	0.0
336000	-66.80918283066191	-49.16743794639644	-17.641744884265464	0.0	0	1	1	1	0	1	0.8128631887171782	0.8497115924702698	1.3576509800950796	0.22236011334050318	2.615523164504018	0.9353568927493967	6.1122357844916495	0.0	0.8497115924702698	1.3576509800950796	0.22236011334050318	0.0	0.9353568927493967
337000	-68.69357182313067	-51.79587612220564	-16.89769570092502	0.0	1	1	1	0	0	1	0.5590167192270079	0.6063689244372047	1.3789351506829046	1.1307643958850935	0.31443770265532245	0.4690053971601388	29.35627325842541	0.5590167192270079	0.6063689244372047	1.3789351506829046	0.0	0.0	0.4690053971601388
338000	-62.23195889822118	-48.447685642310844	-13.784273255910339	0.0	0	1	1	0	0	1	2.4325015824328515	0.4130983589389202	0.6918717643070768	0.2530489324216714	0.4423838383797259	0.42535656899755914	3.158798340616087	0.0	0.4130983589389202	0.6918717643070768	0.0	0.0	0.42535656899755914
339000	-65.04839441001887	-49.9881898629901	-15.06020454702877	0.0	0	1	0	1	1	1	0.14383337936062268	0.5391841516422848	0.4810718576726632	2.3289439240264405	0.4304243845205383	1.016124946590337	2.959626148625371	0.0	0.5391841516422848	0.0	2.3289439240264405	0.4304243845205383	1.016124946590337
340000	-63.119069035670314	-50.8498254986565	-12.269243537013814	0.0	0	1	1	0	0	1	0.02545168810092659	0.37894528252341364	0.932693411351262	1.8419100772273356	0.12693681737882404	0.285376750101308	2.019401115036874	0.0	0.37894528252341364	0.932693411351262	0.0	0.0	0.285376750101308
341000	-62.391036254300005	-50.981268718636095	-11.40976753566391	0.0	1	0	0	1	1	0	0.3407393187440353	0.1508699947563345	1.3644412978857456	0.2005884051700595	0.2183903113466032	0.3267414249474433	2.299560504954167	0.3407393187440353	0.0	0.0	0.2005884051700595	0.2183903113466032	0.0
342000	-66.616157627423	-51.455739743928476	-15.160417883494517	0.0	1	1	0	1	1	0	0.8226466989747884	0.0798538467580893	0.9109380553689859	1.2021068030282978	1.5144673461004565	1.1199548863014024	1.6090315352237103	0.8226466989747884	0.0798538467580893	0.0	1.2021068030282978	1.5144673461004565	0.0
343000	-61.74009074064311	-49.40217700086421	-12.337913739778902	0.0	1	0	0	1	1	0	0.4110362344441049	1.0016079648197576	0.6745217488764947	0.6369783425504375	0.30256665110778264	0.4890225456809436	2.33236517555108	0.4110362344441049	0.0	0.0	0.6369783425504375	0.30256665110778264	0.0
344000	-71.15871227337212	-52.74017722274283	-18.418535050629295	0.0	1	0	1	1	0	1	0.1960860281179624	1.799634344318286	0.10359697469824555	1.4963969191326616	1.2236293165700676	1.3398210194308664	24.637094802650076	0.1960860281179624	0.0	0.10359697469824555	1.4963969191326616	0.0	1.3398210194308664
345000	-68.3997978364934	-49.97586381811279	-18.42393401838062	0.0	1	1	1	1	1	0	1.0178351811241484	1.1010922876136962	0.08019358642137188	1.2309883176968024	1.9930447805026865	0.7392497498609275	5.803511223752914	1.0178351811241484	1.1010922876136962	0.08019358642137188	1.2309883176968024	1.9930447805026865	0.0
346000	-67.05538226942448	-50.56131116058252	-16.494071108841972	0.0	1	0	1	1	1	0	1.0578528745938598	0.14250493985886328	0.7196939285766994	1.453419646214849	0.5003383894421766	1.4538266261536765	8.385394314111052	1.0578528745938598	0.0	0.7196939285766994	1.453419646214849	0.5003383894421766	0.0
347000	-65.80100547651843	-49.449342830338026	-16.351662646180404	0.0	0	1	0	1	1	1	2.1965326358991395	0.19200895237930746	0.41403400297028353	1.3097555652053021	0.17672854194281826	0.9066586540132082	8.29852234381384	0.0	0.19200895237930746	0.0	1.3097555652053021	0.17672854194281826	0.9066586540132082
348000	-68.96710973869001	-49.947189623380645	-19.019920115309368	0.0	1	0	1	1	1	1	1.1678090929558234	2.2366615544983532	0.6295318076922527	2.1627393028126605	0.5692092926582976	0.8827977341255547	2.3884188882914867	1.1678090929558234	0.0	0.6295318076922527	2.1627393028126605	0.5692092926582976	0.8827977341255547
349000	-68.35520494018716	-54.82275455540064	-13.532450384786518	0.0	0	1	1	1	0	1	0.27873001833987937	0.4491230135984512	0.7499379078528882	1.6066815193254318	0.27763538368764734	0.8487356620847797	1.3322604895404682	0.0	0.4491230135984512	0.7499379078528882	1.6066815193254318	0.0	0.8487356620847797
350000	-66.75810727899118	-50.805944497692785	-15.952162781298393	0.0	1	1	1	1	1	0	0.1566071214044682	1.178818544784297	0.048978804945775355	0.19474535007237925	0.9859875741112513	0.9214458669029851	7.109341602041698	0.1566071214044682	1.178818544784297	0.048978804945775355	0.19474535007237925	0.9859875741112513	0.0
351000	-68.28840137337725	-50.109420004070586	-18.178981369306666	0.0	1	1	1	1	1	1	0.2686260582828171	1.1006713964564396	1.3676866859189467	0.39283096687916724	0.2807752037107076	0.5768387469503404	6.920752406727243	0.2686260582828171	1.1006713964564396	1.3676866859189467	0.39283096687916724	0.2807752037107076	0.5768387469503404
352000	-67.92691259841416	-51.17340981086347	-16.75350278755069	0.0	0	1	1	0	0	1	1.9957114267259604	1.748419989491207	0.9708908412614304	0.20323796110106898	1.5020130291329215	1.3656817647558224	2.6967064077269836	0.0	1.748419989491207	0.9708908412614304	0.0	0.0	1.3656817647558224
353000	-66.7599451654892	-51.71806904304081	-15.041876122448379	0.0	0	1	1	0	0	1	0.34467304126418247	0.3602161751319643	1.4576887750633236	1.7379844668518547	1.1717741024417	0.3099988499847883	5.376482463427375	0.0	0.3602161751319643	1.4576887750633236	0.0	0.0	0.3099988499847883
354000	-63.74113031682236	-50.03725938323269	-13.703870933589672	0.0	0	1	1	0	0	1	1.0041521071566648	0.4242006796330118	1.0678159276345225	0.18832502632769585	0.8679788480438743	0.6391378630544096	4.642908463123493	0.0	0.4242006796330118	1.0678159276345225	0.0	0.0	0.6391378630544096
355000	-64.45312344473537	-49.113832103009585	-15.339291341725778	0.0	0	1	1	0	0	1	0.9487597476402204	0.9439392762078773	2.130713528432291	0.6492007588563358	0.6943964154617565	1.0707047730891435	2.5248111723102795	0.0	0.9439392762078773	2.130713528432291	0.0	0.0	1.0707047730891435
356000	-63.627195525887544	-49.462710000456234	-14.164485525431306	0.0	0	1	1	0	0	1	1.4674584990481985	0.653799691143591	0.6194153109999256	1.022086253099856	1.1386740524362624	0.32845048000456983	2.60944879260957	0.0	0.653799691143591	0.6194153109999256	0.0	0.0	0.32845048000456983
357000	-64.47688148839637	-48.92111797006732	-15.55576351832905	0.0	0	1	0	1	1	1	2.647903308033042	0.26847793359357053	1.1349035766646716	0.6263975764345886	0.28037963010642364	0.4144111049776	3.150631720654086	0.0	0.26847793359357053	0.0	0.6263975764345886	0.28037963010642364	0.4144111049776
358000	-68.1901070982085	-50.59567795615147	-17.594429142057024	0.0	1	1	1	1	1	1	0.7110264934598228	0.9171379338304165	1.7884143406489643	0.4482915341052805	0.6835297358835862	0.2967530438230804	1.6422845222435412	0.7110264934598228	0.9171379338304165	1.7884143406489643	0.4482915341052805	0.6835297358835862	0.2967530438230804
359000	-67.259167852677	-51.71566694389763	-15.543500908779368	0.0	1	0	1	1	1	0	1.0427551197994263	0.8267989992729712	0.6892523118186631	0.36859495817485394	0.1890371852854118	0.5110248144699259	17.59519009489186	1.0427551197994263	0.0	0.6892523118186631	0.36859495817485394	0.1890371852854118	0.0
360000	-67.07967659645618	-51.57496096015192	-15.504715636304258	0.0	1	1	1	1	1	0	0.7189752959467104	1.21509706661759	0.26037897727134746	0.11038433646418817	0.9911864203600849	0.6548450098222819	2.8662751186770032	0.7189752959467104	1.21509706661759	0.26037897727134746	0.11038433646418817	0.9911864203600849	0.0
361000	-66.90589799208593	-49.75939123841179	-17.14650675367414	0.0	1	0	1	1	0	1	0.10548313896444374	1.7160099410897345	0.2413727474910364	1.9388331880687606	0.009576170607526205	0.8824996039690493	24.47782307770924	0.10548313896444374	0.0	0.2413727474910364	1.9388331880687606	0.0	0.8824996039690493
362000	-62.34005820976212	-48.703722750869304	-13.636335458892813	0.0	0	1	1	0	0	1	0.5353794228381381	0.7684116790027863	1.2395568977744986	1.4512338519447365	0.023459201222834635	0.8170363234025635	2.2841364092652063	0.0	0.7684116790027863	1.2395568977744986	0.0	0.0	0.8170363234025635
363000	-62.47639816719158	-49.05646766840355	-13.419930498788032	0.0	0	1	1	1	0	1	0.12927537192714122	0.8742797550468201	1.462868951467649	0.2567795572464046	0.12375716714360167	0.8105714207899681	2.0696336942058675	0.0	0.8742797550468201	1.462868951467649	0.2567795572464046	0.0	0.8105714207899681
364000	-65.91613078139639	-49.13804542521345	-16.77808535618295	0.0	0	1	1	1	1	1	0.3322434571812795	1.1548280177238746	2.499751142866491	0.13513634930398152	0.1044484032907196	1.0813432149880944	2.637009362118976	0.0	1.1548280177238746	2.499751142866491	0.13513634930398152	0.1044484032907196	1.0813432149880944
365000	-67.6430453513509	-48.82739282632444	-18.81565252502647	0.0	1	1	1	0	1	1	0.6106076419023753	2.010646842502711	2.592449596949406	0.3022116191078234	0.3646165449305316	1.4232458656385225	2.7486638360655005	0.6106076419023753	2.010646842502711	2.592449596949406	0.0	0.3646165449305316	1.4232458656385225
366000	-61.98905147324883	-48.75449135230948	-13.23456012093935	0.0	0	1	1	0	0	1	0.21236791736475893	0.5156966279960272	1.1065766692521481	0.383819717655281	1.331383308005573	0.49999776242568844	3.3493477174957533	0.0	0.5156966279960272	1.1065766692521481	0.0	0.0	0.49999776242568844
367000	-62.395615935973204	-48.949583414178015	-13.44603252179519	0.0	0	1	1	0	0	1	0.3993655285458861	0.8154762684466519	1.0974068069791192	0.242176296012984	0.8484164437680017	1.0136523666396453	2.86885200328557	0.0	0.8154762684466519	1.0974068069791192	0.0	0.0	1.0136523666396453
368000	-63.043624346503876	-48.74834973184163	-14.295274614662244	0.0	0	1	1	0	0	1	0.21954497240023993	0.870103902757795	1.250883199944356	0.42770387632418255	1.2383973078078179	0.9203966491416645	4.022093326161039	0.0	0.870103902757795	1.250883199944356	0.0	0.0	0.9203966491416645
369000	-62.39835013493891	-49.377700660954545	-13.020649473984367	0.0	0	1	1	0	0	1	0.23395404591217367	0.5640900354356682	0.567594710894299	0.6860137886998124	1.6038036301377887	0.6426941107524798	2.111340838343801	0.0	0.5640900354356682	0.567594710894299	0.0	0.0	0.6426941107524798
370000	-68.86184586261692	-56.252146130134115	-12.60969973248281	0.0	0	1	1	0	1	1	0.2704718859359073	0.30215500810366264	1.0271710180853373	1.082224402014149	0.4123940512232202	0.20313872375374284	1.3197178485788577	0.0	0.30215500810366264	1.0271710180853373	0.0	0.4123940512232202	0.20313872375374284
371000	-68.66992177635152	-49.092597492268716	-19.577324284082806	0.0	1	1	1	1	1	1	0.1478410089088437	1.6811309638280887	0.7020472391107053	1.6514754522928032	0.6471635702433242	1.7785163697998423	2.045777862326362	0.1478410089088437	1.6811309638280887	0.7020472391107053	1.6514754522928032	0.6471635702433242	1.7785163697998423
372000	-72.9752688660376	-49.90496534342359	-23.07030352261401	0.0	1	0	1	1	1	1	1.4940423289127331	1.649445880081409	0.5236519101363062	4.896860390116131	0.5192295177858075	1.5845933356491269	6.677073660705051	1.4940423289127331	0.0	0.5236519101363062	4.896860390116131	0.5192295177858075	1.5845933356491269
373000	-70.04761351438329	-50.47927011264845	-19.568343401734836	0.0	1	1	1	1	0	1	0.03450154342452107	2.1768173538742914	1.3263872402814463	1.0040009035806812	1.5658996016772082	2.491917649242027	1.5978643621552053	0.03450154342452107	2.1768173538742914	1.3263872402814463	1.0040009035806812	0.0	2.491917649242027
374000	-67.86440491940306	-52.18358363418518	-15.68082128521788	0.0	1	0	0	1	1	0	1.0140678605734976	0.645637780659954	1.4462525002609805	0.6524791014137662	0.3961041337702313	1.9387784914164077	5.00428978891372	1.0140678605734976	0.0	0.0	0.6524791014137662	0.3961041337702313	0.0
375000	-68.00079434857838	-49.42141827693101	-18.579376071647378	0.0	1	1	1	0	1	1	0.1579456312191281	2.6550941619439725	1.5680667052130501	1.0960657092262616	0.5241138720084852	1.2628718202105844	2.258616276282879	0.1579456312191281	2.6550941619439725	1.5680667052130501	0.0	0.5241138720084852	1.2628718202105844
376000	-66.04094771778591	-51.31136899725426	-14.72957872053165	0.0	0	1	1	0	0	1	0.6918828301044412	0.29105798063034094	0.4448022585433721	1.2209434511956785	1.373683784655558	0.34246422271878424	10.831764670623322	0.0	0.29105798063034094	0.4448022585433721	0.0	0.0	0.34246422271878424
377000	-70.99750174809276	-53.36609791730295	-17.631403830789814	0.0	0	1	0	1	1	1	1.2316955019320908	0.5646840969325543	1.3430651500005928	3.256345833351758	1.143850531152168	0.8943764841380529	1.176669359717954	0.0	0.5646840969325543	0.0	3.256345833351758	1.143850531152168	0.8943764841380529
378000	-68.51702874691277	-50.15755607932969	-18.359472667583084	0.0	0	1	1	0	1	1	2.6391472826326243	1.4574438457948493	0.6178269240334562	1.628508654723275	1.3336706228380506	0.7218039732680712	2.523858582066971	0.0	1.4574438457948493	0.6178269240334562	0.0	1.3336706228380506	0.7218039732680712
379000	-68.11830744705274	-49.4754795487737	-18.642827898279045	0.0	1	1	1	1	1	1	0.0930040712310281	1.6379617081749973	0.7795529571698508	1.4274575514490944	0.94823903915735	0.6115771528229009	2.4386549073128903	0.0930040712310281	1.6379617081749973	0.7795529571698508	1.4274575514490944	0.94823903915735	0.6115771528229009
380000	-64.3705060397874	-53.849251762893374	-10.521254276894027	0.0	0	0	0	1	1	1	0.4619278117113439	0.3500114683834537	0.6545723213567745	0.2989685421772883	0.32379739155546317	0.17383691964045425	1.3274817197394373	0.0	0.0	0.0	0.2989685421772883	0.32379739155546317	0.17383691964045425
381000	-64.46975393105917	-50.00639139164481	-14.463362539414359	0.0	0	1	1	1	1	1	0.04608898548043401	0.7164653378615803	0.10959485819116364	0.7435403160777442	0.41139060378358094	0.28301016402380413	5.210576170493919	0.0	0.7164653378615803	0.10959485819116364	0.7435403160777442	0.41139060378358094	0.28301016402380413
382000	-64.31016867869447	-49.53467137810211	-14.77549730059236	0.0	0	1	1	0	1	1	0.3323748643475013	1.6577191492458008	0.6273965706159665	0.5849497596534167	0.9190237903743994	0.7689101400987913	2.339527689322209	0.0	1.6577191492458008	0.6273965706159665	0.0	0.9190237903743994	0.7689101400987913
383000	-63.07949357529314	-48.71092410243039	-14.368569472862752	0.0	0	1	1	0	0	1	1.1036294166895417	1.0534665051098335	1.3305881892544063	0.48960149196181696	0.7466203778224209	0.9330883130902293	2.0884271910961654	0.0	1.0534665051098335	1.3305881892544063	0.0	0.0	0.9330883130902293
384000	-71.9099946943241	-48.76813361159206	-23.141861082732028	0.0	1	1	1	1	1	1	0.08343080041325313	2.584211478177171	1.0712149997617721	2.684393740262393	1.6958401871024846	2.1574691283242453	1.8441657731361498	0.08343080041325313	2.584211478177171	1.0712149997617721	2.684393740262393	1.6958401871024846	2.1574691283242453
385000	-71.99272235552974	-51.04919255011	-20.943529805419743	0.0	1	1	1	1	1	0	0.8395849720993681	2.3264770764733442	0.18319018004190168	1.5246586343466435	4.173803071149794	0.4996301524240196	2.448830465837367	0.8395849720993681	2.3264770764733442	0.18319018004190168	1.5246586343466435	4.173803071149794	0.0
386000	-69.32151143472078	-52.32663649308334	-16.994874941637427	0.0	0	1	1	0	0	1	2.042674796812507	0.4567028310643121	0.7963379039054195	0.6783797443301924	0.6771193256374262	0.4588365658045039	47.802431145176804	0.0	0.4567028310643121	0.7963379039054195	0.0	0.0	0.4588365658045039
387000	-65.08000488138212	-50.57580201300473	-14.504202868377392	0.0	1	0	0	1	1	0	1.4459428039886537	0.09852747265854121	0.06899032647967798	1.1207660608135226	0.695807870485171	1.6655560068639346	4.187254202958698	1.4459428039886537	0.0	0.0	1.1207660608135226	0.695807870485171	0.0
388000	-75.80786040250935	-52.09353890561146	-23.714321496897888	0.0	0	1	1	0	1	1	9.248065873480654	1.4211145630228348	0.13335642040775256	1.6490334289297202	1.276154182488297	1.0146888908224285	0.9391517797931669	0.0	1.4211145630228348	0.13335642040775256	0.0	1.276154182488297	1.0146888908224285
389000	-74.69336300813305	-49.90590626552525	-24.7874567426078	0.0	1	1	1	1	1	1	3.135372848926049	0.2503171485420147	3.281286955875856	2.027537357627212	0.6421828911325305	1.665473834785808	4.618894434111564	3.135372848926049	0.2503171485420147	3.281286955875856	2.027537357627212	0.6421828911325305	1.665473834785808
390000	-65.5448617575355	-51.2445713208033	-14.300290436732194	0.0	0	1	0	1	1	1	0.3302867294678027	2.0371051985570925	0.707315915383927	0.11028708921290259	1.2076802980666517	0.6363021720744056	1.266932113461596	0.0	2.0371051985570925	0.0	0.11028708921290259	1.2076802980666517	0.6363021720744056
391000	-65.29168099880772	-49.31151902272641	-15.980161976081316	0.0	0	1	1	0	0	1	0.9921856649649644	1.928975727046883	1.7645766631697395	0.11083358499548263	0.9702737695419037	1.0710868000480223	3.2103304932958534	0.0	1.928975727046883	1.7645766631697395	0.0	0.0	1.0710868000480223
392000	-64.62695670864974	-49.28936461686007	-15.33759209178967	0.0	1	0	0	1	1	1	0.3551241845025179	1.4465990560254816	1.3121169332176408	1.0587041139035422	0.22928801185829695	0.4074497551038678	4.444524126367792	0.3551241845025179	0.0	0.0	1.0587041139035422	0.22928801185829695	0.4074497551038678
393000	-69.37008181343458	-52.00922768401924	-17.360854129415344	0.0	1	1	1	1	1	0	0.5690499107447108	0.39071179900493824	0.4413945661540385	0.510616568334782	0.5757186770591706	0.7700960763006396	35.59557143912986	0.5690499107447108	0.39071179900493824	0.4413945661540385	0.510616568334782	0.5757186770591706	0.0
394000	-67.44646879434285	-51.36737578780977	-16.079093006533085	0.0	1	0	0	1	1	0	0.7238599612345313	0.9117855821742704	2.3683911969008564	1.229450062309394	1.4183415703850428	0.28773051868887206	3.2017072121635453	0.7238599612345313	0.0	0.0	1.229450062309394	1.4183415703850428	0.0
395000	-74.7006358839251	-51.82708708007337	-22.873548803851733	0.0	1	1	1	1	0	1	0.3972657449811822	1.5888379022754626	1.0453736731731595	4.578902003317671	0.23029561094389442	3.602678888395817	2.5334175035975757	0.3972657449811822	1.5888379022754626	1.0453736731731595	4.578902003317671	0.0	3.602678888395817
396000	-67.15090664849998	-49.81416374718818	-17.33674290131181	0.0	1	1	1	1	0	1	0.5417826787521483	0.6315059185750186	1.5091197919266461	1.2559900700044961	0.9117514696880125	0.8009082238693851	3.2693071122757935	0.5417826787521483	0.6315059185750186	1.5091197919266461	1.2559900700044961	0.0	0.8009082238693851
397000	-65.15094210036489	-48.50424283693393	-16.646699263430946	0.0	1	1	1	0	0	1	0.12101560974597561	1.164517709735818	1.917455870562838	1.432133197129181	0.863964251205822	1.0679599800760469	2.841043437094141	0.12101560974597561	1.164517709735818	1.917455870562838	0.0	0.0	1.0679599800760469
398000	-68.39588095696367	-50.54704106143178	-17.84883989553189	0.0	1	1	0	1	1	0	0.6914605323830888	1.915773753854237	0.03868278312037001	0.7214376908792813	2.1768284118327896	1.2592662983319558	7.435581142372829	0.6914605323830888	1.915773753854237	0.0	0.7214376908792813	2.1768284118327896	0.0
399000	-68.03418820788288	-49.542382066018895	-18.491806141863982	0.0	0	1	1	0	0	1	0.38121285277104844	1.769007691664839	1.7048070069206491	4.510060700240961	0.1527679503458364	0.8772410380579927	3.0677677009562516	0.0	1.769007691664839	1.7048070069206491	0.0	0.0	0.8772410380579927
400000	-67.96129005489155	-49.55854856852046	-18.4027414863711	0.0	1	0	0	1	1	0	1.69732131098597	1.292929857891014	0.7106977844588128	2.0121612152085064	1.2716706426126068	1.713662683677257	5.621458801728666	1.69732131098597	0.0	0.0	2.0121612152085064	1.2716706426126068	0.0
401000	-66.49404760290118	-48.9520124416409	-17.542035161260277	0.0	1	0	0	1	1	0	1.220593415942059	1.2197825561056512	0.584558416185057	2.206847791118219	1.1771608658197048	1.6849733901482236	4.3554276399364715	1.220593415942059	0.0	0.0	2.206847791118219	1.1771608658197048	0.0
402000	-65.13739686160635	-50.89773443667765	-14.2396624249287	0.0	1	0	0	1	1	1	0.1802940128220428	0.9455572581536345	0.4032814473022213	1.0314255687647778	0.31324722715668885	0.45907768585381686	6.478473138245199	0.1802940128220428	0.0	0.0	1.0314255687647778	0.31324722715668885	0.45907768585381686
403000	-65.95208899099497	-51.126301000056394	-14.825787990938577	0.0	1	1	1	0	0	1	0.6670561619827731	0.4785187622132599	1.2609664320726715	0.5532167291075103	1.5598432894023448	0.4481736200417824	2.2770356740598974	0.6670561619827731	0.4785187622132599	1.2609664320726715	0.0	0.0	0.4481736200417824
404000	-63.3075213458263	-49.98922039841317	-13.318300947413132	0.0	1	0	0	1	1	0	0.4986331089615018	0.2686619520525186	0.36547359413495556	0.9059629319816714	0.5190833127756209	0.7981057569134853	7.266575099915729	0.4986331089615018	0.0	0.0	0.9059629319816714	0.5190833127756209	0.0
405000	-63.1701796953279	-49.540066998953606	-13.630112696374294	0.0	0	1	1	1	0	1	1.2459199112407486	0.8423687429361353	1.155279332726928	0.14690521737818996	0.03453118450376699	0.5904299897035166	1.7856599471533088	0.0	0.8423687429361353	1.155279332726928	0.14690521737818996	0.0	0.5904299897035166
406000	-65.76849796506473	-49.24519022229314	-16.52330774277159	0.0	1	1	0	1	1	0	0.7825824224895035	1.2081003698430952	0.5851040855952911	1.3510968280195736	1.6679147767881621	0.6687220657861042	3.4005127426947075	0.7825824224895035	1.2081003698430952	0.0	1.3510968280195736	1.6679147767881621	0.0
407000	-68.68266252735025	-50.47301505177326	-18.209647475576986	0.0	0	1	1	0	1	1	0.43710948511943826	1.7755097606285126	3.4639423791045494	0.7477816795931066	0.5893612663240836	0.9036370275912202	3.5126306545229786	0.0	1.7755097606285126	3.4639423791045494	0.0	0.5893612663240836	0.9036370275912202
408000	-67.74559561612786	-53.35127038122711	-14.394325234900752	0.0	0	1	1	0	1	1	1.2773963049324262	0.7838361374337182	0.7730244705990458	1.2517179720188059	0.775975085118735	0.5276880362850404	0.9704478647974736	0.0	0.7838361374337182	0.7730244705990458	0.0	0.775975085118735	0.5276880362850404
409000	-64.64572069902475	-51.83974327584102	-12.805977423183728	0.0	0	1	1	0	0	1	1.603344454011156	0.07580160963211313	0.09956198234421915	0.12348485781022606	0.5424948460460766	0.03664928207879248	10.409941784167245	0.0	0.07580160963211313	0.09956198234421915	0.0	0.0	0.03664928207879248
410000	-71.37277381902365	-52.49697939796353	-18.875794421060128	0.0	1	1	0	1	1	1	0.011532154412994124	0.35898427127752924	0.21976591613976307	1.3385054680278947	0.34619094845595627	0.614932159100534	198.97509049976324	0.011532154412994124	0.35898427127752924	0.0	1.3385054680278947	0.34619094845595627	0.614932159100534
411000	-68.98939955208726	-50.40883109430001	-18.580568457787244	0.0	1	1	1	1	0	1	0.18921990448484702	2.0360986071289764	1.6917229435954841	0.37033067171525713	0.29876638442892983	2.8170559230193115	1.968085120686862	0.18921990448484702	2.0360986071289764	1.6917229435954841	0.37033067171525713	0.0	2.8170559230193115
412000	-69.723131882196	-51.07477847533004	-18.64835340686596	0.0	1	1	1	1	1	1	0.5002764917982235	1.9606937858459728	2.031477799400418	0.009083721231675269	0.4746807135646287	0.3634155704481645	2.8715932300819507	0.5002764917982235	1.9606937858459728	2.031477799400418	0.009083721231675269	0.4746807135646287	0.3634155704481645
413000	-67.42682845088963	-50.83416976935494	-16.59265868153469	0.0	1	1	1	0	1	1	0.3647863242368207	1.9744545180109982	0.7697094423439995	0.0038547950329045942	1.9276626053505883	0.2935459978791108	2.134530605442284	0.3647863242368207	1.9744545180109982	0.7697094423439995	0.0	1.9276626053505883	0.2935459978791108
414000	-67.24676485042178	-51.83078786018913	-15.415976990232647	0.0	0	1	1	0	1	1	0.23349246021254702	1.759146498338426	2.1738254791947242	0.14579824749274659	0.22723588189596375	0.5035419786974086	3.806773849656718	0.0	1.759146498338426	2.1738254791947242	0.0	0.22723588189596375	0.5035419786974086
415000	-64.54902240001341	-51.36598400039551	-13.18303839961791	0.0	0	1	1	1	1	1	0.382615382860152	0.6445802885241922	0.7334662801806822	0.00963913708795184	0.12254730784256196	0.17033908044313723	1.8581667753247728	0.0	0.6445802885241922	0.7334662801806822	0.00963913708795184	0.12254730784256196	0.17033908044313723
416000	-67.11545296235154	-49.07536870648027	-18.04008425587127	0.0	0	1	1	0	1	1	0.22825974946885588	2.1799068129980377	2.2264509417767737	0.556094562584606	1.2914666693400234	1.6431433440780794	2.409809101211618	0.0	2.1799068129980377	2.2264509417767737	0.0	1.2914666693400234	1.6431433440780794
417000	-66.47182895584525	-49.307131913820555	-17.1646970420247	0.0	0	1	0	1	1	1	0.6201940658617343	1.969153607181463	1.2773863769603937	1.3126150272684263	1.1979554005555568	0.9421703276464698	2.2481323911898916	0.0	1.969153607181463	0.0	1.3126150272684263	1.1979554005555568	0.9421703276464698
418000	-62.10806076257259	-50.64682196372125	-11.461238798851337	0.0	1	0	0	1	1	0	0.6373241005766297	0.15152058848134156	0.37963113279552757	0.8118672385629424	0.8364315922647773	0.1221211108961954	1.7286656303988694	0.6373241005766297	0.0	0.0	0.8118672385629424	0.8364315922647773	0.0
419000	-64.35068056280569	-54.07527510315691	-10.27540545964878	0.0	0	1	0	0	1	1	0.3305848931554263	0.525973609478251	0.045558537158422056	1.1202881446330648	0.4234183039178811	0.29289428367612613	0.6451918063133674	0.0	0.525973609478251	0.0	0.0	0.4234183039178811	0.29289428367612613
420000	-65.83870478823633	-51.382069733813964	-14.456635054422359	0.0	0	1	1	0	1	1	0.6042630276725116	0.8922404093835311	0.4368156795861347	1.403210882625796	0.7450846694732906	0.9019882747363919	1.5499706503326247	0.0	0.8922404093835311	0.4368156795861347	0.0	0.7450846694732906	0.9019882747363919
421000	-64.4900799175907	-49.746394767296174	-14.743685150294532	0.0	1	1	0	1	1	0	0.5125721244230358	0.4808474689155344	2.3232268705162222	0.4864961536716732	0.6449563616417596	0.4516963955378227	2.245142562129862	0.5125721244230358	0.4808474689155344	0.0	0.4864961536716732	0.6449563616417596	0.0
422000	-70.63141791795638	-53.45806895410133	-17.173348963855048	0.0	1	1	1	0	0	1	0.4737707428049711	3.4152253275097664	1.9382914510960307	0.7887330945200215	0.5288553124203201	0.543006731682707	1.5693526877736599	0.4737707428049711	3.4152253275097664	1.9382914510960307	0.0	0.0	0.543006731682707
423000	-69.59036615764064	-49.13124394293439	-20.45912221470625	0.0	1	0	0	1	1	0	2.6672589529597484	1.383529453750558	0.8857484393624345	2.9885703790055067	2.2529211049710978	1.393593020415313	2.4895736765766467	2.6672589529597484	0.0	0.0	2.9885703790055067	2.2529211049710978	0.0
424000	-66.74627893161198	-48.96334124627713	-17.782937685334858	0.0	0	1	1	1	0	1	4.202719756685154	0.6628044341539413	0.9900340090027179	0.32316346701792936	1.1955988728037956	0.6750080449777013	2.0109603055889944	0.0	0.6628044341539413	0.9900340090027179	0.32316346701792936	0.0	0.6750080449777013
425000	-76.38465956776722	-51.34863219791181	-25.036027369855404	0.0	1	1	1	1	1	1	0.07431836629796819	5.508192325464449	0.2506723982393194	1.3243638879334518	2.7147629122861123	0.7738332429238417	8.427888819176314	0.07431836629796819	5.508192325464449	0.2506723982393194	1.3243638879334518	2.7147629122861123	0.7738332429238417
426000	-66.87350147982875	-49.55480775701282	-17.318693722815922	0.0	1	1	1	1	1	1	0.6647807256498269	0.31213330594193206	0.7320420952669772	1.0710009073559272	0.8650666570366744	0.15644034549495917	3.5357141340094156	0.6647807256498269	0.31213330594193206	0.7320420952669772	1.0710009073559272	0.8650666570366744	0.15644034549495917
427000	-72.19128674539894	-50.35733205133466	-21.83395469406429	0.0	1	1	1	0	0	1	1.0361267526935154	2.3005730498188006	3.004217454636511	0.4755912505158987	3.0547623729321525	1.1813784942521977	5.718156301578026	1.0361267526935154	2.3005730498188006	3.004217454636511	0.0	0.0	1.1813784942521977
428000	-66.04756781825995	-49.95510071849789	-16.092467099762054	0.0	0	1	1	1	0	1	0.10622360563171222	1.970248956751908	2.4105944328266515	0.2726652067416057	0.15399143853652744	0.9807365990679944	3.1972386910408113	0.0	1.970248956751908	2.4105944328266515	0.2726652067416057	0.0	0.9807365990679944
429000	-71.03363100588341	-53.258594454560146	-17.77503655132326	0.0	1	1	1	0	1	1	0.14936612163339077	1.0057342757771663	1.4022586971582975	0.7902054517380156	0.5552756359664346	1.431197046203146	6.937743700704109	0.14936612163339077	1.0057342757771663	1.4022586971582975	0.0	0.5552756359664346	1.431197046203146
430000	-65.20328946361361	-50.38277711666967	-14.820512346943948	0.0	0	1	0	1	1	1	2.0472016173540672	0.6140172910236554	0.6630562583015851	0.36271525455591175	0.7956135071404705	0.37678734084992954	2.5239838639171506	0.0	0.6140172910236554	0.0	0.36271525455591175	0.7956135071404705	0.37678734084992954
431000	-69.19337669084383	-50.610684341262726	-18.58269234958111	0.0	1	1	1	1	0	1	0.4062707734520087	1.4297385908042795	0.9991859155148847	1.618762955376325	0.6047559048261776	2.1135773969614866	2.483837716690914	0.4062707734520087	1.4297385908042795	0.9991859155148847	1.618762955376325	0.0	2.1135773969614866
432000	-65.52101644038441	-49.664587215167195	-15.856429225217221	0.0	1	0	1	1	0	1	0.8987566499935947	0.19107513775096688	1.4858772767528692	1.0592536505972316	0.1544697526340263	0.4840221496995132	12.669029058433473	0.8987566499935947	0.0	1.4858772767528692	1.0592536505972316	0.0	0.4840221496995132
433000	-66.81312665183208	-50.37735137758449	-16.43577527424759	0.0	1	1	1	0	0	1	0.9942431178589279	0.2893982231377225	1.8401891735625093	1.0993383930184206	0.5144994770542747	0.3848901449144213	9.699794253594932	0.9942431178589279	0.2893982231377225	1.8401891735625093	0.0	0.0	0.3848901449144213
434000	-64.28884064662155	-50.90031938874039	-13.388521257881155	0.0	1	0	0	1	1	0	0.6325800523840103	0.9560156157509374	0.004232877571001291	1.9838282214083593	0.7163303319163922	0.17197820199721203	2.580830682394837	0.6325800523840103	0.0	0.0	1.9838282214083593	0.7163303319163922	0.0
435000	-62.30395302392229	-49.1341973537878	-13.169755670134489	0.0	0	1	1	0	0	1	0.31622020611956586	0.3566607491661932	0.5575119841971024	0.2460765682791485	2.2853888882891464	0.21462928102080703	3.378038883259092	0.0	0.3566607491661932	0.5575119841971024	0.0	0.0	0.21462928102080703
436000	-65.52376674024819	-49.4854553447248	-16.038311395523394	0.0	1	1	1	1	1	0	0.65084387748325	0.35108329923238196	0.1381832994091164	1.327293311877399	0.8013214812159601	1.3075846803788986	2.6151609943159944	0.65084387748325	0.35108329923238196	0.1381832994091164	1.327293311877399	0.8013214812159601	0.0
437000	-68.14408044802859	-52.97221913742787	-15.171861310600717	0.0	1	0	0	1	1	0	0.849647258733192	0.03565813041961331	0.854278809217935	0.9196244782622965	1.0795928638258427	1.0511871107647082	11.017039748939606	0.849647258733192	0.0	0.0	0.9196244782622965	1.0795928638258427	0.0
438000	-75.33382559420966	-51.35774629777471	-23.97607929643494	0.0	1	1	1	0	1	1	2.1137630779520706	3.26959687349168	1.9713829810593129	2.23428137748609	1.9748369071467702	1.2679017361821665	1.9041472696066886	2.1137630779520706	3.26959687349168	1.9713829810593129	0.0	1.9748369071467702	1.2679017361821665
439000	-73.58256648665878	-54.532627563508115	-19.049938923150663	0.0	0	1	1	0	0	1	1.215902559289797	1.280493032720112	1.0188268615564096	1.1312900438671594	2.102147599840375	1.2630605945490476	21.039739041375377	0.0	1.280493032720112	1.0188268615564096	0.0	0.0	1.2630605945490476
440000	-65.57821041811172	-50.590063958246056	-14.988146459865668	0.0	1	0	0	1	1	0	0.9764046061889867	0.5655076937514298	1.237457717515628	1.2397838335220015	1.390511991742387	0.14043767130025106	4.311908001355722	0.9764046061889867	0.0	0.0	1.2397838335220015	1.390511991742387	0.0
441000	-66.63415390406249	-49.56689048753633	-17.067263416526167	0.0	1	1	0	1	1	0	2.0075629639749693	0.07785866036370159	0.40049153097694745	2.668186473631274	1.2461234879974092	0.07455360975511817	4.738022744560757	2.0075629639749693	0.07785866036370159	0.0	2.668186473631274	1.2461234879974092	0.0
442000	-75.20324838352356	-52.44967676226711	-22.753571621256448	0.0	1	1	1	1	1	0	1.6961981954457872	1.4396667449351868	1.6337676456225485	0.466858555676504	1.5841892722612974	1.234629821584631	62.836935412370465	1.6961981954457872	1.4396667449351868	1.6337676456225485	0.466858555676504	1.5841892722612974	0.0
443000	-63.4783285982206	-49.04014640494331	-14.438182193277294	0.0	1	0	0	1	1	0	1.2890886565591235	1.2494511542949924	0.2650270783339103	1.540981757541124	0.9604006591646703	0.21791962080778132	2.559678205118845	1.2890886565591235	0.0	0.0	1.540981757541124	0.9604006591646703	0.0
444000	-71.47012529036306	-54.062135467810734	-17.40798982255232	0.0	1	0	0	1	1	0	0.9191521144617986	1.6455642078072377	0.37556402019308754	0.9458754382915161	1.0224129433223277	0.6765824242509348	45.050498061767236	0.9191521144617986	0.0	0.0	0.9458754382915161	1.0224129433223277	0.0
445000	-66.08499525779669	-49.823150013125556	-16.261845244671143	0.0	1	0	0	1	1	0	1.4211916451378859	0.6048167534485692	0.07315088245161219	1.9786119324970752	1.356138685130283	0.9597336573065257	6.617133676887018	1.4211916451378859	0.0	0.0	1.9786119324970752	1.356138685130283	0.0
446000	-70.29227985608716	-52.27523321281461	-18.017046643272554	0.0	1	0	1	1	0	1	0.6668009888195884	0.9005555481298364	1.4238280715588378	0.9435334302766281	0.052938080557343455	0.4094849366526961	90.07534675248337	0.6668009888195884	0.0	1.4238280715588378	0.9435334302766281	0.0	0.4094849366526961
447000	-68.00651897830517	-50.597783777984056	-17.408735200321107	0.0	1	1	1	1	1	1	0.6580137419950349	0.7017198300170161	1.1906178765206008	0.948731263785296	0.14151837166505743	1.0488194114397218	1.5938387607275424	0.6580137419950349	0.7017198300170161	1.1906178765206008	0.948731263785296	0.14151837166505743	1.0488194114397218
448000	-65.93224488926569	-50.909704018168405	-15.02254087109729	0.0	1	0	0	1	1	0	1.5718669481647423	0.20110136289943994	0.3500199889696928	1.3799311919897403	1.739278811267718	0.38679366397971826	4.124847974994609	1.5718669481647423	0.0	0.0	1.3799311919897403	1.739278811267718	0.0
449000	-63.454538276271236	-49.32709615818191	-14.127442118089323	0.0	1	1	0	1	1	0	0.7383103949891433	0.007920464600088876	0.9794639933627534	1.2011280277189529	0.8141552823734688	0.5076685561917149	2.3247903375284915	0.7383103949891433	0.007920464600088876	0.0	1.2011280277189529	0.8141552823734688	0.0
450000	-71.03639324652805	-50.59918768476181	-20.437205561766245	0.0	1	1	0	1	1	0	1.6703697967473512	0.6201332109315265	0.1402902209795515	3.088174599701698	2.1432349826277997	1.5402200480635673	8.973885560230688	1.6703697967473512	0.6201332109315265	0.0	3.088174599701698	2.1432349826277997	0.0
451000	-67.28055707382225	-50.9640110946927	-16.316545979129554	0.0	0	1	0	0	1	1	0.17319726294668694	1.5403738877958877	4.135398716494331	0.16799350499261595	1.1041252530634853	0.9759786498995898	1.2771541260489705	0.0	1.5403738877958877	0.0	0.0	1.1041252530634853	0.9759786498995898
452000	-69.50242253691141	-52.142940489571046	-17.359482047340357	0.0	1	0	1	1	1	1	0.7683034315450081	1.6426901013207693	0.32278746244088247	2.5837120500539847	0.5332385078976903	0.30956765736789876	2.01143480539343	0.7683034315450081	0.0	0.32278746244088247	2.5837120500539847	0.5332385078976903	0.30956765736789876
453000	-64.77550503594838	-50.274285121628125	-14.501219914320254	0.0	1	0	0	1	1	0	0.6518053274391746	0.4754489516494404	1.0155678562583959	0.6706355829584355	0.34890559918768277	1.6674981544324536	5.440115036773254	0.6518053274391746	0.0	0.0	0.6706355829584355	0.34890559918768277	0.0
454000	-66.58612752355663	-49.334879937987104	-17.251247585569516	0.0	1	1	1	1	1	1	0.8188484666310873	0.17110851586811873	0.16110840551355263	1.88743916220912	0.8160437931044557	0.10793720123900248	2.8149386085510013	0.8188484666310873	0.17110851586811873	0.16110840551355263	1.88743916220912	0.8160437931044557	0.10793720123900248
455000	-63.09017917123558	-48.56591657615451	-14.524262595081076	0.0	0	1	1	0	1	1	0.7293165943087209	1.0233038797552367	1.2028689044741707	0.5416751830376226	0.3828034009924759	0.6335952228701686	2.652064260209032	0.0	1.0233038797552367	1.2028689044741707	0.0	0.3828034009924759	0.6335952228701686
456000	-64.87796960914464	-49.24439004772873	-15.633579561415917	0.0	0	1	1	0	0	1	0.6440687895286732	0.34817989327998156	0.4432813373729832	2.27477210353576	2.1804836404573935	0.413698526534472	3.868117677889163	0.0	0.34817989327998156	0.4432813373729832	0.0	0.0	0.413698526534472
457000	-73.88751300748028	-50.02980411013275	-23.857708897347525	0.0	1	1	0	1	1	1	0.24359442267144074	0.800709649060401	3.858883950040924	3.542242432177867	0.5792318872717507	2.3047334656731966	7.5666335254623185	0.24359442267144074	0.800709649060401	0.0	3.542242432177867	0.5792318872717507	2.3047334656731966
458000	-62.05113365612054	-49.26126204765396	-12.789871608466587	0.0	1	0	0	1	1	0	0.6588423159348876	0.4353953080819151	0.48040815344829346	0.939500559179331	0.5490130162507187	0.05422051757483684	5.4462564870026275	0.6588423159348876	0.0	0.0	0.939500559179331	0.5490130162507187	0.0
459000	-64.48223905490248	-48.83417833677331	-15.64806071812917	0.0	0	1	1	1	0	1	0.8636003816253125	0.6907408615520505	0.8316791372959292	1.4762455666384595	0.22882897226601817	1.2023163892774653	3.7379808777453043	0.0	0.6907408615520505	0.8316791372959292	1.4762455666384595	0.0	1.2023163892774653
460000	-65.55968164602324	-51.004411020504264	-14.555270625518968	0.0	1	0	1	1	1	0	0.23230135887899192	0.3691275026183279	0.08899853527484029	0.6460613861633321	0.1857892356987965	2.1127558690607624	6.565761298087721	0.23230135887899192	0.0	0.08899853527484029	0.6460613861633321	0.1857892356987965	0.0
461000	-64.72329790747754	-51.56048271695221	-13.162815190525334	0.0	1	0	1	1	1	0	0.23529580680662446	0.3579077608522376	0.1465447821970825	0.5268246930495637	0.1746393724688851	0.2732211154808148	11.089665372672082	0.23529580680662446	0.0	0.1465447821970825	0.5268246930495637	0.1746393724688851	0.0
462000	-62.02556049209911	-48.47941242541874	-13.546148066680374	0.0	0	1	1	1	0	1	0.08336319625616312	0.628529422887688	0.7416343328359798	0.2573507084627711	0.7956361273795763	0.6162754089144366	4.003057683375976	0.0	0.628529422887688	0.7416343328359798	0.2573507084627711	0.0	0.6162754089144366
463000	-66.23446939343114	-49.91223912224709	-16.322230271184054	0.0	0	1	1	0	1	1	0.06256921454109289	1.1456197218189625	2.8781091482258057	0.04236889509568712	0.066088707520576	1.4818882501454211	4.995387966935677	0.0	1.1456197218189625	2.8781091482258057	0.0	0.066088707520576	1.4818882501454211
464000	-66.4030636680157	-51.84463053315872	-14.558433134856982	0.0	0	1	1	0	0	1	0.06763039460756018	0.9226340371240598	1.4392619246550276	0.07288156829154285	0.05362855409964617	0.9095710719784227	22.196119180920864	0.0	0.9226340371240598	1.4392619246550276	0.0	0.0	0.9095710719784227
465000	-74.78202692407291	-53.05076173632479	-21.73126518774813	0.0	1	1	1	1	1	1	0.2990096662065487	0.5809524362313712	1.8784356825969188	2.372141668825675	0.45417758320788926	1.0229724186880342	17.40891119608428	0.2990096662065487	0.5809524362313712	1.8784356825969188	2.372141668825675	0.45417758320788926	1.0229724186880342
466000	-63.897175929720994	-49.649499369507545	-14.247676560213447	0.0	0	1	1	0	0	1	0.4139989280542618	0.8224342945519717	1.3013649309295396	0.7081200111595906	0.2839465012424953	0.933810424162707	6.085506455640902	0.0	0.8224342945519717	1.3013649309295396	0.0	0.0	0.933810424162707
467000	-69.08576780500141	-51.75092152474202	-17.334846280259384	0.0	1	0	0	1	1	1	0.5698033025311984	3.372193598418508	0.6079593410008512	0.7469804985110308	0.32908641770356656	0.04388665447695232	13.737573200844349	0.5698033025311984	0.0	0.0	0.7469804985110308	0.32908641770356656	0.04388665447695232
468000	-62.55704040124087	-49.48895556479879	-13.068084836442072	0.0	1	0	0	1	1	0	0.2634173580795917	1.3911552792698183	0.46037731210104904	0.5542370679474418	0.27239605589794325	0.4439038424153069	5.501328789490623	0.2634173580795917	0.0	0.0	0.5542370679474418	0.27239605589794325	0.0
469000	-63.866551406035086	-50.70133792030936	-13.165213485725726	0.0	1	0	1	1	0	1	0.709777971954248	0.16300499909985025	0.8338154439755221	0.31323418680066745	0.4642782007168771	0.18015473433630236	4.324960513570921	0.709777971954248	0.0	0.8338154439755221	0.31323418680066745	0.0	0.18015473433630236
470000	-77.55023426011792	-54.44115021687332	-23.109084043244593	0.0	1	1	1	1	1	1	1.1072119653176073	0.24105845775205006	4.262612128490706	1.5411915630019544	0.301513207103437	2.238297576294862	3.1999038804520095	1.1072119653176073	0.24105845775205006	4.262612128490706	1.5411915630019544	0.301513207103437	2.238297576294862
471000	-71.76423069112755	-52.444941435316665	-19.319289255810894	0.0	1	1	1	1	0	1	0.8976852595158452	0.25129751405976336	0.9063948175247075	1.9591603750908928	0.1643645283089467	1.5877568454207729	20.81815897084249	0.8976852595158452	0.25129751405976336	0.9063948175247075	1.9591603750908928	0.0	1.5877568454207729
472000	-69.92314218384361	-49.21322894915725	-20.70991323468636	0.0	0	1	1	0	1	1	2.531372251718112	2.2283495745601036	1.542561221076147	2.313857249788356	0.9977285362305445	0.6883584864665332	3.9409900597961687	0.0	2.2283495745601036	1.542561221076147	0.0	0.9977285362305445	0.6883584864665332
473000	-68.94035059671674	-49.01661050762075	-19.923740089095993	0.0	1	0	0	1	1	0	1.397480914737193	0.8865401953380463	1.2260607574630815	1.786636840087683	1.1281656192356861	4.608868253512288	2.4957628148047366	1.397480914737193	0.0	0.0	1.786636840087683	1.1281656192356861	0.0
474000	-63.25566509819469	-49.42593080562325	-13.829734292571437	0.0	0	1	1	0	0	1	0.14923636461336393	1.0562812582329906	1.2787861979239639	0.2639783797005988	0.645940181599988	1.4102035746443908	2.8567635015924306	0.0	1.0562812582329906	1.2787861979239639	0.0	0.0	1.4102035746443908
475000	-63.48571966862947	-50.02191168340348	-13.463807985225992	0.0	1	1	1	1	0	1	0.14867121503471858	0.13132343549387876	0.24085073952775607	0.16312816601356014	0.22781964821218528	0.2079529631031284	6.300192924747042	0.14867121503471858	0.13132343549387876	0.24085073952775607	0.16312816601356014	0.0	0.2079529631031284
476000	-63.196678446367486	-48.67537815845589	-14.52130028791159	0.0	0	1	1	0	0	1	0.6162870648418074	1.1543011757093875	1.8888047328749151	0.947305232619785	0.09898282722420937	0.9451032290320933	2.4477067112900275	0.0	1.1543011757093875	1.8888047328749151	0.0	0.0	0.9451032290320933
477000	-64.73844765563568	-50.07437695335558	-14.664070702280101	0.0	0	1	0	1	1	1	0.3860404332172578	0.9865384188879467	0.15127280112159044	1.2727537359786243	1.1847690498635544	1.0501723724529275	1.8177861201891108	0.0	0.9865384188879467	0.0	1.2727537359786243	1.1847690498635544	1.0501723724529275
478000	-64.59073906070515	-49.32138093584692	-15.269358124858229	0.0	1	0	1	1	1	0	0.8419705906946511	1.3675627959416514	0.49913296611493885	0.8617702665606392	0.6039562520154955	1.0801314724880722	2.663033356626881	0.8419705906946511	0.0	0.49913296611493885	0.8617702665606392	0.6039562520154955	0.0
479000	-69.26634369332508	-56.27148549268826	-12.994858200636823	0.0	1	0	1	1	1	0	0.20767222935175972	1.1043608218767655	0.014382799064129585	1.4493176079320658	0.6562747932066166	0.16820215013178932	1.4331719525528612	0.20767222935175972	0.0	0.014382799064129585	1.4493176079320658	0.6562747932066166	0.0
480000	-69.63488587720288	-52.361450286222386	-17.27343559098049	0.0	1	1	0	1	1	1	0.43273381112215464	0.2854339554004115	0.8844694773884465	1.8575879565571434	1.918010654079874	0.5972536731131035	2.2199876394211695	0.43273381112215464	0.2854339554004115	0.0	1.8575879565571434	1.918010654079874	0.5972536731131035
481000	-66.49984759663496	-48.82044657505168	-17.679401021583274	0.0	0	1	1	0	1	1	0.22246351730052696	1.9597467131571367	2.163103070971477	0.8654504587248477	0.8493026541800626	1.3122600977745642	3.5647590576695496	0.0	1.9597467131571367	2.163103070971477	0.0	0.8493026541800626	1.3122600977745642
482000	-67.47633949006647	-49.006517535733664	-18.4698219543328	0.0	1	1	1	1	1	1	0.6881020055471507	0.9721108060478092	0.4403684276751992	1.0858178551954856	1.5980147913002667	0.3494556109652553	2.950699350676642	0.6881020055471507	0.9721108060478092	0.4403684276751992	1.0858178551954856	1.5980147913002667	0.3494556109652553
483000	-72.32896082206832	-51.66055039281223	-20.6684104292561	0.0	1	1	0	1	1	0	1.1995418178259238	2.9056464980423833	0.301601954253336	0.46908899721423225	3.20151493726571	2.5657697162728725	2.690860761027295	1.1995418178259238	2.9056464980423833	0.0	0.46908899721423225	3.20151493726571	0.0
484000	-68.39884927948177	-48.95370249668832	-19.44514678279345	0.0	1	1	1	0	0	1	0.6603279387612796	2.0564665894922536	3.449494696922648	1.0758342934888787	0.3113265802415076	1.4104639162511443	4.240801724943754	0.6603279387612796	2.0564665894922536	3.449494696922648	0.0	0.0	1.4104639162511443
485000	-74.64163300792134	-54.600807589215144	-20.040825418706206	0.0	0	1	1	1	0	1	0.6351742861331624	0.7433661950736842	1.884987986906302	0.34957165045716226	1.4427096567625297	0.5106658193261623	191.42481544988686	0.0	0.7433661950736842	1.884987986906302	0.34957165045716226	0.0	0.5106658193261623
486000	-72.58327675627527	-53.46067040515607	-19.122606351119188	0.0	1	1	1	0	1	0	0.8627654076482569	1.0396984001694853	0.7382919029597297	1.5361589901843078	0.7112905867043416	0.5600291116458973	94.68478649744404	0.8627654076482569	1.0396984001694853	0.7382919029597297	0.0	0.7112905867043416	0.0
487000	-72.38417823891328	-52.499178011414564	-19.885000227498708	0.0	0	1	0	1	1	1	0.33373517645288053	2.086705373152887	0.6057648952372022	1.092709602558975	1.412573227900098	0.5993091633484199	101.83064350898444	0.0	2.086705373152887	0.0	1.092709602558975	1.412573227900098	0.5993091633484199
488000	-65.52621458726055	-50.80427704289532	-14.721937544365234	0.0	1	1	1	0	0	1	0.11734002555307986	1.2203063314973661	1.1501715380962514	0.19897542586214273	1.875895263511604	0.4444939880762298	1.9734374692650878	0.11734002555307986	1.2203063314973661	1.1501715380962514	0.0	0.0	0.4444939880762298
489000	-70.52676461976898	-51.512295815736884	-19.014468804032106	0.0	1	1	1	1	1	0	1.3161658047547231	1.0988840801161661	0.9414398426297159	0.9606639304428818	1.709753530081184	2.238029388599131	1.2833532785824815	1.3161658047547231	1.0988840801161661	0.9414398426297159	0.9606639304428818	1.709753530081184	0.0
490000	-61.10605927061459	-48.57607062574054	-12.529988644874045	0.0	0	1	1	0	0	1	0.7296422724256325	0.891856591244943	1.013109318520124	0.13659498788464475	0.22015663145141806	0.6846440967338853	2.407632351026527	0.0	0.891856591244943	1.013109318520124	0.0	0.0	0.6846440967338853
491000	-71.64077717491818	-55.00011144448636	-16.64066573043182	0.0	1	0	0	1	1	0	1.1866168464232152	1.1529150390218026	1.6736398529572518	0.6666207793186033	0.6424923880099762	0.49283104539674344	17.0730687044185	1.1866168464232152	0.0	0.0	0.6666207793186033	0.6424923880099762	0.0
492000	-64.94320406489797	-50.16637267185793	-14.776831393040034	0.0	0	1	1	0	1	1	0.263844022285035	1.1943453575586682	0.9955691956105933	0.7278783897581477	1.1136901739284886	0.5134039678221723	2.5416337390390047	0.0	1.1943453575586682	0.9955691956105933	0.0	1.1136901739284886	0.5134039678221723
493000	-72.450125266971	-53.37253551411654	-19.077589752854454	0.0	1	1	1	1	1	1	1.2994027423038674	0.5421609086071505	1.5280358813435584	0.31043509703053823	0.3542413591663187	1.124343199639769	5.276777096715004	1.2994027423038674	0.5421609086071505	1.5280358813435584	0.31043509703053823	0.3542413591663187	1.124343199639769
494000	-62.77220970542638	-48.40631933195315	-14.36589037347323	0.0	0	1	1	1	0	1	0.4199775563125906	0.8502647257494795	1.0442967164520707	0.3315853651729109	0.4239829008424671	0.8892767392940176	3.936357829012311	0.0	0.8502647257494795	1.0442967164520707	0.3315853651729109	0.0	0.8892767392940176
495000	-66.54884800186949	-51.80858322620904	-14.740264775660453	0.0	1	1	1	0	1	1	0.0689334228854142	1.331605768091788	0.2780327540826584	1.1231215776952692	0.796533498582043	0.6431520066398712	0.9988644430039448	0.0689334228854142	1.331605768091788	0.2780327540826584	0.0	0.796533498582043	0.6431520066398712
496000	-67.09426897728898	-49.52377303518905	-17.570495942099917	0.0	1	0	0	1	1	1	0.5503631726400178	0.07688459611299432	2.3707898372640503	2.8129361408239455	0.44908880182078564	0.6932845259362755	4.8558725278491615	0.5503631726400178	0.0	0.0	2.8129361408239455	0.44908880182078564	0.6932845259362755
497000	-74.10036500074946	-50.522991771991606	-23.577373228757857	0.0	1	1	1	1	0	1	1.057863627355535	0.04185858044511256	2.5367939254603575	2.523798636516251	2.9098947509559374	1.0705549227246371	18.577136992164217	1.057863627355535	0.04185858044511256	2.5367939254603575	2.523798636516251	0.0	1.0705549227246371
498000	-68.55135252861416	-48.93394250048359	-19.617410028130564	0.0	1	1	1	1	1	1	0.44746262634206085	1.9378088133972384	1.1387663374809587	1.0291194149787253	1.0122912794760284	0.6383290971176152	3.188536056474681	0.44746262634206085	1.9378088133972384	1.1387663374809587	1.0291194149787253	1.0122912794760284	0.6383290971176152
499000	-67.3574974667107	-49.94627164437911	-17.411225822331595	0.0	1	1	1	1	1	0	1.1969280523377042	1.1410203141783184	1.0359304835169785	0.75724600658002	0.9826981223383694	0.3975735772344078	4.047736105419985	1.1969280523377042	1.1410203141783184	1.0359304835169785	0.75724600658002	0.9826981223383694	0.0
500000	-66.4330565545321	-51.34113544783236	-15.09192110669974	0.0	0	1	1	0	0	1	0.9676140989363462	0.9778455622714722	2.024924533812332	1.2217820873247165	0.17734513608992228	0.46087795932778386	3.616074780717348	0.0	0.9778455622714722	2.024924533812332	0.0	0.0	0.46087795932778386
501000	-64.57331461342557	-50.98985641375692	-13.583458199668652	0.0	1	1	1	0	1	1	0.019768444879891593	0.6730335188416173	0.4165808823381633	1.160622550308031	0.31068112339748216	0.2024110719657948	1.3502485664559531	0.019768444879891593	0.6730335188416173	0.4165808823381633	0.0	0.31068112339748216	0.2024110719657948
502000	-68.74749897839558	-51.55000503607904	-17.197493942316548	0.0	1	0	0	1	1	0	2.1392594000503213	1.0669867088165703	1.1909885208143514	2.4954867509534018	0.8371066875928731	0.7114811283866088	2.183589769330069	2.1392594000503213	0.0	0.0	2.4954867509534018	0.8371066875928731	0.0
503000	-64.79562665864962	-49.134267389131224	-15.6613592695184	0.0	0	1	1	0	0	1	0.11191010180283383	0.540155636733026	1.1525634362683648	0.14098345862381031	4.16825358928914	0.41628762098898514	3.1752096744217067	0.0	0.540155636733026	1.1525634362683648	0.0	0.0	0.41628762098898514
504000	-68.5938394541315	-54.58533004228282	-14.00850941184868	0.0	0	1	1	0	0	1	1.0696507941571771	0.18473564568194814	0.18615915963559473	1.60954466328059	0.09852050179658384	0.26088692152931414	13.655716794869276	0.0	0.18473564568194814	0.18615915963559473	0.0	0.0	0.26088692152931414
505000	-65.49107203535237	-51.13835111624696	-14.352720919105414	0.0	1	1	0	1	1	0	0.2617341583872757	0.3039253381463043	0.19949812212156293	0.4925700486777451	0.595681644545633	1.1191509248826188	10.365153934986742	0.2617341583872757	0.3039253381463043	0.0	0.4925700486777451	0.595681644545633	0.0
506000	-64.4696704248479	-49.00028360326734	-15.469386821580565	0.0	0	1	1	0	1	1	0.2770692851579255	1.2904653856649897	1.7070798150745303	0.6162467164755027	0.6373169162623942	0.9497886584959503	2.601505324801357	0.0	1.2904653856649897	1.7070798150745303	0.0	0.6373169162623942	0.9497886584959503
507000	-69.72571377119243	-48.983310078737276	-20.74240369245515	0.0	1	1	1	1	1	1	0.6905068879520265	1.802371922549206	1.2611139238662663	1.0070049322649026	1.0629231858468293	1.5188262622087936	3.14437840581137	0.6905068879520265	1.802371922549206	1.2611139238662663	1.0070049322649026	1.0629231858468293	1.5188262622087936
508000	-63.65868358765317	-48.96720061439852	-14.691482973254653	0.0	0	1	1	0	0	1	0.1005992542696072	0.9709214572620686	1.6168599991282455	1.4241944421961865	0.5653965104723813	1.2151974946166686	2.277429768554781	0.0	0.9709214572620686	1.6168599991282455	0.0	0.0	1.2151974946166686
509000	-68.15773981072661	-49.6206131916614	-18.537126619065205	0.0	1	0	1	1	0	1	1.8272982355473804	0.13171843074337308	2.44495209692068	0.6314823459604482	1.7312082760321272	0.4309897117642504	9.95560463341888	1.8272982355473804	0.0	2.44495209692068	0.6314823459604482	0.0	0.4309897117642504
510000	-65.70024021045732	-52.27520277187754	-13.425037438579784	0.0	1	0	1	1	0	1	0.350763473721385	0.002511751594963619	0.6797114004652925	0.6198388244736969	1.3669717920832976	0.5125669932947787	2.3572344220004715	0.350763473721385	0.0	0.6797114004652925	0.6198388244736969	0.0	0.5125669932947787
511000	-67.97149178363571	-52.89981141959721	-15.071680364038501	0.0	0	0	0	1	1	1	0.16365055906760986	8.853791828083279E-4	2.8990630402978463	1.5856780569005	0.6940550445173033	1.0960204838000838	1.929466725582658	0.0	0.0	0.0	1.5856780569005	0.6940550445173033	1.0960204838000838
512000	-66.99679448595879	-52.26058588601866	-14.736208599940134	0.0	1	1	0	1	1	1	0.5300509366007177	6.855325855394462E-4	0.36790804110717207	1.6551321706532427	1.1520551520353832	0.13333962519857495	1.487244193914188	0.5300509366007177	6.855325855394462E-4	0.0	1.6551321706532427	1.1520551520353832	0.13333962519857495
513000	-64.61782399005844	-50.71398608076173	-13.903837909296707	0.0	1	1	1	1	0	1	0.020479692019456684	0.08784847814435191	0.2828869205732799	0.7958120258842192	0.275330911178293	0.3841307676343714	4.735780411606603	0.020479692019456684	0.08784847814435191	0.2828869205732799	0.7958120258842192	0.0	0.3841307676343714
514000	-67.69922298766684	-50.42686642280724	-17.272356564859606	0.0	0	1	1	0	0	1	1.3133708072349894	0.9514727242391617	2.495446537742215	0.8814529323517416	0.571376805681596	1.0169557390747752	7.866906080454757	0.0	0.9514727242391617	2.495446537742215	0.0	0.0	1.0169557390747752
515000	-68.13041478022453	-49.789139419140355	-18.341275361084165	0.0	1	0	1	1	1	1	1.4606132188897465	0.25094566839612165	0.2072838395868786	2.7228997861231883	0.8765249497451201	0.3506173033899761	7.15763194929247	1.4606132188897465	0.0	0.2072838395868786	2.7228997861231883	0.8765249497451201	0.3506173033899761
516000	-66.13960488186488	-48.82047498890388	-17.319129892960998	0.0	1	0	0	1	1	0	0.9463934745498613	0.5942039508024192	3.3102351702264152	1.309254669707629	0.7209062112367436	1.1079250777990695	3.8724248004540347	0.9463934745498613	0.0	0.0	1.309254669707629	0.7209062112367436	0.0
517000	-65.53740248811962	-49.480822816952866	-16.056579671166755	0.0	0	1	1	0	0	1	0.7162828362332292	1.2653581680637742	2.744500058732573	0.5932743166577482	0.5115263731126913	1.5132668318738889	2.09008823770715	0.0	1.2653581680637742	2.744500058732573	0.0	0.0	1.5132668318738889
518000	-69.06001359407517	-51.22530002412062	-17.834713569954552	0.0	1	0	0	1	1	1	0.4733438491234747	3.1995323368307766	1.2000338747068877	1.888727203168917	0.8076542227557243	0.6767241008795447	1.7398998070343452	0.4733438491234747	0.0	0.0	1.888727203168917	0.8076542227557243	0.6767241008795447
519000	-70.2734480031454	-49.41972287604854	-20.853725127096872	0.0	0	1	1	0	1	1	1.0740976593369618	2.023058496445631	3.526125374071502	2.776443631775945	0.12396833135808778	1.1760914104244422	3.0596926345911046	0.0	2.023058496445631	3.526125374071502	0.0	0.12396833135808778	1.1760914104244422
520000	-63.727099388393185	-48.48762151284816	-15.239477875545028	0.0	0	1	1	0	1	1	1.2733811249185751	0.9271249726887053	1.0142294324725345	1.3063489091033154	0.043814707317445016	0.6524895018214103	2.6823926148105754	0.0	0.9271249726887053	1.0142294324725345	0.0	0.043814707317445016	0.6524895018214103
521000	-65.11859857687132	-49.42908043493757	-15.689518141933751	0.0	1	0	0	1	1	0	0.8798759629689089	0.8429176139836503	0.913881840324305	1.7463925511712177	0.9007155836095105	0.7148133616420798	5.547101183773245	0.8798759629689089	0.0	0.0	1.7463925511712177	0.9007155836095105	0.0
522000	-66.64079050618193	-51.81755797781531	-14.823232528366624	0.0	1	1	0	1	1	0	0.1838288628140466	0.407601151527362	0.19617413991313232	0.25229929935165557	0.5603376649659902	1.223454233734772	19.10026543449453	0.1838288628140466	0.407601151527362	0.0	0.25229929935165557	0.5603376649659902	0.0
523000	-66.57186616436641	-48.63207710431622	-17.939789060050202	0.0	0	1	0	1	1	1	3.157529506118336	1.0347830957282331	0.047779595719966865	1.7719654122099264	0.7162612026602452	0.875923608576201	3.6674416134705194	0.0	1.0347830957282331	0.0	1.7719654122099264	0.7162612026602452	0.875923608576201
524000	-69.25759232099868	-50.1003000972713	-19.15729222372738	0.0	1	0	1	1	1	0	1.7474407804184255	0.7893037177105262	0.29266610936122633	2.0114412697750415	2.181186720533724	2.205941635195309	2.4450769860042447	1.7474407804184255	0.0	0.29266610936122633	2.0114412697750415	2.181186720533724	0.0
525000	-75.40603286688321	-54.106273743027884	-21.299759123855328	0.0	1	1	1	1	0	1	1.3207351290158185	2.16941634179275	4.527838828371759	0.29048297531726747	1.856615689487357	0.17488070852481186	1.5835095788401232	1.3207351290158185	2.16941634179275	4.527838828371759	0.29048297531726747	0.0	0.17488070852481186
526000	-64.12381068324532	-52.08198754384476	-12.041823139400568	0.0	0	1	0	0	1	1	0.14555276157561992	0.5555935172310735	1.7304097734536885	0.06161257746914424	0.6236619117929716	0.44255597156256227	1.6610851469925225	0.0	0.5555935172310735	0.0	0.0	0.6236619117929716	0.44255597156256227
527000	-62.738533472855536	-49.89147725297826	-12.847056219877272	0.0	0	1	1	0	0	1	0.9243141739102728	0.2896714982287198	0.29484920917138413	0.7543870387961039	1.9378677466581948	0.1522918863896176	1.6798451268112178	0.0	0.2896714982287198	0.29484920917138413	0.0	0.0	0.1522918863896176
528000	-66.36145143160776	-50.580763192177756	-15.78068823943	0.0	1	0	1	1	1	0	1.4121895095962933	0.27281256953755495	0.20785116578330678	1.478046197270248	1.1968033028637224	0.11200859796944354	7.857718470885993	1.4121895095962933	0.0	0.20785116578330678	1.478046197270248	1.1968033028637224	0.0
529000	-70.63784598188587	-51.59305241363091	-19.04479356825496	0.0	1	1	1	1	0	1	0.36905691665297014	0.031647999913486054	0.5007945555683049	1.6740559605765626	1.8881161091012875	2.062375064791919	7.495060444271895	0.36905691665297014	0.031647999913486054	0.5007945555683049	1.6740559605765626	0.0	2.062375064791919
530000	-67.10877704866229	-48.47410032006622	-18.634676728596077	0.0	0	1	1	1	0	1	0.3526873076364896	2.1850527924217227	2.475708013087731	0.6354594322013728	0.2893574049037994	2.466131047460535	3.301869981577201	0.0	2.1850527924217227	2.475708013087731	0.6354594322013728	0.0	2.466131047460535
531000	-62.14166554234383	-48.57556036169625	-13.566105180647586	0.0	0	1	1	0	0	1	0.33320191985392233	0.9136434203425053	1.0379242140607545	0.2627986582175841	1.1096346545179339	0.813784509719609	3.0629005076181444	0.0	0.9136434203425053	1.0379242140607545	0.0	0.0	0.813784509719609
532000	-63.081191718861575	-50.202392041934154	-12.878799676927422	0.0	0	1	1	0	0	1	0.1285025624404373	1.4080732393040885	1.1369971027828911	0.41168974722985874	0.22086211298278813	0.599304238387019	2.7124279858775755	0.0	1.4080732393040885	1.1369971027828911	0.0	0.0	0.599304238387019
533000	-74.69051886763343	-52.66956476010907	-22.02095410752436	0.0	1	1	1	1	0	1	0.41220219238185646	1.2854006261206519	2.062983022740366	1.7909402960937166	0.1941517950109053	1.606688112867356	61.103847825177006	0.41220219238185646	1.2854006261206519	2.062983022740366	1.7909402960937166	0.0	1.606688112867356
534000	-68.42669348995175	-49.25477196341721	-19.17192152653453	0.0	0	1	1	1	0	1	1.9663314623059271	0.3632173002203835	0.6821997348543878	1.9108444404253162	1.4731774294898061	1.3861723088840858	10.466463386061855	0.0	0.3632173002203835	0.6821997348543878	1.9108444404253162	0.0	1.3861723088840858
535000	-68.88522065416628	-50.29971609378003	-18.58550456038625	0.0	1	1	0	1	1	0	1.7923515414572126	0.5023451186218295	0.8066789714378662	1.7360341246476252	1.0267870668359742	2.6109470348768355	2.929470450053537	1.7923515414572126	0.5023451186218295	0.0	1.7360341246476252	1.0267870668359742	0.0
536000	-64.85115811198348	-49.532361142296146	-15.318796969687334	0.0	0	1	0	1	1	1	0.5876377662702815	0.7733470153831857	1.1832606897163473	1.6586856352977555	0.5487331271410736	0.6263468050126192	2.473251871751107	0.0	0.7733470153831857	0.0	1.6586856352977555	0.5487331271410736	0.6263468050126192
537000	-69.22987236668057	-48.79722873675067	-20.432643629929895	0.0	0	1	1	0	0	1	3.93758969252411	2.108387079412252	3.263724180062583	0.1072206634017637	0.24866084946646397	1.4267305211732373	3.9116958398223747	0.0	2.108387079412252	3.263724180062583	0.0	0.0	1.4267305211732373
538000	-68.36729296027582	-51.522280650753444	-16.845012309522374	0.0	1	1	1	0	1	0	1.8728543524487282	0.7235115927092072	2.606823517615034	0.27725760266999167	0.7656473658056738	0.4700320089770184	2.9841372062915035	1.8728543524487282	0.7235115927092072	2.606823517615034	0.0	0.7656473658056738	0.0
539000	-68.99426299023364	-49.43648781105999	-19.55777517917364	0.0	0	1	1	0	0	1	3.775279970586303	2.090677719364668	1.8356084018494923	0.4382512327911059	0.8574042338428935	1.9434740471312533	1.900295436697405	0.0	2.090677719364668	1.8356084018494923	0.0	0.0	1.9434740471312533
540000	-67.80809025642708	-49.12184315424297	-18.686247102184105	0.0	1	0	0	1	1	0	2.0596738604504963	1.687907141957883	2.2119887562416114	2.0647561272911767	1.4498993360167045	0.11334922202935409	3.0737854945209793	2.0596738604504963	0.0	0.0	2.0647561272911767	1.4498993360167045	0.0
541000	-69.07654039647247	-50.116749535234874	-18.9597908612376	0.0	1	1	1	1	1	1	1.2986236385756593	1.1063802679447963	1.285329189623474	1.1760809392224731	0.48531684006533	0.7779552290010279	1.7804383319288233	1.2986236385756593	1.1063802679447963	1.285329189623474	1.1760809392224731	0.48531684006533	0.7779552290010279
542000	-67.81294747217657	-49.20095490741636	-18.611992564760207	0.0	1	0	0	1	1	0	0.6362610393519502	1.8858574689534668	3.3532225692641164	1.2941014412443643	0.5851095607902472	1.313638572428939	4.791126834624421	0.6362610393519502	0.0	0.0	1.2941014412443643	0.5851095607902472	0.0
543000	-69.90701477570767	-50.03679152003975	-19.87022325566792	0.0	1	1	1	1	1	1	0.19261198485094172	0.8326118696319006	0.09448918712540874	2.0250970225027793	1.4339345912697739	1.637052175843221	4.054107066037547	0.19261198485094172	0.8326118696319006	0.09448918712540874	2.0250970225027793	1.4339345912697739	1.637052175843221
544000	-75.61325131774767	-52.76983035722267	-22.843420960524995	0.0	0	1	1	1	1	1	0.017785107998468573	1.7080691359295466	3.2013120957543193	1.5296617895644011	1.69940376787371	2.5045061497734755	5.365424598595593	0.0	1.7080691359295466	3.2013120957543193	1.5296617895644011	1.69940376787371	2.5045061497734755
545000	-62.173403690672735	-48.78196834505888	-13.391435345613855	0.0	0	1	1	0	0	1	0.26639330110923026	1.2003246882837861	1.3610423502373223	0.4579182319545868	0.4878268284035363	0.9087417104715004	2.0834535720832914	0.0	1.2003246882837861	1.3610423502373223	0.0	0.0	0.9087417104715004
546000	-69.87479769208137	-48.74155557067197	-21.133242121409406	0.0	1	1	1	1	1	1	0.3697037367982893	1.7951527039380772	2.797342851126563	0.4567688085308815	0.7080358032793136	1.4348914560004515	3.73179840440995	0.3697037367982893	1.7951527039380772	2.797342851126563	0.4567688085308815	0.7080358032793136	1.4348914560004515
547000	-66.61249533976678	-51.63832801486719	-14.974167324899597	0.0	0	1	0	0	1	1	0.2541599005487851	0.4611983254323607	4.919610631513855	0.7750135168571134	0.22509043801724418	0.3278827178280338	1.0370697659383874	0.0	0.4611983254323607	0.0	0.0	0.22509043801724418	0.3278827178280338
548000	-62.289085284099805	-50.64807313358029	-11.641012150519515	0.0	0	1	0	0	1	1	0.10164442368338199	0.8218013337318248	0.8517178909362261	0.5010118030385992	0.6233797709434146	0.30031223128909446	1.593933798288095	0.0	0.8218013337318248	0.0	0.0	0.6233797709434146	0.30031223128909446
549000	-67.88248875666773	-50.016453920918515	-17.866034835749215	0.0	1	0	0	1	1	0	0.5653689450066788	0.186190023933362	2.466381162859775	1.3122328607138958	0.7679581372769902	3.6751515310318865	2.5026619551701064	0.5653689450066788	0.0	0.0	1.3122328607138958	0.7679581372769902	0.0
550000	-71.47013950343302	-51.56084580624988	-19.909293697183145	0.0	0	1	1	0	0	1	0.09692520760890001	4.201789982635186	2.6314910853206785	0.4462269279412676	0.671046832929687	2.2531693712183083	5.110784614785814	0.0	4.201789982635186	2.6314910853206785	0.0	0.0	2.2531693712183083
551000	-75.39013644570137	-52.43464032796724	-22.95549611773414	0.0	0	1	1	1	1	1	0.3894003394832631	1.3039173420576204	3.6610171419175224	1.7640015569324823	0.17802425920482767	2.631580633849206	12.411703171753707	0.0	1.3039173420576204	3.6610171419175224	1.7640015569324823	0.17802425920482767	2.631580633849206
552000	-68.2005663283092	-49.73670029866813	-18.46386602964106	0.0	1	1	0	1	1	1	1.820548278118143	0.2459019093058518	0.14506910197788392	2.162304068925256	1.658256915286347	0.3369365012523036	4.916042156916455	1.820548278118143	0.2459019093058518	0.0	2.162304068925256	1.658256915286347	0.3369365012523036
553000	-64.84197214001043	-49.55941107334271	-15.282561066667714	0.0	0	1	0	1	1	1	1.800840932580822	0.4957244921051702	0.38582692469029056	1.423610148378384	0.3760527181725468	0.4639484679365776	3.671140452918397	0.0	0.4957244921051702	0.0	1.423610148378384	0.3760527181725468	0.4639484679365776
554000	-61.186110070872815	-49.11945703085144	-12.06665304002137	0.0	1	1	0	1	1	0	0.23317106440696408	0.284701423489695	0.18990523467840525	0.4034299578334726	0.4614260375384211	0.19550988881156323	3.53443399384481	0.23317106440696408	0.284701423489695	0.0	0.4034299578334726	0.4614260375384211	0.0
555000	-66.56586667133115	-50.17880985284784	-16.387056818483316	0.0	1	0	0	1	1	0	0.9489172382469645	1.4620586865267164	0.9925036912208168	1.0799313991282833	0.442643447404646	2.1579777939731217	3.7688524291008707	0.9489172382469645	0.0	0.0	1.0799313991282833	0.442643447404646	0.0
556000	-64.48916256414188	-50.748575533798665	-13.740587030343207	0.0	0	1	0	0	1	1	1.8631967287122113	1.0536102091632868	0.7450148554153049	0.7499018826481113	0.662910170993125	0.3943226969295509	1.3455055691743973	0.0	1.0536102091632868	0.0	0.0	0.662910170993125	0.3943226969295509
557000	-77.30009117891869	-53.09381318117185	-24.206277997746838	0.0	1	1	1	1	0	1	2.3951171340783146	1.4065645810316063	3.4487647768700413	1.5110511196916625	0.6683239550706149	1.2814080682544116	19.674651726955872	2.3951171340783146	1.4065645810316063	3.4487647768700413	1.5110511196916625	0.0	1.2814080682544116
558000	-67.19861796371956	-50.81785638293189	-16.380761580787656	0.0	1	1	1	0	1	1	0.07519140878982267	1.0052507590444886	0.8501902464628658	1.610160312509136	1.094466939922361	0.6080693938446811	1.891096144207699	0.07519140878982267	1.0052507590444886	0.8501902464628658	0.0	1.094466939922361	0.6080693938446811
559000	-68.2071427005032	-49.56256280945844	-18.64457989104475	0.0	1	1	1	0	0	1	0.28779803054374653	1.478502785771495	1.4756040189269362	0.47563441818119323	3.579951631758183	1.1677029670149721	3.138380756506001	0.28779803054374653	1.478502785771495	1.4756040189269362	0.0	0.0	1.1677029670149721
560000	-68.86544921484733	-49.13225742510026	-19.733191789747075	0.0	1	1	1	1	1	1	1.1363461612341779	0.679364826934268	1.7845030700108275	0.9478212984764354	0.6962240032690985	0.5986278431470177	5.12827574317445	1.1363461612341779	0.679364826934268	1.7845030700108275	0.9478212984764354	0.6962240032690985	0.5986278431470177
561000	-68.00400878814924	-50.892663100627324	-17.111345687521908	0.0	0	1	1	0	0	1	2.8317167768926548	0.25234299558451684	0.6645351944420181	1.4486883443719185	1.5211158336948438	0.3348850066995434	7.991166829408525	0.0	0.25234299558451684	0.6645351944420181	0.0	0.0	0.3348850066995434
562000	-65.68345279736899	-49.630795225145015	-16.052657572223975	0.0	1	1	1	0	0	1	0.2989546343922833	0.315429165635999	0.6843838404756424	3.667311268716943	0.3495224374003939	0.31643337395811455	3.9921528573227754	0.2989546343922833	0.315429165635999	0.6843838404756424	0.0	0.0	0.31643337395811455
563000	-72.59731935285569	-51.47474891241049	-21.122570440445195	0.0	1	1	1	1	1	1	0.8493686003075892	3.07765374638822	1.1710648473799354	1.2576926253878085	1.0044880537779215	0.475545941503292	2.8093093349216165	0.8493686003075892	3.07765374638822	1.1710648473799354	1.2576926253878085	1.0044880537779215	0.475545941503292
564000	-71.26932801282061	-49.89149823893319	-21.377829773887427	0.0	1	1	1	1	1	1	1.45347468208003	2.030273323897388	1.145148814435032	0.8780527870346281	1.8335478083633852	1.1471366291942693	1.8906116998657032	1.45347468208003	2.030273323897388	1.145148814435032	0.8780527870346281	1.8335478083633852	1.1471366291942693
565000	-67.03015634334466	-49.68365478797447	-17.346501555370196	0.0	1	1	0	1	1	0	0.6199192015926189	0.22446420000794595	1.2039189062152453	1.417595175348275	0.6348846839557416	3.105309312830154	3.0186564551838493	0.6199192015926189	0.22446420000794595	0.0	1.417595175348275	0.6348846839557416	0.0
566000	-68.37682073362426	-52.63854061017426	-15.738280123449996	0.0	1	1	0	1	1	1	1.5120505629328747	0.10685767224219109	0.0816480697423283	1.0496045226696344	1.2390397666014668	0.5301599423115797	2.051486630146961	1.5120505629328747	0.10685767224219109	0.0	1.0496045226696344	1.2390397666014668	0.5301599423115797
567000	-61.81341595940219	-49.379340712256834	-12.434075247145358	0.0	1	1	0	1	1	0	0.6362495961428876	0.06036958891875958	0.36104642495538686	0.7378938761118289	0.7180043227123334	0.024180589753291397	2.365860371235772	0.6362495961428876	0.06036958891875958	0.0	0.7378938761118289	0.7180043227123334	0.0
568000	-64.81248795174679	-52.1664092049444	-12.646078746802392	0.0	1	0	0	1	1	0	0.8792890603604564	0.3356294251682076	0.9582559113035268	0.4284945095995636	0.430213940758612	0.35846801493438946	3.5952026585686836	0.8792890603604564	0.0	0.0	0.4284945095995636	0.430213940758612	0.0
569000	-66.39930051424194	-49.93057678161025	-16.468723732631695	0.0	1	1	0	1	1	1	0.537760895097265	0.5730505680972016	0.27599131761056384	1.7402011045770256	0.9557059600827282	1.121377655567999	2.1473427997901764	0.537760895097265	0.5730505680972016	0.0	1.7402011045770256	0.9557059600827282	1.121377655567999
570000	-64.21397684014566	-49.60179022713884	-14.612186613006822	0.0	1	1	0	1	1	1	0.5497759832822388	0.2149896866469333	0.2973164410742913	0.7649070153221524	0.5531596405037774	0.2048138555088878	4.595747527111666	0.5497759832822388	0.2149896866469333	0.0	0.7649070153221524	0.5531596405037774	0.2048138555088878
571000	-71.85491417057793	-52.25807697443876	-19.59683719613917	0.0	0	1	0	1	1	1	0.9800367017438554	3.694478625050024	1.475219749139364	1.149930813308368	1.7547671443682922	0.32730682767409286	3.2522272420479386	0.0	3.694478625050024	0.0	1.149930813308368	1.7547671443682922	0.32730682767409286
572000	-64.14433858411618	-49.3117405560422	-14.832598028073985	0.0	0	1	1	1	0	1	0.02408535548960686	0.8896661826530177	1.2744140615446033	0.2945559286563595	1.5553795429046258	0.581304772769668	3.2460510350286533	0.0	0.8896661826530177	1.2744140615446033	0.2945559286563595	0.0	0.581304772769668
573000	-65.92235320284834	-48.92932092637015	-16.993032276478196	0.0	0	1	1	1	0	1	1.0204766703243304	0.6169869464652232	1.0131838692198694	0.8068596302326436	1.6434723534980564	1.3353258420559035	4.572181269976304	0.0	0.6169869464652232	1.0131838692198694	0.8068596302326436	0.0	1.3353258420559035
574000	-61.70998425063152	-49.380049813841104	-12.329934436790413	0.0	0	1	1	0	0	1	0.6650441298200427	0.5805300762177176	0.6526438557863737	0.03708102370513283	0.2637412223073616	0.491655338666143	5.2688904478630105	0.0	0.5805300762177176	0.6526438557863737	0.0	0.0	0.491655338666143
575000	-65.96965942723169	-50.246733570769564	-15.722925856462131	0.0	1	1	1	1	0	1	0.4025588923107229	0.6135698632164661	0.9947502026107686	0.0014269614456938141	0.7582676340467388	0.530723080375359	6.805421481916151	0.4025588923107229	0.6135698632164661	0.9947502026107686	0.0014269614456938141	0.0	0.530723080375359
576000	-67.80684166430527	-49.89304033330672	-17.91380133099855	0.0	0	1	1	0	0	1	0.2729328786786386	1.1445534264347514	2.997092204474202	0.8992443086530224	2.5345159607505434	0.8713197403840321	3.3809883260607396	0.0	1.1445534264347514	2.997092204474202	0.0	0.0	0.8713197403840321
577000	-73.71050776937176	-51.15059988138767	-22.559907887984092	0.0	1	0	0	1	1	0	2.1396184176124495	0.3444387463427228	1.1493933140407433	3.6666546703671328	1.060403895948111	5.447386439498469	2.174508751705751	2.1396184176124495	0.0	0.0	3.6666546703671328	1.060403895948111	0.0
578000	-69.57391907861009	-51.27485021543865	-18.29906886317145	0.0	1	0	1	1	1	1	0.6618654447099708	1.1244913706700899	0.48240155184584926	1.4885604384197981	0.22092844756447247	1.315309741934531	12.144090476780823	0.6618654447099708	0.0	0.48240155184584926	1.4885604384197981	0.22092844756447247	1.315309741934531
579000	-66.78742266697651	-48.885721753385454	-17.901700913591057	0.0	1	1	0	1	1	0	1.4151642667302644	0.12204160138771065	2.2598844955511304	1.6212181511681494	1.1538847710973703	1.1573795241618052	3.1157330515052606	1.4151642667302644	0.12204160138771065	0.0	1.6212181511681494	1.1538847710973703	0.0
580000	-67.9662260453287	-51.044199413192686	-16.922026632136006	0.0	1	0	1	1	1	1	0.9533585045076841	0.24268865756322092	0.36334132920657614	2.4837702249943097	0.7346208782872948	1.0463022539382743	1.8179374686867205	0.9533585045076841	0.0	0.36334132920657614	2.4837702249943097	0.7346208782872948	1.0463022539382743
581000	-68.9322771017331	-51.17974336205286	-17.752533739680242	0.0	1	1	1	0	1	0	1.3928905167518089	1.7920159396026445	1.1413134175092416	0.15679339770102724	1.1685020107633857	1.3567919035704106	5.510955145512332	1.3928905167518089	1.7920159396026445	1.1413134175092416	0.0	1.1685020107633857	0.0
582000	-66.41485426113186	-49.68933802040201	-16.725516240729846	0.0	1	0	1	1	1	1	0.8233161713595246	0.3821194026227921	1.2827804548659647	0.8353117112493298	0.10747268777976253	0.36577303987653814	11.255826248447729	0.8233161713595246	0.0	1.2827804548659647	0.8353117112493298	0.10747268777976253	0.36577303987653814
583000	-67.34209437227909	-49.609631614644044	-17.732462757635044	0.0	1	0	1	1	1	0	2.246241398624654	0.5530785588769407	0.5198472690569609	2.454711772453802	1.0162300295830782	0.6655429026112138	3.4587546604655444	2.246241398624654	0.0	0.5198472690569609	2.454711772453802	1.0162300295830782	0.0
584000	-65.08734054376909	-49.01770882786651	-16.06963171590258	0.0	0	1	1	1	1	1	0.9519960868723079	1.340429380605227	0.4950304238484826	0.14419021353399042	0.9586683284816123	0.4409193923164629	3.445838495435098	0.0	1.340429380605227	0.4950304238484826	0.14419021353399042	0.9586683284816123	0.4409193923164629
585000	-71.22417441335057	-54.159052613880746	-17.065121799469825	0.0	0	1	0	1	1	1	0.1868139519283396	0.7133592897500923	0.3240332908890407	1.8344252690423288	3.0765267905562568	1.1977329072851681	2.008192295384078	0.0	0.7133592897500923	0.0	1.8344252690423288	3.0765267905562568	1.1977329072851681
586000	-65.68992762925345	-48.910838181435494	-16.779089447817945	0.0	0	1	1	0	1	1	1.6610517911935618	1.6963430954302279	1.1792119038837512	0.4997928239386366	0.5000821432869189	0.985027483664936	3.3930340329572446	0.0	1.6963430954302279	1.1792119038837512	0.0	0.5000821432869189	0.985027483664936
587000	-68.09892090437836	-49.47225116741807	-18.62666973696028	0.0	1	1	1	1	1	1	0.5116857620591252	1.1714398369705221	0.18729025316798775	0.9823111946552173	1.602805597003988	0.4136559408960701	4.492679667724692	0.5116857620591252	1.1714398369705221	0.18729025316798775	0.9823111946552173	1.602805597003988	0.4136559408960701
588000	-66.37920869166294	-48.89878156485661	-17.48042712680633	0.0	1	1	1	1	1	1	0.5997423642360511	1.1990368921379082	0.7725860199778563	0.6323998004638152	0.7080377964872918	0.5940916798859982	2.0568081319180958	0.5997423642360511	1.1990368921379082	0.7725860199778563	0.6323998004638152	0.7080377964872918	0.5940916798859982
589000	-69.64837935049772	-51.703994287373646	-17.944385063124066	0.0	1	0	1	1	0	1	0.33793778461322477	0.27469589183420595	0.7887401966537335	2.7185830048753057	0.42624164741686765	0.7679704287401571	35.331161344450855	0.33793778461322477	0.0	0.7887401966537335	2.7185830048753057	0.0	0.7679704287401571
590000	-69.17614632326836	-52.35295687821073	-16.823189445057622	0.0	0	1	0	1	1	1	0.991115301380181	0.37828086250383364	0.16669925272239394	0.41422635011211334	0.33296973507149014	0.2408130813652011	164.93777398202877	0.0	0.37828086250383364	0.0	0.41422635011211334	0.33296973507149014	0.2408130813652011
591000	-73.03505422235668	-52.84709608007859	-20.187958142278084	0.0	0	1	0	1	1	1	0.4869832106442147	1.052857038154946	0.16178160393981916	1.5723976957008896	1.0606819639817016	0.7067434346241276	327.4092149249502	0.0	1.052857038154946	0.0	1.5723976957008896	1.0606819639817016	0.7067434346241276
592000	-69.06417659259242	-51.736305859020725	-17.327870733571693	0.0	1	0	1	1	1	1	0.15646770860096312	2.880760624950822	0.3547339741835716	1.3746969530766617	0.15195611622865252	0.6304535558802454	3.5875509039859557	0.15646770860096312	0.0	0.3547339741835716	1.3746969530766617	0.15195611622865252	0.6304535558802454
593000	-66.93230890261003	-50.441069431208014	-16.491239471402018	0.0	1	1	1	1	1	0	0.5350826072696092	0.5155883535792019	0.36842369070378694	0.4104019052801803	0.7356921425637687	2.98240496431087	1.558165553504166	0.5350826072696092	0.5155883535792019	0.36842369070378694	0.4104019052801803	0.7356921425637687	0.0
594000	-63.21281319303335	-49.61669113391298	-13.596122059120368	0.0	0	1	0	1	1	1	0.2445900543298295	0.5703103617002947	0.2005682250807823	0.7683885586197184	0.7465301571078141	0.5522365504632011	4.379398053526584	0.0	0.5703103617002947	0.0	0.7683885586197184	0.7465301571078141	0.5522365504632011
595000	-62.34542967303692	-48.752356778254835	-13.59307289478208	0.0	0	1	1	0	0	1	1.1060733310762383	0.6095471502964734	0.6470840543849309	1.438901199146793	0.19241888146702826	0.5737865702012621	2.8566305473882987	0.0	0.6095471502964734	0.6470840543849309	0.0	0.0	0.5737865702012621
596000	-69.30029047710906	-49.85420164314206	-19.446088833967003	0.0	1	0	1	1	0	1	1.0973308401731998	1.2201508726565313	2.4151426090510864	1.7164023243887996	1.2399242648369826	0.9083435813597408	6.1153707405069815	1.0973308401731998	0.0	2.4151426090510864	1.7164023243887996	0.0	0.9083435813597408
597000	-66.11930592415172	-49.23547146062891	-16.883834463522803	0.0	0	1	1	0	0	1	2.9170858248006537	1.5363609684109474	1.260156824250095	0.7550036244429201	0.5810452003412012	1.1048565190198105	2.1257866817772673	0.0	1.5363609684109474	1.260156824250095	0.0	0.0	1.1048565190198105
598000	-67.40400664775196	-51.00889393980272	-16.395112707949238	0.0	0	1	0	1	1	1	1.2999536202462956	0.21202933072906804	0.9559666049101447	1.4535076844557047	0.34542487467654587	0.8722853699755451	9.164266883040193	0.0	0.21202933072906804	0.0	1.4535076844557047	0.34542487467654587	0.8722853699755451
599000	-63.293684499494915	-49.93363483648727	-13.36004966300764	0.0	0	1	1	0	1	1	0.18378090114159087	0.898959513262642	0.5878671809105639	0.41401046829535926	0.21334332700403244	0.36098788616444866	5.279336722919269	0.0	0.898959513262642	0.5878671809105639	0.0	0.21334332700403244	0.36098788616444866
600000	-71.56060530082783	-49.321408295149446	-22.239197005678392	0.0	1	1	1	1	1	1	0.12207045495782878	2.2247752127907687	1.3175530760982046	1.9674240155067253	0.7933653871648304	2.953866783781298	1.8346847586800321	0.12207045495782878	2.2247752127907687	1.3175530760982046	1.9674240155067253	0.7933653871648304	2.953866783781298
601000	-70.37598342752156	-50.61689751110062	-19.75908591642094	0.0	1	1	1	1	1	1	0.860156781959712	1.2268282227068459	0.021392403998878744	2.993284905342477	1.347036210877872	0.5216468549426301	1.7083468110621498	0.860156781959712	1.2268282227068459	0.021392403998878744	2.993284905342477	1.347036210877872	0.5216468549426301
602000	-64.26272435336718	-50.202233517622915	-14.060490835744265	0.0	1	1	0	1	1	0	0.6108099479147558	0.24376317843289053	0.18666746042646068	0.7653825822748628	0.631277690765953	0.6130398654454836	7.175417678417028	0.6108099479147558	0.24376317843289053	0.0	0.7653825822748628	0.631277690765953	0.0
603000	-67.03511899637336	-49.297346738387404	-17.737772257985952	0.0	1	1	0	1	1	0	0.9808598242922688	0.624339538554521	0.9666100170375889	1.2649473729889498	0.973823669798904	2.832063838395179	2.8852685067791026	0.9808598242922688	0.624339538554521	0.0	1.2649473729889498	0.973823669798904	0.0
604000	-66.93360824097516	-49.10298010311703	-17.830628137858128	0.0	1	0	0	1	1	0	0.4961870161993906	1.7028093506081945	0.2593903992336361	0.9782535878906576	0.5190227755851582	4.4130879545282635	4.415560183478417	0.4961870161993906	0.0	0.0	0.9782535878906576	0.5190227755851582	0.0
605000	-64.3408780938264	-49.12757091550456	-15.213307178321843	0.0	0	1	1	1	0	1	2.2021399809698026	0.26158834510319906	0.42978413221524536	0.46340408872459227	0.31945299632539914	0.45031597399684553	7.7464760918250075	0.0	0.26158834510319906	0.42978413221524536	0.46340408872459227	0.0	0.45031597399684553
606000	-67.38001907322926	-49.423948397974975	-17.95607067525429	0.0	0	1	1	1	0	1	0.46541470546302816	0.4720308922854096	1.0181837023095497	2.5673854960938254	0.8991138768479177	1.8192194745795578	5.351431416091252	0.0	0.4720308922854096	1.0181837023095497	2.5673854960938254	0.0	1.8192194745795578
607000	-63.41572663997138	-50.56574371138033	-12.84998292859105	0.0	0	1	1	0	0	1	0.25476641466264743	0.1993784905037915	0.4401034464991413	0.43110748737011195	1.853776238140657	0.3673961635415862	3.770469379424773	0.0	0.1993784905037915	0.4401034464991413	0.0	0.0	0.3673961635415862
608000	-67.91446557228986	-49.54457021432029	-18.36989535796956	0.0	1	1	1	0	0	1	0.9257685263371508	0.6487308624276005	2.2178833029967238	1.7251770929852728	1.0571458844672856	0.5099057800552376	9.43483884521209	0.9257685263371508	0.6487308624276005	2.2178833029967238	0.0	0.0	0.5099057800552376
609000	-63.78293403229467	-49.11946212937068	-14.663471902923987	0.0	0	1	0	1	1	1	0.38218108058625355	0.6660271197526848	1.9083265078655542	0.5933261318102058	0.5450269283296548	0.24921741599597855	3.6087337929575045	0.0	0.6660271197526848	0.0	0.5933261318102058	0.5450269283296548	0.24921741599597855
610000	-70.51616243668471	-57.9122093518044	-12.603953084880313	0.0	1	1	1	0	0	1	0.09190788596228004	1.3423447017936625	1.1387242807802396	0.4821581089106419	0.23124564491570732	0.7171539415581958	0.6476868894938815	0.09190788596228004	1.3423447017936625	1.1387242807802396	0.0	0.0	0.7171539415581958
611000	-69.12171258058981	-51.29248533916507	-17.829227241424753	0.0	1	1	1	1	1	0	1.2770241182141313	1.1089226796946223	0.627671302500479	0.5409471831633303	0.706569852468351	2.2886102977222973	2.1794215473598353	1.2770241182141313	1.1089226796946223	0.627671302500479	0.5409471831633303	0.706569852468351	0.0
612000	-66.3017618181375	-49.20702512726466	-17.094736690872853	0.0	1	0	0	1	1	0	0.8433353243851859	0.26387376003907204	1.6388517681148955	0.9850438181925012	0.5921832064482142	3.910765127701096	2.4237921230705313	0.8433353243851859	0.0	0.0	0.9850438181925012	0.5921832064482142	0.0
613000	-67.46606284618372	-49.904907503529124	-17.561155342654594	0.0	1	0	0	1	1	0	0.39767257298299413	1.9654357752052682	3.4157452654740115	0.5420640630757697	0.26075498363394267	1.1471351610446165	6.385337000039775	0.39767257298299413	0.0	0.0	0.5420640630757697	0.26075498363394267	0.0
614000	-64.44650414828797	-49.994106709264926	-14.452397439023041	0.0	1	1	0	1	1	0	0.40111206259726445	0.29607011415452783	0.08836269439677596	0.9538111558362469	0.5239550935269677	1.743526149396225	4.0926485678493725	0.40111206259726445	0.29607011415452783	0.0	0.9538111558362469	0.5239550935269677	0.0
615000	-68.60075070239469	-50.077715786090316	-18.523034916304375	0.0	1	0	0	1	1	1	2.0172088063989415	0.6495264837967818	0.10096992743697955	2.8129670080375084	1.7175085668577448	0.16227204012973093	7.563676516650696	2.0172088063989415	0.0	0.0	2.8129670080375084	1.7175085668577448	0.16227204012973093
616000	-62.743907426302215	-49.500741760055575	-13.24316566624664	0.0	1	0	0	1	1	0	0.7560260745559166	0.6668195479571907	0.6499246483463235	0.7413532009210443	0.6513914451022483	0.9575006082396325	2.327641294339571	0.7560260745559166	0.0	0.0	0.7413532009210443	0.6513914451022483	0.0
617000	-64.96509905119862	-49.69711827244	-15.267980778758613	0.0	1	0	1	1	1	0	1.1029855112539024	0.005335284689511395	0.06849216025718591	1.9866989394670362	0.7078803674778875	0.7508287745453333	4.9962508302970985	1.1029855112539024	0.0	0.06849216025718591	1.9866989394670362	0.7078803674778875	0.0
618000	-63.30626705224893	-49.38921228853232	-13.917054763716608	0.0	1	0	0	1	1	0	0.7598979567465788	0.28405731006849627	1.2683029515149487	1.5888357519252851	0.5687303351965688	0.11211473048620646	3.8914084830870785	0.7598979567465788	0.0	0.0	1.5888357519252851	0.5687303351965688	0.0
619000	-68.7152098448912	-50.42802077370943	-18.28718907118178	0.0	1	1	0	1	1	0	1.0275489748547595	1.5481727325199892	1.8041861962913177	0.7581648351224807	2.1654150273440442	0.8568024022442141	2.9782254131926047	1.0275489748547595	1.5481727325199892	0.0	0.7581648351224807	2.1654150273440442	0.0
620000	-71.18906760967741	-50.61570249772628	-20.573365111951126	0.0	1	1	1	1	1	1	0.9666280091865636	0.34050034894419934	2.119619646952578	2.2695334041466757	0.7937445532496179	0.901157995577511	2.530804651787393	0.9666280091865636	0.34050034894419934	2.119619646952578	2.2695334041466757	0.7937445532496179	0.901157995577511
621000	-67.82236051921473	-49.98011006002601	-17.842250459188726	0.0	0	1	1	0	0	1	0.15376369390463587	1.0442235492722813	1.3715670831597209	3.4410487923717077	0.8812639659210217	0.9789188113621018	7.3324703984573105	0.0	1.0442235492722813	1.3715670831597209	0.0	0.0	0.9789188113621018
622000	-75.3976443907199	-51.5455347871006	-23.852109603619304	0.0	1	1	1	1	1	1	0.0202972744889727	3.884094686340719	0.3622943794306403	0.28698400124513346	3.5250232554259533	0.2873336009801218	24.838981365903226	0.0202972744889727	3.884094686340719	0.3622943794306403	0.28698400124513346	3.5250232554259533	0.2873336009801218
623000	-72.04000763877505	-51.66375296322486	-20.376254675550186	0.0	1	0	1	1	0	1	0.45399190493193003	0.7552459077300029	0.7942067913243067	2.342720811624484	1.7008662908250969	1.5145117018252245	42.20604288040516	0.45399190493193003	0.0	0.7942067913243067	2.342720811624484	0.0	1.5145117018252245
624000	-62.916807424560346	-48.78841208722258	-14.12839533733776	0.0	0	1	1	0	0	1	0.6118496937777971	0.9739653864927863	1.7760586335020254	0.4792628196360233	0.07444623631738698	1.2076344878270007	2.799933932084891	0.0	0.9739653864927863	1.7760586335020254	0.0	0.0	1.2076344878270007
625000	-67.59021269722271	-48.88486184707041	-18.705350850152307	0.0	0	1	1	0	0	1	2.4251542960198296	1.4779173291980987	2.3915876745085107	1.1386196648728775	0.17064976693122727	1.7749742651792146	3.8579198577783353	0.0	1.4779173291980987	2.3915876745085107	0.0	0.0	1.7749742651792146
626000	-68.36578356608373	-53.403373074488485	-14.962410491595243	0.0	1	0	1	1	1	0	1.303770406622502	0.8874773603807369	0.5646873803215884	0.6484628039189676	1.5012852513048485	0.47239812804003156	1.7323206425138549	1.303770406622502	0.0	0.5646873803215884	0.6484628039189676	1.5012852513048485	0.0
627000	-64.17524071271086	-50.04910788050076	-14.126132832210102	0.0	1	1	0	1	1	0	0.2590870243207929	0.2474304382283485	1.7845855631306422	0.24124538735066844	0.32462537972315914	1.5317542197175114	2.0186000833053996	0.2590870243207929	0.2474304382283485	0.0	0.24124538735066844	0.32462537972315914	0.0
628000	-64.37726196215561	-49.632096701020416	-14.7451652611352	0.0	1	1	0	1	1	1	0.17371155435564983	0.5036933427938556	0.36015995659698985	0.7675360031562506	0.6939256496330692	0.6380000309440519	3.025868337936285	0.17371155435564983	0.5036933427938556	0.0	0.7675360031562506	0.6939256496330692	0.6380000309440519
629000	-70.02928748776243	-50.486352795760574	-19.54293469200186	0.0	1	0	1	1	0	1	0.39534736679103805	0.108329511806188	0.8745770022718032	3.3864629761279663	0.9948833946303328	1.3297954383725952	29.76933292168201	0.39534736679103805	0.0	0.8745770022718032	3.3864629761279663	0.0	1.3297954383725952
630000	-64.97962410644942	-50.99014030456211	-13.989483801887303	0.0	0	1	0	0	1	1	1.2554633699252473	0.489827518290312	1.5288118822988512	1.6605907825388873	0.33443099501642126	0.26050031876465807	1.624025424456533	0.0	0.489827518290312	0.0	0.0	0.33443099501642126	0.26050031876465807
631000	-65.8364535972037	-49.23118903956065	-16.605264557643054	0.0	0	1	1	0	1	1	3.4709983933611572	0.9263577199686196	0.7129855794265817	0.08091772357589565	0.6460510020660982	0.543445882301943	3.2829082711180293	0.0	0.9263577199686196	0.7129855794265817	0.0	0.6460510020660982	0.543445882301943
632000	-66.49676959365458	-51.4621692424244	-15.034600351230177	0.0	1	1	0	1	1	0	0.31136115055536645	0.7499255904039641	0.8716070245647932	1.016025685334395	1.0242323404021034	0.31091698032822757	5.545654008009077	0.31136115055536645	0.7499255904039641	0.0	1.016025685334395	1.0242323404021034	0.0
633000	-66.41852733780502	-48.45198256810318	-17.96654476970184	0.0	0	1	1	0	0	1	0.01489570060186829	0.4283167132418038	0.6773362075275442	2.567053079139964	4.641463330849184	0.3545487403450713	3.694080702923562	0.0	0.4283167132418038	0.6773362075275442	0.0	0.0	0.3545487403450713
634000	-63.56036632429864	-50.62673509174534	-12.933631232553306	0.0	0	1	1	0	1	1	0.034295008408350064	0.6298673972782036	0.23847503849374857	1.0157773744849314	0.31231634676262904	0.31575786221605573	3.8610829027614457	0.0	0.6298673972782036	0.23847503849374857	0.0	0.31231634676262904	0.31575786221605573
635000	-63.73442288702347	-50.26305004678478	-13.471372840238692	0.0	0	1	1	0	0	1	0.35145890141843267	1.3824811002711217	1.0090691577449917	0.06927546124333435	0.27542743202462006	1.1422734356973003	3.5441437174575445	0.0	1.3824811002711217	1.0090691577449917	0.0	0.0	1.1422734356973003
636000	-69.4884642389031	-49.40786538666316	-20.08059885223995	0.0	1	1	1	1	1	1	0.7109095081916295	1.4826954895696713	2.6347791536437364	0.1847691419820147	0.8278895315236408	1.20940435945788	2.174312402477572	0.7109095081916295	1.4826954895696713	2.6347791536437364	0.1847691419820147	0.8278895315236408	1.20940435945788
637000	-63.254808568635546	-49.79987868131383	-13.45492988732172	0.0	0	1	0	1	1	1	0.2879578644427035	0.49711146736336304	1.5447385915910092	0.5269822820266632	0.2325489794064402	0.20548157144287696	3.078586718834043	0.0	0.49711146736336304	0.0	0.5269822820266632	0.2325489794064402	0.20548157144287696
638000	-70.86449284519745	-49.21404381687125	-21.6504490283262	0.0	1	0	0	1	1	0	1.8625506134225556	1.120461299022604	2.0858627631184663	2.512842577472342	2.1076172589397135	2.7215110425153513	3.5378430289362672	1.8625506134225556	0.0	0.0	2.512842577472342	2.1076172589397135	0.0
639000	-62.80495036816555	-48.946866200046074	-13.858084168119479	0.0	0	1	1	0	0	1	0.20695247015276586	1.207237214059801	1.1148710005916753	1.3900557145989998	0.25535921182434695	0.9283390289047818	2.181594581937424	0.0	1.207237214059801	1.1148710005916753	0.0	0.0	0.9283390289047818
640000	-60.881336405646444	-48.74289734725397	-12.13843905839247	0.0	0	1	1	0	0	1	0.5928410665412068	0.23110505347567062	0.43682719188006985	1.4421320567496323	0.05672507421637292	0.181224269258022	3.3926163584420506	0.0	0.23110505347567062	0.43682719188006985	0.0	0.0	0.181224269258022
641000	-72.3618109481651	-52.82500861128823	-19.536802336876875	0.0	1	0	1	1	1	1	0.5442511653404198	0.4802698092387384	0.5982469006287615	1.3323056011276493	0.08025293547960073	0.4543936091904849	209.35812250328772	0.5442511653404198	0.0	0.5982469006287615	1.3323056011276493	0.08025293547960073	0.4543936091904849
642000	-62.99936879590804	-50.29683983612946	-12.70252895977858	0.0	0	1	1	0	0	1	1.02619480455659	0.33667755043388303	0.4245148179310614	0.40911742399904155	0.6386655420091338	0.4932533665227601	4.045663295154567	0.0	0.33667755043388303	0.4245148179310614	0.0	0.0	0.4932533665227601
643000	-66.09985666571217	-48.599785756523914	-17.500070909188253	0.0	0	1	0	1	1	1	0.01071282602608532	1.6497808749918068	0.9164992632151975	1.9350697842207312	1.5240271503940421	1.2458492085938497	3.2620887136669015	0.0	1.6497808749918068	0.0	1.9350697842207312	1.5240271503940421	1.2458492085938497
644000	-63.404430470886595	-51.35413367116116	-12.050296799725434	0.0	0	1	1	0	0	1	0.3341491410960063	0.39280882374070836	0.5063104576245311	0.5840581649077784	0.204733331589512	0.7074868645368887	3.8360626140787004	0.0	0.39280882374070836	0.5063104576245311	0.0	0.0	0.7074868645368887
645000	-63.472006363692	-48.865201261355786	-14.606805102336214	0.0	0	1	1	0	0	1	0.16111589544662622	1.0350005547345853	1.7025751259783493	0.5270835557942984	0.9175208431586969	1.3224276044484131	2.626386179290824	0.0	1.0350005547345853	1.7025751259783493	0.0	0.0	1.3224276044484131
646000	-67.34312828989684	-51.02296860309301	-16.32015968680382	0.0	1	1	0	1	1	1	0.372378146025397	0.4093754866999761	2.351311613606567	0.7072617847614557	1.2623397472515432	0.0248900695206244	1.99825621624329	0.372378146025397	0.4093754866999761	0.0	0.7072617847614557	1.2623397472515432	0.0248900695206244
647000	-69.00023265309514	-50.45093733754414	-18.549295315551	0.0	1	0	1	1	1	0	2.4716241957411476	0.2249581927564497	0.5072185868707693	3.4915292478338285	1.3169137458606575	0.8032291655212034	2.0113884142771643	2.4716241957411476	0.0	0.5072185868707693	3.4915292478338285	1.3169137458606575	0.0
648000	-69.5346176090313	-51.41181227948252	-18.122805329548783	0.0	1	1	1	1	0	1	0.05235848345872725	0.667723348082678	1.3737273638826537	0.9157644063149357	1.5029205417196057	0.6506671351075143	11.605373187955657	0.05235848345872725	0.667723348082678	1.3737273638826537	0.9157644063149357	0.0	0.6506671351075143
649000	-72.0670892501123	-50.51130691890194	-21.555782331210366	0.0	1	0	1	1	1	1	1.0883773355884814	3.5768841197798675	1.1922402550008038	1.754733477179633	0.5916633711420629	1.0784527441706937	5.872654412658562	1.0883773355884814	0.0	1.1922402550008038	1.754733477179633	0.5916633711420629	1.0784527441706937
650000	-66.63520462195999	-49.8458119474832	-16.789392674476787	0.0	1	1	0	1	1	1	0.0744042564714278	0.5066982204969579	2.3752109034237736	0.8707353794186087	0.2973311113946904	0.47295746553711204	5.415726139768465	0.0744042564714278	0.5066982204969579	0.0	0.8707353794186087	0.2973311113946904	0.47295746553711204
651000	-77.66150158486286	-53.573652915633275	-24.087848669229587	0.0	1	0	1	1	1	0	0.8236313829612805	2.8946276063072043	0.4104015355698903	1.8844187445465888	0.6557591462165322	1.1117786855332545	712.015544164738	0.8236313829612805	0.0	0.4104015355698903	1.8844187445465888	0.6557591462165322	0.0
652000	-70.57471202478214	-49.802903504068716	-20.77180852071342	0.0	0	1	1	1	1	1	3.5282503812349746	1.5980463550311061	0.0681220445724644	0.9135547647020561	1.748078359421852	0.7731558453596483	5.155496299571656	0.0	1.5980463550311061	0.0681220445724644	0.9135547647020561	1.748078359421852	0.7731558453596483
653000	-69.38822028092471	-49.55468255537278	-19.833537725551935	0.0	1	1	0	1	1	0	1.5040503353947443	1.9377951479046174	0.06973906031805854	1.6427361499525244	2.531025320094918	1.6254597198661618	4.419885714637046	1.5040503353947443	1.9377951479046174	0.0	1.6427361499525244	2.531025320094918	0.0
654000	-69.4925527625129	-50.84193000744223	-18.65062275507067	0.0	1	1	0	1	1	0	0.6144265817239323	1.6400189843480732	1.7195203525077303	0.9113767041444907	1.3932049191122056	1.2703700478160094	7.863404067419087	0.6144265817239323	1.6400189843480732	0.0	0.9113767041444907	1.3932049191122056	0.0
655000	-65.46851503492772	-49.66402899790183	-15.804486037025889	0.0	1	1	0	1	1	1	0.003188816074857522	0.5812465650896826	2.733329570590372	0.6181357111752163	0.40042738192772737	0.2524904383124203	2.0448329267551286	0.003188816074857522	0.5812465650896826	0.0	0.6181357111752163	0.40042738192772737	0.2524904383124203
656000	-68.7084771931548	-48.52103049497053	-20.18744669818428	0.0	1	1	1	1	0	1	0.2973517234280906	1.196120858456369	2.5580842450127714	1.524560884033427	0.6711760145346076	2.062621272269264	3.958744516062179	0.2973517234280906	1.196120858456369	2.5580842450127714	1.524560884033427	0.0	2.062621272269264
657000	-65.06250062191836	-52.87325524291148	-12.18924537900688	0.0	0	1	1	0	0	1	0.30675347829964733	0.5982044504913125	0.3237316738605927	0.3569232900789745	0.5965351430605675	0.41198920165014574	5.042347489474679	0.0	0.5982044504913125	0.3237316738605927	0.0	0.0	0.41198920165014574
658000	-71.37780722123651	-49.56827541139072	-21.80953180984578	0.0	1	1	1	1	0	1	0.09968425840904971	0.2353486656016968	0.39485750219775106	2.104166088005169	4.933630890193025	1.1271848730687128	11.099993625197605	0.09968425840904971	0.2353486656016968	0.39485750219775106	2.104166088005169	0.0	1.1271848730687128
659000	-73.37714245428687	-59.55394078567076	-13.823201668616111	0.0	0	0	0	0	1	1	2.0307740319158922	1.6232267363271036	0.2908523269636558	0.4343505148407797	1.9400692766010854	0.5983350878294474	0.49525084447430556	0.0	0.0	0.0	0.0	1.9400692766010854	0.5983350878294474
660000	-62.86057354646236	-50.08707213406884	-12.773501412393525	0.0	0	1	1	1	0	1	0.6991574300490893	0.2899636078797533	0.5983731704943271	0.18572935753707254	0.3812360382138072	0.6685265623030457	2.4973963208503425	0.0	0.2899636078797533	0.5983731704943271	0.18572935753707254	0.0	0.6685265623030457
661000	-64.78064527784302	-49.85326876345267	-14.927376514390351	0.0	0	1	1	1	1	1	0.6697793464059025	0.6945195717779689	0.6871353534794954	0.07422840117616283	0.3820943361249589	0.3038519080285122	5.019545751298776	0.0	0.6945195717779689	0.6871353534794954	0.07422840117616283	0.3820943361249589	0.3038519080285122
662000	-64.92640076623364	-48.9999329067278	-15.926467859505845	0.0	0	1	1	1	0	1	1.3343377546107649	0.4404391532371444	0.4129391831811561	0.881233170026743	1.3435247680107967	0.9314674734251082	4.691237631737706	0.0	0.4404391532371444	0.4129391831811561	0.881233170026743	0.0	0.9314674734251082
663000	-72.23625576024375	-51.829040562306034	-20.40721519793771	0.0	1	0	0	1	1	1	1.5828374736321351	1.1074571337474701	3.278604053963492	1.629936482049118	1.1146559372244664	0.04489077080175278	13.52084212387754	1.5828374736321351	0.0	0.0	1.629936482049118	1.1146559372244664	0.04489077080175278
664000	-63.07918119052559	-48.90270008305655	-14.17648110746904	0.0	1	0	0	1	1	0	0.974455778964532	0.9798674667720123	0.649078410992663	1.2428383680833175	0.9022714404013378	0.4090352688150076	2.838645876008108	0.974455778964532	0.0	0.0	1.2428383680833175	0.9022714404013378	0.0
665000	-65.327833068579	-49.59267578427116	-15.735157284307842	0.0	0	1	1	1	0	1	0.38749484408911	0.5549362619571876	1.3240591490072455	1.6460677088543991	0.0885918684925079	1.554729651481567	3.1380418062154276	0.0	0.5549362619571876	1.3240591490072455	1.6460677088543991	0.0	1.554729651481567
666000	-69.82746755403727	-49.676809664628834	-20.15065788940844	0.0	0	1	0	1	1	1	0.13323662964366323	0.6817827246115093	0.40631842168331156	3.974722799888931	0.6866979363725972	2.6135172331197407	13.595139459230413	0.0	0.6817827246115093	0.0	3.974722799888931	0.6866979363725972	2.6135172331197407
667000	-71.46817527424514	-51.1430289158462	-20.32514635839894	0.0	0	1	1	0	1	1	1.1462434074754575	2.9580875750355426	0.6003616176358777	2.9149208394717747	1.3895128774827803	0.5607660455700628	5.571785421542684	0.0	2.9580875750355426	0.6003616176358777	0.0	1.3895128774827803	0.5607660455700628
668000	-64.658780625415	-49.56509738314609	-15.093683242268924	0.0	1	0	0	1	1	0	0.5163840696806591	2.8860864444114176	0.22082542680481115	0.8842311547019506	0.6776897782077584	0.47725209165148114	4.282659824110737	0.5163840696806591	0.0	0.0	0.8842311547019506	0.6776897782077584	0.0
669000	-62.86671449767782	-49.952410482243955	-12.914304015433867	0.0	1	0	0	1	1	0	0.7297322379270716	0.5939514998489874	0.15285732526560766	1.5434522257139651	1.0023034674160947	0.04788451333265655	2.384037748807121	0.7297322379270716	0.0	0.0	1.5434522257139651	1.0023034674160947	0.0
670000	-68.59964548397315	-52.927539952948045	-15.672105531025105	0.0	0	1	0	1	1	1	0.34396513042562266	0.3004773106131392	0.187646363141187	2.6870162301770097	1.7293805721913071	1.35597754706483	1.0335065600096895	0.0	0.3004773106131392	0.0	2.6870162301770097	1.7293805721913071	1.35597754706483
671000	-62.95229684517035	-48.98794060396899	-13.964356241201365	0.0	1	1	1	1	1	0	0.5360116816902409	0.07997444098942111	0.36592918295252624	0.5047518248072176	0.40942632550422303	0.35975103056053187	3.3446181773722743	0.5360116816902409	0.07997444098942111	0.36592918295252624	0.5047518248072176	0.40942632550422303	0.0
672000	-65.67419276312415	-50.70362403874477	-14.970568724379387	0.0	1	0	1	1	0	1	0.48419304023960164	0.0031664097429189592	0.3780099286795561	1.1698535471043803	0.5522998349710291	1.0267983531872806	10.122448053556319	0.48419304023960164	0.0	0.3780099286795561	1.1698535471043803	0.0	1.0267983531872806
673000	-72.36969401914799	-51.71211383836228	-20.657580180785708	0.0	1	0	1	1	1	1	2.0400685035062365	0.006466371236787698	1.3569781645956853	2.1767999377351606	0.5060449473794363	1.2149874103448428	17.165309838752066	2.0400685035062365	0.0	1.3569781645956853	2.1767999377351606	0.5060449473794363	1.2149874103448428
674000	-64.45550618548714	-49.5134907859667	-14.942015399520436	0.0	1	0	1	1	0	1	0.3973536054079506	0.04160109659909924	0.6280856896363393	1.5564279129021497	0.6892612307143978	0.7085602045940255	6.568954445342744	0.3973536054079506	0.0	0.6280856896363393	1.5564279129021497	0.0	0.7085602045940255
675000	-62.89154301206648	-48.858625031006035	-14.032917981060447	0.0	0	1	1	0	0	1	1.004646707988199	1.1872666190557943	1.1156624228596335	0.6110217824609205	0.3598421596777028	0.8142760540767106	2.6240815887223787	0.0	1.1872666190557943	1.1156624228596335	0.0	0.0	0.8142760540767106
676000	-70.90817468638744	-51.56898321727329	-19.339191469114155	0.0	1	1	0	1	1	1	1.0710782755245483	2.4684574327570425	0.2752000618959921	0.5179731965243075	3.1088005336147493	0.9792692539063108	1.519360761196391	1.0710782755245483	2.4684574327570425	0.0	0.5179731965243075	3.1088005336147493	0.9792692539063108
677000	-68.93897634170189	-49.21658466042421	-19.722391681277678	0.0	0	1	1	0	0	1	4.5988404824781615	1.3291712570854461	2.125380683345809	0.6778436735592485	0.39389514207501203	1.81702469179943	2.2366789267224276	0.0	1.3291712570854461	2.125380683345809	0.0	0.0	1.81702469179943
678000	-65.58407443969864	-49.83514800034449	-15.748926439354157	0.0	0	1	1	0	0	1	0.6024866294394321	0.7275524216534964	2.086663369172323	0.613526115801489	1.5645963240680254	0.6512992490183511	4.599359099598379	0.0	0.7275524216534964	2.086663369172323	0.0	0.0	0.6512992490183511
679000	-68.72738359965103	-50.33147832944887	-18.395905270202164	0.0	1	0	1	1	1	0	1.4960527169652142	2.942323087305572	1.1512725841763276	0.46815491163434625	0.2719078696861613	1.2569864843793697	5.879169329278495	1.4960527169652142	0.0	1.1512725841763276	0.46815491163434625	0.2719078696861613	0.0
680000	-61.405558676529196	-49.21441005012982	-12.191148626399377	0.0	1	0	0	1	1	0	0.6294135894707821	0.058127758367101344	0.39809162697136624	0.7881829354510157	0.3782098058424002	0.6776968119693402	3.615693829178769	0.6294135894707821	0.0	0.0	0.7881829354510157	0.3782098058424002	0.0
681000	-69.80156514145123	-50.17458180649377	-19.626983334957465	0.0	0	1	1	0	1	1	1.4225896522653771	3.2254269015536123	1.7945986351099317	0.04786779201992482	2.3490021654258597	0.6442504697526056	3.027217148421256	0.0	3.2254269015536123	1.7945986351099317	0.0	2.3490021654258597	0.6442504697526056
682000	-65.55777621453646	-49.419668407034	-16.138107807502458	0.0	1	0	0	1	1	1	0.6989939020334586	0.1687690659884776	2.1719943800889467	2.0426173722148895	0.5128440386857742	0.3698346069851343	3.118614507316838	0.6989939020334586	0.0	0.0	2.0426173722148895	0.5128440386857742	0.3698346069851343
683000	-74.61875184140074	-58.60387740249556	-16.014874438905178	0.0	0	1	1	1	1	0	1.1250813942668692	0.13413411013909288	0.013853078570916414	0.28060558560162063	0.3832750813277637	5.354514073014857	0.7324815958818308	0.0	0.13413411013909288	0.013853078570916414	0.28060558560162063	0.3832750813277637	0.0
684000	-72.17237963222384	-50.705961296725064	-21.466418335498773	0.0	0	1	1	1	1	1	0.6565516291248166	2.356779369920695	0.9482373684067884	3.874884541188686	0.7290821083333943	1.7538336699795056	1.909354277154691	0.0	2.356779369920695	0.9482373684067884	3.874884541188686	0.7290821083333943	1.7538336699795056
685000	-66.37239654795329	-51.68299482039499	-14.689401727558298	0.0	0	1	0	1	1	1	0.9048028094711374	0.5228660035131568	1.5805256971849806	0.7032341284344634	0.5173653610409917	0.9187201684830884	1.6603855640558873	0.0	0.5228660035131568	0.0	0.7032341284344634	0.5173653610409917	0.9187201684830884
686000	-64.05824376904104	-49.65012566611389	-14.408118102927157	0.0	0	1	0	1	1	1	0.9174685749112488	0.3042536645433106	2.054086713758359	0.3010827229046553	0.1921678665335241	0.10737191960036689	4.4595050858443654	0.0	0.3042536645433106	0.0	0.3010827229046553	0.1921678665335241	0.10737191960036689
687000	-66.98394234815348	-50.34501711965323	-16.638925228500252	0.0	0	1	1	1	0	1	1.7701066814636526	0.28972491204416984	0.7535723236335592	0.9759737869111034	1.6210649265468302	1.1215083783060573	2.919585618869113	0.0	0.28972491204416984	0.7535723236335592	0.9759737869111034	0.0	1.1215083783060573
688000	-76.31658104860709	-51.28806682832144	-25.02851422028565	0.0	1	1	1	1	1	0	2.316694921977603	3.0672994275854184	1.08969116854405	1.4427632710219715	2.789323804359724	1.475004880838793	10.388166250233104	2.316694921977603	3.0672994275854184	1.08969116854405	1.4427632710219715	2.789323804359724	0.0
689000	-67.5717986506766	-49.4005251033093	-18.1712735473673	0.0	1	1	1	1	1	0	1.3723089359487977	1.615501651639139	0.5946632996690108	1.1581689167085318	1.9635642216348879	0.16482854169044803	2.2295244122800297	1.3723089359487977	1.615501651639139	0.5946632996690108	1.1581689167085318	1.9635642216348879	0.0
690000	-64.76402036052963	-49.66495553850926	-15.09906482202037	0.0	1	0	0	1	1	0	0.7016818929091589	1.309288258801995	0.39277512708372964	1.850987605147086	0.7542105433105681	0.7947917962592355	3.740041595631095	0.7016818929091589	0.0	0.0	1.850987605147086	0.7542105433105681	0.0
691000	-63.128183517060386	-49.10369985649012	-14.02448366057027	0.0	1	1	0	1	1	0	0.63298205066652	0.5283264052913292	0.7397456461775109	0.7372207939966814	0.8135098770154862	0.4941598292299742	2.8378872520347556	0.63298205066652	0.5283264052913292	0.0	0.7372207939966814	0.8135098770154862	0.0
692000	-70.76341563995933	-48.450349570394756	-22.31306606956458	0.0	0	1	1	1	0	1	6.058554397384189	0.7126878254391807	1.0330022228969258	1.174871652500606	1.412787302073634	1.3131100459502476	4.812069783727804	0.0	0.7126878254391807	1.0330022228969258	1.174871652500606	0.0	1.3131100459502476
693000	-62.324721063250195	-49.3067288254597	-13.017992237790496	0.0	0	1	1	0	0	1	1.2955604505615275	0.7009534261919966	0.7388195905021291	0.770999323455013	0.31015211258979336	0.371644660890129	2.350328204562349	0.0	0.7009534261919966	0.7388195905021291	0.0	0.0	0.371644660890129
694000	-67.78553967595116	-49.032682660005264	-18.7528570159459	0.0	1	0	0	1	1	1	1.347365029367259	1.1935787096367074	1.1823065315374819	2.6065583401619747	1.0618560503687533	0.7104825341676737	5.020944750270492	1.347365029367259	0.0	0.0	2.6065583401619747	1.0618560503687533	0.7104825341676737
695000	-63.659135753016514	-49.2434249534568	-14.415710799559708	0.0	0	1	1	0	0	1	0.39105247363953344	1.2943465820316093	1.0523341700904718	1.278213792174959	0.5396680426694825	1.0184515931945173	2.378144119057222	0.0	1.2943465820316093	1.0523341700904718	0.0	0.0	1.0184515931945173
696000	-73.14064539687305	-50.606994971471735	-22.533650425401326	0.0	1	1	1	1	1	1	0.04512645887298602	1.6039075778677394	0.5326258689044262	3.4437621199294766	1.7188740411659762	1.3041427525206952	5.10233043250082	0.04512645887298602	1.6039075778677394	0.5326258689044262	3.4437621199294766	1.7188740411659762	1.3041427525206952
697000	-64.66022272327967	-48.602360002597344	-16.057862720682333	0.0	0	1	1	0	0	1	1.3962246341674003	0.2866764890974017	0.47792446660377713	2.9464430308544713	1.4030321765963338	0.3201125382348663	3.495210656911382	0.0	0.2866764890974017	0.47792446660377713	0.0	0.0	0.3201125382348663
698000	-65.80049686207407	-49.0716565666538	-16.728840295420273	0.0	0	1	1	1	0	1	1.462619441729192	0.5539263619773473	0.946263372083328	1.1890260407783417	0.8138115188344339	0.8633705833498964	6.433806512499438	0.0	0.5539263619773473	0.946263372083328	1.1890260407783417	0.0	0.8633705833498964
699000	-72.51049202584653	-51.555864871234185	-20.954627154612353	0.0	0	1	1	1	1	1	3.107077323914651	0.5722308646610405	1.1451073285361129	1.8410860980963686	0.22243766770891985	0.9827720780738537	13.122725060854327	0.0	0.5722308646610405	1.1451073285361129	1.8410860980963686	0.22243766770891985	0.9827720780738537
700000	-65.0888453059796	-49.14025072776419	-15.948594578215413	0.0	0	1	1	0	1	1	1.4701217076024635	1.135440137063219	1.7902341461321223	0.13884802910018976	0.009968647881274066	0.7547721913157766	5.013448560672852	0.0	1.135440137063219	1.7902341461321223	0.0	0.009968647881274066	0.7547721913157766
701000	-64.60323549798301	-51.274341353513584	-13.32889414446942	0.0	0	1	1	1	1	1	0.37259183586555294	0.11257794604359571	0.38972305645192595	0.37395845459061416	0.04049145379714939	0.25637710152661813	3.6032310140864348	0.0	0.11257794604359571	0.38972305645192595	0.37395845459061416	0.04049145379714939	0.25637710152661813
702000	-63.416064071128666	-49.760175365476314	-13.655888705652352	0.0	1	0	1	1	0	1	0.35666725228097806	0.15876571706027573	0.5878057415215336	0.28244220884881693	0.32752310044826033	0.1492533731917335	15.594208919040023	0.35666725228097806	0.0	0.5878057415215336	0.28244220884881693	0.0	0.1492533731917335
703000	-63.6650442718791	-50.95951334311936	-12.705530928759734	0.0	0	1	1	0	0	1	0.3927889175198889	0.15338106098278081	0.48926923549771434	1.0836342919267272	0.8589749435016982	0.2660644152587781	4.41354084525016	0.0	0.15338106098278081	0.48926923549771434	0.0	0.0	0.2660644152587781
704000	-67.90362383541716	-50.61162703853602	-17.29199679688114	0.0	1	1	1	0	0	1	0.7337604607769728	0.47439245680906816	2.020537044520976	0.04544627212096645	1.6211406128259704	0.47114153512664214	17.761087282775286	0.7337604607769728	0.47439245680906816	2.020537044520976	0.0	0.0	0.47114153512664214
705000	-66.31879203567124	-49.75729382917465	-16.561498206496594	0.0	1	0	0	1	1	1	0.2800123059407903	0.5670126510520975	0.7267911732301514	2.287080693593247	0.27221876844119375	0.7495480268747248	13.92737995071644	0.2800123059407903	0.0	0.0	2.287080693593247	0.27221876844119375	0.7495480268747248
706000	-68.45154321616576	-50.71092221906277	-17.740620997102987	0.0	0	1	1	1	0	1	0.19512825900388048	1.9093823697490597	1.3175490405017434	1.024396577542115	2.054271071051498	1.8853832393965384	1.3768097098394634	0.0	1.9093823697490597	1.3175490405017434	1.024396577542115	0.0	1.8853832393965384
707000	-70.74258279028518	-53.00183611363317	-17.74074667665202	0.0	1	1	1	0	1	0	1.2711063535860314	1.7640626015293823	2.819879811592435	1.3272850626624262	0.5368307568493531	0.17056956970997494	2.2611710701158407	1.2711063535860314	1.7640626015293823	2.819879811592435	0.0	0.5368307568493531	0.0
708000	-62.97385916845256	-50.38335315129423	-12.590506017158337	0.0	0	1	0	1	1	1	0.13556675180830088	0.9458170251572314	0.4068453924779159	0.6116128216792124	0.4786759169071564	0.4622833262389342	1.6734073156922464	0.0	0.9458170251572314	0.0	0.6116128216792124	0.4786759169071564	0.4622833262389342
709000	-66.69765132783887	-49.33470072973201	-17.362950598106856	0.0	0	1	1	1	0	1	0.06754318402511453	1.2474419042669034	1.0433583212300932	0.7763968530520534	3.3682838267104973	1.081725508355543	2.1025632877169467	0.0	1.2474419042669034	1.0433583212300932	0.7763968530520534	0.0	1.081725508355543
710000	-75.06895525512162	-53.51009371514954	-21.558861539972085	0.0	0	1	1	0	0	1	1.185038684712976	0.5990094628886519	2.116296596319414	3.3467237062590267	3.0875768245702866	1.297079192993839	7.016446980335154	0.0	0.5990094628886519	2.116296596319414	0.0	0.0	1.297079192993839
711000	-63.22342506245907	-49.91135431263377	-13.312070749825303	0.0	1	0	0	1	1	0	0.5472586566149524	0.052655971648585674	0.9747573505434375	0.796626595571482	0.5755417564327275	0.5101088829118463	6.531617741886634	0.5472586566149524	0.0	0.0	0.796626595571482	0.5755417564327275	0.0
712000	-71.3705235211194	-49.24541730700816	-22.125106214111234	0.0	1	1	1	1	1	1	2.116040688389821	0.023919970926106773	1.7463077733843884	2.6815037951797738	1.1531969443341141	0.36360274225286865	5.955537703883634	2.116040688389821	0.023919970926106773	1.7463077733843884	2.6815037951797738	1.1531969443341141	0.36360274225286865
713000	-68.55923070453841	-50.20648993656719	-18.35274076797122	0.0	1	0	0	1	1	1	2.0317726596106787	0.4694765246163125	0.5774086527896503	3.103653869362127	0.930074715121009	0.6529737238341494	4.71398109226581	2.0317726596106787	0.0	0.0	3.103653869362127	0.930074715121009	0.6529737238341494
714000	-63.61528118449097	-49.433694794717134	-14.181586389773832	0.0	0	1	1	0	0	1	1.3396539719396339	0.3851778441787276	0.5727792559440162	1.4985122109227111	0.24734286364623673	0.28769998875586256	6.501150508753602	0.0	0.3851778441787276	0.5727792559440162	0.0	0.0	0.28769998875586256
715000	-62.88398295457054	-49.00589336478556	-13.878089589784988	0.0	0	1	1	0	0	1	0.23611903715128751	0.6352916302664351	1.3752755166839552	0.44937951114841795	1.5137957991373123	0.5234968113675024	3.218353456944875	0.0	0.6352916302664351	1.3752755166839552	0.0	0.0	0.5234968113675024
716000	-74.44719976993957	-51.06020764050081	-23.386992129438767	0.0	1	1	0	1	1	1	2.3611175039599237	0.29877478822132303	1.4916982798084177	4.643088704926997	1.719429046015094	0.13677697959349616	9.300004536892848	2.3611175039599237	0.29877478822132303	0.0	4.643088704926997	1.719429046015094	0.13677697959349616
717000	-63.17218854628662	-50.64198181847117	-12.530206727815443	0.0	1	0	0	1	1	0	0.2280720396947026	0.12870157799175255	0.7497881991503816	0.7729626200473885	0.2635501792889633	0.9099419082487605	4.483460662318564	0.2280720396947026	0.0	0.0	0.7729626200473885	0.2635501792889633	0.0
718000	-71.78426551598733	-52.04474598862285	-19.73951952736448	0.0	0	1	1	0	0	1	0.18060665404650825	2.342793126700689	2.1197117208604883	0.30692133352169776	2.2463390412569053	2.6213268035844806	6.979466165113582	0.0	2.342793126700689	2.1197117208604883	0.0	0.0	2.6213268035844806
719000	-68.47459337260457	-51.102375734862946	-17.372217637741628	0.0	0	1	1	0	0	1	2.252104808751913	2.4145594667302346	1.4947067456899348	0.4481742762620932	1.2619558801656938	1.1655166159047374	1.4337802073821104	0.0	2.4145594667302346	1.4947067456899348	0.0	0.0	1.1655166159047374
720000	-66.9596921938838	-50.99336018260527	-15.96633201127852	0.0	0	1	0	1	1	1	0.694561283855664	0.9086708042510989	0.1706875532794424	1.153497137086787	0.9018613105488542	1.4162058276470055	5.384169142766074	0.0	0.9086708042510989	0.0	1.153497137086787	0.9018613105488542	1.4162058276470055
721000	-60.35457616766584	-48.4765371550752	-11.878039012590637	0.0	0	1	1	0	0	1	0.16691107489416596	0.23583165892664906	0.3459439251076835	1.1610032688317051	0.5441061437473025	0.24125688696175568	3.343565010809692	0.0	0.23583165892664906	0.3459439251076835	0.0	0.0	0.24125688696175568
722000	-61.63507548459873	-49.66482556281465	-11.970249921784081	0.0	0	1	1	0	0	1	0.4317796387328235	0.3767128712707282	0.418437337816182	1.4237661851621166	0.2945732015179329	0.4578666909113839	1.8077561970751963	0.0	0.3767128712707282	0.418437337816182	0.0	0.0	0.4578666909113839
723000	-62.11921405245995	-49.77803894728842	-12.34117510517153	0.0	0	1	1	0	0	1	0.029136541031305793	0.27319689097426225	0.32417073239188543	1.475662232344619	0.9863181925543794	0.39697612475562183	2.4117944301813647	0.0	0.27319689097426225	0.32417073239188543	0.0	0.0	0.39697612475562183
724000	-69.12853935002352	-51.50285278841444	-17.625686561609083	0.0	0	1	1	1	0	1	3.8890779252569803	1.178969754206547	1.5350549889969225	0.2785646722006054	0.09338120627750518	0.4930577663285776	3.070827248257011	0.0	1.178969754206547	1.5350549889969225	0.2785646722006054	0.0	0.4930577663285776
725000	-63.05543847666253	-51.82875757093166	-11.22668090573087	0.0	0	1	1	0	0	1	0.6257795162998288	0.5908266448953894	0.44897986555445896	0.13530073850326385	0.12862430003209135	0.8749212835570416	1.5641144884645983	0.0	0.5908266448953894	0.44897986555445896	0.0	0.0	0.8749212835570416
726000	-64.9414271038338	-52.276007576395855	-12.665419527437948	0.0	1	1	0	1	1	1	0.10313706767458318	0.8808901152556632	0.029868939364861916	0.03826367749170523	0.359588485937537	0.4818796403144807	1.3122315349301104	0.10313706767458318	0.8808901152556632	0.0	0.03826367749170523	0.359588485937537	0.4818796403144807
727000	-65.87658710951978	-50.055718750136606	-15.82086835938317	0.0	1	0	0	1	1	0	1.0820361226976274	0.8884476909285078	1.029908029659451	1.3093505516725703	0.621109340763637	1.164615566696955	5.740784925192261	1.0820361226976274	0.0	0.0	1.3093505516725703	0.621109340763637	0.0
728000	-71.78188006139125	-53.27967457447318	-18.502205486918072	0.0	1	1	1	1	0	1	0.46981504102135035	1.4179177422574458	1.6482993191889639	1.2929220154236334	1.3069998042068025	0.6887671545113151	3.2426671644513365	0.46981504102135035	1.4179177422574458	1.6482993191889639	1.2929220154236334	0.0	0.6887671545113151
729000	-68.70400856048528	-50.617305185766085	-18.0867033747192	0.0	1	0	1	1	1	1	0.9252117849144433	3.124843195979367	0.2855366218042058	1.235376876575607	0.5211995297350119	0.7022641709663614	2.207440365752899	0.9252117849144433	0.0	0.2855366218042058	1.235376876575607	0.5211995297350119	0.7022641709663614
730000	-61.746133057627304	-48.9156114594393	-12.83052159818801	0.0	0	1	1	0	0	1	1.7173690737573122	0.443087655025598	0.5099914654893072	0.1002363965052979	0.6310836289028036	0.26434334841440044	3.2821688715936275	0.0	0.443087655025598	0.5099914654893072	0.0	0.0	0.26434334841440044
731000	-62.237000089596734	-48.3897144112928	-13.84728567830393	0.0	0	1	1	0	0	1	0.8683627944261356	0.4984632255212198	0.794476711352178	1.398418938935753	0.6197572925035938	0.46217353694301405	3.4199670687927846	0.0	0.4984632255212198	0.794476711352178	0.0	0.0	0.46217353694301405
732000	-69.0781738378484	-51.20397574788499	-17.874198089963407	0.0	1	0	1	1	1	1	0.8932187710641593	0.8768344224345042	0.6916546055219712	1.3111191974456256	0.544356722004123	0.30220905769028034	15.53340632002176	0.8932187710641593	0.0	0.6916546055219712	1.3111191974456256	0.544356722004123	0.30220905769028034
733000	-71.29268045438093	-53.91095536991645	-17.381725084464478	0.0	1	0	0	1	1	1	1.6914970047127442	0.8362986366094557	0.33995182920457934	1.922792860295728	0.6459055914373186	0.6974002946599707	9.091233195921822	1.6914970047127442	0.0	0.0	1.922792860295728	0.6459055914373186	0.6974002946599707
734000	-64.64753519737243	-49.45357083952944	-15.193964357842997	0.0	0	1	1	0	0	1	1.4377915957699117	0.9836853832335812	1.2413380361938091	0.8826889394202255	0.17125895098967509	0.6895030208541406	6.107931470258736	0.0	0.9836853832335812	1.2413380361938091	0.0	0.0	0.6895030208541406
735000	-67.53655792900311	-49.559465333023624	-17.97709259597948	0.0	1	1	1	1	1	1	0.9393416303461787	0.8178986559756967	1.9201460298673971	0.15029582216543466	0.3744483444043259	0.27739581373425765	3.4670391925144783	0.9393416303461787	0.8178986559756967	1.9201460298673971	0.15029582216543466	0.3744483444043259	0.27739581373425765
736000	-72.75383056433895	-49.35641429916395	-23.39741626517501	0.0	1	1	1	0	1	1	1.3495662191858222	1.509239631927668	2.9012841748571097	4.6505211997302505	0.5899574655667866	0.5674119402088986	3.7733691780174854	1.3495662191858222	1.509239631927668	2.9012841748571097	0.0	0.5899574655667866	0.5674119402088986
737000	-66.26184993568907	-48.6537634399507	-17.608086495738373	0.0	0	1	1	1	0	1	0.9504309237831523	1.7956686271170825	2.59691677108727	0.24534940251047602	0.6970354789580763	1.41560643764675	2.391390410201884	0.0	1.7956686271170825	2.59691677108727	0.24534940251047602	0.0	1.41560643764675
738000	-62.81946971582916	-49.54296668291761	-13.276503032911545	0.0	1	1	1	0	0	1	0.008147996749896434	0.5748544844302726	0.8485997382593763	0.5521114864226772	0.03134242788996815	0.7544425048724822	4.351146208410078	0.008147996749896434	0.5748544844302726	0.8485997382593763	0.0	0.0	0.7544425048724822
739000	-63.45615164422391	-49.184716304276314	-14.271435339947597	0.0	0	1	1	0	0	1	0.40909542438610097	0.5031408229390976	1.2366054436044784	0.5759368308957653	1.7625067661974427	0.45565613613496986	3.8657989113814657	0.0	0.5031408229390976	1.2366054436044784	0.0	0.0	0.45565613613496986
740000	-69.71526170498512	-49.86223951217206	-19.853022192813064	0.0	1	1	0	1	1	1	2.201204119333763	0.7106637696772903	0.19639717280125796	3.5276548669493795	1.7053136300501148	0.3268601725960592	1.9829945985672952	2.201204119333763	0.7106637696772903	0.0	3.5276548669493795	1.7053136300501148	0.3268601725960592
741000	-64.62232525204996	-50.60557676688615	-14.016748485163802	0.0	0	1	1	0	0	1	0.9747491352132863	0.3417327322912668	0.863422248417401	1.1756291361245275	0.774088832495453	0.6341009379485956	3.585525054647767	0.0	0.3417327322912668	0.863422248417401	0.0	0.0	0.6341009379485956
742000	-64.76135764042994	-49.1803304748193	-15.581027165610628	0.0	0	1	1	0	0	1	0.0610657150733002	1.0281781777510557	2.0039440505554476	1.6563954961213874	0.884773762932647	1.2120917337872532	2.136969551757557	0.0	1.0281781777510557	2.0039440505554476	0.0	0.0	1.2120917337872532
743000	-62.60740727963775	-49.150037027706105	-13.457370251931641	0.0	0	1	1	0	0	1	0.47974816947288423	1.0989946686460086	1.4155065507695548	0.9589479496583713	0.07158713275424848	0.6611784822067881	2.2170434058214976	0.0	1.0989946686460086	1.4155065507695548	0.0	0.0	0.6611784822067881
744000	-66.09205823646353	-51.22159074846999	-14.870467487993531	0.0	1	1	0	1	1	1	0.1327112374844144	1.0654279254563797	0.5879468625731951	0.4810727503957559	0.5156725028330121	0.3642965055149728	3.3944625337939636	0.1327112374844144	1.0654279254563797	0.0	0.4810727503957559	0.5156725028330121	0.3642965055149728
745000	-64.81929308618363	-49.26566739407927	-15.553625692104363	0.0	0	1	1	0	0	1	0.08357868727853429	0.4640480874081092	0.6758121142541716	0.7404497956340486	3.4272077811740367	0.37016386573204124	6.136357432318881	0.0	0.4640480874081092	0.6758121142541716	0.0	0.0	0.37016386573204124
746000	-65.02712341977775	-49.31549814353052	-15.711625276247226	0.0	0	1	1	0	0	1	0.14970194436073306	0.8649334591521914	1.504171117686365	1.7409821505869159	0.8230106822754139	1.0791535401581986	4.819228470785774	0.0	0.8649334591521914	1.504171117686365	0.0	0.0	1.0791535401581986
747000	-66.6120122939509	-49.448976601706164	-17.163035692244726	0.0	1	0	0	1	1	0	2.091055008746193	0.871711128959842	0.7613760306529622	2.07397770017883	1.7632269084478145	0.7798368840742217	2.3316007876563156	2.091055008746193	0.0	0.0	2.07397770017883	1.7632269084478145	0.0
748000	-68.26157743993177	-50.44225910660916	-17.81931833332261	0.0	1	0	0	1	1	0	0.4837428374494852	1.0034326404317235	1.588669344835325	1.0795241364987433	0.5988494075677316	3.1025251405239564	7.267980037686952	0.4837428374494852	0.0	0.0	1.0795241364987433	0.5988494075677316	0.0
749000	-72.43445477973711	-50.12564604463208	-22.30880873510504	0.0	1	0	0	1	1	0	1.2084554375613363	1.3042522383791704	4.744158716355246	1.4729608132226344	1.2592971493425495	2.5331581470010116	6.100812276728859	1.2084554375613363	0.0	0.0	1.4729608132226344	1.2592971493425495	0.0
750000	-68.1315231846206	-51.8101408442242	-16.3213823403964	0.0	1	1	0	1	1	0	0.8426628409170304	1.9679065417423456	0.251135146036668	0.29516994276924774	2.4758259045160744	0.5917490604948916	2.3672832340093426	0.8426628409170304	1.9679065417423456	0.0	0.29516994276924774	2.4758259045160744	0.0
751000	-68.6672209587677	-51.129115444394515	-17.53810551437318	0.0	0	1	0	1	1	1	2.0263696549092742	1.4376723050986588	0.7522174682341504	0.3113344000343158	1.065090621585234	0.21127651308361567	14.708710945072674	0.0	1.4376723050986588	0.0	0.3113344000343158	1.065090621585234	0.21127651308361567
752000	-64.45331592712496	-48.558858760163034	-15.894457166961923	0.0	0	1	0	1	1	1	0.021010659920505617	1.2256244600410457	0.8292900442500191	1.7489885376494803	0.9243826296153942	0.8849173039892766	3.402061158398594	0.0	1.2256244600410457	0.0	1.7489885376494803	0.9243826296153942	0.8849173039892766
753000	-66.93232989508081	-49.41257229735978	-17.519757597721036	0.0	1	1	1	1	1	1	0.0174941314388941	0.9506189735339288	1.1731318024558754	0.9061613724274115	0.18339746510460975	0.6675445540655747	3.9228235843027406	0.0174941314388941	0.9506189735339288	1.1731318024558754	0.9061613724274115	0.18339746510460975	0.6675445540655747
754000	-66.99109123368112	-51.38040283810389	-15.61068839557722	0.0	0	1	0	0	1	1	0.2007704337946221	2.5287493373957304	0.09473196739353767	0.265090739483116	2.7388425451373397	1.3868121061166234	1.5231445461386643	0.0	2.5287493373957304	0.0	0.0	2.7388425451373397	1.3868121061166234
755000	-69.88270813327384	-52.48499088219213	-17.397717251081716	0.0	1	0	1	1	1	0	0.8868391434944685	0.28690158879621147	0.26642226254429824	0.7590615347745148	0.5197443969584268	1.480390589552448	60.82244419672384	0.8868391434944685	0.0	0.26642226254429824	0.7590615347745148	0.5197443969584268	0.0
756000	-73.2416579971498	-53.339036938698484	-19.902621058451317	0.0	1	0	1	1	1	1	0.5433092438767937	0.4995310474875121	0.4685387775541055	2.0279603598287466	0.4486003119115625	0.6874386696005356	102.5453978781675	0.5433092438767937	0.0	0.4685387775541055	2.0279603598287466	0.4486003119115625	0.6874386696005356
757000	-68.44846242415609	-52.18397058400663	-16.26449184014946	0.0	0	1	0	1	1	1	0.18219685799435065	1.1302473433542455	1.4330029091247425	0.3615060589418453	0.6759648889451085	0.17265097038562613	25.858328502034116	0.0	1.1302473433542455	0.0	0.3615060589418453	0.6759648889451085	0.17265097038562613
758000	-70.76773258095442	-52.05975077867811	-18.707981802276304	0.0	0	1	0	0	1	1	1.556313499375349	3.310294162583491	0.05084958834257601	0.10058211354547822	3.987880782902123	1.0573741166017536	1.9534397061956041	0.0	3.310294162583491	0.0	0.0	3.987880782902123	1.0573741166017536
759000	-66.61923064314563	-48.83085316495244	-17.78837747819319	0.0	0	1	1	1	0	1	0.10595579696624413	1.5238822251676467	3.420036155898341	0.6277601062540549	0.1330442938022585	1.8333872039296746	3.0304332246428265	0.0	1.5238822251676467	3.420036155898341	0.6277601062540549	0.0	1.8333872039296746
760000	-69.72747358940325	-49.569530422936865	-20.15794316646638	0.0	1	1	1	1	0	1	1.3813699187983857	0.25530805719285943	1.5091005996713729	2.7023731333509575	0.12331339007631024	2.1033100795436632	4.859170458743732	1.3813699187983857	0.25530805719285943	1.5091005996713729	2.7023731333509575	0.0	2.1033100795436632
761000	-62.217009252204264	-48.65114678767242	-13.56586246453185	0.0	0	1	1	0	0	1	0.25421671903837556	0.9937441451849398	1.739592043907547	0.3661842159453487	0.005983336616991804	0.8034824317967477	4.162480963261513	0.0	0.9937441451849398	1.739592043907547	0.0	0.0	0.8034824317967477
762000	-66.15814720272688	-49.67531270384317	-16.482834498883715	0.0	0	1	1	0	0	1	0.2695986903895251	0.5236522830834522	0.7926507944885915	5.506009495989099	0.248931303483555	0.6311742931957338	1.7088705921615328	0.0	0.5236522830834522	0.7926507944885915	0.0	0.0	0.6311742931957338
763000	-66.29887685016686	-49.82765023576447	-16.471226614402383	0.0	1	1	0	1	1	0	0.8840394578812123	0.31391925860378017	1.052717718532531	1.7290571586193495	0.7446095216828712	1.624338057746106	2.9653134093542715	0.8840394578812123	0.31391925860378017	0.0	1.7290571586193495	0.7446095216828712	0.0
764000	-68.86292077742411	-50.21830107026663	-18.64461970715748	0.0	0	1	1	0	0	1	0.14803765248597583	2.9110888880183228	1.9845098449250689	0.8499519689663322	2.5385770090530495	1.3447160524041621	2.440926845339637	0.0	2.9110888880183228	1.9845098449250689	0.0	0.0	1.3447160524041621
765000	-71.27733739875161	-50.52678372113041	-20.750553677621202	0.0	1	1	1	0	1	1	0.2489030060826864	1.5598678235784786	4.347090515401303	0.2397876869431982	0.09970576942857697	1.6182872003722073	8.428282687902888	0.2489030060826864	1.5598678235784786	4.347090515401303	0.0	0.09970576942857697	1.6182872003722073
766000	-67.02117402317741	-49.69708234449139	-17.324091678686017	0.0	1	1	1	1	0	1	0.12488509611006651	0.48835038499168737	1.2999316274728814	0.7368662993941033	2.2985270862228977	1.0129084796222834	2.368116075672326	0.12488509611006651	0.48835038499168737	1.2999316274728814	0.7368662993941033	0.0	1.0129084796222834
767000	-64.93469063100865	-49.87823565725444	-15.05645497375421	0.0	1	1	0	1	1	1	0.016197210916132024	0.5075034414388486	1.753908529269468	0.5730409009903114	0.599009487536994	0.4668357766129808	1.8958769127530428	0.016197210916132024	0.5075034414388486	0.0	0.5730409009903114	0.599009487536994	0.4668357766129808
768000	-67.91704491754172	-52.68424778571101	-15.232797131830711	0.0	0	1	0	1	1	1	0.9687465842150116	0.6957284897335039	1.6745726257751241	0.7335073035463145	0.8144164443812805	1.1010186990352728	1.2338000806486584	0.0	0.6957284897335039	0.0	0.7335073035463145	0.8144164443812805	1.1010186990352728
769000	-80.28690485179993	-56.38158627685957	-23.905318574940363	0.0	1	0	1	1	0	1	0.6525209721386805	1.2468835535768352	3.488474770958033	1.2103479051502768	2.6136674602020458	0.237687215317079	188.45133782469892	0.6525209721386805	0.0	3.488474770958033	1.2103479051502768	0.0	0.237687215317079
770000	-72.7400066514551	-52.00649996357184	-20.733506687883267	0.0	1	0	1	1	0	1	0.7573179517444623	1.9625974382066413	1.1088111641174514	2.521697375945753	1.020287098385042	0.8988332386026913	30.07244208960706	0.7573179517444623	0.0	1.1088111641174514	2.521697375945753	0.0	0.8988332386026913
771000	-66.40095691509245	-49.59505373529006	-16.805903179802392	0.0	1	1	0	1	1	0	0.9665000078365745	0.88117848612	1.076165420759697	2.0507363583884954	1.383331069409491	0.1603350043448345	3.4963787888884363	0.9665000078365745	0.88117848612	0.0	2.0507363583884954	1.383331069409491	0.0
772000	-63.98480679472718	-49.520698491106536	-14.464108303620641	0.0	1	1	0	1	1	0	1.1626688161938958	0.016267269336349036	0.3204929939417565	1.4652478268759195	1.2606575136525047	0.4254543102357718	2.177627107708083	1.1626688161938958	0.016267269336349036	0.0	1.4652478268759195	1.2606575136525047	0.0
773000	-63.43410443260617	-49.7799876356022	-13.654116797003974	0.0	1	1	0	1	1	0	0.37381028661297705	0.26372947278406206	0.12226791673516557	0.6068661022980693	0.6246474378559164	0.8393116013852664	5.963287559239122	0.37381028661297705	0.26372947278406206	0.0	0.6068661022980693	0.6246474378559164	0.0
774000	-69.83743350090009	-51.291321011095135	-18.546112489804955	0.0	1	0	0	1	1	0	2.1336369991725843	1.4898458328526267	0.3593948484688586	2.801426404406619	0.8329521950055588	1.7962356756402276	3.1796963447545585	2.1336369991725843	0.0	0.0	2.801426404406619	0.8329521950055588	0.0
775000	-68.4853828200183	-49.11267221830664	-19.372710601711656	0.0	1	1	1	1	1	1	0.4210546273971262	1.6691221455592082	0.2412899946084462	1.1816053495823617	1.9465385390385608	0.3929751569543991	3.545939202929769	0.4210546273971262	1.6691221455592082	0.2412899946084462	1.1816053495823617	1.9465385390385608	0.3929751569543991
776000	-66.49707935678973	-50.00034839648469	-16.496730960305033	0.0	1	1	1	1	0	1	0.2794707817433619	0.6261975498710695	1.7935661680632704	0.46801059659451105	0.6058461616856352	0.5231449627397792	5.461421359102243	0.2794707817433619	0.6261975498710695	1.7935661680632704	0.46801059659451105	0.0	0.5231449627397792
777000	-71.24033538577689	-52.19212112309112	-19.04821426268576	0.0	1	1	1	1	0	1	0.34950931970517524	0.04090353048422563	0.571716227652493	0.9889481989596375	1.0594821234439316	0.580738700473401	126.05025071306235	0.34950931970517524	0.04090353048422563	0.571716227652493	0.9889481989596375	0.0	0.580738700473401
778000	-65.49698022044218	-49.82605359864598	-15.670926621796202	0.0	0	1	1	0	1	1	2.6974895386285804	0.7731970629244951	0.5615565261248303	0.08350119426516904	0.47896207590156903	0.3145746924976412	5.607348000201204	0.0	0.7731970629244951	0.5615565261248303	0.0	0.47896207590156903	0.3145746924976412
779000	-68.08820676672701	-49.229771246212735	-18.858435520514277	0.0	1	1	1	0	0	1	0.7885648451955577	1.1864901446567782	3.0967538779989194	0.9700235384862089	1.3003685547793762	0.8260889927048409	5.222060300482092	0.7885648451955577	1.1864901446567782	3.0967538779989194	0.0	0.0	0.8260889927048409
780000	-69.49343275182335	-50.20380441244123	-19.28962833938212	0.0	0	1	1	1	1	1	0.4139056054507907	0.7633906432615104	1.6999578239542619	2.319165272420069	0.0016996693562969698	1.2686891803413392	10.134843428924862	0.0	0.7633906432615104	1.6999578239542619	2.319165272420069	0.0016996693562969698	1.2686891803413392
781000	-67.75486977460756	-49.24546622103737	-18.509403553570188	0.0	1	1	1	1	1	1	0.5237659502789841	1.1779142705639707	0.3474922874461929	1.4541471010213856	0.7674133884480473	0.5992491299892531	3.993909981700971	0.5237659502789841	1.1779142705639707	0.3474922874461929	1.4541471010213856	0.7674133884480473	0.5992491299892531
782000	-72.41698102009714	-52.84477231375461	-19.57220870634253	0.0	1	0	0	1	1	0	2.004654958629938	0.7608982522180714	1.3811182458935645	1.0332643952552167	1.5100848673086649	4.522597029164967	1.4691655204838718	2.004654958629938	0.0	0.0	1.0332643952552167	1.5100848673086649	0.0
783000	-66.14853679998012	-51.21158504226161	-14.936951757718518	0.0	0	1	1	1	0	1	0.9938161863743137	0.5006686702304975	0.8989383490687126	0.852147786428909	0.21143470350500682	1.7432142445072802	2.0172433987148604	0.0	0.5006686702304975	0.8989383490687126	0.852147786428909	0.0	1.7432142445072802
784000	-66.94541132252957	-50.89903264251193	-16.046378680017632	0.0	1	1	1	0	1	1	1.2225980974872825	0.6025458256563652	1.6200590200402107	0.3332118767570356	0.514371449558218	0.18870394743796914	2.8980338158324033	1.2225980974872825	0.6025458256563652	1.6200590200402107	0.0	0.514371449558218	0.18870394743796914
785000	-62.777592609584886	-49.19609118610294	-13.58150142348195	0.0	0	1	1	0	0	1	0.7473871778145983	0.49803301380910325	0.9852735461559801	0.1376867493205921	1.0025395883788417	0.5132262277406963	5.582742468557835	0.0	0.49803301380910325	0.9852735461559801	0.0	0.0	0.5132262277406963
786000	-65.99430910841944	-49.71648079975034	-16.2778283086691	0.0	1	1	1	1	1	0	0.7674511326589811	0.5908774894663352	0.827954785697105	0.7406044498406683	1.2543703381410658	0.3300055074256662	3.5440278540605212	0.7674511326589811	0.5908774894663352	0.827954785697105	0.7406044498406683	1.2543703381410658	0.0
787000	-64.85072857330027	-48.77550192270864	-16.075226650591635	0.0	0	1	1	0	0	1	1.7891692980473926	1.3664146853608987	2.3843164960650864	0.2648333121674261	0.26426049367139254	1.1393643558816948	2.438806526617362	0.0	1.3664146853608987	2.3843164960650864	0.0	0.0	1.1393643558816948
788000	-66.42594399945017	-49.63742701168631	-16.78851698776385	0.0	1	1	1	1	1	0	1.158372119336439	0.06532879509813624	0.6870797003359046	1.8568332133181198	1.0079214549265276	0.5680683225801032	2.5709224775869526	1.158372119336439	0.06532879509813624	0.6870797003359046	1.8568332133181198	1.0079214549265276	0.0
789000	-66.25166758378386	-50.82654785984075	-15.425119723943105	0.0	1	1	1	1	1	0	1.4982154403136516	0.21464274400507882	0.1871067354489076	1.2707415023280864	1.1999894690617352	0.16082187512536578	1.4821464679682177	1.4982154403136516	0.21464274400507882	0.1871067354489076	1.2707415023280864	1.1999894690617352	0.0
790000	-73.5528765737356	-51.82691738404717	-21.72595918968844	0.0	1	0	0	1	1	0	1.7401237460148722	0.8509564385512162	1.7088827004737626	2.7618148450871525	2.61368997916806	1.931269244480857	8.491434410407214	1.7401237460148722	0.0	0.0	2.7618148450871525	2.61368997916806	0.0
791000	-61.95571561224824	-48.547240609364785	-13.408475002883453	0.0	0	1	1	1	1	1	0.6509482951176708	0.3351915499891101	0.3151072284104989	0.30684189093556474	0.15421459623256065	0.2636751627212665	2.4155830531574094	0.0	0.3351915499891101	0.3151072284104989	0.30684189093556474	0.15421459623256065	0.2636751627212665
792000	-62.76227220828479	-48.715574377421234	-14.04669783086356	0.0	0	1	1	1	1	1	0.1721056976679925	0.8283065620681164	0.24334342607137674	0.2314744340400298	0.49035989195290275	0.3274404033691578	3.4987268274711	0.0	0.8283065620681164	0.24334342607137674	0.2314744340400298	0.49035989195290275	0.3274404033691578
793000	-68.21073281656903	-51.311475594710394	-16.899257221858637	0.0	0	1	0	1	1	1	0.36436363102966884	1.901891253703912	0.4507662190370731	0.7133881226801708	2.041618456454484	1.3568708105400316	2.8148090689057397	0.0	1.901891253703912	0.0	0.7133881226801708	2.041618456454484	1.3568708105400316
794000	-65.64195011873676	-49.6856927447305	-15.95625737400625	0.0	0	1	1	1	0	1	0.8299302611664341	0.36435721923012404	0.3487081007453905	1.6779716415213486	0.013560150424862041	1.273667468937345	11.086162251570038	0.0	0.36435721923012404	0.3487081007453905	1.6779716415213486	0.0	1.273667468937345
795000	-65.20202140366092	-49.79169359655913	-15.410327807101798	0.0	0	1	1	0	0	1	0.08496679531333998	1.7595160883949237	1.9602152343545405	0.03837923011914487	0.39275924057783357	1.3281254437634187	6.474988377212373	0.0	1.7595160883949237	1.9602152343545405	0.0	0.0	1.3281254437634187
796000	-65.75013742187195	-48.78567471317637	-16.964462708695578	0.0	0	1	1	0	0	1	1.6407309754418988	0.6088521440511504	1.1760292221887851	0.06088219779346816	3.468003282072535	0.7134589672721954	3.7444316295040605	0.0	0.6088521440511504	1.1760292221887851	0.0	0.0	0.7134589672721954
797000	-65.25178922563828	-50.04623341136289	-15.205555814275378	0.0	0	1	1	1	0	1	0.3925841885421632	0.38051175622475575	0.7226014698660055	1.001728359127022	0.4260593644411542	1.3125721606057914	6.8953661814719736	0.0	0.38051175622475575	0.7226014698660055	1.001728359127022	0.0	1.3125721606057914
798000	-65.28667647528913	-51.3794240041051	-13.907252471184027	0.0	0	1	0	0	1	1	2.689869526738037	0.964835321257037	0.7925028590686621	0.3596119574297365	0.6199585436766726	0.26180072865631143	1.276126498444384	0.0	0.964835321257037	0.0	0.0	0.6199585436766726	0.26180072865631143
799000	-65.0130449946762	-51.22797731333735	-13.785067681338859	0.0	0	1	1	0	1	1	1.6841295710887951	1.0371217487328712	0.5654579620946252	0.11173189350274264	0.6878034284667713	0.3119249642739541	1.4221129565021284	0.0	1.0371217487328712	0.5654579620946252	0.0	0.6878034284667713	0.3119249642739541
800000	-64.95981473369275	-51.88515647734737	-13.07465825634538	0.0	1	0	0	1	1	0	0.6347033823395207	0.7066224495151616	0.07111993716347716	0.4124876932311902	0.45033929804219697	1.1062515866908451	5.559332983439224	0.6347033823395207	0.0	0.0	0.4124876932311902	0.45033929804219697	0.0
801000	-67.6035281506349	-49.131890224164714	-18.471637926470194	0.0	1	1	1	1	1	1	0.8813247089956542	0.5502634824602869	1.580773612482419	0.607463792441242	0.414531925427922	0.5751973065270128	4.986139834580869	0.8813247089956542	0.5502634824602869	1.580773612482419	0.607463792441242	0.414531925427922	0.5751973065270128
802000	-68.8864704936195	-52.67665030766547	-16.209820185954037	0.0	1	0	0	1	1	0	0.25812887507084925	2.5890878772529846	1.7227618985035025	0.10840292238732385	0.13358126850630328	2.371446771846558	2.8599082195350074	0.25812887507084925	0.0	0.0	0.10840292238732385	0.13358126850630328	0.0
803000	-63.66292445343043	-49.04389973145733	-14.619024721973098	0.0	0	1	1	0	0	1	0.9430146048152557	1.3042573528674661	1.4462928421338372	0.22366282919839292	0.20658556992294355	1.4617910802425744	2.879988554773243	0.0	1.3042573528674661	1.4462928421338372	0.0	0.0	1.4617910802425744
804000	-67.51062185150633	-50.16609408560103	-17.344527765905294	0.0	1	1	1	0	0	1	0.14443521601365883	1.3523293548179613	3.7026827119375336	0.7078912485751653	0.23078409780995107	1.4055876163626753	2.1506030363381647	0.14443521601365883	1.3523293548179613	3.7026827119375336	0.0	0.0	1.4055876163626753
805000	-64.99502516499288	-49.12319777728783	-15.871827387705046	0.0	0	1	1	1	1	1	0.11352804902975917	1.7373065405248587	0.7204042794980878	0.723189478442111	0.6896372611091487	0.9250316201973299	1.5881703365802475	0.0	1.7373065405248587	0.7204042794980878	0.723189478442111	0.6896372611091487	0.9250316201973299
806000	-62.4938425300753	-49.27286889360222	-13.220973636473074	0.0	0	1	1	0	0	1	0.12991813105525268	0.773121697409985	0.7534655567539654	0.4514904130577893	1.2375580456843311	0.8097029397124875	2.974335395488036	0.0	0.773121697409985	0.7534655567539654	0.0	0.0	0.8097029397124875
807000	-67.6543076695092	-52.47690173827001	-15.17740593123919	0.0	0	1	1	1	0	1	0.9875490866571246	0.24082571357964405	1.2709608591465553	0.47210395164374624	1.735322355448462	0.6382060513013104	2.2196094444082126	0.0	0.24082571357964405	1.2709608591465553	0.47210395164374624	0.0	0.6382060513013104
808000	-68.00480554862332	-48.94748500170923	-19.0573205469141	0.0	1	0	0	1	1	0	2.4924072134066484	0.037152683638965484	0.4702770796181935	4.1582488630323535	1.849097718700394	0.8566490306575358	3.378780251155883	2.4924072134066484	0.0	0.0	4.1582488630323535	1.849097718700394	0.0
809000	-68.39657074079413	-49.55896586132471	-18.83760487946942	0.0	1	1	1	0	0	1	0.6528137038843945	1.6943259081571185	3.157294047211491	0.877211656833465	1.2619674108283345	1.430847349331383	2.0711776573933425	0.6528137038843945	1.6943259081571185	3.157294047211491	0.0	0.0	1.430847349331383
810000	-62.8442946759632	-50.416726710314606	-12.427567965648592	0.0	0	1	1	0	0	1	1.0829653739621747	0.3229134334597952	0.5602896749580688	0.6120578177631774	0.28133717655729285	0.1593512801203018	4.187424844790463	0.0	0.3229134334597952	0.5602896749580688	0.0	0.0	0.1593512801203018
811000	-66.4602241432618	-51.41786145227244	-15.04236269098936	0.0	0	1	1	1	1	1	0.5944789488690957	0.41688034309751787	0.09827219994186374	0.3109508211979895	0.27890283329328697	0.180300062914572	14.182727202860786	0.0	0.41688034309751787	0.09827219994186374	0.3109508211979895	0.27890283329328697	0.180300062914572
812000	-63.99662779763112	-49.09004432836157	-14.906583469269549	0.0	1	1	1	1	0	1	0.16024392197110346	0.35150834774638556	0.5175725066065591	0.6025919616953804	1.0780641316126924	0.6618810478576772	2.8120716460890742	0.16024392197110346	0.35150834774638556	0.5175725066065591	0.6025919616953804	0.0	0.6618810478576772
813000	-64.19635735401877	-51.91212630531584	-12.284231048702932	0.0	0	1	1	0	0	1	0.47248136863906504	0.6172956472856603	0.41262446461686153	0.33445708424283715	2.0169651485392985	0.28649563386385996	1.1842203734086305	0.0	0.6172956472856603	0.41262446461686153	0.0	0.0	0.28649563386385996
814000	-66.96904016160588	-52.768963032487726	-14.200077129118156	0.0	1	0	0	1	1	1	0.029808566143122904	1.2076805717968908	0.3934086498943323	1.9131796157961796	0.5941728170700329	0.7122768420761344	1.369999666438073	0.029808566143122904	0.0	0.0	1.9131796157961796	0.5941728170700329	0.7122768420761344
815000	-66.4771334607469	-50.34162599045513	-16.135507470291763	0.0	0	1	1	1	0	1	1.6002740782404403	1.132038841998053	1.4113268718213707	0.06967940383284035	0.0952747814737203	1.974961896869767	2.263292798054879	0.0	1.132038841998053	1.4113268718213707	0.06967940383284035	0.0	1.974961896869767
816000	-65.5237846036569	-48.725993478152006	-16.797791125504894	0.0	0	1	1	1	1	1	0.6459287509620535	1.6645107952642304	1.6299944545798724	0.3072114570514286	0.05062990546509304	1.2866051155291762	2.039209127944657	0.0	1.6645107952642304	1.6299944545798724	0.3072114570514286	0.05062990546509304	1.2866051155291762
817000	-71.87003480194119	-51.19223801207717	-20.677796789864022	0.0	0	1	1	1	1	1	0.45721954711975316	2.1853176690355567	0.4244143827212005	1.7990332524106243	1.1838126250337473	2.2010221971789035	6.841701799594169	0.0	2.1853176690355567	0.4244143827212005	1.7990332524106243	1.1838126250337473	2.2010221971789035
818000	-62.68126445355353	-49.03950745882595	-13.641756994727581	0.0	1	1	0	1	1	1	0.17363581360115998	0.15986081013786135	0.3655862992492009	0.45247334880287937	0.25480377599491155	0.11407301212825317	5.047401003321359	0.17363581360115998	0.15986081013786135	0.0	0.45247334880287937	0.25480377599491155	0.11407301212825317
819000	-60.107553310168356	-48.907994999776626	-11.19955831039173	0.0	1	0	0	1	1	0	0.2279422982718045	0.030456066489311293	0.6025418223104542	0.38133935750358555	0.17642441405072484	0.6423337152808664	3.1984711110502415	0.2279422982718045	0.0	0.0	0.38133935750358555	0.17642441405072484	0.0
820000	-72.98363240562885	-55.77600321057043	-17.20762919505842	0.0	1	1	1	1	1	0	1.5369139962628058	0.23384954225967694	3.2054058182244205	0.11816949194768843	0.2070381029867538	0.22742192878812353	3.2470246339345876	1.5369139962628058	0.23384954225967694	3.2054058182244205	0.11816949194768843	0.2070381029867538	0.0
821000	-63.68889647647204	-50.61394671853427	-13.07494975793777	0.0	1	0	0	1	1	0	0.5701623609732384	0.22241991186821922	0.9753940093916311	0.7708432629442403	0.33743512166390316	0.18470312402686542	7.648929343562879	0.5701623609732384	0.0	0.0	0.7708432629442403	0.33743512166390316	0.0
822000	-64.12932521923744	-49.90975070214174	-14.219574517095698	0.0	0	1	1	0	0	1	1.3513267548986636	1.326497168240714	0.9355957124480978	0.554287173405436	0.26728626555333634	1.1154838271949066	2.001662350468942	0.0	1.326497168240714	0.9355957124480978	0.0	0.0	1.1154838271949066
823000	-67.92474796918768	-49.60612032897631	-18.318627640211364	0.0	1	1	1	0	0	1	1.7615600826284232	0.6876465225981755	3.0307566743337624	0.6299696599649973	0.3912053428722445	0.5291237015633736	9.463715125273263	1.7615600826284232	0.6876465225981755	3.0307566743337624	0.0	0.0	0.5291237015633736
824000	-63.333381812701546	-49.15406403628183	-14.179317776419719	0.0	1	1	1	0	0	1	0.27160176905839784	0.6203005414095254	1.2861131719828705	0.013963155508577924	0.7570158418156779	0.44551922417845485	5.738103282259221	0.27160176905839784	0.6203005414095254	1.2861131719828705	0.0	0.0	0.44551922417845485
825000	-64.97623282376824	-49.2171626603922	-15.759070163376052	0.0	0	1	1	0	0	1	4.254127460059519	0.6258522154743699	1.1494909225777568	0.14251516295143424	0.28682189322242657	0.46232584070132376	2.369355578496496	0.0	0.6258522154743699	1.1494909225777568	0.0	0.0	0.46232584070132376
826000	-67.36369521270484	-49.223463525299785	-18.14023168740505	0.0	0	1	1	0	0	1	0.8692534370167465	1.2352455420248125	2.8983337309192585	2.3341226169820084	0.6736039268592345	1.0981709318962543	2.8744776608645166	0.0	1.2352455420248125	2.8983337309192585	0.0	0.0	1.0981709318962543
827000	-64.56525689988099	-51.61232717298043	-12.95292972690057	0.0	0	1	0	1	1	1	0.1455886619321404	1.377563228468155	0.17408121320678782	0.36438679480623465	0.685438603199261	1.0260715038516481	1.1561601338866325	0.0	1.377563228468155	0.0	0.36438679480623465	0.685438603199261	1.0260715038516481
828000	-64.88922350031147	-50.61037702076119	-14.278846479550282	0.0	0	1	1	0	0	1	0.7730422313270603	0.4568895638608288	1.178952575104939	0.876837899413209	1.6149850204613234	0.2992664856168696	3.013644936929335	0.0	0.4568895638608288	1.178952575104939	0.0	0.0	0.2992664856168696
829000	-69.96560969953921	-52.53888714761715	-17.426722551922055	0.0	0	1	1	1	0	1	0.7427995607697924	0.9564937049444544	0.8523724391532933	0.9555283265061384	0.4259049257534137	1.3977255477284054	20.99456026902228	0.0	0.9564937049444544	0.8523724391532933	0.9555283265061384	0.0	1.3977255477284054
830000	-74.13957506124638	-53.32390738343898	-20.815667677807404	0.0	0	1	1	0	0	1	0.3823757834330598	1.036995899600414	2.4142937487639946	0.0028897992273323706	0.44948564943199576	0.7952730733659018	931.0573010828152	0.0	1.036995899600414	2.4142937487639946	0.0	0.0	0.7952730733659018
831000	-64.54900142308304	-50.789581764169114	-13.759419658913924	0.0	0	1	1	1	0	1	0.45602219225481	0.8813001431578656	0.8527116933622808	0.07626989189055483	0.5192299739655456	1.4008845506848773	1.7128217439740994	0.0	0.8813001431578656	0.8527116933622808	0.07626989189055483	0.0	1.4008845506848773
832000	-67.33413490278225	-48.69811324408511	-18.636021658697146	0.0	0	1	1	0	0	1	0.11695223949386113	1.9691828649344791	3.865908497265076	1.358318495132807	0.07560812421368508	1.8455323945925575	4.170203701058576	0.0	1.9691828649344791	3.865908497265076	0.0	0.0	1.8455323945925575
833000	-68.4011340589418	-51.43213229678847	-16.969001762153336	0.0	0	1	1	1	1	1	0.04812374641935597	1.6549456223471293	0.48111621516674713	0.7408432161831957	0.6349167599423523	0.704461728420968	9.013806660358465	0.0	1.6549456223471293	0.48111621516674713	0.7408432161831957	0.6349167599423523	0.704461728420968
834000	-63.34888984407655	-49.419811806543095	-13.929078037533458	0.0	0	1	1	0	0	1	0.13885624334502034	0.697831577854607	0.692695355673457	1.298023560562931	1.101252886673272	0.4614895041129787	4.7679239325851	0.0	0.697831577854607	0.692695355673457	0.0	0.0	0.4614895041129787
835000	-62.76507844190199	-48.57409593024081	-14.190982511661186	0.0	0	1	1	0	0	1	0.8084971713498552	0.9215744693445829	1.111033896920511	0.7593801365033482	0.6344866399888704	0.9044601726177297	2.9325765620730317	0.0	0.9215744693445829	1.111033896920511	0.0	0.0	0.9044601726177297
836000	-65.89429481056703	-48.956199575751825	-16.9380952348152	0.0	1	0	0	1	1	0	1.2564149458211704	1.9578614984180682	0.7045548664231545	1.5556403197294875	1.0732739193529615	1.0069694815350738	4.083244652607306	1.2564149458211704	0.0	0.0	1.5556403197294875	1.0732739193529615	0.0
837000	-69.55575367647896	-50.41685493138733	-19.13889874509163	0.0	1	0	0	1	1	0	2.1663223478020703	3.853196216721328	0.23865734204122926	1.6815695977025915	1.8814561750501257	0.04495713951766263	3.656724674136861	2.1663223478020703	0.0	0.0	1.6815695977025915	1.8814561750501257	0.0
838000	-71.21670465783237	-52.33938848041266	-18.877316177419715	0.0	0	1	1	1	0	1	0.8166750384502062	1.2886133458190967	0.5539904831306073	1.871699952531815	2.279773199104229	2.441299526326377	1.804648739116743	0.0	1.2886133458190967	0.5539904831306073	1.871699952531815	0.0	2.441299526326377
839000	-67.23861868561434	-49.262616670840444	-17.976002014773897	0.0	0	1	1	0	1	1	0.6135598943498727	1.5322197924687049	1.7656142124946907	2.036022145766904	0.2570338563100639	1.0204622332116857	5.548736991193566	0.0	1.5322197924687049	1.7656142124946907	0.0	0.2570338563100639	1.0204622332116857
840000	-73.47397554744394	-49.45390264370452	-24.02007290373943	0.0	0	1	1	1	0	1	0.4933584687435663	0.9756288489128996	2.225188404788627	2.431934204557133	4.4559655266070175	2.6479338162934782	5.7682191724267815	0.0	0.9756288489128996	2.225188404788627	2.431934204557133	0.0	2.6479338162934782
841000	-64.860793178191	-49.98537711454732	-14.875416063643682	0.0	0	1	1	1	0	1	0.7719013029202642	0.4908222417174421	0.8929345665906862	0.7848363407502544	0.44695859830423784	0.5343065577775836	6.787614536898578	0.0	0.4908222417174421	0.8929345665906862	0.7848363407502544	0.0	0.5343065577775836
842000	-67.8239794589918	-50.8505044063398	-16.97347505265199	0.0	1	1	0	1	1	0	1.6005690183534989	1.0503772071340878	0.2977078019005825	1.1462990551907613	1.8614031783839906	0.424152948976908	4.740285064622774	1.6005690183534989	1.0503772071340878	0.0	1.1462990551907613	1.8614031783839906	0.0
843000	-68.55876189795464	-49.259350197843624	-19.299411700111023	0.0	1	1	1	1	1	1	0.9828712726666345	1.666359095558331	0.9410533280261572	0.8895832786522356	0.8855519358514908	0.7245082754296982	2.600745088918966	0.9828712726666345	1.666359095558331	0.9410533280261572	0.8895832786522356	0.8855519358514908	0.7245082754296982
844000	-62.85986057944933	-52.36085076987476	-10.499009809574572	0.0	0	1	0	0	1	1	0.20232274654960905	0.4321341362203704	0.417493590550748	0.3332327481547271	0.2960694531926748	0.4082759513074537	1.5442827143186915	0.0	0.4321341362203704	0.0	0.0	0.2960694531926748	0.4082759513074537
845000	-67.76710201080608	-49.015369550194826	-18.75173246061126	0.0	1	1	1	0	0	1	0.7276156445110508	1.0113832273495968	2.6245055258651813	2.28448669797958	0.7807659978393011	0.7884752261467471	4.472026115304217	0.7276156445110508	1.0113832273495968	2.6245055258651813	0.0	0.0	0.7884752261467471
846000	-68.39374318278448	-49.390413841803635	-19.003329340980844	0.0	1	0	0	1	1	0	1.4246571293445602	1.8668399005828533	1.7079259526242196	2.05657524212085	0.9516049604978705	1.392581289862069	5.082869437416842	1.4246571293445602	0.0	0.0	2.05657524212085	0.9516049604978705	0.0
847000	-61.34582655946784	-48.528801199350355	-12.81702536011748	0.0	0	1	1	0	0	1	0.17810396887082405	0.7442656744344748	1.100243803960465	0.6420964713230805	0.5988909718469112	0.5594234391910533	2.768868299047865	0.0	0.7442656744344748	1.100243803960465	0.0	0.0	0.5594234391910533
848000	-63.61521901011022	-50.97532668226003	-12.639892327850195	0.0	0	1	1	0	0	1	0.09852599144499491	0.7404275221104838	0.5023404426854469	1.0778340226604726	0.22036652887372868	0.46111248002397587	4.769617287139329	0.0	0.7404275221104838	0.5023404426854469	0.0	0.0	0.46111248002397587
849000	-66.26195012852433	-49.30569828531993	-16.95625184320441	0.0	0	1	1	1	0	1	0.45740568307640733	0.7920037269827063	1.1831439017711096	2.3338961468693658	0.3123377448291268	1.4685393765913726	3.945862994767961	0.0	0.7920037269827063	1.1831439017711096	2.3338961468693658	0.0	1.4685393765913726
850000	-65.39988182911748	-49.363772094265165	-16.036109734852314	0.0	1	0	0	1	1	1	1.148420503646875	0.31466629159054327	0.45066454008250445	1.9568521153425007	1.315365033189935	0.3524156069638172	4.3110925421427355	1.148420503646875	0.0	0.0	1.9568521153425007	1.315365033189935	0.3524156069638172
851000	-73.40850265702909	-54.79152957537557	-18.616973081653526	0.0	1	1	1	0	0	1	0.09789165917113071	0.390471934770553	2.4871622598953262	1.1409691992923525	4.168630455117029	0.4134363850450421	2.4186061250001045	0.09789165917113071	0.390471934770553	2.4871622598953262	0.0	0.0	0.4134363850450421
852000	-68.18038096851583	-49.48384500593258	-18.696535962583255	0.0	1	0	0	1	1	1	1.5502513903129784	0.43074593272262834	0.6020973940800975	3.460266564951845	1.3258269091246209	1.2585705738666901	2.8103689216152876	1.5502513903129784	0.0	0.0	3.460266564951845	1.3258269091246209	1.2585705738666901
853000	-66.72333631485071	-49.801749776200644	-16.921586538650075	0.0	1	0	0	1	1	0	2.796657984808619	0.6369794441907293	0.3848188625751915	2.3219069658076346	1.6881894638242156	0.2300256134998344	2.4294247798560424	2.796657984808619	0.0	0.0	2.3219069658076346	1.6881894638242156	0.0
854000	-66.52808492388593	-53.39405172990755	-13.134033193978373	0.0	1	0	0	1	1	0	0.24583867128984313	0.632402651191453	0.5227029426503998	0.2129261415706898	0.2065263431603488	0.15902486190029777	23.579565694199076	0.24583867128984313	0.0	0.0	0.2129261415706898	0.2065263431603488	0.0
855000	-66.77860119484262	-49.92656403485004	-16.852037159992584	0.0	1	0	1	1	0	1	0.9939792541662612	0.16529340734988326	1.208944982061457	0.6574171724227627	1.8565203918811393	0.5220128788056474	11.084039154328305	0.9939792541662612	0.0	1.208944982061457	0.6574171724227627	0.0	0.5220128788056474
856000	-65.9071875509178	-49.92860791880718	-15.97857963211062	0.0	0	1	1	1	0	1	0.2333671246012478	1.0578457065121112	1.9132031572070667	0.5593070790284307	1.5781905565986494	0.8562214416240906	2.107280604940976	0.0	1.0578457065121112	1.9132031572070667	0.5593070790284307	0.0	0.8562214416240906
857000	-72.77885838161666	-52.901677415886354	-19.877180965730304	0.0	1	1	0	1	1	1	0.32309709744427073	0.8628383429729289	1.1228295399694104	3.6881025547127404	1.489387043427167	0.44838290747485343	4.223813762665209	0.32309709744427073	0.8628383429729289	0.0	3.6881025547127404	1.489387043427167	0.44838290747485343
858000	-72.21814634883518	-54.622419339595154	-17.595727009240022	0.0	1	0	0	1	1	0	1.8204140477277948	2.0614436435562555	0.31721913993687384	2.006564763857545	2.5264733406541287	0.9234127247021354	0.9659790196123929	1.8204140477277948	0.0	0.0	2.006564763857545	2.5264733406541287	0.0
859000	-69.44702533805925	-51.09088484828557	-18.35614048977368	0.0	1	0	0	1	1	0	0.7193646334818798	1.8869020956028002	1.0178698823093597	1.1599308615581843	1.262807628167437	2.8931400772361973	4.218730253198612	0.7193646334818798	0.0	0.0	1.1599308615581843	1.262807628167437	0.0
860000	-61.762119858739915	-49.49278068429024	-12.269339174449678	0.0	0	1	1	0	0	1	1.1649624338084261	0.27664048898425114	0.2629754579551437	0.6960952753046918	0.17920179561787666	0.17965484569336787	4.631580978845015	0.0	0.27664048898425114	0.2629754579551437	0.0	0.0	0.17965484569336787
861000	-71.55003015328276	-54.144329175145984	-17.405700978136785	0.0	0	1	1	1	1	1	0.00924819870887935	0.7335884776151289	1.9309143028991256	0.13267209869065033	0.020391252407332874	0.4727555739813697	35.69425872061472	0.0	0.7335884776151289	1.9309143028991256	0.13267209869065033	0.020391252407332874	0.4727555739813697
862000	-59.09765397357944	-49.19975708694132	-9.89789688663812	0.0	0	1	1	0	0	1	0.09625831204053914	0.3226147154573666	0.312882086462644	0.13495300189412	0.18798216454889122	0.2640057742462065	1.8297207400579536	0.0	0.3226147154573666	0.312882086462644	0.0	0.0	0.2640057742462065
863000	-67.10278165542425	-51.35088334923724	-15.751898306187002	0.0	0	1	0	1	1	1	0.19368446307028833	2.5471443524124346	0.09894159720908118	1.3305941657912885	1.0854190525661855	1.0893528956677072	1.450631191557617	0.0	2.5471443524124346	0.0	1.3305941657912885	1.0854190525661855	1.0893528956677072
864000	-67.51736906127798	-49.6162403924721	-17.901128668805875	0.0	0	1	0	1	1	1	1.3997248354447556	2.1805853848761463	0.1337066394137866	1.1049761909803868	1.6122921293126744	0.9506393007254728	4.4043735317851604	0.0	2.1805853848761463	0.0	1.1049761909803868	1.6122921293126744	0.9506393007254728
865000	-68.09517510195926	-49.72109801073115	-18.374077091228106	0.0	1	1	1	1	0	1	0.1664875800108213	0.22741457588875075	0.751695950662102	0.2628349021459273	5.131695566764467	0.4203548917794569	2.4917689965405923	0.1664875800108213	0.22741457588875075	0.751695950662102	0.2628349021459273	0.0	0.4203548917794569
866000	-62.685944562134885	-50.11277786306199	-12.573166699072893	0.0	1	1	1	0	0	1	0.009928254419448113	0.25952237641865583	0.7931005449287135	0.8290605084332906	0.18763956267331855	0.22102167619916865	3.445266053169558	0.009928254419448113	0.25952237641865583	0.7931005449287135	0.0	0.0	0.22102167619916865
867000	-63.573579047595764	-50.18718446987459	-13.386394577721177	0.0	1	1	1	0	0	1	0.3374484851516794	0.4620146622252645	1.5316660219231168	0.4637769833047678	0.08640114378719987	0.3151390009221544	3.171632734134815	0.3374484851516794	0.4620146622252645	1.5316660219231168	0.0	0.0	0.3151390009221544
868000	-65.32370361965376	-50.79130375192942	-14.532399867724333	0.0	1	1	1	0	1	0	0.4526759902474539	0.37981353963115916	0.49714476082591286	0.4367907993779215	0.39168450503566377	2.4497783139290488	2.4333854471616214	0.4526759902474539	0.37981353963115916	0.49714476082591286	0.0	0.39168450503566377	0.0
869000	-64.27355138713821	-52.534450956652236	-11.739100430485973	0.0	0	1	1	0	0	1	0.4028427066886845	0.748449025539315	0.3281231206854106	0.3076192654388306	1.2174762007321953	0.45090095764700905	1.3618229880306634	0.0	0.748449025539315	0.3281231206854106	0.0	0.0	0.45090095764700905
870000	-66.89060231139953	-49.42371056201189	-17.466891749387635	0.0	1	0	1	1	1	0	1.5179732623707343	0.6462029775987217	1.280766044586173	1.4375594073429354	0.739565783953799	0.9784168257681586	6.223471829976302	1.5179732623707343	0.0	1.280766044586173	1.4375594073429354	0.739565783953799	0.0
871000	-69.00954695570549	-52.8098707336172	-16.199676222088286	0.0	0	1	0	1	1	1	2.6741906752353297	0.5514385073805069	2.529563965221495	0.40886310808389337	0.6191456941712654	0.29324528238082814	1.0925785784983213	0.0	0.5514385073805069	0.0	0.40886310808389337	0.6191456941712654	0.29324528238082814
872000	-71.32330301950947	-50.37592394297548	-20.947379076533977	0.0	0	1	1	0	0	1	2.154645968088527	2.189726019808164	4.475395433500244	0.5921159175084553	0.2739007927193668	1.3769178071919284	6.726431936320925	0.0	2.189726019808164	4.475395433500244	0.0	0.0	1.3769178071919284
873000	-64.63379033907279	-49.429296841492935	-15.20449349757985	0.0	0	1	0	1	1	1	0.31011666756166756	0.5960108199534212	0.5738709747113401	1.3968669999352092	0.5229018732605694	0.7209336609557503	7.7247372629947195	0.0	0.5960108199534212	0.0	1.3968669999352092	0.5229018732605694	0.7209336609557503
874000	-65.7351380443652	-49.15224739555733	-16.58289064880787	0.0	0	1	1	0	0	1	2.012841138670873	1.744113134139887	1.484388774189274	1.0323389051676286	0.23587514101805715	1.0995041111702317	2.7136705247002935	0.0	1.744113134139887	1.484388774189274	0.0	0.0	1.0995041111702317
875000	-66.3862209339559	-49.41987332715521	-16.966347606800692	0.0	1	0	0	1	1	0	1.0210830340061112	2.771385339703368	0.4141219932369958	1.0718594397064805	0.838499420707381	1.3697326735662574	4.494534544662176	1.0210830340061112	0.0	0.0	1.0718594397064805	0.838499420707381	0.0
876000	-71.3523245400728	-51.30375801165462	-20.04856652841817	0.0	0	1	1	1	1	1	2.260234230867158	1.5982791023538705	0.7186916805133039	0.8978890339039116	1.0399580515837195	0.6333094799251454	10.94227100084291	0.0	1.5982791023538705	0.7186916805133039	0.8978890339039116	1.0399580515837195	0.6333094799251454
877000	-72.32623045879227	-50.23929606288269	-22.08693439590958	0.0	0	1	1	0	0	1	0.7980795016940166	2.673221509358154	3.997645098281306	0.6572398932203576	1.143313694638565	2.721711164206444	8.29565341204686	0.0	2.673221509358154	3.997645098281306	0.0	0.0	2.721711164206444
878000	-64.2842197180446	-49.58039117983943	-14.70382853820517	0.0	1	1	1	0	0	1	0.09427768943825299	0.34699545870082305	0.41916245588527234	1.0702080495263118	1.9227252086935323	0.2541736317847515	4.755990957238867	0.09427768943825299	0.34699545870082305	0.41916245588527234	0.0	0.0	0.2541736317847515
879000	-67.68957079656636	-54.65024092521675	-13.039329871349615	0.0	0	1	0	0	1	1	1.8392425920630602	1.0160754394670541	1.3990055712668485	0.10403471898576418	0.6874711025619846	0.5178353887316592	0.6069838472131693	0.0	1.0160754394670541	0.0	0.0	0.6874711025619846	0.5178353887316592
880000	-65.61828822840069	-52.21418659816187	-13.404101630238825	0.0	1	1	1	0	0	1	0.6301960919198772	1.1409516419094354	1.0593570635314178	0.02355786307093337	0.5161640195024505	0.36049259627986857	1.8935301402223452	0.6301960919198772	1.1409516419094354	1.0593570635314178	0.0	0.0	0.36049259627986857
881000	-73.81474030727107	-53.643564708912116	-20.171175598358946	0.0	0	1	0	1	1	1	0.7044855503269584	0.8266025707938403	1.1882327449596797	0.9157562775200359	0.4081884037679568	0.36459339637830734	507.1177641024573	0.0	0.8266025707938403	0.0	0.9157562775200359	0.4081884037679568	0.36459339637830734
882000	-77.9018086348117	-53.305895020768354	-24.595913614043347	0.0	1	1	1	1	1	0	0.9980109159366513	0.22905270104929776	0.6468825042897757	0.7667542173442868	0.501457997763338	1.6513517015731463	1809.8715068828644	0.9980109159366513	0.22905270104929776	0.6468825042897757	0.7667542173442868	0.501457997763338	0.0
883000	-66.2949947314368	-49.390019195973444	-16.904975535463358	0.0	1	0	0	1	1	0	0.8678120258263995	1.8314967874460477	2.1014372660048997	0.9066634916597099	0.5412623716456747	1.249019308488212	4.181714670331901	0.8678120258263995	0.0	0.0	0.9066634916597099	0.5412623716456747	0.0
884000	-67.83690287192454	-50.0091578416855	-17.827745030239036	0.0	0	1	0	1	1	1	0.3255175966358477	1.5680691473842345	0.24671523286409214	1.9867496021834496	1.5403849021818372	1.0726193043772332	7.754695006788113	0.0	1.5680691473842345	0.0	1.9867496021834496	1.5403849021818372	1.0726193043772332
885000	-63.98467548392467	-49.52680191423415	-14.457873569690522	0.0	1	0	0	1	1	1	0.8004461647362079	0.008003347127396171	0.26603304129790994	1.6784196624982657	1.0771368804026513	0.3109351736613666	3.5998635844169615	0.8004461647362079	0.0	0.0	1.6784196624982657	1.0771368804026513	0.3109351736613666
886000	-63.34078484802057	-51.35145735996272	-11.989327488057846	0.0	1	0	1	1	1	0	0.5776513390441251	0.023159115585856125	0.16865404412837495	0.5303461484619171	0.7272555346175079	0.38673205342629774	1.7171542008322893	0.5776513390441251	0.0	0.16865404412837495	0.5303461484619171	0.7272555346175079	0.0
887000	-64.79233875335066	-48.890169002831236	-15.90216975051942	0.0	0	1	1	0	1	1	0.3427504367079548	1.0661834444177736	1.0834343399982096	2.2322815093936144	0.6114099044566723	0.6242252152824537	2.4759673874049666	0.0	1.0661834444177736	1.0834343399982096	0.0	0.6114099044566723	0.6242252152824537
888000	-66.32908142675893	-49.137290509936726	-17.191790916822203	0.0	1	1	1	1	1	1	0.8654614165736839	0.34078940184703166	0.8709584681340882	0.7178435244862953	0.5162995005694051	0.10285375120459785	4.583588275803943	0.8654614165736839	0.34078940184703166	0.8709584681340882	0.7178435244862953	0.5162995005694051	0.10285375120459785
889000	-60.935331954969	-49.00664964076428	-11.928682314204721	0.0	0	1	1	1	0	1	0.21906650088605695	0.3317214389040819	0.405147795201249	0.13537897689188122	0.14018222250599166	0.24744895216763066	4.109723204140392	0.0	0.3317214389040819	0.405147795201249	0.13537897689188122	0.0	0.24744895216763066
890000	-67.5577849639785	-50.16366886947909	-17.394116094499417	0.0	1	0	1	1	1	0	0.7094618611242779	0.4166511317892217	0.3765677318884275	1.5461142286304492	0.7307342450809112	2.9329829363313125	5.177830439912454	0.7094618611242779	0.0	0.3765677318884275	1.5461142286304492	0.7307342450809112	0.0
891000	-66.60137257943013	-51.85769321765187	-14.743679361778263	0.0	1	0	0	1	1	0	0.7471426995035061	2.387907502945896	0.6239456421397046	0.5960683972116354	0.9635914761233447	0.3437079554687829	3.0210013670440894	0.7471426995035061	0.0	0.0	0.5960683972116354	0.9635914761233447	0.0
892000	-64.77729184659692	-51.17396798402538	-13.603323862571543	0.0	1	0	0	1	1	0	0.5307444739029994	1.1831922955403418	0.2061582209942412	1.349607486080508	0.8406680926739126	0.8681611277083292	1.9149949111578548	0.5307444739029994	0.0	0.0	1.349607486080508	0.8406680926739126	0.0
893000	-75.26388987318296	-54.86989011657524	-20.393999756607723	0.0	1	0	0	1	1	1	1.4993315269336827	0.673603362568147	0.13103768071589017	2.4478847398257004	1.9093660505187051	2.702998568299405	7.32111831600422	1.4993315269336827	0.0	0.0	2.4478847398257004	1.9093660505187051	2.702998568299405
894000	-67.57730472302943	-48.96590956784835	-18.61139515518108	0.0	0	1	1	0	0	1	0.3759031802668661	2.320233884479157	2.8768213562160225	0.5857130172675611	1.4375312734721555	1.5315585275105628	4.512342722268497	0.0	2.320233884479157	2.8768213562160225	0.0	0.0	1.5315585275105628
895000	-64.49477213144299	-49.47439988873865	-15.020372242704333	0.0	0	1	1	1	0	1	0.4778142061998479	0.9792800027731813	0.773046394027809	0.5939545069909695	1.4909058860935294	1.0699080503528147	1.823132616015136	0.0	0.9792800027731813	0.773046394027809	0.5939545069909695	0.0	1.0699080503528147
896000	-64.70874602346109	-49.655400366071085	-15.053345657389999	0.0	0	1	1	1	1	1	0.16215073555489712	0.9625598686880725	0.31226444442781254	0.32190864640048716	0.6197023109562926	0.37136071265039766	6.050414016195611	0.0	0.9625598686880725	0.31226444442781254	0.32190864640048716	0.6197023109562926	0.37136071265039766
897000	-67.86848618876115	-51.30216275148389	-16.566323437277262	0.0	1	0	0	1	1	0	0.5133745237640506	1.024058427009463	1.963044189578833	0.967968066528154	0.8150945422202822	1.3687710024684188	6.925501541290096	0.5133745237640506	0.0	0.0	0.967968066528154	0.8150945422202822	0.0
898000	-69.47112573739427	-48.7832023155065	-20.687923421887778	0.0	1	1	0	1	1	0	2.4471955285363	0.06371569695285255	0.5248066125435189	3.9433470226032044	2.402017965934147	0.9634012200277066	3.6964242600229635	2.4471955285363	0.06371569695285255	0.0	3.9433470226032044	2.402017965934147	0.0
899000	-66.62482059850126	-49.4889082501613	-17.135912348339964	0.0	1	1	1	0	0	1	0.09162983766242438	1.3457409128748454	2.29634725709982	0.5392127182169149	0.5500860218839396	1.824374644378218	4.271721343478917	0.09162983766242438	1.3457409128748454	2.29634725709982	0.0	0.0	1.824374644378218
900000	-68.464318433831	-49.45445119585635	-19.009867237974646	0.0	0	1	1	1	1	1	0.6316794730487538	1.397036784200034	1.2555624899672573	1.1073752638729308	0.5387965619337789	2.5714347329862313	2.7380040549391804	0.0	1.397036784200034	1.2555624899672573	1.1073752638729308	0.5387965619337789	2.5714347329862313
901000	-67.97758878982839	-49.48820014369263	-18.48938864613575	0.0	1	1	1	0	1	1	0.874676688954787	1.8470034533510875	2.519704883767777	0.28507448978540867	0.7941408039583171	0.46148931730325765	3.340573932963272	0.874676688954787	1.8470034533510875	2.519704883767777	0.0	0.7941408039583171	0.46148931730325765
902000	-64.53154364643393	-49.70065702248417	-14.830886623949752	0.0	1	0	0	1	1	0	1.0304441480823676	0.29798806003618045	0.365442788944515	1.3287220889385611	1.3199448634094415	1.4609370966353163	2.8627556829665397	1.0304441480823676	0.0	0.0	1.3287220889385611	1.3199448634094415	0.0
903000	-68.21445489092267	-48.99435748169833	-19.220097409224344	0.0	1	0	1	1	1	0	2.358398321389999	1.2161943336898153	1.4676291118908877	2.1789156092382584	1.2601669545240906	0.21691634110666946	4.416120068398426	2.358398321389999	0.0	1.4676291118908877	2.1789156092382584	1.2601669545240906	0.0
904000	-65.71256790831133	-49.89521817178763	-15.817349736523692	0.0	1	1	0	1	1	1	0.8638278861075355	0.021044304568860604	0.9483649009393618	1.1584214032421998	1.1002420559027384	0.17431892779999353	2.8585088277640436	0.8638278861075355	0.021044304568860604	0.0	1.1584214032421998	1.1002420559027384	0.17431892779999353
905000	-69.24359433302585	-51.906106101068566	-17.337488231957288	0.0	1	1	1	1	1	1	0.29771421289828837	1.0460074792623102	0.5719461239669694	0.12775015737182874	0.678805486559165	0.030836733509335336	10.22146046514238	0.29771421289828837	1.0460074792623102	0.5719461239669694	0.12775015737182874	0.678805486559165	0.030836733509335336
906000	-68.2754074260903	-51.981817537844	-16.293589888246295	0.0	1	1	1	1	1	0	1.2584345925136937	0.7164127021227366	1.0191112789805759	0.651461048877366	0.3741365623955353	0.9152087468899548	2.359151823302086	1.2584345925136937	0.7164127021227366	1.0191112789805759	0.651461048877366	0.3741365623955353	0.0
907000	-67.94471849539858	-50.71272182053159	-17.23199667486699	0.0	0	1	1	0	1	1	1.512234710405762	0.9902655071571709	0.7323425153541716	2.3386286244483623	0.643527555644316	1.1064450687743757	2.3949126213070318	0.0	0.9902655071571709	0.7323425153541716	0.0	0.643527555644316	1.1064450687743757
908000	-65.87528690727774	-49.9780266874047	-15.897260219873043	0.0	0	1	1	1	0	1	0.8053180128302223	0.7358923873976932	1.3465514703019619	1.251248912247557	0.6238151544372665	1.424712946693113	1.9635384257983701	0.0	0.7358923873976932	1.3465514703019619	1.251248912247557	0.0	1.424712946693113
909000	-62.87249479681985	-49.26256851284403	-13.60992628397582	0.0	1	0	0	1	1	0	0.6141123299125594	0.18092559907901334	0.2893758775188238	0.5929485074284593	0.4356578368841131	2.5406920158160866	2.6663661350221135	0.6141123299125594	0.0	0.0	0.5929485074284593	0.4356578368841131	0.0
910000	-64.49678069900749	-50.04421717099006	-14.452563528017423	0.0	1	0	0	1	1	0	0.9913497723104331	0.43676689407917585	0.08301806987169091	0.934885977953128	1.0492623662935694	1.7848217661492634	3.3086315141159597	0.9913497723104331	0.0	0.0	0.934885977953128	1.0492623662935694	0.0
911000	-71.31221200856575	-50.881259949760576	-20.43095205880517	0.0	0	1	0	0	1	1	5.471809411164643	2.7556387701204534	0.30258597739665394	0.30805437384306616	2.1428989384636643	0.6903016973880459	2.1911887951895275	0.0	2.7556387701204534	0.0	0.0	2.1428989384636643	0.6903016973880459
912000	-62.83180681106141	-48.81432023717806	-14.01748657388335	0.0	0	1	1	0	0	1	0.5847030446837875	0.8504298869247975	1.1663667733477163	0.7545609575630573	0.761329986403612	0.5533232364551803	3.9369025517808893	0.0	0.8504298869247975	1.1663667733477163	0.0	0.0	0.5533232364551803
913000	-72.99646254606043	-49.91520209754737	-23.081260448513053	0.0	1	1	1	1	1	1	0.3323804951547064	2.9531119946368345	0.22821401934650676	3.512447879212394	1.770832082473944	0.9629123931527532	2.908040345212221	0.3323804951547064	2.9531119946368345	0.22821401934650676	3.512447879212394	1.770832082473944	0.9629123931527532
914000	-65.55257423943192	-49.27337962998	-16.279194609451928	0.0	0	1	1	1	0	1	1.9288414459668974	0.2643702216737852	0.4002188409597201	1.2301931686976277	0.20384113771340312	1.1584436697612503	7.797925030061236	0.0	0.2643702216737852	0.4002188409597201	1.2301931686976277	0.0	1.1584436697612503
915000	-68.55426329695833	-51.03751866400141	-17.516744632956918	0.0	0	1	1	1	0	1	0.29440326991207594	1.421691310093084	3.3831135721507555	0.4801557113810583	0.1707366385731148	0.9315613701572961	6.032509140802093	0.0	1.421691310093084	3.3831135721507555	0.4801557113810583	0.0	0.9315613701572961
916000	-68.01473291755765	-49.375952386588324	-18.638780530969328	0.0	1	1	1	1	0	1	0.20293253808783024	1.5505789303236561	1.9443947211118449	0.14704652675284063	1.2579803792549522	1.320267731972621	5.544056340599028	0.20293253808783024	1.5505789303236561	1.9443947211118449	0.14704652675284063	0.0	1.320267731972621
917000	-68.64431715788437	-52.438093715004875	-16.206223442879498	0.0	1	0	0	1	1	0	0.5788343626310698	1.7646118770906585	0.21402178422415563	2.69504237954238	0.6853697053210314	1.0256360158150954	3.5488130587751012	0.5788343626310698	0.0	0.0	2.69504237954238	0.6853697053210314	0.0
918000	-65.91440212157372	-50.069139191342465	-15.845262930231245	0.0	0	1	1	0	0	1	0.022232637292550227	2.0195578698238528	1.702414493367107	0.048760232963783234	1.053407821990423	1.421767789231621	4.9528209416898346	0.0	2.0195578698238528	1.702414493367107	0.0	0.0	1.421767789231621
919000	-65.12851610749333	-51.68750388372083	-13.4410122237725	0.0	0	1	1	1	0	1	0.017024076208676027	0.6301640985655297	0.8071286206869641	0.4032180660759907	0.3343802263151709	0.3649895995330706	6.334019779559259	0.0	0.6301640985655297	0.8071286206869641	0.4032180660759907	0.0	0.3649895995330706
920000	-62.28741441028224	-48.751706539981946	-13.535707870300293	0.0	0	1	1	0	0	1	1.22173905355526	0.9111097457830387	1.4661290619588334	0.08377062115843825	0.06544494046114382	0.6280537299838589	3.2660012004447783	0.0	0.9111097457830387	1.4661290619588334	0.0	0.0	0.6280537299838589
921000	-67.0607402965116	-49.47157877206656	-17.589161524445046	0.0	0	1	1	1	0	1	2.085603502095556	1.004741325765449	1.672845956175893	0.046704773091897356	0.9258179909852887	0.8877049534597478	6.869670122851026	0.0	1.004741325765449	1.672845956175893	0.046704773091897356	0.0	0.8877049534597478
922000	-61.17481366859775	-48.43681068920624	-12.738002979391508	0.0	0	1	1	0	0	1	0.5231498659328717	0.48038053795861924	0.5877437508838519	1.207803711207798	0.4304825914999051	0.40425186037875016	3.09075809614671	0.0	0.48038053795861924	0.5877437508838519	0.0	0.0	0.40425186037875016
923000	-68.36416078271913	-51.34486133013111	-17.019299452588015	0.0	1	1	1	1	1	1	0.9197621611412109	0.5544591186129181	0.6676472028133587	0.6246634065061939	0.2629181256660758	0.9340001343785158	2.2308423513716886	0.9197621611412109	0.5544591186129181	0.6676472028133587	0.6246634065061939	0.2629181256660758	0.9340001343785158
924000	-64.29484993616768	-48.63044234675966	-15.664407589408016	0.0	0	1	1	1	0	1	0.7547567192863034	1.3566561529279697	1.3408623088849125	0.552782150908591	0.5449368956830244	1.2153128998312963	2.3724129881752347	0.0	1.3566561529279697	1.3408623088849125	0.552782150908591	0.0	1.2153128998312963
925000	-63.706350099528706	-52.416381880844746	-11.289968218683956	0.0	0	0	0	1	1	1	0.7123641723010845	0.013942915679834297	0.1413165151051139	1.0452565649454364	0.35946854623341923	0.5072619703933777	1.7080850708259772	0.0	0.0	0.0	1.0452565649454364	0.35946854623341923	0.5072619703933777
926000	-67.85353317560441	-51.03610441711731	-16.817428758487104	0.0	1	1	1	1	1	1	0.6036450485528619	0.0952486445909134	0.5863391387151566	0.9711322915627602	0.3294219330676204	1.0017320593643853	2.6543237618332762	0.6036450485528619	0.0952486445909134	0.5863391387151566	0.9711322915627602	0.3294219330676204	1.0017320593643853
927000	-64.68396762344226	-50.356079381916416	-14.327888241525844	0.0	0	1	1	0	1	1	0.07333367643515291	0.625859384062796	0.5407868170413559	1.9403125081428125	0.5151393206491343	0.5889663434141108	2.740316891786069	0.0	0.625859384062796	0.5407868170413559	0.0	0.5151393206491343	0.5889663434141108
928000	-68.59765806229917	-49.42803111039752	-19.169626951901655	0.0	0	1	1	1	1	1	2.5245535528474026	1.444492050142755	1.5718349963152733	0.4767322384261478	0.8134897470915048	0.7031916314386149	3.1091084526939525	0.0	1.444492050142755	1.5718349963152733	0.4767322384261478	0.8134897470915048	0.7031916314386149
929000	-68.03564390078682	-49.27516413965121	-18.760479761135617	0.0	0	1	1	0	0	1	2.642870534536815	0.8567774974476626	1.8986357272866494	0.23768119958316697	2.6223150235790436	0.8213461580132942	5.4917840666634445	0.0	0.8567774974476626	1.8986357272866494	0.0	0.0	0.8213461580132942
930000	-67.31122609087441	-52.23464868407206	-15.076577406802354	0.0	0	1	0	1	1	1	1.3533987080019607	1.6516350409923672	0.8910564393918757	0.3085003720973122	0.9029941385485415	0.23158446294065133	2.018606990170174	0.0	1.6516350409923672	0.0	0.3085003720973122	0.9029941385485415	0.23158446294065133
931000	-68.11246572763208	-52.646499614460396	-15.465966113171685	0.0	0	1	1	0	0	1	0.3327298478428478	0.6893280751132084	0.43971022945624505	2.6662306261695696	2.772695181351575	0.5113521783636773	1.0823177879134458	0.0	0.6893280751132084	0.43971022945624505	0.0	0.0	0.5113521783636773
932000	-64.44530272113654	-48.567477294041964	-15.877825427094578	0.0	0	1	1	1	1	1	1.4905710248347914	0.5987188099982814	0.6534351253004108	0.6159640931227414	0.30197026375551195	0.5861174494172082	3.095845115583207	0.0	0.5987188099982814	0.6534351253004108	0.6159640931227414	0.30197026375551195	0.5861174494172082
933000	-66.73232033454622	-50.497358017421334	-16.23496231712489	0.0	0	1	1	0	1	1	0.5645884037627421	1.055480408504368	1.4456564037759363	1.3811223884811032	0.11597976801624715	1.815573803007399	2.2737363530286707	0.0	1.055480408504368	1.4456564037759363	0.0	0.11597976801624715	1.815573803007399
934000	-64.98138590918283	-50.191665567509226	-14.789720341673608	0.0	0	1	1	1	0	1	1.0360879747449991	0.6260395579060308	0.8846277126772697	0.050563425111437854	0.4816570981948029	0.48673942130606357	8.878440800706649	0.0	0.6260395579060308	0.8846277126772697	0.050563425111437854	0.0	0.48673942130606357
935000	-67.06971272536788	-50.157738028242555	-16.91197469712533	0.0	1	1	0	1	1	0	0.4953902529125484	0.18012784904753618	3.365730802838384	0.8970399799192713	0.7413301592464981	0.2707684271753014	6.841345916840844	0.4953902529125484	0.18012784904753618	0.0	0.8970399799192713	0.7413301592464981	0.0
936000	-80.20858806178131	-53.99279267566763	-26.215795386113676	0.0	1	1	1	1	1	1	1.1715297148676678	1.6435626914876647	2.0547006072242633	0.9711397055166724	2.646515198440091	0.48959815708433657	129.31542225111832	1.1715297148676678	1.6435626914876647	2.0547006072242633	0.9711397055166724	2.646515198440091	0.48959815708433657
937000	-67.50950953147628	-48.97736879196704	-18.532140739509252	0.0	1	0	0	1	1	1	0.7859036799726294	1.6778367400362761	2.474233212897886	1.739219769880405	0.7600387295937168	0.4722374275095496	4.8826584223656395	0.7859036799726294	0.0	0.0	1.739219769880405	0.7600387295937168	0.4722374275095496
938000	-68.88524601884585	-51.71058573204048	-17.174660286805366	0.0	1	1	1	0	1	1	0.0800893422303806	1.0930560901608954	0.9819089182099133	0.7655794949207064	0.584038547561946	0.3719359653356209	16.209637098157256	0.0800893422303806	1.0930560901608954	0.9819089182099133	0.0	0.584038547561946	0.3719359653356209
939000	-70.71795864054965	-52.07470269058678	-18.643255949962874	0.0	1	1	1	0	1	1	0.21705161618666038	3.6909378446497936	1.122362541169783	0.2136295387748833	1.7315405359826976	1.0077349936152813	1.1734679515441617	0.21705161618666038	3.6909378446497936	1.122362541169783	0.0	1.7315405359826976	1.0077349936152813
940000	-63.7741733587932	-49.48474205194116	-14.28943130685204	0.0	0	1	0	1	1	1	0.173372403245154	0.6635751854118013	0.5435133781220234	1.015512613865616	0.7920728266772619	0.5463717357841413	4.564379985426576	0.0	0.6635751854118013	0.0	1.015512613865616	0.7920728266772619	0.5463717357841413
941000	-69.50007947614854	-51.010498422891935	-18.48958105325661	0.0	1	1	1	0	1	0	1.0491646690051788	0.9821092089759322	1.0610732138005134	3.798475180755219	1.236598416296964	0.3887522730864824	2.5551391348227765	1.0491646690051788	0.9821092089759322	1.0610732138005134	0.0	1.236598416296964	0.0
942000	-67.55440172688812	-50.77452933735934	-16.779872389528773	0.0	0	1	1	1	1	1	0.9181562160257237	0.7338356099864427	0.34272371321955847	1.776982012244049	1.1468575366425298	0.7403528802066478	1.8602352154710906	0.0	0.7338356099864427	0.34272371321955847	1.776982012244049	1.1468575366425298	0.7403528802066478
943000	-64.94386107340972	-51.71770574631124	-13.226155327098486	0.0	0	1	1	1	1	1	0.29822391649846464	0.45240626331953543	0.08701032463955517	0.49851244786397964	0.5220963993791861	0.6538320553621373	1.2386565211673133	0.0	0.45240626331953543	0.08701032463955517	0.49851244786397964	0.5220963993791861	0.6538320553621373
944000	-64.94336700800203	-49.05006941883718	-15.893297589164845	0.0	1	0	0	1	1	1	1.1624548492476887	0.6495104574505365	0.04197527086425801	2.0090142162908604	1.1923341746253935	0.30548613676708497	4.463221222978237	1.1624548492476887	0.0	0.0	2.0090142162908604	1.1923341746253935	0.30548613676708497
945000	-67.59644281377064	-48.86211960988376	-18.73432320388687	0.0	1	0	0	1	1	0	0.35686027306633933	0.16756749905506324	3.5025687323513135	0.5779122061171338	0.2902745772093836	4.435516150450043	4.166483663655092	0.35686027306633933	0.0	0.0	0.5779122061171338	0.2902745772093836	0.0
946000	-68.07813073968897	-49.16903304382845	-18.909097695860527	0.0	0	1	1	1	0	1	0.5471973138184184	0.7735036295050524	1.887334931805261	1.6329320922906663	1.9565675477424658	1.7011738388139428	3.9516233304065524	0.0	0.7735036295050524	1.887334931805261	1.6329320922906663	0.0	1.7011738388139428
947000	-64.33223977654816	-50.93058304997636	-13.401656726571808	0.0	0	1	1	0	1	1	1.1764905267658372	0.5850416907820399	0.3034710804032043	1.4064930730548533	0.015325557138063514	0.3409491477916091	1.7143362158980433	0.0	0.5850416907820399	0.3034710804032043	0.0	0.015325557138063514	0.3409491477916091
948000	-71.6273133313396	-49.697060986560416	-21.930252344779184	0.0	0	1	1	0	0	1	2.184225158677455	1.4486971565598534	1.0406522515753556	2.933530248830475	4.458511524348389	1.1300653736956425	2.1369533329289068	0.0	1.4486971565598534	1.0406522515753556	0.0	0.0	1.1300653736956425
949000	-73.59187195012865	-51.949944565040354	-21.6419273850883	0.0	1	1	1	0	1	0	2.0144428665850884	1.4619094077111958	2.0926217917984107	1.2453383616428404	0.8940529346000933	1.7265797502091216	23.407201558130872	2.0144428665850884	1.4619094077111958	2.0926217917984107	0.0	0.8940529346000933	0.0
950000	-66.41640282146423	-50.024715418960476	-16.391687402503752	0.0	1	1	1	0	1	0	1.239261326216644	1.0280404950275128	1.6783342607212406	0.09237393115246073	0.9705501432130629	0.650532845940292	5.447504818005002	1.239261326216644	1.0280404950275128	1.6783342607212406	0.0	0.9705501432130629	0.0
951000	-66.53393061128158	-49.329019248408216	-17.204911362873357	0.0	1	0	1	1	1	1	0.7261784776392949	0.7536496204774658	0.8230671350126063	1.7562887604998054	0.2256080081306424	0.954939130889028	4.320198644388665	0.7261784776392949	0.0	0.8230671350126063	1.7562887604998054	0.2256080081306424	0.954939130889028
952000	-64.36514146650777	-50.223658805975425	-14.141482660532347	0.0	0	1	0	1	1	1	1.235696810478758	0.6884807362961679	1.1554715687917423	0.7124908657501554	0.3707666174417777	0.3870079955109714	1.744896923036389	0.0	0.6884807362961679	0.0	0.7124908657501554	0.3707666174417777	0.3870079955109714
953000	-73.22366954792793	-49.518015343687416	-23.705654204240506	0.0	1	1	1	1	1	1	0.7043857066508042	2.298740638585751	0.5040769305032383	3.2003581128987793	1.427036553687143	2.5675904555905587	2.1171210114592314	0.7043857066508042	2.298740638585751	0.5040769305032383	3.2003581128987793	1.427036553687143	2.5675904555905587
954000	-68.93830238336278	-50.75474122549922	-18.183561157863565	0.0	1	0	1	1	1	0	1.0093019042791505	3.7787500597904655	0.8732917401200265	0.5372934658459566	0.524088809640249	0.4007018285546872	7.54529805711023	1.0093019042791505	0.0	0.8732917401200265	0.5372934658459566	0.524088809640249	0.0
955000	-67.63584096416423	-52.00252636431266	-15.633314599851573	0.0	1	1	0	1	1	0	0.6847295965643634	0.05172196392847449	2.159301056871186	0.6247692763649073	0.3365727422391269	0.6273287195503194	8.240617834392825	0.6847295965643634	0.05172196392847449	0.0	0.6247692763649073	0.3365727422391269	0.0
956000	-70.93080172543262	-51.469582304016456	-19.461219421416153	0.0	1	1	0	1	1	0	1.7979165908942853	0.6870212012363456	1.7775294610135228	1.579717792646514	1.1613336761264261	1.5554284717400741	6.4494983395128065	1.7979165908942853	0.6870212012363456	0.0	1.579717792646514	1.1613336761264261	0.0
957000	-69.0179746068907	-51.33809087223201	-17.679883734658695	0.0	0	1	1	0	1	1	0.119780986814463	1.9645757054361481	1.7030476349717196	0.5604031038418762	2.048878570692128	0.7536282820870182	4.450105892700084	0.0	1.9645757054361481	1.7030476349717196	0.0	2.048878570692128	0.7536282820870182
958000	-66.90949549581401	-51.19253537989112	-15.716960115922895	0.0	1	0	0	1	1	0	1.058348941086967	0.5566579704546873	0.15151336383928074	1.8553174179852372	2.055939334770914	1.0961428100393147	2.631527285083532	1.058348941086967	0.0	0.0	1.8553174179852372	2.055939334770914	0.0
959000	-63.95506545522224	-48.825317650614316	-15.129747804607923	0.0	0	1	0	1	1	1	0.3211281731777475	0.5129311257400753	1.0343108167550872	1.4959948636783942	0.48338313376183034	0.7481320522118314	4.469208222547345	0.0	0.5129311257400753	0.0	1.4959948636783942	0.48338313376183034	0.7481320522118314
960000	-65.84367455595094	-49.572923839018976	-16.270750716931957	0.0	1	1	1	0	0	1	1.0671033169041686	0.41021709107782944	2.698125622144475	0.09441981570211422	0.4936602669810066	0.3829592614736021	8.041567432074325	1.0671033169041686	0.41021709107782944	2.698125622144475	0.0	0.0	0.3829592614736021
961000	-69.03544019166108	-53.583184884381055	-15.452255307280023	0.0	0	0	0	1	1	1	1.6420853662569401	0.11813922257701626	0.5757646306196924	1.992523779978692	0.2323397998793459	1.1437684787019577	5.869225049896534	0.0	0.0	0.0	1.992523779978692	0.2323397998793459	1.1437684787019577
962000	-65.41729668986818	-48.4998614016445	-16.91743528822368	0.0	0	1	1	1	0	1	1.0152379861705196	1.6843334936588688	2.205383878985889	0.45542505912153636	0.017425843604287634	1.716276736032702	2.1995583892624198	0.0	1.6843334936588688	2.205383878985889	0.45542505912153636	0.0	1.716276736032702
963000	-68.0595977986948	-50.87381689213025	-17.185780906564542	0.0	0	1	1	1	0	1	0.6836743948068947	1.0089892481903784	1.3206832234260524	0.2985493704028482	1.2863345791449707	1.145770692143175	11.017413659828858	0.0	1.0089892481903784	1.3206832234260524	0.2985493704028482	0.0	1.145770692143175
964000	-63.201848833338715	-49.864586190324516	-13.337262643014203	0.0	0	1	1	0	0	1	0.5173325714973477	0.6204710552537714	0.6576605973129402	0.7379733981556599	0.7051036410813115	0.7240282863334667	4.048034157782717	0.0	0.6204710552537714	0.6576605973129402	0.0	0.0	0.7240282863334667
965000	-69.76885541041418	-50.854116865804606	-18.91473854460957	0.0	0	1	1	1	0	1	1.2522201657847654	0.5495233564972974	1.986159860135563	1.8227405750076096	0.92595883569575	1.4094611164608082	6.88972081557619	0.0	0.5495233564972974	1.986159860135563	1.8227405750076096	0.0	1.4094611164608082
966000	-65.82766178146106	-48.90318233491668	-16.924479446544378	0.0	1	0	0	1	1	0	0.5865559732655687	1.3969552778026475	0.547519027690896	0.7298922050771555	0.4101858495668328	4.154819579656706	3.0734139760184127	0.5865559732655687	0.0	0.0	0.7298922050771555	0.4101858495668328	0.0
967000	-69.109539236168	-50.84051553906639	-18.269023697101616	0.0	1	1	1	1	1	0	0.8440057231872365	0.9359708056306836	0.12793303598998654	1.4649819037025251	2.6785652488518794	1.0170124892960288	2.0141928951546184	0.8440057231872365	0.9359708056306836	0.12793303598998654	1.4649819037025251	2.6785652488518794	0.0
968000	-64.13999855881579	-49.0365309595857	-15.103467599230093	0.0	0	1	1	0	1	1	1.5567148138093727	0.8869417114547405	0.9833907692216678	1.3876511504481541	0.0690887185420985	0.5082725340629947	1.966849657949863	0.0	0.8869417114547405	0.9833907692216678	0.0	0.0690887185420985	0.5082725340629947
969000	-65.10822563108792	-50.56721746810673	-14.541008162981186	0.0	0	1	1	0	0	1	0.5366853510669457	0.3887131349874709	0.792705678143753	1.6788335114805402	0.6409475196535501	0.29098600708895833	9.311450085510447	0.0	0.3887131349874709	0.792705678143753	0.0	0.0	0.29098600708895833
970000	-62.8943777931264	-48.61102378368675	-14.283354009439655	0.0	0	1	1	0	0	1	0.21773739672329118	1.4647983803594864	1.7318204917555589	0.09096845330332509	0.40931347821175873	1.0963912174764276	3.6552102464751886	0.0	1.4647983803594864	1.7318204917555589	0.0	0.0	1.0963912174764276
971000	-64.89001371601633	-49.578254882518785	-15.311758833497539	0.0	0	1	1	1	0	1	1.3466887571803061	0.5606873683479896	0.7326889877603846	0.355703865658222	1.1996035963399363	0.43435759281260417	5.180020805959109	0.0	0.5606873683479896	0.7326889877603846	0.355703865658222	0.0	0.43435759281260417
972000	-71.91880173391417	-50.01372234245579	-21.905079391458365	0.0	1	1	1	1	1	1	0.02742767623882414	1.1672396618398242	0.6348241554173989	2.574258932130567	0.7787023812699824	2.2152355814175935	9.469987178962542	0.02742767623882414	1.1672396618398242	0.6348241554173989	2.574258932130567	0.7787023812699824	2.2152355814175935
973000	-74.06282753938223	-53.318106358366165	-20.744721181016068	0.0	1	0	1	1	0	1	1.0816829060897635	0.4766774771908352	0.8112640422424254	2.1479739192337948	1.5839438935905052	3.0395083423724865	12.930837939793209	1.0816829060897635	0.0	0.8112640422424254	2.1479739192337948	0.0	3.0395083423724865
974000	-71.66231546092324	-50.516462431727746	-21.145853029195493	0.0	1	1	1	1	1	1	1.872254823348776	1.295444613364746	0.03137091081396282	1.6824077802209103	2.3055536739679603	0.6473082528866201	2.87959436713972	1.872254823348776	1.295444613364746	0.03137091081396282	1.6824077802209103	2.3055536739679603	0.6473082528866201
975000	-66.52804075930382	-50.84789345892369	-15.680147300380133	0.0	0	1	1	0	0	1	0.9992268101040139	0.8325263922403868	1.0448593846778398	1.3755712174512158	0.5676802371785693	1.1261235517614687	5.791046702393402	0.0	0.8325263922403868	1.0448593846778398	0.0	0.0	1.1261235517614687
976000	-67.84789193792015	-50.07146552721067	-17.776426410709487	0.0	1	0	0	1	1	0	1.005736303575003	1.0208774934860299	2.4601565657754074	2.104307448076028	0.7383594885816164	0.6340355929314503	6.26333615117692	1.005736303575003	0.0	0.0	2.104307448076028	0.7383594885816164	0.0
977000	-63.34909303690179	-49.1450029143208	-14.204090122580993	0.0	1	0	0	1	1	1	0.6936575007935702	0.5450668709090968	0.16118107072514032	1.5732631420740146	0.7717637027785997	0.058456137065011925	3.913641007131014	0.6936575007935702	0.0	0.0	1.5732631420740146	0.7717637027785997	0.058456137065011925
978000	-68.56893461633132	-50.539483082218595	-18.02945153411273	0.0	1	1	1	0	1	1	0.03954921599948766	1.7611245028317852	1.0492759871622162	1.4479842896250261	1.6503777644694444	0.3908842831217453	3.2842503754626526	0.03954921599948766	1.7611245028317852	1.0492759871622162	0.0	1.6503777644694444	0.3908842831217453
979000	-72.6350124493884	-51.6489909999638	-20.986021449424605	0.0	1	0	1	1	0	1	0.7581989048828727	3.9736276543057802	2.3004066215343086	1.72097906622926	0.8636531370147871	0.502335327692129	6.2260310859835775	0.7581989048828727	0.0	2.3004066215343086	1.72097906622926	0.0	0.502335327692129
980000	-66.33512568593315	-50.189051237821374	-16.14607444811178	0.0	1	0	0	1	1	0	1.61250604678924	3.035126447838994	0.016782464613738668	1.7544457028582656	0.7560757523085199	0.01790364549237979	2.6584460582490967	1.61250604678924	0.0	0.0	1.7544457028582656	0.7560757523085199	0.0
981000	-62.72995513878496	-50.08423510879401	-12.645720029990947	0.0	1	0	0	1	1	0	0.1156712674679184	1.3363900351767806	0.023191756003162152	0.12842317237015802	0.1329610270714537	1.4532959992626533	4.388840533064624	0.1156712674679184	0.0	0.0	0.12842317237015802	0.1329610270714537	0.0
982000	-62.01076402370683	-49.58438861652304	-12.42637540718378	0.0	0	1	1	1	0	1	0.6663882908099352	0.5035252817120386	0.33452725592902754	0.14856115632627567	0.3199424579116198	0.5055983096941719	2.4907157733589798	0.0	0.5035252817120386	0.33452725592902754	0.14856115632627567	0.0	0.5055983096941719
983000	-70.36413700470345	-51.32746072465907	-19.036676280044382	0.0	1	1	1	1	0	1	0.3757682194600822	0.8349871080162562	3.324450525560485	0.4083151159051431	0.19525749191254543	2.003862369929374	4.024422646847961	0.3757682194600822	0.8349871080162562	3.324450525560485	0.4083151159051431	0.0	2.003862369929374
984000	-70.06657110820791	-48.528565242407225	-21.538005865800677	0.0	1	1	1	1	1	1	0.15764609312901978	2.425710131020746	2.3446931115688088	1.1389956881187966	0.5724287491530548	1.9811982375416564	1.9425736258525919	0.15764609312901978	2.425710131020746	2.3446931115688088	1.1389956881187966	0.5724287491530548	1.9811982375416564
985000	-63.607221681218505	-50.38790590603376	-13.219315775184747	0.0	1	0	0	1	1	0	0.7169288862650757	0.4501226805845482	0.12973405011770947	1.262471603352655	0.4924814036142988	0.14986720355249186	7.677231914442035	0.7169288862650757	0.0	0.0	1.262471603352655	0.4924814036142988	0.0
986000	-66.22647884893466	-51.85942574143642	-14.367053107498238	0.0	0	1	1	1	0	1	0.020278675284580976	0.41342602375679566	0.8309271594643871	0.6111582653971143	0.7702107652229946	0.3636895135368575	10.13363962008066	0.0	0.41342602375679566	0.8309271594643871	0.6111582653971143	0.0	0.3636895135368575
987000	-61.653512399432856	-49.82919871842627	-11.824313681006586	0.0	0	1	1	0	1	1	0.02049274844108658	0.8121214759546864	0.4970248744519242	0.002891920965556209	0.09826983322076698	0.302251461549213	2.874154630871949	0.0	0.8121214759546864	0.4970248744519242	0.0	0.09826983322076698	0.302251461549213
988000	-66.08170614235193	-51.57839840591137	-14.503307736440567	0.0	1	1	1	0	1	1	0.12041928079814725	0.9544809804463176	0.5549000254326433	0.04597010738331674	0.7674725579402839	0.05154184008189988	4.510899557831736	0.12041928079814725	0.9544809804463176	0.5549000254326433	0.0	0.7674725579402839	0.05154184008189988
989000	-66.48460960424325	-50.188313239869736	-16.296296364373518	0.0	1	0	0	1	1	1	0.9464782202980142	0.47274107863532744	2.2478532250082672	1.095567066863196	1.2244292944265234	0.013219932532110963	3.525624553430785	0.9464782202980142	0.0	0.0	1.095567066863196	1.2244292944265234	0.013219932532110963
990000	-63.38408476616296	-48.44805519112079	-14.936029575042166	0.0	0	1	1	1	0	1	0.24691840302860127	0.9591747102159879	1.040152418788995	0.6568149729359679	0.4591799721294877	1.30971044984859	3.4151020403475534	0.0	0.9591747102159879	1.040152418788995	0.6568149729359679	0.0	1.30971044984859
991000	-66.27975480164002	-49.548194016857494	-16.73156078478253	0.0	0	1	1	1	0	1	1.4341188351868541	0.712021329896176	1.112480821044701	0.29386632097157833	1.4438815353657368	1.279229291497917	4.135310935253613	0.0	0.712021329896176	1.112480821044701	0.29386632097157833	0.0	1.279229291497917
992000	-68.8065684479476	-49.34116500981182	-19.465403438135773	0.0	1	1	1	1	0	1	1.0384111874189053	0.6631587052158074	1.7920953496434242	1.453622321652738	0.6950514710418114	1.4768734413874378	6.313550271446501	1.0384111874189053	0.6631587052158074	1.7920953496434242	1.453622321652738	0.0	1.4768734413874378
993000	-64.58618474559054	-49.16162473085781	-15.42456001473273	0.0	1	0	1	1	1	0	1.5015228091414106	0.13246985227439062	0.9204652189193764	1.4969621138184435	0.8335222779800352	0.4444986686414161	2.885242810200338	1.5015228091414106	0.0	0.9204652189193764	1.4969621138184435	0.8335222779800352	0.0
994000	-66.40464821015962	-50.36713079116533	-16.03751741899429	0.0	1	0	0	1	1	1	1.187529716867532	0.3988767394721563	0.04026345328861621	2.30053078840459	1.7710224731090423	0.5147355891737303	2.2022102808236323	1.187529716867532	0.0	0.0	2.30053078840459	1.7710224731090423	0.5147355891737303
995000	-68.00032321440116	-49.57720030281355	-18.423122911587615	0.0	0	1	1	1	1	1	4.833420194700851	0.4939967015817656	0.004422174590213731	0.6116860230875178	0.27314893559858683	0.5055491769247253	3.319314214922567	0.0	0.4939967015817656	0.004422174590213731	0.6116860230875178	0.27314893559858683	0.5055491769247253
996000	-68.01376583185315	-48.581532364128186	-19.432233467724963	0.0	0	1	1	0	0	1	2.634477541745024	1.1783488552563348	2.1366727576231463	1.4978245376517227	1.7128380490890482	0.9838098469639451	3.713772604832164	0.0	1.1783488552563348	2.1366727576231463	0.0	0.0	0.9838098469639451
997000	-67.29029783413823	-48.49906386181019	-18.791233972328037	0.0	1	1	1	1	0	1	0.2882547896390257	0.9190150594297621	1.9304248341744252	1.3302823027707626	0.9000843047474726	1.4701748768397653	4.268058142648784	0.2882547896390257	0.9190150594297621	1.9304248341744252	1.3302823027707626	0.0	1.4701748768397653
998000	-65.78740251824999	-49.58603723717624	-16.20136528107375	0.0	1	0	0	1	1	1	0.9460085811473308	0.11334187270639616	0.35572668685639686	2.66561560270894	0.5151799364571172	0.9804001998765841	4.8944488411258	0.9460085811473308	0.0	0.0	2.66561560270894	0.5151799364571172	0.9804001998765841
999000	-63.88644767451946	-49.652645093600064	-14.233802580919399	0.0	0	1	1	0	0	1	0.5102761028647773	1.0522072719178126	1.0626802050410533	1.9385929013500705	0.27687076841352354	0.9443756846178777	1.6061747285137011	0.0	1.0522072719178126	1.0626802050410533	0.0	0.0	0.9443756846178777
1000000	-63.13706987130245	-49.20582326962596	-13.931246601676492	0.0	0	1	1	0	1	1	0.784608415324085	1.0945982639093992	0.9102615278869354	0.206128724591502	0.6840902998806834	0.4960248386904533	2.0554918736597503	0.0	1.0945982639093992	0.9102615278869354	0.0	0.6840902998806834	0.4960248386904533
