#
#model:
#
#<?xml version="1.0" encoding="UTF-8" standalone="no"?><input id="posterior" spec="beast.base.inference.CompoundDistribution">
#    <distribution id="prior" spec="beast.base.inference.CompoundDistribution">
#        <distribution contemp="true" id="birthDeathSamplingModel" spec="bdsky.evolution.speciation.BirthDeathSkylineModel">
#            <parameter id="origin" name="origin" spec="beast.base.inference.parameter.RealParameter" upper="420.0001">420.001</parameter>
#            <parameter id="RealParameter" lower="0.0" name="birthRate" spec="beast.base.inference.parameter.RealParameter" upper="0.0">0.6</parameter>
#            <parameter id="RealParameter1" lower="0.0" name="deathRate" spec="beast.base.inference.parameter.RealParameter" upper="0.0">0.01</parameter>
#            <parameter id="RealParameter2" lower="0.0" name="samplingRate" spec="beast.base.inference.parameter.RealParameter" upper="0.0">0.0</parameter>
#            <parameter id="RealParameter3" lower="0.0" name="rho" spec="beast.base.inference.parameter.RealParameter" upper="0.0">1.0</parameter>
#            <tree IsLabelledNewick="true" id="tree" newick="((ASV171:154.4626526845564,((ASV071:140.6146834354222,(ASV126:133.69069501926472,(ASV145:126.76669739226352,(ASV002_0:6.923979756934053,ASV002_1:6.923979756934053,ASV002_3:6.923979756934053,ASV002_2:6.923979756934053):119.84271763532946):6.923997627001205):6.923988416157467):6.923985419883616,(ASV011_0:6.923979239890297,ASV011_1:6.923979239890297,ASV011_3:6.923979239890297,ASV011_2:6.923979239890297):140.61468961541553):6.923983829250555):126.07697419082876,((ASV125:118.10005330560426,(ASV175:111.1760624086905,ASV076:111.1760624086905):6.923990896913768):155.51558452766255,((ASV119:90.89942569574707,(ASV008_0:6.923979755800357,ASV008_1:6.923979755800357,ASV008_3:6.923979755800357,ASV008_2:6.923979755800357):83.97544593994671):175.79222390984975,((ASV118:186.15399047186608,(ASV133:179.23000920884323,ASV170:179.23000920884323):6.923981263022852):73.61367310184252,(ASV020:252.62485926958686,((((ASV041:224.92890580284973,(((ASV051:204.15695284955663,(ASV052:197.23297118967113,(ASV055:190.30898999923465,(((ASV070:169.53705664174217,(ASV075:162.61307621839507,(ASV088:155.68909584712844,(ASV093:148.7651154704039,(ASV094:141.8411350275797,(ASV120:134.9171544423871,(ASV124:127.99317360669562,(ASV149:121.06919234609502,(ASV150:114.145210331848,(ASV159:107.22122678911198,((ASV050_0:6.923979972093711,ASV050_1:6.923979972093711):93.373258972172,(ASV005_0:6.923979494403629,ASV005_1:6.923979494403629,ASV005_3:6.923979494403629,ASV005_2:6.923979494403629):93.37325944986209):6.923987844846267):6.923983542736038):6.923982014247003):6.923981260600603):6.923980835691495):6.923980585192569):6.923980442824226):6.923980376724546):6.923980371266612):6.923980423347114):6.92398048284529,(ASV061_0:6.92398108379934,ASV061_1:6.92398108379934):169.53705604078814):6.923980622325208,(ASV056_0:6.923981150492572,ASV056_1:6.923981150492572):176.46103549402147):6.923980815072276):6.923981190436501):6.923981659885491):6.9239823258838715,(ASV049_0:6.923981447424672,ASV049_1:6.923981447424672):204.15695372801585):6.923983382319638,(ASV046_0:6.923979972839342,ASV046_2:6.923979972839342,ASV046_1:6.923979972839342):211.08093609112476):6.923985181272909):6.923982284945711,(ASV037_0:6.923979294301163,ASV037_1:6.923979294301163,ASV037_3:6.923979294301163,ASV037_2:6.923979294301163):224.92890879349426):6.923983709886329,(ASV028_0:6.923981688647552,ASV028_1:6.923981688647552):231.85288699148666):6.9239865050870995,(ASV021_0:6.923979313793535,ASV021_1:6.923979313793535,ASV021_3:6.923979313793535,ASV021_2:6.923979313793535):238.77687568739339):6.9239945075443154):7.142804304121761):6.923984718554773):6.923985849877414):6.923986719748662):139.46037312461485" spec="beam.tree.BeamStartingTreeFromNewick">
#                <taxa fileName="/grid/siepel/home_norepl/staklins/bayesian_phylogenetic_metastasis/results/serio_prostate_cancer_data_11_18_24_asv_cutoff_50/beam/MMUS1467/CP01/CP01.fasta" id="alignment" spec="feast.fileio.AlignmentFromFasta">
#                    <sequence id="Sequence" spec="beast.base.evolution.alignment.Sequence" taxon="ASV020" totalcount="39" value="5,0,0,0,0,2,0,0,0,0"/>
#                    <sequence id="Sequence1" spec="beast.base.evolution.alignment.Sequence" taxon="ASV041" totalcount="39" value="9,38,0,0,0,2,0,0,0,0"/>
#                    <sequence id="Sequence2" spec="beast.base.evolution.alignment.Sequence" taxon="ASV051" totalcount="39" value="12,0,0,0,0,2,0,0,0,0"/>
#                    <sequence id="Sequence3" spec="beast.base.evolution.alignment.Sequence" taxon="ASV052" totalcount="39" value="13,0,0,0,0,2,0,0,0,0"/>
#                    <sequence id="Sequence4" spec="beast.base.evolution.alignment.Sequence" taxon="ASV055" totalcount="39" value="14,0,0,0,0,2,0,0,0,0"/>
#                    <sequence id="Sequence5" spec="beast.base.evolution.alignment.Sequence" taxon="ASV070" totalcount="39" value="17,0,0,0,0,2,0,0,0,0"/>
#                    <sequence id="Sequence6" spec="beast.base.evolution.alignment.Sequence" taxon="ASV071" totalcount="39" value="1,0,0,0,0,2,18,0,0,0"/>
#                    <sequence id="Sequence7" spec="beast.base.evolution.alignment.Sequence" taxon="ASV075" totalcount="39" value="19,0,0,0,0,2,0,0,0,0"/>
#                    <sequence id="Sequence8" spec="beast.base.evolution.alignment.Sequence" taxon="ASV076" totalcount="39" value="20,0,0,0,0,2,0,0,0,0"/>
#                    <sequence id="Sequence9" spec="beast.base.evolution.alignment.Sequence" taxon="ASV088" totalcount="39" value="21,0,0,0,0,2,0,0,0,0"/>
#                    <sequence id="Sequence10" spec="beast.base.evolution.alignment.Sequence" taxon="ASV093" totalcount="39" value="22,0,0,0,0,2,0,0,0,0"/>
#                    <sequence id="Sequence11" spec="beast.base.evolution.alignment.Sequence" taxon="ASV094" totalcount="39" value="23,0,0,0,0,2,0,0,0,0"/>
#                    <sequence id="Sequence12" spec="beast.base.evolution.alignment.Sequence" taxon="ASV118" totalcount="39" value="24,25,0,0,0,2,0,0,0,0"/>
#                    <sequence id="Sequence13" spec="beast.base.evolution.alignment.Sequence" taxon="ASV119" totalcount="39" value="3,0,0,0,0,2,4,0,0,0"/>
#                    <sequence id="Sequence14" spec="beast.base.evolution.alignment.Sequence" taxon="ASV120" totalcount="39" value="26,0,0,0,0,2,0,0,0,0"/>
#                    <sequence id="Sequence15" spec="beast.base.evolution.alignment.Sequence" taxon="ASV124" totalcount="39" value="27,0,0,0,0,2,0,0,0,0"/>
#                    <sequence id="Sequence16" spec="beast.base.evolution.alignment.Sequence" taxon="ASV125" totalcount="39" value="20,28,0,0,0,2,0,0,0,0"/>
#                    <sequence id="Sequence17" spec="beast.base.evolution.alignment.Sequence" taxon="ASV126" totalcount="39" value="1,0,0,0,0,2,29,0,0,0"/>
#                    <sequence id="Sequence18" spec="beast.base.evolution.alignment.Sequence" taxon="ASV133" totalcount="39" value="30,38,0,0,0,2,0,0,0,0"/>
#                    <sequence id="Sequence19" spec="beast.base.evolution.alignment.Sequence" taxon="ASV145" totalcount="39" value="1,0,0,0,0,2,31,0,0,0"/>
#                    <sequence id="Sequence20" spec="beast.base.evolution.alignment.Sequence" taxon="ASV149" totalcount="39" value="32,0,0,0,0,2,0,0,0,0"/>
#                    <sequence id="Sequence21" spec="beast.base.evolution.alignment.Sequence" taxon="ASV150" totalcount="39" value="33,0,0,0,0,2,0,0,0,0"/>
#                    <sequence id="Sequence22" spec="beast.base.evolution.alignment.Sequence" taxon="ASV159" totalcount="39" value="34,0,0,0,0,2,0,0,0,0"/>
#                    <sequence id="Sequence23" spec="beast.base.evolution.alignment.Sequence" taxon="ASV170" totalcount="39" value="35,25,0,0,0,2,0,0,0,0"/>
#                    <sequence id="Sequence24" spec="beast.base.evolution.alignment.Sequence" taxon="ASV171" totalcount="39" value="1,0,36,0,0,2,0,0,0,0"/>
#                    <sequence id="Sequence25" spec="beast.base.evolution.alignment.Sequence" taxon="ASV175" totalcount="39" value="20,37,0,0,0,2,0,0,0,0"/>
#                    <sequence id="Sequence26" spec="beast.base.evolution.alignment.Sequence" taxon="ASV002_0" totalcount="39" value="1,0,0,0,0,2,0,0,0,0"/>
#                    <sequence id="Sequence27" spec="beast.base.evolution.alignment.Sequence" taxon="ASV002_1" totalcount="39" value="1,0,0,0,0,2,0,0,0,0"/>
#                    <sequence id="Sequence28" spec="beast.base.evolution.alignment.Sequence" taxon="ASV002_2" totalcount="39" value="1,0,0,0,0,2,0,0,0,0"/>
#                    <sequence id="Sequence29" spec="beast.base.evolution.alignment.Sequence" taxon="ASV002_3" totalcount="39" value="1,0,0,0,0,2,0,0,0,0"/>
#                    <sequence id="Sequence30" spec="beast.base.evolution.alignment.Sequence" taxon="ASV005_0" totalcount="39" value="0,0,0,0,0,2,0,0,0,0"/>
#                    <sequence id="Sequence31" spec="beast.base.evolution.alignment.Sequence" taxon="ASV005_1" totalcount="39" value="0,0,0,0,0,2,0,0,0,0"/>
#                    <sequence id="Sequence32" spec="beast.base.evolution.alignment.Sequence" taxon="ASV005_2" totalcount="39" value="0,0,0,0,0,2,0,0,0,0"/>
#                    <sequence id="Sequence33" spec="beast.base.evolution.alignment.Sequence" taxon="ASV005_3" totalcount="39" value="0,0,0,0,0,2,0,0,0,0"/>
#                    <sequence id="Sequence34" spec="beast.base.evolution.alignment.Sequence" taxon="ASV008_0" totalcount="39" value="3,0,0,0,0,2,0,0,0,0"/>
#                    <sequence id="Sequence35" spec="beast.base.evolution.alignment.Sequence" taxon="ASV008_1" totalcount="39" value="3,0,0,0,0,2,0,0,0,0"/>
#                    <sequence id="Sequence36" spec="beast.base.evolution.alignment.Sequence" taxon="ASV008_2" totalcount="39" value="3,0,0,0,0,2,0,0,0,0"/>
#                    <sequence id="Sequence37" spec="beast.base.evolution.alignment.Sequence" taxon="ASV008_3" totalcount="39" value="3,0,0,0,0,2,0,0,0,0"/>
#                    <sequence id="Sequence38" spec="beast.base.evolution.alignment.Sequence" taxon="ASV011_0" totalcount="39" value="1,0,0,0,0,2,4,0,0,0"/>
#                    <sequence id="Sequence39" spec="beast.base.evolution.alignment.Sequence" taxon="ASV011_1" totalcount="39" value="1,0,0,0,0,2,4,0,0,0"/>
#                    <sequence id="Sequence40" spec="beast.base.evolution.alignment.Sequence" taxon="ASV011_2" totalcount="39" value="1,0,0,0,0,2,4,0,0,0"/>
#                    <sequence id="Sequence41" spec="beast.base.evolution.alignment.Sequence" taxon="ASV011_3" totalcount="39" value="1,0,0,0,0,2,4,0,0,0"/>
#                    <sequence id="Sequence42" spec="beast.base.evolution.alignment.Sequence" taxon="ASV021_0" totalcount="39" value="6,0,0,0,0,2,0,0,0,0"/>
#                    <sequence id="Sequence43" spec="beast.base.evolution.alignment.Sequence" taxon="ASV021_1" totalcount="39" value="6,0,0,0,0,2,0,0,0,0"/>
#                    <sequence id="Sequence44" spec="beast.base.evolution.alignment.Sequence" taxon="ASV021_2" totalcount="39" value="6,0,0,0,0,2,0,0,0,0"/>
#                    <sequence id="Sequence45" spec="beast.base.evolution.alignment.Sequence" taxon="ASV021_3" totalcount="39" value="6,0,0,0,0,2,0,0,0,0"/>
#                    <sequence id="Sequence46" spec="beast.base.evolution.alignment.Sequence" taxon="ASV028_0" totalcount="39" value="7,0,0,0,0,2,0,0,0,0"/>
#                    <sequence id="Sequence47" spec="beast.base.evolution.alignment.Sequence" taxon="ASV028_1" totalcount="39" value="7,0,0,0,0,2,0,0,0,0"/>
#                    <sequence id="Sequence48" spec="beast.base.evolution.alignment.Sequence" taxon="ASV037_0" totalcount="39" value="8,0,0,0,0,2,0,0,0,0"/>
#                    <sequence id="Sequence49" spec="beast.base.evolution.alignment.Sequence" taxon="ASV037_1" totalcount="39" value="8,0,0,0,0,2,0,0,0,0"/>
#                    <sequence id="Sequence50" spec="beast.base.evolution.alignment.Sequence" taxon="ASV037_2" totalcount="39" value="8,0,0,0,0,2,0,0,0,0"/>
#                    <sequence id="Sequence51" spec="beast.base.evolution.alignment.Sequence" taxon="ASV037_3" totalcount="39" value="8,0,0,0,0,2,0,0,0,0"/>
#                    <sequence id="Sequence52" spec="beast.base.evolution.alignment.Sequence" taxon="ASV046_0" totalcount="39" value="10,0,0,0,0,2,0,0,0,0"/>
#                    <sequence id="Sequence53" spec="beast.base.evolution.alignment.Sequence" taxon="ASV046_1" totalcount="39" value="10,0,0,0,0,2,0,0,0,0"/>
#                    <sequence id="Sequence54" spec="beast.base.evolution.alignment.Sequence" taxon="ASV046_2" totalcount="39" value="10,0,0,0,0,2,0,0,0,0"/>
#                    <sequence id="Sequence55" spec="beast.base.evolution.alignment.Sequence" taxon="ASV049_0" totalcount="39" value="11,0,0,0,0,2,0,0,0,0"/>
#                    <sequence id="Sequence56" spec="beast.base.evolution.alignment.Sequence" taxon="ASV049_1" totalcount="39" value="11,0,0,0,0,2,0,0,0,0"/>
#                    <sequence id="Sequence57" spec="beast.base.evolution.alignment.Sequence" taxon="ASV050_0" totalcount="39" value="0,0,0,0,0,2,4,0,0,0"/>
#                    <sequence id="Sequence58" spec="beast.base.evolution.alignment.Sequence" taxon="ASV050_1" totalcount="39" value="0,0,0,0,0,2,4,0,0,0"/>
#                    <sequence id="Sequence59" spec="beast.base.evolution.alignment.Sequence" taxon="ASV056_0" totalcount="39" value="15,0,0,0,0,2,0,0,0,0"/>
#                    <sequence id="Sequence60" spec="beast.base.evolution.alignment.Sequence" taxon="ASV056_1" totalcount="39" value="15,0,0,0,0,2,0,0,0,0"/>
#                    <sequence id="Sequence61" spec="beast.base.evolution.alignment.Sequence" taxon="ASV061_0" totalcount="39" value="16,0,0,0,0,2,0,0,0,0"/>
#                    <sequence id="Sequence62" spec="beast.base.evolution.alignment.Sequence" taxon="ASV061_1" totalcount="39" value="16,0,0,0,0,2,0,0,0,0"/>
#                    <userDataType id="EditData" nrOfStates="39" spec="tidetree.evolution.datatype.EditData"/>
#                </taxa>
#                <trait fileName="/grid/siepel/home_norepl/staklins/bayesian_phylogenetic_metastasis/results/serio_prostate_cancer_data_11_18_24_asv_cutoff_50/beam/MMUS1467/CP01/CP01_date_traits.csv" id="dateTrait" sep="," spec="feast.fileio.TraitSetFromXSV" traitname="date-forward" value="ASV020=420,ASV041=420,ASV051=420,ASV052=420,ASV055=420,ASV070=420,ASV071=420,ASV075=420,ASV076=420,ASV088=420,ASV093=420,ASV094=420,ASV118=420,ASV119=420,ASV120=420,ASV124=420,ASV125=420,ASV126=420,ASV133=420,ASV145=420,ASV149=420,ASV150=420,ASV159=420,ASV170=420,ASV171=420,ASV175=420,ASV002_0=420,ASV002_1=420,ASV002_2=420,ASV002_3=420,ASV005_0=420,ASV005_1=420,ASV005_2=420,ASV005_3=420,ASV008_0=420,ASV008_1=420,ASV008_2=420,ASV008_3=420,ASV011_0=420,ASV011_1=420,ASV011_2=420,ASV011_3=420,ASV021_0=420,ASV021_1=420,ASV021_2=420,ASV021_3=420,ASV028_0=420,ASV028_1=420,ASV037_0=420,ASV037_1=420,ASV037_2=420,ASV037_3=420,ASV046_0=420,ASV046_1=420,ASV046_2=420,ASV049_0=420,ASV049_1=420,ASV050_0=420,ASV050_1=420,ASV056_0=420,ASV056_1=420,ASV061_0=420,ASV061_1=420">
#                    <taxa alignment="@alignment" id="taxonset" spec="beast.base.evolution.alignment.TaxonSet"/>
#                </trait>
#                <taxonset idref="taxonset"/>
#            </tree>
#        </distribution>
#        <prior id="editRatePrior" name="distribution">
#            <parameter dimension="37" id="editRate" name="x" spec="beast.base.inference.parameter.RealParameter">0.0888888888 0.4666666666 0.037037037 0.0518518518 0.0074074074 0.0296296296 0.0148148148 0.0296296296 0.0074074074 0.0222222222 0.0148148148 0.0074074074 0.0074074074 0.0074074074 0.0148148148 0.0148148148 0.0074074074 0.0074074074 0.0074074074 0.0222222222 0.0074074074 0.0074074074 0.0074074074 0.0074074074 0.0148148148 0.0074074074 0.0074074074 0.0074074074 0.0074074074 0.0074074074 0.0074074074 0.0074074074 0.0074074074 0.0074074074 0.0074074074 0.0074074074 0.0074074074</parameter>
#            <Exponential id="Exponential" name="distr">
#                <parameter estimate="false" id="RealParameter4" name="mean" spec="beast.base.inference.parameter.RealParameter">0.01</parameter>
#            </Exponential>
#        </prior>
#        <prior id="silencingRatePrior" name="distribution">
#            <parameter id="silencingRate" lower="0.0" name="x" spec="beast.base.inference.parameter.RealParameter" upper="1000.0">1.0E-4</parameter>
#            <Exponential id="Exponential1" name="distr">
#                <parameter estimate="false" id="RealParameter5" name="mean" spec="beast.base.inference.parameter.RealParameter">1.0E-4</parameter>
#            </Exponential>
#        </prior>
#        <prior id="ClockPrior.c" name="distribution">
#            <parameter id="clockRate.c" name="x" spec="beast.base.inference.parameter.RealParameter">0.0016</parameter>
#            <Exponential id="Exponential2" name="distr">
#                <parameter estimate="false" id="RealParameter6" name="mean" spec="beast.base.inference.parameter.RealParameter">0.5</parameter>
#            </Exponential>
#        </prior>
#        <prior id="relativeGeoRatesPrior.s:tissue" name="distribution">
#            <parameter dimension="10" id="relativeGeoRates.s:tissue" name="x" spec="beast.base.inference.parameter.RealParameter">1.0</parameter>
#            <Exponential id="Exponential3" name="distr">
#                <parameter estimate="false" id="RealParameter7" name="mean" spec="beast.base.inference.parameter.RealParameter">1.0</parameter>
#            </Exponential>
#        </prior>
#        <prior id="geoclockPrior.c:tissue" name="distribution">
#            <parameter id="traitClockRate.c:tissue" name="x" spec="beast.base.inference.parameter.RealParameter">1.0</parameter>
#            <Exponential id="Exponential4" name="distr">
#                <parameter estimate="false" id="RealParameter8" name="mean" spec="beast.base.inference.parameter.RealParameter">1.0</parameter>
#            </Exponential>
#        </prior>
#    </distribution>
#    <distribution id="likelihood" spec="beast.base.inference.CompoundDistribution" useThreads="true">
#        <distribution data="@alignment" id="treeLikelihood" spec="beam.likelihood.BeamBeagleTreeLikelihood" tree="@tree">
#            <parameter id="RealParameter9" lower="0.0" name="origin" spec="beast.base.inference.parameter.RealParameter" upper="0.0">420.001</parameter>
#            <siteModel id="siteModel" spec="beast.base.evolution.sitemodel.SiteModel">
#                <parameter estimate="false" id="mutationRate" name="mutationRate" spec="beast.base.inference.parameter.RealParameter">1.0</parameter>
#                <parameter estimate="false" id="proportionInvariant" lower="0.0" name="proportionInvariant" spec="beast.base.inference.parameter.RealParameter" upper="1.0">0.0</parameter>
#                <substModel id="substModel" silencingRate="@silencingRate" spec="beam.substitutionmodel.BeamGeneralMutationSubstitutionModel">
#                    <parameter idref="editRate" name="editRates"/>
#                    <parameter id="RealParameter10" lower="0.0" name="editHeight" spec="beast.base.inference.parameter.RealParameter" upper="0.0">420.0</parameter>
#                    <parameter id="RealParameter11" lower="0.0" name="editDuration" spec="beast.base.inference.parameter.RealParameter" upper="0.0">420.0</parameter>
#                    <frequencies estimate="false" id="Frequencies" spec="beast.base.evolution.substitutionmodel.Frequencies">
#                        <parameter dimension="3" id="RealParameter12" lower="0.0" name="frequencies" spec="beast.base.inference.parameter.RealParameter" upper="0.0">1.0 0.0 0.0</parameter>
#                    </frequencies>
#                </substModel>
#            </siteModel>
#            <branchRateModel clock.rate="@clockRate.c" id="StrictClockModel" spec="beast.base.evolution.branchratemodel.StrictClockModel"/>
#        </distribution>
#        <distribution id="traitLikelihood" origin="@origin" spec="beam.likelihood.BeamAncestralStateBeagleTreeLikelihood" tag="location" tree="@tree">
#            <rootFrequencies estimate="false" id="Frequencies1" spec="beast.base.evolution.substitutionmodel.Frequencies">
#                <parameter dimension="4" id="RealParameter13" lower="0.0" name="frequencies" spec="beast.base.inference.parameter.RealParameter" upper="0.0">1.0 0.0 0.0 0.0</parameter>
#            </rootFrequencies>
#            <data id="tissue" spec="beastclassic.evolution.alignment.AlignmentFromTrait">
#                <traitSet fileName="/grid/siepel/home_norepl/staklins/bayesian_phylogenetic_metastasis/results/serio_prostate_cancer_data_11_18_24_asv_cutoff_50/beam/MMUS1467/CP01/CP01_tip_tissues.csv" id="traitset" sep="," spec="feast.fileio.TraitSetFromXSV" taxa="@taxonset" traitname="discrete" value="ASV020=FML,ASV041=LNSL,ASV051=PRL,ASV052=LNSL,ASV055=LNSL,ASV070=FML,ASV071=PRL,ASV075=FML,ASV076=FML,ASV088=FML,ASV093=FML,ASV094=FML,ASV118=FML,ASV119=LNSL,ASV120=PRL,ASV124=PRL,ASV125=FML,ASV126=PRL,ASV133=FML,ASV145=FML,ASV149=FML,ASV150=FML,ASV159=PRL,ASV170=FML,ASV171=UNL,ASV175=FML,ASV002_0=PRL,ASV002_1=LNSL,ASV002_2=FML,ASV002_3=UNL,ASV005_0=FML,ASV005_1=UNL,ASV005_2=LNSL,ASV005_3=PRL,ASV008_0=LNSL,ASV008_1=UNL,ASV008_2=PRL,ASV008_3=FML,ASV011_0=FML,ASV011_1=UNL,ASV011_2=LNSL,ASV011_3=PRL,ASV021_0=FML,ASV021_1=PRL,ASV021_2=UNL,ASV021_3=LNSL,ASV028_0=LNSL,ASV028_1=PRL,ASV037_0=FML,ASV037_1=UNL,ASV037_2=PRL,ASV037_3=LNSL,ASV046_0=FML,ASV046_1=UNL,ASV046_2=PRL,ASV049_0=PRL,ASV049_1=FML,ASV050_0=FML,ASV050_1=LNSL,ASV056_0=FML,ASV056_1=PRL,ASV061_0=LNSL,ASV061_1=FML"/>
#                <userDataType codeMap="PRL=0,FML=1,LNSL=2,UNL=3,? = 0 1 2 3" codelength="-1" id="codeMap" spec="beast.base.evolution.datatype.UserDataType" states="4"/>
#            </data>
#            <siteModel gammaCategoryCount="1" id="geoSiteModel.s:tissue" spec="beast.base.evolution.sitemodel.SiteModel">
#                <parameter estimate="false" id="mutationRate.s:tissue" name="mutationRate" spec="beast.base.inference.parameter.RealParameter">1.0</parameter>
#                <parameter estimate="false" id="gammaShape.s:tissue" name="shape" spec="beast.base.inference.parameter.RealParameter">1.0</parameter>
#                <parameter estimate="false" id="proportionInvariant.s:tissue" lower="0.0" name="proportionInvariant" spec="beast.base.inference.parameter.RealParameter" upper="1.0">0.0</parameter>
#                <substModel id="svs.s:tissue" rates="@relativeGeoRates.s:tissue" spec="beam.substitutionmodel.BeamOneRateReseedingTissueSubstitutionModel">
#                    <frequencies id="traitfreqs.s:tissue" spec="beast.base.evolution.substitutionmodel.Frequencies">
#                        <parameter dimension="4" id="traitfrequencies.s:tissue" name="frequencies" spec="beast.base.inference.parameter.RealParameter">0.25</parameter>
#                    </frequencies>
#                </substModel>
#            </siteModel>
#            <branchRateModel clock.rate="@traitClockRate.c:tissue" id="StrictClockModel.c:tissue" spec="beast.base.evolution.branchratemodel.StrictClockModel"/>
#        </distribution>
#    </distribution>
#</input>
#
Sample	NSlikelihood	posterior	likelihood	prior	treeHeight	editRate.1	editRate.2	editRate.3	editRate.4	editRate.5	editRate.6	editRate.7	editRate.8	editRate.9	editRate.10	editRate.11	editRate.12	editRate.13	editRate.14	editRate.15	editRate.16	editRate.17	editRate.18	editRate.19	editRate.20	editRate.21	editRate.22	editRate.23	editRate.24	editRate.25	editRate.26	editRate.27	editRate.28	editRate.29	editRate.30	editRate.31	editRate.32	editRate.33	editRate.34	editRate.35	editRate.36	editRate.37	silencingRate	clockRate.c	relativeGeoRates.1	relativeGeoRates.2	relativeGeoRates.3	relativeGeoRates.4	relativeGeoRates.5	relativeGeoRates.6	relativeGeoRates.7	relativeGeoRates.8	relativeGeoRates.9	relativeGeoRates.10	traitClockRate	geoSubstModelLogger.relGeoRate_PRL_FML	geoSubstModelLogger.relGeoRate_PRL_LNSL	geoSubstModelLogger.relGeoRate_PRL_UNL	geoSubstModelLogger.relGeoRate_FML_PRL	geoSubstModelLogger.relGeoRate_FML_LNSL	geoSubstModelLogger.relGeoRate_FML_UNL	geoSubstModelLogger.relGeoRate_LNSL_PRL	geoSubstModelLogger.relGeoRate_LNSL_FML	geoSubstModelLogger.relGeoRate_LNSL_UNL	geoSubstModelLogger.relGeoRate_UNL_PRL	geoSubstModelLogger.relGeoRate_UNL_FML	geoSubstModelLogger.relGeoRate_UNL_LNSL	treeLikelihood	traitLikelihood
0	-857.5836982470025	-1282.2653636303296	-857.5836982470025	-424.681665383327	189.54086442618032	0.012373738456500125	0.09726053785549815	0.037037037	0.06790437696753253	0.04473263753092492	0.004024070550114403	0.0148148148	0.0296296296	0.006857740038264771	0.0222222222	0.0148148148	0.0074074074	0.0074074074	0.0074074074	0.025352796500538982	0.0148148148	0.0074074074	0.37681353614450186	0.01163542381158721	0.0222222222	0.0074074074	0.0074074074	0.0074074074	0.02676301974431049	0.0148148148	0.0074074074	0.0074074074	0.0074074074	0.0074074074	0.0074074074	0.0074074074	0.0074074074	0.0074074074	0.0074074074	0.02257841840022655	0.0074074074	0.0074074074	4.9705308354671244E-5	0.014840302658556752	0.6371457521374411	0.7771241575217434	0.5833194462607451	0.9152261664835801	1.0395220488799355	0.6535927922408828	1.013809940024754	0.7040098497924916	1.0050059919874437	1.0388440735786537	0.6436660947801145	0.7771241575217434	0.7771241575217434	0.7771241575217434	0.6371457521374411	0.7771241575217434	0.7771241575217434	0.6371457521374411	0.7771241575217434	0.7771241575217434	0.6371457521374411	0.7771241575217434	0.7771241575217434	-765.9871992041428	-91.5964990428597
1	-843.3461696647039	-1158.2531261100248	-843.3461696647039	-314.90695644532093	64.68550316105166	0.012373738456500125	0.09726053785549815	0.037037037	0.010546884294340406	0.04473263753092492	0.004024070550114403	0.01869974995879318	0.37591399506015327	0.006857740038264771	0.0222222222	0.009270527007172992	0.0074074074	0.0074074074	0.0035224722412068206	0.02279597766631211	0.0148148148	0.0074074074	0.03199086885548097	0.01163542381158721	0.0222222222	0.0074074074	0.01419013349719932	0.0074074074	0.02676301974431049	0.0148148148	6.246813028006788E-4	0.0074074074	0.0074074074	0.0074074074	0.06476490007319212	0.0074074074	0.0074074074	0.0074074074	0.0074074074	0.02257841840022655	0.0074074074	0.01404681585592148	6.779509330932195E-5	0.009816523872927719	0.7606170989903435	0.6882211425156562	0.5524625644878738	1.1361531433397511	1.7090954915591907	0.5794564891184292	1.104055997980498	0.8001635924099726	0.7186344977751202	1.7405106402807542	0.19240604939382053	0.6882211425156562	0.6882211425156562	0.6882211425156562	0.7606170989903435	0.6882211425156562	0.6882211425156562	0.7606170989903435	0.6882211425156562	0.6882211425156562	0.7606170989903435	0.6882211425156562	0.6882211425156562	-729.3908604678979	-113.95530919680597
2	-821.854335235344	-1106.776214753265	-821.854335235344	-284.92187951792107	11.567391963654305	0.012373738456500125	0.09780289142928733	0.037037037	0.010546884294340406	0.08624774854106576	0.004024070550114403	0.01869974995879318	0.005625002060926254	0.006857740038264771	0.0222222222	0.009270527007172992	0.0074074074	0.0074074074	0.0035224722412068206	0.02279597766631211	0.014272461226210821	0.0074074074	0.03199086885548097	0.01163542381158721	0.0222222222	0.0074074074	0.01419013349719932	0.0074074074	0.02676301974431049	0.21127025169705735	6.246813028006788E-4	0.0074074074	0.05488769841396668	0.0074074074	0.06476490007319212	0.0074074074	0.0074074074	0.09224556147806216	0.0074074074	0.02257841840022655	0.0074074074	0.01404681585592148	1.267040325755068E-4	0.018597771712607063	0.9308334852308956	0.5142137679068903	0.5606581549727816	1.0569656508889977	1.4194144029429496	0.671480838368798	1.1421882736539601	1.0678706209669508	0.8650242233929287	1.934927050489256	1.3454977234727137	0.5142137679068903	0.5142137679068903	0.5142137679068903	0.9308334852308956	0.5142137679068903	0.5142137679068903	0.9308334852308956	0.5142137679068903	0.5142137679068903	0.9308334852308956	0.5142137679068903	0.5142137679068903	-735.7222776113323	-86.13205762401175
3	-803.2555032191982	-1079.1669961032367	-803.2555032191982	-275.9114928840384	10.088102962137592	0.018937061445884015	0.09123956843990344	0.037037037	0.010546884294340406	0.08624774854106576	0.004024070550114403	0.01869974995879318	0.005625002060926254	0.001037016138449632	0.030395269338190336	0.009270527007172992	0.0074074074	0.0074074074	0.0035224722412068206	0.02279597766631211	0.014272461226210821	0.0074074074	0.03199086885548097	0.01163542381158721	0.0222222222	0.0074074074	0.01419013349719932	0.0074074074	0.02676301974431049	0.21127025169705735	6.246813028006788E-4	0.0074074074	0.05488769841396668	0.0074074074	0.013775058611952926	0.0074074074	0.0074074074	0.09224556147806216	0.0074074074	0.02022609516185135	0.0074074074	0.06503665731716067	1.2308163461558687E-4	0.024341032379903735	0.8506070676030154	0.4093977876334174	0.4162114377498303	1.252648396463624	2.907328995868888	0.8071224496092623	1.1333665861664999	0.6097993397251101	0.6171121641938984	1.5647010481050558	0.8688268968744586	0.4093977876334174	0.4093977876334174	0.4093977876334174	0.8506070676030154	0.4093977876334174	0.4093977876334174	0.8506070676030154	0.4093977876334174	0.4093977876334174	0.8506070676030154	0.4093977876334174	0.4093977876334174	-707.696899256241	-95.55860396295725
4	-797.2052523978731	-1087.8590058174036	-797.2052523978731	-290.6537534195305	10.28456246590848	0.018937061445884015	0.09123956843990344	0.03938080633435621	0.010546884294340406	0.021486284953852075	0.004024070550114403	0.01869974995879318	0.005625002060926254	0.001037016138449632	0.030395269338190336	0.009270527007172992	0.0074074074	0.0074074074	0.0035224722412068206	0.02279597766631211	0.011928691891854616	0.035746431652608254	0.018948197055806526	0.01163542381158721	0.06977231922653113	0.02519009456099607	0.027232805296873764	0.0074074074	0.028982321258353635	0.17083745703684447	6.246813028006788E-4	0.0074074074	0.05488769841396668	0.0074074074	0.013775058611952926	0.0074074074	0.0074074074	0.0639065372254539	2.9010503368175067E-4	0.02022609516185135	0.0074074074	0.10979613222933514	1.8001910539135023E-4	0.010767766314902673	0.7966323346532084	0.3013299601148324	0.392482968436057	0.9286961714371369	2.923721527044166	0.6445525419989261	1.262732539025523	0.5511675209825888	0.8208987624319534	0.8973635587614159	0.38447492433321334	0.3013299601148324	0.3013299601148324	0.3013299601148324	0.7966323346532084	0.3013299601148324	0.3013299601148324	0.7966323346532084	0.3013299601148324	0.3013299601148324	0.7966323346532084	0.3013299601148324	0.3013299601148324	-697.4925358187768	-99.7127165790963
5	-796.6601509882842	-1074.3903380440256	-796.6601509882842	-277.7301870557415	8.41317680899722	0.018937061445884015	0.1263837282241429	0.009420223936248036	0.010546884294340406	0.0437621651570117	0.004024070550114403	0.01869974995879318	0.005625002060926254	0.03913428715342103	0.030395269338190336	0.009270527007172992	0.02645003996912564	0.0074074074	0.0035224722412068206	0.044239833693814984	0.011928691891854616	0.014302575625105382	0.018948197055806526	0.01163542381158721	0.08228770637625457	0.02519009456099607	0.04467800054525849	0.027348756602166055	0.028982321258353635	0.01610398754357842	6.246813028006788E-4	0.0074074074	0.016790427398995278	0.0074074074	0.013775058611952926	0.0074074074	0.021428288879642977	0.0639065372254539	0.04459867128861404	0.02022609516185135	0.0074074074	0.10979613222933514	1.1400672787562511E-4	0.012233674137846066	0.6135194420944056	0.3196108531462749	0.3899715807527213	0.6459928519972012	2.8993780260510076	0.5041634210469035	1.5465573096525476	0.9125605293064581	0.829449404030699	0.882745113446221	2.2139179098610797	0.3196108531462749	0.3196108531462749	0.3196108531462749	0.6135194420944056	0.3196108531462749	0.3196108531462749	0.6135194420944056	0.3196108531462749	0.3196108531462749	0.6135194420944056	0.3196108531462749	0.3196108531462749	-704.8355517409161	-91.82459924736798
6	-795.2557913676022	-1070.747312688754	-795.2557913676022	-275.49152132115165	9.592935151187879	0.018937061445884015	0.11000896080398614	0.009420223936248036	0.008174765596396336	0.0437621651570117	0.004024070550114403	0.02800139891915108	0.005625002060926254	0.03913428715342103	0.012746283802253813	0.009270527007172992	0.02645003996912564	0.0074074074	0.02115088800906516	0.06188881922975151	0.008068017241646498	0.014302575625105382	0.0033132981267571804	0.01163542381158721	0.08228770637625457	0.02519009456099607	0.04467800054525849	0.027348756602166055	0.028982321258353635	0.010663013233428636	6.246813028006788E-4	0.0074074074	0.016790427398995278	0.0074074074	0.013775058611952926	0.0074074074	0.021428288879642977	0.06879077841146329	0.056467799381896486	0.02022609516185135	0.0074074074	0.10979613222933514	7.751714764846215E-5	0.014791783519623498	0.4617374832084799	0.25986956606482803	0.371919922450515	0.7860246521480656	2.205969069353382	0.6000083516786954	1.1828136652790484	1.3977463428755676	0.796093044062738	0.9416646622175531	1.8856294858623792	0.25986956606482803	0.25986956606482803	0.25986956606482803	0.4617374832084799	0.25986956606482803	0.25986956606482803	0.4617374832084799	0.25986956606482803	0.25986956606482803	0.4617374832084799	0.25986956606482803	0.25986956606482803	-697.2404429292594	-98.01534843834285
7	-777.0160982281109	-1073.4015570011584	-777.0160982281109	-296.3854587730475	9.651559448290676	0.018937061445884015	0.011952848511823877	0.025186003239333683	0.0714684564229741	0.033461868503534276	0.08086018904997445	0.009122289933918705	0.005625002060926254	0.03913428715342103	0.012746283802253813	0.10732663929933525	0.02645003996912564	0.0074074074	0.02115088800906516	0.06188881922975151	0.008068017241646498	0.014302575625105382	0.0033132981267571804	0.01163542381158721	0.00545158787639452	0.02519009456099607	0.04467800054525849	0.027348756602166055	0.028982321258353635	0.010663013233428636	6.246813028006788E-4	0.026286516385232373	0.016790427398995278	0.017707704053477425	0.013775058611952926	0.0074074074	0.021428288879642977	0.005497087584885527	0.056467799381896486	0.004460315858765704	0.0074074074	0.10979613222933514	1.9529985775979E-4	0.01015878546919841	0.6132147820800582	0.31714028599306837	0.5521202628877716	0.5951943328488822	2.68755729374386	0.6506755216230671	1.7352411637077436	0.9825748861687559	1.1702427872025816	1.1579505387514857	1.8481269818979797	0.31714028599306837	0.31714028599306837	0.31714028599306837	0.6132147820800582	0.31714028599306837	0.31714028599306837	0.6132147820800582	0.31714028599306837	0.31714028599306837	0.6132147820800582	0.31714028599306837	0.31714028599306837	-685.7304862921856	-91.28561193592535
8	-775.340111496835	-1051.8743826575376	-775.340111496835	-276.53427116070264	9.109989886293793	0.08719725036467406	0.009688807572008296	0.025186003239333683	0.09280932317929806	0.033461868503534276	0.08086018904997445	0.009122289933918705	0.005625002060926254	0.03913428715342103	0.04688605072444915	0.00469025255367414	0.01021287299082162	0.0074074074	0.02115088800906516	0.005689343529607677	0.07026771512607663	0.014302575625105382	0.0033132981267571804	0.03448399599762951	0.00545158787639452	0.02519009456099607	0.017336911604648217	0.027348756602166055	0.008397790012126913	0.010663013233428636	6.246813028006788E-4	0.026522947289908106	0.016790427398995278	0.017707704053477425	0.013775058611952926	0.0074074074	0.021428288879642977	0.005497087584885527	0.0727049663602005	0.004460315858765704	0.0074074074	0.10979613222933514	7.895573789002852E-5	0.025542717184929925	0.7858596138056311	0.277545609092409	0.7958991014444663	0.5363993764932024	1.5556493176324004	0.6278845808807262	1.3200716560265955	1.2958032202618395	0.974109369719556	1.1073879523837786	2.0679276687583887	0.277545609092409	0.277545609092409	0.277545609092409	0.7858596138056311	0.277545609092409	0.277545609092409	0.7858596138056311	0.277545609092409	0.277545609092409	0.7858596138056311	0.277545609092409	0.277545609092409	-684.184998643772	-91.155112853063
9	-745.8899896317887	-1045.74078844448	-745.8899896317887	-299.8507988126912	8.513585158834939	0.08719725036467406	0.009688807572008296	0.025186003239333683	0.09280932317929806	0.033461868503534276	0.08430423767493041	0.009122289933918705	0.005625002060926254	0.03913428715342103	0.04688605072444915	0.00469025255367414	0.01021287299082162	0.01328802714878451	0.02115088800906516	0.005689343529607677	0.060822253360518136	0.014302575625105382	0.0033132981267571804	0.043929457763188004	0.00545158787639452	0.02519009456099607	0.017336911604648217	0.027348756602166055	0.008397790012126913	0.010663013233428636	6.246813028006788E-4	0.026522947289908106	0.016790427398995278	0.017707704053477425	0.013775058611952926	0.0039633587750440465	0.021428288879642977	0.005497087584885527	0.066824346611416	0.004460315858765704	0.0074074074	0.10979613222933514	7.583178747827912E-5	0.018548879573691338	1.1915250632081853	0.22051337874872412	0.7817260549333509	0.5758225675788676	1.3161937149500595	0.8460722516215669	1.4936805440402192	0.817836414450253	0.5925901712390559	1.048459954804663	1.4465966446403367	0.22051337874872412	0.22051337874872412	0.22051337874872412	1.1915250632081853	0.22051337874872412	0.22051337874872412	1.1915250632081853	0.22051337874872412	0.22051337874872412	1.1915250632081853	0.22051337874872412	0.22051337874872412	-654.0460748832943	-91.84391474849444
10	-742.488908768011	-1028.8199713226345	-742.488908768011	-286.33106255462343	10.287960446776834	0.08719725036467406	0.009688807572008296	0.025186003239333683	0.09280932317929806	0.033461868503534276	0.08430423767493041	0.009122289933918705	0.04289392945331344	0.03913428715342103	0.027691335044659343	0.00469025255367414	0.0019465281869341829	0.01328802714878451	0.02115088800906516	0.005689343529607677	0.06587624139458434	0.034675097117457296	0.0033132981267571804	0.01168744891475891	0.00545158787639452	0.02519009456099607	0.017336911604648217	0.027348756602166055	0.008397790012126913	0.010663013233428636	0.00790902470434739	0.02189968771494687	0.016790427398995278	0.017707704053477425	0.006490715210406214	0.0039633587750440465	0.021428288879642977	0.03773909643331462	0.004128909692610691	0.036544635917404186	0.0074074074	0.10979613222933514	5.012782761554912E-5	0.01218724864902846	1.029612919097956	0.2900093581784324	0.8945527614052853	0.6009191586760155	1.3707993242910297	0.9460050720774479	1.4638343402876053	0.7681049585692172	0.7166145448727425	1.4579197893792029	1.358408142819188	0.2900093581784324	0.2900093581784324	0.2900093581784324	1.029612919097956	0.2900093581784324	0.2900093581784324	1.029612919097956	0.2900093581784324	0.2900093581784324	1.029612919097956	0.2900093581784324	0.2900093581784324	-648.3869780593191	-94.101930708692
11	-742.243732920109	-1028.5128604342322	-742.243732920109	-286.2691275141231	10.645078910788907	0.06869408324106284	0.009688807572008296	0.025186003239333683	0.037574794898699235	0.033461868503534276	0.04694972751652211	0.009122289933918705	0.040705423126909446	0.03913428715342103	0.027691335044659343	0.00469025255367414	0.0019465281869341829	0.015476533475188504	0.02115088800906516	0.005689343529607677	0.06587624139458434	0.06131636806695072	0.0016329780090985624	0.06692197719535774	0.00545158787639452	0.02519009456099607	0.017336911604648217	7.07485652672632E-4	0.008397790012126913	0.010663013233428636	0.00790902470434739	0.02189968771494687	0.05582525767506219	0.017707704053477425	0.006490715210406214	0.0039633587750440465	0.021428288879642977	0.13989519384204152	0.004128909692610691	0.036544635917404186	0.0074074074	0.026143201944219485	5.5086337887684135E-5	0.012617242802960102	1.1728991294489082	0.3419819812918445	0.478349922256638	0.6982214882731204	0.9961066385171023	0.9320877115250441	1.129316420901764	0.5911554155561152	0.5473085297203568	0.9100912385472529	1.133376596581142	0.3419819812918445	0.3419819812918445	0.3419819812918445	1.1728991294489082	0.3419819812918445	0.3419819812918445	1.1728991294489082	0.3419819812918445	0.3419819812918445	1.1728991294489082	0.3419819812918445	0.3419819812918445	-646.9489979669032	-95.2947349532058
12	-740.1524134970607	-1027.4514897892896	-740.1524134970607	-287.2990762922288	5.997085838275839	0.025669632894812375	0.009688807572008296	0.017040368408271674	0.037574794898699235	0.033461868503534276	0.03697021363083593	0.009122289933918705	0.008960415513932063	0.03913428715342103	0.06389453701556233	0.00469025255367414	0.023116154094156672	0.015476533475188504	0.02115088800906516	0.005689343529607677	0.018242821158346384	0.022982920835015838	0.0016329780090985624	0.06692197719535774	0.00545158787639452	0.02519009456099607	0.017336911604648217	0.03904093288460751	0.008397790012126913	0.010663013233428636	0.00790902470434739	0.02189968771494687	0.05582525767506219	0.060732154399727886	0.014636350041468224	0.035708366388021426	0.021668395123441642	0.13989519384204152	0.004128909692610691	0.036544635917404186	0.0074074074	0.026143201944219485	1.23023379852698E-4	0.010391908512287907	1.6766733263805007	0.2541622662664575	0.28611194521904854	0.7626727727089488	1.1328392396001565	0.9782848536935494	0.9179387118678123	0.594233899560132	0.4669298707349066	1.2752597442828624	0.44525047014078434	0.2541622662664575	0.2541622662664575	0.2541622662664575	1.6766733263805007	0.2541622662664575	0.2541622662664575	1.6766733263805007	0.2541622662664575	0.2541622662664575	1.6766733263805007	0.2541622662664575	0.2541622662664575	-634.9250118939563	-105.22740160310448
13	-739.3881898729119	-1017.5242324162675	-739.3881898729119	-278.1360425433556	6.182882979537895	0.025669632894812375	0.009688807572008296	0.017040368408271674	0.037574794898699235	0.013510769940176304	0.03697021363083593	0.009122289933918705	0.008960415513932063	0.07133977037754534	0.0077557069875660856	0.00469025255367414	0.023116154094156672	0.015476533475188504	0.02115088800906516	0.005689343529607677	0.018242821158346384	0.022982920835015838	0.0016329780090985624	0.06692197719535774	0.00545158787639452	0.02519009456099607	0.017336911604648217	0.03904093288460751	0.008397790012126913	0.010663013233428636	0.00790902470434739	0.02189968771494687	0.02361977445093788	0.08068325296308586	0.014636350041468224	0.035708366388021426	0.021668395123441642	0.13989519384204152	0.004128909692610691	0.027990226055093034	0.06354623742799624	0.03469761180653064	6.948415581162263E-6	0.008528157310575187	1.8295207259765442	0.24379257871234247	0.30741103922709334	1.7651512007427277	1.2582145594297607	1.1261964610451753	0.7930365679308792	0.5186381446005713	0.6118264873217659	1.0040935074343165	0.3726173829147173	0.24379257871234247	0.24379257871234247	0.24379257871234247	1.8295207259765442	0.24379257871234247	0.24379257871234247	1.8295207259765442	0.24379257871234247	0.24379257871234247	1.8295207259765442	0.24379257871234247	0.24379257871234247	-639.9330022309957	-99.45518764191615
14	-734.6123446384597	-1009.6429537898771	-734.6123446384597	-275.03060915141737	7.094671038688354	0.025669632894812375	0.017973491930504792	0.017040368408271674	0.037574794898699235	0.013510769940176304	0.005757904327848465	0.009122289933918705	0.008960415513932063	0.07133977037754534	0.0054954307116114876	0.00469025255367414	0.023116154094156672	0.015476533475188504	0.02115088800906516	0.005689343529607677	0.018242821158346384	0.011050722858133785	0.0038932542850531604	0.15282984394004995	0.00545158787639452	0.02519009456099607	0.017336911604648217	0.03904093288460751	0.008397790012126913	0.010663013233428636	0.045438568002270516	0.02189968771494687	0.02361977445093788	0.08068325296308586	0.014636350041468224	0.02742368202952493	0.021668395123441642	0.02838998177630825	0.004128909692610691	0.059202535358080496	0.06354623742799624	0.03469761180653064	3.277672601286509E-5	0.010243444473098424	1.4157663771543008	0.2512651800082513	0.1704461827921533	1.5206602371626028	1.1345945723587032	1.0569328646885123	0.7160388163805183	0.44348526677082695	0.541597200097051	0.9838322543380811	2.217888280427935	0.2512651800082513	0.2512651800082513	0.2512651800082513	1.4157663771543008	0.2512651800082513	0.2512651800082513	1.4157663771543008	0.2512651800082513	0.2512651800082513	1.4157663771543008	0.2512651800082513	0.2512651800082513	-630.0154179723911	-104.5969266660686
15	-726.2134543210428	-1009.4178095028781	-726.2134543210428	-283.2043551818352	6.15668121106164	0.025669632894812375	0.017973491930504792	0.017040368408271674	0.037574794898699235	0.013510769940176304	0.005757904327848465	0.009122289933918705	0.008960415513932063	0.061943927079540426	0.0054954307116114876	0.00469025255367414	0.023116154094156672	0.015476533475188504	0.02115088800906516	0.005689343529607677	0.018242821158346384	0.011050722858133785	0.0038932542850531604	0.15282984394004995	0.008366380844110982	0.02519009456099607	0.017336911604648217	0.03904093288460751	0.016151655390889127	0.010663013233428636	0.045438568002270516	0.014145822336184655	0.02361977445093788	0.08068325296308586	0.014636350041468224	0.03681952532752984	0.021584908019562466	0.025558675912470963	0.004128909692610691	0.059202535358080496	0.06354623742799624	0.03469761180653064	1.4141611757892232E-4	0.017187543797292485	1.808145172544802	0.2211390617784268	0.14126937633742642	1.752033165180233	0.8119618270316638	1.7645110427378397	0.887558667161536	0.46101682493624124	0.6579266382997616	1.1061669139619397	0.2865624502462373	0.2211390617784268	0.2211390617784268	0.2211390617784268	1.808145172544802	0.2211390617784268	0.2211390617784268	1.808145172544802	0.2211390617784268	0.2211390617784268	1.808145172544802	0.2211390617784268	0.2211390617784268	-623.8094657410204	-102.40398858002247
16	-715.6806900245302	-1003.0346358490804	-715.6806900245302	-287.3539458245502	5.151408974710218	0.025669632894812375	0.01679806942033324	0.015754366667606386	0.037574794898699235	0.013510769940176304	0.03756669344446813	0.009122289933918705	0.008960415513932063	0.025328494016256017	0.011352437952704991	0.00469025255367414	0.023116154094156672	0.05209196653847291	0.02115088800906516	0.005689343529607677	0.018242821158346384	0.011050722858133785	0.0038932542850531604	0.06071203690004823	0.008366380844110982	0.01651121399974941	0.017336911604648217	0.053168820472727515	0.1028204554040175	0.010663013233428636	0.04961067406727769	0.0054027107707492646	0.02361977445093788	0.005225727368257091	0.014636350041468224	0.11227705092235861	0.021584908019562466	0.03967412827778338	0.005304332202782244	0.04508708299276808	0.03173744831137658	0.03469761180653064	4.7250681370298935E-4	0.01466241224055595	1.4625150669668125	0.15704010034540558	0.11695317540639688	1.809743194629935	0.7839821814960997	1.0252496279731256	1.177348250068819	0.5964368761002409	0.5076772052016286	1.555446306010697	0.365714004093046	0.15704010034540558	0.15704010034540558	0.15704010034540558	1.4625150669668125	0.15704010034540558	0.15704010034540558	1.4625150669668125	0.15704010034540558	0.15704010034540558	1.4625150669668125	0.15704010034540558	0.15704010034540558	-619.8880398356248	-95.79265018890545
17	-710.4325523789422	-1006.1846272299065	-710.4325523789422	-295.7520748509642	6.053535758178733	0.025669632894812375	0.01679806942033324	0.017501956047859597	0.03782403529873117	0.013510769940176304	0.03756669344446813	0.041805885462909066	0.008960415513932063	0.025328494016256017	0.011352437952704991	0.00469025255367414	0.023116154094156672	0.05209196653847291	0.02115088800906516	0.003692513749322529	0.018242821158346384	0.011050722858133785	0.0038932542850531604	0.06450827512278545	0.0029477207060756017	0.01651121399974941	0.017336911604648217	0.053168820472727515	0.1028204554040175	0.010663013233428636	0.02234573867632271	0.0054027107707492646	0.0390740051992996	0.005225727368257091	0.014636350041468224	0.11227705092235861	0.021584908019562466	0.07039810848827432	0.0015080939800450194	0.029632852244406357	0.03173744831137658	0.003973631596039695	4.2336224637637494E-5	0.00805914195939953	0.8091761652133476	0.25988326987692084	0.09784865242399599	1.8259148538042662	0.7684047944557131	1.0871562720306382	1.5516140245178813	0.9541797477563314	0.6707047010883509	1.8643542154487054	2.46298412095523	0.25988326987692084	0.25988326987692084	0.25988326987692084	0.8091761652133476	0.25988326987692084	0.25988326987692084	0.8091761652133476	0.25988326987692084	0.25988326987692084	0.8091761652133476	0.25988326987692084	0.25988326987692084	-621.9426681855193	-88.48988419342288
18	-710.163369873001	-1006.1089917555954	-710.163369873001	-295.9456218825944	8.209027746611596	0.021947668125006134	0.009619232950306977	0.017501956047859597	0.03782403529873117	0.028859462979054507	0.03756669344446813	0.041805885462909066	0.008960415513932063	0.025328494016256017	0.011352437952704991	0.00469025255367414	0.004064192255130539	0.024068497939434316	0.02115088800906516	0.01792211729382817	0.018242821158346384	0.011050722858133785	0.03191672288409175	0.06450827512278545	0.0066696854758818425	0.01651121399974941	0.017336911604648217	0.053168820472727515	0.05624105739171813	0.010663013233428636	0.02234573867632271	0.0054027107707492646	0.0390740051992996	0.005225727368257091	0.014636350041468224	0.11227705092235861	0.021584908019562466	0.07039810848827432	0.0480874919923444	0.026285353970074907	0.03173744831137658	0.003973631596039695	3.62791267159718E-4	0.012130238262334808	0.6196995452086682	0.19871446865259002	0.11528471777115103	2.1827109832983798	1.5989071368796828	1.2373939793117774	1.9983687929851113	0.6824973668416005	1.0352618351338256	1.589874078250364	2.110332048622611	0.19871446865259002	0.19871446865259002	0.19871446865259002	0.6196995452086682	0.19871446865259002	0.19871446865259002	0.6196995452086682	0.19871446865259002	0.19871446865259002	0.6196995452086682	0.19871446865259002	0.19871446865259002	-619.0996630568152	-91.06370681618577
19	-707.8459414337033	-992.1692967348018	-707.8459414337033	-284.32335530109856	9.45351163648969	0.021947668125006134	0.0319984942505811	0.017501956047859597	0.03782403529873117	0.03623007727448202	0.03756669344446813	0.041805885462909066	0.039301100779920495	0.025328494016256017	0.011352437952704991	0.00469025255367414	0.004064192255130539	0.012373181189207147	0.013005549020528629	0.01792211729382817	0.018242821158346384	0.07879313861323388	0.02331842254688432	0.06450827512278545	0.018365002226109012	0.01651121399974941	0.017336911604648217	0.053168820472727515	0.03660558250599254	0.012751123286208949	0.0419812135620483	0.0054027107707492646	0.0390740051992996	0.017366571624194513	0.014636350041468224	0.030753674204191825	0.021584908019562466	0.06830999843549401	0.0063806871635275625	0.026285353970074907	0.03173744831137658	0.003973631596039695	1.7512791629252744E-4	0.010287233760907153	0.5076237553896696	0.2323764101836225	0.1437865925253845	2.075511981403561	0.7062169275623101	1.2839267851344927	2.5834580323869663	0.7719360738321164	1.065644102626559	1.213669988468583	1.6106813592763196	0.2323764101836225	0.2323764101836225	0.2323764101836225	0.5076237553896696	0.2323764101836225	0.2323764101836225	0.5076237553896696	0.2323764101836225	0.2323764101836225	0.5076237553896696	0.2323764101836225	0.2323764101836225	-616.6159917494191	-91.22994968428422
20	-707.4073496909954	-996.2033481224706	-707.4073496909954	-288.79599843147525	9.267715830497202	0.021947668125006134	0.0319984942505811	0.017501956047859597	0.03782403529873117	0.03623007727448202	0.021705644278083594	0.04049609082359982	0.034554714558035216	0.025328494016256017	0.011352437952704991	0.006000047192983388	0.004064192255130539	0.012373181189207147	0.013005549020528629	0.01792211729382817	0.018242821158346384	0.07879313861323388	0.010471942663971778	0.06925466134467073	0.018365002226109012	0.01651121399974941	0.03018339148756076	0.053168820472727515	0.03660558250599254	0.028612172452593482	0.0444590182238742	0.0054027107707492646	0.0390740051992996	0.017366571624194513	0.014636350041468224	0.030753674204191825	0.021584908019562466	0.06583219377366811	0.0063806871635275625	0.026285353970074907	0.03173744831137658	0.003973631596039695	7.398121117937819E-5	0.01822230079885806	0.8300482925855	0.20336768477329598	0.15832046185583162	1.5909325542944297	0.8812587131503661	1.3935880716337112	1.4151045351817122	0.6340681662808909	1.0073193927356394	1.3737492808158376	1.6478479367616112	0.20336768477329598	0.20336768477329598	0.20336768477329598	0.8300482925855	0.20336768477329598	0.20336768477329598	0.8300482925855	0.20336768477329598	0.20336768477329598	0.8300482925855	0.20336768477329598	0.20336768477329598	-613.9431529304493	-93.46419676054612
21	-695.492694448913	-973.2974894865027	-695.492694448913	-277.80479503758977	9.39757744099341	0.021947668125006134	0.0319984942505811	0.03742773514300519	0.022123569234912918	0.03623007727448202	0.0017798651829380036	0.04049609082359982	0.034554714558035216	0.025328494016256017	0.011352437952704991	0.0021110370692573877	0.019764658318948792	0.012373181189207147	0.013005549020528629	0.01792211729382817	0.018242821158346384	0.08550207272057962	0.010471942663971778	0.10868021901260427	0.018365002226109012	0.007062182726110245	0.03018339148756076	0.053168820472727515	0.03660558250599254	0.028612172452593482	0.0016632868230789105	0.002063950396265269	0.0390740051992996	0.021255581747920513	0.014636350041468224	0.04020270547783099	0.021584908019562466	0.06583219377366811	0.0063806871635275625	0.026285353970074907	0.03173744831137658	0.003973631596039695	1.1795142265581198E-4	0.016878366695260893	0.8421795231957332	0.1168693128865458	0.24309086607624236	1.4988183013935361	0.7459423196320825	1.3302183713015638	1.9053135219397184	0.5841428002520878	1.0138463204195876	1.5219343619814032	0.9202926572827277	0.1168693128865458	0.1168693128865458	0.1168693128865458	0.8421795231957332	0.1168693128865458	0.1168693128865458	0.8421795231957332	0.1168693128865458	0.1168693128865458	0.8421795231957332	0.1168693128865458	0.1168693128865458	-602.0802151026227	-93.41247934629028
22	-694.9672701731538	-976.1855356828119	-694.9672701731538	-281.218265509658	9.17465572905046	0.021947668125006134	0.0319984942505811	0.03742773514300519	0.022123569234912918	0.03623007727448202	0.006275701096977351	0.04049609082359982	0.0719563215644789	0.025328494016256017	0.011352437952704991	0.0021110370692573877	0.019764658318948792	0.012373181189207147	0.00743187198425509	0.01792211729382817	0.013746985244307036	0.08550207272057962	0.010471942663971778	0.10868021901260427	0.02393867926238255	0.007062182726110245	0.03018339148756076	0.015767213466283833	0.03660558250599254	0.028612172452593482	0.007261875300258222	0.002063950396265269	0.03347541672212029	0.021255581747920513	0.014636350041468224	0.04020270547783099	0.021584908019562466	0.06583219377366811	0.0063806871635275625	0.026285353970074907	0.03173744831137658	0.003973631596039695	1.1977788133952572E-4	0.014969801877156812	0.9077755807964213	0.10125059766787703	0.3816211188851169	1.304931183755349	0.5676721919841508	1.7377217492504238	1.8703984897058592	0.4230731356898463	1.2239618800085235	1.694429685220663	1.2472683370937832	0.10125059766787703	0.10125059766787703	0.10125059766787703	0.9077755807964213	0.10125059766787703	0.10125059766787703	0.9077755807964213	0.10125059766787703	0.10125059766787703	0.9077755807964213	0.10125059766787703	0.10125059766787703	-607.0817180370406	-87.88555213611322
23	-694.9439048190685	-985.6258179380467	-694.9439048190685	-290.6819131189782	8.145543520168737	0.021947668125006134	0.0319984942505811	0.03742773514300519	0.022123569234912918	0.03623007727448202	0.006275701096977351	0.04049609082359982	0.0719563215644789	0.025328494016256017	0.011352437952704991	0.0605726397681183	0.018661610463577272	0.012373181189207147	0.00743187198425509	0.01792211729382817	0.026269131015634634	0.10575261426715497	0.010471942663971778	0.040273859553669245	0.055114937546319104	0.007062182726110245	0.03018339148756076	0.0032450676949562357	0.03770863036136406	0.028612172452593482	0.07566823475919325	0.002063950396265269	0.013224875175544937	0.021255581747920513	0.014636350041468224	0.009026447193894435	0.021584908019562466	0.007370591074807198	0.0063806871635275625	0.026285353970074907	0.03173744831137658	0.003973631596039695	2.3706999698091103E-5	0.009565774992812616	0.6872742310652478	0.055512824012604614	0.3136816907185613	1.0156145929260365	0.7190003487158231	1.6324594082821409	1.9023522007797795	0.43858019897887895	1.7592192362908803	2.763648146383256	1.1413051755398627	0.055512824012604614	0.055512824012604614	0.055512824012604614	0.6872742310652478	0.055512824012604614	0.055512824012604614	0.6872742310652478	0.055512824012604614	0.055512824012604614	0.6872742310652478	0.055512824012604614	0.055512824012604614	-603.5277649768142	-91.41613984225428
24	-694.5631470453379	-971.4681310072673	-694.5631470453379	-276.90498396192936	7.509885730792782	0.021947668125006134	0.0319984942505811	0.03742773514300519	0.027496330037397307	0.03623007727448202	0.006275701096977351	0.04049609082359982	0.0719563215644789	0.025328494016256017	0.011352437952704991	0.12122506592872392	0.018661610463577272	0.012373181189207147	0.00743187198425509	0.01792211729382817	0.026269131015634634	0.037788126028078226	0.010471942663971778	0.040273859553669245	0.055114937546319104	0.007062182726110245	0.03018339148756076	0.0032450676949562357	0.03770863036136406	0.028612172452593482	0.01501580859858763	0.002063950396265269	0.013224875175544937	0.021255581747920513	0.014636350041468224	0.07699093543297118	0.016212147217078077	0.007370591074807198	0.0063806871635275625	0.026285353970074907	0.03173744831137658	0.003973631596039695	1.4012548387182355E-4	0.01525859408262741	0.9001586631482626	0.06508253791437973	0.4598433563414207	1.262428450040315	0.5748399478955344	1.1169969893560487	2.2072733706332235	0.2177527303361481	1.4842476674170855	1.9342694630634372	1.00184546364855	0.06508253791437973	0.06508253791437973	0.06508253791437973	0.9001586631482626	0.06508253791437973	0.06508253791437973	0.9001586631482626	0.06508253791437973	0.06508253791437973	0.9001586631482626	0.06508253791437973	0.06508253791437973	-606.0265323029759	-88.53661474236203
25	-694.2489542518815	-976.9139202981648	-694.2489542518815	-282.6649660462834	6.587971642900356	0.021947668125006134	0.0319984942505811	0.026664959383567888	0.027496330037397307	0.03623007727448202	0.006275701096977351	0.04049609082359982	0.0719563215644789	0.025328494016256017	0.011352437952704991	0.12122506592872392	0.018661610463577272	0.012373181189207147	0.0753341077529641	0.01792211729382817	0.026269131015634634	0.060505147251562405	0.010471942663971778	0.040273859553669245	0.055114937546319104	0.007062182726110245	0.01998103028217023	0.0032450676949562357	0.03770863036136406	0.031575279662342276	0.01501580859858763	0.002063950396265269	0.013224875175544937	0.02096073449854262	0.014636350041468224	0.016888368213950664	0.016212147217078077	0.007370591074807198	0.0063806871635275625	0.013770693951981258	0.03203229556075447	0.003973631596039695	6.496064469098E-5	0.011526715359454981	0.9195962252219425	0.0727429519400627	0.5325427973990061	1.4137903539723584	0.4594397329970077	1.4551372520782193	1.5543386235517176	0.18345162214265878	1.6019750100231664	1.4892886459008183	2.2760800373842662	0.0727429519400627	0.0727429519400627	0.0727429519400627	0.9195962252219425	0.0727429519400627	0.0727429519400627	0.9195962252219425	0.0727429519400627	0.0727429519400627	0.9195962252219425	0.0727429519400627	0.0727429519400627	-608.999195803078	-85.24975844880348
26	-692.2537458336864	-987.6138531557984	-692.2537458336864	-295.36010732211207	7.470447925578109	0.021947668125006134	0.0319984942505811	0.026664959383567888	0.027496330037397307	0.025084925151071413	0.006275701096977351	0.04049609082359982	0.046274928901779255	0.025328494016256017	0.011352437952704991	0.042511718405228466	0.018661610463577272	0.012373181189207147	0.0753341077529641	0.01792211729382817	0.026269131015634634	0.060505147251562405	0.023050755979415194	0.040273859553669245	0.055114937546319104	0.007062182726110245	0.01998103028217023	0.017331964838646283	0.034766885341084616	0.031575279662342276	0.01501580859858763	0.002063950396265269	0.013224875175544937	0.008381921183099203	0.014636350041468224	0.016888368213950664	0.014818514289180785	0.007370591074807198	0.0063806871635275625	0.013770693951981258	0.13782066867484688	0.003973631596039695	3.5333005395301347E-6	0.015935414790960518	0.8757090036183481	0.14015203988535063	0.3285617543180414	1.2659087913127185	0.49236383128361955	1.7060402915775974	1.6253321222053594	0.19132444154107442	1.0687797706818114	2.919002171953402	3.0123070987373524	0.14015203988535063	0.14015203988535063	0.14015203988535063	0.8757090036183481	0.14015203988535063	0.14015203988535063	0.8757090036183481	0.14015203988535063	0.14015203988535063	0.8757090036183481	0.14015203988535063	0.14015203988535063	-602.1623526345752	-90.0913931991112
27	-688.6619950469214	-975.9883805781365	-688.6619950469214	-287.32638553121507	5.775050271477608	0.021947668125006134	0.0319984942505811	0.026664959383567888	0.027496330037397307	0.011513853515269457	0.006275701096977351	0.04049609082359982	0.049610779137082395	0.025328494016256017	0.011352437952704991	0.042511718405228466	0.018661610463577272	0.012373181189207147	0.0753341077529641	0.03862039056232977	0.026269131015634634	0.060505147251562405	0.023050755979415194	0.034405811001567255	0.034416664277817505	0.0037263324908071056	0.01998103028217023	0.017331964838646283	0.034766885341084616	0.01894309790680801	0.01501580859858763	0.002063950396265269	0.025857056931079203	0.008381921183099203	0.02820742167727018	0.016888368213950664	0.014818514289180785	0.013238639626909188	0.0063806871635275625	0.1309279664809042	0.02066339614592394	0.003973631596039695	2.2020337259417607E-5	0.015395062452053031	0.7896381837051379	0.07802056623473475	0.2783272409024653	0.9584160745917449	0.5496935432438321	2.053150103518672	1.2359684196954717	0.27434486060913743	0.8050574251864223	1.8398269374641918	3.691783964330475	0.07802056623473475	0.07802056623473475	0.07802056623473475	0.7896381837051379	0.07802056623473475	0.07802056623473475	0.7896381837051379	0.07802056623473475	0.07802056623473475	0.7896381837051379	0.07802056623473475	0.07802056623473475	-595.6751006398888	-92.98689440703261
28	-687.2737038970399	-953.4837956878796	-687.2737038970399	-266.21009179083967	6.455121773251755	0.02261355963402288	0.0319984942505811	0.026664959383567888	0.027496330037397307	0.014381791609273997	0.006275701096977351	0.04049609082359982	0.049610779137082395	0.025328494016256017	0.00848449985870045	0.04683923964286016	0.008075129895942935	0.012373181189207147	0.08592058832059844	0.03862039056232977	0.026269131015634634	0.060505147251562405	0.02201349223232174	0.034405811001567255	0.034416664277817505	0.0037263324908071056	0.01998103028217023	0.017331964838646283	0.034766885341084616	0.01894309790680801	0.01501580859858763	0.002063950396265269	0.025857056931079203	0.008753293421175909	0.02820742167727018	0.06586662425160726	0.014818514289180785	0.013238639626909188	0.0063806871635275625	0.08194971044324761	0.016335874908292247	0.003973631596039695	2.2641426144588196E-4	0.017153909265690773	0.5105217623965101	0.0939484051220631	0.17599455239703235	1.1304696900286535	0.5033826029696461	2.031386692960489	1.1688506156713574	0.21554395495454629	0.6561899687454249	2.2997503367291507	1.5746922051691863	0.0939484051220631	0.0939484051220631	0.0939484051220631	0.5105217623965101	0.0939484051220631	0.0939484051220631	0.5105217623965101	0.0939484051220631	0.0939484051220631	0.5105217623965101	0.0939484051220631	0.0939484051220631	-594.1377016985647	-93.13600219847527
29	-686.4887443245807	-962.3462444682333	-686.4887443245807	-275.8575001436526	5.329485925875511	0.02261355963402288	0.0319984942505811	0.026664959383567888	0.027496330037397307	0.014381791609273997	0.006275701096977351	0.04063619341083311	0.004742672150903349	0.025328494016256017	0.00848449985870045	0.04683923964286016	0.029873117659866763	0.012373181189207147	0.03520434167298801	0.03862039056232977	0.04933925023788985	0.060505147251562405	0.02201349223232174	0.034405811001567255	0.034416664277817505	0.0037263324908071056	0.01998103028217023	0.017331964838646283	0.034766885341084616	0.01894309790680801	0.014875706011354337	0.052780197043875696	0.025857056931079203	0.008753293421175909	0.02820742167727018	0.06586662425160726	0.014818514289180785	0.013238639626909188	0.0063806871635275625	0.08194971044324761	0.016335874908292247	0.003973631596039695	1.3318703735726325E-4	0.01513259308182356	0.7200285951737749	0.09279949017984632	0.205510959585254	0.9575647127854442	0.532644557203837	2.2916284991692284	1.9293286530664695	0.14357075215003076	0.46042881446738293	1.587130888562979	2.089427390995877	0.09279949017984632	0.09279949017984632	0.09279949017984632	0.7200285951737749	0.09279949017984632	0.09279949017984632	0.7200285951737749	0.09279949017984632	0.09279949017984632	0.7200285951737749	0.09279949017984632	0.09279949017984632	-591.9266274684405	-94.56211685614021
30	-684.5605319464032	-958.8700363537783	-684.5605319464032	-274.30950440737513	6.112582285970776	0.02261355963402288	0.0319984942505811	0.026664959383567888	0.027496330037397307	0.014381791609273997	0.033413070646292356	0.04063619341083311	0.00781459226034481	0.025328494016256017	0.00848449985870045	0.02229154347264392	0.054420813830083	0.023712012244553868	0.03520434167298801	0.03862039056232977	0.024317469078648152	0.060505147251562405	0.03028171194314977	0.00726844145225225	0.034416664277817505	0.0037263324908071056	0.01998103028217023	0.017331964838646283	0.034766885341084616	0.01894309790680801	0.014875706011354337	0.052780197043875696	0.025857056931079203	0.008753293421175909	0.02820742167727018	0.0517027505453259	0.017643556940115424	0.013238639626909188	0.0063806871635275625	0.055522388120747834	0.016335874908292247	0.04408259525751168	1.1210005727456844E-4	0.020290658807173567	0.5956618323969608	0.11415861815009297	0.24835349675691762	1.3005318762562406	0.3746997765926329	1.1180868107056428	1.0289620125549133	0.09489403079667116	0.6090747236402438	1.5494219203992747	2.8195243584745655	0.11415861815009297	0.11415861815009297	0.11415861815009297	0.5956618323969608	0.11415861815009297	0.11415861815009297	0.5956618323969608	0.11415861815009297	0.11415861815009297	0.5956618323969608	0.11415861815009297	0.11415861815009297	-595.9747233826226	-88.58580856378056
31	-672.8364425882631	-948.6218679868111	-672.8364425882631	-275.785425398548	6.112582285970776	0.02261355963402288	0.0319984942505811	0.03197466589125436	0.027496330037397307	0.014381791609273997	0.033413070646292356	0.04063619341083311	0.00781459226034481	0.025328494016256017	0.00848449985870045	0.02229154347264392	0.054420813830083	0.023712012244553868	0.02891368949997218	0.03862039056232977	0.024317469078648152	0.060505147251562405	0.003235623974907953	0.00726844145225225	0.018609249860935678	0.0037263324908071056	0.01998103028217023	0.017331964838646283	0.034766885341084616	0.01894309790680801	0.09511611060149948	0.008119889879595873	0.032147709104095035	0.008753293421175909	0.02820742167727018	0.0517027505453259	0.0600072794432298	0.013238639626909188	0.0063806871635275625	0.013158665617633458	0.018299573359864096	0.04408259525751168	2.2134796743454913E-4	0.01068942957249933	0.6289522270883559	0.13585453947216578	0.4083240259294888	1.462494060069938	0.3955100202052847	1.2859229612836174	0.9497304883267986	0.07389231765069976	0.7375334225463515	1.960406134410597	0.9706439612467026	0.13585453947216578	0.13585453947216578	0.13585453947216578	0.6289522270883559	0.13585453947216578	0.13585453947216578	0.6289522270883559	0.13585453947216578	0.13585453947216578	0.6289522270883559	0.13585453947216578	0.13585453947216578	-579.7573376476048	-93.07910494065834
32	-669.3907703456388	-952.4132312359578	-669.3907703456388	-283.02246089031905	6.859185137586351	0.02261355963402288	0.0319984942505811	0.03197466589125436	0.027496330037397307	0.014381791609273997	0.033413070646292356	0.04063619341083311	0.00781459226034481	0.025328494016256017	0.011946162474810368	0.02229154347264392	0.04178375008253675	0.023712012244553868	0.02891368949997218	0.03862039056232977	0.03454576467375434	0.060505147251562405	0.003235623974907953	0.00726844145225225	0.018609249860935678	0.0037263324908071056	0.01998103028217023	0.017331964838646283	0.034766885341084616	0.01894309790680801	0.10775317434904573	0.008119889879595873	0.028067647278526175	0.008753293421175909	0.02820742167727018	0.041474454950219716	0.0600072794432298	0.013238639626909188	0.0063806871635275625	0.009697003001523541	0.018299573359864096	0.04816265708308054	1.6179814595073774E-4	0.009875491168183127	0.6461153934683649	0.17536835089581337	0.5834837843694678	1.1682165499182917	0.6423360712041477	0.9474120740150391	1.3646684733388728	0.05634916797716436	0.6813412738520602	1.5227088684883203	1.8299892618652012	0.17536835089581337	0.17536835089581337	0.17536835089581337	0.6461153934683649	0.17536835089581337	0.17536835089581337	0.6461153934683649	0.17536835089581337	0.17536835089581337	0.6461153934683649	0.17536835089581337	0.17536835089581337	-581.9317700500164	-87.45900029562233
33	-664.0272595073512	-977.1239053850352	-664.0272595073512	-313.096645877684	8.995849015412302	0.02261355963402288	0.0319984942505811	0.028002887207460192	0.023875614424410704	0.014381791609273997	0.037384849330086525	0.002512085143240729	0.00781459226034481	0.025328494016256017	0.011946162474810368	0.02229154347264392	0.04178375008253675	0.023712012244553868	0.02891368949997218	0.03862039056232977	0.03454576467375434	0.060505147251562405	0.003235623974907953	0.00726844145225225	0.04692524151088859	0.0037263324908071056	0.039842649097851277	0.017331964838646283	0.014905266525403568	0.01894309790680801	0.07943718269909282	0.008119889879595873	0.028067647278526175	0.012374009034162511	0.06633152994486256	0.041474454950219716	0.0600072794432298	0.013238639626909188	0.0063806871635275625	0.009697003001523541	0.018299573359864096	0.04816265708308054	3.714724499499787E-4	0.017593509473991235	0.9457558876531086	0.27414452640921133	0.36901922892053945	0.7108373168904166	0.7589573922204425	0.7551198479689585	1.5381309720029304	0.05268444774826615	0.9400840194283261	1.984725262697434	2.9728256407290865	0.27414452640921133	0.27414452640921133	0.27414452640921133	0.9457558876531086	0.27414452640921133	0.27414452640921133	0.9457558876531086	0.27414452640921133	0.27414452640921133	0.9457558876531086	0.27414452640921133	0.27414452640921133	-576.0480730070997	-87.97918650025159
34	-659.4130845757293	-949.8572271495335	-659.4130845757293	-290.44414257380424	9.753927649646291	0.02261355963402288	0.0319984942505811	0.028002887207460192	0.023875614424410704	0.020583179831223375	0.037384849330086525	0.002512085143240729	0.00781459226034481	0.025328494016256017	0.013467877303945469	0.02229154347264392	0.04178375008253675	0.00931714895727774	0.02891368949997218	0.03862039056232977	0.03454576467375434	0.060505147251562405	0.003235623974907953	0.00726844145225225	0.05116174100345791	0.0037263324908071056	0.020145542653058665	0.017331964838646283	0.014905266525403568	0.01894309790680801	0.053289727132241435	0.008119889879595873	0.028067647278526175	0.012374009034162511	0.06633152994486256	0.041474454950219716	0.07440214273050592	0.013238639626909188	0.0063806871635275625	0.012695260691990007	0.049186275137387825	0.04816265708308054	2.0633316701756675E-4	0.00553071276760951	0.8107899808468677	0.22627158000317144	0.32970457199456116	0.5283870897318064	0.5438012478144698	0.5458149726270727	0.7655129210717337	0.03264543914961933	0.8223947217752198	1.230295203866418	1.7025367875054536	0.22627158000317144	0.22627158000317144	0.22627158000317144	0.8107899808468677	0.22627158000317144	0.22627158000317144	0.8107899808468677	0.22627158000317144	0.22627158000317144	0.8107899808468677	0.22627158000317144	0.22627158000317144	-566.2836461615123	-93.12943841421708
35	-658.7433153754789	-931.7759186900518	-658.7433153754789	-273.03260331457284	7.800688327891656	0.02261355963402288	0.0319984942505811	0.028002887207460192	0.023875614424410704	0.020583179831223375	0.037384849330086525	0.002512085143240729	0.00781459226034481	0.012947661344515735	0.025848709975685752	0.01751681025114446	0.04178375008253675	0.00931714895727774	0.02891368949997218	0.014329080943286748	0.03454576467375434	0.060505147251562405	0.003235623974907953	0.00726844145225225	0.05116174100345791	0.0037263324908071056	0.020145542653058665	0.017331964838646283	0.014905266525403568	0.01894309790680801	0.01413560762571274	0.008119889879595873	0.028067647278526175	0.012374009034162511	0.06633152994486256	0.08062857445674841	0.09869345234954895	0.013238639626909188	0.011155420385027023	0.012695260691990007	0.049186275137387825	0.04816265708308054	1.5790556726558437E-4	0.009489815118528378	0.5422998350039545	0.26150464025867576	0.24496033261566796	0.35597342187279785	0.27453410281313745	0.5215947368795083	0.6189522042056125	0.02044194368082554	1.0168084515193756	1.034915553360461	1.66567985073306	0.26150464025867576	0.26150464025867576	0.26150464025867576	0.5422998350039545	0.26150464025867576	0.26150464025867576	0.5422998350039545	0.26150464025867576	0.26150464025867576	0.5422998350039545	0.26150464025867576	0.26150464025867576	-570.8414865650286	-87.90182881045031
36	-653.7490873853652	-942.1836181348181	-653.7490873853652	-288.43453074945285	8.181039830985712	0.02261355963402288	0.0319984942505811	0.028002887207460192	0.023875614424410704	0.020583179831223375	0.030232269796826097	0.002512085143240729	0.05580775427947787	0.012947661344515735	0.025848709975685752	0.01751681025114446	0.04178375008253675	0.025575065151637308	0.025502126505355202	0.014329080943286748	0.03454576467375434	0.02781648998984941	0.003235623974907953	0.014421020985512678	0.05116174100345791	0.0037263324908071056	0.020145542653058665	0.017331964838646283	0.014905266525403568	0.01894309790680801	0.01413560762571274	0.008119889879595873	0.028067647278526175	0.012374009034162511	0.06633152994486256	0.08404013745136539	0.05427404219106301	0.013238639626909188	0.011155420385027023	0.012695260691990007	0.029354607082381134	0.08085131434479353	3.3654122254461857E-4	0.010063181551387365	0.47477435704845333	0.3971124285091249	0.19286433942242262	0.3587139193803006	0.28239423389754664	1.0044217219081493	0.8432072018347377	0.0197796598924974	1.048409159188732	0.8284433636328495	2.418354703835429	0.3971124285091249	0.3971124285091249	0.3971124285091249	0.47477435704845333	0.3971124285091249	0.3971124285091249	0.47477435704845333	0.3971124285091249	0.3971124285091249	0.47477435704845333	0.3971124285091249	0.3971124285091249	-567.8880374311334	-85.86104995423185
37	-651.1958654376016	-935.4445874462697	-651.1958654376016	-284.24872200866804	10.038679605669312	0.02261355963402288	0.03411774191909489	0.05249335486890988	0.01749564703438171	0.020583179831223375	0.030232269796826097	0.002512085143240729	0.1358514579221241	0.004052756943579303	0.025848709975685752	0.023896777641173456	0.04178375008253675	0.010760902642573442	0.027675155739018784	0.027109274275988277	0.03454576467375434	0.02781648998984941	0.003235623974907953	0.0025716865994632743	0.05116174100345791	0.0037263324908071056	0.020145542653058665	0.017331964838646283	0.014905266525403568	0.01894309790680801	0.01413560762571274	0.008119889879595873	0.028067647278526175	0.021268913435098943	0.06421228227634877	0.07125994411866386	0.05427404219106301	0.013238639626909188	0.011155420385027023	0.012695260691990007	0.029354607082381134	8.076107021472989E-4	9.174304762313884E-5	0.010133364957960021	0.4547963015662969	0.43564205776018544	0.17914923066843813	0.4600140710628314	0.24437714234439079	1.1937864967093772	0.6516727471259322	0.012197983186679286	1.3925852440849766	0.7580529486801112	2.261685854957499	0.43564205776018544	0.43564205776018544	0.43564205776018544	0.4547963015662969	0.43564205776018544	0.43564205776018544	0.4547963015662969	0.43564205776018544	0.43564205776018544	0.4547963015662969	0.43564205776018544	0.43564205776018544	-568.136880557445	-83.05898488015657
38	-649.8073050861681	-934.5932848811035	-649.8073050861681	-284.78597979493543	10.567053427877994	0.02261355963402288	0.03411774191909489	0.05249335486890988	0.01749564703438171	0.020583179831223375	0.0650162985411848	0.002512085143240729	0.11074156548293784	0.004052756943579303	0.025848709975685752	0.023896777641173456	0.007365097581652366	0.05687421116380041	0.027675155739018784	0.027109274275988277	0.031013847065992167	0.02781648998984941	0.003235623974907953	0.0025716865994632743	0.05116174100345791	0.0037263324908071056	0.01447678481542701	0.017331964838646283	0.014905266525403568	0.01894309790680801	0.01413560762571274	0.008119889879595873	0.028067647278526175	0.021268913435098943	0.06421228227634877	0.07125994411866386	0.012559513853367385	0.016770557234671357	0.011155420385027023	0.012695260691990007	0.030259208493007117	0.025917503141333564	4.8687963344061264E-5	0.0103557893750027	0.530397449996428	0.63742571709231	0.10288714404198561	0.30694718372085245	0.213359614996745	1.5062680439131773	0.8964211394521681	0.01504172320282046	1.0935572580935964	0.9798845799230438	1.7816524028706469	0.63742571709231	0.63742571709231	0.63742571709231	0.530397449996428	0.63742571709231	0.63742571709231	0.530397449996428	0.63742571709231	0.63742571709231	0.530397449996428	0.63742571709231	0.63742571709231	-561.5833810034176	-88.22392408275047
39	-646.4717543237698	-933.4285590069263	-646.4717543237698	-286.9568046831565	10.384515107531564	0.02261355963402288	0.03411774191909489	0.05249335486890988	0.024712037308638288	0.013366789556966796	0.0650162985411848	0.002512085143240729	0.07542790339571709	0.004052756943579303	0.025848709975685752	0.023896777641173456	0.007365097581652366	0.05687421116380041	0.017908032089837808	0.027109274275988277	0.031013847065992167	0.02781648998984941	0.003235623974907953	0.01233881024864425	0.05116174100345791	0.0037263324908071056	0.01447678481542701	0.017331964838646283	0.014905266525403568	0.01894309790680801	0.01413560762571274	0.008119889879595873	0.028067647278526175	0.021268913435098943	0.06421228227634877	0.07125994411866386	0.002652229446928986	0.016770557234671357	0.021062704791465423	0.04800892277921076	0.030259208493007117	0.025917503141333564	5.0789825522297776E-5	0.012199228169827289	0.5117662210219417	0.997353350940949	0.09389815848461697	0.18975606030883888	0.18297046706148645	1.8806799087251282	0.6575286853930816	0.01298611896214232	0.8703081081478279	1.3399434943971953	1.3271745609116574	0.997353350940949	0.997353350940949	0.997353350940949	0.5117662210219417	0.997353350940949	0.997353350940949	0.5117662210219417	0.997353350940949	0.997353350940949	0.5117662210219417	0.997353350940949	0.997353350940949	-556.6991816343025	-89.77257268946727
40	-642.0927007389352	-933.4634463219886	-642.0927007389352	-291.37074558305346	10.799560205442305	0.03235304608082433	0.03411774191909489	0.043743531154967485	0.029396247214297386	0.013366789556966796	0.0650162985411848	0.01970405803108386	0.07542790339571709	0.004052756943579303	0.025848709975685752	0.023896777641173456	0.007365097581652366	0.05687421116380041	0.017908032089837808	0.027109274275988277	0.009137664272489937	0.045284350294501494	0.003235623974907953	0.01233881024864425	0.05116174100345791	0.0037263324908071056	0.01447678481542701	0.017331964838646283	0.014905266525403568	0.01894309790680801	0.01413560762571274	0.008119889879595873	0.028067647278526175	0.021268913435098943	0.05694458571291881	0.07125994411866386	0.002652229446928986	0.016770557234671357	0.021062704791465423	0.04701926004635171	0.030259208493007117	0.01571733940011144	5.5800915352454615E-5	0.010967454374115523	0.4773645519927001	1.7754277158886853	0.10912893587582302	0.16772199106948465	0.22211930579736888	1.5533325258785298	1.0080364324924584	0.021562404160979654	0.8063870422666289	1.4198597065035632	2.8930262986860877	1.7754277158886853	1.7754277158886853	1.7754277158886853	0.4773645519927001	1.7754277158886853	1.7754277158886853	0.4773645519927001	1.7754277158886853	1.7754277158886853	0.4773645519927001	1.7754277158886853	1.7754277158886853	-556.608290965455	-85.48440977348014
41	-636.8571807900418	-911.7262499086195	-636.8571807900418	-274.8690691185777	6.438917648449096	0.03235304608082433	0.03411774191909489	0.043743531154967485	0.029396247214297386	0.013366789556966796	0.0650162985411848	0.01970405803108386	0.07542790339571709	0.004052756943579303	0.025848709975685752	0.023896777641173456	0.007365097581652366	0.05687421116380041	0.017908032089837808	0.027109274275988277	0.054264891619364736	0.045284350294501494	0.003235623974907953	0.004380559424969288	0.05116174100345791	0.0037263324908071056	0.01447678481542701	0.017331964838646283	0.014905266525403568	0.01894309790680801	0.01413560762571274	0.008119889879595873	0.028067647278526175	0.021268913435098943	0.008606865533260052	0.08242868777512279	0.002652229446928986	0.016770557234671357	0.021062704791465423	0.04701926004635171	0.030259208493007117	0.01571733940011144	2.7682598807575524E-4	0.015329413753035022	1.1103169690610692	1.2649237160193267	0.0903664615609264	0.10708174941806593	0.21957188434929534	1.3290625087792864	1.133977807842682	0.024272146602616618	1.009052006722421	1.166988445025883	3.2793932690563157	1.2649237160193267	1.2649237160193267	1.2649237160193267	1.1103169690610692	1.2649237160193267	1.2649237160193267	1.1103169690610692	1.2649237160193267	1.2649237160193267	1.1103169690610692	1.2649237160193267	1.2649237160193267	-548.25593501526	-88.60124577478176
42	-636.7041483115474	-907.4015836247081	-636.7041483115474	-270.6974353131606	5.041985699884911	0.03235304608082433	0.061943612953224814	0.043743531154967485	0.029396247214297386	0.049439243804758504	0.0650162985411848	0.02765579180726549	0.07542790339571709	0.004052756943579303	0.025848709975685752	0.023896777641173456	0.007365097581652366	0.02904834012967049	0.00822739579714414	0.027109274275988277	0.054264891619364736	0.045284350294501494	0.023757867187406023	0.009936760925876142	0.05116174100345791	0.01235412344089758	0.01447678481542701	0.017331964838646283	0.014905266525403568	0.007845180523525758	0.01413560762571274	0.01780052617228954	0.028067647278526175	0.012641122485008469	0.008606865533260052	0.08242868777512279	0.002652229446928986	0.016770557234671357	0.021062704791465423	0.008536787904753762	0.009736965280509047	0.01571733940011144	5.781306277025073E-5	0.0184817701759917	0.7847092683445556	1.2882520057028193	0.0855057395431193	0.11087361467294138	0.16459887940224902	0.9881720157152637	1.550269818380429	0.026437118098938756	0.7108406481857171	1.5515601471266858	3.5878436597699266	1.2882520057028193	1.2882520057028193	1.2882520057028193	0.7847092683445556	1.2882520057028193	1.2882520057028193	0.7847092683445556	1.2882520057028193	1.2882520057028193	0.7847092683445556	1.2882520057028193	1.2882520057028193	-551.5900392413542	-85.11410907019322
43	-631.1363078682607	-913.4950304993114	-631.1363078682607	-282.3587226310507	5.818805924303794	0.03235304608082433	0.04260158672701364	0.043743531154967485	0.029396247214297386	0.049439243804758504	0.0650162985411848	0.02765579180726549	0.07542790339571709	0.004052756943579303	0.025848709975685752	0.023896777641173456	0.007365097581652366	0.02904834012967049	0.00822739579714414	0.003054916892378662	0.10934300869608124	0.04304356408176678	0.023757867187406023	0.009936760925876142	0.05116174100345791	0.01235412344089758	0.01447678481542701	0.017331964838646283	0.041200410121747896	0.007845180523525758	0.01413560762571274	0.01780052617228954	0.028067647278526175	0.012641122485008469	0.027948891759471226	0.027350570698406282	0.002652229446928986	0.016770557234671357	0.023235795832425396	0.0063636968637937885	0.009736965280509047	0.01571733940011144	1.979911328814442E-4	0.010885256221671592	0.4074319647686456	1.753092068274046	0.07884530677413878	0.11307142576173689	0.26647221450665337	1.2936911563137463	1.2268851031114134	0.02261804672802839	0.3639315172134714	0.9625194582988911	2.6000555910891894	1.753092068274046	1.753092068274046	1.753092068274046	0.4074319647686456	1.753092068274046	1.753092068274046	0.4074319647686456	1.753092068274046	1.753092068274046	0.4074319647686456	1.753092068274046	1.753092068274046	-542.1581623812359	-88.97814548702476
44	-630.4592370046411	-923.2337308880079	-630.4592370046411	-292.77449388336686	7.176738929037636	0.03235304608082433	0.04260158672701364	0.043743531154967485	0.029396247214297386	0.012599420004458795	0.0650162985411848	0.02765579180726549	0.08946276911147005	0.004052756943579303	0.025848709975685752	0.023896777641173456	0.007365097581652366	0.02904834012967049	0.00822739579714414	0.003054916892378662	0.10934300869608124	0.04304356408176678	0.023757867187406023	0.009936760925876142	0.05116174100345791	0.01235412344089758	0.015416076452975366	0.0032970991228933183	0.041200410121747896	0.011665101337472866	0.01413560762571274	0.01780052617228954	0.028067647278526175	0.012641122485008469	0.04790539428688188	0.027350570698406282	0.0017129378093806297	0.016770557234671357	0.023235795832425396	0.0063636968637937885	0.009736965280509047	0.028780739859053384	1.7197231699079643E-4	0.013944935406212397	0.5030660654773316	0.8447761165087914	0.0633818976634563	0.07832274816199791	0.3505208325132023	0.9976233793717587	0.9396732150428738	0.016522824804772795	0.40984166528807714	0.5948216557081425	5.753299906065475	0.8447761165087914	0.8447761165087914	0.8447761165087914	0.5030660654773316	0.8447761165087914	0.8447761165087914	0.5030660654773316	0.8447761165087914	0.8447761165087914	0.5030660654773316	0.8447761165087914	0.8447761165087914	-544.2383004810416	-86.22093652359942
45	-630.2416149163108	-920.8428678044097	-630.2416149163108	-290.6012528880988	6.323283435994413	0.02686705106672725	0.04260158672701364	0.043743531154967485	0.029396247214297386	0.012599420004458795	0.0650162985411848	0.02765579180726549	0.08946276911147005	0.004052756943579303	0.025848709975685752	0.023896777641173456	0.012851092595749444	0.02904834012967049	0.00822739579714414	0.003054916892378662	0.10934300869608124	0.04304356408176678	0.023757867187406023	0.009936760925876142	0.05116174100345791	0.025397969171517255	0.015416076452975366	0.0032970991228933183	0.060655892955214105	0.011665101337472866	0.01413560762571274	0.004756680441669867	0.028067647278526175	0.012641122485008469	0.04790539428688188	0.027350570698406282	0.0017129378093806297	0.016770557234671357	0.023235795832425396	0.0063636968637937885	0.009736965280509047	0.009325257025587175	5.736958719456029E-5	0.012656781561296316	0.5869121630610796	0.7840433660384539	0.05537225478851243	0.07942892326400183	0.6345396003097392	0.6195588469436577	1.6800644586100626	0.016425089391696325	0.5248512254172337	0.5822608943287326	2.410486242776551	0.7840433660384539	0.7840433660384539	0.7840433660384539	0.5869121630610796	0.7840433660384539	0.7840433660384539	0.5869121630610796	0.7840433660384539	0.7840433660384539	0.5869121630610796	0.7840433660384539	0.7840433660384539	-544.2975143689113	-85.94410054739956
46	-628.6099723686692	-914.4416670080262	-628.6099723686692	-285.831694639357	6.143962691883383	0.02686705106672725	0.04260158672701364	0.043743531154967485	0.016110482726405292	0.012599420004458795	0.02924863751104663	0.02765579180726549	0.06984897024576281	0.004052756943579303	0.0696270976995845	0.023961005209780034	0.012851092595749444	0.05974200463040434	0.00822739579714414	0.003054916892378662	0.10934300869608124	0.012349899581032928	0.023757867187406023	0.009936760925876142	0.03181203698512955	0.025397969171517255	0.015416076452975366	0.0032970991228933183	0.06059166538660753	0.031014805355801228	0.049903268655850916	0.004756680441669867	0.03282011410032737	0.007888655663207275	0.004127006562983135	0.027350570698406282	0.03461250116297997	0.016770557234671357	0.023235795832425396	0.0063636968637937885	0.009736965280509047	0.009325257025587175	1.9820794355138668E-4	0.011313404136545448	0.4105378825202089	0.9144963350434637	0.06485544229172707	0.0682512651429222	0.8087222209813473	0.8877066024606795	2.6518220955958434	0.02062867105052926	0.8687865831080661	0.5459214317551817	4.441142578764097	0.9144963350434637	0.9144963350434637	0.9144963350434637	0.4105378825202089	0.9144963350434637	0.9144963350434637	0.4105378825202089	0.9144963350434637	0.9144963350434637	0.4105378825202089	0.9144963350434637	0.9144963350434637	-544.9743683689813	-83.63560399968787
47	-624.815519953364	-914.9268509457268	-624.815519953364	-290.11133099236275	8.741089288479872	0.02686705106672725	0.04260158672701364	0.046614403528706994	0.016110482726405292	0.012599420004458795	0.02924863751104663	0.02765579180726549	0.06984897024576281	0.018589810596981157	0.0696270976995845	0.023961005209780034	0.012851092595749444	0.05974200463040434	0.00822739579714414	0.003054916892378662	0.09480595504267939	0.01755651124326206	0.023757867187406023	0.009936760925876142	0.03181203698512955	0.025397969171517255	0.010209464790746234	0.0032970991228933183	0.01046550377096521	0.031014805355801228	0.04703239628211141	0.004756680441669867	0.03282011410032737	0.05801481727884959	0.004127006562983135	0.027350570698406282	0.03461250116297997	0.016770557234671357	0.023235795832425396	0.0063636968637937885	0.009736965280509047	0.009325257025587175	2.4920761957070517E-4	0.012172514745695487	0.3750774306099446	1.7168410676241272	0.07267518535031223	0.09790066488020885	0.9088758992300202	1.013045976532781	3.842764945842474	0.015335376854437586	0.8962569181823873	0.5832580669060126	2.03003904523008	1.7168410676241272	1.7168410676241272	1.7168410676241272	0.3750774306099446	1.7168410676241272	1.7168410676241272	0.3750774306099446	1.7168410676241272	1.7168410676241272	0.3750774306099446	1.7168410676241272	1.7168410676241272	-538.172662319434	-86.6428576339299
48	-623.3272893597983	-921.1706843995785	-623.3272893597983	-297.8433950397802	6.400611850165051	0.0027674837445097328	0.04260158672701364	0.036858426916040965	0.016110482726405292	0.012599420004458795	0.02924863751104663	0.02765579180726549	0.020072427390660008	0.018589810596981157	0.0696270976995845	0.023961005209780034	0.012851092595749444	0.05974200463040434	0.00822739579714414	0.01281089350504469	0.09480595504267939	0.01755651124326206	0.023757867187406023	0.009936760925876142	0.03181203698512955	0.025397969171517255	0.010209464790746234	0.0032970991228933183	0.01046550377096521	0.031014805355801228	0.04703239628211141	0.05453322329677267	0.03282011410032737	0.05801481727884959	0.004127006562983135	0.027350570698406282	0.03461250116297997	0.016770557234671357	0.023235795832425396	0.0063636968637937885	0.033836532602726566	0.009325257025587175	7.359727286641035E-5	0.014532453234795788	0.52871065811229	2.336753804300335	0.07314582151048415	0.09307676295461521	1.236676124643957	1.4436385847681457	2.428263937038351	0.01318936603188183	0.6193715572227472	0.2923445910602242	1.6826985246165522	2.336753804300335	2.336753804300335	2.336753804300335	0.52871065811229	2.336753804300335	2.336753804300335	0.52871065811229	2.336753804300335	2.336753804300335	0.52871065811229	2.336753804300335	2.336753804300335	-536.2436496730253	-87.08363968677308
49	-622.6308814888239	-911.1871860981556	-622.6308814888239	-288.55630460933173	6.629973649844209	0.03703372314363938	0.04260158672701364	0.036858426916040965	0.016110482726405292	0.008151486579778155	0.02924863751104663	0.02765579180726549	0.01203262504690622	0.018589810596981157	0.0696270976995845	0.0016505645119036794	0.012851092595749444	0.05974200463040434	0.00822739579714414	0.01281089350504469	0.09480595504267939	0.01755651124326206	0.023757867187406023	0.009936760925876142	0.054122477683005904	0.025397969171517255	0.010209464790746234	0.0032970991228933183	0.01046550377096521	0.031014805355801228	0.020805959226735546	0.040444659075392506	0.03726804752500801	0.05801481727884959	0.004127006562983135	0.02039503467874436	0.03461250116297997	0.016770557234671357	0.023235795832425396	0.0063636968637937885	0.033836532602726566	0.03036935726662926	1.239538071080765E-4	0.011565627089074935	0.6469642087525401	2.718761477604284	0.11523755815480846	0.10347475260887674	1.1183652697753879	1.3368847657580296	1.4112316691154048	0.009433960945834211	0.4108700285835224	0.260495944151976	3.4683462828138554	2.718761477604284	2.718761477604284	2.718761477604284	0.6469642087525401	2.718761477604284	2.718761477604284	0.6469642087525401	2.718761477604284	2.718761477604284	0.6469642087525401	2.718761477604284	2.718761477604284	-533.1531879129909	-89.47769357583299
50	-617.7912436605292	-906.8422296249462	-617.7912436605292	-289.05098596441707	6.595929609186277	0.036316493711299955	0.04260158672701364	0.01821852704955501	0.053495183883057226	0.08590783934167856	0.02924863751104663	0.02765579180726549	0.01203262504690622	0.018589810596981157	0.0696270976995845	0.0016505645119036794	0.0314909924622354	0.05974200463040434	0.00822739579714414	0.01281089350504469	0.01704960228077898	0.01755651124326206	0.016548156027701322	0.009936760925876142	0.04033697223606056	0.025397969171517255	0.010209464790746234	0.0032970991228933183	0.01046550377096521	0.03312779047754352	0.03345335793848046	0.040444659075392506	0.003953886858857558	0.05801481727884959	0.004127006562983135	0.02039503467874436	0.01774616137181871	0.02398026839437606	0.023235795832425396	0.0063636968637937885	0.0463746829491839	0.03036935726662926	6.147632596730941E-5	0.012449111859651026	1.0639409052059707	2.1314087457862216	0.08962410124900098	0.10852364177457806	1.2473502257389688	1.2372438880258354	1.2605218659744675	0.007119086279677222	0.44290762947958706	0.3265214387430797	2.335839858098934	2.1314087457862216	2.1314087457862216	2.1314087457862216	1.0639409052059707	2.1314087457862216	2.1314087457862216	1.0639409052059707	2.1314087457862216	2.1314087457862216	1.0639409052059707	2.1314087457862216	2.1314087457862216	-532.1112398631817	-85.6800037973475
51	-613.5150182359112	-887.6171383622705	-613.5150182359112	-274.10212012635924	7.875628992448049	0.036316493711299955	0.0816699807982657	0.01821852704955501	0.053495183883057226	0.08590783934167856	0.02924863751104663	0.02765579180726549	0.01203262504690622	0.018589810596981157	0.04176630931836564	0.0016505645119036794	0.0314909924622354	0.05974200463040434	0.00822739579714414	0.01281089350504469	0.01704960228077898	0.01755651124326206	0.016548156027701322	0.009936760925876142	0.0012685781648084926	0.025397969171517255	0.010209464790746234	0.0032970991228933183	0.01046550377096521	0.03312779047754352	0.03345335793848046	0.040444659075392506	0.003953886858857558	0.05801481727884959	0.004127006562983135	0.02039503467874436	0.01774616137181871	0.02398026839437606	0.023235795832425396	0.0063636968637937885	0.07423547133040276	0.03036935726662926	4.69816339243014E-5	0.00986879444314695	0.7661424972645091	1.402674420638182	0.06782220742378436	0.12653350631730784	1.099333339957401	1.2423097134229806	1.0637126566632655	0.008641628099218738	0.5369174347447191	0.5232560743813768	1.7908081697807838	1.402674420638182	1.402674420638182	1.402674420638182	0.7661424972645091	1.402674420638182	1.402674420638182	0.7661424972645091	1.402674420638182	1.402674420638182	0.7661424972645091	1.402674420638182	1.402674420638182	-525.9405332868063	-87.57448494910484
52	-613.1577496288056	-903.6344475385017	-613.1577496288056	-290.47669790969604	7.699694453938077	0.036316493711299955	0.0816699807982657	0.01821852704955501	0.053495183883057226	0.03789605402608143	0.020877184350766978	0.07566757712286262	0.01203262504690622	0.018589810596981157	0.04176630931836564	0.00980517023670821	0.0314909924622354	0.05974200463040434	0.00822739579714414	0.01281089350504469	0.00889499655597445	0.029247281997573968	0.00781725402533262	0.009936760925876142	0.0012685781648084926	0.020645493617187583	0.010209464790746234	0.01166855228317297	0.01046550377096521	0.037880266031873194	0.03345335793848046	0.028753888321080598	0.01268478886122626	0.05801481727884959	0.004127006562983135	0.02039503467874436	0.01774616137181871	0.02398026839437606	0.023235795832425396	0.0063636968637937885	0.07423547133040276	0.03036935726662926	4.0044637249542344E-5	0.0077252279122390416	0.885814794394817	1.8662729936884124	0.07391260318278088	0.19722564264590067	1.8972839757190127	1.2951297618236635	0.7612112724426876	0.007748793353286217	0.37917147876802276	0.4581538184026578	2.2157684843835623	1.8662729936884124	1.8662729936884124	1.8662729936884124	0.885814794394817	1.8662729936884124	1.8662729936884124	0.885814794394817	1.8662729936884124	1.8662729936884124	0.885814794394817	1.8662729936884124	1.8662729936884124	-525.0954754848226	-88.06227414398299
53	-612.276027178162	-891.7315735322888	-612.276027178162	-279.45554635412685	7.181324325385165	0.036316493711299955	0.0816699807982657	0.01821852704955501	0.053495183883057226	0.02070778849862842	0.0265114393912695	0.053204360001076506	0.01203262504690622	0.018589810596981157	0.03925370997321906	0.00980517023670821	0.0314909924622354	0.012437811387616668	0.0017370013806113777	0.01281089350504469	0.00889499655597445	0.05797197116692464	0.00781725402533262	0.05526837714088795	0.0012685781648084926	0.009398196482395805	0.010209464790746234	0.01166855228317297	0.021712800905756988	0.04729478466580936	0.035965957283627045	0.028753888321080598	0.004080531078050176	0.05375857609064115	0.020613971871248235	0.02039503467874436	0.01774616137181871	0.02398026839437606	0.023235795832425396	0.0063636968637937885	0.0784917125186112	0.02682764099129864	2.6440174652771108E-5	0.008184742545449571	1.0200714252979077	2.0787362232107163	0.10525223747756275	0.24458871655195477	1.6812623126201756	0.8189778049312441	1.1579586130608417	0.004877590615842513	0.40633092646939695	0.4024686270936088	2.1410118779888694	2.0787362232107163	2.0787362232107163	2.0787362232107163	1.0200714252979077	2.0787362232107163	2.0787362232107163	1.0200714252979077	2.0787362232107163	2.0787362232107163	1.0200714252979077	2.0787362232107163	2.0787362232107163	-522.6893045111041	-89.58672266705797
54	-612.1251408683411	-890.6654513374258	-612.1251408683411	-278.54031046908466	7.405264207871407	0.036316493711299955	0.08228506832651117	0.01821852704955501	0.053495183883057226	0.02070778849862842	0.0265114393912695	0.0395023545886429	0.01203262504690622	0.017338902916557916	0.026793007479166214	0.00980517023670821	0.0314909924622354	0.012437811387616668	0.0017370013806113777	0.01866735062901012	0.021355699050027294	0.042140408762946543	0.04002087201511295	0.05526837714088795	0.0012685781648084926	0.009398196482395805	0.010209464790746234	0.01166855228317297	0.021712800905756988	0.030922729080007122	0.026692412747905223	0.02281978589190313	0.004080531078050176	0.06098903685086386	0.020613971871248235	0.02039503467874436	0.032953808336718	0.0252311760747993	0.023235795832425396	0.0063636968637937885	0.0784917125186112	0.02682764099129864	2.1357651526388642E-5	0.00910563085133259	1.830736344233302	2.0511691472776628	0.12761086719547005	0.205389906837522	1.9284151219887482	0.9767060973017775	1.465214895461157	0.006497582683009718	0.36560042349243205	0.4559256768611528	1.9897407686772988	2.0511691472776628	2.0511691472776628	2.0511691472776628	1.830736344233302	2.0511691472776628	2.0511691472776628	1.830736344233302	2.0511691472776628	2.0511691472776628	1.830736344233302	2.0511691472776628	2.0511691472776628	-522.3652098762202	-89.75993099212081
55	-609.4638766998416	-906.4698594817789	-609.4638766998416	-297.00598278193723	9.644142977590251	0.036316493711299955	0.08228506832651117	0.01821852704955501	0.053495183883057226	0.02070778849862842	0.0265114393912695	0.0395023545886429	0.01203262504690622	0.017338902916557916	0.026793007479166214	0.00980517023670821	0.027895809897802035	0.02984265315685318	0.0017370013806113777	0.03549916315374499	0.021355699050027294	0.042140408762946543	0.05910773628574517	0.0023743036671004525	0.0012685781648084926	0.009398196482395805	0.010209464790746234	0.01166855228317297	0.01960375420722614	0.030922729080007122	0.026692412747905223	0.02281978589190313	0.004080531078050176	0.06098903685086386	0.020613971871248235	0.0035632221540094905	0.032953808336718	0.0781252495485868	0.025344842530956244	0.0063636968637937885	0.04200000647874247	0.030422823555732004	2.697959116588993E-4	0.011654354086695325	1.33085526091602	3.450330213958548	0.12228187487134555	0.22889552980587602	1.390828155040247	0.8808834147951736	1.5021452126182804	0.007487148138253188	0.4476943386283726	0.3572577322752692	1.8836667545904855	3.450330213958548	3.450330213958548	3.450330213958548	1.33085526091602	3.450330213958548	3.450330213958548	1.33085526091602	3.450330213958548	3.450330213958548	1.33085526091602	3.450330213958548	3.450330213958548	-524.3779434305179	-85.08593326932373
56	-608.8470328574033	-900.9565887196866	-608.8470328574033	-292.1095558622833	10.057691304430419	0.036316493711299955	0.08228506832651117	0.01821852704955501	0.053495183883057226	0.02070778849862842	0.012757248114169187	0.0395023545886429	0.01203262504690622	0.017338902916557916	0.026793007479166214	0.023559361513808524	0.027895809897802035	0.02984265315685318	0.0017370013806113777	0.03549916315374499	0.016233884876156485	0.042140408762946543	0.033947152743855735	0.0023743036671004525	0.0012685781648084926	0.009398196482395805	0.010209464790746234	0.01166855228317297	0.01960375420722614	0.030922729080007122	0.05185299628979466	0.02281978589190313	0.004080531078050176	0.06098903685086386	0.025735786045119044	0.05425093184308248	0.004262324098445389	0.0781252495485868	0.025344842530956244	0.0063636968637937885	0.04200000647874247	0.008426598104931626	7.307023306002556E-5	0.008441673747032252	1.4757847729500615	2.7210064499323487	0.18427511300772623	0.18659771493522795	1.2132748204164845	0.7644482276788155	1.4771550255228918	0.006511648004884267	0.3138483308942385	0.30596392037388975	1.783078266013351	2.7210064499323487	2.7210064499323487	2.7210064499323487	1.4757847729500615	2.7210064499323487	2.7210064499323487	1.4757847729500615	2.7210064499323487	2.7210064499323487	1.4757847729500615	2.7210064499323487	2.7210064499323487	-527.0554662000474	-81.7915666573559
57	-608.1537436190874	-904.88805949138	-608.1537436190874	-296.73431587229254	11.91365733591477	0.049581518199074956	0.08228506832651117	0.01821852704955501	0.005473554648598375	0.03640970072807326	0.012757248114169187	0.0395023545886429	0.01203262504690622	0.017338902916557916	0.026793007479166214	0.03065622933390741	0.027895809897802035	0.02984265315685318	0.0017370013806113777	0.03549916315374499	0.016233884876156485	0.042140408762946543	0.033947152743855735	0.0023743036671004525	0.0012685781648084926	0.009398196482395805	0.010209464790746234	0.01166855228317297	0.01960375420722614	0.030922729080007122	0.03615108406034982	0.009554761404128129	0.004080531078050176	0.06098903685086386	0.025735786045119044	0.05425093184308248	0.004262324098445389	0.07102838172848791	0.0733664717654151	0.0063636968637937885	0.04200000647874247	0.008426598104931626	1.3800443172689675E-4	0.013968578364590029	2.034222898682363	2.4844969958562677	0.2787161360381185	0.15297729210289815	0.7096290415440032	0.5044597211999743	1.57850841805003	0.008089952916447037	0.2647276410107859	0.2635124854539301	4.435290567540045	2.4844969958562677	2.4844969958562677	2.4844969958562677	2.034222898682363	2.4844969958562677	2.4844969958562677	2.034222898682363	2.4844969958562677	2.4844969958562677	2.034222898682363	2.4844969958562677	2.4844969958562677	-519.7395917153144	-88.41415190377305
58	-599.8590321983272	-886.2787093576544	-599.8590321983272	-286.41967715932714	10.129117099651802	0.049581518199074956	0.05714665324311485	0.01821852704955501	0.005473554648598375	0.03640970072807326	0.02952735692786941	0.0395023545886429	0.01203262504690622	0.020891310377235225	0.026793007479166214	0.031016130417810456	0.011539370424856407	0.02984265315685318	0.0017370013806113777	0.03549916315374499	0.012681477415479175	0.03932783282277284	0.010171379811202308	0.0023743036671004525	0.0012685781648084926	0.009398196482395805	0.11486330118838804	0.036806967366569285	0.01960375420722614	0.030562827996104075	0.02002698789447753	0.009554761404128129	0.004080531078050176	0.004330850169983788	0.04334266852657097	0.05425093184308248	0.04069733509369078	0.022693419583963315	0.0733664717654151	0.013582178575198278	0.023377719416348364	0.008426598104931626	2.2469996677804293E-4	0.012368542936534069	1.5121014708036273	2.7703931242041775	0.17763624770342867	0.13140431264888777	0.830760512090275	0.5438941928603116	1.6317752586804244	0.007830014571440159	0.26813703153178353	0.1643662715674745	1.2416156462363372	2.7703931242041775	2.7703931242041775	2.7703931242041775	1.5121014708036273	2.7703931242041775	2.7703931242041775	1.5121014708036273	2.7703931242041775	2.7703931242041775	1.5121014708036273	2.7703931242041775	2.7703931242041775	-510.60616771418654	-89.25286448414072
59	-599.5443836023436	-895.9940965685039	-599.5443836023436	-296.44971296616023	7.9224530714760775	0.05686577360672039	0.05714665324311485	0.01821852704955501	0.005473554648598375	0.03640970072807326	0.02952735692786941	0.010565257356142638	0.01203262504690622	0.009625184439927756	0.026793007479166214	0.04217738944238056	0.011539370424856407	0.050087641418337533	0.0017370013806113777	0.03549916315374499	0.012681477415479175	0.041484719623749985	0.008014493010225165	0.012442883686488604	0.0012685781648084926	0.009398196482395805	0.11146043728515241	0.036806967366569285	0.009535174187837989	0.030562827996104075	0.02002698789447753	0.009554761404128129	0.004080531078050176	0.007733714073219419	0.05203477749758688	0.05425093184308248	0.04069733509369078	0.022693419583963315	0.0733664717654151	0.013582178575198278	0.016198330921440296	0.008426598104931626	4.089847312688482E-4	0.0109087173863439	0.9073735088474904	3.3073923421663682	0.1159446995109062	0.09403662006629927	0.6965390080928354	0.4009009804360866	1.7123713798938287	0.008988426223233046	0.27791088979260326	0.22375533824664293	1.021524941794687	3.3073923421663682	3.3073923421663682	3.3073923421663682	0.9073735088474904	3.3073923421663682	3.3073923421663682	0.9073735088474904	3.3073923421663682	3.3073923421663682	0.9073735088474904	3.3073923421663682	3.3073923421663682	-512.4922276761164	-87.05215592622723
60	-591.7323039699263	-879.297325612366	-591.7323039699263	-287.5650216424397	6.910785860526463	0.04587948178891875	0.03905123773007879	0.01821852704955501	0.016459846466400016	0.03640970072807326	0.02952735692786941	0.010565257356142638	0.01203262504690622	0.009625184439927756	0.026793007479166214	0.04217738944238056	0.011539370424856407	0.050087641418337533	0.0017370013806113777	0.03549916315374499	0.012681477415479175	0.041484719623749985	0.008014493010225165	0.012442883686488604	0.0012685781648084926	0.03890432114694141	0.11146043728515241	0.036806967366569285	0.009535174187837989	0.030562827996104075	0.02002698789447753	0.009554761404128129	0.004080531078050176	0.007733714073219419	0.05203477749758688	0.024744807178536873	0.04069733509369078	0.022693419583963315	0.0733664717654151	0.013582178575198278	0.016198330921440296	0.026522013617967688	6.0525560097203745E-5	0.009227621077226699	0.8368448368106827	2.7559414492006824	0.12331491254159876	0.08249163883168473	1.0333069354291555	0.5249356053407294	1.2336915486801192	0.009573153449904255	0.2951297193864714	0.20862464947384865	2.1194484671148475	2.7559414492006824	2.7559414492006824	2.7559414492006824	0.8368448368106827	2.7559414492006824	2.7559414492006824	0.8368448368106827	2.7559414492006824	2.7559414492006824	0.8368448368106827	2.7559414492006824	2.7559414492006824	-510.409415282641	-81.3228886872853
61	-591.4573483280269	-876.5586575914183	-591.4573483280269	-285.10130926339133	6.727657276650795	0.04231312422605914	0.03905123773007879	0.01821852704955501	0.016459846466400016	0.03640970072807326	0.02952735692786941	0.044030684475652365	0.024050263755764523	0.009625184439927756	0.026793007479166214	0.04217738944238056	0.011539370424856407	0.016622214298827806	0.0017370013806113777	0.03549916315374499	0.012681477415479175	0.041484719623749985	0.008014493010225165	0.014567223397883078	0.0012685781648084926	0.026886682438083107	0.11146043728515241	0.036806967366569285	0.009535174187837989	0.030562827996104075	0.02002698789447753	0.009554761404128129	0.004080531078050176	0.007733714073219419	0.05203477749758688	0.024744807178536873	0.04213935294515592	0.022693419583963315	0.07202718984325428	0.013582178575198278	0.016198330921440296	0.027861295540128506	4.877592528030674E-5	0.008969484499632011	1.1308254168525642	1.2843162356807019	0.11409986020383613	0.05506682941791623	1.0098952955239093	0.3369880506027816	0.7761650803115555	0.009397503129886683	0.2706052859326763	0.261058354231378	1.4121418550093228	1.2843162356807019	1.2843162356807019	1.2843162356807019	1.1308254168525642	1.2843162356807019	1.2843162356807019	1.1308254168525642	1.2843162356807019	1.2843162356807019	1.1308254168525642	1.2843162356807019	1.2843162356807019	-503.1894558785923	-88.26789244943463
62	-585.0339130000139	-863.2752421935035	-585.0339130000139	-278.2413291934896	8.47737085862385	0.04231312422605914	0.03905123773007879	0.01821852704955501	0.016459846466400016	0.0197785425525413	0.02952735692786941	0.044030684475652365	0.024050263755764523	0.009625184439927756	0.026793007479166214	0.014615151465599635	0.009718955409485072	0.016622214298827806	0.0017370013806113777	0.052130321329276946	0.01450189243085051	0.041484719623749985	0.008014493010225165	0.10401838231545413	0.0012685781648084926	0.026886682438083107	0.01860717761204865	0.036806967366569285	0.009535174187837989	0.030562827996104075	0.04758922587125845	0.009554761404128129	0.004080531078050176	0.009904411608040661	0.04986407996276564	0.024744807178536873	0.04213935294515592	0.022693419583963315	0.07583484699099173	0.013582178575198278	0.015792774529235554	0.027861295540128506	5.8560104158245216E-5	0.010053521341368386	0.8946925518466767	1.8759437036285866	0.12851939976891055	0.049901929237286265	1.0366514499987076	0.3047222522638215	0.4930699903297173	0.014170849542229351	0.22372870892305155	0.20613354924826377	2.1295792156474462	1.8759437036285866	1.8759437036285866	1.8759437036285866	0.8946925518466767	1.8759437036285866	1.8759437036285866	0.8946925518466767	1.8759437036285866	1.8759437036285866	0.8946925518466767	1.8759437036285866	1.8759437036285866	-499.0444917580761	-85.98942124193769
63	-584.2434179306995	-860.9130668443806	-584.2434179306995	-276.6696489136812	9.117177925148802	0.04231312422605914	0.04587646455467487	0.01821852704955501	0.0529153659338714	0.0197785425525413	0.02952735692786941	0.044030684475652365	0.024050263755764523	0.009625184439927756	0.01996778065457014	0.014615151465599635	0.011024039474549871	0.016622214298827806	0.0017370013806113777	0.052130321329276946	0.01450189243085051	0.041484719623749985	0.008014493010225165	0.10401838231545413	0.0012685781648084926	0.026886682438083107	0.01730209354698385	0.036806967366569285	0.009535174187837989	0.015534475030097278	0.011133706403787066	0.009554761404128129	0.004080531078050176	0.009904411608040661	0.04986407996276564	0.024744807178536873	0.04213935294515592	0.022693419583963315	0.07583484699099173	0.013582178575198278	0.03082112749524235	0.027861295540128506	3.178633368623823E-5	0.0139475976185412	1.0750121135838309	1.4351965911212976	0.16385129806339913	0.04299661167864995	0.9863726571414958	0.3330988038180777	0.6857842835748548	0.00990245001318451	0.38503017943185425	0.18573204281525824	1.8081472397264926	1.4351965911212976	1.4351965911212976	1.4351965911212976	1.0750121135838309	1.4351965911212976	1.4351965911212976	1.0750121135838309	1.4351965911212976	1.4351965911212976	1.0750121135838309	1.4351965911212976	1.4351965911212976	-491.12569272897406	-93.11772520172546
64	-574.3233577040776	-873.8698057007423	-574.3233577040776	-299.5464479966647	9.082204683487687	0.04231312422605914	0.07288870203685471	0.01913319124712637	0.07257546680797848	0.0197785425525413	0.02952735692786941	0.044030684475652365	0.024050263755764523	0.009625184439927756	0.01996778065457014	0.014615151465599635	0.012343357249662831	0.016622214298827806	0.0017370013806113777	0.052130321329276946	0.01450189243085051	0.05417337423203704	0.008014493010225165	0.10401838231545413	0.016532330504711673	0.026886682438083107	0.009638851997248662	0.009794729884389439	0.008620509990266631	0.015534475030097278	0.011133706403787066	0.008235443629015168	0.004080531078050176	0.009904411608040661	0.04986407996276564	0.009481054838633693	0.04213935294515592	0.022693419583963315	0.06314619238270468	0.021245420124933467	0.03082112749524235	0.008201194666021427	1.868105871987304E-4	0.007847319370202253	1.1635959623312966	3.138286184155708	0.11376336792954644	0.04398366094422197	1.2486008437778824	0.3872859564961077	1.1230945784945379	0.012908540024348837	0.6601587821061746	0.1859196499402482	0.607448225885064	3.138286184155708	3.138286184155708	3.138286184155708	1.1635959623312966	3.138286184155708	3.138286184155708	1.1635959623312966	3.138286184155708	3.138286184155708	1.1635959623312966	3.138286184155708	3.138286184155708	-483.1713198361856	-91.15203786789198
65	-574.2789237083508	-876.408865488207	-574.2789237083508	-302.12994177985615	8.122563956046555	0.07847333795493393	0.11090433437830849	0.01913319124712637	0.07257546680797848	0.0197785425525413	0.02952735692786941	0.007870470746777575	0.024050263755764523	0.009625184439927756	0.01996778065457014	0.014615151465599635	0.012343357249662831	0.016622214298827806	0.0017370013806113777	0.052130321329276946	0.01450189243085051	0.05417337423203704	0.008014493010225165	0.10401838231545413	0.016532330504711673	0.026886682438083107	0.009638851997248662	0.009794729884389439	0.008620509990266631	0.015534475030097278	0.011133706403787066	0.008235443629015168	0.004080531078050176	0.009898442821696593	0.04986407996276564	0.009481054838633693	0.04213935294515592	0.022699388370307383	0.0251305600412509	0.021245420124933467	0.03082112749524235	0.008201194666021427	1.230380622698702E-4	0.010590156606959	1.2061803004307816	1.8126006023558359	0.10578117832753577	0.0648709806351432	0.9743273874187345	0.3006644028907292	0.9960026472266045	0.010622507736203655	0.5317852050397621	0.12516513546313954	1.4659722664616814	1.8126006023558359	1.8126006023558359	1.8126006023558359	1.2061803004307816	1.8126006023558359	1.8126006023558359	1.2061803004307816	1.8126006023558359	1.8126006023558359	1.2061803004307816	1.8126006023558359	1.8126006023558359	-487.10217885663	-87.17674485172081
66	-573.8639566122552	-870.2848336747677	-573.8639566122552	-296.42087706251255	7.399992303848873	0.07847333795493393	0.027705900971267794	0.01913319124712637	0.07257546680797848	0.06592674322823588	0.02952735692786941	0.007870470746777575	0.024050263755764523	0.009625184439927756	0.01996778065457014	0.014615151465599635	0.00914279483467649	0.016622214298827806	0.0017370013806113777	0.052130321329276946	0.01450189243085051	0.037393970911502414	0.008014493010225165	0.10401838231545413	0.016532330504711673	0.030087244853069448	0.009638851997248662	0.009794729884389439	0.01725579753205196	0.015534475030097278	0.011133706403787066	0.008235443629015168	0.004080531078050176	0.009898442821696593	0.05800819574151493	0.009481054838633693	0.04213935294515592	0.022699388370307383	0.0251305600412509	0.05829565285627958	0.03082112749524235	0.008201194666021427	5.804628043519262E-5	0.009690656460440811	0.6405671289792175	2.780842159583446	0.1599682722497171	0.05060786382666689	0.8749901008429709	0.3505288624385218	0.8173966847052886	0.011002052150961509	0.35718492806289553	0.08189716528912952	5.078873262103202	2.780842159583446	2.780842159583446	2.780842159583446	0.6405671289792175	2.780842159583446	2.780842159583446	0.6405671289792175	2.780842159583446	2.780842159583446	0.6405671289792175	2.780842159583446	2.780842159583446	-489.84436981529177	-84.01958679696335
67	-570.7459302952556	-857.3758836714592	-570.7459302952556	-286.62995337620356	7.957184386698661	0.07847333795493393	0.01239740907420439	0.01913319124712637	0.07257546680797848	0.10032993143552504	0.02952735692786941	0.007870470746777575	0.048925770312806593	0.009625184439927756	0.01996778065457014	0.014615151465599635	0.00914279483467649	0.016622214298827806	0.0017370013806113777	0.07295897071323951	0.01450189243085051	0.037393970911502414	0.008014493010225165	0.06667628001844594	0.016532330504711673	0.005211738296027377	0.009638851997248662	0.009794729884389439	0.01725579753205196	0.011895493151421549	0.011133706403787066	0.008235443629015168	0.004080531078050176	0.009898442821696593	0.023605007534225772	0.013120036717309422	0.04213935294515592	0.022699388370307383	0.040439051938314305	0.0748091057693252	0.03082112749524235	0.008201194666021427	5.861329395477731E-5	0.009213300234073594	0.8269827772974323	2.842012652441271	0.20975892841307114	0.036997840485496446	0.8316502206778402	0.23681452914268697	1.1321986938912072	0.01441317887700135	0.3648756260916434	0.08322910484232769	3.515880101892827	2.842012652441271	2.842012652441271	2.842012652441271	0.8269827772974323	2.842012652441271	2.842012652441271	0.8269827772974323	2.842012652441271	2.842012652441271	0.8269827772974323	2.842012652441271	2.842012652441271	-485.3712212034983	-85.37470909175727
68	-567.7150393751479	-848.8225505827033	-567.7150393751479	-281.1075112075555	8.600488757557146	0.07871712682799424	0.0062642552078259195	0.01913319124712637	0.07257546680797848	0.10032993143552504	0.0688970374156946	0.007870470746777575	0.048925770312806593	0.009625184439927756	0.01996778065457014	0.014615151465599635	0.010995834063987728	0.010007706735929087	0.0017370013806113777	0.07295897071323951	0.01450189243085051	0.037393970911502414	0.008014493010225165	0.06643249114538563	0.016532330504711673	0.02041382890719677	0.012615935311278123	0.009794729884389439	0.01725579753205196	0.04543119870887344	0.011133706403787066	0.005781014447122965	0.004080531078050176	0.009898442821696593	0.023605007534225772	0.013120036717309422	0.0037735248443633296	0.022699388370307383	0.040439051938314305	0.035439425281500014	0.03082112749524235	0.008201194666021427	2.134552377282741E-5	0.00950963460964372	0.584089615771698	2.5634279780339404	0.15310588500258118	0.03782529914658367	1.1788702045080697	0.1571374375330724	0.8926580757421039	0.01044156251646347	0.4391900213699221	0.054371252617066004	2.6855556676436514	2.5634279780339404	2.5634279780339404	2.5634279780339404	0.584089615771698	2.5634279780339404	2.5634279780339404	0.584089615771698	2.5634279780339404	2.5634279780339404	0.584089615771698	2.5634279780339404	2.5634279780339404	-477.90016596668914	-89.81487340845872
69	-566.7140813108546	-849.560381513124	-566.7140813108546	-282.84630020226933	9.042344208703415	0.07871712682799424	0.0062642552078259195	0.01913319124712637	0.0587917180866198	0.11411368015688372	0.0688970374156946	0.007870470746777575	0.048925770312806593	0.009625184439927756	0.01996778065457014	0.014615151465599635	0.010995834063987728	0.010007706735929087	0.014008620505819955	0.06068735158803093	0.01450189243085051	0.037393970911502414	0.008014493010225165	0.05330572217938512	0.016532330504711673	0.02041382890719677	0.012615935311278123	0.009794729884389439	0.01725579753205196	0.04543119870887344	0.011133706403787066	0.005781014447122965	0.004080531078050176	0.009898442821696593	0.023605007534225772	0.026246805683309934	0.0037735248443633296	0.022699388370307383	0.040439051938314305	0.035439425281500014	0.03082112749524235	0.008201194666021427	5.53529945925189E-5	0.007688067737634573	0.7004985662234965	2.2533799432307826	0.22790327286843579	0.04319080166562246	1.6883537017830976	0.11890436504456764	0.9939148659438717	0.01246644989413611	0.35628134491697927	0.05291153184172775	5.243506629296041	2.2533799432307826	2.2533799432307826	2.2533799432307826	0.7004985662234965	2.2533799432307826	2.2533799432307826	0.7004985662234965	2.2533799432307826	2.2533799432307826	0.7004985662234965	2.2533799432307826	2.2533799432307826	-478.13600988635176	-88.57807142450277
70	-561.8300716544704	-846.5411191943459	-561.8300716544704	-284.7110475398755	6.702478888272213	0.07871712682799424	0.0062642552078259195	0.029737879416685653	0.0587917180866198	0.06035882228291367	0.0688970374156946	0.007870470746777575	0.048925770312806593	0.046395096027475366	0.027054150702905927	0.02024071632946342	0.010995834063987728	0.010007706735929087	0.007140622759206003	0.06068735158803093	0.032719901642852295	0.018190301196667633	0.008014493010225165	0.016535810591837508	0.009445960456375885	0.02041382890719677	0.019483933057892075	0.009794729884389439	0.01725579753205196	0.04543119870887344	0.011133706403787066	0.04893118415153373	0.004080531078050176	0.009898442821696593	0.017979442670361986	0.02723246618614293	0.0037735248443633296	0.022699388370307383	0.040439051938314305	0.035439425281500014	0.03082112749524235	0.008201194666021427	3.362775340098612E-5	0.013053568494504493	1.3788666142119792	3.03640235738221	0.33117312703453955	0.05727318534050369	0.92656680992873	0.1586701618237172	1.0838127007067386	0.0121663893056636	0.2872136078745861	0.052946247654687646	1.4992604632245863	3.03640235738221	3.03640235738221	3.03640235738221	1.3788666142119792	3.03640235738221	3.03640235738221	1.3788666142119792	3.03640235738221	3.03640235738221	1.3788666142119792	3.03640235738221	3.03640235738221	-472.78588992908595	-89.04418172538442
71	-557.7648757476043	-837.4664723951142	-557.7648757476043	-279.70159664751	6.321348750850246	0.07871712682799424	0.0062642552078259195	0.029737879416685653	0.0587917180866198	0.06035882228291367	0.0688970374156946	0.007870470746777575	0.048925770312806593	0.046395096027475366	0.027054150702905927	0.02024071632946342	0.010995834063987728	0.010007706735929087	0.007140622759206003	0.06068735158803093	0.032719901642852295	0.018190301196667633	0.008014493010225165	0.0029451898590461267	0.009445960456375885	0.02041382890719677	0.019483933057892075	0.009794729884389439	0.01725579753205196	0.04543119870887344	0.024724327136578447	0.04893118415153373	0.004080531078050176	0.03622101673076959	0.017979442670361986	0.02723246618614293	0.0037735248443633296	0.022699388370307383	0.040439051938314305	0.009116851372427015	0.03082112749524235	0.008201194666021427	4.6893416958867654E-5	0.014113663769626968	1.6363014678653403	1.8685955019875173	0.3405672015220927	0.05076491290403615	0.8202475530725775	0.18283343735622054	0.9960011258141623	0.006595504580365961	0.18482727713835662	0.05682870670911793	1.4829711544198494	1.8685955019875173	1.8685955019875173	1.8685955019875173	1.6363014678653403	1.8685955019875173	1.8685955019875173	1.6363014678653403	1.8685955019875173	1.8685955019875173	1.6363014678653403	1.8685955019875173	1.8685955019875173	-465.731656928541	-92.03321881906322
72	-557.4660297120774	-835.1930953884721	-557.4660297120774	-277.72706567639466	8.434891183429837	0.10399008264588237	0.0019655051208035124	0.029737879416685653	0.0587917180866198	0.06035882228291367	0.0688970374156946	0.015868658109670503	0.048925770312806593	0.046395096027475366	0.027054150702905927	0.02024071632946342	0.010995834063987728	0.010007706735929087	0.007140622759206003	0.06068735158803093	0.027278453971569666	0.018190301196667633	0.008014493010225165	0.007243939946068534	0.009445960456375885	0.02041382890719677	0.019483933057892075	0.015236177555672067	0.01725579753205196	0.04543119870887344	0.024724327136578447	0.04893118415153373	0.004080531078050176	0.01094806091288146	0.017979442670361986	0.02723246618614293	0.0037735248443633296	0.022699388370307383	0.03244086457542138	0.009116851372427015	0.03082112749524235	0.008201194666021427	7.493016258832093E-5	0.009152182750801176	1.3114631558264762	2.079044917496348	0.5009061865306813	0.05042501801318215	0.41965895691016136	0.19380993250959633	0.5376017375813117	0.008039605772016905	0.2840479202329168	0.06005863936479915	1.9046253453755873	2.079044917496348	2.079044917496348	2.079044917496348	1.3114631558264762	2.079044917496348	2.079044917496348	1.3114631558264762	2.079044917496348	2.079044917496348	1.3114631558264762	2.079044917496348	2.079044917496348	-467.8068875262136	-89.65914218586387
73	-556.0785843595904	-864.2057738836223	-556.0785843595904	-308.1271895240319	9.175816805617904	0.07312760940980122	0.0019655051208035124	0.0670404928026635	0.02814196899212744	0.01058800167429419	0.05204907267542343	0.02833686533231214	0.030855671292768727	0.046395096027475366	0.027054150702905927	0.02024071632946342	0.04164558315848009	0.010007706735929087	0.0022963280921233092	0.06068735158803093	0.027278453971569666	0.018190301196667633	0.008014493010225165	0.007243939946068534	0.014290255123458578	0.02041382890719677	0.019483933057892075	0.03816583646777548	0.03532589655208983	0.07572338983128177	0.0555868003726596	0.04893118415153373	0.004080531078050176	0.01094806091288146	0.017979442670361986	0.02723246618614293	0.0037735248443633296	0.009255161988170224	0.03244086457542138	0.009116851372427015	0.007891468583138939	0.008201194666021427	1.2746211975925203E-4	0.006271174390676765	1.4053913434231484	1.6243789465731993	0.318970141967917	0.03598935941383455	0.548804086851652	0.21625578399826303	0.9574540691348673	0.007804676365422164	0.3092827568428749	0.06275706523227541	3.967607211944608	1.6243789465731993	1.6243789465731993	1.6243789465731993	1.4053913434231484	1.6243789465731993	1.6243789465731993	1.4053913434231484	1.6243789465731993	1.6243789465731993	1.4053913434231484	1.6243789465731993	1.6243789465731993	-467.673510731296	-88.40507362829442
74	-555.610619400293	-845.9369321200127	-555.610619400293	-290.3263127197197	8.58442039856902	0.05516174198620337	0.0019655051208035124	0.0670404928026635	0.02814196899212744	0.01058800167429419	0.0494257395740207	0.02833686533231214	0.030855671292768727	0.046395096027475366	0.027054150702905927	0.02024071632946342	7.520288072275644E-4	0.010007706735929087	0.0022963280921233092	0.06068735158803093	0.027278453971569666	0.018190301196667633	0.008014493010225165	0.007243939946068534	0.014290255123458578	0.02041382890719677	0.03896084571776369	0.03816583646777548	0.015848983892218213	0.07572338983128177	0.0555868003726596	0.019590658417468085	0.006703864179452901	0.04028858664694711	0.05887299702161451	0.02723246618614293	0.0037735248443633296	0.009255161988170224	0.050406731999019225	0.009116851372427015	0.007891468583138939	0.008201194666021427	4.9639284896412075E-5	0.01103923151620708	1.3400528102379439	1.3298101457197842	0.2581092376682708	0.02486008909007919	0.5830002861827828	0.3107413463701602	1.0068860357916252	0.007960379885767432	0.35376052597842617	0.08138221807256084	3.3533891980429287	1.3298101457197842	1.3298101457197842	1.3298101457197842	1.3400528102379439	1.3298101457197842	1.3298101457197842	1.3400528102379439	1.3298101457197842	1.3298101457197842	1.3400528102379439	1.3298101457197842	1.3298101457197842	-468.7403199301699	-86.87029947012304
75	-554.8730478116843	-844.3308474413946	-554.8730478116843	-289.4577996297102	7.8717987698245135	0.04867871254525323	0.020048006524188255	0.04328512242591881	0.01263527786647338	0.01058800167429419	0.0494257395740207	0.05209223570905683	0.04635657688844802	0.01568265924561417	0.027054150702905927	0.005051553624022959	0.03278057377983755	0.010007706735929087	0.0022963280921233092	0.06068735158803093	0.015539398623545558	0.024257442062732712	0.008014493010225165	0.054392895308669864	0.014290255123458578	0.01145334934318741	0.03896084571776369	0.03816583646777548	0.015848983892218213	0.07572338983128177	0.028122130112766194	0.019590658417468085	0.006703864179452901	0.04028858664694711	0.0385892929270034	0.014031210524385149	0.034485961626224526	0.009255161988170224	0.050406731999019225	0.009116851372427015	0.007891468583138939	0.008201194666021427	2.283294908135174E-4	0.009135484947981764	0.9223116255238892	1.1342843632429025	0.38941084218701183	0.021837957256034806	0.7273244831044827	0.31539652615717645	0.9898972029402738	0.009949181084048233	0.5998340697470135	0.07373732886134118	6.447503685552783	1.1342843632429025	1.1342843632429025	1.1342843632429025	0.9223116255238892	1.1342843632429025	1.1342843632429025	0.9223116255238892	1.1342843632429025	1.1342843632429025	0.9223116255238892	1.1342843632429025	1.1342843632429025	-470.0580732953628	-84.81497451632144
76	-554.6082678306697	-849.8897369635117	-554.6082678306697	-295.281469132842	10.090715343681094	0.04867871254525323	0.020048006524188255	0.04328512242591881	0.01817506485197	0.01058800167429419	0.038251818850667155	0.05209223570905683	0.04635657688844802	0.01568265924561417	0.027054150702905927	0.005051553624022959	0.02464397714759113	0.010007706735929087	0.011730076308626644	0.051253603371527595	0.009999611638048939	0.024257442062732712	0.008014493010225165	0.054392895308669864	0.014290255123458578	0.01145334934318741	0.03896084571776369	0.03816583646777548	0.015848983892218213	0.07572338983128177	0.03625872674501261	0.019590658417468085	0.006703864179452901	0.022232351233252165	0.0385892929270034	0.014031210524385149	0.034485961626224526	0.009255161988170224	0.07963688813606772	0.009116851372427015	0.007891468583138939	0.008201194666021427	1.249747413361852E-4	0.009625669101003393	0.4008571562734835	1.4220427822367825	0.5408715869677877	0.019439130894027008	0.4113357200453827	0.2943706173052929	1.2703053991545699	0.015812122611720283	0.6334216137154629	0.0545015330655545	5.591564582850683	1.4220427822367825	1.4220427822367825	1.4220427822367825	0.4008571562734835	1.4220427822367825	1.4220427822367825	0.4008571562734835	1.4220427822367825	1.4220427822367825	0.4008571562734835	1.4220427822367825	1.4220427822367825	-468.5640665393916	-86.04420129127807
77	-554.1211103111559	-854.5712967001732	-554.1211103111559	-300.45018638901723	9.358920206983269	0.04867871254525323	0.020048006524188255	0.04328512242591881	0.01817506485197	0.01058800167429419	0.038251818850667155	0.05222389130719571	0.059437711057495235	0.01568265924561417	0.026922495104767047	0.005051553624022959	0.02464397714759113	0.010007706735929087	0.003911192792153892	0.051253603371527595	0.009999611638048939	0.024257442062732712	0.008014493010225165	0.054392895308669864	0.014290255123458578	0.01145334934318741	0.03896084571776369	0.03816583646777548	0.002767849723170998	0.08354227334775452	0.03625872674501261	0.019590658417468085	0.006703864179452901	0.022232351233252165	0.0385892929270034	0.014031210524385149	0.034485961626224526	0.009255161988170224	0.07963688813606772	0.009116851372427015	0.007891468583138939	0.008201194666021427	1.0313700985913834E-4	0.00862197676043684	0.45221154426126275	1.0351249889295904	0.5648653792418064	0.016320825599982918	0.48531082513869117	0.18702205953396797	1.329924057715807	0.010632917092189935	0.5156397031943322	0.04013847185491636	1.7327776730499744	1.0351249889295904	1.0351249889295904	1.0351249889295904	0.45221154426126275	1.0351249889295904	1.0351249889295904	0.45221154426126275	1.0351249889295904	1.0351249889295904	0.45221154426126275	1.0351249889295904	1.0351249889295904	-467.16326303653716	-86.95784727461871
78	-552.2650961313934	-832.5133387934932	-552.2650961313934	-280.2482426620998	6.188497078921656	0.04867871254525323	0.021457390556366973	0.024299241794146054	0.04931516529619777	0.01058800167429419	0.038251818850667155	0.05222389130719571	0.059437711057495235	0.01568265924561417	0.0459083757365398	0.005051553624022959	0.02483430994545309	0.010007706735929087	0.007409890374914893	0.017742428909437974	0.009999611638048939	0.024257442062732712	0.008014493010225165	0.057175656240039396	0.014290255123458578	0.01145334934318741	0.03896084571776369	0.023485840625960916	0.004124834443343647	0.08354227334775452	0.06976990120710223	0.019590658417468085	0.006703864179452901	0.022232351233252165	0.01554918836498552	0.014031210524385149	0.015243096092441788	0.005756464405409223	0.07668018658585439	0.0321569559344449	0.007891468583138939	0.008201194666021427	1.4805397876474575E-4	0.011405645865217567	0.7470606186808997	0.6869061413180799	0.5215137267308892	0.014101860156767131	0.5586714330004372	0.17914140580022617	1.1421240035920335	0.011002026579128974	0.824713717473726	0.052550638620992296	3.1408751008400464	0.6869061413180799	0.6869061413180799	0.6869061413180799	0.7470606186808997	0.6869061413180799	0.6869061413180799	0.7470606186808997	0.6869061413180799	0.6869061413180799	0.7470606186808997	0.6869061413180799	0.6869061413180799	-464.43955841867745	-87.82553771271603
79	-549.8194164691196	-845.5501757121647	-549.8194164691196	-295.7307592430451	9.674353055734441	0.029687436386890517	0.021457390556366973	0.024299241794146054	0.04931516529619777	0.01058800167429419	0.038251818850667155	0.023592305828577714	0.08424180787021734	0.01568265924561417	0.0459083757365398	0.005051553624022959	0.02483430994545309	0.06584769422794744	0.007409890374914893	0.017742428909437974	0.009999611638048939	0.024257442062732712	0.008014493010225165	0.02996725422663904	0.014290255123458578	0.021875760631444127	0.03896084571776369	0.023485840625960916	0.004124834443343647	0.08354227334775452	0.07157913729095809	0.019590658417468085	0.006703864179452901	0.022232351233252165	0.01554918836498552	0.014031210524385149	0.015243096092441788	0.005756464405409223	0.07668018658585439	0.014112487907972926	0.007891468583138939	0.008201194666021427	2.1561457785232587E-4	0.009735380370371128	0.4595434393048259	0.497102859756408	0.34363421218274737	0.02189882294072504	0.32051443624635934	0.2931237355499424	0.9389672447374467	0.010530057143528799	1.4058979264854603	0.051378626026899334	4.28819775301954	0.497102859756408	0.497102859756408	0.497102859756408	0.4595434393048259	0.497102859756408	0.497102859756408	0.4595434393048259	0.497102859756408	0.497102859756408	0.4595434393048259	0.497102859756408	0.497102859756408	-465.0744385885697	-84.74497788054988
80	-549.6628465651653	-836.5295746188499	-549.6628465651653	-286.86672805368465	12.368811222052075	0.029687436386890517	0.021457390556366973	0.024299241794146054	0.04931516529619777	0.01058800167429419	0.038251818850667155	0.023592305828577714	0.11867269270730835	0.01568265924561417	0.0459083757365398	0.005051553624022959	0.02483430994545309	0.031416809390856434	0.007409890374914893	0.017742428909437974	0.009999611638048939	0.027266418390240008	0.008014493010225165	0.02996725422663904	0.014290255123458578	0.021875760631444127	0.035951869390256394	0.023485840625960916	0.004124834443343647	0.08354227334775452	0.07157913729095809	0.019590658417468085	0.006703864179452901	0.022232351233252165	0.01554918836498552	0.014031210524385149	0.015243096092441788	0.005756464405409223	0.07525390329455227	0.014112487907972926	0.007891468583138939	0.00962747795732355	4.383152875542628E-5	0.009261683780519692	0.44363196155112367	0.8878318697038844	0.18145655367372815	0.014621252607710338	0.2743889038214442	0.29379216084692295	1.1579435999952188	0.007903519673407685	1.4732222333592389	0.05242052307667797	1.4266570630821613	0.8878318697038844	0.8878318697038844	0.8878318697038844	0.44363196155112367	0.8878318697038844	0.8878318697038844	0.44363196155112367	0.8878318697038844	0.8878318697038844	0.44363196155112367	0.8878318697038844	0.8878318697038844	-462.58242931096254	-87.0804172542028
81	-544.4071152976991	-838.4662008053355	-544.4071152976991	-294.0590855076364	11.467977053072719	0.029687436386890517	0.021457390556366973	0.024299241794146054	0.04931516529619777	0.01058800167429419	0.038251818850667155	0.023592305828577714	0.022159727670548468	0.01568265924561417	0.0459083757365398	0.04372865213102392	0.02483430994545309	0.031416809390856434	0.007409890374914893	0.017742428909437974	0.04188763701343842	0.016382110577345385	0.008014493010225165	0.02996725422663904	0.014290255123458578	0.021875760631444127	0.00406384401486691	0.023485840625960916	0.004124834443343647	0.012085662510661649	0.03290203878395713	0.019590658417468085	0.004565198315223951	0.022232351233252165	0.028572162042109092	0.014031210524385149	0.02142593330046838	0.005756464405409223	0.21070907911946035	0.040444050748891014	0.007891468583138939	0.00962747795732355	1.2598549602639846E-4	0.00923990641473383	0.3004423203253295	0.7125443746797455	0.1680842728224564	0.012421996158779596	0.22250533047315554	0.1653861674193163	1.014603289781463	0.006838698397151247	1.505934800273567	0.026154542303875546	4.267377803039118	0.7125443746797455	0.7125443746797455	0.7125443746797455	0.3004423203253295	0.7125443746797455	0.7125443746797455	0.3004423203253295	0.7125443746797455	0.7125443746797455	0.3004423203253295	0.7125443746797455	0.7125443746797455	-455.88958243222976	-88.51753286546935
82	-540.1452315195208	-825.0165939862061	-540.1452315195208	-284.87136246668524	12.364034113251314	0.029687436386890517	0.028028774912925436	0.009994109392455097	0.04931516529619777	0.01058800167429419	0.038251818850667155	0.023592305828577714	0.022159727670548468	0.01568265924561417	0.0459083757365398	0.03297074649790552	0.027347382598523748	0.006964000820386271	0.011158225555314302	0.017742428909437974	0.04188763701343842	0.04083491914781555	0.008014493010225165	0.02996725422663904	0.014290255123458578	0.021875760631444127	0.018368976416557867	0.02170094968884749	0.004124834443343647	0.012085662510661649	0.03290203878395713	0.019590658417468085	0.004565198315223951	0.015970943399782098	0.028572162042109092	0.014031210524385149	0.02142593330046838	0.016514370038527626	0.21070907911946035	0.04222894168600444	0.0013200842265804758	0.00962747795732355	8.945688665882264E-5	0.01005834301988658	0.3341579906729027	0.4366651321538186	0.2823977951730393	0.019633646634988438	0.2536531673291968	0.24858341042898024	0.6552204407955059	0.005804101096177797	1.3543647609410165	0.03986542173432147	2.5789823471380395	0.4366651321538186	0.4366651321538186	0.4366651321538186	0.3341579906729027	0.4366651321538186	0.4366651321538186	0.3341579906729027	0.4366651321538186	0.4366651321538186	0.3341579906729027	0.4366651321538186	0.4366651321538186	-451.8413419498787	-88.3038895696422
83	-534.9998478992554	-822.7471167543539	-534.9998478992554	-287.74726885509847	8.499648988913535	0.029687436386890517	0.028028774912925436	0.009994109392455097	0.04931516529619777	0.01058800167429419	0.038251818850667155	0.023592305828577714	0.022159727670548468	0.01568265924561417	0.0459083757365398	0.031193203741528425	0.01298869172913418	0.006964000820386271	0.011158225555314302	0.017742428909437974	0.04188763701343842	0.04083491914781555	0.008014493010225165	0.03174479698301613	0.014290255123458578	0.007796301385342028	0.02841347705498408	0.02170094968884749	0.004124834443343647	0.012085662510661649	0.022857538145530917	0.019590658417468085	0.004565198315223951	0.02810198561683218	0.02928595495738838	0.014031210524385149	0.02142593330046838	0.016514370038527626	0.21265749614851237	0.05658763255539401	6.062913113011881E-4	0.00962747795732355	3.489862287597234E-5	0.012832372741712256	0.44397664385982694	0.3479357603491738	0.29146873643369264	0.020530721785511446	0.2672629728583576	0.41810751403864554	0.348817570589004	0.005313430165783246	1.7972682997113518	0.04494067734947988	1.6844501527506892	0.3479357603491738	0.3479357603491738	0.3479357603491738	0.44397664385982694	0.3479357603491738	0.3479357603491738	0.44397664385982694	0.3479357603491738	0.3479357603491738	0.44397664385982694	0.3479357603491738	0.3479357603491738	-444.8896390103676	-90.11020888888781
84	-534.0547229406734	-830.1101786482021	-534.0547229406734	-296.0554557075287	8.481401894224426	0.029687436386890517	0.028028774912925436	0.009994109392455097	0.028431622618173044	0.01058800167429419	0.03919339723115674	0.023592305828577714	0.022159727670548468	0.037779251666135924	0.08197823878000662	0.031193203741528425	0.03432525958164545	0.006964000820386271	0.007581523260457898	0.10960187431040788	0.008970355123799262	0.004765056104348728	0.008014493010225165	0.03174479698301613	0.07182152539623951	0.017890468108062815	0.02841347705498408	0.02170094968884749	0.004124834443343647	0.011144084130172066	0.022857538145530917	0.019590658417468085	0.004565198315223951	0.02810198561683218	0.02928595495738838	0.014031210524385149	0.02142593330046838	0.016514370038527626	0.04081157048508499	0.06200949973381231	0.021489833989325913	0.00962747795732355	4.3197710699165046E-5	0.010018009249727065	0.3340496436605784	0.35807447552167415	0.3947792925443176	0.014806790939678242	0.41316325376364316	0.36810797097625303	0.3575562202636023	0.006932596154660974	2.8122647611206655	0.06881144204559998	2.7700972448600365	0.35807447552167415	0.35807447552167415	0.35807447552167415	0.3340496436605784	0.35807447552167415	0.35807447552167415	0.3340496436605784	0.35807447552167415	0.35807447552167415	0.3340496436605784	0.35807447552167415	0.35807447552167415	-442.94773839843117	-91.10698454224219
85	-531.9490884395692	-823.2435936724717	-531.9490884395692	-291.29450523290245	7.982593032226922	0.029687436386890517	0.028028774912925436	0.009994109392455097	0.028431622618173044	0.01058800167429419	0.03919339723115674	0.01316240652403286	0.022159727670548468	0.04697067034143697	0.07659946117184432	0.031193203741528425	0.02931501666550218	0.006964000820386271	0.007581523260457898	0.04187312703633636	0.008970355123799262	0.009775299020491998	0.013393270618387465	0.029037882215768085	0.07182152539623951	0.04001508856293788	0.02841347705498408	0.02170094968884749	0.004124834443343647	0.011144084130172066	0.022857538145530917	0.019590658417468085	0.004565198315223951	0.02810198561683218	0.011106729899005172	0.014031210524385149	0.0891546805745399	0.016514370038527626	0.04081157048508499	0.06200949973381231	0.021489833989325913	0.00962747795732355	1.7708425931066432E-4	0.016073818022575147	0.17064143213630745	0.286729811528928	0.2701501986749621	0.02058162305588806	0.45807474438448625	0.37984383789974097	0.4263103885674837	0.007235038423671696	2.3765384511001746	0.07689215469008394	1.8049795728607008	0.286729811528928	0.286729811528928	0.286729811528928	0.17064143213630745	0.286729811528928	0.286729811528928	0.17064143213630745	0.286729811528928	0.286729811528928	0.17064143213630745	0.286729811528928	0.286729811528928	-438.28784741016204	-93.66124102940715
86	-531.7241829309779	-826.4487017238832	-531.7241829309779	-294.72451879290537	8.230770882703167	0.029687436386890517	0.009248573948842154	0.009994109392455097	0.028431622618173044	0.01058800167429419	0.03919339723115674	0.01316240652403286	0.022159727670548468	0.06575087130552025	0.07659946117184432	0.031193203741528425	0.02931501666550218	0.006964000820386271	0.007581523260457898	0.02277131134698715	0.028072170813148473	0.009775299020491998	0.013393270618387465	0.029037882215768085	0.039549202424457336	0.04001508856293788	0.02841347705498408	0.02170094968884749	0.004124834443343647	0.011144084130172066	0.022857538145530917	0.05186298138925026	0.004565198315223951	0.020510535750266498	0.011106729899005172	0.014031210524385149	0.0891546805745399	0.016514370038527626	0.04081157048508499	0.06200949973381231	0.029081283855891593	0.00962747795732355	2.729377112856658E-4	0.006305845664166803	0.1775090504664768	0.3086686884503243	0.2007402954795586	0.019744422122130643	0.3785000578797122	0.37571967919830496	0.4385362894399074	0.008299665678521091	1.31997135226368	0.09290300780777681	2.8058357547191446	0.3086686884503243	0.3086686884503243	0.3086686884503243	0.1775090504664768	0.3086686884503243	0.3086686884503243	0.1775090504664768	0.3086686884503243	0.3086686884503243	0.1775090504664768	0.3086686884503243	0.3086686884503243	-446.12165325575245	-85.60252967522548
87	-531.2310016328379	-822.4103960102786	-531.2310016328379	-291.1793943774407	8.983658418325579	0.029687436386890517	0.009248573948842154	0.009994109392455097	0.028431622618173044	0.01058800167429419	0.03919339723115674	0.01316240652403286	0.022159727670548468	0.09461236538128724	0.07659946117184432	7.163124940952892E-4	0.02931501666550218	0.012424621274478506	0.007581523260457898	0.02277131134698715	0.028072170813148473	0.009775299020491998	0.013393270618387465	0.029037882215768085	0.039549202424457336	0.04001508856293788	0.02841347705498408	0.02170094968884749	0.004124834443343647	0.005683463676079831	0.022857538145530917	0.05186298138925026	0.004565198315223951	0.020510535750266498	0.011106729899005172	0.014031210524385149	0.0891546805745399	0.01812976721019377	0.04081157048508499	0.06200949973381231	0.029081283855891593	0.00962747795732355	1.0114434997710729E-4	0.0120651857893383	0.1916902269580268	0.4471165450585511	0.20532734757625315	0.03198742341817565	0.3914195510540697	0.41943339569587207	0.8256456172829404	0.009554994875157383	0.5636146442172076	0.08089508414856016	4.189927122213257	0.4471165450585511	0.4471165450585511	0.4471165450585511	0.1916902269580268	0.4471165450585511	0.4471165450585511	0.1916902269580268	0.4471165450585511	0.4471165450585511	0.1916902269580268	0.4471165450585511	0.4471165450585511	-445.83405286352615	-85.39694876931178
88	-529.5871337309552	-828.2576404482247	-529.5871337309552	-298.6705067172695	9.61593640762181	0.04929355366570663	0.009248573948842154	0.009994109392455097	0.028431622618173044	0.01058800167429419	0.03939210747502016	0.01316240652403286	0.0287832223733418	0.05473139793182945	0.07659946117184432	7.163124940952892E-4	0.009708899386686065	0.012424621274478506	0.007581523260457898	0.04361325329803875	0.05437233815727335	0.014168921768196716	0.013393270618387465	0.029037882215768085	0.039549202424457336	0.0011530173523782578	0.02821476681112066	0.02170094968884749	0.011061863276243797	0.014870641033708026	0.022857538145530917	0.05186298138925026	0.004565198315223951	0.013573506917366349	0.011106729899005172	0.007407715821591818	0.0683127386234883	0.01812976721019377	0.04081157048508499	0.06200949973381231	0.029081283855891593	0.04848954916788317	1.1103012092944311E-4	0.008591086336038828	0.2318659824091635	0.4294413269277902	0.26533584371968283	0.037487498369579215	0.46284899235234356	0.5383888029793645	0.8140350917316754	0.014234442132016537	0.6785660140116027	0.07753389546164041	4.06728395609285	0.4294413269277902	0.4294413269277902	0.4294413269277902	0.2318659824091635	0.4294413269277902	0.4294413269277902	0.2318659824091635	0.4294413269277902	0.4294413269277902	0.2318659824091635	0.4294413269277902	0.4294413269277902	-444.7800294165785	-84.8071043143767
89	-528.9033465724974	-827.3296635211011	-528.9033465724974	-298.42631694860364	7.247563574381636	0.04929355366570663	0.009248573948842154	0.0017648505815143767	0.028431622618173044	0.03255282594798303	0.03939210747502016	0.01316240652403286	0.0287832223733418	0.05473139793182945	0.07659946117184432	7.163124940952892E-4	0.009708899386686065	0.012424621274478506	0.007581523260457898	0.04361325329803875	0.05437233815727335	0.014168921768196716	0.013393270618387465	0.029037882215768085	0.04425762085193505	0.0028615387043429003	0.02821476681112066	0.02170094968884749	0.011061863276243797	0.010162222606230314	0.021149016793566275	0.05186298138925026	0.01930967373957737	0.013573506917366349	0.019335988709945892	0.007407715821591818	0.0683127386234883	0.01812976721019377	0.04081157048508499	0.02530020003577005	0.029081283855891593	0.04848954916788317	4.9162646236260876E-5	0.010353311570781497	0.27467267109805515	0.23315518316079797	0.4040414271224397	0.040403823670179126	0.5339879953044524	0.42259383519379695	0.9720068475205275	0.01348397389644431	1.5105502554980847	0.07267743748436234	2.804298738655595	0.23315518316079797	0.23315518316079797	0.23315518316079797	0.27467267109805515	0.23315518316079797	0.23315518316079797	0.27467267109805515	0.23315518316079797	0.23315518316079797	0.27467267109805515	0.23315518316079797	0.23315518316079797	-444.81016005765173	-84.09318651484573
90	-528.097619799538	-811.7175452370332	-528.097619799538	-283.61992543749506	6.468432404278321	0.04929355366570663	0.009248573948842154	0.005363236478902411	0.028431622618173044	0.012262615043321268	0.03939210747502016	0.01316240652403286	0.0287832223733418	0.022420206443717103	0.05873202455585433	7.163124940952892E-4	0.009708899386686065	0.032694844419143484	0.007581523260457898	0.04361325329803875	0.05196955162859837	0.042881727358921026	0.013393270618387465	0.029037882215768085	0.049648022953117626	0.0028615387043429003	0.02821476681112066	0.02170094968884749	0.05870521585504261	0.029351827495271626	0.015758614692383696	0.01746598891254013	0.01930967373957737	0.013573506917366349	0.019335988709945892	0.007407715821591818	0.0683127386234883	0.0169772796128016	0.02871769798038848	0.03166510841186909	0.009891678966850281	0.062414851696445894	1.4642570046775833E-5	0.00987891210322192	0.4092280500776625	0.15709247161144135	0.6381891407380865	0.05149142291934897	0.7696037477949005	0.4770865003140055	1.7149372365933047	0.010600062821887505	1.4538900769532133	0.09633464720773512	1.9082306129805309	0.15709247161144135	0.15709247161144135	0.15709247161144135	0.4092280500776625	0.15709247161144135	0.15709247161144135	0.4092280500776625	0.15709247161144135	0.15709247161144135	0.4092280500776625	0.15709247161144135	0.15709247161144135	-442.8191629554769	-85.27845684406118
91	-523.7590095036	-809.4016440147404	-523.7590095036	-285.64263451114044	6.511386706503268	0.04929355366570663	0.009248573948842154	0.005363236478902411	0.028431622618173044	0.012262615043321268	0.03939210747502016	0.01316240652403286	0.021956166061775806	0.047966461299519855	0.05873202455585433	7.163124940952892E-4	0.013460705822153196	0.032694844419143484	0.007581523260457898	0.04361325329803875	0.05196955162859837	0.042881727358921026	0.05960673074573941	0.029037882215768085	0.049648022953117626	0.0028615387043429003	0.02821476681112066	0.02170094968884749	0.05870521585504261	0.029351827495271626	0.015758614692383696	0.01746598891254013	0.01930967373957737	0.013573506917366349	0.019335988709945892	0.007407715821591818	0.02536109414509813	0.020542520275405818	0.02871769798038848	0.03166510841186909	0.009891678966850281	0.03311679040517601	1.1422058986478664E-4	0.008006249116652406	0.6336574315685652	0.14378710490103622	0.64123111627046	0.0814134335593433	0.7439582008630863	0.7582602377370811	2.2564900889769244	0.011000158181986212	1.2135169826933292	0.08127060641253735	2.7548609311326677	0.14378710490103622	0.14378710490103622	0.14378710490103622	0.6336574315685652	0.14378710490103622	0.14378710490103622	0.6336574315685652	0.14378710490103622	0.14378710490103622	0.6336574315685652	0.14378710490103622	0.14378710490103622	-436.19293603864674	-87.56607346495328
92	-522.8735655667115	-825.7504019085094	-522.8735655667115	-302.8768363417979	9.571724679607506	0.03388722482977789	0.009248573948842154	0.005174297879410428	0.01919934584561027	0.012262615043321268	0.025247922510999235	0.01316240652403286	0.021956166061775806	0.047966461299519855	0.05873202455585433	7.163124940952892E-4	0.013460705822153196	0.032694844419143484	0.007581523260457898	0.01358459249106378	0.05605932350045803	0.06938716194154203	0.035843581410556324	0.029037882215768085	0.07428662856160914	0.0028615387043429003	0.02821476681112066	0.04546409902403058	0.05870521585504261	0.0593804883022466	0.015758614692383696	0.01186822327445168	0.01930967373957737	0.013573506917366349	0.009524829508720453	0.007407715821591818	0.03517225334632357	0.020542520275405818	0.02871769798038848	0.006667667595476878	0.009891678966850281	0.04744991396868892	1.7239067826515305E-4	0.012962574862043644	0.5277566443594608	0.16177491401901248	0.7252111740434289	0.07487646300296612	0.6772408888784552	0.9039207191764973	1.9376603910095473	0.016053175311170766	1.30829133901328	0.0897253898845814	3.1157643277911795	0.16177491401901248	0.16177491401901248	0.16177491401901248	0.5277566443594608	0.16177491401901248	0.16177491401901248	0.5277566443594608	0.16177491401901248	0.16177491401901248	0.5277566443594608	0.16177491401901248	0.16177491401901248	-434.3006065909824	-88.5729589757291
93	-522.7090366616048	-824.0465510283246	-522.7090366616048	-301.3375143667198	10.241104590176958	0.03388722482977789	0.009248573948842154	0.005174297879410428	0.051371987844282804	0.012262615043321268	0.025247922510999235	0.01316240652403286	0.021956166061775806	0.029422814382539894	0.04678744663239673	7.163124940952892E-4	0.013460705822153196	0.032694844419143484	0.007581523260457898	0.03261001704218122	0.05605932350045803	0.04269898310966101	0.035843581410556324	0.029037882215768085	0.0552612040104917	0.0148061166278005	0.02821476681112066	0.04546409902403058	0.07176439960523105	0.0593804883022466	0.015758614692383696	0.01186822327445168	0.01930967373957737	0.013573506917366349	0.009524829508720453	0.007407715821591818	0.023263808095525196	0.020542520275405818	0.02871769798038848	0.01857611284627525	0.009891678966850281	0.04744991396868892	1.8113520871743905E-4	0.00840767221861812	0.36443311454797633	0.16863551885092432	0.7204136663140818	0.08316337200519774	0.3004104923360619	0.8122591328133386	2.501967847375245	0.01664013758260428	1.8911333908538817	0.09361555160165067	3.6699503037541445	0.16863551885092432	0.16863551885092432	0.16863551885092432	0.36443311454797633	0.16863551885092432	0.16863551885092432	0.36443311454797633	0.16863551885092432	0.16863551885092432	0.36443311454797633	0.16863551885092432	0.16863551885092432	-433.84892994493987	-88.86010671666493
94	-521.9169358780235	-816.8539207114303	-521.9169358780235	-294.93698483340677	8.137151207254854	0.03388722482977789	0.009248573948842154	0.005174297879410428	0.07357329694940466	0.04909431153210608	0.025247922510999235	0.01316240652403286	0.01788296168371467	0.029422814382539894	0.04678744663239673	0.004456486060479187	0.013460705822153196	0.032694844419143484	0.016935386297651886	0.03261001704218122	0.05605932350045803	0.04269898310966101	0.048186991735958196	0.029037882215768085	0.0552612040104917	0.0148061166278005	0.017835633708824003	0.045797129835707814	0.040209227462915206	0.0593804883022466	0.015758614692383696	0.022247356376748337	0.01930967373957737	0.013573506917366349	0.009524829508720453	0.007407715821591818	0.023263808095525196	0.020542520275405818	0.02871769798038848	0.006232702520873379	0.009891678966850281	0.010618217479904102	2.344164982530198E-5	0.011416209961045996	0.22078211568130857	0.10410881869199519	0.4895575263558807	0.08088583576062268	0.4224935850451184	0.7343936427837996	2.684384967474036	0.011954029012433092	2.0541748929854133	0.07594765450150444	4.42028106659374	0.10410881869199519	0.10410881869199519	0.10410881869199519	0.22078211568130857	0.10410881869199519	0.10410881869199519	0.22078211568130857	0.10410881869199519	0.10410881869199519	0.22078211568130857	0.10410881869199519	0.10410881869199519	-435.8611178889487	-86.0558179890749
95	-520.9993062183746	-819.1629159814423	-520.9993062183746	-298.1636097630677	9.234238856376756	0.030899332630808893	0.010442792160473502	0.04256647634165195	0.07357329694940466	0.04909431153210608	0.025247922510999235	0.01316240652403286	0.01788296168371467	0.018172514699720685	0.024154976504456388	0.004456486060479187	0.013460705822153196	0.032694844419143484	0.024727557712563172	0.008863919081337407	0.05605932350045803	0.04568687530863001	0.048186991735958196	0.029037882215768085	0.05740237974942927	0.0148061166278005	0.017835633708824003	0.045797129835707814	0.030009435927879732	0.0593804883022466	0.024867738636265332	0.022247356376748337	0.01930967373957737	0.013573506917366349	0.009524829508720453	0.01760750735662729	0.023263808095525196	0.020542520275405818	0.02871769798038848	0.006232702520873379	0.009891678966850281	0.010618217479904102	6.410477899975279E-5	0.009230485890549228	0.32177115355945946	0.1541587218658482	0.611622368877002	0.053318840207749435	0.42624064992309335	0.8742059799148285	1.825724430698877	0.010947310973107484	1.9216196468178086	0.058982375763290754	6.7418053420656	0.1541587218658482	0.1541587218658482	0.1541587218658482	0.32177115355945946	0.1541587218658482	0.1541587218658482	0.32177115355945946	0.1541587218658482	0.1541587218658482	0.32177115355945946	0.1541587218658482	0.1541587218658482	-435.99947947947624	-84.99982673889836
96	-519.7528118863271	-820.7369048284354	-519.7528118863271	-300.9840929421083	9.08817198024661	0.030899332630808893	0.010442792160473502	0.04256647634165195	0.07357329694940466	0.008101042511474255	0.025247922510999235	0.01316240652403286	0.01788296168371467	0.018172514699720685	0.015421287198034123	0.004456486060479187	0.013460705822153196	0.032694844419143484	0.024727557712563172	0.008863919081337407	0.05605932350045803	0.04568687530863001	0.048186991735958196	0.029037882215768085	0.05740237974942927	0.03291794079630404	0.017835633708824003	0.045797129835707814	0.01189761175937619	0.0593804883022466	0.0336014279426876	0.06324062539738017	0.01930967373957737	0.013573506917366349	0.009524829508720453	0.01760750735662729	0.023263808095525196	0.020542520275405818	0.02871769798038848	0.006232702520873379	0.009891678966850281	0.010618217479904102	1.0279404404619794E-4	0.011278490799497642	0.348681931166813	0.1783086437078813	0.8631727410429357	0.07860955280454543	0.387706039810617	1.2932960633392356	0.9798371293279536	0.010162798436020864	1.367446194015594	0.0410380250095029	3.018051276929874	0.1783086437078813	0.1783086437078813	0.1783086437078813	0.348681931166813	0.1783086437078813	0.1783086437078813	0.348681931166813	0.1783086437078813	0.1783086437078813	0.348681931166813	0.1783086437078813	0.1783086437078813	-434.48690137151175	-85.26591051481539
97	-518.5056328088299	-815.6567934526327	-518.5056328088299	-297.15116064380277	10.176441622146312	0.030899332630808893	0.010442792160473502	0.04256647634165195	0.07357329694940466	0.008101042511474255	0.025247922510999235	0.010585885200246586	0.02415020984388211	0.018172514699720685	0.015421287198034123	0.004456486060479187	0.013460705822153196	0.032694844419143484	0.024727557712563172	0.008863919081337407	0.05605932350045803	0.04568687530863001	0.048186991735958196	0.025449238398038143	0.05740237974942927	0.03291794079630404	0.02421358157538099	0.045797129835707814	0.01189761175937619	0.0593804883022466	0.0336014279426876	0.05686267753082318	0.01930967373957737	0.013573506917366349	0.009524829508720453	0.01760750735662729	0.023263808095525196	0.020542520275405818	0.02871769798038848	0.006232702520873379	0.007213074624412785	0.013194738803690376	7.334348121116058E-5	0.0067670828315282575	0.27552885132148913	0.10940724934908132	0.9026150354788207	0.1254859701645372	0.38235266648495	1.0483826266139622	1.1864486643995513	0.009210552070744806	1.9170745548580121	0.031721021828894864	1.91343837852083	0.10940724934908132	0.10940724934908132	0.10940724934908132	0.27552885132148913	0.10940724934908132	0.10940724934908132	0.27552885132148913	0.10940724934908132	0.10940724934908132	0.27552885132148913	0.10940724934908132	0.10940724934908132	-431.3123195222514	-87.19331328657844
98	-516.7444467465779	-803.2802047250858	-516.7444467465779	-286.53575797850795	9.919266847226138	0.03050873450097767	0.010442792160473502	0.07661380759157604	0.07357329694940466	0.008101042511474255	0.025247922510999235	0.00662133558693187	0.02415020984388211	0.018172514699720685	0.02766773275626097	0.017435268448205726	0.013460705822153196	0.032694844419143484	0.024727557712563172	0.008863919081337407	0.05605932350045803	0.04568687530863001	0.04572312398929401	0.025449238398038143	0.05740237974942927	0.03291794079630404	0.02421358157538099	0.04486065056287168	0.01189761175937619	0.025333157052322502	0.0336014279426876	0.05779915680365931	0.01930967373957737	0.0013270613591395003	0.009524829508720453	0.01760750735662729	0.014640173450944594	0.020542520275405818	0.031181565727052662	0.006232702520873379	0.007213074624412785	0.013194738803690376	7.218263704112114E-5	0.009319561706121818	0.2856549608564743	0.08463330053927941	1.1526283166739384	0.10216647142177741	0.42346497235016634	0.7860804568362979	1.2006082167213785	0.016459073169530776	1.8505600379798606	0.030417975645505066	2.2422914841504795	0.08463330053927941	0.08463330053927941	0.08463330053927941	0.2856549608564743	0.08463330053927941	0.08463330053927941	0.2856549608564743	0.08463330053927941	0.08463330053927941	0.2856549608564743	0.08463330053927941	0.08463330053927941	-428.9604268410334	-87.78401990554451
99	-511.28912960274715	-804.5347903167237	-511.28912960274715	-293.2456607139765	11.795100160241272	0.03050873450097767	0.010442792160473502	0.03266761707067206	0.040212807207138865	0.008101042511474255	0.03241413817217938	0.00662133558693187	0.02415020984388211	0.018172514699720685	0.028799953139872575	0.017435268448205726	0.013460705822153196	0.032694844419143484	0.01756134205138303	0.008863919081337407	0.05605932350045803	0.0779151446672842	0.04572312398929401	0.025449238398038143	0.05740237974942927	0.03291794079630404	0.02421358157538099	0.05432545364850881	0.01189761175937619	0.025333157052322502	0.0336014279426876	0.05779915680365931	0.01930967373957737	0.04527325188004348	0.009524829508720453	0.01760750735662729	0.014640173450944594	0.020542520275405818	0.021716762641415532	0.006232702520873379	0.007213074624412785	0.013194738803690376	8.315475510390247E-5	0.00890970500854074	0.3768314825687914	0.053535067264420255	0.8954757486023416	0.08470779386768729	0.3536598591547219	1.1551147911861586	1.4140405904462283	0.018824593258220664	2.385098316202153	0.023866779648012853	1.8600437254534525	0.053535067264420255	0.053535067264420255	0.053535067264420255	0.3768314825687914	0.053535067264420255	0.053535067264420255	0.3768314825687914	0.053535067264420255	0.053535067264420255	0.3768314825687914	0.053535067264420255	0.053535067264420255	-426.66207467676213	-84.62705492598504
100	-509.2572920588578	-812.2336393336889	-509.2572920588578	-302.9763472748311	10.459666646474684	0.03050873450097767	0.010442792160473502	0.03266761707067206	0.040212807207138865	0.008101042511474255	0.025636578166466653	0.00662133558693187	0.015132690524060799	0.007427325431284534	0.028799953139872575	0.017435268448205726	0.013460705822153196	0.032694844419143484	0.01756134205138303	0.008863919081337407	0.05605932350045803	0.038273247222504345	0.04572312398929401	0.025449238398038143	0.04431117144275873	0.03291794079630404	0.049135891488072944	0.05432545364850881	0.011105858408577904	0.025333157052322502	0.04669263624935814	0.05779915680365931	0.05895157118435723	0.04527325188004348	0.009524829508720453	0.01760750735662729	0.014640173450944594	0.020542520275405818	0.028494322647128256	0.006232702520873379	0.0028452266507765778	0.013194738803690376	2.444882024892932E-4	0.008980282465280709	0.5062398809458121	0.10499637823000574	0.6223687914910008	0.06831795655380618	0.3589130511211815	0.899941264634716	1.2589602449891275	0.025895616401512393	2.1518865338021547	0.02232843460449878	5.428527342015426	0.10499637823000574	0.10499637823000574	0.10499637823000574	0.5062398809458121	0.10499637823000574	0.10499637823000574	0.5062398809458121	0.10499637823000574	0.10499637823000574	0.5062398809458121	0.10499637823000574	0.10499637823000574	-423.3408956087557	-85.91639645010206
101	-509.11727591387296	-809.6535746771344	-509.11727591387296	-300.5362987632614	11.229294835015988	0.03050873450097767	0.010442792160473502	0.03269439109053479	0.040212807207138865	0.008101042511474255	0.05523312736932014	0.00662133558693187	0.015132690524060799	0.007427325431284534	0.028799953139872575	0.017435268448205726	0.013460705822153196	0.032694844419143484	0.0175345680315203	0.003937658577450959	0.05605932350045803	0.04319950772639079	0.025379985478979572	0.025449238398038143	0.04431117144275873	0.03291794079630404	0.049135891488072944	0.004599022142932382	0.011105858408577904	0.025333157052322502	0.04669263624935814	0.05779915680365931	0.07929470969467167	0.04527325188004348	0.013919173648516012	0.013213163216831733	0.014640173450944594	0.020542520275405818	0.028494322647128256	0.006232702520873379	0.0028452266507765778	0.03332462110641332	2.7566256426715673E-5	0.009709511692870883	0.4430186037256576	0.08294168914207893	0.5082989862080071	0.07157292053807783	0.2542800419215186	0.6014859813581809	1.2208297894060733	0.028909777768204345	1.4511601410056065	0.030749278866484746	3.7119814101621023	0.08294168914207893	0.08294168914207893	0.08294168914207893	0.4430186037256576	0.08294168914207893	0.08294168914207893	0.4430186037256576	0.08294168914207893	0.08294168914207893	0.4430186037256576	0.08294168914207893	0.08294168914207893	-424.6018524367935	-84.51542347707947
102	-507.7030187774757	-800.8001278266399	-507.7030187774757	-293.0971090491642	8.793622685291561	0.03050873450097767	0.010442792160473502	0.055593333056254746	0.040212807207138865	0.008101042511474255	0.05523312736932014	0.00662133558693187	0.015132690524060799	0.007427325431284534	0.028799953139872575	0.017435268448205726	0.013460705822153196	0.032694844419143484	0.0175345680315203	0.003937658577450959	0.05605932350045803	0.04319950772639079	0.025379985478979572	0.03439573968820098	0.04431117144275873	0.03291794079630404	0.049135891488072944	0.004599022142932382	0.011105858408577904	0.02099614606716535	0.04669263624935814	0.04953637380722552	0.07847077411644243	0.0050336898148114345	0.0364207403114145	0.013213163216831733	0.014640173450944594	0.020542520275405818	0.027810604353399215	0.006232702520873379	0.0028452266507765778	0.03332462110641332	3.363172347898397E-4	0.0153390424517131	0.35023208180172416	0.12848409053770404	0.8651243699007007	0.1771295605176289	0.25598959268030214	0.9402750466681397	1.5620568652124966	0.030648639251504947	1.7964425326468356	0.01680569445101336	2.514755539131759	0.12848409053770404	0.12848409053770404	0.12848409053770404	0.35023208180172416	0.12848409053770404	0.12848409053770404	0.35023208180172416	0.12848409053770404	0.12848409053770404	0.35023208180172416	0.12848409053770404	0.12848409053770404	-421.15921186827893	-86.54380690919673
103	-507.6145495966488	-802.544467572658	-507.6145495966488	-294.9299179760092	7.7095792467494055	0.03050873450097767	0.010442792160473502	0.055593333056254746	0.02382369136681843	0.008101042511474255	0.05523312736932014	0.00662133558693187	0.015132690524060799	0.007427325431284534	0.016578345107168352	0.019812642744591907	0.011083331525767015	0.032694844419143484	0.0175345680315203	0.003937658577450959	0.06714925515544032	0.04319950772639079	0.025379985478979572	0.016523457447682577	0.0354248941485755	0.03291794079630404	0.049135891488072944	0.004599022142932382	0.011105858408577904	0.010087337047237938	0.04669263624935814	0.04953637380722552	0.09485988995676287	0.0050336898148114345	0.029421483454100103	0.013213163216831733	0.01577184982866653	0.020542520275405818	0.03871941337332663	0.031104241618706174	0.0028452266507765778	0.04221089840059655	8.416284137743785E-5	0.01308764035110871	0.2940394559532263	0.08148954365954555	1.1062508082370115	0.18769812513940945	0.2559880054820353	1.2609543134537988	1.9478752729730553	0.0275558452078854	1.3480160747986045	0.01603138792278898	6.84295191456289	0.08148954365954555	0.08148954365954555	0.08148954365954555	0.2940394559532263	0.08148954365954555	0.08148954365954555	0.2940394559532263	0.08148954365954555	0.08148954365954555	0.2940394559532263	0.08148954365954555	0.08148954365954555	-419.2936372886954	-88.32091230795344
104	-506.6630889155763	-794.2822132195249	-506.6630889155763	-287.6191243039487	8.220002888509617	0.03050873450097767	0.010442792160473502	0.014588890898176554	0.02382369136681843	0.008101042511474255	0.05523312736932014	0.01631988878321386	0.013012265269252643	0.007427325431284534	0.016578345107168352	0.019812642744591907	0.011083331525767015	0.032694844419143484	0.005994332433733582	0.003937658577450959	0.06714925515544032	0.04319950772639079	0.025379985478979572	0.016523457447682577	0.025726340952293508	0.04445817639409076	0.049135891488072944	0.004599022142932382	0.021687173348100205	0.010087337047237938	0.04669263624935814	0.0444081335873434	0.09485988995676287	0.0050336898148114345	0.029421483454100103	0.054217605374909925	0.01577184982866653	0.020542520275405818	0.03971030909540352	0.031104241618706174	0.0028452266507765778	0.037887353213687636	2.90233535062422E-5	0.009955573565931129	0.410630518846114	0.10831047104928417	0.828383173253812	0.1682308786340272	0.3895084982530442	1.0294865636723656	1.9916426956354356	0.05338335884283353	1.5635677502447567	0.012706127279647044	1.7075266702816214	0.10831047104928417	0.10831047104928417	0.10831047104928417	0.410630518846114	0.10831047104928417	0.10831047104928417	0.410630518846114	0.10831047104928417	0.10831047104928417	0.410630518846114	0.10831047104928417	0.10831047104928417	-420.07149599565616	-86.59159291992009
105	-504.71434474205466	-807.4430007167679	-504.71434474205466	-302.7286559747132	8.733607809302525	0.03050873450097767	0.010442792160473502	0.014588890898176554	0.02382369136681843	0.008101042511474255	0.05523312736932014	0.01631988878321386	0.013012265269252643	0.02063894023133271	0.016578345107168352	0.019812642744591907	0.011083331525767015	0.032694844419143484	0.07693133218255553	0.003937658577450959	0.06714925515544032	0.030312145476095828	0.025379985478979572	0.016523457447682577	0.005071370823876403	0.04445817639409076	0.049135891488072944	0.004599022142932382	0.021687173348100205	0.010087337047237938	0.04669263624935814	0.049244610536071196	0.023922890207940917	0.0050336898148114345	0.029421483454100103	0.07773308013629797	0.01577184982866653	0.028593405576972986	0.016194834334015473	0.031104241618706174	0.0028452266507765778	0.045330708542056564	2.577478016550662E-4	0.007933283611369236	0.4082379722519102	0.10007907445510544	1.6622165722918036	0.13363801574575931	0.469027118661306	1.5349949915205026	2.1320275108764624	0.06054306106039461	2.322349977848654	0.020379532414623137	1.6361743409016203	0.10007907445510544	0.10007907445510544	0.10007907445510544	0.4082379722519102	0.10007907445510544	0.10007907445510544	0.4082379722519102	0.10007907445510544	0.10007907445510544	0.4082379722519102	0.10007907445510544	0.10007907445510544	-414.5795294037837	-90.13481533827101
106	-499.59010074270964	-793.4701828884712	-499.59010074270964	-293.88008214576155	8.674830417536157	0.022182494679574213	0.010442792160473502	0.031763738189151625	0.00664884407584336	0.06931872058524968	0.006088477996692612	0.024051162157699618	0.013012265269252643	0.02063894023133271	0.06572299447979588	0.019812642744591907	0.011083331525767015	0.032694844419143484	0.07693133218255553	0.003937658577450959	0.06714925515544032	0.030312145476095828	0.025379985478979572	0.016523457447682577	0.005071370823876403	0.04445817639409076	0.049135891488072944	0.004599022142932382	0.021687173348100205	0.010087337047237938	0.04669263624935814	0.04132519447673587	0.034477728717410394	0.0050336898148114345	0.029421483454100103	0.01651540206252254	0.01577184982866653	0.018038567067503508	0.008463560959529715	0.0390236576780415	0.011171466472180036	0.045330708542056564	1.4299260290836181E-4	0.006955809642252115	0.504529961829094	0.10216373763201853	1.8287397361395765	0.15156631883561358	0.5809151001886035	1.751571528219214	3.20095973941191	0.06313930040008504	2.4379821462390976	0.02282441314240059	2.9436918528829166	0.10216373763201853	0.10216373763201853	0.10216373763201853	0.504529961829094	0.10216373763201853	0.10216373763201853	0.504529961829094	0.10216373763201853	0.10216373763201853	0.504529961829094	0.10216373763201853	0.10216373763201853	-409.14617604585965	-90.44392469684996
107	-499.3350860946047	-800.6813015501854	-499.3350860946047	-301.34621545558065	9.636708714815615	0.022182494679574213	0.010442792160473502	0.031763738189151625	0.00664884407584336	0.06931872058524968	0.006088477996692612	0.024051162157699618	0.013012265269252643	0.02063894023133271	0.06572299447979588	0.019812642744591907	0.011083331525767015	0.032694844419143484	0.049341660720664246	0.003937658577450959	0.06714925515544032	0.030312145476095828	0.0768763525941083	0.016523457447682577	0.005071370823876403	0.021249469605399737	0.049135891488072944	0.004599022142932382	0.0319161412938279	0.010087337047237938	0.04669263624935814	0.04132519447673587	0.034477728717410394	0.0050336898148114345	0.019192515508372407	0.01651540206252254	0.01577184982866653	0.018038567067503508	0.008463560959529715	0.062232364466732526	0.011171466472180036	0.02142401288881912	2.3225049728206807E-4	0.010332633570555002	0.7196448390463793	0.10943171466200496	2.1020809759524632	0.20851205124893799	0.5166833061407468	2.689391175510924	4.146120102624914	0.04227835509695265	3.2466155123224687	0.020688797101740816	3.0366921807917606	0.10943171466200496	0.10943171466200496	0.10943171466200496	0.7196448390463793	0.10943171466200496	0.10943171466200496	0.7196448390463793	0.10943171466200496	0.10943171466200496	0.7196448390463793	0.10943171466200496	0.10943171466200496	-412.41265534128604	-86.92243075331868
108	-496.86468119144365	-803.6165747127626	-496.86468119144365	-306.75189352131895	9.636708714815615	0.011982900914879177	0.027604592995242094	0.031763738189151625	0.00664884407584336	0.0673101948025373	0.006088477996692612	0.024051162157699618	0.02321185903394768	0.02063894023133271	0.043891125608189835	0.019812642744591907	0.01852911244704103	0.032694844419143484	0.049341660720664246	0.003937658577450959	0.06714925515544032	0.013150344641327236	0.0768763525941083	0.016523457447682577	0.005071370823876403	0.021249469605399737	0.049135891488072944	0.004599022142932382	0.0319161412938279	0.010087337047237938	0.04677663993363966	0.04132519447673587	0.034477728717410394	0.0050336898148114345	0.022717037040226415	0.01643139837824102	0.01224732829681252	0.020047092850215886	0.008463560959529715	0.062232364466732526	0.011171466472180036	0.03581010083915115	6.797725002845686E-5	0.008370020117795276	0.9380131352301748	0.0652286434968684	3.13392155445894	0.25328673323122797	0.6676265561233142	3.641574534049269	2.688648069419649	0.030837309724099718	3.086875147281529	0.016030897875678046	2.8252551267659474	0.0652286434968684	0.0652286434968684	0.0652286434968684	0.9380131352301748	0.0652286434968684	0.0652286434968684	0.9380131352301748	0.0652286434968684	0.0652286434968684	0.9380131352301748	0.0652286434968684	0.0652286434968684	-408.6772549880546	-88.18742620338905
109	-495.68455520813825	-808.0182288586894	-495.68455520813825	-312.3336736505512	8.73199025768913	0.018857807415790892	0.03730884198511486	0.031763738189151625	0.00664884407584336	0.0673101948025373	0.006088477996692612	0.00779450737988116	0.02321185903394768	0.02063894023133271	0.050878202381292675	0.019812642744591907	0.01852911244704103	0.032694844419143484	0.04456098065013635	0.003937658577450959	0.06714925515544032	0.013150344641327236	0.0768763525941083	0.016523457447682577	0.005071370823876403	0.014374563104488022	0.049135891488072944	0.004599022142932382	0.0319161412938279	0.026343991825056395	0.03978956316053682	0.04132519447673587	0.034477728717410394	0.0050336898148114345	0.01301278805035365	0.02121207844876892	0.01224732829681252	0.020047092850215886	0.008463560959529715	0.062232364466732526	0.011171466472180036	0.03581010083915115	2.5921446786064233E-4	0.009127778412392653	1.35343133019575	0.09699904986920337	3.575836504243742	0.268135897986143	0.7856670772298336	4.959754634709155	4.143855210895028	0.02757733191228606	2.890834626859792	0.018323827314334493	3.760228179019892	0.09699904986920337	0.09699904986920337	0.09699904986920337	1.35343133019575	0.09699904986920337	0.09699904986920337	1.35343133019575	0.09699904986920337	0.09699904986920337	1.35343133019575	0.09699904986920337	0.09699904986920337	-405.90409074261964	-89.78046446551858
110	-494.7820129302366	-813.3395401084895	-494.7820129302366	-318.5575271782529	8.334319462403274	0.018857807415790892	0.03730884198511486	0.031763738189151625	0.00664884407584336	0.019433981818239854	0.006088477996692612	0.00779450737988116	0.02321185903394768	0.02063894023133271	0.008311745664384945	0.019812642744591907	0.01852911244704103	0.032694844419143484	0.08696958051963109	0.003937658577450959	0.06415376719342877	0.013150344641327236	0.08002969740353283	0.042242464114898404	0.005071370823876403	0.008938298678964104	0.049135891488072944	0.004599022142932382	0.0319161412938279	0.026343991825056395	0.03978956316053682	0.04132519447673587	0.034477728717410394	0.01153847688310515	0.01301278805035365	0.02121207844876892	0.01224732829681252	0.020047092850215886	0.008463560959529715	0.08332104814104435	0.011171466472180036	0.03581010083915115	2.396865598092861E-4	0.010743281412061802	1.553393056572483	0.15002202700283584	3.7029344420563146	0.3129824935541686	0.5665180338884876	4.8869489193140785	5.132893912061344	0.023788802708354363	2.2536184299251985	0.020524638907445047	3.411087307851955	0.15002202700283584	0.15002202700283584	0.15002202700283584	1.553393056572483	0.15002202700283584	0.15002202700283584	1.553393056572483	0.15002202700283584	0.15002202700283584	1.553393056572483	0.15002202700283584	0.15002202700283584	-404.29351555424614	-90.48849737599046
111	-494.60992765415324	-790.8829976467509	-494.60992765415324	-296.27306999259764	8.11780581885156	0.018857807415790892	0.03730884198511486	0.031763738189151625	0.00664884407584336	0.05011362784324047	0.006088477996692612	0.00779450737988116	0.02321185903394768	0.02063894023133271	0.008311745664384945	0.019812642744591907	0.01852911244704103	0.032694844419143484	0.06025666113668614	0.014639680416551032	0.0534517453543287	0.013150344641327236	0.08002969740353283	0.06895538349784336	0.005071370823876403	0.04089106835697308	0.049135891488072944	0.004599022142932382	0.0319161412938279	0.026343991825056395	0.007836793482527846	0.04132519447673587	0.034477728717410394	0.01153847688310515	0.01301278805035365	0.0078016603318696726	0.01224732829681252	0.020047092850215886	0.008463560959529715	0.052641402116043734	0.024581884589079284	0.03581010083915115	1.4461146893191606E-4	0.011448990038294788	1.1483527253397994	0.19749547168214826	2.7434049507067435	0.35909015144746187	0.5634476985747676	2.599745752578094	5.358822189239096	0.016521982619092133	2.5287716016214867	0.020778626901655856	2.4416782235788497	0.19749547168214826	0.19749547168214826	0.19749547168214826	1.1483527253397994	0.19749547168214826	0.19749547168214826	1.1483527253397994	0.19749547168214826	0.19749547168214826	1.1483527253397994	0.19749547168214826	0.19749547168214826	-408.00420946892393	-86.60571818522934
112	-493.55923768591265	-792.2990720039124	-493.55923768591265	-298.7398343179998	15.079450373771975	0.018857807415790892	0.03730884198511486	0.031763738189151625	0.00664884407584336	0.05011362784324047	0.006088477996692612	0.00779450737988116	0.02321185903394768	0.02063894023133271	0.008311745664384945	0.019812642744591907	0.04169789427771631	0.032694844419143484	0.009397845691276094	0.014639680416551032	0.0534517453543287	0.011381440664854456	0.08002969740353283	0.06895538349784336	0.00984435546075843	0.04089106835697308	0.049135891488072944	0.004599022142932382	0.0319161412938279	0.026343991825056395	0.007836793482527846	0.04132519447673587	0.034477728717410394	0.006765492246223123	0.01301278805035365	0.0078016603318696726	0.01224732829681252	0.04313134480148839	0.06109128038141254	0.02955715016477123	0.024581884589079284	0.01264131900847587	1.8254967896836794E-4	0.007667345089010321	1.385382894806093	0.2820841861630105	4.277608907368128	0.41267131037958094	0.6716836659566042	1.436931988042298	5.468858972692653	0.020093488341411166	2.8208410565851993	0.009636229227142733	1.786395154134195	0.2820841861630105	0.2820841861630105	0.2820841861630105	1.385382894806093	0.2820841861630105	0.2820841861630105	1.385382894806093	0.2820841861630105	0.2820841861630105	1.385382894806093	0.2820841861630105	0.2820841861630105	-407.80665723403524	-85.75258045187744
113	-491.8238072468232	-794.5458891426872	-491.8238072468232	-302.722081895864	16.92101262723781	0.018857807415790892	0.03604592365222259	0.031763738189151625	0.00664884407584336	0.05011362784324047	0.006088477996692612	0.00779450737988116	0.02321185903394768	0.02063894023133271	0.005886338588731083	0.019812642744591907	0.04169789427771631	0.032694844419143484	0.010660764024168365	0.014639680416551032	0.05765702833636385	0.011381440664854456	0.08002969740353283	0.06895538349784336	0.012269762536412293	0.04089106835697308	0.049135891488072944	0.004599022142932382	0.0319161412938279	0.026343991825056395	0.007836793482527846	0.04132519447673587	0.034477728717410394	0.002560209264187971	0.01301278805035365	0.0078016603318696726	0.002205891661300363	0.04313134480148839	0.06109128038141254	0.02955715016477123	0.024581884589079284	0.02268275564398803	1.4517293022531133E-4	0.007311849237212006	1.721079024541804	0.2927221206427842	4.2416173208277925	0.3240156490844175	0.44601405569119257	1.513591256740914	5.451026529182736	0.01955686556938027	2.3284903001315143	0.014311115803856137	2.410963851788607	0.2927221206427842	0.2927221206427842	0.2927221206427842	1.721079024541804	0.2927221206427842	0.2927221206427842	1.721079024541804	0.2927221206427842	0.2927221206427842	1.721079024541804	0.2927221206427842	0.2927221206427842	-406.7462054424483	-85.07760180437492
114	-486.6813902262543	-802.2104222701414	-486.6813902262543	-315.52903204388707	8.640291466543529	0.018857807415790892	0.07657878815843355	0.031763738189151625	0.00664884407584336	0.05011362784324047	0.006088477996692612	0.00779450737988116	0.02321185903394768	0.02063894023133271	0.005886338588731083	0.019812642744591907	0.04169789427771631	0.032694844419143484	0.02568016020053597	0.014639680416551032	0.04483136144237895	0.011381440664854456	0.012545472502010102	0.028422518991632395	0.012269762536412293	0.04089106835697308	0.049135891488072944	0.004599022142932382	0.0319161412938279	0.09292046156207442	0.007836793482527846	0.05415086137072077	0.047958555556000815	0.002560209264187971	0.01301278805035365	0.0078016603318696726	0.002205891661300363	0.029019703789625484	0.06109128038141254	0.02955715016477123	0.024581884589079284	0.009201928805397608	1.4591608418629298E-4	0.010620666603453295	1.0954914340465143	0.4063725243393565	2.9945364602552313	0.25223241003057634	0.6528911292864451	1.573009399800879	6.9799162733420586	0.021500025726019823	2.462672590261239	0.012621816850237638	2.691822022031484	0.4063725243393565	0.4063725243393565	0.4063725243393565	1.0954914340465143	0.4063725243393565	0.4063725243393565	1.0954914340465143	0.4063725243393565	0.4063725243393565	1.0954914340465143	0.4063725243393565	0.4063725243393565	-400.71617565428073	-85.96521457197353
115	-486.35316327513425	-809.458369055616	-486.35316327513425	-323.1052057804817	8.88410182754362	0.018857807415790892	0.07657878815843355	0.031763738189151625	0.00664884407584336	0.05011362784324047	0.004610765793820984	0.00779450737988116	0.02321185903394768	0.011502572688989784	0.009705720020588754	0.019812642744591907	0.04169789427771631	0.032694844419143484	0.022632534760731002	0.026823673398698927	0.04483136144237895	0.011381440664854456	0.012545472502010102	0.028422518991632395	0.012269762536412293	0.04089106835697308	0.03660106320634736	0.004599022142932382	0.0319161412938279	0.09292046156207442	0.007836793482527846	0.055628573573592396	0.047958555556000815	0.002560209264187971	0.01301278805035365	0.0078016603318696726	0.002205891661300363	0.04155453207135107	0.05727189894955487	0.02955715016477123	0.024581884589079284	0.009201928805397608	2.633027370657777E-4	0.007422004207831757	1.1223140718544464	0.42650573436294403	2.7620059902626872	0.16686847889452655	0.5812159762870938	1.4636015740835446	6.006088073555398	0.03284893434868688	1.497316565272089	0.017722303651009734	2.361734496908119	0.42650573436294403	0.42650573436294403	0.42650573436294403	1.1223140718544464	0.42650573436294403	0.42650573436294403	1.1223140718544464	0.42650573436294403	0.42650573436294403	1.1223140718544464	0.42650573436294403	0.42650573436294403	-399.68176158030394	-86.67140169483031
116	-485.48475360273085	-790.4014088030581	-485.48475360273085	-304.9166552003272	9.978406047241709	0.020864175181362174	0.1030136474298774	0.031763738189151625	0.00664884407584336	0.0500872759254688	0.004610765793820984	0.00779450737988116	0.02321185903394768	0.015417941572972813	0.009732071938360426	0.019812642744591907	0.04169789427771631	0.032694844419143484	0.022632534760731002	0.0229083045147159	0.04483136144237895	0.011381440664854456	0.012545472502010102	0.028422518991632395	0.012269762536412293	0.04089106835697308	0.03660106320634736	0.004599022142932382	0.0319161412938279	0.06648560229063058	0.007836793482527846	0.055628573573592396	0.047958555556000815	0.002560209264187971	0.01301278805035365	0.0078016603318696726	0.002205891661300363	0.04155453207135107	0.05727189894955487	0.027550782399199947	0.024581884589079284	0.009201928805397608	2.6944335692744443E-4	0.008906804587671102	1.1716403755439273	0.3871561047962882	2.2922750227697617	0.1260745143379878	0.5423616439763151	1.3242407734580446	4.688436346628144	0.031568474203374886	2.4318552492387973	0.026622248112134452	3.1340014550581485	0.3871561047962882	0.3871561047962882	0.3871561047962882	1.1716403755439273	0.3871561047962882	0.3871561047962882	1.1716403755439273	0.3871561047962882	0.3871561047962882	1.1716403755439273	0.3871561047962882	0.3871561047962882	-401.77180645419344	-83.71294714853744
117	-479.83987700016655	-811.7800060236544	-479.83987700016655	-331.9401290234879	8.993199436715427	0.020864175181362174	0.05426600798925563	0.031763738189151625	0.00664884407584336	0.0500872759254688	0.004610765793820984	0.00779450737988116	0.02321185903394768	0.015417941572972813	0.009732071938360426	0.019812642744591907	0.04169789427771631	0.032694844419143484	0.022632534760731002	0.0229083045147159	0.04483136144237895	0.011381440664854456	0.012545472502010102	0.028422518991632395	0.012269762536412293	0.05098053253561351	0.05420698310664561	0.004599022142932382	0.035046653614143816	0.06648560229063058	0.022596916450070212	0.055628573573592396	0.047958555556000815	0.023327749238311032	0.01301278805035365	0.0078016603318696726	0.002205891661300363	0.02394861217105282	0.05727189894955487	0.027550782399199947	0.024581884589079284	0.009201928805397608	2.5355856259656924E-4	0.008223291457364494	1.7040222106683212	0.4544109460926623	3.436078698167925	0.14683006565686227	0.28577979215291727	1.7670258651394466	4.726090256171767	0.03760433667444136	1.6977156804500448	0.04162814213606314	2.9873848328036	0.4544109460926623	0.4544109460926623	0.4544109460926623	1.7040222106683212	0.4544109460926623	0.4544109460926623	1.7040222106683212	0.4544109460926623	0.4544109460926623	1.7040222106683212	0.4544109460926623	0.4544109460926623	-394.21148275898395	-85.62839424118259
118	-479.7389004469344	-786.1524117751147	-479.7389004469344	-306.41351132818033	8.545015550867685	0.020864175181362174	0.0033678221939765773	0.031763738189151625	0.00664884407584336	0.05404559178493751	0.03081755682329486	0.00779450737988116	0.02321185903394768	0.015417941572972813	0.009732071938360426	0.019812642744591907	0.04169789427771631	0.032694844419143484	0.04022987036253277	0.0229083045147159	0.007964701073137154	0.011381440664854456	0.012545472502010102	0.02450664463085872	0.016185636897185968	0.05098053253561351	0.05420698310664561	0.004599022142932382	0.035046653614143816	0.06648560229063058	0.022596916450070212	0.07615425737889601	0.047958555556000815	0.023327749238311032	0.01301278805035365	0.0078016603318696726	0.002205891661300363	0.02394861217105282	0.025850433022748698	0.027550782399199947	0.024581884589079284	0.06010011460067666	2.7524860384407714E-4	0.006542656161079019	1.4760421453168926	0.31232708146217747	3.0887180335034956	0.2071548837448559	0.3345435969015675	1.46249873375969	4.542979608041962	0.04024876416428547	1.8854820684577447	0.04259355495366372	3.9904971174266244	0.31232708146217747	0.31232708146217747	0.31232708146217747	1.4760421453168926	0.31232708146217747	0.31232708146217747	1.4760421453168926	0.31232708146217747	0.31232708146217747	1.4760421453168926	0.31232708146217747	0.31232708146217747	-395.142134480937	-84.59676596599743
119	-479.69033455465365	-789.9259850691292	-479.69033455465365	-310.2356505144755	7.30364521386294	0.020864175181362174	0.0033678221939765773	0.054755107864701114	0.049535100030706644	0.011159335830074224	0.03081755682329486	0.00779450737988116	0.020410928977241893	0.015417941572972813	0.007151143590226144	0.019812642744591907	0.009820398278881814	0.032694844419143484	0.027754874737049504	0.0229083045147159	0.007964701073137154	0.011381440664854456	0.012545472502010102	0.02450664463085872	0.016185636897185968	0.05098053253561351	0.05420698310664561	0.004599022142932382	0.012055283938594327	0.029384832805733646	0.022596916450070212	0.07615425737889601	0.05334041396084088	0.055205245237145525	0.025487783675836914	0.044902429816766606	0.002205891661300363	0.02394861217105282	0.025850433022748698	0.027550782399199947	0.024581884589079284	0.06010011460067666	1.7670124541714266E-4	0.010064191221799473	1.2560928791626986	0.36482710163329746	1.9992848505934386	0.18662726122725484	0.2426962827318187	1.3431396509503915	6.120746290783385	0.05895510796424092	1.6836643966005387	0.035831215815643115	1.9854973727431708	0.36482710163329746	0.36482710163329746	0.36482710163329746	1.2560928791626986	0.36482710163329746	0.36482710163329746	1.2560928791626986	0.36482710163329746	0.36482710163329746	1.2560928791626986	0.36482710163329746	0.36482710163329746	-392.4478105033932	-87.24252405126045
120	-478.30319384639193	-780.439071026111	-478.30319384639193	-302.1358771797191	8.921780835824636	0.020864175181362174	0.0033678221939765773	0.054755107864701114	0.049535100030706644	0.011159335830074224	0.03081755682329486	0.00779450737988116	0.020410928977241893	0.015417941572972813	0.007151143590226144	0.019812642744591907	0.005974919969313763	0.06226579186761781	0.027754874737049504	0.0229083045147159	0.007964701073137154	0.011381440664854456	0.012545472502010102	0.02450664463085872	0.016185636897185968	0.05098053253561351	0.029381734812065616	0.004599022142932382	0.012055283938594327	0.0332303111153017	0.022596916450070212	0.07615425737889601	0.04859471480694655	0.055205245237145525	0.025487783675836914	0.044902429816766606	0.002205891661300363	0.02394861217105282	0.025850433022748698	0.027550782399199947	0.024581884589079284	0.06010011460067666	1.1995631986080394E-4	0.007038499586658524	1.1399468908932866	0.30516070853997485	1.7403747849846118	0.1759223065968032	0.28801456682080806	1.3685506952443514	4.018278469060125	0.06258819633936935	1.4619578337363333	0.04047570406789556	1.3567988833894347	0.30516070853997485	0.30516070853997485	0.30516070853997485	1.1399468908932866	0.30516070853997485	0.30516070853997485	1.1399468908932866	0.30516070853997485	0.30516070853997485	1.1399468908932866	0.30516070853997485	0.30516070853997485	-385.09971913892787	-93.20347470746408
121	-476.93099482382695	-782.2801248347826	-476.93099482382695	-305.34913001095555	9.846164343450347	0.020864175181362174	0.0033678221939765773	0.07170677417741061	0.049535100030706644	0.008537019917860378	0.03081755682329486	0.00779450737988116	0.020410928977241893	0.015417941572972813	0.007151143590226144	0.019812642744591907	0.005974919969313763	0.07818404697927615	0.03322623510726251	0.023037501120305975	0.007964701073137154	0.011381440664854456	0.06477003224613465	0.02450664463085872	0.016185636897185968	0.05098053253561351	0.012430068499356114	0.004599022142932382	0.012055283938594327	0.0332303111153017	0.025219232362284058	0.022960991423309637	0.04859471480694655	0.002980685493020982	0.025487783675836914	0.044902429816766606	0.002205891661300363	0.02394861217105282	0.07904369897833508	0.027550782399199947	0.019110524218866276	0.04405266288342824	2.244610528837858E-4	0.007694673045973616	1.2114119086997792	0.5085191426213989	1.611099902457217	0.28902797739630515	0.2757887721053544	1.108055990459878	3.8066656982799296	0.04979204094071995	1.1591047050056504	0.03821095733700602	2.308982656741852	0.5085191426213989	0.5085191426213989	0.5085191426213989	1.2114119086997792	0.5085191426213989	0.5085191426213989	1.2114119086997792	0.5085191426213989	0.5085191426213989	1.2114119086997792	0.5085191426213989	0.5085191426213989	-389.4302918005354	-87.50070302329156
122	-475.47763780462196	-771.0820138835993	-475.47763780462196	-295.6043760789773	11.042919755895245	0.05227757555756528	0.0033678221939765773	0.10468751946662974	0.07503886539458964	0.008537019917860378	0.03081755682329486	0.00779450737988116	0.020410928977241893	0.009166824057704956	0.007151143590226144	0.019812642744591907	0.005974919969313763	0.07818404697927615	0.03322623510726251	0.023037501120305975	0.007964701073137154	0.011381440664854456	0.06477003224613465	0.02450664463085872	0.016185636897185968	0.05098053253561351	0.012430068499356114	0.03009480579455824	0.012055283938594327	0.010225844961827074	0.025219232362284058	0.017295859498306684	0.015613969517727422	0.002980685493020982	0.031152915600839867	0.044902429816766606	0.002205891661300363	0.02394861217105282	0.05354791532670922	0.02505148318879158	0.025361641734134133	0.012639262507225135	3.413995785301504E-4	0.013258342699259018	1.287499049563071	0.5607150409386055	1.4805806992355028	0.12954610230524716	0.12809532769603735	1.033062418231748	4.713727483915053	0.06338127734212007	1.0386335156960138	0.03634076349757542	4.42249645658454	0.5607150409386055	0.5607150409386055	0.5607150409386055	1.287499049563071	0.5607150409386055	0.5607150409386055	1.287499049563071	0.5607150409386055	0.5607150409386055	1.287499049563071	0.5607150409386055	0.5607150409386055	-387.4916254206073	-87.98601238401467
123	-472.98796802373806	-764.0978752587134	-472.98796802373806	-291.10990723497537	12.448960009340436	0.05227757555756528	0.0033678221939765773	0.10468751946662974	0.07503886539458964	0.008537019917860378	0.03517127817504746	0.00779450737988116	0.020410928977241893	0.009166824057704956	0.007076124004077505	0.019812642744591907	0.005974919969313763	0.04308140964674177	0.06397515108804429	0.023037501120305975	0.007964701073137154	0.011381440664854456	0.06477003224613465	0.02450664463085872	0.016185636897185968	0.05098053253561351	0.012430068499356114	0.010461002619106527	0.012055283938594327	0.010225844961827074	0.025219232362284058	0.026681010463425733	0.006228818552608373	0.002980685493020982	0.031152915600839867	0.06453623299221832	0.040753357124440504	0.02394861217105282	0.015075469449717716	0.02505148318879158	0.025361641734134133	0.012639262507225135	1.7141276729583794E-4	0.00809806755000607	1.1924755392753665	0.5468261600859615	2.866791130580233	0.11307110542508707	0.15226678678359704	1.103386391961338	3.7480157055286067	0.13217980182504507	0.8082543829880696	0.06597401927458448	3.1913400811876373	0.5468261600859615	0.5468261600859615	0.5468261600859615	1.1924755392753665	0.5468261600859615	0.5468261600859615	1.1924755392753665	0.5468261600859615	0.5468261600859615	1.1924755392753665	0.5468261600859615	0.5468261600859615	-385.90864785708686	-87.07932016665117
124	-472.55822639517135	-789.4366842529157	-472.55822639517135	-316.87845785774437	12.431599388543018	0.05227757555756528	0.0033678221939765773	0.10468751946662974	0.09521518514769138	0.008537019917860378	0.055704975193363995	0.00779450737988116	0.020410928977241893	0.009166824057704956	0.007076124004077505	0.019812642744591907	0.005974919969313763	0.02254771262842524	0.06397515108804429	0.023037501120305975	0.007964701073137154	0.011381440664854456	0.06477003224613465	0.02450664463085872	0.016185636897185968	0.05098053253561351	0.012430068499356114	0.010461002619106527	0.012055283938594327	0.010225844961827074	0.025219232362284058	0.026681010463425733	0.006228818552608373	0.002980685493020982	0.031152915600839867	0.044359913239116575	0.040753357124440504	0.02394861217105282	0.015075469449717716	0.02505148318879158	0.025361641734134133	0.012639262507225135	8.014891026348494E-5	0.009569690390469199	1.6039342257717302	0.5224444134226387	5.39092839973863	0.16302690868357975	0.20515765854949602	1.371510350478768	3.927603143640298	0.1165236140265201	0.6144394694759694	0.09130810636731178	1.74832460831439	0.5224444134226387	0.5224444134226387	0.5224444134226387	1.6039342257717302	0.5224444134226387	0.5224444134226387	1.6039342257717302	0.5224444134226387	0.5224444134226387	1.6039342257717302	0.5224444134226387	0.5224444134226387	-382.525514154175	-90.03271224099633
125	-472.1524293084387	-783.9722153295436	-472.1524293084387	-311.81978602110485	12.431599388543018	0.05227757555756528	0.0033678221939765773	0.10468751946662974	0.09521518514769138	0.008537019917860378	0.055704975193363995	0.00779450737988116	0.020410928977241893	0.009166824057704956	0.007076124004077505	0.019812642744591907	0.005974919969313763	0.02254771262842524	0.03028342755077161	0.023037501120305975	0.02555943997018159	0.011381440664854456	0.06477003224613465	0.02450664463085872	0.016185636897185968	0.08467225607288618	0.0338572709157071	0.010461002619106527	0.012055283938594327	0.010225844961827074	0.025219232362284058	0.026681010463425733	0.006228818552608373	0.002980685493020982	0.031152915600839867	0.009682732036430872	0.0017314158110450784	0.02394861217105282	0.015075469449717716	0.02505148318879158	0.060038822936819836	0.012639262507225135	5.831503907136693E-5	0.008882717404403342	1.2714637160379376	0.4259568563725378	3.703762508359667	0.17718641551541717	0.16456997197882475	0.963298793029295	3.7012708664215856	0.04291571738700716	0.5060560039778697	0.165962553177257	2.79876535796878	0.4259568563725378	0.4259568563725378	0.4259568563725378	1.2714637160379376	0.4259568563725378	0.4259568563725378	1.2714637160379376	0.4259568563725378	0.4259568563725378	1.2714637160379376	0.4259568563725378	0.4259568563725378	-385.67086869713427	-86.4815606113044
126	-471.59573742632256	-783.0179853489518	-471.59573742632256	-311.42224792262925	9.950473765054328	0.05227757555756528	0.0033678221939765773	0.10468751946662974	0.09521518514769138	0.008537019917860378	0.055704975193363995	0.00779450737988116	0.020410928977241893	0.009166824057704956	0.007076124004077505	0.019812642744591907	0.005974919969313763	0.02254771262842524	0.016224058527734106	0.023037501120305975	0.007468814342653313	0.011381440664854456	0.0461947396095953	0.02450664463085872	0.03476092953372531	0.08467225607288618	0.0338572709157071	0.06332177504974311	0.012055283938594327	0.010225844961827074	0.025219232362284058	0.026681010463425733	0.006228818552608373	0.035130680143586765	0.031152915600839867	0.009682732036430872	0.0017314158110450784	0.02394861217105282	0.015075469449717716	0.010311691876786822	0.02191784181818801	0.012639262507225135	3.668624398026065E-4	0.0074966422442282014	1.1845851436454509	0.406262385891274	3.1158879700565003	0.30912456801120203	0.1628309779756439	1.3712708627722374	3.078142427087364	0.022391261323002346	0.29685562736396826	0.18449780936218949	2.521342458309346	0.406262385891274	0.406262385891274	0.406262385891274	1.1845851436454509	0.406262385891274	0.406262385891274	1.1845851436454509	0.406262385891274	0.406262385891274	1.1845851436454509	0.406262385891274	0.406262385891274	-382.29162303866735	-89.30411438765519
127	-470.2289211616679	-765.3902823999048	-470.2289211616679	-295.16136123823685	9.733903255631434	0.05227757555756528	0.0033678221939765773	0.10912667597632658	0.09521518514769138	0.008537019917860378	0.012412036962516651	0.00779450737988116	0.020410928977241893	0.009166824057704956	0.007076124004077505	0.019812642744591907	0.005974919969313763	0.03926154732809416	0.016224058527734106	0.023037501120305975	0.007468814342653313	0.011381440664854456	0.0461947396095953	0.02450664463085872	0.03476092953372531	0.06351926486352043	0.0338572709157071	0.06332177504974311	0.012055283938594327	0.010225844961827074	0.025219232362284058	0.026681010463425733	0.006228818552608373	0.035130680143586765	0.031152915600839867	0.009682732036430872	0.0017314158110450784	0.02394861217105282	0.05836840768056506	0.010311691876786822	0.02191784181818801	0.012639262507225135	1.0999764145125847E-4	0.00729446394962217	1.33348557512484	0.4301509939362515	3.0009984328679993	0.24184642075977403	0.15108791670654143	0.6130693556982673	2.967135120562793	0.017759886030296507	0.2625214202445516	0.3102287086877872	3.1073389550632924	0.4301509939362515	0.4301509939362515	0.4301509939362515	1.33348557512484	0.4301509939362515	0.4301509939362515	1.33348557512484	0.4301509939362515	0.4301509939362515	1.33348557512484	0.4301509939362515	0.4301509939362515	-387.2932932870292	-82.93562787463873
128	-467.13899301455666	-762.8644001576079	-467.13899301455666	-295.7254071430512	7.99942778352955	0.05227757555756528	0.0033678221939765773	0.08198668243902268	0.09521518514769138	0.008537019917860378	0.012412036962516651	0.00779450737988116	0.020410928977241893	0.009166824057704956	0.007076124004077505	0.019812642744591907	0.005974919969313763	0.03926154732809416	0.016224058527734106	0.023037501120305975	0.007468814342653313	0.011381440664854456	0.03684735515409765	0.02450664463085872	0.03476092953372531	0.06351926486352043	0.0338572709157071	0.06332177504974311	0.012055283938594327	0.010225844961827074	0.025219232362284058	0.026681010463425733	0.006228818552608373	0.04447806459908442	0.031152915600839867	0.009682732036430872	0.02824442955480222	0.02394861217105282	0.03185539393680792	0.010311691876786822	0.04905783535549191	0.012639262507225135	2.5005970040839075E-4	0.006604997648670247	1.0747068677659013	0.2853830395705376	2.893643441470579	0.20368172319187605	0.16145840721069668	0.3654347897016202	2.4451261372976787	0.016148538606870416	0.4111912697559956	0.38570343972130977	3.3020313670716326	0.2853830395705376	0.2853830395705376	0.2853830395705376	1.0747068677659013	0.2853830395705376	0.2853830395705376	1.0747068677659013	0.2853830395705376	0.2853830395705376	1.0747068677659013	0.2853830395705376	0.2853830395705376	-385.2220582574525	-81.91693475710416
129	-465.8867422759764	-760.1840671748384	-465.8867422759764	-294.29732489886203	7.67380125426002	0.032335895591892636	0.0033678221939765773	0.08198668243902268	0.04538599975222361	0.008537019917860378	0.012412036962516651	0.00779450737988116	0.01239758870317248	0.020102746267881097	0.007076124004077505	0.019802152959426195	0.005974919969313763	0.03926154732809416	0.016224058527734106	0.008777170442348575	0.009957066370402251	0.008893188637105517	0.03684735515409765	0.02450664463085872	0.03476092953372531	0.05258334265334429	0.015775455812211722	0.11315096044521088	0.012055283938594327	0.03991559956052024	0.025219232362284058	0.026681010463425733	0.006228818552608373	0.0625598797025798	0.031152915600839867	0.009682732036430872	0.02824442955480222	0.02394861217105282	0.024449800075307282	0.030253371842459464	0.04905783535549191	0.012639262507225135	2.0708380900126016E-4	0.009015947325208494	1.11372291661382	0.3026937754735192	2.5714246825943885	0.14009870564004392	0.11279800234357712	0.3009935728371425	2.0620554866347987	0.01942640712918051	0.43038684851993847	0.48092969337703917	3.2398384230459554	0.3026937754735192	0.3026937754735192	0.3026937754735192	1.11372291661382	0.3026937754735192	0.3026937754735192	1.11372291661382	0.3026937754735192	0.3026937754735192	1.11372291661382	0.3026937754735192	0.3026937754735192	-378.90107593034986	-86.98566634562658
130	-465.5493197571708	-770.1524938740481	-465.5493197571708	-304.60317411687737	7.579249133069987	0.032335895591892636	0.0033678221939765773	0.07970268437050537	0.04538599975222361	0.008537019917860378	0.012412036962516651	0.00779450737988116	0.01239758870317248	0.020102746267881097	0.007076124004077505	0.019802152959426195	0.005974919969313763	0.03926154732809416	0.016224058527734106	0.008777170442348575	0.009957066370402251	0.008893188637105517	0.03684735515409765	0.02450664463085872	0.03476092953372531	0.05258334265334429	0.015775455812211722	0.11315096044521088	0.01433928200711164	0.03991559956052024	0.025219232362284058	0.026681010463425733	0.006228818552608373	0.0625598797025798	0.031152915600839867	0.009682732036430872	0.02824442955480222	0.02394861217105282	0.024449800075307282	0.030253371842459464	0.04905783535549191	0.012639262507225135	4.887811198589358E-5	0.006243025949402631	0.9627803073410163	0.3082801719029424	3.080537744315866	0.1435378580387075	0.1440681746816888	0.28776218136846404	1.9958169161895891	0.013013687733268655	0.4606513755993844	0.4308371247627587	1.4243070545558463	0.3082801719029424	0.3082801719029424	0.3082801719029424	0.9627803073410163	0.3082801719029424	0.3082801719029424	0.9627803073410163	0.3082801719029424	0.3082801719029424	0.9627803073410163	0.3082801719029424	0.3082801719029424	-378.6555740408896	-86.89374571628119
131	-461.66040192608926	-758.241617204163	-461.66040192608926	-296.5812152780737	9.65078769112665	0.032335895591892636	0.032379771409375535	0.04002860915555567	0.04538599975222361	0.008537019917860378	0.012412036962516651	0.00779450737988116	0.01239758870317248	0.020102746267881097	0.007076124004077505	0.0016791097072156036	0.005974919969313763	0.03926154732809416	0.016224058527734106	0.008777170442348575	0.009957066370402251	0.008893188637105517	0.007835405938698692	0.02450664463085872	0.03476092953372531	0.05258334265334429	0.015775455812211722	0.11315096044521088	0.05463459719106388	0.03991559956052024	0.025219232362284058	0.026681010463425733	0.006228818552608373	0.0625598797025798	0.031152915600839867	0.009682732036430872	0.02824442955480222	0.02394861217105282	0.02382856010630474	0.030253371842459464	0.0671808786077025	0.012639262507225135	8.643827947360222E-5	0.008039920445560579	1.1104931868598356	0.23705020000588264	2.855085821960517	0.12648604935807115	0.14773449836732758	0.4444732407594909	2.426289206458839	0.011933184183491367	0.3542431652900911	0.5279144014162312	1.4520730420360999	0.23705020000588264	0.23705020000588264	0.23705020000588264	1.1104931868598356	0.23705020000588264	0.23705020000588264	1.1104931868598356	0.23705020000588264	0.23705020000588264	1.1104931868598356	0.23705020000588264	0.23705020000588264	-379.2817209739486	-82.37868095214064
132	-461.33978437277307	-764.8176761262994	-461.33978437277307	-303.4778917535263	8.879204415254275	0.032335895591892636	0.032379771409375535	0.04002860915555567	0.04538599975222361	0.008537019917860378	0.0025630837524979883	0.00779450737988116	0.027224172364217536	0.02912335927553754	0.007076124004077505	0.0016791097072156036	0.005974919969313763	0.03926154732809416	0.03499093120363515	0.05879345280784151	0.019806019580420914	0.008893188637105517	0.007835405938698692	0.02450664463085872	0.03476092953372531	0.05258334265334429	0.015775455812211722	0.11315096044521088	0.05463459719106388	0.012128113876962748	0.025219232362284058	0.026681010463425733	0.006228818552608373	0.0625598797025798	0.031152915600839867	0.009682732036430872	0.02824442955480222	0.02394861217105282	0.009001976445259685	0.030253371842459464	0.017164596242209562	0.012639262507225135	3.206304285554414E-4	0.0080620358837784	0.9000076585273642	0.3799122450338497	2.80223071320362	0.12954509793581226	0.1666269242838523	0.6029219650900567	2.6974699431180884	0.007746945138370744	0.3473957822137728	0.4934244817473396	1.746721870281511	0.3799122450338497	0.3799122450338497	0.3799122450338497	0.9000076585273642	0.3799122450338497	0.3799122450338497	0.9000076585273642	0.3799122450338497	0.3799122450338497	0.9000076585273642	0.3799122450338497	0.3799122450338497	-375.3733246157651	-85.96645975700795
133	-460.9986004124875	-769.2796483537913	-460.9986004124875	-308.28104794130377	13.115183825537517	0.032335895591892636	0.07620541163538663	0.04002860915555567	0.04538599975222361	0.008537019917860378	0.0025630837524979883	0.00779450737988116	0.04022683481724049	0.02912335927553754	0.007076124004077505	0.0016791097072156036	0.005974919969313763	0.04001552747160152	0.03499093120363515	0.05879345280784151	0.019806019580420914	0.008893188637105517	0.007835405938698692	0.02450664463085872	0.033588747578002426	0.05258334265334429	0.015775455812211722	0.11315096044521088	0.010808956965052782	0.012128113876962748	0.012216569909261107	0.026681010463425733	0.006228818552608373	0.0625598797025798	0.031152915600839867	0.009682732036430872	0.02824442955480222	0.02394861217105282	0.009001976445259685	0.02600977909951363	0.02182639079737092	0.012639262507225135	1.1694519634525764E-4	0.00793636143263717	0.9712199455839189	0.19707808157800727	2.845462633278279	0.15243688493460117	0.2802250552131835	0.47000852477787314	1.9895879515990431	0.009334552439446213	0.2432381079411041	0.36920815895973025	3.60437099041402	0.19707808157800727	0.19707808157800727	0.19707808157800727	0.9712199455839189	0.19707808157800727	0.19707808157800727	0.9712199455839189	0.19707808157800727	0.19707808157800727	0.9712199455839189	0.19707808157800727	0.19707808157800727	-376.24309422312797	-84.75550618935956
134	-459.54104139794913	-763.5929776513317	-459.54104139794913	-304.0519362533825	12.887303539455305	0.032335895591892636	0.05263765890647443	0.03924324670867424	0.030180461360504382	0.02374255830957961	0.0025630837524979883	0.00779450737988116	0.04022683481724049	0.02912335927553754	0.007861486450958938	0.0016791097072156036	0.005974919969313763	0.04001552747160152	0.03499093120363515	0.015608927759500596	0.019806019580420914	0.008893188637105517	0.007835405938698692	0.04254287050010397	0.07677327262634334	0.03454711678409904	0.015775455812211722	0.11315096044521088	0.010808956965052782	0.012128113876962748	0.012216569909261107	0.026681010463425733	0.006228818552608373	0.0625598797025798	0.031152915600839867	0.009682732036430872	0.0511646024662441	0.02394861217105282	0.009649556262730008	0.02600977909951363	0.02182639079737092	0.012639262507225135	8.76108662251902E-5	0.007975680666525695	0.9984262889020894	0.2537445121764095	2.0697451752411324	0.0890187955436096	0.4466929048106568	0.5432085177888722	1.8942286430324786	0.00788284526694308	0.2059604232444397	0.3652705997021985	2.812374622823958	0.2537445121764095	0.2537445121764095	0.2537445121764095	0.9984262889020894	0.2537445121764095	0.2537445121764095	0.9984262889020894	0.2537445121764095	0.2537445121764095	0.9984262889020894	0.2537445121764095	0.2537445121764095	-375.0421538576775	-84.49888754027164
135	-457.2652549930199	-771.280209027175	-457.2652549930199	-314.0149540341552	12.715588717209734	0.032335895591892636	0.05263765890647443	0.03924324670867424	0.030180461360504382	0.028070284929230915	0.0025630837524979883	0.00779450737988116	0.10969709829225965	0.030679626214815556	0.007861486450958938	0.0016791097072156036	0.005974919969313763	0.04001552747160152	0.03499093120363515	0.015608927759500596	0.019806019580420914	0.008893188637105517	0.007835405938698692	0.04098660356082595	0.007303009151324175	0.03454711678409904	0.07505132409532643	0.05387509216209617	0.010808956965052782	0.012128113876962748	0.012216569909261107	0.026681010463425733	0.006228818552608373	0.02398450466771483	0.031152915600839867	0.04393038045164453	0.0511646024662441	0.018928669314827395	0.009649556262730008	0.031029721955739054	0.02182639079737092	0.012639262507225135	1.819785512055241E-4	0.006510341117380944	1.272567119251203	0.16316179160466232	2.652940892815106	0.08548751459031753	0.3926314394333521	0.6984554224406488	1.8267796583915807	0.006676964485175842	0.39012800894958993	0.3416449932134034	3.0851960459196013	0.16316179160466232	0.16316179160466232	0.16316179160466232	1.272567119251203	0.16316179160466232	0.16316179160466232	1.272567119251203	0.16316179160466232	0.16316179160466232	1.272567119251203	0.16316179160466232	0.16316179160466232	-369.75796888352113	-87.50728610949872
136	-456.5397547107418	-763.6761791520344	-456.5397547107418	-307.13642444129255	11.663627455668879	0.032335895591892636	0.07820742486526311	0.04314531482683587	0.030180461360504382	0.028070284929230915	0.0025630837524979883	0.00779450737988116	0.10969709829225965	0.026777558096653928	0.007861486450958938	0.0016791097072156036	0.005974919969313763	0.04001552747160152	0.03499093120363515	0.015608927759500596	0.019806019580420914	0.008893188637105517	0.007835405938698692	0.04098660356082595	0.05026846220795397	0.03454711678409904	0.07505132409532643	0.05387509216209617	0.010808956965052782	0.012128113876962748	0.012216569909261107	0.026681010463425733	0.006228818552608373	0.02398450466771483	0.005583149642051186	0.04393038045164453	0.008199149409614304	0.018928669314827395	0.009649556262730008	0.031029721955739054	0.02182639079737092	0.012639262507225135	1.9333451274074112E-4	0.006281732530308082	1.295659157145382	0.16780457691732198	2.235940788213911	0.09911105229654975	0.39322149935131295	0.6065047084845195	2.9561269701090804	0.009719872979611749	0.2987026626923423	0.47645536169592345	2.4716830853616383	0.16780457691732198	0.16780457691732198	0.16780457691732198	1.295659157145382	0.16780457691732198	0.16780457691732198	1.295659157145382	0.16780457691732198	0.16780457691732198	1.295659157145382	0.16780457691732198	0.16780457691732198	-371.848685042312	-84.69106966842979
137	-452.5974645031502	-766.2242720806482	-452.5974645031502	-313.6268075774981	14.366126346952685	0.032335895591892636	0.07398689024134364	0.04314531482683587	0.030180461360504382	0.028070284929230915	0.0025630837524979883	0.021792190110328152	0.03513099292564209	0.04438771539184293	0.007861486450958938	0.0016791097072156036	0.005974919969313763	0.04001552747160152	0.03499093120363515	0.015608927759500596	0.01519563776118002	0.008893188637105517	0.007835405938698692	0.04520713818474542	0.05026846220795397	0.03454711678409904	0.007162532785204165	0.03987740943164918	0.010808956965052782	0.012128113876962748	0.012216569909261107	0.026681010463425733	0.006228818552608373	0.02398450466771483	0.005583149642051186	0.04393038045164453	0.008199149409614304	0.023997866272086	0.06453857209690417	0.10052663036509801	0.02182639079737092	0.012639262507225135	3.591019704846966E-5	0.006469017209322151	1.3023850366925351	0.19447822391056496	2.0664680857509556	0.08461252966475044	0.26417251253616775	0.7902028109590306	2.3527613987286218	0.004636908808516789	0.3436967397657646	0.5707021114702224	3.3964985157561673	0.19447822391056496	0.19447822391056496	0.19447822391056496	1.3023850366925351	0.19447822391056496	0.19447822391056496	1.3023850366925351	0.19447822391056496	0.19447822391056496	1.3023850366925351	0.19447822391056496	0.19447822391056496	-365.89507359169914	-86.70239091145106
138	-452.42409462600983	-770.1671683424056	-452.42409462600983	-317.7430737163957	15.111496390071585	0.032335895591892636	0.059219467532803605	0.053263894775013976	0.030180461360504382	0.028070284929230915	0.0025630837524979883	0.021792190110328152	0.049898415634182125	0.013858171197612776	0.007861486450958938	0.0016791097072156036	0.005974919969313763	0.04166995523223925	0.03499093120363515	0.015608927759500596	0.013541210000542286	0.008893188637105517	0.007835405938698692	0.04520713818474542	0.05026846220795397	0.03454711678409904	0.007162532785204165	0.03987740943164918	0.010808956965052782	0.1151795972313405	0.012216569909261107	0.04709197470947778	0.06159100733960243	0.02398450466771483	0.005583149642051186	0.04393038045164453	0.008199149409614304	0.023997866272086	0.009176383309910108	0.004187405579854087	0.02182639079737092	0.005927003938091313	1.9377295721206676E-4	0.006537033199636788	0.7492291557554583	0.20791699491217666	3.585769135131697	0.05327673664190588	0.1952313072631368	0.4975892011469037	2.0901495355120643	0.0073615500240521116	0.45414644258789355	0.44761992554993324	3.3167654123773564	0.20791699491217666	0.20791699491217666	0.20791699491217666	0.7492291557554583	0.20791699491217666	0.20791699491217666	0.7492291557554583	0.20791699491217666	0.20791699491217666	0.7492291557554583	0.20791699491217666	0.20791699491217666	-365.0465660527959	-87.37752857321392
139	-451.64114168652526	-781.8808142562458	-451.64114168652526	-330.23967256972054	13.452237151121352	0.032335895591892636	0.059219467532803605	0.053263894775013976	0.030180461360504382	0.028070284929230915	0.0025630837524979883	0.021792190110328152	0.049898415634182125	0.013858171197612776	0.007861486450958938	0.0016791097072156036	0.005974919969313763	0.04166995523223925	0.03499093120363515	0.015608927759500596	0.013541210000542286	0.008893188637105517	0.007835405938698692	0.04520713818474542	0.05026846220795397	0.03454711678409904	0.007162532785204165	0.03987740943164918	0.010808956965052782	0.10885594489366576	0.012216569909261107	0.04643556531287939	0.06159100733960243	0.030308157005389566	0.005583149642051186	0.04393038045164453	0.008199149409614304	0.023997866272086	0.009176383309910108	0.004187405579854087	0.02248280019396931	0.005927003938091313	2.3392866340709169E-4	0.0070262460157328776	0.9395100722521719	0.32597772499781336	5.203166794855583	0.04190924709733278	0.12186403764911828	0.4944276924728823	2.449072110071714	0.014819953646327655	0.3424831085270823	0.4484377651164754	5.239710390100352	0.32597772499781336	0.32597772499781336	0.32597772499781336	0.9395100722521719	0.32597772499781336	0.32597772499781336	0.9395100722521719	0.32597772499781336	0.32597772499781336	0.9395100722521719	0.32597772499781336	0.32597772499781336	-366.91758869361723	-84.72355299290803
140	-451.01095207282106	-770.0259001033802	-451.01095207282106	-319.01494803055914	13.590472511457442	0.032335895591892636	0.059219467532803605	0.053263894775013976	0.030180461360504382	0.028070284929230915	0.0025630837524979883	0.10885032897572619	0.049898415634182125	0.013858171197612776	0.007861486450958938	0.0016791097072156036	0.005974919969313763	0.04166995523223925	0.03499093120363515	0.015608927759500596	0.013541210000542286	0.008893188637105517	0.006130230947681392	0.04520713818474542	0.05026846220795397	0.03454711678409904	0.007162532785204165	0.03987740943164918	0.010808956965052782	0.021797806028267724	0.012216569909261107	0.04643556531287939	0.06159100733960243	0.030308157005389566	0.005583149642051186	0.04393038045164453	0.009904324400631603	0.023997866272086	0.009176383309910108	0.004187405579854087	0.02248280019396931	0.005927003938091313	3.320013134457952E-4	0.006156002224687783	1.0401692436552992	0.25696189274988246	4.370983222786593	0.06857901697115622	0.16222502444602746	0.7552520169403605	1.9202870412200421	0.015593039009086682	0.47324441360496666	0.36599933278026203	3.661183313527066	0.25696189274988246	0.25696189274988246	0.25696189274988246	1.0401692436552992	0.25696189274988246	0.25696189274988246	1.0401692436552992	0.25696189274988246	0.25696189274988246	1.0401692436552992	0.25696189274988246	0.25696189274988246	-366.6804514981624	-84.33050057465861
141	-450.645464678754	-761.3640157288353	-450.645464678754	-310.7185510500812	12.706685367010657	0.032335895591892636	0.05454503766585683	0.053263894775013976	0.030180461360504382	0.028070284929230915	0.0025630837524979883	0.04324224897894399	0.020639560481159946	0.013858171197612776	0.007861486450958938	0.0016791097072156036	0.005974919969313763	0.04166995523223925	0.03499093120363515	0.020283357626447368	0.013541210000542286	0.008893188637105517	0.006130230947681392	0.04520713818474542	0.05026846220795397	0.03454711678409904	0.007162532785204165	0.03987740943164918	0.010808956965052782	0.021797806028267724	0.012216569909261107	0.03652779544290151	0.14901441548963956	0.030308157005389566	0.005583149642051186	0.05137390745141179	0.009904324400631603	0.023997866272086	0.019084153179887986	0.004187405579854087	0.02248280019396931	0.005927003938091313	7.257084177334246E-5	0.0094167839502355	1.0280512912905826	0.3064206257248721	2.037003178019659	0.044301469961988076	0.2752120124307124	0.6942728481382179	2.0799494251432176	0.010997868797216414	0.5102814785845287	0.2906390360986116	3.213240144631036	0.3064206257248721	0.3064206257248721	0.3064206257248721	1.0280512912905826	0.3064206257248721	0.3064206257248721	1.0280512912905826	0.3064206257248721	0.3064206257248721	1.0280512912905826	0.3064206257248721	0.3064206257248721	-366.4225970282115	-84.22286765054253
142	-448.9461343038955	-772.1547449743919	-448.9461343038955	-323.2086106704963	12.706685367010657	0.032335895591892636	0.05454503766585683	0.053263894775013976	0.030180461360504382	0.028070284929230915	0.0025630837524979883	0.04324224897894399	0.020639560481159946	0.013858171197612776	0.021647793203908056	0.0016791097072156036	0.005974919969313763	0.04166995523223925	0.03499093120363515	0.020283357626447368	0.013541210000542286	0.008893188637105517	0.006130230947681392	0.05328498848538765	0.05377246638697328	0.031043112605079734	0.007162532785204165	0.031799559131006946	0.010808956965052782	0.021797806028267724	0.012216569909261107	0.03652779544290151	0.14901441548963956	0.030308157005389566	0.005583149642051186	0.037587600698462675	0.009904324400631603	0.023997866272086	0.019084153179887986	0.004187405579854087	0.02248280019396931	0.005927003938091313	5.728253316462613E-4	0.007906791462209944	0.8628557267691973	0.4970913251260358	1.6913052450258843	0.05889202616266385	0.2913267646171869	0.6129588275972341	1.6133626207888998	0.015024517740990761	0.8429186049888634	0.1845259723034339	1.5465759697955503	0.4970913251260358	0.4970913251260358	0.4970913251260358	0.8628557267691973	0.4970913251260358	0.4970913251260358	0.8628557267691973	0.4970913251260358	0.4970913251260358	0.8628557267691973	0.4970913251260358	0.4970913251260358	-365.76009790308274	-83.18603640081278
143	-448.5093701046486	-765.8470064075517	-448.5093701046486	-317.3376363029031	12.612854775095464	0.032335895591892636	0.0633798968721454	0.053263894775013976	0.030180461360504382	0.057978315039945216	0.0025630837524979883	0.04324224897894399	0.020639560481159946	0.024491724976954385	0.021647793203908056	0.0016791097072156036	0.005974919969313763	0.03565817931648428	0.002259817802387251	0.009649803847105759	0.013541210000542286	0.008893188637105517	0.006130230947681392	0.05328498848538765	0.05377246638697328	0.031043112605079734	0.007162532785204165	0.031799559131006946	0.010808956965052782	0.021797806028267724	0.012216569909261107	0.03652779544290151	0.14901441548963956	0.030308157005389566	0.005583149642051186	0.037587600698462675	0.009904324400631603	0.023997866272086	0.019084153179887986	0.004187405579854087	0.02248280019396931	0.005927003938091313	2.002175910373737E-4	0.009006530548878471	0.7608773090391184	0.43471396381265387	1.100522509914726	0.054997825717097444	0.3512089096194618	0.6256607083921341	1.7444027628903616	0.014609462386319586	0.6804901780565384	0.23325708512221885	3.6203690484637177	0.43471396381265387	0.43471396381265387	0.43471396381265387	0.7608773090391184	0.43471396381265387	0.43471396381265387	0.7608773090391184	0.43471396381265387	0.43471396381265387	0.7608773090391184	0.43471396381265387	0.43471396381265387	-364.8582845906586	-83.65108551399001
144	-448.2957060346339	-759.8682392319565	-448.2957060346339	-311.5725331973226	13.069746049247824	0.043608030821924534	0.0633798968721454	0.027120826236764983	0.030180461360504382	0.057978315039945216	0.0025630837524979883	0.028383391898866378	0.020639560481159946	0.013219589746922486	0.021647793203908056	0.0016791097072156036	0.005974919969313763	0.03565817931648428	0.006763305653180604	0.053090340794369334	0.013541210000542286	0.008893188637105517	0.006130230947681392	0.05328498848538765	0.034606267413014286	0.017435552946775	0.002659044934410812	0.031799559131006946	0.010808956965052782	0.021797806028267724	0.012216569909261107	0.03652779544290151	0.16818061446359855	0.030308157005389566	0.016752097971418953	0.037587600698462675	0.009904324400631603	0.023997866272086	0.019084153179887986	0.004187405579854087	0.02248280019396931	0.005927003938091313	1.775511779173596E-4	0.008414679177916362	0.7699283295082597	0.8696437485151727	1.2415965820036703	0.09462748489362037	0.5613311199333073	0.7676322060644204	1.1569425031074687	0.019549100429300033	0.7631535704272407	0.31812161197749245	4.072749755835119	0.8696437485151727	0.8696437485151727	0.8696437485151727	0.7699283295082597	0.8696437485151727	0.8696437485151727	0.7699283295082597	0.8696437485151727	0.8696437485151727	0.7699283295082597	0.8696437485151727	0.8696437485151727	-363.6490220152899	-84.64668401934397
145	-447.75999896159556	-763.6027409301075	-447.75999896159556	-315.842741968512	13.28329931132263	0.043608030821924534	0.0633798968721454	0.027120826236764983	0.0350365661586393	0.0238166777641724	0.00313636811978886	0.028383391898866378	0.020639560481159946	0.013219589746922486	0.021647793203908056	0.0016791097072156036	0.005974919969313763	0.03565817931648428	0.006763305653180604	0.053090340794369334	0.013541210000542286	0.008893188637105517	0.006130230947681392	0.05328498848538765	0.034606267413014286	0.017435552946775	0.015200599039760773	0.031799559131006946	0.0449705942408256	0.021224521660976853	0.012216569909261107	0.03652779544290151	0.16818061446359855	0.017766602900039605	0.016752097971418953	0.04179873162282666	0.009904324400631603	0.023997866272086	0.010016917457389085	0.004187405579854087	0.02248280019396931	0.005927003938091313	1.175998568441342E-4	0.009994902558886212	0.7097224419516893	1.104162986048391	0.7193776552941437	0.1255872207987142	0.7333299742487502	0.9196062833636465	1.0795297087935267	0.012053928370247394	1.0559463163583105	0.37469053776111155	3.2691488169810277	1.104162986048391	1.104162986048391	1.104162986048391	0.7097224419516893	1.104162986048391	1.104162986048391	0.7097224419516893	1.104162986048391	1.104162986048391	0.7097224419516893	1.104162986048391	1.104162986048391	-360.9238796942137	-86.83611926738186
146	-446.79008445238674	-756.2837712786112	-446.79008445238674	-309.49368682622446	11.40972298448915	0.031174432844547115	0.0633798968721454	0.027120826236764983	0.0350365661586393	0.0238166777641724	0.00313636811978886	0.028383391898866378	0.033073158458537366	0.016321490288868187	0.021647793203908056	0.0016791097072156036	0.005974919969313763	0.03565817931648428	0.08888063980505799	0.053090340794369334	0.06144141044390203	0.008893188637105517	0.034187939903077336	0.00538478804202791	0.006548558457618342	0.014333652404829297	0.015200599039760773	0.031799559131006946	0.0449705942408256	0.021224521660976853	0.012216569909261107	0.03652779544290151	0.08606328031172117	0.017766602900039605	0.016752097971418953	0.04179873162282666	0.009904324400631603	0.023997866272086	0.010016917457389085	0.004187405579854087	0.02248280019396931	0.005927003938091313	2.0949709411043286E-4	0.008763429624630822	0.5202457880514471	0.9998108276459118	0.8122082129600723	0.11483820359885316	0.4974340974906118	0.9094147446969562	1.2599215619693918	0.010122492180493834	0.9552657529653288	0.19438881518012247	3.2929297390001557	0.9998108276459118	0.9998108276459118	0.9998108276459118	0.5202457880514471	0.9998108276459118	0.9998108276459118	0.5202457880514471	0.9998108276459118	0.9998108276459118	0.5202457880514471	0.9998108276459118	0.9998108276459118	-362.15853897642944	-84.63154547595727
147	-445.92521450624827	-757.5152146490877	-445.92521450624827	-311.59000014283953	10.576247622222555	0.031174432844547115	0.009161865530969204	0.027120826236764983	0.0350365661586393	0.08134495049050905	0.00313636811978886	0.028383391898866378	0.033073158458537366	0.016321490288868187	0.021647793203908056	0.0016791097072156036	0.030592018792387266	0.022400417308692452	0.08888063980505799	0.028473241971295832	0.06144141044390203	0.008893188637105517	0.034187939903077336	0.00538478804202791	0.006548558457618342	0.09476675485552986	0.015200599039760773	0.03997242957736889	0.0449705942408256	0.021224521660976853	0.012216569909261107	0.028354924996539563	0.005630177861020602	0.017766602900039605	0.016752097971418953	0.038488490237666206	0.009904324400631603	0.023997866272086	0.023274679465180914	0.004187405579854087	0.02248280019396931	0.005927003938091313	2.3000118762360946E-4	0.008026756659532648	0.617278928817374	1.9279735954577368	0.4158079254999543	0.17213405172941323	0.5492847514737307	0.6807652295471612	0.5218390913594954	0.008499811607195006	0.9382713140668972	0.13865463352611085	2.762014649559965	1.9279735954577368	1.9279735954577368	1.9279735954577368	0.617278928817374	1.9279735954577368	1.9279735954577368	0.617278928817374	1.9279735954577368	1.9279735954577368	0.617278928817374	1.9279735954577368	1.9279735954577368	-361.38618066300234	-84.53903384324593
148	-445.36085525906054	-762.3298007691703	-445.36085525906054	-316.9689455101098	10.549721806023427	0.031174432844547115	0.009161865530969204	0.027120826236764983	0.06722571008393523	0.08134495049050905	0.00313636811978886	0.028383391898866378	0.033073158458537366	0.016321490288868187	0.021647793203908056	0.0016791097072156036	0.02150801640365274	0.022400417308692452	0.03300328841443288	0.028473241971295832	0.012558708456354067	0.008893188637105517	0.034187939903077336	0.00538478804202791	0.006548558457618342	0.03344322998834813	0.04915864559291193	0.03997242957736889	0.05986056258997195	0.021224521660976853	0.012216569909261107	0.028354924996539563	0.012470829300120667	0.007819062541143715	0.016752097971418953	0.038488490237666206	0.07122784926781334	0.01683491610405985	0.04142692238504431	0.029111898687126825	0.02248280019396931	0.005927003938091313	1.2953689738807184E-4	0.0068848548414494485	0.8093328397271857	1.8283173445163372	0.3912011910578937	0.175957324372884	0.5069716149782956	0.6601574663522628	0.4521730620087901	0.010346159902846354	1.1904973606394955	0.2288164157608285	3.7569178836171786	1.8283173445163372	1.8283173445163372	1.8283173445163372	0.8093328397271857	1.8283173445163372	1.8283173445163372	0.8093328397271857	1.8283173445163372	1.8283173445163372	0.8093328397271857	1.8283173445163372	1.8283173445163372	-361.7517924531968	-83.60906280586374
149	-443.5375937816266	-757.1073846877757	-443.5375937816266	-313.5697909061491	10.815404187142253	0.004022177715097039	0.009161865530969204	0.01150327559073977	0.06722571008393523	0.08134495049050905	0.02978255731804609	0.028383391898866378	0.022996200812015866	0.016321490288868187	0.021647793203908056	0.0016791097072156036	0.026048773985457796	0.03247737495521395	0.05095709383949597	0.03542463906551971	0.012558708456354067	0.008893188637105517	0.034187939903077336	0.00538478804202791	0.006548558457618342	0.03344322998834813	0.04220724849868805	0.03997242957736889	0.05986056258997195	0.016683764079171798	0.012216569909261107	0.010907185502669323	0.012470829300120667	0.007819062541143715	0.016752097971418953	0.038488490237666206	0.07122784926781334	0.01683491610405985	0.04142692238504431	0.04472944933315204	0.02248280019396931	0.005927003938091313	2.2617029676520666E-4	0.009193340177088876	0.8285881722157954	1.56930467160017	0.38110893165600357	0.16869499890238185	0.5392523389954593	0.612949913363897	0.5780504218853253	0.009172022430934568	1.3412898197567964	0.23406364506785893	5.436525413174488	1.56930467160017	1.56930467160017	1.56930467160017	0.8285881722157954	1.56930467160017	1.56930467160017	0.8285881722157954	1.56930467160017	1.56930467160017	0.8285881722157954	1.56930467160017	1.56930467160017	-360.71652112104147	-82.8210726605851
150	-442.92859443988397	-769.1286420800775	-442.92859443988397	-326.2000476401935	10.985680503043872	0.004022177715097039	0.009161865530969204	0.01150327559073977	0.06722571008393523	0.08134495049050905	0.0053377771345859	0.03222520665478454	0.022996200812015866	0.016321490288868187	0.021647793203908056	0.0016791097072156036	0.026048773985457796	0.03247737495521395	0.05095709383949597	0.03542463906551971	0.012558708456354067	0.008893188637105517	0.034187939903077336	0.00538478804202791	0.008888638458982218	0.03344322998834813	0.04220724849868805	0.06441720976082908	0.05986056258997195	0.016683764079171798	0.012216569909261107	0.007065370746751162	0.012470829300120667	0.007819062541143715	0.016752097971418953	0.038488490237666206	0.07122784926781334	0.01683491610405985	0.04142692238504431	0.04238936933178816	0.02248280019396931	0.005927003938091313	2.271908583655338E-4	0.008317629797857938	0.6220213713605484	2.0242019902870125	0.28389884173937013	0.19009944567232223	0.3899942613513861	1.054834414196441	0.8755884934102153	0.013181426487039613	1.5484151627080758	0.32118602296911336	1.9618365855327407	2.0242019902870125	2.0242019902870125	2.0242019902870125	0.6220213713605484	2.0242019902870125	2.0242019902870125	0.6220213713605484	2.0242019902870125	2.0242019902870125	0.6220213713605484	2.0242019902870125	2.0242019902870125	-356.6251133089838	-86.30348113090015
151	-442.82898665551687	-776.2498844248794	-442.82898665551687	-333.42089776936257	11.12228154315933	0.004022177715097039	0.009161865530969204	0.01150327559073977	0.06722571008393523	0.08134495049050905	0.0053377771345859	0.03222520665478454	0.022996200812015866	0.05199898583678485	0.021647793203908056	0.0016791097072156036	0.026048773985457796	0.0330417593830412	0.01471521386375206	0.03542463906551971	0.012558708456354067	0.008893188637105517	0.034187939903077336	0.00538478804202791	0.008888638458982218	0.026808289651985437	0.04220724849868805	0.06441720976082908	0.05986056258997195	0.016683764079171798	0.012216569909261107	0.007065370746751162	0.01910576963648336	0.007819062541143715	0.016752097971418953	0.038488490237666206	0.07122784926781334	0.01683491610405985	0.04142692238504431	0.04238936933178816	0.02248280019396931	0.005927003938091313	3.4433964416580586E-4	0.009093199684495271	0.8796632446333281	2.299829082787235	0.42383408654253324	0.111172300406538	0.41832382432570236	1.5110347436255342	0.8027786291527158	0.013454064342733394	2.0426927539667927	0.25841419751142636	3.3783747158081177	2.299829082787235	2.299829082787235	2.299829082787235	0.8796632446333281	2.299829082787235	2.299829082787235	0.8796632446333281	2.299829082787235	2.299829082787235	0.8796632446333281	2.299829082787235	2.299829082787235	-359.3165722794723	-83.51241437604456
152	-442.05673621973665	-763.6437077663154	-442.05673621973665	-321.5869715465787	12.290056734448436	0.004022177715097039	0.009161865530969204	0.01150327559073977	0.06722571008393523	0.08134495049050905	0.0053377771345859	0.03222520665478454	0.022996200812015866	0.05199898583678485	0.021647793203908056	0.0016791097072156036	0.026048773985457796	0.0330417593830412	0.01471521386375206	0.03542463906551971	0.012558708456354067	0.008893188637105517	0.034187939903077336	0.00538478804202791	0.008888638458982218	0.026808289651985437	0.04220724849868805	0.00985864034126803	0.05986056258997195	0.016683764079171798	0.012216569909261107	0.007065370746751162	0.01910576963648336	0.007819062541143715	0.016752097971418953	0.09304705965722726	0.07122784926781334	0.01683491610405985	0.04142692238504431	0.04238936933178816	0.02248280019396931	0.005927003938091313	4.82783172995184E-4	0.00720845208975691	0.7791332015409312	1.6144915118521848	0.4163374159435996	0.09789979168729775	1.030267147295051	1.5360423093811133	0.7367043489145361	0.015575691969438206	2.7989991403776107	0.25151692252225466	3.3935887324686917	1.6144915118521848	1.6144915118521848	1.6144915118521848	0.7791332015409312	1.6144915118521848	1.6144915118521848	0.7791332015409312	1.6144915118521848	1.6144915118521848	0.7791332015409312	1.6144915118521848	1.6144915118521848	-357.0968687829194	-84.95986743681729
153	-441.6505652287578	-768.693780695053	-441.6505652287578	-327.0432154662952	12.678588469362177	0.004022177715097039	0.009161865530969204	0.01150327559073977	0.06722571008393523	0.08134495049050905	0.0053377771345859	0.03222520665478454	0.022996200812015866	0.05199898583678485	0.030019203428344493	0.0016791097072156036	0.026048773985457796	0.0330417593830412	0.01471521386375206	0.02705322884108327	0.009737387101132228	0.008893188637105517	0.019479484957202642	0.00538478804202791	0.008888638458982218	0.026808289651985437	0.04220724849868805	0.00985864034126803	0.05986056258997195	0.016683764079171798	0.012216569909261107	0.007065370746751162	0.01910576963648336	0.007819062541143715	0.019573419326640792	0.10775551460310195	0.07122784926781334	0.01683491610405985	0.04142692238504431	0.04238936933178816	0.02248280019396931	0.005927003938091313	2.4101208274114993E-4	0.008214149874517738	0.6226286830272235	2.1213917187452265	0.584442161593143	0.14197041263501528	0.7270016634944256	1.1964528308409152	0.9757585743385465	0.017391472570340523	1.978672714358911	0.3923742276347054	3.580798739799699	2.1213917187452265	2.1213917187452265	2.1213917187452265	0.6226286830272235	2.1213917187452265	2.1213917187452265	0.6226286830272235	2.1213917187452265	2.1213917187452265	0.6226286830272235	2.1213917187452265	2.1213917187452265	-357.1387153790139	-84.51184984974391
154	-441.02983596040355	-766.5969110100912	-441.02983596040355	-325.5670750496876	11.365029774803059	0.004022177715097039	0.009161865530969204	0.01150327559073977	0.06722571008393523	0.013771183724619385	0.0053377771345859	0.03222520665478454	0.022996200812015866	0.05199898583678485	0.030019203428344493	0.0016791097072156036	0.026048773985457796	0.0330417593830412	0.01471521386375206	0.02705322884108327	0.009737387101132228	0.008893188637105517	0.019479484957202642	0.00538478804202791	0.014734590557486243	0.026808289651985437	0.04220724849868805	0.07158645500865367	0.05986056258997195	0.016683764079171798	0.012216569909261107	0.007065370746751162	0.01910576963648336	0.007819062541143715	0.019573419326640792	0.10775551460310195	0.018430776402546534	0.01683491610405985	0.09422399525031111	0.04238936933178816	0.02248280019396931	0.005927003938091313	3.334810075991578E-4	0.007380009860163231	0.8556556357114499	1.8854236315588437	0.7069600246269594	0.12489444316823776	0.46753807309282064	1.1899072861774525	1.4758832962267454	0.01836638478724861	1.8537654120191627	0.6215238873864747	1.8920869708476664	1.8854236315588437	1.8854236315588437	1.8854236315588437	0.8556556357114499	1.8854236315588437	1.8854236315588437	0.8556556357114499	1.8854236315588437	1.8854236315588437	0.8556556357114499	1.8854236315588437	1.8854236315588437	-356.5412588762349	-84.48857708416865
155	-440.375686268064	-763.0019553609282	-440.375686268064	-322.62626909286416	10.44029761585621	0.071849857665486	0.009161865530969204	0.01150327559073977	0.051150919819360416	0.013771183724619385	0.005809511797624081	0.053099528961793124	0.022996200812015866	0.05199898583678485	0.030019203428344493	0.0016791097072156036	0.00517445167844921	0.011775813901477292	0.01471521386375206	0.02705322884108327	0.02534044270266886	0.016962688582316962	0.019479484957202642	0.00538478804202791	0.014734590557486243	0.018738789706773992	0.0376161833671743	0.07158645500865367	0.05986056258997195	0.016683764079171798	0.016807635040774857	0.007065370746751162	0.01910576963648336	0.007819062541143715	0.0408393648082047	0.03992783465271299	0.018430776402546534	0.01683491610405985	0.09422399525031111	0.04238936933178816	0.02248280019396931	0.005927003938091313	4.931289449367472E-4	0.0075054041491774606	0.5416662478361122	2.017258652363413	0.7078632589348653	0.08749793264391781	0.5808198492257028	1.013916818554283	1.252699518463888	0.02233959871852432	0.9458154413804176	1.2942954763050143	3.6679123939340403	2.017258652363413	2.017258652363413	2.017258652363413	0.5416662478361122	2.017258652363413	2.017258652363413	0.5416662478361122	2.017258652363413	2.017258652363413	0.5416662478361122	2.017258652363413	2.017258652363413	-355.18132405351145	-85.19436221455256
156	-440.3010900263917	-753.9674667242166	-440.3010900263917	-313.6663766978249	10.754891056134317	0.002583414179489804	0.03479136921536696	0.01150327559073977	0.051150919819360416	0.013771183724619385	0.005809511797624081	0.0712566025151525	0.032489794427397245	0.05199898583678485	0.030019203428344493	0.05278847963985242	0.00517445167844921	0.011775813901477292	0.01471521386375206	0.02705322884108327	0.02534044270266886	0.016962688582316962	0.019479484957202642	0.00538478804202791	0.014734590557486243	0.019553078301595236	0.03519980021478751	0.07158645500865367	0.029980933579807897	0.016683764079171798	0.015993346445953613	0.007065370746751162	0.009626075110984122	0.017298757066642953	0.04325574796059149	0.03992783465271299	0.018430776402546534	0.046714545114223904	0.06859449156591335	0.03289577571640678	0.02248280019396931	0.005927003938091313	2.058800198083081E-4	0.008380098579963437	0.8370118153884235	1.4453425913818794	0.7775927437429062	0.09023027823070721	0.42666699789651436	0.7980102196317375	2.2448736295947116	0.01818405368560787	1.158610265231767	0.5772388040218874	8.100437779699893	1.4453425913818794	1.4453425913818794	1.4453425913818794	0.8370118153884235	1.4453425913818794	1.4453425913818794	0.8370118153884235	1.4453425913818794	1.4453425913818794	0.8370118153884235	1.4453425913818794	1.4453425913818794	-357.30261652339175	-82.99847350299997
157	-439.3696555030681	-756.5194499483923	-439.3696555030681	-317.1497944453243	10.65677633563829	0.002583414179489804	0.03479136921536696	0.01150327559073977	0.05026414711841613	0.013771183724619385	0.005809511797624081	0.0712566025151525	0.032489794427397245	0.041974487305930994	0.030019203428344493	0.06281297817070627	0.008299475136173573	0.03698589421086172	0.0071124195879794655	0.015744636095350456	0.02534044270266886	0.016962688582316962	0.019479484957202642	0.00538478804202791	0.014734590557486243	0.019553078301595236	0.016161490537737508	0.09062476468570367	0.029980933579807897	0.016683764079171798	0.015993346445953613	0.007065370746751162	0.009626075110984122	0.018185529767587236	0.04325574796059149	0.01868271916617603	0.018430776402546534	0.021504464804839474	0.06859449156591335	0.062324460490952194	0.030085594469741905	0.005927003938091313	2.749320206784125E-4	0.0054644768313717625	0.780409671568599	1.6989863571535524	0.8787351901141327	0.07298318430262819	0.5434590749186623	0.6895660517324873	1.6294645312104088	0.023893647706061432	1.3393964997857788	0.5090170983246864	6.1790627101692595	1.6989863571535524	1.6989863571535524	1.6989863571535524	0.780409671568599	1.6989863571535524	1.6989863571535524	0.780409671568599	1.6989863571535524	1.6989863571535524	0.780409671568599	1.6989863571535524	1.6989863571535524	-356.83787514448323	-82.53178035858483
158	-439.1717599342837	-767.5808476887355	-439.1717599342837	-328.40908775445183	9.918963542836863	0.002583414179489804	0.03479136921536696	0.01150327559073977	0.05026414711841613	0.013771183724619385	0.005809511797624081	0.0712566025151525	0.032489794427397245	0.041974487305930994	0.030019203428344493	0.06281297817070627	0.008299475136173573	0.03698589421086172	0.0071124195879794655	0.007633130002359517	0.02534044270266886	0.016962688582316962	0.019479484957202642	0.00538478804202791	0.014734590557486243	0.019553078301595236	0.016161490537737508	0.09062476468570367	0.038092439672798836	0.016683764079171798	0.015993346445953613	0.007065370746751162	0.009626075110984122	0.018185529767587236	0.03676796484680055	0.025170502279966978	0.018430776402546534	0.021504464804839474	0.06859449156591335	0.062324460490952194	0.030085594469741905	0.005927003938091313	7.255861000214663E-5	0.007224266244854044	0.7973772218588238	1.7550507944176441	0.844528209189404	0.05085044387910261	0.9903791674862692	1.178261475498506	2.27898013992771	0.031292829084280785	2.182540731250184	0.47730374750357374	3.134067942751897	1.7550507944176441	1.7550507944176441	1.7550507944176441	0.7973772218588238	1.7550507944176441	1.7550507944176441	0.7973772218588238	1.7550507944176441	1.7550507944176441	0.7973772218588238	1.7550507944176441	1.7550507944176441	-356.3038586803385	-82.8679012539452
159	-439.04074428671476	-768.0496023778367	-439.04074428671476	-329.00885809112185	10.777038369768967	0.002583414179489804	0.020860231109591898	0.01150327559073977	0.044231423680330104	0.04468300963542837	0.005809511797624081	0.020760891468766557	0.02491678263402225	0.06514177456788427	0.030019203428344493	0.06281297817070627	0.008299475136173573	0.0200052064058278	0.0071124195879794655	0.007633130002359517	0.02534044270266886	0.016962688582316962	0.019479484957202642	0.012957799835402906	0.014734590557486243	0.019553078301595236	0.016161490537737508	0.09062476468570367	0.047654296865720966	0.011705662112627774	0.015993346445953613	0.007065370746751162	0.050478635740279665	0.018185529767587236	0.06409638863123322	0.025170502279966978	0.018430776402546534	0.026482566771383498	0.06859449156591335	0.011910042668734522	0.030085594469741905	0.011959727376177343	1.382074498749609E-4	0.005893303701627964	1.1176326500715992	1.6739516256452438	0.939851888271376	0.05018906689919382	0.8657584589967234	0.9940038539135279	2.2927607178317593	0.02961568351943031	1.3279233536949877	0.5568444407796618	3.527697245480328	1.6739516256452438	1.6739516256452438	1.6739516256452438	1.1176326500715992	1.6739516256452438	1.6739516256452438	1.1176326500715992	1.6739516256452438	1.6739516256452438	1.1176326500715992	1.6739516256452438	1.6739516256452438	-356.5464328776403	-82.49431140907446
160	-437.89247230546556	-776.8701465866639	-437.89247230546556	-338.97767428119823	11.823049599347879	0.002583414179489804	0.020860231109591898	0.01150327559073977	0.09999507882653673	0.04468300963542837	0.005809511797624081	0.020760891468766557	0.02491678263402225	0.06514177456788427	0.030019203428344493	0.008889854094210142	0.008299475136173573	0.0200052064058278	0.0071124195879794655	0.007633130002359517	0.00991641946479535	0.016962688582316962	0.017638953887492148	0.012957799835402906	0.042463176004292585	0.019553078301595236	0.016161490537737508	0.09062476468570367	0.04886219318312167	0.011705662112627774	0.015993346445953613	0.02248939398462467	0.042776040910820434	0.018185529767587236	0.04407039801388611	0.025170502279966978	0.018430776402546534	0.026482566771383498	0.06859449156591335	0.011910042668734522	0.030085594469741905	0.01075183105877664	3.696151945198956E-4	0.007707940049605154	1.0127040166096855	1.9223290402100277	1.2210698577171732	0.04492654349398252	1.1762138640437791	0.9445356425078787	2.3585589889860428	0.022936108569693144	1.2212396135775594	0.7091940759782445	1.6254558998131488	1.9223290402100277	1.9223290402100277	1.9223290402100277	1.0127040166096855	1.9223290402100277	1.9223290402100277	1.0127040166096855	1.9223290402100277	1.9223290402100277	1.0127040166096855	1.9223290402100277	1.9223290402100277	-350.5029600981038	-87.38951220736176
161	-437.58239783086805	-761.571693933692	-437.58239783086805	-323.98929610282397	10.96232539465327	0.002583414179489804	0.020860231109591898	0.01150327559073977	0.09999507882653673	0.04468300963542837	0.005809511797624081	0.020760891468766557	0.02491678263402225	0.06514177456788427	0.030019203428344493	0.008889854094210142	0.008299475136173573	0.056223584646920885	0.0071124195879794655	0.007633130002359517	0.00991641946479535	0.016962688582316962	0.017638953887492148	0.012957799835402906	0.042463176004292585	0.019553078301595236	0.016161490537737508	0.09062476468570367	0.01547058059604188	0.011705662112627774	0.015993346445953613	0.02248939398462467	0.042776040910820434	0.018185529767587236	0.04407039801388611	0.025170502279966978	0.018430776402546534	0.026482566771383498	0.06859449156591335	0.011910042668734522	0.02725882881572861	0.01075183105877664	2.4164353615863956E-4	0.006465246358808948	1.2291996397583602	1.019036293678174	2.3251664744696363	0.04774166828430299	1.0767898328924772	0.8718641214522392	3.053982465054976	0.0230088810627695	1.3344951169987675	0.9392261967324868	5.945771393939424	1.019036293678174	1.019036293678174	1.019036293678174	1.2291996397583602	1.019036293678174	1.019036293678174	1.2291996397583602	1.019036293678174	1.019036293678174	1.2291996397583602	1.019036293678174	1.019036293678174	-354.0570431727438	-83.52535465812424
162	-436.8330513108785	-762.7613392733203	-436.8330513108785	-325.9282879624419	11.281197628143078	0.002583414179489804	0.020860231109591898	0.01150327559073977	0.09999507882653673	0.04468300963542837	0.005809511797624081	0.020760891468766557	0.02491678263402225	0.009864238230688258	0.030019203428344493	0.06416739043140615	0.008299475136173573	0.056223584646920885	0.0071124195879794655	0.007633130002359517	0.00991641946479535	0.016962688582316962	0.017638953887492148	0.012957799835402906	0.042463176004292585	0.019553078301595236	0.016161490537737508	0.09062476468570367	0.01547058059604188	0.022871878302312493	0.015993346445953613	0.02248939398462467	0.042776040910820434	0.018185529767587236	0.04407039801388611	0.025170502279966978	0.018430776402546534	0.015316350581698779	0.06859449156591335	0.011910042668734522	0.02725882881572861	0.01075183105877664	2.5309916632619697E-4	0.007574061439058542	0.6257268213985486	0.7776237816445425	1.3719687938677683	0.026369733022632968	1.213156949105803	1.206935140400669	3.9220587193379797	0.02485213575503377	1.7420685649910017	0.6741600823940924	5.401086627725919	0.7776237816445425	0.7776237816445425	0.7776237816445425	0.6257268213985486	0.7776237816445425	0.7776237816445425	0.6257268213985486	0.7776237816445425	0.7776237816445425	0.6257268213985486	0.7776237816445425	0.7776237816445425	-353.6786047711831	-83.15444653969541
163	-435.82518826227437	-759.4198984196435	-435.82518826227437	-323.59471015736904	9.225463743944246	0.01358605373189857	0.020860231109591898	0.01150327559073977	0.09999507882653673	0.033680370083019606	0.005809511797624081	0.020760891468766557	0.02491678263402225	0.009864238230688258	0.03219743666271688	0.06416739043140615	0.008299475136173573	0.056223584646920885	0.0071124195879794655	0.007633130002359517	0.00991641946479535	0.016962688582316962	0.017638953887492148	0.012957799835402906	0.042463176004292585	0.019553078301595236	0.016161490537737508	0.09062476468570367	0.01547058059604188	0.022871878302312493	0.015993346445953613	0.02248939398462467	0.042776040910820434	0.018185529767587236	0.04407039801388611	0.025170502279966978	0.018430776402546534	0.015316350581698779	0.06641625833154097	0.011910042668734522	0.02725882881572861	0.01075183105877664	1.2502281554519808E-4	0.007950452437811867	0.6420889584038029	0.6105850839742882	1.5704009340917078	0.03399859177973472	1.1815443302627067	1.404659667413104	3.564147654530799	0.021422944544672317	1.6169289869485834	0.7297740196523071	4.352392538483519	0.6105850839742882	0.6105850839742882	0.6105850839742882	0.6420889584038029	0.6105850839742882	0.6105850839742882	0.6420889584038029	0.6105850839742882	0.6105850839742882	0.6420889584038029	0.6105850839742882	0.6105850839742882	-352.23216529827533	-83.59302296399902
164	-435.70999719875925	-763.6696883116626	-435.70999719875925	-327.9596911129034	10.972073213672992	0.01358605373189857	0.015011476111525646	0.01150327559073977	0.09999507882653673	0.009021417304067691	0.005809511797624081	0.020760891468766557	0.02491678263402225	0.009864238230688258	0.03219743666271688	0.0700161454294724	0.008299475136173573	0.056223584646920885	0.0071124195879794655	0.016609959682382852	0.00991641946479535	0.016962688582316962	0.017638953887492148	0.022521333463130233	0.042463176004292585	0.010576248621571901	0.016161490537737508	0.09062476468570367	0.01547058059604188	0.022871878302312493	0.015993346445953613	0.02248939398462467	0.05787146006204502	0.018185529767587236	0.04407039801388611	0.025170502279966978	0.018430776402546534	0.015316350581698779	0.06641625833154097	0.011910042668734522	0.02725882881572861	0.01075183105877664	5.220862651488671E-4	0.00806499674955517	0.5211969640940416	0.7993158498594563	1.389080320496928	0.04360178849610811	0.9349097706293819	1.1712359720287864	3.1037330365487366	0.019565347750217503	1.8625218572246083	1.0995717561913592	4.397161867462936	0.7993158498594563	0.7993158498594563	0.7993158498594563	0.5211969640940416	0.7993158498594563	0.7993158498594563	0.5211969640940416	0.7993158498594563	0.7993158498594563	0.5211969640940416	0.7993158498594563	0.7993158498594563	-351.5313305735035	-84.17866662525574
165	-434.7572820661138	-760.0600472203022	-434.7572820661138	-325.30276515418836	9.881704524875854	0.01358605373189857	0.02463930490462729	0.01150327559073977	0.09999507882653673	0.009021417304067691	0.005809511797624081	0.020760891468766557	0.02491678263402225	0.009864238230688258	0.03219743666271688	0.0700161454294724	0.013051358701503424	0.056223584646920885	0.0071124195879794655	0.016609959682382852	0.0051645358994655	0.016962688582316962	0.017638953887492148	0.03342179760788888	0.011037277024502495	0.010576248621571901	0.016161490537737508	0.09062476468570367	0.01547058059604188	0.022871878302312493	0.015993346445953613	0.02248939398462467	0.05787146006204502	0.018185529767587236	0.04407039801388611	0.025170502279966978	0.018430776402546534	0.026213956623628576	0.06641625833154097	0.011910042668734522	0.02725882881572861	0.01075183105877664	2.2132422660699804E-4	0.009003305275635342	0.5446140412536464	1.1688508376453561	1.1500538686102175	0.04956336660774707	1.3145422586996478	1.1435799049909667	3.060008913677812	0.025197373007191413	1.8532150157721	0.7476952745465788	2.938172730019307	1.1688508376453561	1.1688508376453561	1.1688508376453561	0.5446140412536464	1.1688508376453561	1.1688508376453561	0.5446140412536464	1.1688508376453561	1.1688508376453561	0.5446140412536464	1.1688508376453561	1.1688508376453561	-351.0026457790474	-83.75463628706646
166	-434.62625685849787	-767.7292012907103	-434.62625685849787	-333.1029444322125	11.497735201991032	0.030431598030069992	0.0257808966254639	0.01150327559073977	0.0760378205322904	0.041502232053097554	0.005809511797624081	0.044670354776782356	0.02491678263402225	0.009864238230688258	0.03219743666271688	0.0700161454294724	0.013051358701503424	0.056223584646920885	0.0071124195879794655	0.016609959682382852	0.0051645358994655	0.016962688582316962	0.017638953887492148	0.03342179760788888	0.011037277024502495	0.010576248621571901	0.016161490537737508	0.09062476468570367	0.01547058059604188	0.022871878302312493	0.015993346445953613	0.02248939398462467	0.03396199675402922	0.018185529767587236	0.010447991544019639	0.025170502279966978	0.018430776402546534	0.026213956623628576	0.06641625833154097	0.01902175666480943	0.02725882881572861	0.01075183105877664	6.346815488728697E-4	0.006295071730825187	0.6741468869971242	0.9736052157810917	0.7580045748620137	0.035943116254458715	1.1697908811392488	1.3766355323204758	2.3488838899361664	0.026761402140589943	1.658576523491812	0.533152889210228	3.5691697456547113	0.9736052157810917	0.9736052157810917	0.9736052157810917	0.6741468869971242	0.9736052157810917	0.9736052157810917	0.6741468869971242	0.9736052157810917	0.9736052157810917	0.6741468869971242	0.9736052157810917	0.9736052157810917	-350.9237345802519	-83.70252227824594
167	-434.55609290093525	-768.8569510032669	-434.55609290093525	-334.3008581023316	11.34064195658997	0.030431598030069992	0.0257808966254639	0.01150327559073977	0.0760378205322904	0.04544720463841745	0.005809511797624081	0.0253728361465054	0.02491678263402225	0.009864238230688258	0.03052483372140266	0.0700161454294724	0.013051358701503424	0.056223584646920885	0.0071124195879794655	0.016609959682382852	0.0051645358994655	0.026508949211134655	0.017638953887492148	0.03342179760788888	0.006024717890049408	0.010576248621571901	0.016161490537737508	0.10992228331598063	0.01547058059604188	0.022871878302312493	0.015993346445953613	0.02248939398462467	0.03396199675402922	0.018185529767587236	0.006503018958699744	0.026843105221281194	0.00888451577372884	0.031226515758081663	0.06641625833154097	0.01902175666480943	0.02725882881572861	0.01075183105877664	6.928952584181362E-5	0.007433670321456407	0.5120267664103633	0.8610136248830739	0.9098917742557755	0.051773725413037555	0.8437738317178588	0.6161991234277181	1.8502535713528736	0.0433964109424326	1.579195151954185	0.5424095687776951	4.812237058938932	0.8610136248830739	0.8610136248830739	0.8610136248830739	0.5120267664103633	0.8610136248830739	0.8610136248830739	0.5120267664103633	0.8610136248830739	0.8610136248830739	0.5120267664103633	0.8610136248830739	0.8610136248830739	-351.4680364282126	-83.08805647272267
168	-434.3070890133483	-750.7076810034571	-434.3070890133483	-316.4005919901088	9.884977147493839	0.030431598030069992	0.0257808966254639	0.01150327559073977	0.0760378205322904	0.04544720463841745	0.005809511797624081	0.0253728361465054	0.02491678263402225	0.05860508066555924	0.03052483372140266	0.017942487980223992	0.03203705769840548	0.056223584646920885	0.0071124195879794655	0.06868361713163126	0.0051645358994655	0.026508949211134655	0.017638953887492148	0.014436098610986825	0.006024717890049408	0.010576248621571901	0.0300697984769228	0.05195864364003354	0.01547058059604188	0.007085179263437963	0.015993346445953613	0.02248939398462467	0.03396199675402922	0.018185529767587236	0.006503018958699744	0.026843105221281194	0.010762906873418077	0.04044931299915777	0.06641625833154097	0.01902175666480943	0.02725882881572861	0.01075183105877664	2.5194778794438447E-4	0.007765409661646096	0.44799350245586517	0.6801614337355851	0.8781575065477691	0.05828873571215969	0.8603031269547081	0.5535046859675398	1.5426818651593792	0.08602565494078364	1.7004803134704682	0.6239205927334817	3.4351986542341346	0.6801614337355851	0.6801614337355851	0.6801614337355851	0.44799350245586517	0.6801614337355851	0.6801614337355851	0.44799350245586517	0.6801614337355851	0.6801614337355851	0.44799350245586517	0.6801614337355851	0.6801614337355851	-350.88713206902065	-83.41995694432762
169	-433.10427224705177	-756.9640931415496	-433.10427224705177	-323.85982089449783	8.299182455814634	0.030431598030069992	0.0257808966254639	0.01150327559073977	0.0760378205322904	0.04544720463841745	0.005809511797624081	0.0253728361465054	0.02491678263402225	0.05860508066555924	0.03052483372140266	0.017942487980223992	0.03203705769840548	0.056223584646920885	0.0071124195879794655	0.06868361713163126	0.0051645358994655	0.026508949211134655	0.017638953887492148	0.014436098610986825	0.027602156452004895	0.010576248621571901	0.0300697984769228	0.05195864364003354	0.01547058059604188	0.007085179263437963	0.015993346445953613	0.02248939398462467	0.03396199675402922	0.018185529767587236	0.006503018958699744	0.026843105221281194	0.010762906873418077	0.018871874437202285	0.06641625833154097	0.01902175666480943	0.02725882881572861	0.01075183105877664	3.0648029615685304E-4	0.006399125347894347	0.4604423738004817	0.7089129065639327	0.6199014709281736	0.03619720551144928	0.5184072273982753	0.7545758647191378	1.4008555385971513	0.14689533313846345	2.0007987289777103	0.5201895631981506	4.518893392842882	0.7089129065639327	0.7089129065639327	0.7089129065639327	0.4604423738004817	0.7089129065639327	0.7089129065639327	0.4604423738004817	0.7089129065639327	0.7089129065639327	0.4604423738004817	0.7089129065639327	0.7089129065639327	-349.23576802123773	-83.86850422581401
170	-432.4582555171089	-759.6696171433882	-432.4582555171089	-327.21136162627937	7.926485755383589	0.028134280146334775	0.0257808966254639	0.01150327559073977	0.0760378205322904	0.04544720463841745	0.005809511797624081	0.060225295836044496	0.021908716761595504	0.026760686848446888	0.03052483372140266	0.017942487980223992	0.03203705769840548	0.056223584646920885	0.016251464562910142	0.06868361713163126	0.0051645358994655	0.026508949211134655	0.017638953887492148	0.020549314440270527	0.027602156452004895	0.010576248621571901	0.023228071385727342	0.06400683443975473	0.01547058059604188	0.007085179263437963	0.0039451556462324205	0.02248939398462467	0.030688794106011774	0.021458732415604684	0.006503018958699744	0.026843105221281194	0.010762906873418077	0.018871874437202285	0.019556248815764454	0.06588176618058594	0.021145612986444906	0.01075183105877664	1.2959776950563614E-4	0.007918447565198687	0.5328850368654969	1.0166673896062532	0.6093471062604167	0.03825689360802168	0.4020131374423411	0.465091754515504	1.6374838321626568	0.19581843911518307	1.3753460181386519	0.424251423101583	3.0241139126904093	1.0166673896062532	1.0166673896062532	1.0166673896062532	0.5328850368654969	1.0166673896062532	1.0166673896062532	0.5328850368654969	1.0166673896062532	1.0166673896062532	0.5328850368654969	1.0166673896062532	1.0166673896062532	-348.9978732968916	-83.4603822202173
171	-432.3681592579678	-755.505042738373	-432.3681592579678	-323.13688348040523	9.28836607784604	0.028134280146334775	0.03442683367867816	0.01150327559073977	0.0760378205322904	0.023184280560050063	0.005809511797624081	0.07139116287233635	0.021908716761595504	0.026760686848446888	0.03052483372140266	0.017942487980223992	0.03203705769840548	0.056223584646920885	0.016251464562910142	0.060037680078417005	0.0051645358994655	0.026508949211134655	0.017638953887492148	0.020549314440270527	0.027602156452004895	0.010576248621571901	0.023228071385727342	0.06400683443975473	0.01547058059604188	0.018182236305513494	0.0039451556462324205	0.02248939398462467	0.030688794106011774	0.021458732415604684	0.006503018958699744	0.026843105221281194	0.010762906873418077	0.018871874437202285	0.019556248815764454	0.06588176618058594	0.021145612986444906	0.01075183105877664	7.470571370536122E-4	0.007523327295275749	0.6051470803919968	0.8249614973403268	0.6376302369312324	0.04346073564991651	0.2939335264556014	0.386378163296133	1.0949155119652587	0.2624980974234471	1.1851655052745105	0.2779265075876242	5.005763826746066	0.8249614973403268	0.8249614973403268	0.8249614973403268	0.6051470803919968	0.8249614973403268	0.8249614973403268	0.6051470803919968	0.8249614973403268	0.8249614973403268	0.6051470803919968	0.8249614973403268	0.8249614973403268	-348.4590246079913	-83.90913464997654
172	-432.3297381985094	-757.3352671604002	-432.3297381985094	-325.0055289618908	9.692524999122693	0.028134280146334775	0.04536522627376949	0.01150327559073977	0.0760378205322904	0.023184280560050063	0.005809511797624081	0.07139116287233635	0.021908716761595504	0.019862851016740332	0.03052483372140266	0.017942487980223992	0.03203705769840548	0.056223584646920885	0.016251464562910142	0.060037680078417005	0.021886523778337302	0.026508949211134655	0.017638953887492148	0.020549314440270527	0.027602156452004895	0.017474084453278457	0.009657125380092987	0.06400683443975473	0.01547058059604188	0.018182236305513494	0.0039451556462324205	0.010146340381823146	0.04287492023226869	0.021458732415604684	0.006503018958699744	0.016061640102734476	0.010762906873418077	0.018871874437202285	0.019556248815764454	0.06588176618058594	0.017994571113207458	0.01075183105877664	6.52271185878024E-5	0.00813823241715457	0.5750180683450203	0.7752090255920967	0.4586279199417379	0.06478865285559252	0.23624785162234624	0.29537347896079724	0.702377992879608	0.260514754939451	1.7364751532025515	0.2129656232154486	3.3156067376831575	0.7752090255920967	0.7752090255920967	0.7752090255920967	0.5750180683450203	0.7752090255920967	0.7752090255920967	0.5750180683450203	0.7752090255920967	0.7752090255920967	0.5750180683450203	0.7752090255920967	0.7752090255920967	-348.69426545246154	-83.63547274604788
173	-432.1930049799605	-748.6516477814243	-432.1930049799605	-316.4586428014639	9.847148142553408	0.028134280146334775	0.008392472158878728	0.01150327559073977	0.07505725674610235	0.023184280560050063	0.005809511797624081	0.07139116287233635	0.04339820959633106	0.023577336362836085	0.03052483372140266	0.011820373433646364	0.04850088276474873	0.056223584646920885	0.016251464562910142	0.035952684483298775	0.021886523778337302	0.022794463865038903	0.017638953887492148	0.020549314440270527	0.027602156452004895	0.01652294119447427	0.022209886999016812	0.03017963983193027	0.01547058059604188	0.052009430913337956	0.0039451556462324205	0.010146340381823146	0.04287492023226869	0.00890597079668086	0.006503018958699744	0.017012783361538664	0.010762906873418077	0.018871874437202285	0.013517708244165538	0.06588176618058594	0.048118107279924605	0.016873945605354268	1.4117902366596829E-4	0.006630179478607535	0.536980898335555	1.0693767721407614	0.6099777437616208	0.05792106846368091	0.24197886789313228	0.37954245094074307	0.48294668792655543	0.21629092771152816	1.1864751722216915	0.34424012364646045	4.622478131052262	1.0693767721407614	1.0693767721407614	1.0693767721407614	0.536980898335555	1.0693767721407614	1.0693767721407614	0.536980898335555	1.0693767721407614	1.0693767721407614	0.536980898335555	1.0693767721407614	1.0693767721407614	-348.84430816357724	-83.34869681638327
174	-431.6504326854133	-760.42975249331	-431.6504326854133	-328.77931980789674	8.523405397569784	0.028134280146334775	0.008392472158878728	0.01150327559073977	0.07505725674610235	0.023184280560050063	0.017258436088578646	0.07139116287233635	0.019212697440683157	0.023577336362836085	0.03052483372140266	0.011820373433646364	0.04850088276474873	0.056223584646920885	0.004802540271955577	0.035952684483298775	0.021886523778337302	0.022794463865038903	0.017638953887492148	0.020549314440270527	0.013530113191016907	0.030594984455462257	0.022209886999016812	0.03017963983193027	0.01547058059604188	0.052009430913337956	0.0039451556462324205	0.010146340381823146	0.04287492023226869	0.00890597079668086	0.006503018958699744	0.017012783361538664	0.010762906873418077	0.018871874437202285	0.013517708244165538	0.06588176618058594	0.048118107279924605	0.04105945776100217	2.130012178395937E-4	0.008173585154127352	0.6100768031069235	0.7078960709569712	0.5215727852822041	0.08903818902934187	0.18819822936922853	0.3165311253792837	0.4022133302702164	0.19883387415441703	1.6184368156153197	0.3251920025661958	6.204982887730685	0.7078960709569712	0.7078960709569712	0.7078960709569712	0.6100768031069235	0.7078960709569712	0.7078960709569712	0.6100768031069235	0.7078960709569712	0.7078960709569712	0.6100768031069235	0.7078960709569712	0.7078960709569712	-347.4967126862683	-84.15371999914495
175	-431.55818578696665	-759.3676249298542	-431.55818578696665	-327.80943914288747	10.522923397150702	0.028134280146334775	0.008392472158878728	0.01150327559073977	0.07505725674610235	0.023184280560050063	0.017258436088578646	0.06754164167539287	0.019212697440683157	0.023577336362836085	0.03052483372140266	0.011820373433646364	0.04850088276474873	0.056223584646920885	0.004802540271955577	0.035952684483298775	0.021886523778337302	0.022794463865038903	0.017638953887492148	0.020549314440270527	0.013530113191016907	0.03444450565240574	0.022209886999016812	0.03017963983193027	0.01547058059604188	0.04206576094599243	0.0039451556462324205	0.010146340381823146	0.04287492023226869	0.00890597079668086	0.006503018958699744	0.017012783361538664	0.010762906873418077	0.018871874437202285	0.013517708244165538	0.07582543614793147	0.048118107279924605	0.04105945776100217	4.065126251164291E-4	0.006745797322319419	0.5733079529435436	0.7189920728692653	0.4935980651793379	0.15814360315668516	0.2161905454819201	0.37357531634537294	0.50737777758005	0.17148123007270807	1.2715595170784462	0.581554876933359	7.289902217727082	0.7189920728692653	0.7189920728692653	0.7189920728692653	0.5733079529435436	0.7189920728692653	0.7189920728692653	0.5733079529435436	0.7189920728692653	0.7189920728692653	0.5733079529435436	0.7189920728692653	0.7189920728692653	-348.39382391080517	-83.16436187616148
176	-431.53116397904284	-764.9362902106318	-431.53116397904284	-333.40512623158895	8.951149225705615	0.03281139051913472	0.008392472158878728	0.01150327559073977	0.07505725674610235	0.023184280560050063	0.017258436088578646	0.06754164167539287	0.014535587067883216	0.023577336362836085	0.03052483372140266	0.011820373433646364	0.04850088276474873	0.056223584646920885	0.004802540271955577	0.035952684483298775	0.03450889227186402	0.022794463865038903	0.017638953887492148	0.007926945946743813	0.013530113191016907	0.03444450565240574	0.022209886999016812	0.03017963983193027	0.01547058059604188	0.04206576094599243	0.0039451556462324205	0.010146340381823146	0.04287492023226869	0.00890597079668086	0.006503018958699744	0.017012783361538664	0.010762906873418077	0.018871874437202285	0.013517708244165538	0.09170507860380805	0.03223846482404802	0.04105945776100217	1.656024177463597E-4	0.006960850535447194	0.558402019185847	0.9833978615158484	0.33072985947145545	0.2360795298413304	0.2362759992391085	0.42561743311133743	0.48898711001635475	0.22174921341002954	0.8847568093063314	0.7363213437260526	2.113959492307835	0.9833978615158484	0.9833978615158484	0.9833978615158484	0.558402019185847	0.9833978615158484	0.9833978615158484	0.558402019185847	0.9833978615158484	0.9833978615158484	0.558402019185847	0.9833978615158484	0.9833978615158484	-349.1149500826652	-82.41621389637768
177	-430.4423197030126	-758.4596017762681	-430.4423197030126	-328.01728207325556	10.777410428575218	0.03281139051913472	0.008392472158878728	0.01150327559073977	0.07505725674610235	0.025866347472724316	0.017258436088578646	0.032197050066856886	0.011853520155208963	0.023577336362836085	0.03052483372140266	0.011820373433646364	0.04850088276474873	0.03255302266112524	0.004802540271955577	0.035952684483298775	0.03450889227186402	0.022794463865038903	0.017638953887492148	0.007926945946743813	0.03720067517681255	0.004179443369982869	0.022209886999016812	0.03017963983193027	0.01547058059604188	0.04170897327765952	0.03421021792865529	0.01050312805015606	0.04287492023226869	0.00890597079668086	0.006503018958699744	0.017012783361538664	0.010762906873418077	0.054216466045738265	0.013517708244165538	0.09170507860380805	0.03223846482404802	0.04105945776100217	1.6875204184584684E-4	0.007536726708349043	0.718712243777147	1.0305882437005556	0.4113491634050302	0.3883292160761623	0.2040821554637221	0.2973149090687315	0.4334700278450954	0.24625839126406945	1.096932698225638	0.7735208762920641	3.2875310442742833	1.0305882437005556	1.0305882437005556	1.0305882437005556	0.718712243777147	1.0305882437005556	1.0305882437005556	0.718712243777147	1.0305882437005556	1.0305882437005556	0.718712243777147	1.0305882437005556	1.0305882437005556	-347.29894682939494	-83.14337287361761
178	-429.84815037331254	-758.4577317597573	-429.84815037331254	-328.6095813864447	9.232836106332128	0.03281139051913472	0.00587931601647651	0.01150327559073977	0.07505725674610235	0.025866347472724316	0.017258436088578646	0.0204572921881295	0.01794271090929439	0.023577336362836085	0.03052483372140266	0.011820373433646364	0.04850088276474873	0.03255302266112524	0.004802540271955577	0.035952684483298775	0.03450889227186402	0.022794463865038903	0.017638953887492148	0.007926945946743813	0.03720067517681255	0.004179443369982869	0.0339496448777442	0.03017963983193027	0.01547058059604188	0.032119463136798004	0.03421021792865529	0.014003447436932145	0.04287492023226869	0.00890597079668086	0.027160962536396313	0.03363812271070721	0.016585550842851182	0.02773587849860859	0.013517708244165538	0.07759289539704173	0.03223846482404802	0.04105945776100217	1.3860298601028022E-4	0.00802712675572714	0.9102257820514668	1.2056212763778196	0.6309321541389149	0.5467560030764532	0.2854115625416656	0.35978087626100047	0.3236006885686238	0.22921844972184557	1.6532292775032118	0.643782566104174	5.471033253851792	1.2056212763778196	1.2056212763778196	1.2056212763778196	0.9102257820514668	1.2056212763778196	1.2056212763778196	0.9102257820514668	1.2056212763778196	1.2056212763778196	0.9102257820514668	1.2056212763778196	1.2056212763778196	-347.12014249968735	-82.72800787362517
179	-429.59191415010764	-763.4775007671642	-429.59191415010764	-333.8855866170566	10.012661035884479	0.03281139051913472	0.00587931601647651	0.01150327559073977	0.07505725674610235	0.025866347472724316	0.017258436088578646	0.0204572921881295	0.01794271090929439	0.08706936756662186	0.03052483372140266	0.011820373433646364	0.04850088276474873	0.03255302266112524	0.00939790423809593	0.03791566781640207	0.03450889227186402	0.023514693726285327	0.017638953887492148	0.0033315819806034597	0.03720067517681255	0.004179443369982869	0.0339496448777442	0.03017963983193027	0.01547058059604188	0.032119463136798004	0.03421021792865529	0.014003447436932145	0.04287492023226869	0.00890597079668086	0.02644073267514989	0.03363812271070721	0.016585550842851182	0.02773587849860859	0.013517708244165538	0.012137880860152661	0.03223846482404802	0.04105945776100217	2.7989845192445093E-4	0.00666377150460698	0.5930827890136169	1.0848800788892392	0.6983790855917067	0.49281683952524746	0.1992946989570291	0.34994256436024107	0.23633081447920024	0.2561786799556403	1.2837872701197153	0.5801196293332328	4.028955709132579	1.0848800788892392	1.0848800788892392	1.0848800788892392	0.5930827890136169	1.0848800788892392	1.0848800788892392	0.5930827890136169	1.0848800788892392	1.0848800788892392	0.5930827890136169	1.0848800788892392	1.0848800788892392	-344.45395046117267	-85.13796368893497
180	-428.8437565274278	-769.2495716827348	-428.8437565274278	-340.405815155307	12.145137752036389	0.03281139051913472	0.00587931601647651	0.0490146947731141	0.07073157846855864	0.020315774494401695	0.02748797834006174	0.07841611513873123	0.01794271090929439	0.029110544616020126	0.03052483372140266	0.011820373433646364	0.010989463582374404	0.03255302266112524	0.00939790423809593	0.03791566781640207	0.03450889227186402	0.023514693726285327	0.017638953887492148	0.0033315819806034597	0.03720067517681255	0.004179443369982869	0.0339496448777442	0.03450531810947398	0.01547058059604188	0.02381558885407528	0.03421021792865529	0.019554020415254766	0.04287492023226869	0.00890597079668086	0.016211190423666796	0.03363812271070721	0.016585550842851182	0.02773587849860859	0.013517708244165538	0.026737183453042435	0.04054233910677074	0.026460155168112398	1.8889460881759725E-4	0.006993456441527504	0.9353754857013535	1.0585158023582013	0.5341753836804292	0.4702887274922757	0.2020141231147968	0.2798653472002427	0.39772007696074485	0.52294621351132	1.4919214949277253	0.44308903333034905	3.295361832400362	1.0585158023582013	1.0585158023582013	1.0585158023582013	0.9353754857013535	1.0585158023582013	1.0585158023582013	0.9353754857013535	1.0585158023582013	1.0585158023582013	0.9353754857013535	1.0585158023582013	1.0585158023582013	-345.7970287123019	-83.04672781512589
181	-428.81446788514603	-761.6641776159577	-428.81446788514603	-332.8497097308117	12.235189852916012	0.024407161469794922	0.00587931601647651	0.0490146947731141	0.07073157846855864	0.020032834580900993	0.02748797834006174	0.07841611513873123	0.01794271090929439	0.029110544616020126	0.03052483372140266	0.011820373433646364	0.010989463582374404	0.03255302266112524	0.00939790423809593	0.03791566781640207	0.03450889227186402	0.023514693726285327	0.017638953887492148	0.0033315819806034597	0.03720067517681255	0.012583672419322664	0.0339496448777442	0.03450531810947398	0.01547058059604188	0.02381558885407528	0.024115345845932654	0.019554020415254766	0.04287492023226869	0.00890597079668086	0.016211190423666796	0.03363812271070721	0.02668042292557382	0.02773587849860859	0.01380064815766624	0.026737183453042435	0.04054233910677074	0.026460155168112398	9.839798242297106E-5	0.006447079081265273	0.9950581301975546	1.135753468998909	1.1512831542047877	0.7022226587916195	0.2386658122179076	0.21103422740071812	0.35902654058177375	0.6971150177409153	2.218470971124517	0.3619769645912047	1.8031455084845691	1.135753468998909	1.135753468998909	1.135753468998909	0.9950581301975546	1.135753468998909	1.135753468998909	0.9950581301975546	1.135753468998909	1.135753468998909	0.9950581301975546	1.135753468998909	1.135753468998909	-344.79534792963284	-84.01911995551318
182	-428.0477118204038	-761.3303405017995	-428.0477118204038	-333.2826286813957	10.46054436676246	0.024407161469794922	0.010059091054071989	0.028814049677140685	0.07073157846855864	0.032839443011295044	0.02748797834006174	0.07841611513873123	0.01794271090929439	0.029110544616020126	0.03052483372140266	0.011820373433646364	0.010989463582374404	0.03255302266112524	0.00939790423809593	0.027679915026672525	0.03450889227186402	0.023514693726285327	0.017638953887492148	0.0033315819806034597	0.02473987654595408	0.012583672419322664	0.0339496448777442	0.03450531810947398	0.01547058059604188	0.02381558885407528	0.018464690575434192	0.019554020415254766	0.04402832094281395	0.027953215182109012	0.016211190423666796	0.03363812271070721	0.03691617571530337	0.02773587849860859	0.01345483835813066	0.026737183453042435	0.042013219339673724	0.026460155168112398	4.1724135127675427E-4	0.008548564071497998	0.8340528009371382	1.173677255895364	1.394170661277924	0.9514253081118669	0.22524464604420755	0.16791642035164078	0.3256230642308195	0.5963479148938529	1.6311282524163377	0.3071395826753554	1.834209108583753	1.173677255895364	1.173677255895364	1.173677255895364	0.8340528009371382	1.173677255895364	1.173677255895364	0.8340528009371382	1.173677255895364	1.173677255895364	0.8340528009371382	1.173677255895364	1.173677255895364	-342.8616018193004	-85.18611000110336
183	-426.5012145306276	-767.695947789271	-426.5012145306276	-341.1947332586435	11.552047415118148	0.024407161469794922	0.010059091054071989	0.028814049677140685	0.07073157846855864	0.032839443011295044	0.02748797834006174	0.07841611513873123	0.004973129831877199	0.029110544616020126	0.03052483372140266	0.011820373433646364	0.010989463582374404	0.03255302266112524	0.00939790423809593	0.027679915026672525	0.03450889227186402	0.023514693726285327	0.017638953887492148	0.0033315819806034597	0.02473987654595408	0.020979083803052676	0.0339496448777442	0.03450531810947398	0.01547058059604188	0.02381558885407528	0.018464690575434192	0.019554020415254766	0.04402832094281395	0.027953215182109012	0.016211190423666796	0.03363812271070721	0.03691617571530337	0.02773587849860859	0.01802900805181784	0.026737183453042435	0.042013219339673724	0.026460155168112398	6.592821659739253E-4	0.006947088992439942	0.9526678461270309	1.2694114029108294	1.0874996159934789	0.8434734316097428	0.2309824728105985	0.14084857716182161	0.20854259701848615	0.7570893565295278	1.6775259635269606	0.23741571560940272	5.3279113619549	1.2694114029108294	1.2694114029108294	1.2694114029108294	0.9526678461270309	1.2694114029108294	1.2694114029108294	0.9526678461270309	1.2694114029108294	1.2694114029108294	0.9526678461270309	1.2694114029108294	1.2694114029108294	-342.814316135652	-83.68689839497556
184	-426.5000307550775	-762.3876083845721	-426.5000307550775	-335.8875776294946	11.05762394942605	0.024407161469794922	0.006700283029298815	0.028814049677140685	0.07073157846855864	0.032839443011295044	0.02748797834006174	0.0460654857998509	0.004973129831877199	0.029110544616020126	0.03109877656297652	0.011820373433646364	0.010989463582374404	0.009480908440181998	0.00939790423809593	0.027679915026672525	0.03450889227186402	0.023514693726285327	0.020997761912265323	0.0033315819806034597	0.02473987654595408	0.020979083803052676	0.06327410424194745	0.03450531810947398	0.01547058059604188	0.02381558885407528	0.018464690575434192	0.04262613463619801	0.04345437810124009	0.027953215182109012	0.016211190423666796	0.03363812271070721	0.03691617571530337	0.02773587849860859	0.01802900805181784	0.026737183453042435	0.042013219339673724	0.029486325142789482	3.878588529692392E-4	0.008636837859654634	1.3025428456270585	1.3065219287959984	1.4606867170505162	1.7334591541822586	0.298559498849602	0.132831032986643	0.1563267524428564	0.6157144963023718	2.003667263009597	0.11216206791357172	6.360265143176941	1.3065219287959984	1.3065219287959984	1.3065219287959984	1.3025428456270585	1.3065219287959984	1.3065219287959984	1.3025428456270585	1.3065219287959984	1.3065219287959984	1.3025428456270585	1.3065219287959984	1.3065219287959984	-342.346063695311	-84.15396705976652
185	-426.39063961942253	-762.5480519525806	-426.39063961942253	-336.15741233315816	10.684037917634823	0.024407161469794922	0.006700283029298815	0.028814049677140685	0.08617318888947971	0.032839443011295044	0.02748797834006174	0.0460654857998509	0.004973129831877199	0.029110544616020126	0.03109877656297652	0.011820373433646364	0.010989463582374404	0.03317761546968877	0.00939790423809593	0.027679915026672525	0.03450889227186402	0.023514693726285327	0.014351506189628216	0.0033315819806034597	0.02473987654595408	0.020979083803052676	0.023192895359270924	0.03450531810947398	0.01547058059604188	0.02381558885407528	0.018464690575434192	0.04262613463619801	0.04345437810124009	0.027953215182109012	0.016211190423666796	0.03363812271070721	0.03691617571530337	0.02773587849860859	0.01802900805181784	0.034326330607928224	0.042013219339673724	0.029486325142789482	6.308056238646578E-4	0.008954459827285457	1.3374875551111716	1.2811883811393852	1.5091421378453438	1.2515796297253887	0.27984025461839834	0.1516849867189551	0.20385590542761559	0.6250879233698284	3.018607088347038	0.09432084330049298	3.648767703230058	1.2811883811393852	1.2811883811393852	1.2811883811393852	1.3374875551111716	1.2811883811393852	1.2811883811393852	1.3374875551111716	1.2811883811393852	1.2811883811393852	1.3374875551111716	1.2811883811393852	1.2811883811393852	-343.7855425854143	-82.60509703400824
186	-426.17811867313594	-758.3000928758725	-426.17811867313594	-332.12197420273657	13.217461502246838	0.024407161469794922	0.013437848481556158	0.028814049677140685	0.08617318888947971	0.032839443011295044	0.02748797834006174	0.0460654857998509	0.004973129831877199	0.014572435757744681	0.03109877656297652	0.011820373433646364	0.010989463582374404	0.03317761546968877	0.00939790423809593	0.027679915026672525	0.03450889227186402	0.023514693726285327	0.007613940737370872	0.003758483012939906	0.02473987654595408	0.017258323824792074	0.04145176419580697	0.03450531810947398	0.01547058059604188	0.02381558885407528	0.018464690575434192	0.04262613463619801	0.04345437810124009	0.027953215182109012	0.016211190423666796	0.03363812271070721	0.03691617571530337	0.02773587849860859	0.01802900805181784	0.034326330607928224	0.042013219339673724	0.029059424110453036	4.645881940767545E-4	0.007841121121014608	1.2828240883717585	1.3085944287742517	1.04331924972066	1.2986932110923302	0.398463259090869	0.1323416663613685	0.10828937409508824	0.619943735030674	2.2407311919332704	0.09613987720044354	4.2422039563178355	1.3085944287742517	1.3085944287742517	1.3085944287742517	1.2828240883717585	1.3085944287742517	1.3085944287742517	1.2828240883717585	1.3085944287742517	1.3085944287742517	1.2828240883717585	1.3085944287742517	1.3085944287742517	-343.44292580641763	-82.73519286671834
187	-425.97400409417764	-770.195998274852	-425.97400409417764	-344.2219941806743	14.523504599829002	0.024407161469794922	0.013437848481556158	0.02053554345465164	0.08617318888947971	0.032839443011295044	0.02748797834006174	0.0460654857998509	0.004973129831877199	0.014572435757744681	0.03109877656297652	0.011820373433646364	0.010989463582374404	0.03317761546968877	0.00939790423809593	0.013446532776932613	0.03450889227186402	0.023514693726285327	0.007613940737370872	0.003758483012939906	0.02473987654595408	0.017258323824792074	0.04145176419580697	0.04873870035921389	0.01547058059604188	0.02381558885407528	0.03382209836156845	0.04262613463619801	0.04345437810124009	0.027953215182109012	0.016211190423666796	0.03363812271070721	0.02155876792916911	0.02773587849860859	0.01802900805181784	0.04260483683041727	0.042013219339673724	0.029059424110453036	1.689533964358898E-4	0.008487089390343679	1.5155146502847894	1.3059859923314006	0.7833481289328316	1.6817490621268745	0.5746150719577561	0.16268510983838486	0.08800193892058447	0.5638067523317074	2.9212298458921033	0.09507416743164682	3.8678033443872617	1.3059859923314006	1.3059859923314006	1.3059859923314006	1.5155146502847894	1.3059859923314006	1.3059859923314006	1.5155146502847894	1.3059859923314006	1.3059859923314006	1.5155146502847894	1.3059859923314006	1.3059859923314006	-343.45643151754905	-82.51757257662857
188	-425.9655028249947	-776.9165290809777	-425.9655028249947	-350.95102625598304	15.213150483529185	0.024407161469794922	0.013437848481556158	0.02053554345465164	0.08617318888947971	0.032839443011295044	0.02748797834006174	0.013655648615752053	0.004973129831877199	0.014572435757744681	0.005034576789154616	0.011820373433646364	0.010989463582374404	0.03317761546968877	0.041807741422194775	0.013446532776932613	0.03450889227186402	0.060515354745274016	0.007613940737370872	0.003758483012939906	0.02473987654595408	0.017258323824792074	0.057714088444665954	0.04397916170471171	0.01547058059604188	0.02381558885407528	0.03382209836156845	0.04262613463619801	0.04345437810124009	0.027953215182109012	0.016211190423666796	0.03363812271070721	0.02155876792916911	0.02773587849860859	0.01802900805181784	0.03642791423975267	0.02575089509081474	0.029059424110453036	3.751406578226472E-4	0.006681670677158855	1.9152684139089882	1.3605477081631008	0.7185015398757848	1.49091691359947	0.3562166346836009	0.16794075787341925	0.1558727787919694	0.33326165175252154	3.156074194631084	0.07253657677804469	2.7571821953423186	1.3605477081631008	1.3605477081631008	1.3605477081631008	1.9152684139089882	1.3605477081631008	1.3605477081631008	1.9152684139089882	1.3605477081631008	1.3605477081631008	1.9152684139089882	1.3605477081631008	1.3605477081631008	-340.2304838454563	-85.73501897953841
189	-424.9560629109888	-773.509064211213	-424.9560629109888	-348.5530013002242	12.807279947595449	0.024407161469794922	0.013437848481556158	0.0067691963794114796	0.08617318888947971	0.02260754166640999	0.02748797834006174	0.013655648615752053	0.004973129831877199	0.014572435757744681	0.005034576789154616	0.011820373433646364	0.010989463582374404	0.03317761546968877	0.041807741422194775	0.013446532776932613	0.03450889227186402	0.05419517761609337	0.018435895940147495	0.016934776230288495	0.02473987654595408	0.017258323824792074	0.04947648093159672	0.04431459847211093	0.02179075772522253	0.02381558885407528	0.03382209836156845	0.04262613463619801	0.04345437810124009	0.027953215182109012	0.016211190423666796	0.03363812271070721	0.02155876792916911	0.02740044173120937	0.01802900805181784	0.0446655217528219	0.02575089509081474	0.029059424110453036	2.934676544867401E-4	0.008432076642200291	1.7670318212351068	1.502425680388152	1.1341108726224869	1.787384848274876	0.3420621291684783	0.22263780039656106	0.12674205312069287	0.2328254026750438	2.9454079908246316	0.10403514544447548	4.540253942939373	1.502425680388152	1.502425680388152	1.502425680388152	1.7670318212351068	1.502425680388152	1.502425680388152	1.7670318212351068	1.502425680388152	1.502425680388152	1.7670318212351068	1.502425680388152	1.502425680388152	-342.2216631869039	-82.73439972408488
190	-424.71596035351894	-767.0977643184792	-424.71596035351894	-342.3818039649603	11.996142325107742	0.024407161469794922	0.013437848481556158	0.012700059525895868	0.08617318888947971	0.02260754166640999	0.024299147810089086	0.013655648615752053	0.04768960940463457	0.017515513758804432	0.007780254003011938	0.011820373433646364	0.010989463582374404	0.03317761546968877	0.042250894738310105	0.023578230257033844	0.01656043331473897	0.03432128412636236	0.018435895940147495	0.016934776230288495	0.02473987654595408	0.017258323824792074	0.03365001253347398	0.04431459847211093	0.02179075772522253	0.02087251085301553	0.006932087186933819	0.04262613463619801	0.027391817474654467	0.027953215182109012	0.016211190423666796	0.051586581667832254	0.02155876792916911	0.04727433522094038	0.01802900805181784	0.0446655217528219	0.02575089509081474	0.029059424110453036	2.0817310090466597E-4	0.006865546162499851	1.7121239687017666	1.6600714861786061	0.9428806544740155	2.250058218261383	0.29687523331056703	0.15522375308130473	0.15948601490930098	0.3863738429406112	3.2777746392297176	0.15294946626357547	3.0313455620540513	1.6600714861786061	1.6600714861786061	1.6600714861786061	1.7121239687017666	1.6600714861786061	1.6600714861786061	1.7121239687017666	1.6600714861786061	1.6600714861786061	1.7121239687017666	1.6600714861786061	1.6600714861786061	-341.6096593990169	-83.10630095450206
191	-424.66868657054	-763.0221437562191	-424.66868657054	-338.35345718567913	11.870796268497463	0.024407161469794922	0.013437848481556158	0.013320784464264379	0.08617318888947971	0.02260754166640999	0.024299147810089086	0.013655648615752053	0.04768960940463457	0.017515513758804432	0.007780254003011938	0.011820373433646364	0.010989463582374404	0.020541074417478197	0.042250894738310105	0.023578230257033844	0.01656043331473897	0.03370055918799385	0.031072436992358066	0.016934776230288495	0.02473987654595408	0.017258323824792074	0.03365001253347398	0.04431459847211093	0.02179075772522253	0.02087251085301553	0.006932087186933819	0.04262613463619801	0.027391817474654467	0.027953215182109012	0.016211190423666796	0.051586581667832254	0.02155876792916911	0.04727433522094038	0.01802900805181784	0.0446655217528219	0.02575089509081474	0.029059424110453036	1.3294990409230288E-4	0.007612322367154542	1.1777936016541493	1.234373311885603	1.1464840964119671	1.5164831450968541	0.21061027504110988	0.14170091030524448	0.19176560941940468	0.2462088381869629	2.905523070905552	0.13881817305749508	3.335742245370629	1.234373311885603	1.234373311885603	1.234373311885603	1.1777936016541493	1.234373311885603	1.234373311885603	1.1777936016541493	1.234373311885603	1.234373311885603	1.1777936016541493	1.234373311885603	1.234373311885603	-341.68448178916435	-82.98420478137562
192	-424.02049131354767	-766.1628472304944	-424.02049131354767	-342.1423559169467	11.96856642612226	0.024407161469794922	0.013437848481556158	0.013320784464264379	0.08617318888947971	0.02260754166640999	0.024299147810089086	0.013655648615752053	0.016481503571349976	0.048723619592089026	0.007780254003011938	0.011820373433646364	0.031277142207760567	0.020541074417478197	0.04771432281762676	0.023578230257033844	0.05289486395634199	0.03370055918799385	0.031072436992358066	0.016934776230288495	0.02473987654595408	0.017258323824792074	0.013362333908087817	0.038851170392794274	0.02179075772522253	0.02087251085301553	0.006932087186933819	0.006291703994594985	0.027391817474654467	0.027953215182109012	0.016211190423666796	0.051586581667832254	0.02155876792916911	0.04727433522094038	0.01802900805181784	0.0446655217528219	0.02575089509081474	0.029059424110453036	1.3235751234483588E-4	0.0067790571228315815	1.6679561080113712	0.981017389876524	0.8709946905702617	1.851835117927944	0.1483434938849545	0.09412687957370797	0.24003457593421815	0.3954045537892093	3.203328374098721	0.11756290850726225	8.865222139483684	0.981017389876524	0.981017389876524	0.981017389876524	1.6679561080113712	0.981017389876524	0.981017389876524	1.6679561080113712	0.981017389876524	0.981017389876524	1.6679561080113712	0.981017389876524	0.981017389876524	-341.20732503231767	-82.81316628122998
193	-423.9431809920165	-767.4289569058394	-423.9431809920165	-343.48577591382286	10.850542207132676	0.024407161469794922	0.013437848481556158	0.013320784464264379	0.08617318888947971	0.02260754166640999	0.027314276686213293	0.013655648615752053	0.006113329305491522	0.048723619592089026	0.014545805709099774	0.011820373433646364	0.02826201333163636	0.03090924868333665	0.03476829315190365	0.023578230257033844	0.052631755848264045	0.03370055918799385	0.031072436992358066	0.016934776230288495	0.02473987654595408	0.017258323824792074	0.013362333908087817	0.038851170392794274	0.02179075772522253	0.02087251085301553	0.006932087186933819	0.006291703994594985	0.020626265768566632	0.027953215182109012	0.016211190423666796	0.051586581667832254	0.02155876792916911	0.04727433522094038	0.01802900805181784	0.04492862986089985	0.02575089509081474	0.04200545377617615	3.17640326595501E-4	0.006486863898503724	1.8857237791847827	1.4622458700467575	0.9728427617669975	1.4273856266193798	0.19379926998357302	0.14597785948509936	0.4152797598347636	0.32259804234720596	3.945972074688957	0.07912019211951411	3.892131149373959	1.4622458700467575	1.4622458700467575	1.4622458700467575	1.8857237791847827	1.4622458700467575	1.4622458700467575	1.8857237791847827	1.4622458700467575	1.4622458700467575	1.8857237791847827	1.4622458700467575	1.4622458700467575	-340.203350658571	-83.73983033344545
194	-423.8610709337661	-789.0915715119052	-423.8610709337661	-365.230500578139	10.79408476757939	0.024407161469794922	0.013437848481556158	0.03832201877912239	0.08617318888947971	0.02260754166640999	0.019249904583815106	0.013655648615752053	0.006113329305491522	0.048723619592089026	0.014545805709099774	0.011820373433646364	0.02826201333163636	0.03090924868333665	0.03476829315190365	0.023578230257033844	0.052631755848264045	0.03370055918799385	0.031072436992358066	0.016934776230288495	0.02473987654595408	0.02532269592719026	0.013362333908087817	0.038851170392794274	0.02179075772522253	0.02087251085301553	0.006932087186933819	0.006291703994594985	0.020626265768566632	0.027953215182109012	0.016211190423666796	0.051586581667832254	0.02155876792916911	0.04727433522094038	0.01802900805181784	0.04492862986089985	0.02575089509081474	0.017004219461318137	2.9073322555445776E-4	0.005231675669359567	1.9331516156214288	1.6703068105860273	1.3385288691608253	1.1457961794595393	0.18489833845875714	0.12176001176202349	0.27646271726749366	0.25877928424640306	3.001231836942533	0.1286004711834619	2.3949232782533327	1.6703068105860273	1.6703068105860273	1.6703068105860273	1.9331516156214288	1.6703068105860273	1.6703068105860273	1.9331516156214288	1.6703068105860273	1.6703068105860273	1.9331516156214288	1.6703068105860273	1.6703068105860273	-340.4214412550471	-83.43962967871897
195	-423.8261152624742	-770.2467198090771	-423.8261152624742	-346.42060454660293	10.950633882583537	0.024407161469794922	0.013437848481556158	0.03832201877912239	0.08617318888947971	0.02260754166640999	0.019249904583815106	0.013655648615752053	0.006113329305491522	0.03275459849920902	0.014545805709099774	0.011820373433646364	0.02826201333163636	0.03090924868333665	0.026075862567816896	0.023578230257033844	0.052631755848264045	0.03370055918799385	0.031072436992358066	0.025627206814375247	0.02473987654595408	0.02532269592719026	0.013362333908087817	0.028303502453978155	0.02179075772522253	0.03362438585933222	0.006932087186933819	0.006291703994594985	0.020626265768566632	0.04135390510514912	0.016211190423666796	0.051586581667832254	0.02155876792916911	0.034522460214623685	0.01802900805181784	0.04207560787667586	0.04171991618369475	0.017004219461318137	3.548621601495124E-4	0.00746215719398527	1.5773077683723433	1.501530300556688	1.2817164107544916	1.0795275033399425	0.2525428114742669	0.11316293859107555	0.4250243837571624	0.30490067214850564	2.9187198560169745	0.16615863533851144	7.562467329479972	1.501530300556688	1.501530300556688	1.501530300556688	1.5773077683723433	1.501530300556688	1.501530300556688	1.5773077683723433	1.501530300556688	1.501530300556688	1.5773077683723433	1.501530300556688	1.501530300556688	-340.97842396948744	-82.84769129298678
196	-423.0186886524308	-771.5283130558964	-423.0186886524308	-348.50962440346564	12.936212137513888	0.024407161469794922	0.013437848481556158	0.03832201877912239	0.08617318888947971	0.012210007817183732	0.019249904583815106	0.013655648615752053	0.006113329305491522	0.03275459849920902	0.014545805709099774	0.011820373433646364	0.02826201333163636	0.03090924868333665	0.026075862567816896	0.023578230257033844	0.03961809132933089	0.03370055918799385	0.041469970841584325	0.025627206814375247	0.02473987654595408	0.02532269592719026	0.013362333908087817	0.028303502453978155	0.02179075772522253	0.04663805037826538	0.006932087186933819	0.006291703994594985	0.020626265768566632	0.04135390510514912	0.016211190423666796	0.051586581667832254	0.02155876792916911	0.034522460214623685	0.01802900805181784	0.04207560787667586	0.04171991618369475	0.017004219461318137	3.451010898422004E-4	0.0076656336271080415	1.1128385447625342	1.3516097438073478	1.173970753444667	0.8043193807035084	0.375447977366287	0.09368337991178748	0.337912912683394	0.3853143619566208	2.4770084330568825	0.24255277289615376	4.240269639563425	1.3516097438073478	1.3516097438073478	1.3516097438073478	1.1128385447625342	1.3516097438073478	1.3516097438073478	1.1128385447625342	1.3516097438073478	1.3516097438073478	1.1128385447625342	1.3516097438073478	1.3516097438073478	-339.5535070810702	-83.46518157136056
197	-422.9733457249428	-768.5493692867788	-422.9733457249428	-345.5760235618359	12.416338387526686	0.024407161469794922	0.017564425726788846	0.03832201877912239	0.08204661164424702	0.012210007817183732	0.019249904583815106	0.013655648615752053	0.006113329305491522	0.03275459849920902	0.014545805709099774	0.011820373433646364	0.006752258524332366	0.03090924868333665	0.026075862567816896	0.023578230257033844	0.03316059050075834	0.038765714462379294	0.041469970841584325	0.01317238715312019	0.02473987654595408	0.03815912966455491	0.013362333908087817	0.028303502453978155	0.025367357455404402	0.04663805037826538	0.006932087186933819	0.03425895963047153	0.020626265768566632	0.04135390510514912	0.016211190423666796	0.023029543990104928	0.04653920587671456	0.034522460214623685	0.01802900805181784	0.041693993800566265	0.0366547609093093	0.017004219461318137	3.4400113199209973E-4	0.006080521279351768	1.286943329161474	1.5322309217565815	0.969326454860138	0.8018022697065886	0.34245067195778944	0.11781658153718592	0.32587005416741305	0.3754061958961143	1.8777589973577147	0.32232144182605466	3.9367833660982936	1.5322309217565815	1.5322309217565815	1.5322309217565815	1.286943329161474	1.5322309217565815	1.5322309217565815	1.286943329161474	1.5322309217565815	1.5322309217565815	1.286943329161474	1.5322309217565815	1.5322309217565815	-339.260501045796	-83.71284467914681
198	-422.94685038708417	-765.7431866495803	-422.94685038708417	-342.7963362624961	9.747007379647716	0.024407161469794922	0.017564425726788846	0.03832201877912239	0.05012919906056383	0.012210007817183732	0.019249904583815106	0.013655648615752053	0.006113329305491522	0.020678635773333384	0.026674544373106873	0.011820373433646364	0.03866967110801556	0.03090924868333665	0.026075862567816896	0.023525454318902378	0.03316059050075834	0.038765714462379294	0.041469970841584325	0.01317238715312019	0.02473987654595408	0.03815912966455491	0.013362333908087817	0.028303502453978155	0.025367357455404402	0.04663805037826538	0.006932087186933819	0.03425895963047153	0.020626265768566632	0.04135390510514912	0.016211190423666796	0.023029543990104928	0.04653920587671456	0.034522460214623685	0.01802900805181784	0.041693993800566265	0.0366547609093093	0.017004219461318137	1.0203873858668034E-4	0.009407266577531385	1.1429561088422506	1.088153459830662	0.8215784360375288	0.8118872467441595	0.20542239273798077	0.13613331167423542	0.3264655037133246	0.40226298879838307	1.6202961347645088	0.2950742436998736	6.702579159826697	1.088153459830662	1.088153459830662	1.088153459830662	1.1429561088422506	1.088153459830662	1.088153459830662	1.1429561088422506	1.088153459830662	1.088153459830662	1.1429561088422506	1.088153459830662	1.088153459830662	-340.5747193440684	-82.37213104301578
199	-422.8607469879653	-761.197080250563	-422.8607469879653	-338.33633326259775	13.250799283862095	0.04014437332859176	0.017564425726788846	0.03832201877912239	0.05066988140572286	0.011647894548426074	0.019249904583815106	0.013655648615752053	0.006113329305491522	0.020678635773333384	0.026674544373106873	0.011820373433646364	0.03866967110801556	0.03090924868333665	0.042221058708377654	0.023525454318902378	0.03316059050075834	0.038765714462379294	0.041469970841584325	0.01317238715312019	0.02473987654595408	0.03815912966455491	0.013362333908087817	0.028303502453978155	0.025367357455404402	0.07179639714975525	0.006932087186933819	0.03425895963047153	0.020626265768566632	0.016195558333659252	0.016211190423666796	0.023591657258862586	0.04653920587671456	0.034522460214623685	0.01802900805181784	0.02500811531484648	0.020917549050512463	0.017004219461318137	4.4685747800209526E-4	0.008088307408658658	1.2575485132844721	1.1861977569583588	0.9405879076943223	0.5646338607691134	0.2110403179297986	0.1329897385407927	0.4642353196813451	0.30092798902982565	1.2683876450157978	0.4068881223218158	4.6234170049289425	1.1861977569583588	1.1861977569583588	1.1861977569583588	1.2575485132844721	1.1861977569583588	1.1861977569583588	1.2575485132844721	1.1861977569583588	1.1861977569583588	1.2575485132844721	1.1861977569583588	1.1861977569583588	-339.46613103076186	-83.39461595720346
200	-422.76854438422896	-785.8245574232998	-422.76854438422896	-363.0560130390708	13.250799283862095	0.012842040901858462	0.017564425726788846	0.009856265122533625	0.05066988140572286	0.011647894548426074	0.02001314805953698	0.013655648615752053	0.006113329305491522	0.020678635773333384	0.026674544373106873	0.04538091954213483	0.03866967110801556	0.03090924868333665	0.03596284502662249	0.023525454318902378	0.06162634415734711	0.038765714462379294	0.041469970841584325	0.01317238715312019	0.023976633070232206	0.03815912966455491	0.013362333908087817	0.028303502453978155	0.025367357455404402	0.07179639714975525	0.006932087186933819	0.03425895963047153	0.020626265768566632	0.016195558333659252	0.016211190423666796	0.023591657258862586	0.019902013570910704	0.034522460214623685	0.01802900805181784	0.02500811531484648	0.020917549050512463	0.043641411767121996	8.753148059311408E-4	0.006495397688593877	1.398668665088744	1.3630265487366044	0.7627123326378826	0.49965036461419	0.16415691186825837	0.08010117316201257	0.4048740363468281	0.26685563946739954	1.0349843806210572	0.47857303717485294	3.265061090471193	1.3630265487366044	1.3630265487366044	1.3630265487366044	1.398668665088744	1.3630265487366044	1.3630265487366044	1.398668665088744	1.3630265487366044	1.3630265487366044	1.398668665088744	1.3630265487366044	1.3630265487366044	-337.97963268615365	-84.78891169807531
201	-422.62186570024164	-768.8285808524233	-422.62186570024164	-346.20671515218174	9.64552930444473	0.012842040901858462	0.03317934262016331	0.013902312730099176	0.07349246529253421	0.011647894548426074	0.02001314805953698	0.013655648615752053	0.006113329305491522	0.020678635773333384	0.026674544373106873	0.029044348741079945	0.06714334533472222	0.03090924868333665	0.013140261139811135	0.023525454318902378	0.06162634415734711	0.038765714462379294	0.041469970841584325	0.01317238715312019	0.023976633070232206	0.03815912966455491	0.02031296026694361	0.028303502453978155	0.025367357455404402	0.07179639714975525	0.006932087186933819	0.03314709901898803	0.020626265768566632	0.016195558333659252	0.016211190423666796	0.023591657258862586	0.019902013570910704	0.019451169792889855	0.01802900805181784	0.02500811531484648	0.020917549050512463	0.021075868514891738	4.889520632377362E-4	0.007204293198373621	0.7872408293851316	1.559474172550775	0.6165228281290904	0.5519910263335658	0.21984083997230647	0.10871160882650358	0.6486631721481969	0.3920896998679847	0.8068636360673369	0.46211544459161025	4.1373352450923635	1.559474172550775	1.559474172550775	1.559474172550775	0.7872408293851316	1.559474172550775	1.559474172550775	0.7872408293851316	1.559474172550775	1.559474172550775	0.7872408293851316	1.559474172550775	1.559474172550775	-339.6001879935786	-83.0216777066631
202	-422.61718130060996	-770.3433011186767	-422.61718130060996	-347.7261198180667	10.394922063841328	0.012842040901858462	0.03317934262016331	0.013902312730099176	0.07349246529253421	0.011647894548426074	0.02001314805953698	0.013655648615752053	0.03856804148574572	0.020678635773333384	0.026674544373106873	0.029044348741079945	0.06714334533472222	0.02907782235147914	0.013140261139811135	0.023525454318902378	0.06162634415734711	0.006311002282125097	0.041469970841584325	0.01317238715312019	0.038239052501766485	0.023896710233020632	0.02031296026694361	0.028303502453978155	0.025367357455404402	0.07179639714975525	0.006932087186933819	0.03314709901898803	0.020626265768566632	0.018026984665516763	0.016211190423666796	0.023591657258862586	0.019902013570910704	0.019451169792889855	0.01802900805181784	0.02500811531484648	0.020917549050512463	0.021075868514891738	6.254463036031396E-4	0.006564263184249161	0.8322983360481908	1.9622410964676107	1.0140568140882513	0.34445736637389174	0.2104289753362258	0.1284391710890573	0.6149122163705514	0.40923751950968484	0.5594517464485459	0.5071761186019977	5.897259342638512	1.9622410964676107	1.9622410964676107	1.9622410964676107	0.8322983360481908	1.9622410964676107	1.9622410964676107	0.8322983360481908	1.9622410964676107	1.9622410964676107	0.8322983360481908	1.9622410964676107	1.9622410964676107	-339.50151763239535	-83.11566366821461
203	-421.2802337928683	-764.6959833070698	-421.2802337928683	-343.4157495142016	10.30268383872491	0.012842040901858462	0.03317934262016331	0.013902312730099176	0.07349246529253421	0.011647894548426074	0.02001314805953698	0.013655648615752053	0.03856804148574572	0.020678635773333384	0.026674544373106873	0.029044348741079945	0.06714334533472222	0.021169635435183007	0.013140261139811135	0.023525454318902378	0.06162634415734711	0.006311002282125097	0.041469970841584325	0.026009172470123465	0.038239052501766485	0.023896710233020632	0.02031296026694361	0.028303502453978155	0.025367357455404402	0.07179639714975525	0.006932087186933819	0.03314709901898803	0.020626265768566632	0.018026984665516763	0.016211190423666796	0.023591657258862586	0.014973415170203563	0.019451169792889855	0.01802900805181784	0.02500811531484648	0.020917549050512463	0.021075868514891738	5.011933037601789E-4	0.007200673298205582	0.9846901240592985	1.429093538506234	1.0180300855833226	0.26857436372736937	0.3108896219916757	0.06847188298921993	0.4524513170440682	0.450546852486911	0.653465836963036	0.34804836829707736	4.773961668029534	1.429093538506234	1.429093538506234	1.429093538506234	0.9846901240592985	1.429093538506234	1.429093538506234	0.9846901240592985	1.429093538506234	1.429093538506234	0.9846901240592985	1.429093538506234	1.429093538506234	-338.5065582271952	-82.77367556567303
204	-420.2651269362293	-780.2068578855161	-420.2651269362293	-359.9417309492868	9.547379396719665	0.012842040901858462	0.03317934262016331	0.0062374927604079144	0.07349246529253421	0.011647894548426074	0.028779223813645907	0.013655648615752053	0.03856804148574572	0.020678635773333384	0.026674544373106873	0.029044348741079945	0.0487850805808292	0.021169635435183007	0.013140261139811135	0.014759378564793452	0.06162634415734711	0.006311002282125097	0.041469970841584325	0.026009172470123465	0.038239052501766485	0.023896710233020632	0.02031296026694361	0.028303502453978155	0.025367357455404402	0.07179639714975525	0.0329551719105181	0.03314709901898803	0.020626265768566632	0.018026984665516763	0.016211190423666796	0.023591657258862586	0.014973415170203563	0.019451169792889855	0.01802900805181784	0.02500811531484648	0.020917549050512463	0.021075868514891738	4.323820484765977E-4	0.007781004627547056	0.9472777311892234	1.1708462510987074	1.0199720582767557	0.3129140554667738	0.4566600214421445	0.08557678807808879	0.9266596252274412	0.568536691471362	0.4184704809934688	0.15081626088977615	7.948120611955779	1.1708462510987074	1.1708462510987074	1.1708462510987074	0.9472777311892234	1.1708462510987074	1.1708462510987074	0.9472777311892234	1.1708462510987074	1.1708462510987074	0.9472777311892234	1.1708462510987074	1.1708462510987074	-337.8640580960853	-82.40106884014403
205	-420.25630449970413	-770.0632929110128	-420.25630449970413	-349.8069884113087	10.816926809821421	0.012842040901858462	0.02473198259323972	0.0062374927604079144	0.10601500720314154	0.009758567938606855	0.028779223813645907	0.013655648615752053	0.04701540151266931	0.020678635773333384	0.026674544373106873	0.029044348741079945	0.0487850805808292	0.028760990565329533	0.013140261139811135	0.029366794247823153	0.06162634415734711	0.006311002282125097	0.041469970841584325	0.026009172470123465	0.03064769737161996	0.023896710233020632	0.02031296026694361	0.028303502453978155	0.025367357455404402	0.018282358359254042	0.0329551719105181	0.01800571262574578	0.020626265768566632	0.018026984665516763	0.016211190423666796	0.023591657258862586	0.00850212634481018	0.04744792620838967	0.01802900805181784	0.02500811531484648	0.020917549050512463	0.022965195124710958	2.440648597180144E-4	0.007574904674180609	0.7732544003239398	1.530422400278832	0.9090152364551334	0.3609465323784479	0.5604599609989449	0.09357368800202762	0.8309650739476038	0.33018143360671093	0.39421498626598106	0.14119173286432962	3.049446286780646	1.530422400278832	1.530422400278832	1.530422400278832	0.7732544003239398	1.530422400278832	1.530422400278832	0.7732544003239398	1.530422400278832	1.530422400278832	0.7732544003239398	1.530422400278832	1.530422400278832	-337.6183815501531	-82.63792294955098
206	-418.972562202741	-760.0034171090526	-418.972562202741	-341.0308549063116	10.449475831136144	0.012842040901858462	0.02473198259323972	0.0062374927604079144	0.06790397691375764	0.04786959822799075	0.028779223813645907	0.02339941590482761	0.024955355824405723	0.033216611643727564	0.026674544373106873	0.029044348741079945	0.0487850805808292	0.028760990565329533	0.013140261139811135	0.016828818377428972	0.06162634415734711	0.006311002282125097	0.041469970841584325	0.026009172470123465	0.03064769737161996	0.023896710233020632	0.02031296026694361	0.0185597351649026	0.025367357455404402	0.04034240404751763	0.019254859947076083	0.01800571262574578	0.020626265768566632	0.018026984665516763	0.016211190423666796	0.022084953711842714	0.010008829891830051	0.04744792620838967	0.01802900805181784	0.03870842727828849	0.020917549050512463	0.022965195124710958	2.0230895344147651E-4	0.006964237459746496	1.149468346116096	1.5194159494781834	0.5088906387672983	0.3336422354918397	0.775402042302664	0.08780938037073192	0.9991509575213062	0.4643346087960137	0.28854470760639256	0.17406798866539427	4.057437023858767	1.5194159494781834	1.5194159494781834	1.5194159494781834	1.149468346116096	1.5194159494781834	1.5194159494781834	1.149468346116096	1.5194159494781834	1.5194159494781834	1.149468346116096	1.5194159494781834	1.5194159494781834	-335.3008948995323	-83.67166730320874
207	-418.8660655180015	-772.7108335916262	-418.8660655180015	-353.8447680736246	12.567442413508084	0.012842040901858462	0.02473198259323972	0.0062374927604079144	0.06790397691375764	0.04786959822799075	0.019908289293666684	0.02339941590482761	0.04656103858603783	0.033216611643727564	0.026674544373106873	0.029044348741079945	0.034113419341959106	0.03763192508530876	0.018961023663656804	0.016828818377428972	0.06162634415734711	0.006311002282125097	0.041469970841584325	0.026009172470123465	0.03064769737161996	0.023896710233020632	0.02031296026694361	0.012738972641056931	0.025367357455404402	0.02095473261964373	0.03864253137494998	0.01800571262574578	0.020626265768566632	0.018026984665516763	0.016211190423666796	0.022084953711842714	0.010008829891830051	0.04744792620838967	0.01802900805181784	0.03177440575552648	0.020917549050512463	0.022965195124710958	1.2877326197328085E-4	0.0068121339712311334	0.9216238765042502	1.276252687568221	0.7072972195814935	0.25043851125583516	0.44786012540532766	0.07588814086923838	0.8189109812721856	0.4030771804111641	0.2967319258346619	0.12243640963341967	6.26200001893606	1.276252687568221	1.276252687568221	1.276252687568221	0.9216238765042502	1.276252687568221	1.276252687568221	0.9216238765042502	1.276252687568221	1.276252687568221	0.9216238765042502	1.276252687568221	1.276252687568221	-336.0393268766909	-82.82673864131063
208	-418.70632360078514	-768.8983197756577	-418.70632360078514	-350.1919961748725	14.526882059454785	0.01955006027173721	0.02473198259323972	0.0062374927604079144	0.06790397691375764	0.04786959822799075	0.019908289293666684	0.02339941590482761	0.04656103858603783	0.033216611643727564	0.019966525003228125	0.029044348741079945	0.034113419341959106	0.03763192508530876	0.03183973121005322	0.016828818377428972	0.06162634415734711	0.006311002282125097	0.028591263295187908	0.026009172470123465	0.03064769737161996	0.023896710233020632	0.03654573911971758	0.012738972641056931	0.025367357455404402	0.02095473261964373	0.022409752522176016	0.01800571262574578	0.020626265768566632	0.018026984665516763	0.016211190423666796	0.022084953711842714	0.010008829891830051	0.04744792620838967	0.01802900805181784	0.03177440575552648	0.020917549050512463	0.022965195124710958	5.485732577733344E-4	0.007199953601313027	0.5803816935775524	0.7571423529687887	0.8406517697777713	0.3282464992227684	0.555443815925249	0.07706145262773235	1.0148961639021226	0.4848400617478675	0.4273494999441738	0.164511197590583	4.1950739501805385	0.7571423529687887	0.7571423529687887	0.7571423529687887	0.5803816935775524	0.7571423529687887	0.7571423529687887	0.5803816935775524	0.7571423529687887	0.7571423529687887	0.5803816935775524	0.7571423529687887	0.7571423529687887	-335.49374355217935	-83.2125800486058
209	-418.5852259684849	-767.4511663200138	-418.5852259684849	-348.86594035152893	12.655907885138937	0.012045524735812205	0.028203480353158228	0.01374202829633292	0.06790397691375764	0.04786959822799075	0.019908289293666684	0.04373203068767692	0.04656103858603783	0.033216611643727564	0.019966525003228125	0.029044348741079945	0.034113419341959106	0.03763192508530876	0.03183973121005322	0.016828818377428972	0.06162634415734711	0.006311002282125097	0.028591263295187908	0.026009172470123465	0.025050041313480292	0.023896710233020632	0.03654573911971758	0.012738972641056931	0.025367357455404402	0.02095473261964373	0.022409752522176016	0.023603368683885448	0.017154768008648125	0.018026984665516763	0.016211190423666796	0.022084953711842714	0.010008829891830051	0.027115311425540356	0.01802900805181784	0.03177440575552648	0.020917549050512463	0.022965195124710958	1.5455440608608476E-4	0.006692432433708391	0.5544542627418326	0.7010622446422434	0.9071466175158904	0.26303932208983644	0.5223293073354834	0.11451618153800755	1.3304314991938402	0.2765070686524079	0.40868426051284473	0.250208598055138	6.281665910501506	0.7010622446422434	0.7010622446422434	0.7010622446422434	0.5544542627418326	0.7010622446422434	0.7010622446422434	0.5544542627418326	0.7010622446422434	0.7010622446422434	0.5544542627418326	0.7010622446422434	0.7010622446422434	-336.3728438160347	-82.2123821524502
210	-418.19243377006563	-762.1339575911327	-418.19243377006563	-343.941523821067	11.363878324190384	0.012045524735812205	0.028203480353158228	0.01374202829633292	0.05163916979392717	0.04786959822799075	0.019908289293666684	0.04373203068767692	0.04252817616016763	0.033216611643727564	0.019966525003228125	0.029365679865522493	0.034113419341959106	0.03763192508530876	0.03183973121005322	0.016828818377428972	0.05660163620287925	0.006311002282125097	0.028591263295187908	0.026009172470123465	0.025050041313480292	0.023896710233020632	0.017164953245001877	0.012417641516614383	0.025367357455404402	0.02095473261964373	0.029019722930807332	0.023603368683885448	0.017154768008648125	0.023051692619984618	0.03301486831562138	0.030408843024149035	0.010008829891830051	0.035056229233064506	0.01802900805181784	0.03177440575552648	0.020917549050512463	0.022965195124710958	1.7013304216366199E-4	0.006076886430991383	0.7895419244253603	0.899740224573468	0.8441496307509053	0.29816538593390074	0.4043944525925807	0.16054814117253932	1.7113470627804666	0.30110588765277213	0.477269649803685	0.25132510646760103	5.736334264919447	0.899740224573468	0.899740224573468	0.899740224573468	0.7895419244253603	0.899740224573468	0.899740224573468	0.7895419244253603	0.899740224573468	0.899740224573468	0.7895419244253603	0.899740224573468	0.899740224573468	-335.5804507946201	-82.61198297544551
211	-418.05738962585644	-762.9987460520631	-418.05738962585644	-344.9413564262067	12.063066573707133	0.012045524735812205	0.028203480353158228	0.01374202829633292	0.05163916979392717	0.061888800264681465	0.019908289293666684	0.032546683267990345	0.04252817616016763	0.033216611643727564	0.01516177169605179	0.029365679865522493	0.014098893763530462	0.03339324400673625	0.03183973121005322	0.028014165797115548	0.05660163620287925	0.006311002282125097	0.028591263295187908	0.020691134018355095	0.029854794620656627	0.023896710233020632	0.017164953245001877	0.012417641516614383	0.025367357455404402	0.02095473261964373	0.029019722930807332	0.02315309068737513	0.017154768008648125	0.023051692619984618	0.03301486831562138	0.046411164092738155	0.010008829891830051	0.035056229233064506	0.01802900805181784	0.03177440575552648	0.020917549050512463	0.022965195124710958	8.479612826090868E-4	0.007947963552068308	0.7154350272398213	0.6098681647394587	1.0181411547080705	0.2855504725255284	0.4146254457586338	0.14951281842758352	1.7920886278004624	0.309233249839875	0.4507031040782339	0.3658999304260267	5.432170526181086	0.6098681647394587	0.6098681647394587	0.6098681647394587	0.7154350272398213	0.6098681647394587	0.6098681647394587	0.7154350272398213	0.6098681647394587	0.6098681647394587	0.7154350272398213	0.6098681647394587	0.6098681647394587	-335.7181324313201	-82.33925719453636
212	-417.9924739724951	-761.3838414643519	-417.9924739724951	-343.3913674918568	13.530975734263517	0.012045524735812205	0.028203480353158228	0.01374202829633292	0.05276472796436764	0.061888800264681465	0.019908289293666684	0.032546683267990345	0.04252817616016763	0.033216611643727564	0.01516177169605179	0.029365679865522493	0.014098893763530462	0.03339324400673625	0.04022212054774697	0.028014165797115548	0.05660163620287925	0.006311002282125097	0.028591263295187908	0.020691134018355095	0.029854794620656627	0.023896710233020632	0.017164953245001877	0.012417641516614383	0.025367357455404402	0.034372443041756656	0.029019722930807332	0.02315309068737513	0.017154768008648125	0.021926134449544152	0.024632478977927627	0.046411164092738155	0.010008829891830051	0.02163851881095158	0.01802900805181784	0.03177440575552648	0.020917549050512463	0.022965195124710958	2.430464925421417E-4	0.008073248020868782	0.7636609529123204	0.8736275870611555	1.0435616640419658	0.18828187959967457	0.43182317825828453	0.10314989960659149	1.5631770056727348	0.5225948379425296	0.4408637419460839	0.3332531105964317	4.063604175125309	0.8736275870611555	0.8736275870611555	0.8736275870611555	0.7636609529123204	0.8736275870611555	0.8736275870611555	0.7636609529123204	0.8736275870611555	0.8736275870611555	0.7636609529123204	0.8736275870611555	0.8736275870611555	-335.3601648747918	-82.63230909770327
213	-417.5504312163159	-762.1416570454724	-417.5504312163159	-344.5912258291564	13.697120225318852	0.012045524735812205	0.023079679143442777	0.01374202829633292	0.05276472796436764	0.061888800264681465	0.019908289293666684	0.032546683267990345	0.04252817616016763	0.033216611643727564	0.01516177169605179	0.02602982928970496	0.01750540213297158	0.03339324400673625	0.04022212054774697	0.028014165797115548	0.05660163620287925	0.006311002282125097	0.028591263295187908	0.020691134018355095	0.029854794620656627	0.023896710233020632	0.04024972733789865	0.012417641516614383	0.025367357455404402	0.03949624425147211	0.029019722930807332	0.02315309068737513	0.017154768008648125	0.021926134449544152	0.024632478977927627	0.023255732206217794	0.010008829891830051	0.02163851881095158	0.01802900805181784	0.03177440575552648	0.020917549050512463	0.022965195124710958	2.0407964314735292E-4	0.00687918735555992	0.8062203226956216	0.8399660854908009	0.9813258886923526	0.15102450381598312	0.7112648072546486	0.12070993782482055	1.3050725197340467	0.34577484855437884	0.3669212792075444	0.29502487792856114	6.275321096703819	0.8399660854908009	0.8399660854908009	0.8399660854908009	0.8062203226956216	0.8399660854908009	0.8399660854908009	0.8062203226956216	0.8399660854908009	0.8399660854908009	0.8062203226956216	0.8399660854908009	0.8399660854908009	-333.5797511722738	-83.97068004404213
214	-416.8119066364517	-780.1668020931813	-416.8119066364517	-363.35489545672965	14.739226845072988	0.022758259009257528	0.023079679143442777	0.01374202829633292	0.05276472796436764	0.061888800264681465	0.019908289293666684	0.032546683267990345	0.04252817616016763	0.022732827276374143	0.04154844211570527	0.02602982928970496	0.01750540213297158	0.03339324400673625	0.04022212054774697	0.028014165797115548	0.030214965783225772	0.006311002282125097	0.02262894467675347	0.020691134018355095	0.03573046728847992	0.019146294578009745	0.04024972733789865	0.032889266047090734	0.025367357455404402	0.03949624425147211	0.029019722930807332	0.02315309068737513	0.017154768008648125	0.021926134449544152	0.03511626334528105	0.023255732206217794	0.010008829891830051	0.02163851881095158	0.01802900805181784	0.01130278122505013	0.015041876382689168	0.022965195124710958	2.3918408323264152E-4	0.007948578580024932	0.861084336473928	0.9985697768011467	1.0767099427439824	0.12437253606415033	0.4572098991624693	0.11500517934362935	1.0748518781319771	0.39408978840840125	0.4506457289330534	0.26480612061635933	6.933032830133227	0.9985697768011467	0.9985697768011467	0.9985697768011467	0.861084336473928	0.9985697768011467	0.9985697768011467	0.861084336473928	0.9985697768011467	0.9985697768011467	0.861084336473928	0.9985697768011467	0.9985697768011467	-334.1989280241145	-82.61297861233723
215	-415.32991567447544	-776.8031200811647	-415.32991567447544	-361.4732044066893	14.051545731048686	0.022758259009257528	0.023079679143442777	0.01374202829633292	0.05276472796436764	0.061888800264681465	0.019908289293666684	0.032546683267990345	0.04252817616016763	0.022732827276374143	0.026469130151524495	0.02602982928970496	0.032584714097152356	0.03339324400673625	0.04022212054774697	0.028014165797115548	0.030214965783225772	0.006311002282125097	0.02262894467675347	0.020691134018355095	0.03573046728847992	0.019146294578009745	0.04024972733789865	0.032889266047090734	0.025367357455404402	0.03949624425147211	0.029019722930807332	0.02315309068737513	0.017154768008648125	0.021926134449544152	0.03511626334528105	0.023255732206217794	0.010008829891830051	0.02163851881095158	0.01802900805181784	0.01130278122505013	0.015041876382689168	0.022965195124710958	5.253280516248055E-4	0.00586804393853079	0.5220253936727997	0.4336343535691851	0.8797049737492688	0.1173092689923414	0.6204316576219444	0.1541303021223869	1.401835284082765	0.8016590507084843	0.7261611519103305	0.31510244091167516	3.955521002861133	0.4336343535691851	0.4336343535691851	0.4336343535691851	0.5220253936727997	0.4336343535691851	0.4336343535691851	0.5220253936727997	0.4336343535691851	0.4336343535691851	0.5220253936727997	0.4336343535691851	0.4336343535691851	-332.3278780476663	-83.00203762680916
216	-415.1308774779511	-769.775415789845	-415.1308774779511	-354.64453831189394	13.422034795307264	0.010876121218258969	0.023079679143442777	0.01374202829633292	0.05276472796436764	0.061888800264681465	0.019908289293666684	0.032546683267990345	0.04252817616016763	0.022732827276374143	0.026469130151524495	0.02602982928970496	0.032584714097152356	0.03339324400673625	0.04022212054774697	0.025616628077721998	0.030214965783225772	0.006311002282125097	0.02262894467675347	0.020691134018355095	0.03573046728847992	0.019146294578009745	0.0426472650572922	0.032889266047090734	0.025367357455404402	0.03949624425147211	0.029019722930807332	0.02315309068737513	0.017154768008648125	0.021926134449544152	0.03511626334528105	0.023255732206217794	0.010008829891830051	0.02163851881095158	0.0299111458428164	0.01130278122505013	0.015041876382689168	0.022965195124710958	2.2377673968808405E-4	0.006732978586025552	0.5238434939792987	0.7621280722280345	0.9666968623292633	0.12496939288312676	0.7957744555898985	0.10465977414611578	1.373766153047	0.6123094648780473	1.030518738638873	0.19649229914209512	5.24434980418749	0.7621280722280345	0.7621280722280345	0.7621280722280345	0.5238434939792987	0.7621280722280345	0.7621280722280345	0.5238434939792987	0.7621280722280345	0.7621280722280345	0.5238434939792987	0.7621280722280345	0.7621280722280345	-332.7193341275225	-82.41154335042863
217	-414.80918528285144	-783.4353278590548	-414.80918528285144	-368.6261425762034	14.536808813437357	0.010876121218258969	0.023079679143442777	0.01374202829633292	0.05276472796436764	0.061888800264681465	0.019908289293666684	0.032546683267990345	0.04252817616016763	0.022732827276374143	0.026469130151524495	0.02602982928970496	0.032584714097152356	0.03339324400673625	0.04022212054774697	0.025616628077721998	0.030214965783225772	0.006311002282125097	0.02262894467675347	0.020691134018355095	0.04322514991609569	0.019146294578009745	0.0426472650572922	0.032889266047090734	0.025367357455404402	0.03949624425147211	0.029019722930807332	0.02315309068737513	0.017154768008648125	0.021926134449544152	0.03511626334528105	0.023255732206217794	0.010008829891830051	0.02163851881095158	0.022416463215200633	0.01130278122505013	0.015041876382689168	0.022965195124710958	3.6653046261859236E-4	0.005911019771072216	0.5401196821436701	0.3756561046646951	0.8171843539058564	0.2184412665388248	1.0354292758827854	0.07789084064121597	1.7333776938359433	0.8315992697663269	0.7638244037145565	0.26356844558997045	5.913601481900938	0.3756561046646951	0.3756561046646951	0.3756561046646951	0.5401196821436701	0.3756561046646951	0.3756561046646951	0.5401196821436701	0.3756561046646951	0.3756561046646951	0.5401196821436701	0.3756561046646951	0.3756561046646951	-331.9997000836608	-82.80948519919062
218	-414.57676956142507	-790.4279227077254	-414.57676956142507	-375.8511531463003	14.860395868818744	0.010876121218258969	0.023079679143442777	0.01374202829633292	0.05276472796436764	0.06303007427425389	0.019908289293666684	0.032546683267990345	0.03236471878813557	0.022732827276374143	0.026469130151524495	0.026841800698064383	0.032584714097152356	0.03339324400673625	0.03908084653817455	0.025616628077721998	0.030214965783225772	0.006311002282125097	0.02262894467675347	0.020691134018355095	0.04322514991609569	0.009216645952311073	0.0426472650572922	0.032889266047090734	0.025367357455404402	0.04942589287717078	0.029019722930807332	0.03331654805940719	0.017154768008648125	0.021926134449544152	0.03511626334528105	0.02244376079785837	0.010008829891830051	0.02163851881095158	0.022416463215200633	0.01130278122505013	0.015041876382689168	0.022965195124710958	0.0011644272058055234	0.006465725483298796	0.6606461051689948	0.5992743019608213	0.7151613951010859	0.14519235678054138	1.7197076126145439	0.1121470806802394	2.1434186577701517	0.5157406639060396	1.173611749347378	0.271757337861148	4.216960475870099	0.5992743019608213	0.5992743019608213	0.5992743019608213	0.6606461051689948	0.5992743019608213	0.5992743019608213	0.6606461051689948	0.5992743019608213	0.5992743019608213	0.6606461051689948	0.5992743019608213	0.5992743019608213	-330.51451708335225	-84.0622524780728
219	-414.57625886715954	-774.9717220557707	-414.57625886715954	-360.3954631886112	14.550689966236385	0.010876121218258969	0.023079679143442777	0.01374202829633292	0.07677278693677929	0.06303007427425389	0.019908289293666684	0.032546683267990345	0.03236471878813557	0.022732827276374143	0.026469130151524495	0.026841800698064383	0.032584714097152356	0.03339324400673625	0.03908084653817455	0.025616628077721998	0.01659823340807895	0.006311002282125097	0.01639831288173632	0.05729393218912271	0.01921709094368404	0.009216645952311073	0.0426472650572922	0.032889266047090734	0.025367357455404402	0.012823094706403165	0.029019722930807332	0.03331654805940719	0.0370021321788121	0.021926134449544152	0.03511626334528105	0.02244376079785837	0.010008829891830051	0.02163851881095158	0.022416463215200633	0.01130278122505013	0.015041876382689168	0.022965195124710958	2.2150194194245901E-4	0.0072851821761854155	0.692583256868817	0.698051933140743	0.8948719367798387	0.17032603825151268	1.0488590647622416	0.1568950744911909	1.889425728646878	0.5014831964509444	1.245477934621293	0.20324754609840415	5.052363335746239	0.698051933140743	0.698051933140743	0.698051933140743	0.692583256868817	0.698051933140743	0.698051933140743	0.692583256868817	0.698051933140743	0.698051933140743	0.692583256868817	0.698051933140743	0.698051933140743	-332.006997717647	-82.56926114951257
220	-414.48104385023	-785.8974625938758	-414.48104385023	-371.4164187436459	16.100270417348053	0.010876121218258969	0.023079679143442777	0.01374202829633292	0.06445384436305317	0.06303007427425389	0.019908289293666684	0.030960905637244712	0.051661841227418626	0.024318604907119776	0.005911787629186954	0.047399143220401924	0.032584714097152356	0.032401260095318615	0.03908084653817455	0.025616628077721998	0.01659823340807895	0.006311002282125097	0.01639831288173632	0.05729393218912271	0.01921709094368404	0.04244877645645427	0.0426472650572922	0.032889266047090734	0.025367357455404402	0.012823094706403165	0.025048511211036115	0.03331654805940719	0.017705009739529043	0.009463217833700507	0.03511626334528105	0.02244376079785837	0.010008829891830051	0.022630502722369217	0.017937403620398418	0.01130278122505013	0.015041876382689168	0.022965195124710958	4.10720448078373E-4	0.008087300983638175	0.7486204912011316	0.7617715745223776	0.788301731469917	0.2627581449200563	1.0809876210378115	0.11682661882156559	1.0351773711637613	1.0070775286574185	1.0640199426581096	0.16145394016884382	6.618142938792214	0.7617715745223776	0.7617715745223776	0.7617715745223776	0.7486204912011316	0.7617715745223776	0.7617715745223776	0.7486204912011316	0.7617715745223776	0.7617715745223776	0.7486204912011316	0.7617715745223776	0.7617715745223776	-331.0341349589018	-83.44690889132816
221	-414.24542069001495	-770.3619916750881	-414.24542069001495	-356.11657098507317	16.948354766475703	0.010876121218258969	0.023079679143442777	0.03434770793781711	0.06445384436305317	0.06303007427425389	0.019908289293666684	0.030960905637244712	0.051661841227418626	0.024318604907119776	0.005911787629186954	0.047399143220401924	0.01197903445566817	0.032401260095318615	0.03908084653817455	0.025616628077721998	0.01659823340807895	0.006311002282125097	0.01639200044695943	0.05729393218912271	0.01921709094368404	0.04244877645645427	0.0426472650572922	0.032889266047090734	0.025367357455404402	0.012823094706403165	0.025054823645813004	0.03331654805940719	0.017705009739529043	0.009463217833700507	0.03511626334528105	0.02244376079785837	0.010008829891830051	0.022630502722369217	0.017937403620398418	0.01130278122505013	0.015041876382689168	0.022965195124710958	3.7327431559156025E-4	0.0069724647698960595	0.9851297723322916	1.000518284264795	1.3094605520876086	0.3347722013285834	0.8130905714443913	0.07941022059862798	1.1378192866925145	0.7045847856852784	1.003533084504415	0.12377135585256764	6.372976871612234	1.000518284264795	1.000518284264795	1.000518284264795	0.9851297723322916	1.000518284264795	1.000518284264795	0.9851297723322916	1.000518284264795	1.000518284264795	0.9851297723322916	1.000518284264795	1.000518284264795	-331.78942764906236	-82.45599304095259
222	-414.11709690141566	-774.5494243186565	-414.11709690141566	-360.43232741724086	18.174060516759123	0.010876121218258969	0.023079679143442777	0.03434770793781711	0.06445384436305317	0.06303007427425389	0.019908289293666684	0.030960905637244712	0.03620593822651835	0.024318604907119776	0.005911787629186954	0.047399143220401924	0.01197903445566817	0.032401260095318615	0.03908084653817455	0.025616628077721998	0.01659823340807895	0.006311002282125097	0.01639200044695943	0.05729393218912271	0.024289223478199368	0.04244877645645427	0.0426472650572922	0.032889266047090734	0.025367357455404402	0.028278997707303438	0.025054823645813004	0.02824441552489186	0.014036758176532604	0.009463217833700507	0.03511626334528105	0.02244376079785837	0.01367708145482649	0.022630502722369217	0.017937403620398418	0.01130278122505013	0.015041876382689168	0.022965195124710958	6.981728153572074E-4	0.007085215851854024	0.5587410957079849	1.0049157322835978	1.1634651233851956	0.22662237598821222	0.6346830521337317	0.09138051569796975	1.22567621946395	1.1797098394448247	1.1477793109294527	0.13244587462337254	6.649826175434789	1.0049157322835978	1.0049157322835978	1.0049157322835978	0.5587410957079849	1.0049157322835978	1.0049157322835978	0.5587410957079849	1.0049157322835978	1.0049157322835978	0.5587410957079849	1.0049157322835978	1.0049157322835978	-330.79596329692254	-83.32113360449311
223	-413.7733959071149	-779.7066767704266	-413.7733959071149	-365.9332808633117	18.17860167239318	0.010876121218258969	0.023079679143442777	0.03434770793781711	0.06445384436305317	0.06303007427425389	0.019908289293666684	0.030960905637244712	0.03620593822651835	0.024318604907119776	0.005911787629186954	0.047399143220401924	0.01197903445566817	0.032401260095318615	0.03908084653817455	0.025616628077721998	0.01659823340807895	0.02220859182148581	0.01639200044695943	0.05729393218912271	0.024289223478199368	0.04244877645645427	0.0426472650572922	0.032889266047090734	0.025367357455404402	0.012381408167942726	0.025054823645813004	0.014708472711958395	0.014036758176532604	0.009463217833700507	0.03511626334528105	0.02244376079785837	0.01367708145482649	0.022630502722369217	0.017937403620398418	0.01130278122505013	0.028577819195622634	0.022965195124710958	3.1282587115478993E-4	0.006946910800536866	1.216058894058676	1.075340854335502	0.9811134714413857	0.19847128192731475	0.6187110733451249	0.0864412894072657	1.1098327327066455	1.3457513665975922	0.995226929638974	0.11346749035606876	3.295116919451746	1.075340854335502	1.075340854335502	1.075340854335502	1.216058894058676	1.075340854335502	1.075340854335502	1.216058894058676	1.075340854335502	1.075340854335502	1.216058894058676	1.075340854335502	1.075340854335502	-329.2959938608135	-84.47740204630139
224	-413.3879828856242	-784.8581241309666	-413.3879828856242	-371.47014124534246	15.329649705397461	0.010876121218258969	0.023079679143442777	0.03434770793781711	0.06445384436305317	0.06303007427425389	0.019908289293666684	0.030960905637244712	0.03620593822651835	0.024318604907119776	0.005911787629186954	0.047399143220401924	0.01197903445566817	0.032401260095318615	0.01441457446108839	0.025616628077721998	0.01659823340807895	0.02220859182148581	0.01639200044695943	0.035249489150518176	0.024289223478199368	0.04244877645645427	0.0426472650572922	0.05493370908569527	0.025367357455404402	0.012381408167942726	0.025054823645813004	0.014708472711958395	0.014036758176532604	0.009463217833700507	0.03511626334528105	0.02244376079785837	0.01367708145482649	0.022630502722369217	0.04260367569748458	0.01130278122505013	0.028577819195622634	0.022965195124710958	7.649496972349254E-4	0.0064548986542756395	0.9860077753179173	0.7827638955476987	1.2977284694272178	0.2714456903350474	0.6657807078943813	0.07434093032884997	1.6032814568922917	1.5672330047883645	0.9631878094136986	0.10319531430840258	9.647622892399642	0.7827638955476987	0.7827638955476987	0.7827638955476987	0.9860077753179173	0.7827638955476987	0.7827638955476987	0.9860077753179173	0.7827638955476987	0.7827638955476987	0.9860077753179173	0.7827638955476987	0.7827638955476987	-330.27313416223296	-83.1148487233912
225	-413.3511781889151	-766.2962239756357	-413.3511781889151	-352.9450457867205	14.952663846806423	0.010876121218258969	0.023079679143442777	0.03434770793781711	0.06445384436305317	0.06303007427425389	0.007622917375692831	0.030960905637244712	0.03620593822651835	0.024318604907119776	0.005911787629186954	0.047399143220401924	0.01197903445566817	0.032401260095318615	0.01441457446108839	0.025616628077721998	0.01659823340807895	0.02220859182148581	0.01639200044695943	0.035249489150518176	0.024289223478199368	0.04244877645645427	0.0426472650572922	0.05493370908569527	0.025367357455404402	0.012381408167942726	0.025054823645813004	0.014708472711958395	0.014036758176532604	0.009463217833700507	0.03511626334528105	0.02244376079785837	0.01367708145482649	0.022630502722369217	0.04260367569748458	0.023588153143023982	0.028577819195622634	0.022965195124710958	3.1668072915755927E-4	0.006163691991145141	0.8392770107809081	0.6204522298237132	1.4825531648153363	0.2109302947931219	0.46756544721655413	0.08275009600978964	1.2516681247419523	1.5967065275387657	0.9614328372458271	0.13041652393656147	3.6863998821227586	0.6204522298237132	0.6204522298237132	0.6204522298237132	0.8392770107809081	0.6204522298237132	0.6204522298237132	0.8392770107809081	0.6204522298237132	0.6204522298237132	0.8392770107809081	0.6204522298237132	0.6204522298237132	-329.94259851702805	-83.40857967188707
226	-412.8060496838865	-782.9771313558005	-412.8060496838865	-370.17108167191395	14.316960169713617	0.010876121218258969	0.030935937352145393	0.03434770793781711	0.06445384436305317	0.06303007427425389	0.035011840918020745	0.030960905637244712	0.03620593822651835	0.024318604907119776	0.005911787629186954	0.047399143220401924	0.01197903445566817	0.032401260095318615	0.01441457446108839	0.02499719854734414	0.01659823340807895	0.02220859182148581	0.008535742238256816	0.035249489150518176	0.024289223478199368	0.04244877645645427	0.04678336379917079	0.05493370908569527	0.025367357455404402	0.012381408167942726	0.020918724903934413	0.014708472711958395	0.014036758176532604	0.009463217833700507	0.007727339802953134	0.02244376079785837	0.01367708145482649	0.023249932252747074	0.04260367569748458	0.023588153143023982	0.028577819195622634	0.022965195124710958	9.283445094636955E-4	0.00715416733824211	0.640085410196815	0.481184901968141	1.9555239384849668	0.20517166474401197	0.956821809530849	0.10857168554155272	1.7912482290839127	1.295806363870266	1.3570550992110277	0.09512516413805856	6.624577031141091	0.481184901968141	0.481184901968141	0.481184901968141	0.640085410196815	0.481184901968141	0.481184901968141	0.640085410196815	0.481184901968141	0.481184901968141	0.640085410196815	0.481184901968141	0.481184901968141	-329.6458544596337	-83.16019522425277
227	-412.3168457185065	-787.2609060457245	-412.3168457185065	-374.944060327218	15.20618055593161	0.010876121218258969	0.030935937352145393	0.03434770793781711	0.06445384436305317	0.05649916741511729	0.035011840918020745	0.02585545319863622	0.03620593822651835	0.02942405734572827	0.005911787629186954	0.047399143220401924	0.013968208749131739	0.032401260095318615	0.01441457446108839	0.02499719854734414	0.01659823340807895	0.028739498680622408	0.008535742238256816	0.035249489150518176	0.024289223478199368	0.04244877645645427	0.04678336379917079	0.05493370908569527	0.025367357455404402	0.012381408167942726	0.020918724903934413	0.014708472711958395	0.014036758176532604	0.009463217833700507	0.007727339802953134	0.02244376079785837	0.01367708145482649	0.023249932252747074	0.04260367569748458	0.021598978849560413	0.028577819195622634	0.022965195124710958	3.7149721195107934E-4	0.006722276347740745	0.8377135405530606	0.504853680365447	2.017807198933423	0.12186740030705429	0.5256623810745665	0.08098503882968736	1.3522641292802056	1.1316719747585762	1.4645116650386585	0.0786973901331094	4.363468528792364	0.504853680365447	0.504853680365447	0.504853680365447	0.8377135405530606	0.504853680365447	0.504853680365447	0.8377135405530606	0.504853680365447	0.504853680365447	0.8377135405530606	0.504853680365447	0.504853680365447	-329.991454272013	-82.3253914464935
228	-412.09118569928887	-784.4226789156445	-412.09118569928887	-372.3314932163556	15.929799217276873	0.0338521251813587	0.036430676008811225	0.03434770793781711	0.06445384436305317	0.05649916741511729	0.035011840918020745	0.015473886023226718	0.03620593822651835	0.02942405734572827	0.019842346517791126	0.047399143220401924	0.013968208749131739	0.018470701206714443	0.01441457446108839	0.02499719854734414	0.01659823340807895	0.028739498680622408	0.008535742238256816	0.029754750493852344	0.024289223478199368	0.04244877645645427	0.04678336379917079	0.05493370908569527	0.025367357455404402	0.012381408167942726	0.020918724903934413	0.014708472711958395	0.014036758176532604	0.009463217833700507	0.007727339802953134	0.02244376079785837	0.01367708145482649	0.023249932252747074	0.04260367569748458	0.021598978849560413	0.0159833824079324	0.022965195124710958	4.131640299766354E-4	0.006345797270875859	0.9531648061929686	0.5551899868743837	1.7554265445843782	0.07815049119213364	0.6282010455187362	0.05449191655266201	1.2677779972879217	1.7135603083701958	1.5411269037415969	0.11404310290595913	6.077650617969665	0.5551899868743837	0.5551899868743837	0.5551899868743837	0.9531648061929686	0.5551899868743837	0.5551899868743837	0.9531648061929686	0.5551899868743837	0.5551899868743837	0.9531648061929686	0.5551899868743837	0.5551899868743837	-329.62338489756837	-82.46780080172049
229	-411.3054400533266	-777.5362074438983	-411.3054400533266	-366.2307673905717	16.44867658446678	0.0338521251813587	0.036430676008811225	0.03434770793781711	0.06445384436305317	0.05649916741511729	0.035011840918020745	0.015473886023226718	0.028500152285952207	0.02942405734572827	0.04316673721901895	0.047399143220401924	0.013968208749131739	0.018470701206714443	0.01441457446108839	0.02499719854734414	0.01659823340807895	0.027372432356807627	0.008535742238256816	0.029754750493852344	0.024289223478199368	0.04244877645645427	0.048150430122985574	0.035856223091779924	0.025367357455404402	0.012381408167942726	0.020918724903934413	0.014708472711958395	0.014036758176532604	0.009463217833700507	0.007727339802953134	0.02244376079785837	0.01367708145482649	0.03095571819331322	0.04260367569748458	0.021598978849560413	0.011736477700619918	0.022965195124710958	4.3210767178702297E-4	0.0064121011924666875	0.7862930781304999	0.7283451849701961	1.9210065771449563	0.07065578221067183	0.5381644815737576	0.051188012478782054	0.7619519319168693	1.7320025560533425	1.898660814401135	0.12684780837957332	3.785985703441949	0.7283451849701961	0.7283451849701961	0.7283451849701961	0.7862930781304999	0.7283451849701961	0.7283451849701961	0.7862930781304999	0.7283451849701961	0.7283451849701961	0.7862930781304999	0.7283451849701961	0.7283451849701961	-328.31757018242234	-82.98786987090423
230	-411.2137037247152	-787.2331040589695	-411.2137037247152	-376.01940033425427	14.901556187887332	0.029209525330449834	0.036430676008811225	0.03434770793781711	0.05994837434532234	0.05649916741511729	0.039719234930567796	0.015473886023226718	0.028500152285952207	0.02942405734572827	0.04316673721901895	0.047399143220401924	0.013968208749131739	0.02297617122444527	0.01441457446108839	0.02499719854734414	0.01659823340807895	0.022665038344260577	0.008535742238256816	0.029754750493852344	0.018057368504580368	0.04244877645645427	0.048150430122985574	0.035856223091779924	0.025367357455404402	0.012381408167942726	0.020918724903934413	0.014708472711958395	0.014036758176532604	0.009463217833700507	0.007727339802953134	0.027086360648767238	0.01367708145482649	0.03095571819331322	0.04260367569748458	0.027830833823179413	0.011736477700619918	0.022965195124710958	2.542972545565414E-4	0.005982408529281202	0.8236499738040147	0.6026792103712666	1.853466720477146	0.03377381040510622	0.6222479243955584	0.03764717080411649	0.811443418736304	1.0115226915219742	1.356224123535973	0.17310144111189785	2.9903293216305085	0.6026792103712666	0.6026792103712666	0.6026792103712666	0.8236499738040147	0.6026792103712666	0.6026792103712666	0.8236499738040147	0.6026792103712666	0.6026792103712666	0.8236499738040147	0.6026792103712666	0.6026792103712666	-327.44889049689493	-83.76481322782024
231	-411.1846485059056	-785.7834494064105	-411.1846485059056	-374.59880090050484	11.088672828056685	0.029209525330449834	0.01695020864570773	0.03434770793781711	0.07942884170842583	0.0698084557792763	0.039719234930567796	0.015473886023226718	0.028500152285952207	0.02942405734572827	0.04316673721901895	0.03408985485624291	0.013968208749131739	0.039151136200927236	0.01441457446108839	0.02499719854734414	0.01659823340807895	0.022665038344260577	0.008535742238256816	0.029754750493852344	0.018057368504580368	0.04244877645645427	0.03197546514650361	0.035856223091779924	0.025367357455404402	0.012381408167942726	0.020918724903934413	0.014708472711958395	0.014036758176532604	0.011482133106062928	0.008684320765311324	0.02678561372303645	0.01367708145482649	0.029237549846681588	0.019066810516224053	0.05136769900443994	0.010779496738261729	0.022965195124710958	3.155249052274036E-4	0.006182517917780906	0.5611051403081783	0.2637801112825694	1.3493503729760896	0.03326674125011807	0.7619464957724116	0.03375389909656954	0.9000039448262193	0.90056406834243	1.27574973637139	0.13650220271252558	5.356085111098844	0.2637801112825694	0.2637801112825694	0.2637801112825694	0.5611051403081783	0.2637801112825694	0.2637801112825694	0.5611051403081783	0.2637801112825694	0.2637801112825694	0.5611051403081783	0.2637801112825694	0.2637801112825694	-328.16987887464836	-83.01476963125724
232	-410.9420785695278	-779.5821337816036	-410.9420785695278	-368.6400552120758	13.007583504250517	0.029209525330449834	0.01695020864570773	0.03434770793781711	0.07100590374478626	0.0698084557792763	0.039719234930567796	0.015473886023226718	0.028500152285952207	0.02942405734572827	0.04316673721901895	0.03408985485624291	0.013968208749131739	0.039151136200927236	0.01441457446108839	0.03510617385573786	0.026613574627607134	0.022665038344260577	0.008535742238256816	0.029754750493852344	0.018057368504580368	0.04244877645645427	0.03197546514650361	0.025747247783386204	0.025367357455404402	0.010789004912054118	0.016601520156535585	0.014708472711958395	0.014036758176532604	0.011482133106062928	0.013001525512710152	0.02678561372303645	0.01367708145482649	0.029237549846681588	0.019066810516224053	0.05136769900443994	0.010779496738261729	0.022965195124710958	3.9536580463551214E-4	0.0063640236777149535	0.56867126924431	0.1841761164302221	1.696271085539514	0.02765687900201685	0.45978106582634615	0.049087811509555955	1.0550829015028063	1.4235042598865162	1.351758471404938	0.14918798781756765	4.813967239868756	0.1841761164302221	0.1841761164302221	0.1841761164302221	0.56867126924431	0.1841761164302221	0.1841761164302221	0.56867126924431	0.1841761164302221	0.1841761164302221	0.56867126924431	0.1841761164302221	0.1841761164302221	-328.154170439216	-82.78790813031176
233	-410.8884247552684	-786.9441909354553	-410.8884247552684	-376.0557661801869	12.452396251718582	0.029209525330449834	0.01695020864570773	0.03434770793781711	0.07100590374478626	0.026731393020619332	0.039719234930567796	0.015473886023226718	0.028500152285952207	0.02942405734572827	0.04316673721901895	0.03408985485624291	0.013968208749131739	0.039151136200927236	0.01441457446108839	0.033456265460410334	0.032253925831459224	0.024809980729270084	0.008535742238256816	0.029754750493852344	0.012417017300728278	0.0692021828472754	0.03197546514650361	0.025747247783386204	0.027017265850731928	0.010789004912054118	0.016601520156535585	0.014708472711958395	0.014036758176532604	0.011482133106062928	0.013001525512710152	0.02678561372303645	0.01367708145482649	0.029237549846681588	0.02717521338343598	0.04325929613722801	0.02495821072108806	0.022965195124710958	6.171968726783035E-4	0.0074511149501544855	0.45470564900844285	0.17618652965338893	1.2947164639505533	0.03909306235496661	0.7294846329027612	0.052901958793355644	1.4241522602032302	1.2463568114375079	1.3661593336834463	0.11163439559376152	5.584630579870432	0.17618652965338893	0.17618652965338893	0.17618652965338893	0.45470564900844285	0.17618652965338893	0.17618652965338893	0.45470564900844285	0.17618652965338893	0.17618652965338893	0.45470564900844285	0.17618652965338893	0.17618652965338893	-327.7370157193484	-83.15140903592001
234	-410.3744870677636	-791.3485042248293	-410.3744870677636	-380.9740171570657	12.776440653585095	0.029209525330449834	0.01695020864570773	0.03434770793781711	0.07100590374478626	0.026731393020619332	0.01324957931054667	0.015473886023226718	0.028500152285952207	0.02942405734572827	0.04316673721901895	0.03408985485624291	0.013968208749131739	0.039151136200927236	0.01441457446108839	0.033456265460410334	0.032253925831459224	0.024809980729270084	0.008535742238256816	0.029754750493852344	0.038886672920749404	0.0692021828472754	0.03197546514650361	0.01308782788958894	0.027017265850731928	0.010789004912054118	0.016601520156535585	0.014987955189862609	0.014036758176532604	0.011482133106062928	0.025660945406507416	0.02678561372303645	0.01367708145482649	0.029237549846681588	0.02717521338343598	0.04325929613722801	0.024678728243183845	0.022965195124710958	6.215941669205846E-4	0.005700156850794602	0.39049746985790607	0.15360579630942517	0.75373910660962	0.03146066417495622	1.1645560933507848	0.08610026393010141	1.2961320349077654	1.1337140119231257	1.8719130870345813	0.11506917980695137	3.8502483584614304	0.15360579630942517	0.15360579630942517	0.15360579630942517	0.39049746985790607	0.15360579630942517	0.15360579630942517	0.39049746985790607	0.15360579630942517	0.15360579630942517	0.39049746985790607	0.15360579630942517	0.15360579630942517	-326.28890675141145	-84.08558031635216
235	-410.35962208621913	-773.3943057790987	-410.35962208621913	-363.03468369287947	13.275849599405653	0.029209525330449834	0.01695020864570773	0.03434770793781711	0.07100590374478626	0.02540789358844897	0.014829981488352198	0.015473886023226718	0.028500152285952207	0.02942405734572827	0.04316673721901895	0.03408985485624291	0.013968208749131739	0.039151136200927236	0.01283417228328286	0.033456265460410334	0.032253925831459224	0.024809980729270084	0.008535742238256816	0.029754750493852344	0.040210172352919765	0.059951756871616566	0.03197546514650361	0.01308782788958894	0.027017265850731928	0.010789004912054118	0.016601520156535585	0.014987955189862609	0.017680211692002956	0.011482133106062928	0.025660945406507416	0.03603603969869529	0.01367708145482649	0.029237549846681588	0.02353175986796563	0.04325929613722801	0.024678728243183845	0.022965195124710958	2.1389295965574184E-4	0.007406573678586433	0.3903925915633365	0.11494704945173216	1.0393971478677615	0.031079909778069955	0.8341430921195652	0.13721579230443734	1.0167059036503459	1.3181560494341333	1.5424818896360235	0.061854619470972455	2.8908553562685584	0.11494704945173216	0.11494704945173216	0.11494704945173216	0.3903925915633365	0.11494704945173216	0.11494704945173216	0.3903925915633365	0.11494704945173216	0.11494704945173216	0.3903925915633365	0.11494704945173216	0.11494704945173216	-326.6450711538224	-83.71455093239675
236	-410.1913448277583	-785.6230343690081	-410.1913448277583	-375.43168954124985	13.037853555253966	0.029209525330449834	0.01695020864570773	0.03434770793781711	0.07100590374478626	0.02540789358844897	0.014829981488352198	0.015473886023226718	0.028500152285952207	0.02942405734572827	0.04316673721901895	0.03408985485624291	0.013968208749131739	0.039151136200927236	0.01283417228328286	0.030473318678330558	0.032253925831459224	0.024809980729270084	0.011518689020336592	0.02990792989866653	0.040210172352919765	0.05979857746680238	0.03197546514650361	0.01308782788958894	0.027017265850731928	0.010789004912054118	0.016601520156535585	0.014987955189862609	0.017680211692002956	0.011482133106062928	0.025660945406507416	0.03603603969869529	0.01367708145482649	0.029237549846681588	0.02353175986796563	0.04325929613722801	0.024678728243183845	0.022965195124710958	4.984094406311961E-4	0.006830549248212319	0.4880807313581802	0.09423076002665297	0.9767618448345168	0.05282570046569445	0.8341700245021505	0.12827433604868393	1.1847241625523142	1.0676770355707317	1.7947159078646608	0.07184065391143483	5.710321009994653	0.09423076002665297	0.09423076002665297	0.09423076002665297	0.4880807313581802	0.09423076002665297	0.09423076002665297	0.4880807313581802	0.09423076002665297	0.09423076002665297	0.4880807313581802	0.09423076002665297	0.09423076002665297	-327.30750968156264	-82.88383514619568
237	-410.19021908170356	-776.8950400959166	-410.19021908170356	-366.70482101421305	13.037853555253966	0.029209525330449834	0.01695020864570773	0.009116842322729857	0.07100590374478626	0.02540789358844897	0.014829981488352198	0.015473886023226718	0.028500152285952207	0.02942405734572827	0.04316673721901895	0.042075969585962464	0.013968208749131739	0.039151136200927236	0.056658781797021426	0.022598971732060574	0.032253925831459224	0.024809980729270084	0.011518689020336592	0.02990792989866653	0.040210172352919765	0.015973967953063814	0.03197546514650361	0.01308782788958894	0.027017265850731928	0.010789004912054118	0.016601520156535585	0.04021882080494986	0.017680211692002956	0.011482133106062928	0.017674830676787864	0.03272064164195343	0.016992479511568348	0.029237549846681588	0.02353175986796563	0.04325929613722801	0.03255307518945383	0.022965195124710958	5.120153982487194E-4	0.006472087259021751	0.5886817522680244	0.13601076468366993	1.054032389075637	0.07317134421755332	0.7553837323632403	0.14180308311759787	1.4883020860158125	1.2919994262533898	2.3184109091462033	0.0495802713613901	6.260440478663605	0.13601076468366993	0.13601076468366993	0.13601076468366993	0.5886817522680244	0.13601076468366993	0.13601076468366993	0.5886817522680244	0.13601076468366993	0.13601076468366993	0.5886817522680244	0.13601076468366993	0.13601076468366993	-327.25296175472755	-82.93725732697602
238	-410.0902037093923	-777.2062354771922	-410.0902037093923	-367.1160317677999	13.788916550526631	0.02535038550286349	0.01695020864570773	0.009116842322729857	0.07100590374478626	0.037167967954063075	0.014829981488352198	0.015473886023226718	0.017507917419327834	0.02942405734572827	0.04316673721901895	0.03031589522034836	0.013968208749131739	0.039151136200927236	0.056658781797021426	0.022598971732060574	0.032253925831459224	0.024809980729270084	0.011518689020336592	0.02990792989866653	0.040210172352919765	0.015973967953063814	0.03197546514650361	0.01308782788958894	0.027017265850731928	0.010789004912054118	0.027277969038279046	0.04021882080494986	0.017680211692002956	0.015341272933649272	0.017674830676787864	0.03272064164195343	0.016992479511568348	0.02752879777080164	0.03452399473459	0.03258284725548455	0.03426182726533378	0.022965195124710958	5.652178835569667E-4	0.006504025457633105	0.3984971381736425	0.1435862366294103	1.3130032693070381	0.10397277586028345	0.9196556794790613	0.11841230554906035	1.1114855512679975	1.1136936967505782	2.1085396325668198	0.06615774532448275	6.207225764741971	0.1435862366294103	0.1435862366294103	0.1435862366294103	0.3984971381736425	0.1435862366294103	0.1435862366294103	0.3984971381736425	0.1435862366294103	0.1435862366294103	0.3984971381736425	0.1435862366294103	0.1435862366294103	-327.0812507034302	-83.00895300596208
239	-409.7526899153729	-781.3081979607239	-409.7526899153729	-371.55550804535096	13.199809583086369	0.0212230139912276	0.01695020864570773	0.009111895686877147	0.06334008477337798	0.0386258629524997	0.013372086489915572	0.021422862611282317	0.017507917419327834	0.025127546172245205	0.04316673721901895	0.03031589522034836	0.013968208749131739	0.039151136200927236	0.056658781797021426	0.022598971732060574	0.032253925831459224	0.029106491902753148	0.015431085608037853	0.03795874225881413	0.040210172352919765	0.015973967953063814	0.03197546514650361	0.01308782788958894	0.027017265850731928	0.010789004912054118	0.027277969038279046	0.04021882080494986	0.017680211692002956	0.01143382298180072	0.017674830676787864	0.024669829281805833	0.024658298482976626	0.02570719269438193	0.03452399473459	0.03258284725548455	0.03426182726533378	0.022965195124710958	5.031424432441027E-4	0.0067786685090635195	0.37420457620919695	0.15345638342386866	0.7727530828912482	0.09828902581959162	0.818669333597036	0.10786974849232174	0.7467565618022602	1.2524731756397443	1.642844731508505	0.12417115736004707	5.012606357353118	0.15345638342386866	0.15345638342386866	0.15345638342386866	0.37420457620919695	0.15345638342386866	0.15345638342386866	0.37420457620919695	0.15345638342386866	0.15345638342386866	0.37420457620919695	0.15345638342386866	0.15345638342386866	-326.81688027384564	-82.93580964152726
240	-409.53412877344596	-787.5663278685063	-409.53412877344596	-378.0321990950604	12.613150677152754	0.0212230139912276	0.01695020864570773	0.009111895686877147	0.050294366803837406	0.0386258629524997	0.013372086489915572	0.021422862611282317	0.04174715740040319	0.025127546172245205	0.04316673721901895	0.03031589522034836	0.013968208749131739	0.039151136200927236	0.056658781797021426	0.022598971732060574	0.032253925831459224	0.018377404559539276	0.015431085608037853	0.03795874225881413	0.040210172352919765	0.021051224424096446	0.03197546514650361	0.01308782788958894	0.027017265850731928	0.02151809225526799	0.027277969038279046	0.04021882080494986	0.017680211692002956	0.01143382298180072	0.017674830676787864	0.024669829281805833	0.024658298482976626	0.02570719269438193	0.02944673826355737	0.021389325243949764	0.03426182726533378	0.022965195124710958	3.578856476846769E-4	0.006293364635841907	0.24752996976570524	0.16786953307239413	0.6458935649900163	0.18003890551770355	0.5435984751344454	0.0840764358406657	1.0153100408059972	1.243692411792288	1.0555529295921409	0.13487129341371068	5.299279280987456	0.16786953307239413	0.16786953307239413	0.16786953307239413	0.24752996976570524	0.16786953307239413	0.16786953307239413	0.24752996976570524	0.16786953307239413	0.16786953307239413	0.24752996976570524	0.16786953307239413	0.16786953307239413	-325.2041726824733	-84.32995609097264
241	-409.4496164829618	-776.9481712469574	-409.4496164829618	-367.4985547639956	10.134515124129095	0.0212230139912276	0.01695020864570773	0.009111895686877147	0.050294366803837406	0.024983692099868726	0.013372086489915572	0.021422862611282317	0.04174715740040319	0.025127546172245205	0.04316673721901895	0.03031589522034836	0.02516923981449315	0.039151136200927236	0.056658781797021426	0.022598971732060574	0.032253925831459224	0.018377404559539276	0.015431085608037853	0.03795874225881413	0.040210172352919765	0.021051224424096446	0.03225479864067436	0.01308782788958894	0.027017265850731928	0.02151809225526799	0.027277969038279046	0.04021882080494986	0.017680211692002956	0.01143382298180072	0.017674830676787864	0.024669829281805833	0.024658298482976626	0.025427859200211178	0.02944673826355737	0.03503149609658074	0.023060796199972367	0.022965195124710958	8.417760969754452E-4	0.00698326767415503	0.3208672473836726	0.16231157838799856	0.8773990865329937	0.13972742163055407	0.4711364505311977	0.09488187732473521	0.9155298208080258	1.0391171515324735	1.1969710930240505	0.20035816564336284	5.978346691696518	0.16231157838799856	0.16231157838799856	0.16231157838799856	0.3208672473836726	0.16231157838799856	0.16231157838799856	0.3208672473836726	0.16231157838799856	0.16231157838799856	0.3208672473836726	0.16231157838799856	0.16231157838799856	-326.59568176650856	-82.85393471645324
242	-409.1674111884358	-787.3293787552652	-409.1674111884358	-378.1619675668294	10.25104804038666	0.0212230139912276	0.01695020864570773	0.009111895686877147	0.050294366803837406	0.024983692099868726	0.013372086489915572	0.06546949378002562	0.032223801930158	0.025127546172245205	0.04316673721901895	0.03031589522034836	0.02516923981449315	0.039151136200927236	0.022780601351161764	0.022598971732060574	0.030099900865709656	0.018377404559539276	0.015431085608037853	0.03795874225881413	0.040210172352919765	0.021051224424096446	0.03225479864067436	0.01308782788958894	0.027017265850731928	0.02151809225526799	0.03680132450852423	0.04021882080494986	0.017680211692002956	0.01143382298180072	0.017674830676787864	0.024669829281805833	0.024658298482976626	0.025427859200211178	0.02944673826355737	0.03503149609658074	0.015046370442838297	0.022965195124710958	4.2566552851053285E-4	0.0060472176836338905	0.5587684302184002	0.2609780059517387	1.0685262493764847	0.15421137195583268	0.32852333451944155	0.08386815190897509	0.922151846931694	0.8706357928363558	1.4297227587360097	0.16703410765874527	4.3920525821140455	0.2609780059517387	0.2609780059517387	0.2609780059517387	0.5587684302184002	0.2609780059517387	0.2609780059517387	0.5587684302184002	0.2609780059517387	0.2609780059517387	0.5587684302184002	0.2609780059517387	0.2609780059517387	-326.6631417375145	-82.5042694509213
243	-409.13079500635297	-769.3152186564266	-409.13079500635297	-360.1844236500737	10.811371160580702	0.0212230139912276	0.012675156666714593	0.009111895686877147	0.050294366803837406	0.024983692099868726	0.013372086489915572	0.06546949378002562	0.032223801930158	0.025127546172245205	0.04316673721901895	0.0345909471993415	0.02516923981449315	0.039151136200927236	0.022780601351161764	0.022598971732060574	0.030099900865709656	0.018377404559539276	0.015431085608037853	0.03795874225881413	0.040210172352919765	0.021051224424096446	0.03225479864067436	0.01308782788958894	0.027017265850731928	0.02151809225526799	0.03680132450852423	0.04021882080494986	0.017680211692002956	0.01143382298180072	0.017674830676787864	0.024669829281805833	0.024658298482976626	0.025427859200211178	0.02944673826355737	0.03503149609658074	0.015046370442838297	0.022965195124710958	2.2387357012836393E-4	0.006148367908434553	0.6704923685624471	0.2622413014715803	1.4009429446613988	0.12353591322491113	0.13997500601428944	0.14587396435578487	0.6007282390402777	1.0776173460580512	1.1342673001816923	0.16849596375880158	4.751105037164996	0.2622413014715803	0.2622413014715803	0.2622413014715803	0.6704923685624471	0.2622413014715803	0.2622413014715803	0.6704923685624471	0.2622413014715803	0.2622413014715803	0.6704923685624471	0.2622413014715803	0.2622413014715803	-326.46611566617236	-82.66467934018061
244	-408.9207011700797	-789.4688668368216	-408.9207011700797	-380.54816566674185	12.825521805126565	0.0212230139912276	0.012675156666714593	0.009111895686877147	0.050294366803837406	0.024983692099868726	0.013372086489915572	0.06546949378002562	0.032223801930158	0.025127546172245205	0.04316673721901895	0.0345909471993415	0.02516923981449315	0.039151136200927236	0.022780601351161764	0.022598971732060574	0.030099900865709656	0.018377404559539276	0.015431085608037853	0.03795874225881413	0.040210172352919765	0.021051224424096446	0.03225479864067436	0.01308782788958894	0.027017265850731928	0.02151809225526799	0.03680132450852423	0.04021882080494986	0.014811808237773949	0.01143382298180072	0.017674830676787864	0.024669829281805833	0.016164303619253917	0.025427859200211178	0.03794073312728008	0.03503149609658074	0.015046370442838297	0.025833598578939965	4.7428169886982953E-4	0.006718845108687648	0.8245094728316209	0.26395861956523203	2.2331208213824674	0.19232040955532217	0.14421743369799225	0.08573825373359417	0.7430472559423197	0.9976784718022532	0.960809506541958	0.18181266173442645	4.461740097356335	0.26395861956523203	0.26395861956523203	0.26395861956523203	0.8245094728316209	0.26395861956523203	0.26395861956523203	0.8245094728316209	0.26395861956523203	0.26395861956523203	0.8245094728316209	0.26395861956523203	0.26395861956523203	-326.157248387324	-82.76345278275576
245	-408.8351180889801	-784.9424971155763	-408.8351180889801	-376.1073790265962	11.760257313139132	0.0212230139912276	0.012675156666714593	0.009111895686877147	0.050294366803837406	0.024983692099868726	0.013372086489915572	0.06546949378002562	0.032223801930158	0.025127546172245205	0.04316673721901895	0.0345909471993415	0.02516923981449315	0.039151136200927236	0.022780601351161764	0.022598971732060574	0.030099900865709656	0.018377404559539276	0.015431085608037853	0.03795874225881413	0.040210172352919765	0.021051224424096446	0.023007957900872497	0.01308782788958894	0.04662935787021437	0.02151809225526799	0.017189232489041792	0.04021882080494986	0.014811808237773949	0.01143382298180072	0.017674830676787864	0.0339166700216077	0.016164303619253917	0.025427859200211178	0.03794073312728008	0.03503149609658074	0.015046370442838297	0.025833598578939965	1.949427125788171E-4	0.006597345376043355	0.7932824667866888	0.27257316468224113	1.4705622516996264	0.2142659886680274	0.11203705539980843	0.10449316267925891	0.740538797877646	1.0360965485086617	1.5592892753390082	0.225394324004972	6.198751061826586	0.27257316468224113	0.27257316468224113	0.27257316468224113	0.7932824667866888	0.27257316468224113	0.27257316468224113	0.7932824667866888	0.27257316468224113	0.27257316468224113	0.7932824667866888	0.27257316468224113	0.27257316468224113	-326.3623756752181	-82.47274241376199
246	-408.6746078978982	-796.2486180675713	-408.6746078978982	-387.5740101696731	14.037034491444095	0.0212230139912276	0.012675156666714593	0.009111895686877147	0.050294366803837406	0.024983692099868726	0.013372086489915572	0.029504526614945265	0.04533333279852475	0.025127546172245205	0.04316673721901895	0.0345909471993415	0.017958595113391373	0.039151136200927236	0.022780601351161764	0.022598971732060574	0.030099900865709656	0.018377404559539276	0.015431085608037853	0.03795874225881413	0.040210172352919765	0.021051224424096446	0.023007957900872497	0.01308782788958894	0.04662935787021437	0.02151809225526799	0.017189232489041792	0.05729728464161353	0.014811808237773949	0.01143382298180072	0.017674830676787864	0.0339166700216077	0.016164303619253917	0.025427859200211178	0.03794073312728008	0.02192196522821399	0.041143518472356755	0.025833598578939965	5.497186665725116E-4	0.006961359648709107	0.7143749156993736	0.27182696193203615	2.032376638673657	0.2999294367129913	0.10957057155767956	0.06857145704311407	0.8052451270787913	1.0878515664879138	1.5479029606474826	0.14388643980739493	3.65413370750852	0.27182696193203615	0.27182696193203615	0.27182696193203615	0.7143749156993736	0.27182696193203615	0.27182696193203615	0.7143749156993736	0.27182696193203615	0.27182696193203615	0.7143749156993736	0.27182696193203615	0.27182696193203615	-325.98688949919415	-82.68771839870405
247	-408.34466396909903	-793.6963717223487	-408.34466396909903	-385.3517077532496	14.776208327620374	0.0212230139912276	0.012675156666714593	0.009111895686877147	0.050294366803837406	0.024983692099868726	0.013268514452446326	0.029504526614945265	0.049583530282306276	0.025127546172245205	0.04316673721901895	0.0345909471993415	0.017958595113391373	0.023116929909790182	0.022780601351161764	0.03031924024445351	0.030099900865709656	0.018377404559539276	0.015431085608037853	0.03795874225881413	0.040210172352919765	0.021051224424096446	0.023007957900872497	0.01308782788958894	0.04662935787021437	0.02151809225526799	0.017189232489041792	0.05729728464161353	0.014811808237773949	0.01143382298180072	0.017674830676787864	0.0339166700216077	0.016267875656723163	0.025427859200211178	0.03794073312728008	0.02192196522821399	0.041143518472356755	0.029897338873902557	5.364402380622018E-4	0.005618713916828905	0.919110157807341	0.4826248274092865	1.5642379622589289	0.2947966929966593	0.10822463753739149	0.07272243265692585	0.6575236876106854	0.9727263596272933	1.0257212114303484	0.2409622682344097	5.299931771948086	0.4826248274092865	0.4826248274092865	0.4826248274092865	0.919110157807341	0.4826248274092865	0.4826248274092865	0.919110157807341	0.4826248274092865	0.4826248274092865	0.919110157807341	0.4826248274092865	0.4826248274092865	-326.0514580853372	-82.29320588376187
248	-408.1815954216238	-790.5078801497292	-408.1815954216238	-382.3262847281054	15.639175400787288	0.0212230139912276	0.012675156666714593	0.009111895686877147	0.050294366803837406	0.024239543710160794	0.016806279939646743	0.029504526614945265	0.049583530282306276	0.01936836221334913	0.04316673721901895	0.0345909471993415	0.014420829626190956	0.023116929909790182	0.022780601351161764	0.03031924024445351	0.05351356753096623	0.018377404559539276	0.015431085608037853	0.03795874225881413	0.017540654077371126	0.021051224424096446	0.023007957900872497	0.01308782788958894	0.04662935787021437	0.02151809225526799	0.017189232489041792	0.03377479185781328	0.020570992196670024	0.01143382298180072	0.017674830676787864	0.05743916280540795	0.016267875656723163	0.025427859200211178	0.03794073312728008	0.02192196522821399	0.041143518472356755	0.029897338873902557	4.0025178398640543E-4	0.005860718669820851	0.672277657897189	0.24563808091535141	1.9846511027497054	0.32047395743802803	0.1312143544371825	0.10077752973251938	0.44889157660881046	0.9395244995392724	1.1517070415588726	0.31605503848769717	5.688979468270913	0.24563808091535141	0.24563808091535141	0.24563808091535141	0.672277657897189	0.24563808091535141	0.24563808091535141	0.672277657897189	0.24563808091535141	0.24563808091535141	0.672277657897189	0.24563808091535141	0.24563808091535141	-324.7747097273162	-83.40688569430759
249	-407.478894741198	-791.215352745917	-407.478894741198	-383.736458004719	14.265830252699057	0.0212230139912276	0.012675156666714593	0.009111895686877147	0.050294366803837406	0.024239543710160794	0.016806279939646743	0.029504526614945265	0.049583530282306276	0.01936836221334913	0.04316673721901895	0.0345909471993415	0.014420829626190956	0.023116929909790182	0.022780601351161764	0.03031924024445351	0.03404621795829507	0.018377404559539276	0.015431085608037853	0.02696041972911256	0.017540654077371126	0.03204954695379801	0.023007957900872497	0.01308782788958894	0.042102368698848966	0.02151809225526799	0.017189232489041792	0.03377479185781328	0.020570992196670024	0.030901172554471876	0.017674830676787864	0.05743916280540795	0.016267875656723163	0.025427859200211178	0.03794073312728008	0.02192196522821399	0.04567050764372216	0.029897338873902557	3.0699751526100757E-4	0.006589356189575117	0.7463633503557634	0.3684297463055207	1.4033007468838679	0.3422776113687588	0.15336324854204691	0.10554862694485694	0.5681951070025206	0.8335647064692431	1.5935742799695094	0.32029347175194417	4.234311183819472	0.3684297463055207	0.3684297463055207	0.3684297463055207	0.7463633503557634	0.3684297463055207	0.3684297463055207	0.7463633503557634	0.3684297463055207	0.3684297463055207	0.7463633503557634	0.3684297463055207	0.3684297463055207	-325.1194343675571	-82.35946037364093
250	-407.4768231615539	-775.4444719888234	-407.4768231615539	-367.9676488272695	15.022974436065997	0.0212230139912276	0.013095684312384615	0.009111895686877147	0.050294366803837406	0.024239543710160794	0.016806279939646743	0.029504526614945265	0.03270924746793663	0.01936836221334913	0.04316673721901895	0.0345909471993415	0.014420829626190956	0.023116929909790182	0.022780601351161764	0.03031924024445351	0.014840257054577338	0.03525168737390892	0.015431085608037853	0.02696041972911256	0.017540654077371126	0.03204954695379801	0.023007957900872497	0.01308782788958894	0.042102368698848966	0.02776490106700144	0.017189232489041792	0.027527983046079826	0.020570992196670024	0.04712661756023205	0.017674830676787864	0.05743916280540795	0.016267875656723163	0.028408375098168737	0.03752020548161006	0.02192196522821399	0.04567050764372216	0.029897338873902557	2.498790690210317E-4	0.006677627781289819	0.8462346732591243	0.3673868062614321	1.0341037879875876	0.5378900166117455	0.18772269324700483	0.15274565511802043	0.7306504566345204	0.6565088985151519	1.8391601938730908	0.4708034047673568	6.649886839208428	0.3673868062614321	0.3673868062614321	0.3673868062614321	0.8462346732591243	0.3673868062614321	0.3673868062614321	0.8462346732591243	0.3673868062614321	0.3673868062614321	0.8462346732591243	0.3673868062614321	0.3673868062614321	-324.3765090633082	-83.1003140982457
251	-407.38583838696	-789.1371862745536	-407.38583838696	-381.7513478875936	17.264310119316605	0.0212230139912276	0.010983465846473695	0.009111895686877147	0.050294366803837406	0.024239543710160794	0.028163071088909433	0.029504526614945265	0.017026612253562334	0.01936836221334913	0.04290557265722303	0.03670316566525242	0.014420829626190956	0.023116929909790182	0.022780601351161764	0.03031924024445351	0.014840257054577338	0.04373308198226243	0.015431085608037853	0.02696041972911256	0.017540654077371126	0.0235681523454445	0.023007957900872497	0.01308782788958894	0.042102368698848966	0.02776490106700144	0.017189232489041792	0.027527983046079826	0.0438303223205293	0.04712661756023205	0.017674830676787864	0.046343536217941184	0.016267875656723163	0.028408375098168737	0.053202840695984355	0.02192196522821399	0.02241117751986288	0.029897338873902557	8.479197573921791E-4	0.0055739192228263235	0.6885637134212996	0.4764910221849468	1.0986027892767294	0.7302547755080062	0.15819327232690644	0.21947038414829495	0.810512121287489	0.3573555627126721	1.843194869462726	0.4527309532171166	3.9414094218782774	0.4764910221849468	0.4764910221849468	0.4764910221849468	0.6885637134212996	0.4764910221849468	0.4764910221849468	0.6885637134212996	0.4764910221849468	0.4764910221849468	0.6885637134212996	0.4764910221849468	0.4764910221849468	-325.017511682243	-82.36832670471699
252	-407.072420707273	-803.5547529135247	-407.072420707273	-396.4823322062517	17.027953505926472	0.0212230139912276	0.010983465846473695	0.01135180544140063	0.050294366803837406	0.024239543710160794	0.028163071088909433	0.020017957907898926	0.02575729302225921	0.01936836221334913	0.040665662902699545	0.03670316566525242	0.014420829626190956	0.023116929909790182	0.022780601351161764	0.03031924024445351	0.04341082029737783	0.024649087446508275	0.015431085608037853	0.021306856353568215	0.017540654077371126	0.0235681523454445	0.023007957900872497	0.01308782788958894	0.042102368698848966	0.02776490106700144	0.017189232489041792	0.027527983046079826	0.03509964155183243	0.04712661756023205	0.017674830676787864	0.046343536217941184	0.016267875656723163	0.028408375098168737	0.053202840695984355	0.027575528603758337	0.02241117751986288	0.029897338873902557	5.929560822035725E-4	0.006350363634211708	0.745176406122864	0.5271566747269946	1.0763758901955178	0.6055012427496335	0.13071046034846687	0.23852178644247202	0.7440511337512067	0.4960542865137243	2.6094724439826935	0.33280412578682583	6.403090411557747	0.5271566747269946	0.5271566747269946	0.5271566747269946	0.745176406122864	0.5271566747269946	0.5271566747269946	0.745176406122864	0.5271566747269946	0.5271566747269946	0.745176406122864	0.5271566747269946	0.5271566747269946	-324.50620327368347	-82.56621743358953
253	-406.5147513600858	-803.3517840926053	-406.5147513600858	-396.83703273251945	19.512862161042122	0.0212230139912276	0.010983465846473695	0.01135180544140063	0.050294366803837406	0.024239543710160794	0.03683570851491487	0.020017957907898926	0.02575729302225921	0.01936836221334913	0.02258732666483773	0.03670316566525242	0.014420829626190956	0.023116929909790182	0.022780601351161764	0.03031924024445351	0.04341082029737783	0.02820911152914339	0.015431085608037853	0.021306856353568215	0.017540654077371126	0.0235681523454445	0.023007957900872497	0.01308782788958894	0.029869707190208414	0.02776490106700144	0.017189232489041792	0.04560631928394164	0.03509964155183243	0.04712661756023205	0.017674830676787864	0.046343536217941184	0.016267875656723163	0.028408375098168737	0.053202840695984355	0.027575528603758337	0.02241117751986288	0.029897338873902557	7.973625900795101E-4	0.006232531144520955	0.7721651141361302	0.5117862158209623	1.299722729228904	0.7427870010870941	0.14497421604732402	0.21631161497759702	0.8246517190009285	0.5560818002420753	1.3928332394218428	0.3774562067026971	5.199187501464655	0.5117862158209623	0.5117862158209623	0.5117862158209623	0.7721651141361302	0.5117862158209623	0.5117862158209623	0.7721651141361302	0.5117862158209623	0.5117862158209623	0.7721651141361302	0.5117862158209623	0.5117862158209623	-324.2541336006617	-82.26061775942411
254	-406.26621354537997	-800.341079999677	-406.26621354537997	-394.07486645429714	14.150984946497317	0.0212230139912276	0.010983465846473695	0.01135180544140063	0.050294366803837406	0.024239543710160794	0.03683570851491487	0.020017957907898926	0.02575729302225921	0.01936836221334913	0.02258732666483773	0.03670316566525242	0.014420829626190956	0.023116929909790182	0.022780601351161764	0.03031924024445351	0.04341082029737783	0.02820911152914339	0.015431085608037853	0.021306856353568215	0.017540654077371126	0.0235681523454445	0.023007957900872497	0.01308782788958894	0.029869707190208414	0.02776490106700144	0.017189232489041792	0.04560631928394164	0.03509964155183243	0.04712661756023205	0.017674830676787864	0.046343536217941184	0.016267875656723163	0.028408375098168737	0.053202840695984355	0.027575528603758337	0.02241117751986288	0.029897338873902557	0.0011727461184946157	0.006132007615571708	0.7971390855436749	0.6162192599906501	1.0901472191242467	0.67626019784619	0.12526702281609245	0.24533018821092514	0.6301523165580353	0.49456925223537374	1.490243268192459	0.4886113238014474	3.4028559141163006	0.6162192599906501	0.6162192599906501	0.6162192599906501	0.7971390855436749	0.6162192599906501	0.6162192599906501	0.7971390855436749	0.6162192599906501	0.6162192599906501	0.7971390855436749	0.6162192599906501	0.6162192599906501	-323.5375855508935	-82.7286279944865
255	-406.19452135908864	-808.461095048322	-406.19452135908864	-402.2665736892334	14.71365205320007	0.0212230139912276	0.010983465846473695	0.01135180544140063	0.050294366803837406	0.024239543710160794	0.03683570851491487	0.020017957907898926	0.02575729302225921	0.01936836221334913	0.02258732666483773	0.05156480940826644	0.020526754037281103	0.023116929909790182	0.022780601351161764	0.030818817368330337	0.04341082029737783	0.03397570801846671	0.015431085608037853	0.021306856353568215	0.017540654077371126	0.008706508602430482	0.023007957900872497	0.01308782788958894	0.01779542007608713	0.02906068395823211	0.017189232489041792	0.03373379838352818	0.04717392866595371	0.04583083466900138	0.017674830676787864	0.05492787104678487	0.016267875656723163	0.028408375098168737	0.053202840695984355	0.027575528603758337	0.021911600395986053	0.02131300404505887	3.2165704154180275E-4	0.006085239424965826	0.7483416381585196	0.8436319583083205	0.8736234462506995	0.6382436367383807	0.11401988842983372	0.18493639445730528	0.5720868862915484	0.5290660485526765	1.290277049570329	1.0760575133509336	4.124327713986333	0.8436319583083205	0.8436319583083205	0.8436319583083205	0.7483416381585196	0.8436319583083205	0.8436319583083205	0.7483416381585196	0.8436319583083205	0.8436319583083205	0.7483416381585196	0.8436319583083205	0.8436319583083205	-324.01840699577497	-82.17611436331369
256	-406.1495146553148	-794.0818163769039	-406.1495146553148	-387.9323017215891	15.512466904679895	0.0212230139912276	0.010983465846473695	0.01135180544140063	0.050294366803837406	0.024239543710160794	0.03683570851491487	0.020017957907898926	0.02575729302225921	0.01936836221334913	0.02258732666483773	0.05156480940826644	0.020526754037281103	0.023116929909790182	0.022780601351161764	0.030818817368330337	0.04341082029737783	0.03397570801846671	0.015431085608037853	0.021306856353568215	0.017540654077371126	0.008706508602430482	0.023007957900872497	0.01083994808115439	0.01779542007608713	0.02906068395823211	0.017189232489041792	0.03373379838352818	0.04717392866595371	0.04583083466900138	0.017674830676787864	0.05492787104678487	0.016267875656723163	0.028408375098168737	0.053202840695984355	0.029823408412192887	0.021911600395986053	0.02131300404505887	4.5660732289533996E-4	0.006893613301702402	0.7544122791972797	0.74369465386416	1.3365177018604795	0.6104267112399752	0.12296251996182786	0.27777375818496075	0.3196428203587198	0.7653258501025912	1.3050558032591917	0.8268881220563344	4.443135238173163	0.74369465386416	0.74369465386416	0.74369465386416	0.7544122791972797	0.74369465386416	0.74369465386416	0.7544122791972797	0.74369465386416	0.74369465386416	0.7544122791972797	0.74369465386416	0.74369465386416	-322.8759294011977	-83.27358525411712
257	-405.59107969617634	-798.3661741365532	-405.59107969617634	-392.7750944403769	14.994058889147777	0.0212230139912276	0.010983465846473695	0.01135180544140063	0.050294366803837406	0.024239543710160794	0.03683570851491487	0.020017957907898926	0.02575729302225921	0.01936836221334913	0.02258732666483773	0.05156480940826644	0.020526754037281103	0.023116929909790182	0.022780601351161764	0.030818817368330337	0.04341082029737783	0.03397570801846671	0.015431085608037853	0.021306856353568215	0.017540654077371126	0.008706508602430482	0.023007957900872497	0.01083994808115439	0.01779542007608713	0.02906068395823211	0.04712606751939406	0.03373379838352818	0.01723709363560144	0.04583083466900138	0.017674830676787864	0.05492787104678487	0.016267875656723163	0.028408375098168737	0.053202840695984355	0.029823408412192887	0.021911600395986053	0.02131300404505887	5.449265123972801E-4	0.006614385117043393	0.8752598326063719	0.9109701882406748	1.0985399278007972	0.5497263961162004	0.12027780474133566	0.2828929758540862	0.7142547653416831	0.9763526693988018	1.232119618611779	1.536643058226887	6.208251023206247	0.9109701882406748	0.9109701882406748	0.9109701882406748	0.8752598326063719	0.9109701882406748	0.9109701882406748	0.8752598326063719	0.9109701882406748	0.9109701882406748	0.8752598326063719	0.9109701882406748	0.9109701882406748	-324.00246031271934	-81.58861938345699
258	-405.52020184827245	-790.3695481108806	-405.52020184827245	-384.84934626260815	14.088925049125251	0.0212230139912276	0.021416794004272544	0.01135180544140063	0.050294366803837406	0.024239543710160794	0.03683570851491487	0.020017957907898926	0.02575729302225921	0.01936836221334913	0.02258732666483773	0.05156480940826644	0.020526754037281103	0.023116929909790182	0.022780601351161764	0.030818817368330337	0.04341082029737783	0.03397570801846671	0.015431085608037853	0.021306856353568215	0.02058909629249614	0.008706508602430482	0.023007957900872497	0.01083994808115439	0.01779542007608713	0.02906068395823211	0.04712606751939406	0.03373379838352818	0.01723709363560144	0.04583083466900138	0.007662420797027156	0.05187942883165986	0.016267875656723163	0.028408375098168737	0.053202840695984355	0.019390080254394038	0.021911600395986053	0.03132541392481958	3.262955344253591E-4	0.006348680531707573	0.5839039919336151	0.6745783851678052	0.8534878305070371	0.6690685269539184	0.12180062352078455	0.22591981899815775	0.5405318014999658	1.044555941045193	0.9409727042402466	1.6527693367053498	6.144033186442619	0.6745783851678052	0.6745783851678052	0.6745783851678052	0.5839039919336151	0.6745783851678052	0.6745783851678052	0.5839039919336151	0.6745783851678052	0.6745783851678052	0.5839039919336151	0.6745783851678052	0.6745783851678052	-322.90436015548335	-82.61584169278908
259	-405.51564256960353	-797.5937699955987	-405.51564256960353	-392.0781274259951	14.24157736051556	0.0212230139912276	0.021416794004272544	0.01135180544140063	0.050294366803837406	0.024239543710160794	0.03683570851491487	0.02169487789427102	0.02575729302225921	0.026700340310320078	0.016318738997982057	0.05156480940826644	0.020526754037281103	0.023116929909790182	0.022780601351161764	0.030818817368330337	0.06346668944155162	0.03397570801846671	0.015431085608037853	0.021306856353568215	0.02058909629249614	0.014975096269286156	0.023007957900872497	0.01083994808115439	0.01779542007608713	0.02906068395823211	0.015308666173614913	0.03373379838352818	0.01723709363560144	0.04583083466900138	0.007662420797027156	0.05187942883165986	0.016267875656723163	0.028408375098168737	0.053202840695984355	0.017713160268021944	0.046397023644794255	0.01126954478064579	3.79270801995239E-4	0.005732384878120389	0.7420642970400949	0.7396358957588446	0.9847445194117261	0.6952236480773388	0.09715872115124453	0.2126937851507898	0.8225773483712318	0.9243545873054394	0.8630984370816277	1.5868688427728639	5.8977991359452755	0.7396358957588446	0.7396358957588446	0.7396358957588446	0.7420642970400949	0.7396358957588446	0.7396358957588446	0.7420642970400949	0.7396358957588446	0.7396358957588446	0.7420642970400949	0.7396358957588446	0.7396358957588446	-323.49488623367756	-82.02075633592598
260	-405.31278548717535	-813.4143956958364	-405.31278548717535	-408.1016102086611	14.24157736051556	0.0212230139912276	0.021416794004272544	0.01135180544140063	0.050294366803837406	0.024239543710160794	0.03683570851491487	0.02169487789427102	0.02575729302225921	0.026700340310320078	0.016318738997982057	0.042558251491739946	0.020526754037281103	0.023116929909790182	0.022780601351161764	0.030818817368330337	0.08291742036513491	0.03397570801846671	0.015431085608037853	0.021306856353568215	0.02058909629249614	0.014975096269286156	0.023007957900872497	0.01083994808115439	0.01779542007608713	0.0380672418747586	0.015308666173614913	0.03373379838352818	0.01723709363560144	0.04583083466900138	0.007662420797027156	0.032428697908076565	0.016267875656723163	0.028408375098168737	0.053202840695984355	0.017713160268021944	0.046397023644794255	0.01126954478064579	4.3510160947791233E-4	0.006139660571885192	0.7834563124291675	0.5799656745453161	1.348167876154947	0.4735622842891921	0.09549955281425483	0.3760560094972953	0.7244169835902702	0.7279947076975198	0.849102791450454	0.9935315001152568	5.87473424636715	0.5799656745453161	0.5799656745453161	0.5799656745453161	0.7834563124291675	0.5799656745453161	0.5799656745453161	0.7834563124291675	0.5799656745453161	0.5799656745453161	0.7834563124291675	0.5799656745453161	0.5799656745453161	-322.74021856591077	-82.57256692126458
261	-404.7885218102873	-801.8785819223137	-404.7885218102873	-397.0900601120264	13.794046175640512	0.0212230139912276	0.021416794004272544	0.01135180544140063	0.050294366803837406	0.024239543710160794	0.02739257476617603	0.02169487789427102	0.02575729302225921	0.026700340310320078	0.03732670615159947	0.042558251491739946	0.020526754037281103	0.023116929909790182	0.022780601351161764	0.030818817368330337	0.08291742036513491	0.03397570801846671	0.015431085608037853	0.021306856353568215	0.02058909629249614	0.014975096269286156	0.023007957900872497	0.01083994808115439	0.037305849643775243	0.0380672418747586	0.015308666173614913	0.03373379838352818	0.01723709363560144	0.02632040510131327	0.007662420797027156	0.032428697908076565	0.016267875656723163	0.028408375098168737	0.053202840695984355	0.017713160268021944	0.034832190239915684	0.01126954478064579	6.288738559511794E-4	0.006256652721395398	0.5364132148646275	0.34698883120952595	0.8584206858085573	0.43014989830974676	0.1131236818983294	0.3288191286298132	0.594342700750661	1.0078079271498697	0.8459881995421205	0.9433101135020621	7.040880111551319	0.34698883120952595	0.34698883120952595	0.34698883120952595	0.5364132148646275	0.34698883120952595	0.34698883120952595	0.5364132148646275	0.34698883120952595	0.34698883120952595	0.5364132148646275	0.34698883120952595	0.34698883120952595	-321.66121582952337	-83.12730598076396
262	-404.70076468420774	-810.3638367519666	-404.70076468420774	-405.6630720677588	14.068840557078497	0.0212230139912276	0.021416794004272544	0.01135180544140063	0.048207450327048915	0.024239543710160794	0.02739257476617603	0.02169487789427102	0.02575729302225921	0.02889371698737707	0.039755384260653476	0.042558251491739946	0.020526754037281103	0.023116929909790182	0.022780601351161764	0.030818817368330337	0.08291742036513491	0.03397570801846671	0.017518002084826345	0.021306856353568215	0.02058909629249614	0.014975096269286156	0.023007957900872497	0.01083994808115439	0.037305849643775243	0.0380672418747586	0.015308666173614913	0.03373379838352818	0.01723709363560144	0.023891726992259263	0.007662420797027156	0.030235321231019574	0.016267875656723163	0.028408375098168737	0.053202840695984355	0.017713160268021944	0.034832190239915684	0.01126954478064579	4.0360546488742686E-4	0.006654483054953198	0.49928147402833933	0.47132212964669157	0.772052680904546	0.43907805035001773	0.1277581136375473	0.5130390288819865	0.622212961393351	1.1117957343277676	1.3881058039568206	1.2406491757271347	5.1890246368899975	0.47132212964669157	0.47132212964669157	0.47132212964669157	0.49928147402833933	0.47132212964669157	0.47132212964669157	0.49928147402833933	0.47132212964669157	0.47132212964669157	0.49928147402833933	0.47132212964669157	0.47132212964669157	-322.1371287968946	-82.56363588731311
263	-404.1381001797379	-821.9790039741431	-404.1381001797379	-417.84090379440516	14.92243104572353	0.0212230139912276	0.02597310418833587	0.01135180544140063	0.048207450327048915	0.024239543710160794	0.024659245283099887	0.02169487789427102	0.02575729302225921	0.02889371698737707	0.027199618797909858	0.03800194130767662	0.020526754037281103	0.023116929909790182	0.022780601351161764	0.030818817368330337	0.08291742036513491	0.03397570801846671	0.030073767547569963	0.021306856353568215	0.02058909629249614	0.014975096269286156	0.023007957900872497	0.01083994808115439	0.037305849643775243	0.0380672418747586	0.015308666173614913	0.03373379838352818	0.01723709363560144	0.023891726992259263	0.007662420797027156	0.030235321231019574	0.016267875656723163	0.028408375098168737	0.053202840695984355	0.020446489751098085	0.034832190239915684	0.01126954478064579	3.795085604249912E-4	0.005995789233715116	0.4571815231127814	0.41892750507280513	0.621447353367616	0.524497713760272	0.1155828038428899	0.3653595961239853	0.44960453534203526	1.5899654955869924	1.603598328262281	1.4783865242325192	5.3225527276169515	0.41892750507280513	0.41892750507280513	0.41892750507280513	0.4571815231127814	0.41892750507280513	0.41892750507280513	0.4571815231127814	0.41892750507280513	0.41892750507280513	0.4571815231127814	0.41892750507280513	0.41892750507280513	-321.4158263403699	-82.72227383936799
264	-403.93944217722856	-797.5875046882327	-403.93944217722856	-393.6480625110041	14.216203806295649	0.0212230139912276	0.02597310418833587	0.01135180544140063	0.048207450327048915	0.024239543710160794	0.024659245283099887	0.029029750589059183	0.02575729302225921	0.02889371698737707	0.027199618797909858	0.022070922164206336	0.020526754037281103	0.023116929909790182	0.044595470337801854	0.030818817368330337	0.08291742036513491	0.03397570801846671	0.030073767547569963	0.021306856353568215	0.02058909629249614	0.014975096269286156	0.023007957900872497	0.01083994808115439	0.037305849643775243	0.0380672418747586	0.015308666173614913	0.03373379838352818	0.01723709363560144	0.023891726992259263	0.007662420797027156	0.008420452244379484	0.016267875656723163	0.028408375098168737	0.053202840695984355	0.020446489751098085	0.034832190239915684	0.01986569122932791	7.289540541642127E-4	0.00656369616885679	0.45995554521392923	0.4254656880491344	0.7831911488861579	0.3169328744574802	0.08078271483383277	0.18980557029087783	0.5754095473895112	0.9821086524776044	1.2685433317208237	1.18039390092966	4.9059205440957925	0.4254656880491344	0.4254656880491344	0.4254656880491344	0.45995554521392923	0.4254656880491344	0.4254656880491344	0.45995554521392923	0.4254656880491344	0.4254656880491344	0.45995554521392923	0.4254656880491344	0.4254656880491344	-321.84071433577736	-82.09872784145122
265	-403.9330351249993	-804.1990496640581	-403.9330351249993	-400.2660145390587	13.417178372643201	0.0212230139912276	0.02597310418833587	0.01135180544140063	0.048207450327048915	0.04011047088891051	0.024659245283099887	0.029029750589059183	0.02575729302225921	0.02889371698737707	0.01997554659462039	0.029294994367495802	0.020526754037281103	0.023116929909790182	0.044595470337801854	0.030818817368330337	0.08291742036513491	0.03397570801846671	0.030073767547569963	0.021306856353568215	0.02058909629249614	0.014975096269286156	0.023007957900872497	0.01083994808115439	0.037305849643775243	0.022196314696008884	0.015308666173614913	0.03373379838352818	0.01723709363560144	0.023891726992259263	0.007662420797027156	0.008420452244379484	0.016267875656723163	0.028408375098168737	0.053202840695984355	0.020446489751098085	0.034832190239915684	0.01986569122932791	6.622573739108867E-4	0.0057295685187323565	0.6451725245285442	0.3207034597715188	1.2606988505576717	0.3217864433421031	0.06718820463824349	0.17431055995145425	0.47811430283560424	1.5079188608958247	1.2213871139421972	0.8037115786615827	4.120669129481735	0.3207034597715188	0.3207034597715188	0.3207034597715188	0.6451725245285442	0.3207034597715188	0.3207034597715188	0.6451725245285442	0.3207034597715188	0.3207034597715188	0.6451725245285442	0.3207034597715188	0.3207034597715188	-322.09059512362603	-81.84244000137328
266	-403.79512182026673	-807.4200027297329	-403.79512182026673	-403.6248809094661	14.954478734647628	0.0212230139912276	0.02597310418833587	0.01135180544140063	0.05886793646077741	0.039430221019348455	0.024659245283099887	0.029029750589059183	0.02575729302225921	0.02889371698737707	0.01997554659462039	0.029294994367495802	0.020526754037281103	0.023116929909790182	0.044595470337801854	0.030818817368330337	0.02012649167064104	0.021304862929836896	0.030073767547569963	0.021306856353568215	0.02058909629249614	0.014975096269286156	0.023007957900872497	0.011520197950716446	0.037305849643775243	0.022196314696008884	0.028343243496926948	0.02069922106021614	0.01723709363560144	0.013231240858530766	0.023650256438763936	0.008420452244379484	0.07905880435121704	0.028408375098168737	0.053202840695984355	0.020446489751098085	0.031515199686808715	0.01986569122932791	9.183427942300756E-4	0.005090981935471068	0.6457372311364099	0.37965387806240536	1.6652047169042097	0.2742578209455079	0.06954326170006654	0.16800368536216437	0.472617096547075	1.1440583141543474	1.8520590955119587	0.5896626111632638	6.675154491840181	0.37965387806240536	0.37965387806240536	0.37965387806240536	0.6457372311364099	0.37965387806240536	0.37965387806240536	0.6457372311364099	0.37965387806240536	0.37965387806240536	0.6457372311364099	0.37965387806240536	0.37965387806240536	-320.91121632531787	-82.88390549494885
267	-403.27282450494874	-797.4308614258416	-403.27282450494874	-394.1580369208928	15.252571877717475	0.01869485714107154	0.02597310418833587	0.01135180544140063	0.05886793646077741	0.039430221019348455	0.024659245283099887	0.029029750589059183	0.02575729302225921	0.02889371698737707	0.01997554659462039	0.03182315121765186	0.020526754037281103	0.023116929909790182	0.044595470337801854	0.030818817368330337	0.02012649167064104	0.021304862929836896	0.030073767547569963	0.021306856353568215	0.02058909629249614	0.014975096269286156	0.023007957900872497	0.011520197950716446	0.037305849643775243	0.01306417436147364	0.028343243496926948	0.02069922106021614	0.01723709363560144	0.013231240858530766	0.03278239677329918	0.008420452244379484	0.07905880435121704	0.028408375098168737	0.053202840695984355	0.020446489751098085	0.031515199686808715	0.01986569122932791	8.943369608962563E-4	0.007164666899678355	0.6971163256268174	0.45165524013051367	1.054166329222221	0.5427799219877509	0.11653854208833307	0.1807807334690459	0.649612493162206	0.8629541514201535	1.1395677766471435	0.6321657823389569	5.4966057115618066	0.45165524013051367	0.45165524013051367	0.45165524013051367	0.6971163256268174	0.45165524013051367	0.45165524013051367	0.6971163256268174	0.45165524013051367	0.45165524013051367	0.6971163256268174	0.45165524013051367	0.45165524013051367	-320.8629055441863	-82.40991896076244
268	-403.2042723333494	-805.9052568962484	-403.2042723333494	-402.7009845628989	14.953158602392348	0.01869485714107154	0.029018877046185443	0.01135180544140063	0.05886793646077741	0.039430221019348455	0.024659245283099887	0.03272489183009705	0.02575729302225921	0.02889371698737707	0.01997554659462039	0.03182315121765186	0.017480981179431532	0.023116929909790182	0.04551895616088596	0.030818817368330337	0.02012649167064104	0.021304862929836896	0.06344273230755859	0.021306856353568215	0.02058909629249614	0.014975096269286156	0.018389330836750525	0.011520197950716446	0.037305849643775243	0.01306417436147364	0.028343243496926948	0.02069922106021614	0.01723709363560144	0.013231240858530766	0.03593290921703961	0.008420452244379484	0.07905880435121704	0.028408375098168737	0.0166833634922553	0.020446489751098085	0.031515199686808715	0.01986569122932791	0.0010602170607550943	0.006300780411678254	0.7101691698657151	0.4293632462932451	1.354401427894763	0.8281246300779073	0.12620178467959117	0.2786761910776183	0.6654355184038874	0.4436876803755587	1.4782091183031127	0.5802248687954353	4.306258439039737	0.4293632462932451	0.4293632462932451	0.4293632462932451	0.7101691698657151	0.4293632462932451	0.4293632462932451	0.7101691698657151	0.4293632462932451	0.4293632462932451	0.7101691698657151	0.4293632462932451	0.4293632462932451	-320.4903872467886	-82.71388508656084
269	-402.99239968477974	-806.5476979016235	-402.99239968477974	-403.55529821684365	16.985923949038348	0.01869485714107154	0.029018877046185443	0.01135180544140063	0.05886793646077741	0.039430221019348455	0.024659245283099887	0.03272489183009705	0.02575729302225921	0.02889371698737707	0.01966645876074788	0.05576882893502874	0.017480981179431532	0.027477745971423925	0.04582804399475847	0.029214434096315273	0.02012649167064104	0.021304862929836896	0.06344273230755859	0.021306856353568215	0.02058909629249614	0.014975096269286156	0.018389330836750525	0.011520197950716446	0.037305849643775243	0.01306417436147364	0.028343243496926948	0.02069922106021614	0.01723709363560144	0.013231240858530766	0.029012939968939153	0.008420452244379484	0.06539993125577581	0.024047559036534993	0.0166833634922553	0.03410536284653931	0.016093874489547355	0.01986569122932791	6.245126398502818E-4	0.006386794111224471	0.6216688202371005	0.4093470072685056	1.1506143253241043	0.5120445328965207	0.1085214432824489	0.24426089538249696	1.1920916315594612	0.5502791960194529	1.0342468675994272	0.6476937021464522	6.1236957699709835	0.4093470072685056	0.4093470072685056	0.4093470072685056	0.6216688202371005	0.4093470072685056	0.4093470072685056	0.6216688202371005	0.4093470072685056	0.4093470072685056	0.6216688202371005	0.4093470072685056	0.4093470072685056	-320.25683692230473	-82.73556276247503
270	-402.887582074423	-803.5968829785437	-402.887582074423	-400.7093009041207	17.202732933220126	0.01869485714107154	0.029018877046185443	0.01135180544140063	0.05886793646077741	0.02920799049986389	0.024659245283099887	0.01064198773013289	0.02575729302225921	0.02889371698737707	0.01966645876074788	0.0280234267678435	0.017480981179431532	0.027477745971423925	0.04582804399475847	0.05695983626350051	0.02012649167064104	0.021304862929836896	0.06344273230755859	0.021306856353568215	0.02058909629249614	0.014975096269286156	0.018389330836750525	0.011520197950716446	0.01096869067922622	0.01306417436147364	0.028343243496926948	0.042782125160180304	0.01723709363560144	0.013231240858530766	0.03923517048842372	0.008420452244379484	0.06539993125577581	0.024047559036534993	0.0166833634922553	0.03410536284653931	0.04243103345409638	0.01986569122932791	5.686396357547879E-4	0.006175818437034532	0.6140364806389552	0.2829608419205041	1.3552842137994963	0.41004292315718016	0.12217884412096737	0.30439264057080756	0.8847457172787329	0.48427067165160925	1.060609928027843	1.1733464959689635	6.310397680208627	0.2829608419205041	0.2829608419205041	0.2829608419205041	0.6140364806389552	0.2829608419205041	0.2829608419205041	0.6140364806389552	0.2829608419205041	0.2829608419205041	0.6140364806389552	0.2829608419205041	0.2829608419205041	-320.5431233979201	-82.34445867650285
271	-402.5749409239448	-792.7095698997994	-402.5749409239448	-390.13462897585464	17.202732933220126	0.01869485714107154	0.029018877046185443	0.01135180544140063	0.05886793646077741	0.02920799049986389	0.024659245283099887	0.01064198773013289	0.02575729302225921	0.02889371698737707	0.01966645876074788	0.0280234267678435	0.017480981179431532	0.027477745971423925	0.04582804399475847	0.05695983626350051	0.015186612074867684	0.021304862929836896	0.06344273230755859	0.021306856353568215	0.02058909629249614	0.014975096269286156	0.018389330836750525	0.011520197950716446	0.01096869067922622	0.01306417436147364	0.028343243496926948	0.042782125160180304	0.01723709363560144	0.013231240858530766	0.03923517048842372	0.008420452244379484	0.06539993125577581	0.024047559036534993	0.021623243088028654	0.03410536284653931	0.04243103345409638	0.01986569122932791	3.0147029599689927E-4	0.006233557496102187	0.8506161799954529	0.3457286718366626	1.4956894313720699	0.4009800129288098	0.11772243329405324	0.35881662215701843	1.2045560749523168	0.2943452496249664	1.2823845546899368	1.0610428975318058	3.7291726567558565	0.3457286718366626	0.3457286718366626	0.3457286718366626	0.8506161799954529	0.3457286718366626	0.3457286718366626	0.8506161799954529	0.3457286718366626	0.3457286718366626	0.8506161799954529	0.3457286718366626	0.3457286718366626	-319.50788739969437	-83.06705352425043
272	-402.5745836254463	-809.3343920329539	-402.5745836254463	-406.7598084075076	17.48293771599894	0.01869485714107154	0.029018877046185443	0.01135180544140063	0.05886793646077741	0.02920799049986389	0.024659245283099887	0.01064198773013289	0.02575729302225921	0.02889371698737707	0.01966645876074788	0.0280234267678435	0.017480981179431532	0.027477745971423925	0.04582804399475847	0.059779326052784326	0.011238803657637048	0.021304862929836896	0.06344273230755859	0.021306856353568215	0.02058909629249614	0.014975096269286156	0.02233713925398116	0.011520197950716446	0.01096869067922622	0.01306417436147364	0.029266273111827043	0.042782125160180304	0.01723709363560144	0.01230821124363067	0.03923517048842372	0.008420452244379484	0.06539993125577581	0.02122806924725118	0.021623243088028654	0.03410536284653931	0.04243103345409638	0.01986569122932791	6.113001393672431E-4	0.005859963961874728	0.8674671563707335	0.5567937834883002	1.7799541601980884	0.2744407115310411	0.11606001491611315	0.4286525977700023	1.2355662909527223	0.29589777760999575	1.0793506062825142	0.9686529983602169	4.401413178623182	0.5567937834883002	0.5567937834883002	0.5567937834883002	0.8674671563707335	0.5567937834883002	0.5567937834883002	0.8674671563707335	0.5567937834883002	0.5567937834883002	0.8674671563707335	0.5567937834883002	0.5567937834883002	-319.7657946437048	-82.80878898174149
273	-402.50006671435864	-813.3128028222524	-402.50006671435864	-410.8127361078937	19.9301437337967	0.01869485714107154	0.029018877046185443	0.01135180544140063	0.05886793646077741	0.02920799049986389	0.024659245283099887	0.01064198773013289	0.02575729302225921	0.02889371698737707	0.02838275651387076	0.0280234267678435	0.017480981179431532	0.02266495332914363	0.031111640437615037	0.059779326052784326	0.011238803657637048	0.021304862929836896	0.06344273230755859	0.021306856353568215	0.02058909629249614	0.014975096269286156	0.02233713925398116	0.026236601507859877	0.01161281993247408	0.01306417436147364	0.029266273111827043	0.02985241337151355	0.01723709363560144	0.01230821124363067	0.03923517048842372	0.026162956675326532	0.05658134650742408	0.02122806924725118	0.021623243088028654	0.0335635205885203	0.04243103345409638	0.01986569122932791	6.477813926897872E-4	0.006310281235808494	0.8463488241460981	0.7635693857665538	1.5042240909103481	0.37961370686269025	0.27084353768551406	0.41072819557602114	1.4402841209905497	0.3616520635659593	1.1782968345700813	1.15571170568208	5.522821790422686	0.7635693857665538	0.7635693857665538	0.7635693857665538	0.8463488241460981	0.7635693857665538	0.7635693857665538	0.8463488241460981	0.7635693857665538	0.7635693857665538	0.8463488241460981	0.7635693857665538	0.7635693857665538	-320.0868665123199	-82.41320020203875
274	-402.2605906530613	-812.5123753983382	-402.2605906530613	-410.25178474527695	20.834972421884277	0.01869485714107154	0.029018877046185443	0.01135180544140063	0.05913537812233864	0.04600163613786323	0.024659245283099887	0.01064198773013289	0.02575729302225921	0.02889371698737707	0.02811531485230953	0.0280234267678435	0.04647473477105424	0.02266495332914363	0.031111640437615037	0.04298568041478498	0.011238803657637048	0.021304862929836896	0.03946045560612765	0.021306856353568215	0.02058909629249614	0.014975096269286156	0.02233713925398116	0.026236601507859877	0.01161281993247408	0.01306417436147364	0.029266273111827043	0.02985241337151355	0.01723709363560144	0.01230821124363067	0.03923517048842372	0.026162956675326532	0.05658134650742408	0.02122806924725118	0.021623243088028654	0.0335635205885203	0.03741955656390461	0.01986569122932791	0.001194280043591879	0.006542455478087414	0.828947410515723	0.4021723126722746	0.9401937900647885	0.6566265751557228	0.3782085315839143	0.31409917891725647	1.6087049441863046	0.24285775051302508	0.8699646079316119	1.347537798554738	5.5454350580922105	0.4021723126722746	0.4021723126722746	0.4021723126722746	0.828947410515723	0.4021723126722746	0.4021723126722746	0.828947410515723	0.4021723126722746	0.4021723126722746	0.828947410515723	0.4021723126722746	0.4021723126722746	-319.58730779046243	-82.67328286259882
275	-401.93444552280675	-815.2485579425567	-401.93444552280675	-413.3141124197499	18.623602136944406	0.01869485714107154	0.029018877046185443	0.01135180544140063	0.05913537812233864	0.04600163613786323	0.024659245283099887	0.01064198773013289	0.018967315218529956	0.029225833245094854	0.02811531485230953	0.0280234267678435	0.04647473477105424	0.02266495332914363	0.031111640437615037	0.04298568041478498	0.011238803657637048	0.01742737114536462	0.03946045560612765	0.021306856353568215	0.02058909629249614	0.014975096269286156	0.02233713925398116	0.026236601507859877	0.01161281993247408	0.019522035907485108	0.029266273111827043	0.02985241337151355	0.01723709363560144	0.01230821124363067	0.03923517048842372	0.026162956675326532	0.05658134650742408	0.025105561031723456	0.021623243088028654	0.0335635205885203	0.03741955656390461	0.01986569122932791	4.986824280486098E-4	0.006481322991270796	0.7052079439283467	0.619960626431499	0.9525653629313697	0.7972266410347333	0.33222989344848924	0.3601631323425686	2.37106142893422	0.1591414951865738	0.8290317741348521	1.7624517799174921	4.694046038631409	0.619960626431499	0.619960626431499	0.619960626431499	0.7052079439283467	0.619960626431499	0.619960626431499	0.7052079439283467	0.619960626431499	0.619960626431499	0.7052079439283467	0.619960626431499	0.619960626431499	-319.3659227030885	-82.56852281971828
