#
#model:
#
#<?xml version="1.0" encoding="UTF-8" standalone="no"?><input id="posterior" spec="beast.base.inference.CompoundDistribution">
#    <distribution id="prior" spec="beast.base.inference.CompoundDistribution">
#        <distribution id="FixedTreeModel.t:tree" spec="fixedtreeanalysis.evolution.tree.FixedTreeDistribution">
#            <tree IsLabelledNewick="true" adjustTipHeights="false" id="Tree.t:tree" newick="((cell5:0.0010000000474974513,(cell6:0.0010000000474974513,(cell14:0.0010000000474974513,(cell18:0.0010000000474974513,cell19:0.0010000000474974513):0.0010000000474974513):0.0010000000474974513):0.0010000000474974513):0.0010000000474974513,(cell8:0.0010000000474974513,(cell11:0.0010000000474974513,(cell13:0.0010000000474974513,(cell16:0.0010000000474974513,cell17:0.0010000000474974513):0.0010000000474974513):0.0010000000474974513):0.0010000000474974513):0.0010000000474974513):0.0" spec="fixedtreeanalysis.evolution.tree.FixedTree">
#                <taxonset id="TaxonSet.1" spec="beast.base.evolution.alignment.TaxonSet">
#                    <taxon id="cell11" spec="beast.base.evolution.alignment.Taxon"/>
#                    <taxon id="cell13" spec="beast.base.evolution.alignment.Taxon"/>
#                    <taxon id="cell14" spec="beast.base.evolution.alignment.Taxon"/>
#                    <taxon id="cell16" spec="beast.base.evolution.alignment.Taxon"/>
#                    <taxon id="cell17" spec="beast.base.evolution.alignment.Taxon"/>
#                    <taxon id="cell18" spec="beast.base.evolution.alignment.Taxon"/>
#                    <taxon id="cell19" spec="beast.base.evolution.alignment.Taxon"/>
#                    <taxon id="cell5" spec="beast.base.evolution.alignment.Taxon"/>
#                    <taxon id="cell6" spec="beast.base.evolution.alignment.Taxon"/>
#                    <taxon id="cell8" spec="beast.base.evolution.alignment.Taxon"/>
#                </taxonset>
#            </tree>
#        </distribution>
#        <prior id="geoclockPrior.c:geo" name="distribution">
#            <parameter id="traitClockRate.c:geo" name="x" spec="beast.base.inference.parameter.RealParameter">1.0</parameter>
#            <Gamma id="Gamma.1" name="distr">
#                <parameter estimate="false" id="RealParameter.6" name="alpha" spec="beast.base.inference.parameter.RealParameter">0.001</parameter>
#                <parameter estimate="false" id="RealParameter.7" name="beta" spec="beast.base.inference.parameter.RealParameter">1000.0</parameter>
#            </Gamma>
#        </prior>
#        <prior id="relativeGeoRatesPrior.s:geo" name="distribution">
#            <parameter dimension="3" id="relativeGeoRates.s:geo" name="x" spec="beast.base.inference.parameter.RealParameter">1.0</parameter>
#            <Gamma id="Gamma.2" name="distr">
#                <parameter estimate="false" id="RealParameter.8" name="alpha" spec="beast.base.inference.parameter.RealParameter">1.0</parameter>
#                <parameter estimate="false" id="RealParameter.9" name="beta" spec="beast.base.inference.parameter.RealParameter">1.0</parameter>
#            </Gamma>
#        </prior>
#        <prior id="nonZeroRatePrior.s:geo" name="distribution">
#            <x id="nonZeroRates.s:geo" spec="beast.base.evolution.Sum">
#                <arg dimension="3" id="rateIndicator.s:geo" spec="beast.base.inference.parameter.BooleanParameter">true</arg>
#            </x>
#            <distr id="Poisson.0" offset="2.0" spec="beast.base.inference.distribution.Poisson">
#                <parameter estimate="false" id="RealParameter.10" name="lambda" spec="beast.base.inference.parameter.RealParameter">0.693</parameter>
#            </distr>
#        </prior>
#    </distribution>
#    <distribution id="likelihood" spec="beast.base.inference.CompoundDistribution" useThreads="true">
#        <distribution data="@ten_samples_true" id="treeLikelihood.ten_samples_true" spec="fixedtreeanalysis.evolution.likelihood.FixedTreeLikelihood" tree="@Tree.t:tree">
#            <siteModel id="FixedSiteModel.s:ten_samples_true" spec="fixedtreeanalysis.evolution.sitemodel.FixedSiteModel">
#                <parameter estimate="false" id="RealParameter.0" lower="0.0" name="mutationRate" spec="beast.base.inference.parameter.RealParameter" upper="1.0">1.0</parameter>
#                <parameter id="RealParameter.1" lower="0.0" name="shape" spec="beast.base.inference.parameter.RealParameter" upper="0.0">1.0</parameter>
#                <parameter id="RealParameter.2" lower="0.0" name="proportionInvariant" spec="beast.base.inference.parameter.RealParameter" upper="0.0">0.0</parameter>
#                <substModel id="JC69.s:ten_samples_true" spec="beast.base.evolution.substitutionmodel.JukesCantor"/>
#            </siteModel>
#            <branchRateModel id="FixedClock.c:ten_samples_true" spec="fixedtreeanalysis.evolution.branchratemodel.FixedClockModel">
#                <parameter estimate="false" id="RealParameter.3" name="clock.rate" spec="beast.base.inference.parameter.RealParameter">1.0</parameter>
#            </branchRateModel>
#        </distribution>
#        <distribution id="traitedtreeLikelihood.geo" spec="beastclassic.evolution.likelihood.AncestralStateTreeLikelihood" tag="location" tree="@Tree.t:tree">
#            <data id="geo" spec="beastclassic.evolution.alignment.AlignmentFromTrait">
#                <traitSet id="traitSet.geo" spec="beast.base.evolution.tree.TraitSet" taxa="@TaxonSet.1" traitname="discrete">cell11=t1,
#cell13=t1,
#cell14=t3,
#cell16=t1,
#cell17=t1,
#cell18=t1,
#cell19=t1,
#cell5=t2,
#cell6=t2,
#cell8=t1</traitSet>
#                <userDataType codeMap="t1=0,t2=1,t3=2,? = 0 1 2 " codelength="-1" id="traitDataType.geo" spec="beast.base.evolution.datatype.UserDataType" states="3"/>
#            </data>
#            <siteModel gammaCategoryCount="1" id="geoSiteModel.s:geo" spec="beast.base.evolution.sitemodel.SiteModel">
#                <parameter estimate="false" id="mutationRate.s:geo" name="mutationRate" spec="beast.base.inference.parameter.RealParameter">1.0</parameter>
#                <parameter estimate="false" id="gammaShape.s:geo" name="shape" spec="beast.base.inference.parameter.RealParameter">1.0</parameter>
#                <parameter estimate="false" id="proportionInvariant.s:geo" lower="0.0" name="proportionInvariant" spec="beast.base.inference.parameter.RealParameter" upper="1.0">0.0</parameter>
#                <substModel id="svs.s:geo" rateIndicator="@rateIndicator.s:geo" rates="@relativeGeoRates.s:geo" spec="beastclassic.evolution.substitutionmodel.SVSGeneralSubstitutionModel">
#                    <frequencies id="traitfreqs.s:geo" spec="beast.base.evolution.substitutionmodel.Frequencies">
#                        <parameter dimension="3" id="traitfrequencies.s:geo" name="frequencies" spec="beast.base.inference.parameter.RealParameter">0.3333333333333333</parameter>
#                    </frequencies>
#                </substModel>
#            </siteModel>
#            <branchRateModel clock.rate="@traitClockRate.c:geo" id="StrictClockModel.c:geo" spec="beast.base.evolution.branchratemodel.StrictClockModel"/>
#        </distribution>
#    </distribution>
#</input>
#
Sample	posterior	likelihood	prior	treeLikelihood	rateIndicator.1	rateIndicator.2	rateIndicator.3	relativeGeoRates.1	relativeGeoRates.2	relativeGeoRates.3	traitClockRate	geoSubstModelLogger.relGeoRate_t1_t2	geoSubstModelLogger.relGeoRate_t1_t3	geoSubstModelLogger.relGeoRate_t2_t3
0	-32.932340514857735	-21.969293953619545	-10.963046561238189	0.0	1	1	1	0.9977133136658655	0.9960644555212593	0.9944568715959952	1.0	0.9977133136658655	0.9960644555212593	0.9944568715959952
1000	-25.470464357022436	-9.34824669055551	-16.122217666466927	0.0	1	1	1	1.046711067653179	1.100971808162141	1.0269895094671893	127.83599052772182	1.046711067653179	1.100971808162141	1.0269895094671893
2000	-25.887963487902006	-8.83345321171984	-17.054510276182164	0.0	1	0	1	0.8982661319695107	1.1633732086571413	1.1574707224016652	356.8566753003284	0.8982661319695107	0.0	1.1574707224016652
3000	-25.48122202194335	-9.601046882502482	-15.880175139440867	0.0	1	0	1	0.9106731627101053	1.3316548444307732	1.227783358860886	109.72231554755714	0.9106731627101053	0.0	1.227783358860886
4000	-27.62656625851601	-11.856742718716891	-15.76982353979912	0.0	0	1	1	0.8844843042214566	1.3998914108713252	1.3569313348920529	84.86062731261865	0.0	1.3998914108713252	1.3569313348920529
5000	-25.387873383014792	-8.952609742966883	-16.435263640047907	0.0	1	0	1	0.7936771228099216	1.2649376289904717	1.2787142636723805	199.63812710075993	0.7936771228099216	0.0	1.2787142636723805
6000	-27.111328907329494	-9.4482162289929	-17.663112678336592	0.0	1	1	1	0.8589361492973776	1.3456799140543567	1.0488410309443936	414.5873233324419	0.8589361492973776	1.3456799140543567	1.0488410309443936
7000	-25.82346963981825	-10.522966109905997	-15.300503529912254	0.0	1	1	1	0.9510670715230093	1.24359755144474	0.8941215245246664	65.1646858302359	0.9510670715230093	1.24359755144474	0.8941215245246664
8000	-25.634131305407315	-9.153521892497794	-16.48060941290952	0.0	1	1	1	0.8224789440705804	1.2405675118070894	0.8278644078392251	221.38468520712678	0.8224789440705804	1.2405675118070894	0.8278644078392251
9000	-26.62743092054098	-9.34947107691812	-17.277959843622863	0.0	1	1	1	0.8225229387905157	1.48900528735562	0.8880225369543432	325.3820695838123	0.8225229387905157	1.48900528735562	0.8880225369543432
10000	-25.967547903691937	-9.524258522608495	-16.443289381083442	0.0	1	1	1	0.7752590300474381	1.571257396259093	1.027519453532945	142.32020144613116	0.7752590300474381	1.571257396259093	1.027519453532945
11000	-25.430622656969845	-9.786346156820967	-15.64427650014888	0.0	1	0	1	0.7542105380869413	1.6421051231946087	0.9740908555803944	96.96876944182584	0.7542105380869413	0.0	0.9740908555803944
12000	-27.297108878163314	-10.403754334976439	-16.893354543186877	0.0	1	1	0	0.6845240781719488	1.7055870195225584	0.9533114645387373	287.4516662626745	0.6845240781719488	1.7055870195225584	0.0
13000	-25.85842133582567	-8.897462468360722	-16.96095886746495	0.0	1	0	1	0.663154482585745	1.4980445761413381	0.8176358378637292	397.024169125674	0.663154482585745	0.0	0.8176358378637292
14000	-25.830905107946275	-9.738499017269397	-16.092406090676878	0.0	1	1	1	0.7134453871664929	1.5493096454946231	0.9169880476574164	123.93263954722546	0.7134453871664929	1.5493096454946231	0.9169880476574164
15000	-26.213139448347917	-10.014282280687915	-16.19885716766	0.0	0	1	1	0.7921483392162827	1.352492647126702	0.9335865158889937	203.44799851699833	0.0	1.352492647126702	0.9335865158889937
16000	-24.75813623992341	-8.919893386428022	-15.83824285349539	0.0	1	0	1	0.6719750308648998	1.2720866261936101	0.8172693706654719	196.16220967665942	0.6719750308648998	0.0	0.8172693706654719
17000	-25.528790885736523	-9.379746532190758	-16.149044353545765	0.0	1	1	1	0.7176067440116788	1.3347956304443966	0.911574754461179	157.41684580812142	0.7176067440116788	1.3347956304443966	0.911574754461179
18000	-25.616663278711748	-9.871527956066256	-15.745135322645492	0.0	1	1	0	0.7613779846438892	1.203928899853699	0.891465592587636	167.20067312345464	0.7613779846438892	1.203928899853699	0.0
19000	-25.36615014125023	-9.884350551927925	-15.481799589322305	0.0	1	1	1	0.6987328361850492	1.2009231678157868	0.8916818115159502	101.47335895557177	0.6987328361850492	1.2009231678157868	0.8916818115159502
20000	-26.85004152425916	-9.672452654570401	-17.17758886968876	0.0	1	1	1	0.7063403808606862	1.0645832642779425	0.7957697464513258	476.5911729891686	0.7063403808606862	1.0645832642779425	0.7957697464513258
21000	-25.180336452018217	-10.102635166109431	-15.077701285908788	0.0	1	1	1	0.5743500785634987	1.0584286577892048	0.8686716286332187	91.42588500483198	0.5743500785634987	1.0584286577892048	0.8686716286332187
22000	-25.257948680056746	-10.052955241840754	-15.204993438215991	0.0	1	1	1	0.5377264665280279	1.0658329725540119	0.9622845612620725	96.8409230768941	0.5377264665280279	1.0658329725540119	0.9622845612620725
23000	-26.23936431742218	-9.21680687617047	-17.02255744125171	0.0	1	0	1	0.48030859700621625	1.0523223744662555	0.7292830135205968	663.1111440258206	0.48030859700621625	0.0	0.7292830135205968
24000	-25.364747721352323	-9.113247277342719	-16.251500444009604	0.0	1	1	1	0.5255365712386265	0.9820856871852379	0.827221430138805	287.4515533559865	0.5255365712386265	0.9820856871852379	0.827221430138805
25000	-25.14650757524074	-9.33642870933283	-15.810078865907911	0.0	0	1	1	0.4596706717987179	0.8822825358134806	0.7871573971446627	317.9015665552688	0.0	0.8822825358134806	0.7871573971446627
26000	-25.157221331370064	-9.515368543152109	-15.641852788217955	0.0	0	1	1	0.46573669681017105	0.909966730376917	0.6757335348858253	296.6085025528425	0.0	0.909966730376917	0.6757335348858253
27000	-24.89407674162739	-10.768804126463989	-14.125272615163402	0.0	1	1	0	0.4727508772720806	0.985344189515773	0.6718573496062994	75.00439486024632	0.4727508772720806	0.985344189515773	0.0
28000	-23.919464737813932	-9.09755416889015	-14.82191056892378	0.0	1	0	1	0.4736779934552097	0.891436270910765	0.6172862440168199	160.32121331481397	0.4736779934552097	0.0	0.6172862440168199
29000	-29.264716461670645	-9.99609666606401	-19.268619795606632	0.0	1	1	1	4.81132877277897	1.7538944440628739	0.284294487601287	79.08884916250956	4.81132877277897	1.7538944440628739	0.284294487601287
30000	-24.267173928495808	-8.783086567417223	-15.484087361078585	0.0	1	1	1	0.4239169761724395	0.36918389950072567	0.9710137404927582	246.06612482871435	0.4239169761724395	0.36918389950072567	0.9710137404927582
31000	-25.716533326338897	-8.690514139013102	-17.026019187325797	0.0	0	1	1	0.6873984654634333	0.16562026610600747	1.1078702894380787	791.1851042542513	0.0	0.16562026610600747	1.1078702894380787
32000	-29.22764092816937	-10.44074720293365	-18.78689372523572	0.0	1	1	1	0.6105750215395536	1.068052787822404	1.2850628030305709	974.4252402211337	0.6105750215395536	1.068052787822404	1.2850628030305709
33000	-26.895939410270934	-9.190439804362887	-17.705499605908045	0.0	0	1	1	0.6670297905025535	0.5062999808012176	2.636876970636713	372.8775070070326	0.0	0.5062999808012176	2.636876970636713
34000	-24.300232686174283	-9.141232641056796	-15.159000045117489	0.0	1	0	1	0.4516027606358033	0.32377320338897236	1.2268757488299222	209.63571743007495	0.4516027606358033	0.0	1.2268757488299222
35000	-27.366887057212686	-8.673063270005038	-18.69382378720765	0.0	1	0	1	0.022257851685164674	0.5504060775260494	0.4450038030540085	2325.2417167467115	0.022257851685164674	0.0	0.4450038030540085
36000	-29.054985679822103	-8.781793051371148	-20.273192628450957	0.0	1	1	1	0.5104044518500283	0.1720367148188009	3.5662784136208274	1076.3300284936004	0.5104044518500283	0.1720367148188009	3.5662784136208274
37000	-30.52409865576802	-8.777977253973033	-21.746121401794987	0.0	1	1	1	0.06124791200441497	0.9582196246264085	5.80685282199209	583.4313156393082	0.06124791200441497	0.9582196246264085	5.80685282199209
38000	-29.29568948129023	-10.587351141665735	-18.708338339624493	0.0	1	1	0	0.7474104626502379	1.5530899409055383	2.4074385671368863	402.2459857479893	0.7474104626502379	1.5530899409055383	0.0
39000	-30.816458639837954	-10.17984350506079	-20.636615134777163	0.0	0	1	1	0.8355053050960413	2.671643546594446	1.4242258734090532	1101.0962642295447	0.0	2.671643546594446	1.4242258734090532
40000	-25.35206420009265	-10.268575944284416	-15.083488255808234	0.0	1	1	1	0.9267508789974946	1.511548456421432	0.1259443556032277	86.75920924670078	0.9267508789974946	1.511548456421432	0.1259443556032277
41000	-25.26258679524631	-9.019370557489115	-16.243216237757196	0.0	0	1	1	0.6877886366880225	0.41363171073845734	0.6113767641945527	575.11574339142	0.0	0.41363171073845734	0.6113767641945527
42000	-24.43130855729691	-9.596286038748511	-14.835022518548396	0.0	1	1	0	1.231872077569856	0.5054442940481896	0.52032862704829	127.44598036930992	1.231872077569856	0.5054442940481896	0.0
43000	-28.34286624444116	-9.05659867791156	-19.2862675665296	0.0	0	1	1	0.3460648938911366	1.5586689671825433	2.6027049127695427	670.3901522250256	0.0	1.5586689671825433	2.6027049127695427
44000	-26.963350451741853	-9.71126029566073	-17.252090156081124	0.0	1	1	1	0.2117704482804667	0.8614948304612028	0.9376008515960093	709.4651875270152	0.2117704482804667	0.8614948304612028	0.9376008515960093
45000	-29.62254901992984	-11.333596664401664	-18.288952355528174	0.0	0	1	1	0.2976162194454115	0.028184711598551678	2.3393328480409616	1058.8027562868092	0.0	0.028184711598551678	2.3393328480409616
46000	-26.935260195574422	-10.527696401068	-16.407563794506423	0.0	1	1	0	3.3650441402412636	0.8901373698025428	0.35088821903661277	62.551600026937436	3.3650441402412636	0.8901373698025428	0.0
47000	-28.97519835797833	-10.94387193311857	-18.031326424859756	0.0	1	1	0	0.6920951142645794	0.3030964169672762	0.7820404741196998	1405.8551415736374	0.6920951142645794	0.3030964169672762	0.0
48000	-24.19698323172118	-9.769312865150694	-14.427670366570487	0.0	1	0	1	0.5522081952305355	1.205955365440226	0.13336382541201544	122.85582641792354	0.5522081952305355	0.0	0.13336382541201544
49000	-24.07573845555874	-10.421210853534454	-13.654527602024285	0.0	1	1	0	0.4646825203221331	0.23982828668549383	1.1690648285256493	61.352126316444554	0.4646825203221331	0.23982828668549383	0.0
50000	-26.206389728057182	-8.875386100489722	-17.331003627567462	0.0	0	1	1	0.7690368095769252	0.7935733749016018	1.40431983754014	516.3837072186772	0.0	0.7935733749016018	1.40431983754014
51000	-25.73068490790088	-9.85735425667037	-15.873330651230512	0.0	1	1	1	0.4583499041624325	0.8432095353475346	1.7078104646124521	118.66030025298474	0.4583499041624325	0.8432095353475346	1.7078104646124521
52000	-25.380211987256192	-10.371470289498733	-15.00874169775746	0.0	1	1	1	0.5511608126043139	1.506214363377098	0.23888827427259735	103.52199630940845	0.5511608126043139	1.506214363377098	0.23888827427259735
53000	-31.695615769387643	-10.817269619657305	-20.878346149730337	0.0	1	1	1	3.510607075862787	1.1216320295090112	0.03309944207538543	1176.211649545751	3.510607075862787	1.1216320295090112	0.03309944207538543
54000	-27.48143641345697	-10.1784311798737	-17.30300523358327	0.0	0	1	1	0.043167268592137535	0.3646208001134691	0.6013346028176042	1429.1945057916325	0.0	0.3646208001134691	0.6013346028176042
55000	-25.977095005932235	-8.930642737040401	-17.046452268891834	0.0	1	0	1	0.6753349904583821	1.757834443885717	1.365178818370559	225.98208869357995	0.6753349904583821	0.0	1.365178818370559
56000	-28.837956733266736	-10.368884540025649	-18.469072193241086	0.0	1	1	1	2.847547724105032	0.5474395356487268	0.10553201900875524	601.5803856793697	2.847547724105032	0.5474395356487268	0.10553201900875524
57000	-25.540172710371607	-9.152298951105323	-16.387873759266284	0.0	0	1	1	0.21025823421329312	1.0890807755695928	1.128247062087472	390.8487390005528	0.0	1.0890807755695928	1.128247062087472
58000	-26.89832943989194	-8.8987579732142	-17.99957146667774	0.0	1	0	1	2.1150703800861743	0.40901259987928307	1.8536894171003186	303.86044942612256	2.1150703800861743	0.0	1.8536894171003186
59000	-26.354948385013586	-9.838771759846964	-16.516176625166622	0.0	1	1	1	1.6196031232966615	0.16144013780583216	2.163715441463239	91.0214879370454	1.6196031232966615	0.16144013780583216	2.163715441463239
60000	-26.450033909577165	-13.25382382944947	-13.196210080127695	0.0	1	1	1	1.1628392628309399	0.6273106363864042	0.5363815702095048	17.83061620049311	1.1628392628309399	0.6273106363864042	0.5363815702095048
61000	-30.43618090775196	-9.699467608414398	-20.736713299337563	0.0	1	1	1	3.970360708710878	2.509031228336957	0.3340089846539027	288.94170997433446	3.970360708710878	2.509031228336957	0.3340089846539027
62000	-27.619281958432694	-9.913913819618541	-17.705368138814155	0.0	1	1	0	2.3235809091619966	0.9643715359402242	0.7807379748701337	307.3457420338164	2.3235809091619966	0.9643715359402242	0.0
63000	-22.88894984335009	-8.94055382372418	-13.94839601962591	0.0	1	1	1	0.18785067494617097	0.10616010206767316	0.1209151232765626	211.37552835621213	0.18785067494617097	0.10616010206767316	0.1209151232765626
64000	-25.561789081710646	-9.78011844662407	-15.781670635086577	0.0	1	1	1	0.0863211866900455	1.2770764118997617	0.9491796790347775	200.37767586179	0.0863211866900455	1.2770764118997617	0.9491796790347775
65000	-25.739765062761787	-10.50096015634617	-15.238804906415616	0.0	1	0	1	0.5339148408287563	1.5528793659004698	1.1211238968424277	77.52682180854588	0.5339148408287563	0.0	1.1211238968424277
66000	-23.63380984456431	-10.339801803821459	-13.294008040742854	0.0	1	0	1	0.9135833872499788	0.11806780215681016	0.3163623422018079	71.63236857914961	0.9135833872499788	0.0	0.3163623422018079
67000	-26.748972667222745	-10.489311570573607	-16.259661096649136	0.0	1	1	1	0.3909019642342131	0.12740107894033398	0.2105151766263987	835.6041341624828	0.3909019642342131	0.12740107894033398	0.2105151766263987
68000	-23.978721579299204	-10.195274442137974	-13.783447137161232	0.0	1	1	1	0.16490321436195196	0.49757732292616474	0.4162137557806731	102.79891359537302	0.16490321436195196	0.49757732292616474	0.4162137557806731
69000	-25.558394012927707	-8.787567066212462	-16.770826946715243	0.0	1	0	1	0.9679797861919825	0.882657442537663	1.4156581073171224	277.4456254201644	0.9679797861919825	0.0	1.4156581073171224
70000	-24.269683068555757	-8.89117507496728	-15.378507993588478	0.0	1	1	1	0.5716155498659058	0.33637872581420125	1.059770654868962	190.82511574319102	0.5716155498659058	0.33637872581420125	1.059770654868962
71000	-25.200996955362264	-8.705248781798252	-16.49574817356401	0.0	0	1	1	0.32281692888349345	0.2678560592897526	1.2789402592463215	610.7595850196008	0.0	0.2678560592897526	1.2789402592463215
72000	-25.46266207332843	-10.588489047111453	-14.874173026216976	0.0	1	1	1	0.11551794947179905	1.1995416809684634	0.33737535112979883	162.47744867176792	0.11551794947179905	1.1995416809684634	0.33737535112979883
73000	-28.315123590572576	-8.810444058676193	-19.504679531896382	0.0	1	0	1	1.424094049093631	2.3107613882602838	1.959147506150634	350.3931613615805	1.424094049093631	0.0	1.959147506150634
74000	-25.739658020276472	-8.704436968250084	-17.035221052026387	0.0	1	1	1	1.047519380292809	0.26669342516768524	1.7532585169446484	299.04484783131034	1.047519380292809	0.26669342516768524	1.7532585169446484
75000	-27.41489310331052	-9.83633703288878	-17.578556070421737	0.0	1	0	1	0.9181331876051582	1.0722397844772362	2.9342373602866636	136.37392638197588	0.9181331876051582	0.0	2.9342373602866636
76000	-24.77584066127242	-9.619771670264017	-15.156068991008404	0.0	1	1	1	0.2337511291857815	0.5052949567573409	1.2763747681710182	151.46987077463916	0.2337511291857815	0.5052949567573409	1.2763747681710182
77000	-26.59478838054649	-9.73113221694298	-16.863656163603512	0.0	1	1	1	1.5738355286487622	1.5652515963956082	0.04458187610432228	238.2650242393428	1.5738355286487622	1.5652515963956082	0.04458187610432228
78000	-32.047798372146154	-10.641728349338724	-21.40607002280743	0.0	1	1	0	4.600599580504256	1.0143148489184979	0.12532806638938213	1080.5243637631968	4.600599580504256	1.0143148489184979	0.0
79000	-24.0094724508835	-8.80106454222414	-15.208407908659359	0.0	1	1	1	0.5397928004789998	0.14452569157219616	0.9602737276183781	216.73001456007603	0.5397928004789998	0.14452569157219616	0.9602737276183781
80000	-23.24129489475169	-10.097030964786516	-13.144263929965174	0.0	1	1	0	0.32981356475528467	0.4054700438436433	0.20247787201211798	91.17272960872695	0.32981356475528467	0.4054700438436433	0.0
81000	-25.000827229685335	-9.91875551814605	-15.082071711539283	0.0	1	1	0	1.0988428766406482	0.22927075368489191	1.3442230364269108	109.68978796980552	1.0988428766406482	0.22927075368489191	0.0
82000	-27.02748006946783	-8.869975627629373	-18.15750444183846	0.0	1	0	1	1.5846741674452336	0.09453198487201374	3.1279411595105486	245.49543112239581	1.5846741674452336	0.0	3.1279411595105486
83000	-25.465296489664997	-12.051804875240713	-13.413491614424284	0.0	1	0	1	0.16917578370412756	1.0693927299674728	0.6097355208489278	49.999521299522875	0.16917578370412756	0.0	0.6097355208489278
84000	-25.422904748693735	-10.741747913865089	-14.681156834828647	0.0	1	1	1	0.4450861870642659	1.4709408974767173	0.1108825395258811	98.18354041949297	0.4450861870642659	1.4709408974767173	0.1108825395258811
85000	-24.43656346518955	-8.89923492257146	-15.53732854261809	0.0	1	1	1	0.5861457424051277	0.5392225555004683	0.9379417382313799	201.2019190081373	0.5861457424051277	0.5392225555004683	0.9379417382313799
86000	-23.82281724002977	-8.753098844456472	-15.069718395573299	0.0	1	1	1	0.214529433066021	0.24941779424210042	0.6174409130030742	303.8151842829478	0.214529433066021	0.24941779424210042	0.6174409130030742
87000	-24.297886595647725	-8.79679163649486	-15.501094959152864	0.0	1	0	1	0.4019530249243151	0.1326616338778158	0.8066258318931692	449.88494573638343	0.4019530249243151	0.0	0.8066258318931692
88000	-28.533523870971095	-9.654731369418629	-18.878792501552464	0.0	0	1	1	0.5709035810320193	2.498924165508782	2.5934772004862814	220.0301402582534	0.0	2.498924165508782	2.5934772004862814
89000	-25.053369161916937	-8.86076969309898	-16.192599468817956	0.0	1	0	1	0.7093937796165442	0.9179581762521122	1.255322590111618	237.62311210477287	0.7093937796165442	0.0	1.255322590111618
90000	-24.72410409093074	-8.799356975219238	-15.924747115711503	0.0	1	0	1	0.7569308130364972	0.6459886736163386	1.0913199140264798	261.71857166145884	0.7569308130364972	0.0	1.0913199140264798
91000	-26.48460072448797	-10.18040142287746	-16.30419930161051	0.0	1	1	1	2.2828178280996365	0.21406101430861177	1.5385471023150032	68.74775783590998	2.2828178280996365	0.21406101430861177	1.5385471023150032
92000	-32.343721943364294	-10.720849259976793	-21.6228726833875	0.0	1	1	1	3.0749638571882136	0.164029256665921	0.45421956921478146	2246.4560323320375	3.0749638571882136	0.164029256665921	0.45421956921478146
93000	-25.61171570128913	-9.72555131853961	-15.886164382749518	0.0	1	1	1	1.0600874917979795	1.4452232924737018	0.6352084005781873	106.67897841954245	1.0600874917979795	1.4452232924737018	0.6352084005781873
94000	-26.810723417404688	-9.270322290982525	-17.54040112642216	0.0	0	1	1	1.4237999333713383	1.156233524106314	1.4434731993671208	280.1429873012013	0.0	1.156233524106314	1.4434731993671208
95000	-25.47279982021145	-9.795615085304632	-15.677184734906815	0.0	1	1	0	0.3437652612130934	0.3676273233067519	1.6705817234708098	234.80921713833052	0.3437652612130934	0.3676273233067519	0.0
96000	-25.61727045414616	-10.345154440125594	-15.272116014020567	0.0	1	1	1	0.7013139494256877	1.517712873281089	0.5507606528956849	85.41715902350188	0.7013139494256877	1.517712873281089	0.5507606528956849
97000	-25.337252543568532	-8.825468136226442	-16.511784407342088	0.0	1	0	1	0.4824373776006288	0.5300445877880184	1.5783137168490837	379.90934875536504	0.4824373776006288	0.0	1.5783137168490837
98000	-26.349911398681282	-8.892295661281366	-17.457615737399916	0.0	1	0	1	0.7668810723743085	0.361187526341345	2.5685108788570736	337.678235763021	0.7668810723743085	0.0	2.5685108788570736
99000	-26.382703521668027	-8.751502696944591	-17.631200824723436	0.0	1	0	1	0.5291757862840759	0.05727406076346898	2.110121411240783	734.6915818916646	0.5291757862840759	0.0	2.110121411240783
100000	-22.756584941851855	-9.719850852364083	-13.036734089487771	0.0	1	1	0	0.22867226221618553	0.22371610407205234	0.05550533987391014	122.0584243405618	0.22867226221618553	0.22371610407205234	0.0
101000	-24.40507843097111	-8.910699939073092	-15.494378491898015	0.0	1	1	1	0.43200219630869285	0.38648791467965055	0.6165146911176365	320.73066134769175	0.43200219630869285	0.38648791467965055	0.6165146911176365
102000	-28.45883479801401	-10.994795507820085	-17.464039290193927	0.0	1	1	0	0.39657137120643826	0.4190626594208826	0.16955984893742057	1539.7335037059552	0.39657137120643826	0.4190626594208826	0.0
103000	-24.18573749195191	-9.461965825119993	-14.723771666831919	0.0	1	1	1	0.7825942587236677	0.5215723088133559	0.6788391525334189	106.20915223729003	0.7825942587236677	0.5215723088133559	0.6788391525334189
104000	-24.585496009248203	-8.739010762209464	-15.846485247038737	0.0	1	1	1	0.21529343399757983	0.02205500414413283	0.713891376206147	574.422203975553	0.21529343399757983	0.02205500414413283	0.713891376206147
105000	-29.458790213282736	-9.82117864312044	-19.637611570162296	0.0	1	0	1	0.6634381502297272	0.6547225915279418	1.8801751790098846	1515.8084843336735	0.6634381502297272	0.0	1.8801751790098846
106000	-24.202360897716737	-8.91674610587904	-15.285614791837695	0.0	1	0	1	0.16516893836848515	1.8213654713008653	0.13464559533755713	210.97242689595785	0.16516893836848515	0.0	0.13464559533755713
107000	-26.519251390956114	-9.655601835134386	-16.863649555821727	0.0	1	0	1	0.800298539970436	0.006154563494076349	0.9466398633617069	811.4033877293687	0.800298539970436	0.0	0.9466398633617069
108000	-28.07285379541127	-9.700001880962226	-18.372851914449043	0.0	1	1	0	0.4744655974763013	0.4434952402490252	4.9216393398302865	122.53956584764984	0.4744655974763013	0.4434952402490252	0.0
109000	-31.951614698023455	-8.981745418215047	-22.969869279808407	0.0	1	0	1	0.8156252856278007	0.7560008674718381	4.906655582408341	1547.4691869028177	0.8156252856278007	0.0	4.906655582408341
110000	-25.409298477252783	-9.75303831427735	-15.656260162975434	0.0	1	1	1	0.6075910043378889	0.06591742302038595	0.2394026858973989	520.6719878687185	0.6075910043378889	0.06591742302038595	0.2394026858973989
111000	-24.733264470741616	-9.884861814139466	-14.848402656602152	0.0	1	1	0	1.5319763051868456	1.0700683091970933	0.043146529797944616	90.89788415807404	1.5319763051868456	1.0700683091970933	0.0
112000	-24.80049789117116	-8.705803308331012	-16.09469458284015	0.0	1	1	1	0.6358213093629906	0.24863402531080464	1.3445077871505513	276.2466626995158	0.6358213093629906	0.24863402531080464	1.3445077871505513
113000	-24.316495402150657	-9.010601501949758	-15.305893900200902	0.0	1	1	1	0.20065083359583163	0.5639043869601044	0.7967701721517096	250.96568532456718	0.20065083359583163	0.5639043869601044	0.7967701721517096
114000	-24.73882757897097	-9.144235697471306	-15.594591881499662	0.0	1	0	1	0.8586232628716739	0.24397852622105487	0.5711077308579278	379.8800448856127	0.8586232628716739	0.0	0.5711077308579278
115000	-26.43319199129462	-9.775069694320711	-16.658122296973907	0.0	1	1	1	0.46946829475331364	0.19307521301874112	0.6859872409010365	738.1868491441872	0.46946829475331364	0.19307521301874112	0.6859872409010365
116000	-27.04910522867064	-9.724016945777546	-17.325088282893095	0.0	1	0	1	3.15063528817054	0.5286568044557058	0.5455685095878168	200.02034962560805	3.15063528817054	0.0	0.5455685095878168
117000	-23.45904718319133	-9.760577824483091	-13.698469358708238	0.0	1	1	0	0.626073523760949	0.5006918967599737	0.20121539345538905	105.8682934018889	0.626073523760949	0.5006918967599737	0.0
118000	-26.81450920528117	-9.365109166507068	-17.4494000387741	0.0	1	1	1	0.611279764504976	1.8079570940527685	1.6781492042038002	181.59959943077723	0.611279764504976	1.8079570940527685	1.6781492042038002
119000	-25.80677890714885	-9.536636088832225	-16.270142818316625	0.0	0	1	1	0.6819286786571861	1.0964488936729115	1.1930655883807075	235.47402164659403	0.0	1.0964488936729115	1.1930655883807075
120000	-26.247693735240425	-9.205973418197178	-17.041720317043247	0.0	1	1	1	1.8184268212873762	0.9489185253302274	1.343868122901292	125.91594673339388	1.8184268212873762	0.9489185253302274	1.343868122901292
121000	-24.85265689683377	-11.866643619747137	-12.986013277086636	0.0	1	1	0	0.76175261437129	0.04883596809745205	0.6248902382675277	49.30572174622479	0.76175261437129	0.04883596809745205	0.0
122000	-24.467552403523364	-10.29895767520361	-14.168594728319755	0.0	1	1	1	0.5403562282054424	0.9771765160129953	0.12449846814053515	87.34585768631112	0.5403562282054424	0.9771765160129953	0.12449846814053515
123000	-24.814892642483997	-11.116981912703793	-13.697910729780203	0.0	1	1	1	1.3545069623927277	0.19763679967296865	0.36496785480654886	43.27104194983517	1.3545069623927277	0.19763679967296865	0.36496785480654886
124000	-26.851708653076468	-9.001744156673933	-17.849964496402535	0.0	1	1	1	0.6861506305062902	0.5101360749190934	2.991734793367396	234.81060469072727	0.6861506305062902	0.5101360749190934	2.991734793367396
125000	-23.56352120901648	-8.994158601035519	-14.569362607980961	0.0	1	1	1	0.5161420830733807	0.27194167262021673	0.2607744855995083	209.1212297776516	0.5161420830733807	0.27194167262021673	0.2607744855995083
126000	-26.607113187355743	-10.225399596082974	-16.38171359127277	0.0	1	1	1	0.577575503185419	2.1753142049128136	0.7362914207916099	121.72857386834553	0.577575503185419	2.1753142049128136	0.7362914207916099
127000	-25.34761854343398	-10.570057784459571	-14.777560758974412	0.0	1	0	1	0.5447704784663541	0.20657697062715172	1.8016486152910869	92.69481615263788	0.5447704784663541	0.0	1.8016486152910869
128000	-29.832324248810714	-10.244750228489815	-19.587574020320897	0.0	1	0	1	2.0944136985439776	1.202365738216366	0.2917381836066819	1260.1347748541805	2.0944136985439776	0.0	0.2917381836066819
129000	-24.051395140376965	-8.834217107979075	-15.21717803239789	0.0	1	0	1	0.5514052056045194	0.5214415075191412	0.8320588248184537	238.07455533762916	0.5514052056045194	0.0	0.8320588248184537
130000	-25.121184253838067	-10.578619727666378	-14.54256452617169	0.0	1	1	1	0.4476172576224189	0.3202596722992326	1.3754485511970687	77.64407082336815	0.4476172576224189	0.3202596722992326	1.3754485511970687
131000	-24.179215631739204	-9.586237009733981	-14.592978622005223	0.0	1	1	1	0.1755810848296131	0.605796643552482	0.63229909915134	156.6337170255656	0.1755810848296131	0.605796643552482	0.63229909915134
132000	-27.825758719606274	-9.31892445593343	-18.506834263672843	0.0	1	0	1	1.3654339040341006	1.5300859152378767	1.2007075551390785	532.4008890134055	1.3654339040341006	0.0	1.2007075551390785
133000	-28.032090296959197	-9.849342854141023	-18.182747442818172	0.0	0	1	1	0.7940561066285421	0.7670403786218513	3.3355828141130255	233.0745408590921	0.0	0.7670403786218513	3.3355828141130255
134000	-27.481297145729442	-9.39392491192283	-18.08737223380661	0.0	1	1	1	0.18401161798420487	1.801354389971893	1.4266131593433506	497.7311447835516	0.18401161798420487	1.801354389971893	1.4266131593433506
135000	-27.01346519023444	-9.797047206979382	-17.21641798325506	0.0	1	1	1	0.28576775205493876	0.7493130053557798	0.908824269855149	722.5278397356108	0.28576775205493876	0.7493130053557798	0.908824269855149
136000	-26.866028944694847	-12.308042168303494	-14.557986776391354	0.0	1	1	1	0.43554081806679296	2.014262051761515	0.20491223772597308	48.65197787380437	0.43554081806679296	2.014262051761515	0.20491223772597308
137000	-27.201272195274633	-8.998727101645498	-18.202545093629134	0.0	1	1	1	2.300282932971516	0.10242988253108841	2.5466209471319763	166.9317785400181	2.300282932971516	0.10242988253108841	2.5466209471319763
138000	-27.69517988900793	-10.810353225053017	-16.884826663954914	0.0	1	1	0	0.4804723709550299	0.749800899970828	1.1697341892316362	558.6087302405593	0.4804723709550299	0.749800899970828	0.0
139000	-28.504111697613176	-9.667764732680089	-18.836346964933085	0.0	1	0	1	2.127127107203131	1.1209971027211116	1.0673466297602376	571.6358405282149	2.127127107203131	0.0	1.0673466297602376
140000	-31.5256585353888	-8.824065950382549	-22.70159258500625	0.0	1	0	1	0.8590468237913189	0.5583507296493277	6.383746373641849	720.2890625977428	0.8590468237913189	0.0	6.383746373641849
141000	-30.8734197177779	-9.592814453487694	-21.280605264290205	0.0	1	0	1	6.184517186843542	0.8178021077118804	1.4747160892114997	155.41707062966887	6.184517186843542	0.0	1.4747160892114997
142000	-27.306481200707147	-8.965721213726662	-18.340759986980487	0.0	1	1	1	0.18976082866766747	0.8526883213751838	3.2226878990742147	324.69809649214	0.18976082866766747	0.8526883213751838	3.2226878990742147
143000	-23.819859183516286	-9.690165376809356	-14.129693806706928	0.0	1	1	0	0.6353421275231333	0.5366623091765914	0.46556476059945107	118.11879597980338	0.6353421275231333	0.5366623091765914	0.0
144000	-25.199845815387924	-11.278488771331244	-13.921357044056682	0.0	1	1	1	0.9986108963145411	0.6055903729887597	0.6165335124092588	40.06240545763294	0.9986108963145411	0.6055903729887597	0.6165335124092588
145000	-27.69653361426095	-10.040651201445057	-17.655882412815895	0.0	0	1	1	0.1480511555832779	0.8358627410606303	0.9212835456955154	1125.0453147776225	0.0	0.8358627410606303	0.9212835456955154
146000	-26.073626528326393	-8.900683218842099	-17.172943309484292	0.0	1	1	1	1.572743947015076	0.23369909485925444	1.3217786245700012	317.18476092029834	1.572743947015076	0.23369909485925444	1.3217786245700012
147000	-24.807146209611407	-8.881500656287741	-15.925645553323665	0.0	1	0	1	0.5698042315067561	0.6898500256666075	0.7120493655358869	389.0671334832382	0.5698042315067561	0.0	0.7120493655358869
148000	-26.149903464633176	-9.508327800604155	-16.641575664029023	0.0	1	1	1	0.7246073850263718	1.2422578039520573	0.5658281708735855	332.9340139618478	0.7246073850263718	1.2422578039520573	0.5658281708735855
149000	-27.388722236956717	-8.879393124346793	-18.509329112609926	0.0	1	1	1	0.16160169276561906	0.15738945547994992	2.916123090444312	723.2423421414796	0.16160169276561906	0.15738945547994992	2.916123090444312
150000	-22.884628429628613	-10.809607754981375	-12.07502067464724	0.0	1	0	1	0.15054965313528165	0.02012702172187357	0.19239598235402564	57.479768913059615	0.15054965313528165	0.0	0.19239598235402564
151000	-22.582695900494386	-9.491546556803222	-13.091149343691162	0.0	1	1	1	0.2365186096495595	0.08949144116061264	0.08530364702485854	100.4978205223894	0.2365186096495595	0.08949144116061264	0.08530364702485854
152000	-28.210837083188835	-10.083931823175385	-18.126905260013448	0.0	1	0	1	1.0227743640753093	4.434927952831146	0.6528376599069513	76.48756692842264	1.0227743640753093	0.0	0.6528376599069513
153000	-25.62007771890955	-8.894540053600535	-16.725537665309012	0.0	1	1	1	1.7290447363991344	0.1798587802273805	1.1247879973422934	240.5576055382007	1.7290447363991344	0.1798587802273805	1.1247879973422934
154000	-26.008977449812612	-8.777554927958995	-17.231422521853617	0.0	1	1	1	1.2839970202130535	0.028846353454552224	2.0702653760264136	272.4937584271252	1.2839970202130535	0.028846353454552224	2.0702653760264136
155000	-26.03403430767586	-8.931855990165946	-17.102178317509914	0.0	1	1	1	0.6622809155387042	1.0782446392044776	1.7117184885399452	232.53417736064864	0.6622809155387042	1.0782446392044776	1.7117184885399452
156000	-27.18098971436556	-8.727262697650708	-18.45372701671485	0.0	0	1	1	1.7126514754966347	0.5853449134629185	1.6325157664920718	572.4874309194017	0.0	0.5853449134629185	1.6325157664920718
157000	-25.689521024888506	-9.19770106333671	-16.491819961551794	0.0	1	1	1	1.18933641738236	0.6509870905196149	1.6520137937185515	133.8497269809597	1.18933641738236	0.6509870905196149	1.6520137937185515
158000	-24.396238690382024	-8.954182090665137	-15.442056599716887	0.0	1	0	1	0.24930778971507594	0.7786262003063189	0.306611572936555	433.83432870292796	0.24930778971507594	0.0	0.306611572936555
159000	-25.947554954048055	-10.000180984348505	-15.94737396969955	0.0	1	1	1	0.036731004156008946	0.39537673283533753	1.977607432837373	212.1080693672964	0.036731004156008946	0.39537673283533753	1.977607432837373
160000	-27.66613400547484	-10.658529105098705	-17.007604900376137	0.0	1	0	1	1.4813974767651066	3.305977880853762	0.3912790829580804	64.18928946635789	1.4813974767651066	0.0	0.3912790829580804
161000	-25.401910774793393	-9.529325026245612	-15.872585748547781	0.0	0	1	1	0.22251349872740006	1.1473003806087771	0.7604231751686664	332.98192684026026	0.0	1.1473003806087771	0.7604231751686664
162000	-28.15816861831015	-9.860765012786382	-18.297403605523765	0.0	1	1	1	4.010171161369008	1.223241438202472	0.5883777646775171	83.33658307779181	4.010171161369008	1.223241438202472	0.5883777646775171
163000	-28.876937541492076	-8.731330593016033	-20.145606948476043	0.0	1	0	1	0.07696623146425832	4.907048586033008	0.36241275137418605	678.5922814138861	0.07696623146425832	0.0	0.36241275137418605
164000	-26.580812550814144	-9.451989055427847	-17.128823495386296	0.0	0	1	1	1.749877906426603	0.9366935190678941	0.6760826660864626	338.9768573459847	0.0	0.9366935190678941	0.6760826660864626
165000	-29.222256783034	-9.997280795926832	-19.224975987107168	0.0	0	1	1	2.7732067011485415	1.4573559041167983	0.5016710074679342	561.4548693372054	0.0	1.4573559041167983	0.5016710074679342
166000	-26.50869885389139	-8.939993361291135	-17.568705492600255	0.0	0	1	1	0.8423928180580689	0.40368045070323266	1.1171812411610336	854.5453446837894	0.0	0.40368045070323266	1.1171812411610336
167000	-26.958584307592368	-10.128621915597904	-16.829962391994464	0.0	0	1	1	0.159999802961975	1.602743680914052	0.4625621050617957	602.6443191026913	0.0	1.602743680914052	0.4625621050617957
168000	-27.198328701493097	-9.776924521831273	-17.421404179661824	0.0	1	1	1	0.46255959596283597	2.425376860029392	0.9751380622518514	215.7538241762598	0.46255959596283597	2.425376860029392	0.9751380622518514
169000	-25.205747334935296	-11.931613217959644	-13.274134116975654	0.0	1	1	1	1.4236903918181227	0.11915820136499035	0.2173903967462781	33.45296369120208	1.4236903918181227	0.11915820136499035	0.2173903967462781
170000	-27.063750296965644	-9.084665671896639	-17.979084625069003	0.0	1	1	1	1.0836196041543293	1.0783173691994279	2.5363244572088957	170.92538498835646	1.0836196041543293	1.0783173691994279	2.5363244572088957
171000	-28.345011151780213	-10.047480781906435	-18.29753036987378	0.0	1	1	1	1.4494541310246145	0.39307741106491734	1.1879247504106087	720.2472272250993	1.4494541310246145	0.39307741106491734	1.1879247504106087
172000	-27.652053546029617	-10.790985760221169	-16.861067785808448	0.0	1	1	0	0.9399815207059677	1.009320384003283	0.43707617025448486	554.9835446386783	0.9399815207059677	1.009320384003283	0.0
173000	-27.91608914799914	-10.588282656096013	-17.32780649190313	0.0	1	1	0	2.557510806473092	2.5054658953392575	0.5029810690515607	60.25614392282173	2.557510806473092	2.5054658953392575	0.0
174000	-25.653357542728934	-9.311184415836513	-16.342173126892423	0.0	1	0	1	0.5248778078958138	1.785576640842594	0.2228629112166938	349.92058986790863	0.5248778078958138	0.0	0.2228629112166938
175000	-26.450806035968455	-9.968278146725838	-16.48252788924262	0.0	1	1	1	1.5153814659311289	0.11428364341700124	0.22522294795428272	482.0200944259653	1.5153814659311289	0.11428364341700124	0.22522294795428272
176000	-24.554539033535715	-9.433884721912817	-15.120654311622898	0.0	1	1	1	0.13093216956604858	0.2877119018188257	1.201174534347093	205.7395155052098	0.13093216956604858	0.2877119018188257	1.201174534347093
177000	-27.007412123780668	-9.85905284946511	-17.14835927431556	0.0	1	1	1	1.1911979902829362	0.9247179496195627	0.5301858072148673	442.37648116304047	1.1911979902829362	0.9247179496195627	0.5301858072148673
178000	-29.19602729268557	-10.016993696335527	-19.179033596350045	0.0	1	1	1	1.0320331151539037	2.9857644939257453	2.3574831946336623	112.42012709138048	1.0320331151539037	2.9857644939257453	2.3574831946336623
179000	-23.808117218102353	-10.386792377857779	-13.421324840244573	0.0	1	1	0	0.11465391067073744	0.09885739325983843	1.3502163450308433	65.94087047570366	0.11465391067073744	0.09885739325983843	0.0
180000	-24.656092177777566	-9.356579581155563	-15.299512596622005	0.0	1	1	1	0.7910264546632703	0.13471290994342575	0.25687500317923523	334.9422217785325	0.7910264546632703	0.13471290994342575	0.25687500317923523
181000	-25.054147742305098	-8.734034486429618	-16.32011325587548	0.0	1	1	1	0.1596380204431023	0.0565265551652642	1.153076103983414	594.9581238562762	0.1596380204431023	0.0565265551652642	1.153076103983414
182000	-23.45283874027232	-9.599481858250886	-13.853356882021435	0.0	1	0	1	0.47699733572338804	0.2284824676788042	0.7082076527945499	112.68764218632974	0.47699733572338804	0.0	0.7082076527945499
183000	-28.88701234381715	-9.629097920742854	-19.257914423074297	0.0	1	1	0	3.0816001200161742	2.4076130698032325	1.204201631648684	125.99634166783197	3.0816001200161742	2.4076130698032325	0.0
184000	-27.779945995723995	-10.201395957480521	-17.578550038243474	0.0	1	1	1	3.336804182705003	0.2582425425247112	0.0855305846942181	283.3002004806685	3.336804182705003	0.2582425425247112	0.0855305846942181
185000	-25.886418685966404	-11.849960610082528	-14.036458075883878	0.0	0	1	1	0.12446449299165468	1.097765379040673	0.3969706841354796	110.4363133179066	0.0	1.097765379040673	0.3969706841354796
186000	-29.455269220417726	-8.81847783076547	-20.636791389652256	0.0	1	1	1	0.4293658601217875	0.6660998727558878	3.9596128144311304	858.948113556073	0.4293658601217875	0.6660998727558878	3.9596128144311304
187000	-23.171329127483943	-9.85140191013766	-13.319927217346285	0.0	1	1	0	0.7588886585101452	0.3320156864228128	0.006890181070097047	92.4885273297507	0.7588886585101452	0.3320156864228128	0.0
188000	-26.84673809603423	-9.080537751982767	-17.766200344051462	0.0	1	1	1	0.47081197480798287	0.0060674156908548564	1.4684027048074355	973.2973653937912	0.47081197480798287	0.0060674156908548564	1.4684027048074355
189000	-25.375417035632793	-9.05641033163023	-16.319006704002565	0.0	1	0	1	0.5866857307695346	1.1642949942451288	0.5338001077060169	412.03997635745105	0.5866857307695346	0.0	0.5338001077060169
190000	-27.999216901702226	-9.066676347530969	-18.932540554171258	0.0	0	1	1	1.316903082191015	1.4862384941613536	1.8189420520262163	498.3263522075186	0.0	1.4862384941613536	1.8189420520262163
191000	-25.36318692771639	-9.834512768579058	-15.528674159137335	0.0	1	1	0	0.17662634692788046	0.22964515700419424	2.5465604136199205	127.27238409149642	0.17662634692788046	0.22964515700419424	0.0
192000	-28.233610880413288	-10.075783887809786	-18.157826992603503	0.0	1	1	1	0.875999875607416	1.709494054035853	0.7676304695320124	541.9718409310343	0.875999875607416	1.709494054035853	0.7676304695320124
193000	-26.3812840055932	-10.071597619659206	-16.309686385933997	0.0	1	0	1	2.760614231497227	0.2920505073413914	1.1900694462446169	80.16482443356257	2.760614231497227	0.0	1.1900694462446169
194000	-26.7608459994185	-9.010552987158217	-17.750293012260283	0.0	1	0	1	1.7118332006635648	1.2133279357137432	1.165806306542208	312.7095140091823	1.7118332006635648	0.0	1.165806306542208
195000	-28.38811399555466	-8.84380991437588	-19.544304081178783	0.0	1	0	1	2.702216989233722	0.3940233701275701	3.1899871790808034	227.82791359799302	2.702216989233722	0.0	3.1899871790808034
196000	-24.981146836183378	-8.824063625818503	-16.157083210364874	0.0	1	1	1	1.0710541527841173	0.3482771956909034	1.3104189709550624	193.5014174664675	1.0710541527841173	0.3482771956909034	1.3104189709550624
197000	-34.79927781427064	-8.843830846615056	-25.955446967655586	0.0	0	1	1	5.301506711143347	0.07049831682982151	2.4307140040395883	2665.4145368230315	0.0	0.07049831682982151	2.4307140040395883
198000	-25.409947386982623	-9.199097894176822	-16.210849492805803	0.0	1	0	1	1.3433952664673956	0.64335277227402	0.6022045368562307	303.8832706504942	1.3433952664673956	0.0	0.6022045368562307
199000	-22.9312623173274	-8.811647875624114	-14.119614441703284	0.0	1	0	1	0.08262571227237384	0.4044017954150637	0.1556789414208708	271.49213069209827	0.08262571227237384	0.0	0.1556789414208708
200000	-24.41918932598674	-9.216974969887385	-15.202214356099354	0.0	0	1	1	0.5319146925644928	0.21543558361224702	0.7947455356709876	312.8986015200815	0.0	0.21543558361224702	0.7947455356709876
201000	-24.72855194159228	-8.945897894597062	-15.782654046995217	0.0	1	1	1	1.3593459443626064	0.34070711064904663	0.7486552573202365	178.8382925048722	1.3593459443626064	0.34070711064904663	0.7486552573202365
202000	-25.47785235735838	-9.390352714424795	-16.087499642933583	0.0	1	1	1	0.22491738120197996	1.0722004039177877	1.351947910718776	195.30976693688024	0.22491738120197996	1.0722004039177877	1.351947910718776
203000	-25.848807613578277	-9.734727989465998	-16.11407962411228	0.0	1	1	1	0.3478271934784384	1.5825443816040936	0.6148746376272405	217.62604933463078	0.3478271934784384	1.5825443816040936	0.6148746376272405
204000	-26.91360419063183	-9.711575754700961	-17.20202843593087	0.0	1	1	1	1.1140934630654133	2.352773128550049	0.5055488477247325	163.58228097045122	1.1140934630654133	2.352773128550049	0.5055488477247325
205000	-29.747429855025572	-10.879868546952364	-18.867561308073206	0.0	1	1	1	0.7458005264616487	0.12438941349581975	0.6581249840127769	1850.0107055261853	0.7458005264616487	0.12438941349581975	0.6581249840127769
206000	-25.719568820836603	-10.507417008646941	-15.212151812189662	0.0	1	1	1	1.1927191492441873	0.06415511571537584	1.7167950009026098	66.82314674342663	1.1927191492441873	0.06415511571537584	1.7167950009026098
207000	-24.116226953870644	-10.768149509526495	-13.348077444344147	0.0	1	1	0	0.4979062202569201	0.36595663764615516	0.8836634072878365	51.712411717034996	0.4979062202569201	0.36595663764615516	0.0
208000	-26.80509748733849	-10.0026688897061	-16.80242859763239	0.0	1	0	1	0.7877346462334767	0.8276125304133553	0.254846176947027	733.6773366256796	0.7877346462334767	0.0	0.254846176947027
209000	-26.88823958220044	-9.766909214491701	-17.12133036770874	0.0	1	0	1	0.06847595295828172	0.2730372542988193	0.2174872492269239	1590.6912471405997	0.06847595295828172	0.0	0.2174872492269239
210000	-26.012235997854603	-11.854862957902917	-14.157373039951684	0.0	1	1	1	0.20464942069108916	0.9286353251642395	0.9834942836891915	55.442946338938505	0.20464942069108916	0.9286353251642395	0.9834942836891915
211000	-25.66447664461809	-10.384667924582725	-15.279808720035367	0.0	1	1	0	0.4347188714277763	0.9391976600547075	0.2390012013857296	314.517061274204	0.4347188714277763	0.9391976600547075	0.0
212000	-23.941433460263692	-10.250527902606935	-13.690905557656757	0.0	1	1	0	0.41613423252357995	0.6990618433554716	0.31004608416973606	96.24514325463917	0.41613423252357995	0.6990618433554716	0.0
213000	-27.286672645351643	-10.968974774216079	-16.317697871135564	0.0	1	1	1	0.26196831388123004	1.778377224918623	0.0850787717590414	354.27061917499094	0.26196831388123004	1.778377224918623	0.0850787717590414
214000	-28.863375389461908	-9.948599735133262	-18.914775654328643	0.0	1	1	1	1.494304950711634	1.9476036962420915	0.8949409037521755	466.0231364729343	1.494304950711634	1.9476036962420915	0.8949409037521755
215000	-25.501817340563385	-8.955593094146135	-16.54622424641725	0.0	1	0	1	0.6181643963664761	2.2429006713266526	0.4128760761713281	230.47860064268514	0.6181643963664761	0.0	0.4128760761713281
216000	-30.548829600311993	-10.34497029271538	-20.203859307596613	0.0	0	1	1	0.04433030009109471	0.22544183819822772	1.1205264320306243	3157.116971734464	0.0	0.22544183819822772	1.1205264320306243
217000	-26.316033884702478	-9.076497229198798	-17.239536655503677	0.0	1	1	1	0.09449948430988223	1.3673965143093894	1.6517591815891475	337.20353426418626	0.09449948430988223	1.3673965143093894	1.6517591815891475
218000	-26.270078461904845	-8.832141617664467	-17.43793684424038	0.0	0	1	1	0.8387405592272448	0.6409385835249422	1.9122469772576816	415.49146737105156	0.0	0.6409385835249422	1.9122469772576816
219000	-28.673551849002312	-9.447213969265604	-19.226337879736707	0.0	1	1	1	0.04402715573850669	2.718328916537593	1.862209576020972	473.6506842110532	0.04402715573850669	2.718328916537593	1.862209576020972
220000	-29.78828031890835	-10.689939779232663	-19.098340539675686	0.0	1	1	1	0.6274374760777113	0.7544124838872375	1.3131596270033152	1281.1562674427205	0.6274374760777113	0.7544124838872375	1.3131596270033152
221000	-24.158224539973556	-8.866297428541401	-15.291927111432155	0.0	1	0	1	0.8839115936652155	0.03529928362948418	0.8199818829193415	288.07837267297964	0.8839115936652155	0.0	0.8199818829193415
222000	-25.76563492101613	-9.81776269032691	-15.94787223068922	0.0	1	1	0	0.9252459212384768	0.9555845065312542	1.6527948531843166	110.13699887940459	0.9252459212384768	0.9555845065312542	0.0
223000	-30.47541124318888	-10.751875139489915	-19.723536103698965	0.0	1	1	0	0.6805891097505515	0.29678350611740995	3.879649097968126	706.1540987806421	0.6805891097505515	0.29678350611740995	0.0
224000	-26.958896532933394	-9.301194050390572	-17.65770248254282	0.0	1	0	1	0.8562447723170732	0.15699161813105805	1.5568920889202909	801.1389696835834	0.8562447723170732	0.0	1.5568920889202909
225000	-27.25547752726547	-9.124274527121338	-18.13120300014413	0.0	1	1	1	1.595656883639369	0.7937213008128905	1.4644969656556241	377.05561796363645	1.595656883639369	0.7937213008128905	1.4644969656556241
226000	-24.129821434275648	-8.754437983157729	-15.37538345111792	0.0	0	1	1	0.3558389087639454	0.2027034002843005	0.5741933324039842	476.09963874330856	0.0	0.2027034002843005	0.5741933324039842
227000	-25.495931051029263	-9.096653474647038	-16.399277576382225	0.0	1	1	1	0.4658290762047144	0.04364595622318906	0.8487420670563602	629.2169394737253	0.4658290762047144	0.04364595622318906	0.8487420670563602
228000	-27.14112832755518	-9.509759832675142	-17.63136849488004	0.0	1	1	1	1.8268070804538472	1.6674792365156357	0.3628459090048898	256.9789945423264	1.8268070804538472	1.6674792365156357	0.3628459090048898
229000	-23.976377461200073	-8.894902321365876	-15.081475139834197	0.0	1	0	1	0.4370016881903684	0.8186036200348314	0.3565010422091364	269.8848303418745	0.4370016881903684	0.0	0.3565010422091364
230000	-23.45253532438595	-9.535316563947688	-13.917218760438262	0.0	1	1	1	0.7449070667365485	0.05544637934616791	0.41869487263344224	102.18643000634594	0.7449070667365485	0.05544637934616791	0.41869487263344224
231000	-27.68154278085916	-9.449102156341938	-18.232440624517224	0.0	1	1	1	1.1356699918893634	1.8769984666455073	1.0456018545185193	349.5547757767966	1.1356699918893634	1.8769984666455073	1.0456018545185193
232000	-26.74846165961965	-9.11736045918625	-17.631101200433402	0.0	1	0	1	0.43093118419147886	1.7111911305797194	1.8585190998132652	305.8855016674242	0.43093118419147886	0.0	1.8585190998132652
233000	-28.17130550394978	-9.659874550700776	-18.511430953249008	0.0	1	1	1	1.677217192986389	2.403807280523054	0.5265931458963026	284.5928634337649	1.677217192986389	2.403807280523054	0.5265931458963026
234000	-23.510193157256772	-10.390629857535421	-13.119563299721351	0.0	1	1	1	0.49364018299678925	0.15142283953906027	0.35342938521295536	59.830749910699936	0.49364018299678925	0.15142283953906027	0.35342938521295536
235000	-29.411933120839727	-10.668785682776912	-18.743147438062813	0.0	1	1	1	1.307283006392404	1.1388482886513518	0.784714114722473	827.1826292581162	1.307283006392404	1.1388482886513518	0.784714114722473
236000	-22.831379937456155	-9.53488084131644	-13.296499096139714	0.0	1	1	1	0.3824681228275003	0.09217361293770575	0.18767042735409667	96.40328412377968	0.3824681228275003	0.09217361293770575	0.18767042735409667
237000	-32.74258190796663	-8.670461822319194	-24.072120085647438	0.0	0	1	1	3.490392129497583	1.1128843970111681	4.684295109398385	672.6893940738969	0.0	1.1128843970111681	4.684295109398385
238000	-23.625938706315754	-9.333431655838922	-14.292507050476832	0.0	0	1	1	0.01829571562188227	0.23942803476150862	0.6079368531746069	260.95938579766613	0.0	0.23942803476150862	0.6079368531746069
239000	-24.167927954748016	-8.753835497853089	-15.414092456894926	0.0	1	0	1	0.16166881044193013	0.0786743451235971	0.66855786926172	565.9455019435503	0.16166881044193013	0.0	0.66855786926172
240000	-28.151292658085552	-9.671381318688601	-18.479911339396953	0.0	1	1	1	3.5620323266509395	0.21233553124756369	0.6069985479092115	330.3575713529018	3.5620323266509395	0.21233553124756369	0.6069985479092115
241000	-28.576544235568733	-8.892077048177674	-19.68446718739106	0.0	0	1	1	0.643379052574577	0.11431222447827585	2.408362671541464	1563.8045376825057	0.0	0.11431222447827585	2.408362671541464
242000	-24.971592315146914	-9.948617841816956	-15.022974473329956	0.0	1	0	1	1.081963693086098	0.7412308029143846	1.0778911131068347	84.34317886138057	1.081963693086098	0.0	1.0778911131068347
243000	-26.270028596437864	-9.835017099869049	-16.435011496568816	0.0	1	0	1	0.5224477907056803	0.5079367489971064	2.451214182072185	176.7521896608938	0.5224477907056803	0.0	2.451214182072185
244000	-23.668152834659452	-9.034494437561495	-14.633658397097955	0.0	1	0	1	0.49928877006956135	0.10390899493999765	0.33294607214401944	321.91491988786	0.49928877006956135	0.0	0.33294607214401944
245000	-32.13821855415194	-8.65783677272123	-23.480381781430708	0.0	0	1	1	2.1661571146228473	0.1557043395386572	2.9748443013727095	2687.9513261713737	0.0	0.1557043395386572	2.9748443013727095
246000	-25.89274885634078	-10.986944175631644	-14.905804680709139	0.0	1	0	1	0.006552466419801914	0.3011716221887684	0.2133940806171033	523.4392720272313	0.006552466419801914	0.0	0.2133940806171033
247000	-25.63852645697154	-9.215681749577564	-16.422844707393974	0.0	1	1	1	1.3947482267294717	0.09848235785515239	0.7144577561481343	360.29850649737466	1.3947482267294717	0.09848235785515239	0.7144577561481343
248000	-26.01222900719622	-10.261415797460316	-15.7508132097359	0.0	1	1	1	1.0784226314851888	1.806654935749999	0.389206780429409	83.40711058904196	1.0784226314851888	1.806654935749999	0.389206780429409
249000	-25.333839036477148	-8.92383380762886	-16.410005228848288	0.0	1	0	1	0.6216812919169463	0.9093225529374056	0.7974082785053613	426.03634050170075	0.6216812919169463	0.0	0.7974082785053613
250000	-23.079932346199367	-9.627638460154065	-13.452293886045302	0.0	1	1	0	0.5732249155887599	0.18553510994421457	0.07158594558958385	132.5779172769918	0.5732249155887599	0.18553510994421457	0.0
251000	-27.531616342401257	-8.815813732543566	-18.71580260985769	0.0	1	0	1	1.490383168623736	1.9795282335449622	1.6907654112527184	288.6140203338741	1.490383168623736	0.0	1.6907654112527184
252000	-28.64668898910091	-10.813483272988591	-17.833205716112317	0.0	1	1	0	0.23542425219669647	0.8462194371360077	1.5642417505102613	846.2085542280396	0.23542425219669647	0.8462194371360077	0.0
253000	-23.847292611138858	-9.170607362179783	-14.676685248959075	0.0	0	1	1	0.6308936494174986	0.1649959361762849	0.19814047479728267	318.3089906762174	0.0	0.1649959361762849	0.19814047479728267
254000	-24.690749252977643	-9.250076992191621	-15.440672260786021	0.0	0	1	1	1.3220411337940594	0.187239300824762	0.1822574571827864	334.68151865639624	0.0	0.187239300824762	0.1822574571827864
255000	-28.370678424219953	-10.624222454624773	-17.746455969595182	0.0	1	1	0	2.773149333080067	0.15745857852898779	1.4289384412343613	252.79129862930904	2.773149333080067	0.15745857852898779	0.0
256000	-27.031189703461504	-8.736096380377926	-18.295093323083577	0.0	1	1	1	0.8301822810792547	0.06689441607928662	2.8588758719626917	453.79685068733033	0.8301822810792547	0.06689441607928662	2.8588758719626917
257000	-27.479693246243436	-9.107615773750029	-18.37207747249341	0.0	1	1	1	0.6775925660193256	1.927308471271528	2.0946603461318563	236.82979437904814	0.6775925660193256	1.927308471271528	2.0946603461318563
258000	-28.330596725572242	-8.930900180248239	-19.399696545324005	0.0	1	1	1	3.3247855779022344	0.6305324094697116	1.7963557795053893	232.17348226061895	3.3247855779022344	0.6305324094697116	1.7963557795053893
259000	-28.1677713111123	-9.291022853342906	-18.876748457769395	0.0	1	1	1	3.106377061907198	1.9909958108363464	0.6976025595783976	143.88887135148215	3.106377061907198	1.9909958108363464	0.6976025595783976
260000	-24.307835111229213	-8.97493899193664	-15.332896119292574	0.0	1	1	1	0.3173877659568525	0.18256121922323912	1.1950458485868225	230.27113969793163	0.3173877659568525	0.18256121922323912	1.1950458485868225
261000	-24.227963389798163	-8.878318514259663	-15.349644875538502	0.0	1	1	1	0.2322205114252297	0.4493347799572901	0.8596790801481999	264.04712398387	0.2322205114252297	0.4493347799572901	0.8596790801481999
262000	-25.025261170868447	-8.929679390657524	-16.09558178021092	0.0	1	1	1	0.23667580584989406	0.7223932697640858	1.022041487072139	334.33323377101783	0.23667580584989406	0.7223932697640858	1.022041487072139
263000	-26.362917649727216	-10.328192957951183	-16.034724691776034	0.0	1	1	1	2.993901767729601	0.11862657122749076	0.4406695957037748	83.7930552808808	2.993901767729601	0.11862657122749076	0.4406695957037748
264000	-26.6935898152327	-9.80472884485011	-16.888860970382588	0.0	1	1	1	0.403051352124688	0.32787390051974813	0.7943529421364374	761.3339003275352	0.403051352124688	0.32787390051974813	0.7943529421364374
265000	-26.605695499169848	-11.904642972965416	-14.701052526204434	0.0	0	1	1	0.05604413881526624	1.438997784115467	1.0557856080399042	86.57605872175039	0.0	1.438997784115467	1.0557856080399042
266000	-30.625389307077725	-10.855092059644393	-19.77029724743333	0.0	1	1	0	1.48830476038564	3.290948136733117	0.29537366367056794	637.4950617631777	1.48830476038564	3.290948136733117	0.0
267000	-27.428000425291142	-8.760496920002527	-18.667503505288614	0.0	1	1	1	1.033134409885824	0.12717282510833677	2.7702008219838223	518.4981003322929	1.033134409885824	0.12717282510833677	2.7702008219838223
268000	-29.511462418523653	-10.487756371490573	-19.02370604703308	0.0	0	1	1	0.005207208534991881	1.658164166940844	0.9957620782762355	1471.0487933004185	0.0	1.658164166940844	0.9957620782762355
269000	-25.40030538632859	-11.157192646974039	-14.243112739354551	0.0	1	1	0	1.7945819432335068	0.7445368587807887	0.32133486150234514	41.98549753632913	1.7945819432335068	0.7445368587807887	0.0
270000	-25.497567721703867	-10.769014047854427	-14.728553673849442	0.0	1	1	1	0.08226668274765433	1.0884272510087376	0.7363926231145613	114.224813179098	0.08226668274765433	1.0884272510087376	0.7363926231145613
271000	-26.586790495676553	-9.343991238209732	-17.24279925746682	0.0	1	0	1	1.8495530334814954	0.22293270940624882	2.5550420620870815	131.7977243324041	1.8495530334814954	0.0	2.5550420620870815
272000	-31.75916193859382	-10.985733603246784	-20.773428335347035	0.0	1	1	0	1.231075817156621	0.8140429200015142	0.30210404037026406	2866.30179159023	1.231075817156621	0.8140429200015142	0.0
273000	-27.91244504606874	-8.87897829427407	-19.03346675179467	0.0	1	1	1	1.3254782573765433	1.164346172407852	3.0220995415216096	209.30103917690911	1.3254782573765433	1.164346172407852	3.0220995415216096
274000	-25.738001420643293	-9.128021022919521	-16.60998039772377	0.0	1	1	1	1.2262592487000552	0.5181661991550807	1.7964906308227895	142.2966125397258	1.2262592487000552	0.5181661991550807	1.7964906308227895
275000	-23.607116721038647	-9.44630850386615	-14.160808217172496	0.0	1	1	1	0.5124748059232366	0.46122740309409976	0.3725423990480962	113.51843216936757	0.5124748059232366	0.46122740309409976	0.3725423990480962
276000	-25.69799603632444	-9.695677696745003	-16.002318339579436	0.0	0	1	1	0.6990142360266359	0.48754731802532547	1.5682418060801084	225.87344575589057	0.0	0.48754731802532547	1.5682418060801084
277000	-24.406525273857326	-9.758928663336478	-14.647596610520848	0.0	1	1	1	1.4330342407296366	0.02022928777462246	0.514890332315153	100.46191431408012	1.4330342407296366	0.02022928777462246	0.514890332315153
278000	-25.639173713553447	-10.033435173820806	-15.60573853973264	0.0	1	1	0	1.7406248073918038	0.2838160014136107	0.043653449819158634	284.71620857723286	1.7406248073918038	0.2838160014136107	0.0
279000	-23.415184098046996	-10.417440156976761	-12.997743941070235	0.0	1	0	1	0.26297466633285066	0.5978247721741516	0.2719368737165171	66.40122335347078	0.26297466633285066	0.0	0.2719368737165171
280000	-30.500422381430166	-10.750741917347092	-19.749680464083074	0.0	0	1	1	0.21430368485178977	0.7693846440330533	1.2334455033343465	2225.4522667439787	0.0	0.7693846440330533	1.2334455033343465
281000	-23.792658256690224	-8.802414178556916	-14.990244078133307	0.0	1	0	1	0.54608156405601	0.2158733388545084	0.6674118841712507	289.90543198070105	0.54608156405601	0.0	0.6674118841712507
282000	-24.999640986353555	-8.768066588483554	-16.23157439787	0.0	1	0	1	0.746761552453698	0.27288679051907405	1.3663441080818541	359.54388906535314	0.746761552453698	0.0	1.3663441080818541
283000	-25.320570637885623	-10.144411314636445	-15.176159323249177	0.0	1	1	1	2.1669029508648077	0.24935903270549434	0.349002412468528	78.48888910631536	2.1669029508648077	0.24935903270549434	0.349002412468528
284000	-23.28249165841558	-9.552220006409483	-13.730271652006097	0.0	1	1	1	0.47139857897398296	0.37397537438656325	0.11763371156807412	108.78332891558838	0.47139857897398296	0.37397537438656325	0.11763371156807412
285000	-25.203438101144936	-9.129135394676233	-16.074302706468703	0.0	0	1	1	1.140062949930388	0.5134512262843877	0.5822013786864169	357.6961926563233	0.0	0.5134512262843877	0.5822013786864169
286000	-29.926748202430467	-10.487229284082966	-19.4395189183475	0.0	1	0	1	1.0467734433173652	0.650675382304802	1.3157622801468922	1508.000097984674	1.0467734433173652	0.0	1.3157622801468922
287000	-24.438011801556343	-9.029606637589875	-15.408405163966465	0.0	0	1	1	0.5779237469926529	0.41462519610864434	0.5893941584701403	354.509896271565	0.0	0.41462519610864434	0.5893941584701403
288000	-24.991397731054644	-10.024230409914376	-14.967167321140268	0.0	1	1	0	1.1964429519804674	1.4217803212479045	0.09082841015895306	95.58396162075346	1.1964429519804674	1.4217803212479045	0.0
289000	-23.831922096742566	-9.79946315290743	-14.032458943835135	0.0	1	1	1	0.5619630569087563	0.12812293331322866	0.7701855644360025	91.08576249837422	0.5619630569087563	0.12812293331322866	0.7701855644360025
290000	-23.759122612781432	-9.994085507039328	-13.765037105742104	0.0	1	1	1	0.9246015600118354	0.03341888346587618	0.3483349583247543	82.04228106775206	0.9246015600118354	0.03341888346587618	0.3483349583247543
291000	-27.374365605187897	-9.22634053419461	-18.148025070993285	0.0	1	0	1	0.8188806347032926	3.4776075992578614	0.3278512007870484	281.63339485446085	0.8188806347032926	0.0	0.3278512007870484
292000	-27.83794588132085	-10.69015727631754	-17.147788605003306	0.0	1	1	1	1.6992201927202015	2.9870735543003093	0.19056882505071898	68.88649032502472	1.6992201927202015	2.9870735543003093	0.19056882505071898
293000	-27.5678325472028	-9.151234781023032	-18.41659776617977	0.0	0	1	1	1.0290854824625981	0.6288684515094496	1.4439572122812978	905.700267239327	0.0	0.6288684515094496	1.4439572122812978
294000	-29.833036103117877	-9.884451656512265	-19.94858444660561	0.0	1	1	1	5.101229053918626	2.2822982451423144	0.014032550025585412	89.33308926729364	5.101229053918626	2.2822982451423144	0.014032550025585412
295000	-28.40732500115807	-9.10854124650294	-19.29878375465513	0.0	0	1	1	0.18306287083970077	0.9339864527910718	4.28996271510695	371.92135012836405	0.0	0.9339864527910718	4.28996271510695
296000	-26.78319687132585	-9.404516041002813	-17.378680830323034	0.0	1	1	1	1.2281784930386879	1.3556909521711316	0.7312948922836869	321.7386723935753	1.2281784930386879	1.3556909521711316	0.7312948922836869
297000	-29.7545785143173	-9.0124987885034	-20.7420797258139	0.0	1	0	1	0.6852020578794569	1.4807155632294513	2.787531795940838	1145.2280023079988	0.6852020578794569	0.0	2.787531795940838
298000	-31.64184938467536	-10.737300674325864	-20.9045487103495	0.0	0	1	1	2.3897615966270944	3.6112853633243875	0.6217590544983534	488.83108069091696	0.0	3.6112853633243875	0.6217590544983534
299000	-24.58957099585055	-9.965072604060174	-14.624498391790377	0.0	1	1	1	0.03784466250332032	0.4098193693986738	0.13656509973795322	316.1131670179091	0.03784466250332032	0.4098193693986738	0.13656509973795322
300000	-23.95929548832938	-9.212292078643328	-14.747003409686055	0.0	1	1	1	0.06261398942536295	0.3290558088803192	0.7058594526307514	232.44731305446098	0.06261398942536295	0.3290558088803192	0.7058594526307514
301000	-30.337121399257246	-9.001739823034931	-21.335381576222314	0.0	1	1	1	0.9016028199594672	1.5132111054835709	5.213900773501944	243.44770468270076	0.9016028199594672	1.5132111054835709	5.213900773501944
302000	-28.89224156407058	-9.63772501749328	-19.2545165465773	0.0	1	1	0	0.5367066696257655	0.4693584703556072	5.132856249137505	202.5976662285961	0.5367066696257655	0.4693584703556072	0.0
303000	-27.792781421268568	-10.044715313652112	-17.748066107616456	0.0	0	1	1	1.3249504777725212	0.459559526614605	0.37534499408383654	1040.5588133202755	0.0	0.459559526614605	0.37534499408383654
304000	-26.157651115158167	-8.985452084171923	-17.172199030986242	0.0	1	1	1	1.903806894517265	0.9191315455988914	0.9680287848675256	186.14114747450145	1.903806894517265	0.9191315455988914	0.9680287848675256
305000	-33.094771327621174	-10.934649193042274	-22.1601221345789	0.0	1	1	1	3.3968060295623093	1.1011982758574852	0.050758737174170065	2029.5790628768186	3.3968060295623093	1.1011982758574852	0.050758737174170065
306000	-23.88550062754462	-9.624509763840939	-14.26099086370368	0.0	1	1	0	0.9861487808134191	0.3198967591188633	0.3266687233842013	133.32123139925312	0.9861487808134191	0.3198967591188633	0.0
307000	-28.2293401171819	-11.09900609838047	-17.130334018801427	0.0	1	1	1	1.8822373710125713	2.5991442267220184	0.7361380847743497	49.09705998994307	1.8822373710125713	2.5991442267220184	0.7361380847743497
308000	-25.414526552707315	-8.98596164049552	-16.428564912211794	0.0	1	1	1	0.010060763896747404	0.8145609184742607	1.1060820727568947	441.02860624871823	0.010060763896747404	0.8145609184742607	1.1060820727568947
309000	-28.231297679693654	-8.777508654791825	-19.45378902490183	0.0	1	1	1	1.8758846055075438	1.0189244522697447	2.96281413778327	222.56043315375442	1.8758846055075438	1.0189244522697447	2.96281413778327
310000	-28.53805365423215	-8.934362552530038	-19.603691101702115	0.0	1	1	1	2.1129337187619472	1.6967996362699813	2.023509565549207	256.20486391633494	2.1129337187619472	1.6967996362699813	2.023509565549207
311000	-23.93731004547243	-8.947307770212069	-14.99000227526036	0.0	1	1	1	0.718142178021203	0.40942148498439607	0.5221831754457412	179.79851124634732	0.718142178021203	0.40942148498439607	0.5221831754457412
312000	-26.90433311004071	-12.07386535825616	-14.830467751784548	0.0	1	1	1	2.756927846776271	0.5290719448593172	0.1447912641442607	29.94374198319272	2.756927846776271	0.5290719448593172	0.1447912641442607
313000	-28.25781620333339	-10.585374661922858	-17.67244154141053	0.0	1	0	1	3.7898533893348203	0.005173615089851201	2.1351192764596134	59.153471788898656	3.7898533893348203	0.0	2.1351192764596134
314000	-25.646425532832637	-9.643881113134581	-16.002544419698054	0.0	1	1	0	1.093397368260701	0.5521197525140225	1.0799828565685712	231.3725685995743	1.093397368260701	0.5521197525140225	0.0
315000	-25.961352806553514	-8.704918161696844	-17.25643464485667	0.0	1	1	1	0.5750088631186013	0.5627843430876208	2.020757553017705	330.19332555482237	0.5750088631186013	0.5627843430876208	2.020757553017705
316000	-26.737166642161302	-10.611309425975648	-16.125857216185654	0.0	1	1	1	1.1313326465031412	0.5487509721431882	2.221310860525526	65.94955624386067	1.1313326465031412	0.5487509721431882	2.221310860525526
317000	-24.36174987368594	-9.107550550462063	-15.254199323223878	0.0	1	1	1	0.8981808040611865	0.244541902789868	1.0635259137099722	139.68540292219234	0.8981808040611865	0.244541902789868	1.0635259137099722
318000	-29.76047987878793	-8.88606169578302	-20.87441818300491	0.0	0	1	1	2.3094530644817097	0.0386657465703477	1.122273921876743	2137.305096634578	0.0	0.0386657465703477	1.122273921876743
319000	-30.845626752142806	-9.999441863058818	-20.846184889083986	0.0	0	1	1	0.685698544097679	2.3340327736789126	2.2244963682191776	1047.5834700886317	0.0	2.3340327736789126	2.2244963682191776
320000	-23.343260522912235	-8.843703896005062	-14.499556626907173	0.0	1	1	1	0.5172551099571456	0.07620358865000798	0.4513809306151153	197.98781157965962	0.5172551099571456	0.07620358865000798	0.4513809306151153
321000	-25.78506631222719	-8.925753746194466	-16.859312566032724	0.0	1	1	1	1.5119150220537831	0.5932074814540546	0.9850254955815433	255.9429669224518	1.5119150220537831	0.5932074814540546	0.9850254955815433
322000	-25.187593166686785	-8.753398289291045	-16.43419487739574	0.0	0	1	1	0.1149744119762322	0.1756362310953995	1.2415743139739346	720.9433196022778	0.0	0.1756362310953995	1.2415743139739346
323000	-24.941003087805328	-9.816948122938516	-15.12405496486681	0.0	1	1	1	0.13442212241114718	0.5675264189495001	0.18613341365091365	365.8472925493912	0.13442212241114718	0.5675264189495001	0.18613341365091365
324000	-23.80252228424363	-9.622464645512322	-14.180057638731308	0.0	1	1	0	0.7621268694541462	0.3355315366918461	0.5733995122903697	119.91518265434314	0.7621268694541462	0.3355315366918461	0.0
325000	-24.281458672651624	-9.211565471849449	-15.069893200802177	0.0	1	0	1	0.40924311982857464	1.6854494266815776	0.23688426145349223	146.844554160398	0.40924311982857464	0.0	0.23688426145349223
326000	-30.870353642336134	-9.32515735756444	-21.545196284771695	0.0	0	1	1	1.188229559261717	1.047803039382869	3.3058745352321988	1262.4967611261698	0.0	1.047803039382869	3.3058745352321988
327000	-24.766609933411292	-9.594855155587512	-15.17175477782378	0.0	1	1	1	1.779179798636966	0.22138307732937387	0.3800727447243461	111.14874617431404	1.779179798636966	0.22138307732937387	0.3800727447243461
328000	-22.81279315328812	-9.27955112867151	-13.53324202461661	0.0	1	0	1	0.19109031744505425	0.015566094939932683	0.435870636850511	167.53819441868183	0.19109031744505425	0.0	0.435870636850511
329000	-26.86028616373241	-13.617656065092511	-13.2426300986399	0.0	1	1	0	0.09313503542979207	1.1296933730208973	0.23849934541820753	61.37240240998585	0.09313503542979207	1.1296933730208973	0.0
330000	-24.144790142425432	-9.175063295600053	-14.96972684682538	0.0	1	1	1	0.02748202456502791	0.3358898641371706	0.3198979812382598	379.5631338274515	0.02748202456502791	0.3358898641371706	0.3198979812382598
331000	-23.006144021302255	-9.011807650426507	-13.994336370875747	0.0	1	0	1	0.06430404349563985	0.0528344984450196	0.23956726208930593	307.5699824083956	0.06430404349563985	0.0	0.23956726208930593
332000	-24.068167724968944	-9.865019423326217	-14.20314830164273	0.0	0	1	1	0.11613139142347889	0.49719424082301794	0.3419028918038695	225.94810283590851	0.0	0.49719424082301794	0.3419028918038695
333000	-24.64583905289994	-9.556043022530051	-15.08979603036989	0.0	1	1	1	1.3428857247511115	0.783582646924681	0.022388902671399095	127.08844640323692	1.3428857247511115	0.783582646924681	0.022388902671399095
334000	-25.906502499867855	-9.023601109250817	-16.88290139061704	0.0	1	1	1	1.02045529953548	1.1064189047694688	1.0008983084986085	253.09314235476845	1.02045529953548	1.1064189047694688	1.0008983084986085
335000	-28.394720675826925	-8.656705970314585	-19.738014705512338	0.0	1	1	1	0.13287338778928054	0.34828496935012526	3.287754380375046	1047.7982024287344	0.13287338778928054	0.34828496935012526	3.287754380375046
336000	-25.68448176485818	-8.870282236896958	-16.81419952796122	0.0	1	1	1	1.6651768152408455	0.03170900027097809	1.570862878442498	213.65248255985028	1.6651768152408455	0.03170900027097809	1.570862878442498
337000	-27.02399046070726	-10.130863093437524	-16.893127367269734	0.0	1	1	1	0.3441911425846458	1.5073664802906563	0.3789370495099533	493.4998143100264	0.3441911425846458	1.5073664802906563	0.3789370495099533
338000	-29.18570209215613	-9.214966930598916	-19.970735161557215	0.0	1	0	1	2.7103301515629568	0.0900971791676965	2.7822526657251947	524.5983104679144	2.7103301515629568	0.0	2.7822526657251947
339000	-28.141166382693815	-10.642944256324135	-17.49822212636968	0.0	1	1	1	0.49418451836531163	0.7468654265404869	0.5345596410450577	925.4022935774507	0.49418451836531163	0.7468654265404869	0.5345596410450577
340000	-25.193565651008406	-8.966933272892051	-16.226632378116356	0.0	1	1	1	0.9191328445760523	0.5003990458795124	0.807151323638515	306.53397491654624	0.9191328445760523	0.5003990458795124	0.807151323638515
341000	-24.463467395572543	-10.044354736357315	-14.419112659215228	0.0	1	1	0	1.0975785551055606	0.16411775352970404	0.6659607927285501	118.04807261129235	1.0975785551055606	0.16411775352970404	0.0
342000	-24.89385270320151	-8.834279485291468	-16.059573217910042	0.0	1	0	1	0.0579422957953143	1.3901585769046707	0.13388368846131377	556.0194835067972	0.0579422957953143	0.0	0.13388368846131377
343000	-28.725418640960545	-9.775673046604705	-18.94974559435584	0.0	1	1	1	1.1559645957394862	1.1843733801886462	1.6282289392057707	606.3374749941439	1.1559645957394862	1.1843733801886462	1.6282289392057707
344000	-24.216222962407294	-8.805190958500894	-15.4110320039064	0.0	1	0	1	0.7778642047645392	0.21751464311743693	1.003129065312534	258.0063268522558	0.7778642047645392	0.0	1.003129065312534
345000	-30.073774526878566	-10.20900939180367	-19.864765135074894	0.0	1	1	0	1.9236560301722365	0.27651070779017456	3.871803698705664	345.7725757071431	1.9236560301722365	0.27651070779017456	0.0
346000	-27.992916682280054	-10.91037529032881	-17.082541391951242	0.0	1	1	0	0.5303730145010906	0.7590710088708187	1.0149743947341558	670.1067468518589	0.5303730145010906	0.7590710088708187	0.0
347000	-25.570286765095588	-9.66665523760306	-15.90363152749253	0.0	1	1	0	1.0434381709691674	0.4810507779786127	1.066036527471576	238.23501665905508	1.0434381709691674	0.4810507779786127	0.0
348000	-25.01195445638957	-8.685902107294435	-16.326052349095136	0.0	0	1	1	0.334233667221364	0.26582629146906206	1.1022437264508431	609.854628717661	0.0	0.26582629146906206	1.1022437264508431
349000	-30.961818011540473	-10.598649032908265	-20.363168978632206	0.0	1	1	1	1.8976165698849232	5.329690176863632	0.5293556448653021	93.99511341262001	1.8976165698849232	5.329690176863632	0.5293556448653021
350000	-28.93838632373984	-10.665042597728132	-18.27334372601171	0.0	1	1	0	0.7771998764657002	0.23757863732461473	2.214696938090766	781.8194393600278	0.7771998764657002	0.23757863732461473	0.0
351000	-26.22329189118814	-9.075892019270372	-17.147399871917766	0.0	1	0	1	0.06461928312700109	1.2274047607089273	0.7851044803414002	793.4591062981204	0.06461928312700109	0.0	0.7851044803414002
352000	-32.042797053692354	-8.711484304866019	-23.33131274882634	0.0	1	1	1	1.2246313873719135	0.16206425049288206	6.491992739670955	800.393754691094	1.2246313873719135	0.16206425049288206	6.491992739670955
353000	-25.93050677267061	-9.422603852536591	-16.507902920134022	0.0	1	1	1	2.337911923581467	0.6244033876470375	0.18444391706427796	183.00853160603162	2.337911923581467	0.6244033876470375	0.18444391706427796
354000	-23.34389557942152	-9.065094870426607	-14.278800708994911	0.0	1	0	1	0.23795451642234522	0.9922429140783628	0.1761485728875938	164.93318045128518	0.23795451642234522	0.0	0.1761485728875938
355000	-28.8584100189765	-8.90080850720404	-19.95760151177246	0.0	1	1	1	1.3392162658133757	1.924052019942944	3.01751068447739	237.65622972382675	1.3392162658133757	1.924052019942944	3.01751068447739
356000	-25.015802939107967	-9.017034011205906	-15.998768927902061	0.0	1	1	1	0.581035245894571	0.09432323499208826	1.7254257704478757	222.89201719225733	0.581035245894571	0.09432323499208826	1.7254257704478757
357000	-29.702051559795486	-10.548314563251617	-19.153736996543866	0.0	1	1	0	4.9608841864059565	0.2935589622299037	0.942135840015362	177.31597726051027	4.9608841864059565	0.2935589622299037	0.0
358000	-29.879820514600077	-10.692089591725384	-19.187730922874692	0.0	1	1	0	0.38601258182768455	2.140147156367722	0.6043307460691989	1292.7733046678336	0.38601258182768455	2.140147156367722	0.0
359000	-23.06995846038268	-9.696048157585412	-13.373910302797269	0.0	1	1	1	0.538303414571105	0.09748573350634748	0.12655450122434997	94.4311894247058	0.538303414571105	0.09748573350634748	0.12655450122434997
360000	-30.900432478645865	-9.91428633106161	-20.986146147584254	0.0	1	0	1	3.6609772971619696	2.580331891182405	0.6453961817833119	431.39560837707234	3.6609772971619696	0.0	0.6453961817833119
361000	-27.548957068294186	-9.535812951623345	-18.01314411667084	0.0	1	1	1	3.7158957123099	0.9783136416657867	0.1383703562296488	156.80493133098005	3.7158957123099	0.9783136416657867	0.1383703562296488
362000	-25.736979705156696	-8.775411659309299	-16.961568045847397	0.0	1	0	1	0.8088506764965868	1.0413681016188623	1.3247568145531123	344.18056397902734	0.8088506764965868	0.0	1.3247568145531123
363000	-23.93333472357205	-9.534672283914576	-14.398662439657473	0.0	1	1	0	0.9433642021024975	0.4779139795200601	0.28338081788572206	141.26064886490033	0.9433642021024975	0.4779139795200601	0.0
364000	-23.90552620036075	-10.530710564563917	-13.374815635796834	0.0	1	1	0	0.14662486374479589	0.35901336623467955	0.5370129361581474	102.25319914668633	0.14662486374479589	0.35901336623467955	0.0
365000	-32.322170523261036	-10.713740516043394	-21.608430007217645	0.0	1	1	0	0.319902925856609	3.90528356253608	0.526290422218756	1775.5070014792284	0.319902925856609	3.90528356253608	0.0
366000	-26.518698344881336	-8.787223418955785	-17.73147492592555	0.0	1	1	1	0.834101785011845	0.10842645067573016	2.6714702203101406	335.0874370596348	0.834101785011845	0.10842645067573016	2.6714702203101406
367000	-27.87258949218998	-9.400393392876321	-18.47219609931366	0.0	1	1	1	2.313612681936269	2.406160143121668	0.5795503672968125	155.76444341528378	2.313612681936269	2.406160143121668	0.5795503672968125
368000	-28.018329273166152	-9.263087587118115	-18.755241686048038	0.0	1	1	1	1.954683103441445	0.5366426362080008	1.7364656438040873	450.15531256057875	1.954683103441445	0.5366426362080008	1.7364656438040873
369000	-24.5397942460241	-9.7260408250592	-14.8137534209649	0.0	1	1	1	0.6239504626189007	0.022209916195456567	0.1019551947041411	322.25575915282946	0.6239504626189007	0.022209916195456567	0.1019551947041411
370000	-26.282258066564317	-9.593399802564512	-16.688858263999805	0.0	1	1	1	0.1938407140966857	1.2723495151243827	1.8833733108147799	179.65202726813806	0.1938407140966857	1.2723495151243827	1.8833733108147799
371000	-25.648680995377003	-9.469080630130037	-16.179600365246966	0.0	1	0	1	2.067140940763908	0.7348478011826297	0.6691583702613062	143.06072075295612	2.067140940763908	0.0	0.6691583702613062
372000	-27.290717181265435	-10.316275808397146	-16.97444137286829	0.0	1	1	1	0.33556355803875526	2.4478705494426296	0.48898924761658835	242.53816733583744	0.33556355803875526	2.4478705494426296	0.48898924761658835
373000	-25.162846454856655	-10.277983081439144	-14.884863373417513	0.0	1	0	1	0.5160679667719525	2.206870197039016	0.22257967213769364	71.18879531933223	0.5160679667719525	0.0	0.22257967213769364
374000	-27.54733329174555	-8.700521722666878	-18.84681156907867	0.0	1	0	1	0.44696377455669994	0.07633179890415527	2.941679426064427	937.9243271209216	0.44696377455669994	0.0	2.941679426064427
375000	-29.45843342442213	-11.160097665969502	-18.298335758452627	0.0	1	1	1	1.4995375186913358	0.6929851433384453	4.020828244111726	57.82413248460444	1.4995375186913358	0.6929851433384453	4.020828244111726
376000	-23.89627667748071	-9.08449022917366	-14.81178644830705	0.0	1	1	1	0.3443007610195035	0.3032123699427954	0.2705344423982689	282.3660125216838	0.3443007610195035	0.3032123699427954	0.2705344423982689
377000	-27.804246523459298	-8.955552411300266	-18.848694112159034	0.0	1	1	1	0.9365322216972732	1.6515211348080563	2.6268638734038863	229.49959561020268	0.9365322216972732	1.6515211348080563	2.6268638734038863
378000	-28.776460124535713	-10.7038974200362	-18.072562704499514	0.0	1	1	0	1.2578256720167313	0.03359859932837594	0.4952374414836168	1424.4998667041448	1.2578256720167313	0.03359859932837594	0.0
379000	-26.37226372062552	-8.89727195620661	-17.474991764418906	0.0	1	0	1	0.865489386487333	1.5077907928515968	1.0952344071944025	403.9933984363943	0.865489386487333	0.0	1.0952344071944025
380000	-27.266239475315658	-8.855172668426468	-18.41106680688919	0.0	0	1	1	0.04694136441867901	0.1918385046679567	2.539942341725652	1063.1940640515957	0.0	0.1918385046679567	2.539942341725652
381000	-29.788386995737547	-14.075009560120945	-15.713377435616604	0.0	1	0	1	0.03508054793691356	2.3161696511789485	1.1107496417610438	94.99721597870769	0.03508054793691356	0.0	1.1107496417610438
382000	-25.632041798709622	-9.983624953698612	-15.64841684501101	0.0	1	0	1	0.5441488646602982	2.3563828893063183	0.08316936257818995	137.67295894470396	0.5441488646602982	0.0	0.08316936257818995
383000	-25.482528830978943	-9.203930319047322	-16.278598511931623	0.0	0	1	1	0.47253336040994537	0.9448972866840695	0.9027167156066015	390.3325189664224	0.0	0.9448972866840695	0.9027167156066015
384000	-26.172027712491545	-9.737999562348595	-16.43402815014295	0.0	1	1	1	1.1160090725503145	1.9371279747885823	0.29563224492402423	144.3283204808607	1.1160090725503145	1.9371279747885823	0.29563224492402423
385000	-26.47126715342619	-9.12464996923327	-17.346617184192922	0.0	1	1	1	0.10220688115872606	1.4359719912040065	1.8539994942380862	295.99035492518044	0.10220688115872606	1.4359719912040065	1.8539994942380862
386000	-26.345605805569505	-8.688459072134252	-17.65714673343525	0.0	1	1	1	0.37221466055721947	0.09803129973842721	2.0196327043753883	679.1439189929108	0.37221466055721947	0.09803129973842721	2.0196327043753883
387000	-25.546105883138537	-8.995973826526159	-16.55013205661238	0.0	0	1	1	0.35502202064792115	0.7265391011415843	1.0490176001968698	535.5171016172641	0.0	0.7265391011415843	1.0490176001968698
388000	-23.23037276064811	-9.639931896542365	-13.590440864105744	0.0	0	1	1	0.2931725740720717	0.05684371313197695	0.08655809871731979	209.13635733265696	0.0	0.05684371313197695	0.08655809871731979
389000	-23.44864924392235	-9.678694062290745	-13.769955181631605	0.0	1	1	1	0.795521912718228	0.1347857012749997	0.2522419164345695	92.36553825234677	0.795521912718228	0.1347857012749997	0.2522419164345695
390000	-26.282718678281974	-9.104120941809823	-17.178597736472152	0.0	1	1	1	0.17775537959033277	0.972494806954781	1.3074632976654428	513.0124730847876	0.17775537959033277	0.972494806954781	1.3074632976654428
391000	-25.882623784694474	-9.17773670607489	-16.704887078619585	0.0	1	1	1	1.0705825938870663	0.06386591359599536	0.9885944958183228	467.27057778323274	1.0705825938870663	0.06386591359599536	0.9885944958183228
392000	-24.632277264442656	-9.333801236828288	-15.298476027614369	0.0	1	1	1	1.3204348113798303	0.02252972069690536	1.0555360608344837	122.53939300013307	1.3204348113798303	0.02252972069690536	1.0555360608344837
393000	-26.699070559149817	-9.828396698402281	-16.870673860747537	0.0	1	1	0	1.0336250660525022	0.1827387986066379	2.8826688615826543	151.1697197216918	1.0336250660525022	0.1827387986066379	0.0
394000	-27.806899852925554	-8.971250257160454	-18.8356495957651	0.0	1	1	1	2.4623951458533964	1.4562694615868959	1.4922108906413862	193.0865875427736	2.4623951458533964	1.4562694615868959	1.4922108906413862
395000	-27.349749125335368	-9.494423224738831	-17.855325900596537	0.0	1	1	1	2.720375990822435	0.5359659200462422	0.548478577049284	318.5809055058059	2.720375990822435	0.5359659200462422	0.548478577049284
396000	-25.85666170617707	-8.750658714249454	-17.106002991927618	0.0	1	1	1	0.7333709551689567	0.024963809998023195	1.8158637235910238	451.5092713730466	0.7333709551689567	0.024963809998023195	1.8158637235910238
397000	-23.909802079225422	-9.801591373944813	-14.108210705280607	0.0	1	0	1	0.8308929155686929	0.6220175949998109	0.44076602922359104	91.84670529068923	0.8308929155686929	0.0	0.44076602922359104
398000	-29.918678146848258	-9.062889259827308	-20.85578888702095	0.0	1	1	1	4.856612169433861	0.06883275682167482	2.4112247436992824	208.88157923661677	4.856612169433861	0.06883275682167482	2.4112247436992824
399000	-25.76043428434477	-9.32591447787893	-16.43451980646584	0.0	0	1	1	0.7733726621727011	0.8414493141293061	1.4277455296744297	253.81127434525365	0.0	0.8414493141293061	1.4277455296744297
400000	-23.69329466792368	-8.801000160180903	-14.892294507742777	0.0	0	1	1	0.41796219030250215	0.017128923332504015	0.0830485149914977	519.8265450069238	0.0	0.017128923332504015	0.0830485149914977
401000	-24.50289387361951	-11.23462604050847	-13.26826783311104	0.0	1	1	0	0.7141796949397906	0.037702326238696904	0.4563469087700547	79.65279631907444	0.7141796949397906	0.037702326238696904	0.0
402000	-24.92996588521829	-11.335141710821814	-13.594824174396477	0.0	1	0	1	1.1849766386535419	0.35988672054552723	0.6696023323691533	41.89280731233109	1.1849766386535419	0.0	0.6696023323691533
403000	-26.95804573354423	-9.512523912334458	-17.44552182120977	0.0	1	1	1	0.1035811792294453	1.3310068458076787	2.500966068703178	207.30394472721426	0.1035811792294453	1.3310068458076787	2.500966068703178
404000	-25.09320971410981	-9.14642456208397	-15.946785152025841	0.0	1	0	1	0.8890593562932685	0.0784619095963871	0.8021353398886766	455.2706720362811	0.8890593562932685	0.0	0.8021353398886766
405000	-25.070064403581473	-9.112009376886748	-15.958055026694725	0.0	1	1	1	1.6204956878062455	0.3781789400121413	0.4699076537190945	203.80658157346485	1.6204956878062455	0.3781789400121413	0.4699076537190945
406000	-27.094801381848168	-10.620034172093323	-16.474767209754845	0.0	1	1	1	1.0955057429015234	2.5763719747098515	0.3652156910577796	80.46219695974881	1.0955057429015234	2.5763719747098515	0.3652156910577796
407000	-24.821560678123205	-8.936201101019925	-15.885359577103278	0.0	1	1	1	0.5394541026609194	0.7317633782623624	1.0131095561301962	223.44856180260118	0.5394541026609194	0.7317633782623624	1.0131095561301962
408000	-27.988534243342425	-8.918459310303035	-19.07007493303939	0.0	1	0	1	1.1070750220810184	1.9998043098049814	2.592649162211693	249.50406516836395	1.1070750220810184	0.0	2.592649162211693
409000	-26.17603293682975	-10.172052563539063	-16.003980373290688	0.0	1	1	1	0.04223981735379637	0.5948895376498027	2.0745474010799847	172.60970786040272	0.04223981735379637	0.5948895376498027	2.0745474010799847
410000	-24.994755328531703	-8.93268322194279	-16.06207210658891	0.0	1	0	1	0.7924898707065321	0.5668439108204162	0.8117203405528576	371.71690904275175	0.7924898707065321	0.0	0.8117203405528576
411000	-24.795019748855434	-9.19812980850769	-15.596889940347744	0.0	0	1	1	0.20012322212620226	0.7908928396589276	0.8190363525495363	344.24336642860686	0.0	0.7908928396589276	0.8190363525495363
412000	-27.41586829102181	-8.97589998038146	-18.43996831064035	0.0	1	1	1	0.08638424699418308	1.6807872111422826	2.425077203053428	369.0059023078602	0.08638424699418308	1.6807872111422826	2.425077203053428
413000	-24.81162302549944	-9.01384174492303	-15.79778128057641	0.0	1	0	1	0.3002379901233704	0.872278193789074	1.0544380018374206	292.15007976789065	0.3002379901233704	0.0	1.0544380018374206
414000	-23.61984689320329	-10.375170324632473	-13.244676568570819	0.0	1	1	0	0.5015749612897978	0.10521502987877068	0.6619343272597601	73.66310110475106	0.5015749612897978	0.10521502987877068	0.0
415000	-23.368013667930377	-8.797589541642797	-14.570424126287582	0.0	1	1	1	0.28160291979415086	0.07146325362305886	0.577850953295972	230.57208704989435	0.28160291979415086	0.07146325362305886	0.577850953295972
416000	-24.049162355206178	-9.816439017536293	-14.232723337669883	0.0	1	1	1	0.16588896174753442	0.15249595912926595	0.01023717884622969	284.6567019041283	0.16588896174753442	0.15249595912926595	0.01023717884622969
417000	-25.62548180707759	-9.117214468886022	-16.50826733819157	0.0	1	1	1	1.341613910949781	1.116476949996351	0.8368832799951983	161.29979949058938	1.341613910949781	1.116476949996351	0.8368832799951983
418000	-25.108996629223714	-8.766463275675548	-16.342533353548166	0.0	1	1	1	1.130550819650465	0.11159893030699324	1.3901211453608413	244.15305006041493	1.130550819650465	0.11159893030699324	1.3901211453608413
419000	-25.950911208182028	-8.989440017267059	-16.961471190914967	0.0	1	0	1	1.0928343167943004	1.7096319877180224	0.690981430789904	269.5988046516192	1.0928343167943004	0.0	0.690981430789904
420000	-26.200281120695784	-11.225843233074611	-14.974437887621175	0.0	1	1	0	0.20354939470465547	1.1056012610409196	0.9446822021258509	144.59001772594937	0.20354939470465547	1.1056012610409196	0.0
421000	-29.56776358127555	-10.717444706980048	-18.8503188742955	0.0	1	1	1	0.7911039286227154	0.06739449842405991	0.07296812793291536	2238.978956250756	0.7911039286227154	0.06739449842405991	0.07296812793291536
422000	-27.910897969303207	-9.226191242186339	-18.68470672711687	0.0	1	1	1	0.10197570277421268	2.2370073729537685	2.001537426546939	395.6996062986131	0.10197570277421268	2.2370073729537685	2.001537426546939
423000	-25.742788749618946	-14.194039516023091	-11.548749233595856	0.0	1	1	1	0.07477487563319722	0.3329052368364608	0.09929742417739026	21.113159385094544	0.07477487563319722	0.3329052368364608	0.09929742417739026
424000	-25.70629499809035	-9.267994283831863	-16.43830071425849	0.0	1	1	1	0.039001282989438266	0.2271137155532734	0.5500299697585267	877.7543833860534	0.039001282989438266	0.2271137155532734	0.5500299697585267
425000	-23.64740598744681	-9.85437814851141	-13.793027838935398	0.0	1	0	1	0.33395965088992724	0.08035442408503989	0.8659942091497259	120.31443288092035	0.33395965088992724	0.0	0.8659942091497259
426000	-24.253167869754364	-9.963249832062091	-14.289918037692274	0.0	1	1	1	0.4419991366982333	0.24508221168197547	0.991735084066231	94.39103460891698	0.4419991366982333	0.24508221168197547	0.991735084066231
427000	-24.42453077021623	-8.840245272996784	-15.584285497219444	0.0	0	1	1	0.016480936918297426	0.45193200830265495	1.108364501606834	404.29031689407356	0.0	0.45193200830265495	1.108364501606834
428000	-23.295121862122166	-9.234147761984103	-14.060974100138065	0.0	1	1	1	0.5328916617812108	0.3079104042639689	0.2823295712326192	126.73942990573099	0.5328916617812108	0.3079104042639689	0.2823295712326192
429000	-25.48197663623855	-9.016365363326157	-16.46561127291239	0.0	1	1	1	0.4204160998181871	1.007990883753853	1.1098133529577792	289.857833394855	0.4204160998181871	1.007990883753853	1.1098133529577792
430000	-27.81181910056022	-9.879982123993566	-17.931836976566657	0.0	0	1	1	0.5453465636164077	0.06946318480611027	1.996327817136447	908.5617635711485	0.0	0.06946318480611027	1.996327817136447
431000	-25.222807681111103	-8.779717762493402	-16.4430899186177	0.0	1	1	1	1.090010287500039	0.39904750075840933	1.414550565539056	212.42749849877822	1.090010287500039	0.39904750075840933	1.414550565539056
432000	-26.334447274416398	-9.535283279604046	-16.79916399481235	0.0	1	1	0	1.4681857311739481	1.0265345198056937	1.4256966540527625	165.82690290163805	1.4681857311739481	1.0265345198056937	0.0
433000	-25.243436857554535	-10.160314955253451	-15.083121902301082	0.0	1	1	0	0.6143310221814646	1.407304535039222	0.1634413176682547	168.5937722124033	0.6143310221814646	1.407304535039222	0.0
434000	-27.385126692134534	-9.199970508377644	-18.18515618375689	0.0	1	0	1	0.9279370211577985	0.71961346924273	3.2393943339359415	235.38089442507115	0.9279370211577985	0.0	3.2393943339359415
435000	-26.882862678783617	-9.131741001202693	-17.751121677580922	0.0	1	1	1	2.9447700316915486	0.5431938011092152	1.1405269759783598	149.1138110785054	2.9447700316915486	0.5431938011092152	1.1405269759783598
436000	-26.089362398341176	-13.125644758649074	-12.963717639692103	0.0	1	0	1	0.4181353352473958	0.334319002218178	1.195621045269389	29.44411315183555	0.4181353352473958	0.0	1.195621045269389
437000	-24.198929221270028	-9.267534076530527	-14.931395144739499	0.0	1	0	1	0.9485016387339655	0.7849837701648105	0.4810362316349886	144.1188935542695	0.9485016387339655	0.0	0.4810362316349886
438000	-26.738539568250317	-8.714660773845912	-18.023878794404407	0.0	1	1	1	0.07613638166806592	0.038590845655436995	1.0345969451564923	1557.3515258052978	0.07613638166806592	0.038590845655436995	1.0345969451564923
439000	-25.40542118280596	-8.719118573641916	-16.686302609164045	0.0	1	0	1	0.1317309330511824	0.020457049242885456	1.0892241647804544	968.7122139990506	0.1317309330511824	0.0	1.0892241647804544
440000	-24.977487926888937	-10.267999353933888	-14.709488572955049	0.0	1	1	1	0.5157706519002367	0.6261772870925129	1.1160728927155505	81.49648539219334	0.5157706519002367	0.6261772870925129	1.1160728927155505
441000	-23.85214124110088	-8.689404114873382	-15.162737126227498	0.0	1	1	1	0.0370346989873431	0.08627522030568018	0.3220874051012528	511.810803695133	0.0370346989873431	0.08627522030568018	0.3220874051012528
442000	-28.215935623841986	-9.712310261250744	-18.50362536259124	0.0	0	1	1	1.9163361650868131	0.8179771933219321	2.5443211161655523	221.7509403679706	0.0	0.8179771933219321	2.5443211161655523
443000	-30.876627623169	-10.062827743622782	-20.81379987954622	0.0	0	1	1	1.3833717429111942	3.5426724618304277	1.113271164480883	668.6469431738276	0.0	3.5426724618304277	1.113271164480883
444000	-29.35516523352835	-10.672833926757981	-18.68233130677037	0.0	1	1	1	0.39288345804484043	2.2319347172615718	0.06270356169726234	1060.998700963624	0.39288345804484043	2.2319347172615718	0.06270356169726234
445000	-28.153727353760708	-9.561414840647432	-18.592312513113278	0.0	1	1	1	0.9849776350852368	0.3426103299643879	1.8683910128374936	775.5730462738135	0.9849776350852368	0.3426103299643879	1.8683910128374936
446000	-30.738117775888227	-11.791458519470977	-18.946659256417252	0.0	1	1	1	5.935799234016935	0.16045149902138806	1.224771611306788	37.26944134567942	5.935799234016935	0.16045149902138806	1.224771611306788
447000	-26.22080528529119	-9.991675077964487	-16.2291302073267	0.0	1	1	1	0.4175806818996274	1.9090887280153659	0.643708361247515	167.7267406177574	0.4175806818996274	1.9090887280153659	0.643708361247515
448000	-28.28743825080099	-9.07029759689799	-19.217140653902998	0.0	1	1	1	0.5393104431426329	1.239077629861713	2.5412975358401084	575.2292449826184	0.5393104431426329	1.239077629861713	2.5412975358401084
449000	-24.520292274711608	-8.891464097534584	-15.628828177177022	0.0	1	0	1	0.14484354630273147	0.5931466581005751	0.6994670582548256	459.744356400649	0.14484354630273147	0.0	0.6994670582548256
450000	-24.30217931491709	-9.985995548366558	-14.31618376655053	0.0	0	1	1	0.5637402468899609	0.1376792494875111	0.062088455180938106	288.06527112186194	0.0	0.1376792494875111	0.062088455180938106
451000	-28.240590154266975	-9.527413357356076	-18.7131767969109	0.0	1	1	1	2.4301597220969646	0.5355972889195697	1.2295128676778193	447.19755151889854	2.4301597220969646	0.5355972889195697	1.2295128676778193
452000	-24.133839025881322	-9.320637288786612	-14.81320173709471	0.0	1	1	1	0.7690480023890811	0.6539975703328041	0.1800045113617043	160.86358452510282	0.7690480023890811	0.6539975703328041	0.1800045113617043
453000	-29.531580888015775	-10.66795962375805	-18.863621264257727	0.0	1	1	0	1.8908253600851195	0.6359828782383413	1.4250552807785641	725.0360071523679	1.8908253600851195	0.6359828782383413	0.0
454000	-29.866104536931267	-9.363957660733353	-20.502146876197912	0.0	1	1	1	4.001505949773767	1.8440959404052202	0.8360594563877808	266.58103158018906	4.001505949773767	1.8440959404052202	0.8360594563877808
455000	-31.227376769130505	-8.727995330424257	-22.499381438706248	0.0	1	0	1	0.4307443078300055	2.9828222461002065	3.0769291200057243	1265.6228177148023	0.4307443078300055	0.0	3.0769291200057243
456000	-26.84237906878755	-9.838417947198852	-17.0039611215887	0.0	1	1	1	1.5682491789783473	1.2967409190028456	1.6150998659218572	87.12962956153872	1.5682491789783473	1.2967409190028456	1.6150998659218572
457000	-25.55463216227536	-8.92568361782641	-16.628948544448953	0.0	0	1	1	0.09623065870672079	0.660161361275904	1.2288285416313283	617.457199070811	0.0	0.660161361275904	1.2288285416313283
458000	-25.092031637038822	-8.704506829548404	-16.38752480749042	0.0	1	0	1	0.027011455143678236	0.48818539996807336	0.18268488575956723	1092.9329263460247	0.027011455143678236	0.0	0.18268488575956723
459000	-25.592145054466037	-8.865529682622157	-16.72661537184388	0.0	1	0	1	0.1473326414957168	1.1887188377190854	0.44296500099754077	740.1994686140533	0.1473326414957168	0.0	0.44296500099754077
460000	-28.057023577216377	-9.668742648318435	-18.38828092889794	0.0	1	1	1	4.332640428204645	0.32708641579262027	0.4957010738628867	164.0387165531453	4.332640428204645	0.32708641579262027	0.4957010738628867
461000	-23.377845745431266	-9.19791301341249	-14.179932732018774	0.0	1	0	1	0.5241016224417858	0.5642110725662244	0.26162532865254867	159.0099919622926	0.5241016224417858	0.0	0.26162532865254867
462000	-25.39787074863601	-8.835763881418144	-16.562106867217864	0.0	1	0	1	1.0673664068202144	0.5907350698093988	1.5982874550379844	236.81582946348095	1.0673664068202144	0.0	1.5982874550379844
463000	-23.701636547501764	-10.456810702434604	-13.244825845067162	0.0	1	1	1	0.08923660233633961	0.12520594999851717	0.41916847054609896	94.4008089433785	0.08923660233633961	0.12520594999851717	0.41916847054609896
464000	-27.78260738399296	-9.130760409617405	-18.651846974375555	0.0	1	1	1	0.19774074661343732	2.1109119277174737	2.2217018404518956	336.09728450885166	0.19774074661343732	2.1109119277174737	2.2217018404518956
465000	-28.934804530783218	-10.13661210319502	-18.798192427588198	0.0	1	1	0	1.6631879898979933	2.706533247139914	0.9042535106396018	281.7504194037103	1.6631879898979933	2.706533247139914	0.0
466000	-25.674663106856258	-11.715062477042254	-13.959600629814004	0.0	1	1	0	0.35103881297683603	1.5950096236487816	0.026193364246811054	74.45031604868386	0.35103881297683603	1.5950096236487816	0.0
467000	-26.887832903193306	-9.518196963752562	-17.369635939440744	0.0	1	1	0	2.74380714367212	1.27117669698304	0.5379782834219513	157.1899136991352	2.74380714367212	1.27117669698304	0.0
468000	-30.119874090790937	-10.57550555949458	-19.544368531296357	0.0	1	1	0	3.460973075405419	1.3093845939164026	0.22379638317681788	582.3769822473752	3.460973075405419	1.3093845939164026	0.0
469000	-26.229169506100178	-9.911240077970797	-16.317929428129382	0.0	1	1	1	0.2552575657411658	0.15814626669967918	0.4444444480786482	803.7144396551192	0.2552575657411658	0.15814626669967918	0.4444444480786482
470000	-26.544662766123473	-9.512892148180905	-17.031770617942566	0.0	1	1	1	2.9936805391452186	0.8364406924157589	0.1899739521922768	135.29719372169072	2.9936805391452186	0.8364406924157589	0.1899739521922768
471000	-29.72872734240938	-10.636381719730482	-19.092345622678895	0.0	1	0	1	4.089316242426247	0.5401002583597568	0.2414592683365104	469.2975172869618	4.089316242426247	0.0	0.2414592683365104
472000	-26.99277622658566	-9.597601022887261	-17.3951752036984	0.0	1	1	1	1.029206928876169	1.4875426504872373	0.6674948434803439	359.17974307087525	1.029206928876169	1.4875426504872373	0.6674948434803439
473000	-27.942821910051777	-11.66833651754604	-16.27448539250574	0.0	1	1	0	0.3935660868103681	2.7526338512056756	0.5184500084104205	131.16548615274823	0.3935660868103681	2.7526338512056756	0.0
474000	-31.743429412214077	-10.97498752234835	-20.768441889865727	0.0	1	1	0	0.9036516686937901	0.34594898523095086	0.9497704469477136	2972.7415136163713	0.9036516686937901	0.34594898523095086	0.0
475000	-26.826458829379646	-9.314034284492562	-17.512424544887086	0.0	0	1	1	3.5733423896830194	0.17124464371348125	0.3590613675551652	257.2379546648983	0.0	0.17124464371348125	0.3590613675551652
476000	-23.358072096612965	-9.111616989965235	-14.24645510664773	0.0	1	1	1	0.506999298361158	0.006305797255650736	0.22722370138081652	206.6103879784013	0.506999298361158	0.006305797255650736	0.22722370138081652
477000	-28.329509681891004	-10.406760047355746	-17.922749634535258	0.0	1	1	1	0.4343872839758052	1.7347853686992813	0.4210836515694866	747.9554011379313	0.4343872839758052	1.7347853686992813	0.4210836515694866
478000	-26.017400103989395	-8.825591969935312	-17.19180813405408	0.0	1	0	1	0.37930499556647485	2.1197374629959147	0.9990776142929817	320.9834003762063	0.37930499556647485	0.0	0.9990776142929817
479000	-26.491911263775368	-9.03698929502962	-17.454921968745747	0.0	0	1	1	0.4907019032351851	1.3245695045034673	1.7445551996203297	372.8238284465546	0.0	1.3245695045034673	1.7445551996203297
480000	-24.630305066153632	-8.80393821233913	-15.826366853814502	0.0	0	1	1	0.13606839198498857	0.2619744723147198	1.1423214266842139	490.23201727396133	0.0	0.2619744723147198	1.1423214266842139
481000	-27.715661670116788	-8.90917939318794	-18.806482276928847	0.0	1	1	1	1.0732562731230906	0.7156318053774189	3.4165183715582956	223.4564742154241	1.0732562731230906	0.7156318053774189	3.4165183715582956
482000	-23.817873804047558	-9.115302234766595	-14.70257156928096	0.0	1	1	1	0.19025590735232073	0.4437049632886134	0.4189996929108356	232.4731453789299	0.19025590735232073	0.4437049632886134	0.4189996929108356
483000	-25.97771473988751	-9.624009138283485	-16.353705601604027	0.0	1	1	1	0.24766924896857068	1.104810286050453	1.7636337070646146	164.7083402709621	0.24766924896857068	1.104810286050453	1.7636337070646146
484000	-27.087696197393008	-9.926506089963786	-17.161190107429224	0.0	1	1	1	0.28117853045232716	1.8708254648115847	0.5984437781227264	414.9061399816555	0.28117853045232716	1.8708254648115847	0.5984437781227264
485000	-26.79555818771977	-9.03365082807346	-17.76190735964631	0.0	1	1	1	0.9589098465760147	1.4819175821845392	1.4396586609307755	279.6618250508669	0.9589098465760147	1.4819175821845392	1.4396586609307755
486000	-27.299035107073344	-9.636452941747084	-17.66258216532626	0.0	1	1	1	1.7794903781865157	0.38870786206712393	2.7784921333366563	103.84296311633688	1.7794903781865157	0.38870786206712393	2.7784921333366563
487000	-26.27919440526071	-9.584035058922789	-16.69515934633792	0.0	1	1	1	2.771372213491116	0.0900718326017285	0.49025844925544715	180.28737531611802	2.771372213491116	0.0900718326017285	0.49025844925544715
488000	-25.73156601616595	-10.178431722730338	-15.55313429343561	0.0	1	1	1	0.553898528314014	1.2376182252198236	0.021482678681996464	250.07676759600636	0.553898528314014	1.2376182252198236	0.021482678681996464
489000	-23.368222443248158	-9.071456998623091	-14.296765444625064	0.0	1	0	1	0.43213680458981873	0.422578438476674	0.21705809286583352	221.75116210535236	0.43213680458981873	0.0	0.21705809286583352
490000	-24.958029428675367	-9.376497833460155	-15.581531595215214	0.0	1	1	1	0.5892063129090126	1.090961155001467	0.6957277057173451	160.23840795544618	0.5892063129090126	1.090961155001467	0.6957277057173451
491000	-30.929376464626678	-11.00067311888395	-19.92870334574273	0.0	1	1	0	2.4867483169419637	1.8633782273241053	0.11175296805801291	979.5405951468233	2.4867483169419637	1.8633782273241053	0.0
492000	-30.549363889102036	-10.537342707313094	-20.012021181788942	0.0	1	1	0	3.5395033482238487	0.9727310720170351	0.8029732464183185	637.9403443781865	3.5395033482238487	0.9727310720170351	0.0
493000	-27.763012619370514	-10.440668489825851	-17.32234412954466	0.0	1	1	0	0.8177963906066485	1.405231334937497	1.2168594820866103	369.40056515577777	0.8177963906066485	1.405231334937497	0.0
494000	-24.76776992381772	-9.93696104513297	-14.830808878684751	0.0	1	0	1	1.2478386410789557	0.9104866349276898	0.2954411553501131	106.49797372374066	1.2478386410789557	0.0	0.2954411553501131
495000	-26.91277996161635	-9.464677232326013	-17.44810272929034	0.0	1	1	1	0.19443404731168454	1.4085446721992227	1.095371980573654	522.8688230705186	0.19443404731168454	1.4085446721992227	1.095371980573654
496000	-27.526746509908342	-8.909771008218089	-18.616975501690252	0.0	1	0	1	0.6597425268084999	0.19042477757778148	2.399130060057788	931.0812731113841	0.6597425268084999	0.0	2.399130060057788
497000	-26.028042803298995	-11.544251659529417	-14.48379114376958	0.0	1	1	1	0.1137439371523217	0.7416200747905222	1.2776632096468958	74.2203720447108	0.1137439371523217	0.7416200747905222	1.2776632096468958
498000	-25.45263400754579	-9.031063689366027	-16.421570318179764	0.0	0	1	1	0.17057383601832246	0.944044581303835	1.1814478814797746	439.3061117710775	0.0	0.944044581303835	1.1814478814797746
499000	-23.84231883666491	-8.892675698293312	-14.949643138371595	0.0	1	0	1	0.8194218916157628	0.19064843096193015	0.7849266702920938	209.27135889309343	0.8194218916157628	0.0	0.7849266702920938
500000	-25.2076956617099	-9.084272156352332	-16.123423505357565	0.0	1	1	1	1.5982622851888886	0.14567744677461278	0.6495703560265677	248.03702909045623	1.5982622851888886	0.14567744677461278	0.6495703560265677
501000	-24.507797949995442	-9.729241718682635	-14.778556231312809	0.0	1	1	0	0.4558593289502922	0.10952718624311056	1.587234213665279	133.04583824039688	0.4558593289502922	0.10952718624311056	0.0
502000	-27.814103110342128	-9.27190757531961	-18.54219553502252	0.0	1	0	1	2.324959834252643	1.7105758753976752	1.8972187812197248	131.1197194551307	2.324959834252643	0.0	1.8972187812197248
503000	-26.795237793381816	-8.840502646689735	-17.95473514669208	0.0	1	0	1	1.6679237325469265	0.18533835267444773	2.211133139191	371.5330623558848	1.6679237325469265	0.0	2.211133139191
504000	-24.96819959832792	-9.103817062712006	-15.864382535615913	0.0	1	1	1	1.4630472447761178	0.3383269934679066	1.045978674331925	135.9371618175356	1.4630472447761178	0.3383269934679066	1.045978674331925
505000	-25.247867979908047	-9.095816490722722	-16.152051489185325	0.0	1	0	1	0.2375567303646682	2.251456067788589	0.556719060672535	201.03876035724306	0.2375567303646682	0.0	0.556719060672535
506000	-26.927483729403804	-8.92044784989173	-18.007035879512074	0.0	1	1	1	1.6347777160576296	1.2859126408372583	1.524975773983936	216.29433343032835	1.6347777160576296	1.2859126408372583	1.524975773983936
507000	-26.513896656737213	-9.958925143829859	-16.554971512907354	0.0	1	0	1	0.034782393555315635	0.5197721886437948	0.9113006547473946	801.8255103104066	0.034782393555315635	0.0	0.9113006547473946
508000	-24.978278715559142	-9.07324098349876	-15.905037732060382	0.0	1	0	1	1.216311814833673	0.8023908529223455	0.6072062559861331	231.7648049699929	1.216311814833673	0.0	0.6072062559861331
509000	-29.270345001825454	-8.957479691172837	-20.312865310652615	0.0	0	1	1	1.6983049412411377	1.8400769627436535	2.8248324883954905	387.86572546981677	0.0	1.8400769627436535	2.8248324883954905
510000	-24.022797061972256	-9.243707393181086	-14.779089668791169	0.0	1	0	1	0.4913637045874152	0.07650402715935956	0.2729683543092554	384.68765485778493	0.4913637045874152	0.0	0.2729683543092554
511000	-24.576298257713447	-8.91723493392143	-15.659063323792019	0.0	0	1	1	0.12252906834823857	0.40864310528860337	1.2229462221188598	375.50766977501434	0.0	0.40864310528860337	1.2229462221188598
512000	-25.779612376272546	-10.455172590444812	-15.324439785827733	0.0	1	1	1	0.08388499047376925	0.14815065125231133	0.04389570352476249	632.0992087623358	0.08388499047376925	0.14815065125231133	0.04389570352476249
513000	-25.68756154759963	-8.813227328245658	-16.87433421935397	0.0	1	0	1	1.1961863910308628	0.27928056089593417	1.9886364656383628	257.5359599278152	1.1961863910308628	0.0	1.9886364656383628
514000	-24.76819974214861	-9.557194785315364	-15.211004956833246	0.0	0	1	1	0.24401277115095701	0.0214754719853833	0.019357403384596992	731.1071714007484	0.0	0.0214754719853833	0.019357403384596992
515000	-25.222729395794545	-9.56999115071176	-15.652738245082787	0.0	1	1	0	1.7786715528343158	0.6614941525994815	0.518441229072004	141.27649081031566	1.7786715528343158	0.6614941525994815	0.0
516000	-29.11612133911767	-8.939211347135673	-20.176909991981997	0.0	1	0	1	0.5784861207556516	3.0189487941817053	1.5831452720619117	761.1056966092061	0.5784861207556516	0.0	1.5831452720619117
517000	-24.625445242650574	-9.933648018764424	-14.69179722388615	0.0	1	1	1	0.623146111727916	0.367846971606818	1.141559746566509	90.01013381836712	0.623146111727916	0.367846971606818	1.141559746566509
518000	-28.335140013853575	-9.216136730826909	-19.119003283026668	0.0	1	1	1	2.483270125547208	0.7568289509412696	1.6080885547466095	375.2742626755921	2.483270125547208	0.7568289509412696	1.6080885547466095
519000	-26.920941501436097	-9.31979345714684	-17.601148044289257	0.0	1	0	1	0.8071591447571894	2.6159131697195184	0.3451105875996591	356.216197243035	0.8071591447571894	0.0	0.3451105875996591
520000	-24.545180744026098	-9.552756494670772	-14.992424249355325	0.0	0	1	1	0.33444391498578707	0.4533414491153821	0.27395656627683884	382.586877050675	0.0	0.4533414491153821	0.27395656627683884
521000	-26.14467691599497	-9.907627100052343	-16.23704981594263	0.0	1	1	1	0.13500354416235893	1.5060202066556394	0.5395602238364535	320.0245638157954	0.13500354416235893	1.5060202066556394	0.5395602238364535
522000	-28.575404907767194	-10.32753397299252	-18.247870934774674	0.0	1	1	0	0.797127639765185	1.418760996538116	2.3113039440416503	327.59756884732394	0.797127639765185	1.418760996538116	0.0
523000	-26.647922214901257	-9.795689949621254	-16.85223226528	0.0	1	1	1	0.16143882013761168	1.8734104451478555	1.4113242948111269	190.07507550489402	0.16143882013761168	1.8734104451478555	1.4113242948111269
524000	-23.99533025467605	-9.757961191368343	-14.237369063307707	0.0	1	0	1	0.30445818878506714	1.447554028594826	0.2591975634110124	92.83030168587852	0.30445818878506714	0.0	0.2591975634110124
525000	-32.981931026812866	-10.923813490129417	-22.058117536683447	0.0	1	1	1	1.1893473642406303	0.10471304707505923	2.0206910133068345	2829.608458170715	1.1893473642406303	0.10471304707505923	2.0206910133068345
526000	-27.981878317374125	-9.743429026751038	-18.238449290623088	0.0	1	1	1	0.7712032860591056	0.45839594894927244	3.8551961909473067	153.19061720295628	0.7712032860591056	0.45839594894927244	3.8551961909473067
527000	-27.062627489972403	-10.759028636166658	-16.303598853805745	0.0	0	1	1	1.3680307735477903	1.4263553108094913	0.6585842558259496	161.86513680378258	0.0	1.4263553108094913	0.6585842558259496
528000	-26.114520373885362	-10.565608818151462	-15.548911555733898	0.0	1	1	0	0.769656397752842	0.3544196500689378	0.0036163885221601496	536.0986340320454	0.769656397752842	0.3544196500689378	0.0
529000	-28.025042945050593	-9.914826655635434	-18.11021628941516	0.0	0	1	1	0.7891419108085133	0.03732589362820128	1.435395348203422	1177.3316546986339	0.0	0.03732589362820128	1.435395348203422
530000	-24.074389463715157	-8.997335069044153	-15.077054394671004	0.0	1	1	1	0.9730991803301996	0.12329882118233822	0.44257913469419474	212.18136678442457	0.9730991803301996	0.12329882118233822	0.44257913469419474
531000	-27.034300704172843	-9.237988030047722	-17.79631267412512	0.0	1	1	1	2.0168747977393524	1.7479753600994856	0.6510158035282293	186.01787324627938	2.0168747977393524	1.7479753600994856	0.6510158035282293
532000	-26.935718027761247	-9.008771257580799	-17.926946770180447	0.0	1	1	1	1.4510773998410789	0.033752163734358374	1.8403894234068596	473.6363884077854	1.4510773998410789	0.033752163734358374	1.8403894234068596
533000	-23.149916428893214	-8.720591905348114	-14.429324523545098	0.0	1	1	1	0.1112582135893211	0.09007939465634471	0.2925475911151445	291.6722599673191	0.1112582135893211	0.09007939465634471	0.2925475911151445
534000	-28.700962600553353	-9.304253759880899	-19.396708840672453	0.0	1	0	1	0.7957693774347735	4.54301191470463	0.32088215219564425	331.65813521374594	0.7957693774347735	0.0	0.32088215219564425
535000	-27.405769703221054	-8.73658862162955	-18.669181081591503	0.0	1	0	1	0.23397421859521395	2.7690734151411425	0.962304174650729	640.6780660028667	0.23397421859521395	0.0	0.962304174650729
536000	-28.04939174968227	-8.952389467521662	-19.097002282160606	0.0	0	1	1	0.9287920396371054	1.428184663363029	2.2757412034926108	551.2754237222437	0.0	1.428184663363029	2.2757412034926108
537000	-27.49639022820756	-9.988947117181814	-17.507443111025744	0.0	1	1	1	1.5956711504951226	0.26567588257687924	0.6641801677093263	606.6159676328333	1.5956711504951226	0.26567588257687924	0.6641801677093263
538000	-27.45238081144059	-10.429880693894436	-17.022500117546155	0.0	1	1	1	1.6113577123991831	0.47379408790629657	2.6657218458739953	68.93168759254559	1.6113577123991831	0.47379408790629657	2.6657218458739953
539000	-31.253383355141057	-8.983608110675206	-22.26977524446585	0.0	0	1	1	1.3268959835347252	0.8756093901103693	5.723807084062765	509.3918332686488	0.0	0.8756093901103693	5.723807084062765
540000	-23.80295122590449	-8.967489857726655	-14.835461368177835	0.0	1	0	1	0.21150096978716393	0.14622821556905213	0.27872345921087993	462.15583837972633	0.21150096978716393	0.0	0.27872345921087993
541000	-24.274479176817955	-9.050262964843267	-15.22421621197469	0.0	1	0	1	0.5041272499238234	0.7639429084288928	0.3108221715451231	309.385087925841	0.5041272499238234	0.0	0.3108221715451231
542000	-25.354580243738425	-9.132730421562615	-16.22184982217581	0.0	1	1	1	0.08578385482193322	0.029977898462345127	1.1422566855135001	599.8074254515656	0.08578385482193322	0.029977898462345127	1.1422566855135001
543000	-25.667552441471738	-10.54957406371097	-15.117978377760767	0.0	1	0	1	1.4939295219506155	0.8117518006454842	1.0530711818154779	60.1071164386525	1.4939295219506155	0.0	1.0530711818154779
544000	-26.14960853156152	-10.284148051318427	-15.865460480243092	0.0	1	1	1	1.1245664776541315	1.7125259188627455	0.6356587080254088	77.17449517752485	1.1245664776541315	1.7125259188627455	0.6356587080254088
545000	-27.651243103299876	-9.219411191252822	-18.431831912047056	0.0	0	1	1	1.6697056821570238	1.4325749740036258	1.727330937569078	299.3204508701573	0.0	1.4325749740036258	1.727330937569078
546000	-27.48194917467592	-11.593646778964567	-15.888302395711351	0.0	1	1	0	1.5237659363503353	0.027736468000590486	1.424854356781323	170.6111850705495	1.5237659363503353	0.027736468000590486	0.0
547000	-23.7379756324591	-8.938392567294835	-14.799583065164265	0.0	1	1	1	0.3377416400958793	0.00816118770446606	0.7890714032919616	235.31839282913054	0.3377416400958793	0.00816118770446606	0.7890714032919616
548000	-24.628929206178682	-9.840520249816452	-14.78840895636223	0.0	1	1	0	0.9107639844609147	0.6001939726808376	1.0401886468965713	93.7787169983916	0.9107639844609147	0.6001939726808376	0.0
549000	-31.065956866778905	-9.922820101214173	-21.143136765564734	0.0	1	1	1	6.535116330955479	0.8604962386544561	1.2265592248555943	86.89678113008299	6.535116330955479	0.8604962386544561	1.2265592248555943
550000	-23.561927109793885	-8.886202614344736	-14.675724495449149	0.0	1	0	1	0.7440197508831691	0.05219573315888668	0.6621956106031004	220.35990062499678	0.7440197508831691	0.0	0.6621956106031004
551000	-24.308965196138587	-8.852148521282029	-15.456816674856556	0.0	1	1	1	0.7739210468750659	0.27675420341211615	1.02288564748729	186.45926616825213	0.7739210468750659	0.27675420341211615	1.02288564748729
552000	-24.591099022703872	-10.646232307721615	-13.94486671498226	0.0	1	0	1	0.8945778560327092	0.6509118909273849	0.6854047325199774	57.59000012330747	0.8945778560327092	0.0	0.6854047325199774
553000	-33.02660711581001	-10.979189752268928	-22.04741736354108	0.0	1	1	1	2.305870312753129	1.0185887455795526	0.5161519238889015	2440.7385570301158	2.305870312753129	1.0185887455795526	0.5161519238889015
554000	-29.070562854837227	-9.359788970031286	-19.710773884805942	0.0	1	0	1	2.2128542244951084	0.46863687922542774	2.392119302453315	614.9528253732169	2.2128542244951084	0.0	2.392119302453315
555000	-24.683885122921634	-9.6409537439185	-15.042931379003134	0.0	1	1	1	0.21745611973025786	0.3219928945285279	1.306867453546145	158.9955640804081	0.21745611973025786	0.3219928945285279	1.306867453546145
556000	-27.55291466275387	-10.00646699632179	-17.546447666432083	0.0	1	1	0	0.5823307997443176	0.12001928220986038	4.533797985217442	100.24120511531076	0.5823307997443176	0.12001928220986038	0.0
557000	-25.391809174970668	-9.504315772311728	-15.88749340265894	0.0	0	1	1	0.7763610690606859	0.2339922610591048	0.184400421863057	636.3539037925282	0.0	0.2339922610591048	0.184400421863057
558000	-23.449491997527545	-9.173217153642694	-14.27627484388485	0.0	1	0	1	0.4044558826338884	0.6315090493475438	0.1708956272994384	194.93485966014873	0.4044558826338884	0.0	0.1708956272994384
559000	-25.947769788959846	-8.74673092537958	-17.201038863580266	0.0	1	1	1	1.323491780082303	0.4801653826951688	1.730978273504469	235.66072695861118	1.323491780082303	0.4801653826951688	1.730978273504469
560000	-31.367723605647896	-10.819827227029858	-20.547896378618038	0.0	1	1	1	0.5285978023843297	2.3679345905321165	0.5516361091894777	1696.8333924318852	0.5285978023843297	2.3679345905321165	0.5516361091894777
561000	-26.226423525313002	-9.38078551406222	-16.845638011250784	0.0	1	0	1	1.5958250690754194	1.8403263520292552	0.4985727577422474	170.46073278023354	1.5958250690754194	0.0	0.4985727577422474
562000	-25.427394063771565	-10.680770777280939	-14.746623286490628	0.0	1	1	1	0.7162022588879777	1.4955451100855293	0.19989147190782916	73.13655420199454	0.7162022588879777	1.4955451100855293	0.19989147190782916
563000	-26.772259795041016	-8.991246277219544	-17.781013517821474	0.0	0	1	1	1.1594684401352993	0.8269155689160816	1.2731809062444441	571.8442188510959	0.0	0.8269155689160816	1.2731809062444441
564000	-25.061736149848247	-8.887075608430923	-16.174660541417325	0.0	1	0	1	0.17974237055671063	0.2190375544600242	1.1870838144296503	596.6951766234838	0.17974237055671063	0.0	1.1870838144296503
565000	-26.338324931100978	-11.553434785405633	-14.784890145695343	0.0	1	1	1	0.9241165864062587	0.37090776146291193	1.7090484577832064	43.27179867596684	0.9241165864062587	0.37090776146291193	1.7090484577832064
566000	-27.49239363903299	-11.63683781052194	-15.855555828511049	0.0	0	1	1	0.3150643802459697	1.7229329507160978	0.21644016079502762	299.0664781953833	0.0	1.7229329507160978	0.21644016079502762
567000	-28.091863668089893	-8.750473419319617	-19.341390248770274	0.0	1	0	1	0.7194814721660194	0.45761108678094226	3.4910839912541003	628.7836331104734	0.7194814721660194	0.0	3.4910839912541003
568000	-24.644299554590333	-10.27807354891669	-14.36622600567364	0.0	1	1	0	0.9454451157300823	0.1515790302609203	1.0947036124550615	88.53191062023691	0.9454451157300823	0.1515790302609203	0.0
569000	-25.513243615980624	-10.740252793048322	-14.772990822932302	0.0	1	1	1	0.5693798221238201	1.5018368688735433	0.31002079892027334	77.1059638228776	0.5693798221238201	1.5018368688735433	0.31002079892027334
570000	-23.712726637298964	-8.953152835980678	-14.759573801318288	0.0	1	1	1	0.6426506391123656	0.04137478557275196	0.37303560453946755	242.63483455859566	0.6426506391123656	0.04137478557275196	0.37303560453946755
571000	-24.30854494975913	-8.807955825155277	-15.500589124603854	0.0	1	1	1	0.6266324083830329	0.22252149226213816	1.1186197278374976	211.26123288074348	0.6266324083830329	0.22252149226213816	1.1186197278374976
572000	-24.896101474969612	-9.332877820119668	-15.563223654849946	0.0	1	0	1	1.1675413589452073	1.1570862764973802	0.4460561811883023	153.93824347471494	1.1675413589452073	0.0	0.4460561811883023
573000	-24.864018227601143	-9.90071595520263	-14.963302272398515	0.0	1	1	0	0.4914896969206419	0.7076096464282198	0.5156433549174684	226.06614180035166	0.4914896969206419	0.7076096464282198	0.0
574000	-24.492200280847626	-10.817701181816256	-13.67449909903137	0.0	1	1	0	0.9796178690895975	0.38639037091680467	0.7444497362614045	49.944904986125984	0.9796178690895975	0.38639037091680467	0.0
575000	-23.895564198786282	-10.776900735763595	-13.118663463022687	0.0	1	1	1	0.2146539450501268	0.4570108172620864	0.21402505202867586	66.47859481872959	0.2146539450501268	0.4570108172620864	0.21402505202867586
576000	-26.783868935254183	-10.306928647671901	-16.47694028758228	0.0	1	0	1	1.6024704119905653	1.752412548301484	1.2306154814079104	68.0680323360392	1.6024704119905653	0.0	1.2306154814079104
577000	-30.086171172156227	-10.393265510571315	-19.692905661584913	0.0	1	1	0	0.6686492160345803	0.020677247967096725	0.7505628279152663	2738.631368526716	0.6686492160345803	0.020677247967096725	0.0
578000	-26.23704437213101	-8.789039166445635	-17.448005205685376	0.0	1	0	1	1.0694462881988467	0.6159939978755876	1.8226957761533185	385.13699631702553	1.0694462881988467	0.0	1.8226957761533185
579000	-26.620769409398623	-9.309818590256636	-17.310950819141986	0.0	0	1	1	0.31939636668772603	1.6269711859068492	1.320615204928037	414.8917634300577	0.0	1.6269711859068492	1.320615204928037
580000	-31.153061724601507	-12.916668665271558	-18.23639305932995	0.0	0	1	1	0.3542723200472403	3.1703121223188306	0.10737541544017151	602.5601891089389	0.0	3.1703121223188306	0.10737541544017151
581000	-26.176645650197038	-9.057399705902903	-17.119245944294136	0.0	1	1	1	1.2330290512977211	1.2799621132186316	1.295773108606703	175.30559175934465	1.2330290512977211	1.2799621132186316	1.295773108606703
582000	-23.70934230890732	-10.075649343264674	-13.633692965642647	0.0	1	1	1	0.5991106270935214	0.4500815362416715	0.26109418210509033	72.35072678698572	0.5991106270935214	0.4500815362416715	0.26109418210509033
583000	-26.882883002395545	-10.55986145656058	-16.323021545834965	0.0	1	1	1	0.7653280591178097	0.5501654936461485	0.11373085823822275	573.8936164581297	0.7653280591178097	0.5501654936461485	0.11373085823822275
584000	-26.022477310577536	-8.877098839733408	-17.145378470844125	0.0	1	1	1	0.28512955249290123	0.7973755185917206	2.1133300798732804	294.87304307675794	0.28512955249290123	0.7973755185917206	2.1133300798732804
585000	-24.3503139130801	-9.298924303914278	-15.05138960916582	0.0	1	1	1	0.9411502962887218	0.7467641833830109	0.28610251163838346	143.33579477468274	0.9411502962887218	0.7467641833830109	0.28610251163838346
586000	-25.569560783306034	-9.587322865845714	-15.98223791746032	0.0	1	1	1	0.645597030248293	0.012388893416760492	0.41923793180825625	577.9955456094281	0.645597030248293	0.012388893416760492	0.41923793180825625
587000	-25.151019394294032	-9.948311012427391	-15.202708381866643	0.0	1	1	1	0.5287799032812502	0.7155994688115646	1.2872408094623262	99.70115867180965	0.5287799032812502	0.7155994688115646	1.2872408094623262
588000	-24.904672121638438	-9.093647101817895	-15.811025019820542	0.0	1	1	1	1.0391461535341344	0.8123097376274532	0.5109356073027137	196.98370620727314	1.0391461535341344	0.8123097376274532	0.5109356073027137
589000	-25.28758720431653	-8.844096109073272	-16.44349109524326	0.0	1	1	1	0.04363976377784661	0.5378245231781873	1.0852606878549467	532.2041224722722	0.04363976377784661	0.5378245231781873	1.0852606878549467
590000	-25.732176425173805	-9.320003844366758	-16.412172580807045	0.0	1	1	1	2.2803286274891708	0.0027389466948382125	1.0904453731230115	138.54971657988492	2.2803286274891708	0.0027389466948382125	1.0904453731230115
591000	-25.059981802756482	-10.698046329967573	-14.361935472788911	0.0	1	0	1	0.382131526274955	0.7499320012905963	1.134483865684948	82.30309799089802	0.382131526274955	0.0	1.134483865684948
592000	-29.026556499497254	-10.618609147975016	-18.407947351522235	0.0	1	0	1	1.320378750182531	0.9913438916147079	0.0402601726111461	1292.05366489467	1.320378750182531	0.0	0.0402601726111461
593000	-26.441074987910266	-9.441330844699959	-16.999744143210307	0.0	1	0	1	2.6553398201319585	0.5320500735551683	0.6895425272584893	203.8174696662028	2.6553398201319585	0.0	0.6895425272584893
594000	-27.207546128195254	-10.240770481016998	-16.966775647178256	0.0	1	1	0	1.1645842085495424	2.6499178289121077	0.5287133133624684	132.76694594577154	1.1645842085495424	2.6499178289121077	0.0
595000	-26.405764980386145	-9.842020665716158	-16.56374431466999	0.0	1	1	0	1.5273990708703764	1.087380969542656	0.4515477670335306	275.9024722273197	1.5273990708703764	1.087380969542656	0.0
596000	-26.825999906240042	-9.209478787663619	-17.616521118576426	0.0	1	0	1	1.2731240855117827	0.7145649333069097	1.2717868195188864	513.99238936738	1.2731240855117827	0.0	1.2717868195188864
597000	-27.005718061905945	-8.934332009404061	-18.071386052501886	0.0	1	1	1	2.5817108027656497	0.018338183948115608	1.7882915129589694	238.85457853780883	2.5817108027656497	0.018338183948115608	1.7882915129589694
598000	-26.89138746409801	-10.205788193108685	-16.685599270989325	0.0	0	1	1	0.4569957120825941	1.3062883937711947	0.343985328647214	592.7891923613345	0.0	1.3062883937711947	0.343985328647214
599000	-25.586252174945436	-8.879801909051181	-16.706450265894254	0.0	1	0	1	0.12135000666156501	2.5357400329000597	0.3669776478753049	318.2431234872947	0.12135000666156501	0.0	0.3669776478753049
600000	-24.230680357221523	-8.818832869994482	-15.411847487227039	0.0	1	0	1	0.7148361323431153	0.09860653832393547	1.2018247237287514	254.75021593819602	0.7148361323431153	0.0	1.2018247237287514
601000	-23.539680119879684	-9.274600335679732	-14.265079784199953	0.0	1	0	1	0.39701264024261673	0.1484705175611229	0.14961755091856252	291.95824616297017	0.39701264024261673	0.0	0.14961755091856252
602000	-24.116900290118505	-10.700875949677176	-13.416024340441329	0.0	1	1	1	0.3790582787644712	0.5342876153534528	0.36387378931008924	60.840775925600795	0.3790582787644712	0.5342876153534528	0.36387378931008924
603000	-26.202536859680855	-9.167400961489346	-17.03513589819151	0.0	0	1	1	1.264552052093314	0.23124668831157438	1.461656176187778	424.86787677145287	0.0	0.23124668831157438	1.461656176187778
604000	-25.871650957696975	-9.283278352268109	-16.588372605428866	0.0	1	1	1	1.4347560741948944	1.2029049490735217	0.9945539244392541	128.81635324435024	1.4347560741948944	1.2029049490735217	0.9945539244392541
605000	-28.599810020697483	-8.782878386358279	-19.816931634339202	0.0	1	0	1	0.7537638235428975	1.646745871514368	2.572124639521404	696.9885068496297	0.7537638235428975	0.0	2.572124639521404
606000	-28.822030712205873	-10.906829588307655	-17.915201123898218	0.0	1	1	0	0.8178041501933535	1.5952322256157134	0.15810873631503045	919.7219962110233	0.8178041501933535	1.5952322256157134	0.0
607000	-26.316682777244086	-9.308539281506153	-17.008143495737933	0.0	1	1	1	2.476835428007244	0.41604190401149904	1.2686377377273321	116.83286245638237	2.476835428007244	0.41604190401149904	1.2686377377273321
608000	-27.01393408924799	-8.886043412110295	-18.127890677137692	0.0	1	1	1	2.3787181928583134	0.7025523049653063	1.4718520627877865	218.68975743538311	2.3787181928583134	0.7025523049653063	1.4718520627877865
609000	-38.08019561702588	-10.499776813200624	-27.580418803825257	0.0	1	1	1	0.1748795361608716	8.704282812678228	0.42434854251013443	2490.626655126488	0.1748795361608716	8.704282812678228	0.42434854251013443
610000	-27.666433586784933	-9.123685158723495	-18.542748428061437	0.0	1	0	1	1.8777418827299597	0.4281566073289883	1.9694714859740912	484.1269639771476	1.8777418827299597	0.0	1.9694714859740912
611000	-24.32110912897516	-9.669606082847421	-14.651503046127736	0.0	1	0	1	1.1250884385008282	0.6041855916501556	0.27746365715790605	135.27515317567497	1.1250884385008282	0.0	0.27746365715790605
612000	-24.970977958451705	-9.964430600444857	-15.006547358006847	0.0	1	1	0	2.0252106426122842	0.6505909432092569	0.1559682589555942	88.55464730381108	2.0252106426122842	0.6505909432092569	0.0
613000	-28.769032788950074	-9.01538661369933	-19.753646175250744	0.0	1	0	1	3.8333003475190583	0.3736048765339143	2.524307978590971	187.38960786845635	3.8333003475190583	0.0	2.524307978590971
614000	-23.50469508893036	-10.079740374302775	-13.424954714627585	0.0	1	1	1	0.3702657645448443	0.3531829551558838	0.3167068480547676	76.60916934645745	0.3702657645448443	0.3531829551558838	0.3167068480547676
615000	-23.91824784506337	-8.794926153993558	-15.123321691069812	0.0	1	1	1	0.6222404455606513	0.15445523960401492	0.5722412690952061	257.00937317651295	0.6222404455606513	0.15445523960401492	0.5722412690952061
616000	-27.528587150501938	-10.821687898368335	-16.706899252133603	0.0	1	1	1	0.3082154007642811	0.9182452076448943	0.0046266637712103304	810.7447469030692	0.3082154007642811	0.9182452076448943	0.0046266637712103304
617000	-23.180439621206677	-9.950512412776273	-13.229927208430404	0.0	1	1	0	0.291044591500749	0.3816699408776128	0.15202894129312658	109.24032969848486	0.291044591500749	0.3816699408776128	0.0
618000	-26.404261563477817	-8.954158558197518	-17.450103005280297	0.0	0	1	1	0.6978521109935434	1.0979989591169839	1.6289221778828016	409.44800448629235	0.0	1.0979989591169839	1.6289221778828016
619000	-26.098626084738115	-10.173996367541104	-15.924629717197009	0.0	1	1	0	1.5818047566801055	0.16621005433616445	1.4859497998130424	140.8476110451702	1.5818047566801055	0.16621005433616445	0.0
620000	-29.83359284908896	-8.86759661538816	-20.965996233700796	0.0	1	0	1	1.3752848061108138	0.49504067872847507	5.146845940821739	387.634736197614	1.3752848061108138	0.0	5.146845940821739
621000	-24.760590071252697	-10.042930038867414	-14.717660032385282	0.0	1	1	1	1.6683731005495557	0.5139444322826895	0.16087393673501987	75.87665747713807	1.6683731005495557	0.5139444322826895	0.16087393673501987
622000	-31.35128156534232	-9.98544255724436	-21.36583900809796	0.0	1	1	1	1.7750571116551803	1.9891825461297874	2.4648793219550442	666.8482146230126	1.7750571116551803	1.9891825461297874	2.4648793219550442
623000	-28.25962336236138	-11.88361267595298	-16.376010686408403	0.0	1	0	1	1.8215562296403178	0.7615854893407563	2.537514658781076	37.14171364599977	1.8215562296403178	0.0	2.537514658781076
624000	-28.624915517821204	-9.442636419764263	-19.18227909805694	0.0	1	1	1	0.011880043860221439	0.21997973317104902	3.699661882272432	713.4305326206394	0.011880043860221439	0.21997973317104902	3.699661882272432
625000	-26.24991307024947	-9.700584390391262	-16.549328679858206	0.0	0	1	1	2.6316927431466515	0.3112710988484298	0.49444021000570626	201.97957505811343	0.0	0.3112710988484298	0.49444021000570626
626000	-25.207443637754608	-9.714205870648712	-15.493237767105898	0.0	1	1	1	2.0364549569832198	0.33592709488378036	0.5281124759662157	92.81828673882326	2.0364549569832198	0.33592709488378036	0.5281124759662157
627000	-25.079450026318312	-9.314132284317136	-15.765317742001178	0.0	1	0	1	0.12133387125047923	1.3481331073680707	0.6622052866223839	306.6329753286977	0.12133387125047923	0.0	0.6622052866223839
628000	-27.820405968427437	-10.056690130071022	-17.763715838356415	0.0	1	0	1	0.8756573886968878	0.48510092706604746	0.882747851403322	1006.1502368715815	0.8756573886968878	0.0	0.882747851403322
629000	-25.458645197930586	-9.070026220747671	-16.388618977182915	0.0	1	0	1	0.0707364427928551	0.8266909102006365	0.7046508716541021	673.4913840724216	0.0707364427928551	0.0	0.7046508716541021
630000	-26.637903812471173	-9.526103977698487	-17.111799834772686	0.0	0	1	1	0.6049536798844091	0.6813657275113313	2.425286063814772	255.4854454177894	0.0	0.6813657275113313	2.425286063814772
631000	-24.492156353430104	-10.924998188887724	-13.567158164542382	0.0	1	1	0	0.2191486240018338	0.751489925286202	0.27528653763833644	101.24276008220134	0.2191486240018338	0.751489925286202	0.0
632000	-25.90888224423695	-10.296589433161389	-15.612292811075559	0.0	1	0	1	1.2973476521959522	0.4445604204177508	1.8663612415502424	75.6144958186925	1.2973476521959522	0.0	1.8663612415502424
633000	-24.20548739014562	-9.708648011893683	-14.49683937825194	0.0	0	1	1	0.06569697637492357	0.32038504179584587	0.9127119153915534	216.90032512932018	0.0	0.32038504179584587	0.9127119153915534
634000	-27.245575346932867	-9.917133375515096	-17.32844197141777	0.0	1	0	1	0.8180751114681561	0.8448250247727552	0.578414162479563	800.9403471642227	0.8180751114681561	0.0	0.578414162479563
635000	-26.24126153447582	-9.05344808139171	-17.18781345308411	0.0	1	0	1	0.5396800421798699	1.0989087677494196	1.9913455474047237	289.2316744457523	0.5396800421798699	0.0	1.9913455474047237
636000	-30.516975978436687	-10.26970908723018	-20.247266891206507	0.0	1	1	1	0.340862269200578	3.8325055169799094	0.8431698873848381	705.11489573744	0.340862269200578	3.8325055169799094	0.8431698873848381
637000	-24.510409364522083	-9.001795300111876	-15.508614064410205	0.0	1	1	1	0.28714673507901817	0.48415068751827217	1.1590979096809917	219.31018791629617	0.28714673507901817	0.48415068751827217	1.1590979096809917
638000	-24.412640262070866	-9.378959012990025	-15.033681249080843	0.0	1	0	1	0.07209086428641355	0.0177742880023523	0.09518901010613973	698.7692266681263	0.07209086428641355	0.0	0.09518901010613973
639000	-25.22296326172026	-9.675265767787408	-15.547697493932851	0.0	0	1	1	0.869566005138974	0.5198192126688326	1.0191262409185835	206.6078182968425	0.0	0.5198192126688326	1.0191262409185835
640000	-28.162928745881374	-10.34169229596119	-17.821236449920182	0.0	0	1	1	0.17496226047884073	2.0332679452948477	0.38367925589388396	865.5911158124409	0.0	2.0332679452948477	0.38367925589388396
641000	-26.223654468911015	-10.90047881903363	-15.323175649877385	0.0	1	1	0	0.6341762475925345	0.5288092160436849	2.6122653178959223	49.18312858484489	0.6341762475925345	0.5288092160436849	0.0
642000	-29.95042777446983	-10.831418919895972	-19.119008854573856	0.0	1	1	0	4.147948121655889	0.21377458417040568	0.5439428532896459	466.70499546022324	4.147948121655889	0.21377458417040568	0.0
643000	-24.821212802560254	-8.766186420719842	-16.05502638184041	0.0	1	1	1	0.7386271341820447	0.008426672075405688	1.305808845427125	307.0542834005943	0.7386271341820447	0.008426672075405688	1.305808845427125
644000	-27.62929655748878	-9.781671552044811	-17.847625005443966	0.0	1	1	1	0.9682478514931276	0.5315854249683734	3.420025364540597	125.60952610887405	0.9682478514931276	0.5315854249683734	3.420025364540597
645000	-25.765145940346404	-8.734296686735807	-17.030849253610597	0.0	1	0	1	0.06308518519571489	1.8578044057776357	0.2665725706602431	696.6145042656693	0.06308518519571489	0.0	0.2665725706602431
646000	-26.49824957369244	-9.636993001659581	-16.86125657203286	0.0	1	1	1	2.2468912598197597	0.4012305327742821	0.24811886389639928	298.4155393813893	2.2468912598197597	0.4012305327742821	0.24811886389639928
647000	-25.573016055574044	-10.447981243866181	-15.125034811707861	0.0	1	0	1	0.7308296496296708	0.9735658464923393	0.051400434461014534	249.2428691312695	0.7308296496296708	0.0	0.051400434461014534
648000	-23.322013450194135	-9.074884493013897	-14.247128957180236	0.0	1	0	1	0.572770662570652	0.0673219472517941	0.7423893027224654	163.8299899187064	0.572770662570652	0.0	0.7423893027224654
649000	-27.773242943164075	-9.786555841916211	-17.986687101247863	0.0	1	1	1	0.5855620058768742	2.6684140528181306	1.4912327028663284	165.25914094824	0.5855620058768742	2.6684140528181306	1.4912327028663284
650000	-27.14946206691942	-9.987120240133569	-17.162341826785852	0.0	1	1	1	0.11861679991932676	0.6503137610948003	2.9842398748874257	190.57318943823023	0.11861679991932676	0.6503137610948003	2.9842398748874257
651000	-27.996410988431915	-10.457102088424001	-17.539308900007914	0.0	1	1	1	1.211639361663575	0.12864505634484918	0.1399901202309615	1094.3262130900716	1.211639361663575	0.12864505634484918	0.1399901202309615
652000	-22.975160292150534	-9.011481417264317	-13.963678874886218	0.0	1	1	1	0.25953899553050064	0.09769844741286887	0.40231926918902716	160.02921380919324	0.25953899553050064	0.09769844741286887	0.40231926918902716
653000	-26.58603025036537	-8.678584533201521	-17.907445717163846	0.0	0	1	1	0.2888922870481676	0.5874371010082596	2.244300312760332	673.6022348186443	0.0	0.5874371010082596	2.244300312760332
654000	-29.39772663440291	-11.142898540813373	-18.254828093589538	0.0	1	1	1	2.2712991959323494	3.5564818327134073	0.4841581610686116	50.52529791521822	2.2712991959323494	3.5564818327134073	0.4841581610686116
655000	-28.466990479362543	-9.949658966926696	-18.51733151243585	0.0	1	1	1	2.9543544042265126	0.3751893305778904	2.7656820445399135	79.30948167550207	2.9543544042265126	0.3751893305778904	2.7656820445399135
656000	-25.463817158279028	-9.838344189886072	-15.625472968392955	0.0	1	1	1	0.6935396253800997	1.2852182610716827	0.09981867944853762	213.73099740494783	0.6935396253800997	1.2852182610716827	0.09981867944853762
657000	-22.82152126195247	-9.48542220643961	-13.336099055512861	0.0	1	0	1	0.23732813962515162	0.3417187163581084	0.2880665161069541	115.6947490471245	0.23732813962515162	0.0	0.2880665161069541
658000	-28.53927255582567	-10.292209476548697	-18.247063079276973	0.0	1	1	0	0.6514424852288682	1.7319542338779366	2.861269772674804	184.2473075910417	0.6514424852288682	1.7319542338779366	0.0
659000	-27.343394162837626	-9.054709000565035	-18.28868516227259	0.0	0	1	1	0.7575334893178056	0.9583532925905226	2.8431301423732527	329.82324983154933	0.0	0.9583532925905226	2.8431301423732527
660000	-23.63876105864906	-9.438192850614225	-14.200568208034836	0.0	0	1	1	0.2651378197009025	0.23694034756327084	0.22299505188211802	271.1903171975592	0.0	0.23694034756327084	0.22299505188211802
661000	-25.453847219815003	-8.807331349517414	-16.64651587029759	0.0	1	0	1	0.4033729754936375	1.6529869956213796	0.9429874862181319	309.82148661109676	0.4033729754936375	0.0	0.9429874862181319
662000	-26.10968762254484	-9.009543234493341	-17.100144388051497	0.0	0	1	1	0.2612774908706726	1.1233803181933255	1.4808041071350766	473.5334659095636	0.0	1.1233803181933255	1.4808041071350766
663000	-28.713337475676337	-10.63440190489867	-18.078935570777666	0.0	1	1	1	4.804830580565482	0.12112857611097955	0.19661620037451338	128.8394905232602	4.804830580565482	0.12112857611097955	0.19661620037451338
664000	-23.875511779237222	-11.163357710500879	-12.712154068736343	0.0	1	1	1	0.12763572142590596	0.10820197414078774	0.3757484959065578	58.682724261668476	0.12763572142590596	0.10820197414078774	0.3757484959065578
665000	-25.97393690936189	-10.154135798069548	-15.819801111292339	0.0	1	1	0	0.8821147582422769	0.26029421468650327	2.641089745567926	77.91774079448375	0.8821147582422769	0.26029421468650327	0.0
666000	-26.418271685120864	-10.119674290738173	-16.298597394382693	0.0	0	1	1	0.4119303930633954	0.4326855080817079	0.13454082079809604	907.9623365282507	0.0	0.4326855080817079	0.13454082079809604
667000	-24.10555202658002	-9.973536455503023	-14.132015571076996	0.0	1	1	0	0.20302924798088015	0.3662759063498262	0.5090071630505278	192.3837951985117	0.20302924798088015	0.3662759063498262	0.0
668000	-26.587869463587772	-9.373982606279585	-17.213886857308186	0.0	1	1	1	0.9313693343452686	0.19461936159513632	1.158014254501564	587.1562718350815	0.9313693343452686	0.19461936159513632	1.158014254501564
669000	-26.944805217012032	-9.974296078140096	-16.970509138871936	0.0	0	1	1	0.5993505565790493	0.3067539962226593	0.35998835284856034	1100.6641826539776	0.0	0.3067539962226593	0.35998835284856034
670000	-30.36393452351765	-9.348891587149089	-21.01504293636856	0.0	1	1	1	0.0630517425664836	2.299458371684762	3.2778694416738583	766.1347499777823	0.0630517425664836	2.299458371684762	3.2778694416738583
671000	-25.126529247072682	-9.708798495454435	-15.417730751618247	0.0	1	0	1	1.230642109215893	0.8514166527278164	1.0746123643664858	95.84135950856891	1.230642109215893	0.0	1.0746123643664858
672000	-24.295715101717285	-9.808084981331543	-14.48763012038574	0.0	1	1	0	1.128457104036355	0.2538296468750151	0.5813377198081907	121.53303947871122	1.128457104036355	0.2538296468750151	0.0
673000	-24.584437724887678	-9.713602969575868	-14.87083475531181	0.0	1	1	1	0.044783338001778555	0.004008397848321164	0.4999557943928273	389.465301856773	0.044783338001778555	0.004008397848321164	0.4999557943928273
674000	-25.444383877635126	-8.812445950022807	-16.63193792761232	0.0	1	1	1	0.4367848761679066	0.4308429969523928	1.884229732208873	279.3686605466989	0.4367848761679066	0.4308429969523928	1.884229732208873
675000	-29.52648463883498	-11.70893152462396	-17.81755311421102	0.0	0	1	1	0.6528639003059873	2.0463370388343627	2.942809631462135	88.61696039052914	0.0	2.0463370388343627	2.942809631462135
676000	-28.412688676513397	-9.224205790353418	-19.18848288615998	0.0	1	1	1	1.4211251829143872	1.7757349789910664	2.841442363402487	152.72939735467938	1.4211251829143872	1.7757349789910664	2.841442363402487
677000	-26.206103515667067	-9.96351076119107	-16.242592754475996	0.0	1	1	1	0.46347060692305203	1.4753166724454203	1.4298492686706696	119.72575311721629	0.46347060692305203	1.4753166724454203	1.4298492686706696
678000	-24.663653791843302	-9.522705302464285	-15.140948489379015	0.0	1	1	1	0.9083249845001994	0.25245031735424794	1.236976134292448	106.44301076544834	0.9083249845001994	0.25245031735424794	1.236976134292448
679000	-25.47905813156784	-8.912408389812049	-16.566649741755793	0.0	1	1	1	1.3397070696033602	0.5233215765335646	0.9195796068494279	258.99142195797737	1.3397070696033602	0.5233215765335646	0.9195796068494279
680000	-33.0252828534648	-8.764032646065644	-24.261250207399154	0.0	0	1	1	6.960430904893335	0.7657489207736443	2.3241554593343525	465.9321974195274	0.0	0.7657489207736443	2.3241554593343525
681000	-24.273183051470685	-8.791507894182429	-15.481675157288256	0.0	0	1	1	0.017365856401893278	0.36762248474379505	0.9702358240982674	439.59541458296553	0.0	0.36762248474379505	0.9702358240982674
682000	-29.921108345567934	-10.029469291067496	-19.891639054500438	0.0	1	0	1	0.6072568524931853	0.2462541735144457	1.997077048586886	1894.696962796418	0.6072568524931853	0.0	1.997077048586886
683000	-27.52848122880728	-8.684778849183118	-18.843702379624162	0.0	1	1	1	0.611849068053875	0.21331475020830007	3.187170099554294	551.4030241916195	0.611849068053875	0.21331475020830007	3.187170099554294
684000	-23.859988480285303	-9.161487579576793	-14.698500900708511	0.0	1	1	1	0.9805089861046192	0.11197904938333259	0.31772781377598014	172.01852994479944	0.9805089861046192	0.11197904938333259	0.31772781377598014
685000	-23.64283196437563	-8.977884383180886	-14.664947581194744	0.0	1	1	1	0.1852157147327612	0.2558829269393052	0.6671476287187388	215.46477033065764	0.1852157147327612	0.2558829269393052	0.6671476287187388
686000	-26.509084937910444	-9.936375614082943	-16.5727093238275	0.0	1	0	1	0.5314211739514966	2.6180074576542625	1.0841558463389234	102.90133727110339	0.5314211739514966	0.0	1.0841558463389234
687000	-25.579571765997464	-9.490296760317968	-16.089275005679497	0.0	1	1	1	1.8845580483686475	0.6752159665087248	0.07055029475888666	198.68912080211967	1.8845580483686475	0.6752159665087248	0.07055029475888666
688000	-25.84296361256287	-9.618494517660588	-16.224469094902283	0.0	0	1	1	1.835515977178798	0.39036078280415065	0.8146328326794794	214.39951865346245	0.0	0.39036078280415065	0.8146328326794794
689000	-25.530903092249446	-11.893538353225738	-13.637364739023706	0.0	1	1	0	0.5720823282830834	0.007507361208768124	0.08680707333161271	179.40806947912455	0.5720823282830834	0.007507361208768124	0.0
690000	-23.62493661157913	-8.877014275415691	-14.74792233616344	0.0	1	0	1	0.7033128911234663	0.16657157383736632	0.6632052889936287	219.91194635879413	0.7033128911234663	0.0	0.6632052889936287
691000	-27.36194740226695	-9.157482328363285	-18.204465073903663	0.0	1	1	1	2.0302662950463413	0.4393695201679554	1.4367001845766185	382.78670459555985	2.0302662950463413	0.4393695201679554	1.4367001845766185
692000	-25.26958515285792	-10.893960996324383	-14.375624156533537	0.0	1	1	0	0.673538005688973	0.05710057339227249	1.619389002936646	77.14670993449457	0.673538005688973	0.05710057339227249	0.0
693000	-26.277159683461758	-8.82862499070098	-17.448534692760777	0.0	1	1	1	1.5787338887830122	0.7891660653753431	1.5522073728477548	210.4963935627438	1.5787338887830122	0.7891660653753431	1.5522073728477548
694000	-25.854968146686605	-8.935906544256412	-16.919061602430194	0.0	1	1	1	1.9326861481772997	0.5355267209901278	1.0030585040982951	196.84485322123572	1.9326861481772997	0.5355267209901278	1.0030585040982951
695000	-25.776845516399245	-10.130118071507011	-15.646727444892234	0.0	1	1	0	0.5065504294945024	0.5935301931263017	0.8741407000787014	315.8637722832355	0.5065504294945024	0.5935301931263017	0.0
696000	-23.523487345057944	-8.824810106791029	-14.698677238266916	0.0	1	1	1	0.5259298641726075	0.04915572739005416	0.44735830466534526	237.54302123219364	0.5259298641726075	0.04915572739005416	0.44735830466534526
697000	-26.52948566920454	-8.752051525367941	-17.7774341438366	0.0	1	1	1	0.16234395540071409	0.8399548238660426	2.1368058916022794	485.5076673330481	0.16234395540071409	0.8399548238660426	2.1368058916022794
698000	-25.85745409464361	-9.78776762262477	-16.06968647201884	0.0	1	1	1	0.31447250957869755	0.8380533295388204	0.38098749464411413	452.87053473739786	0.31447250957869755	0.8380533295388204	0.38098749464411413
699000	-25.547384250846164	-10.07727015835175	-15.470114092494414	0.0	1	1	1	1.8161578869209956	1.1559883355062652	0.14888686862449693	74.10407171772907	1.8161578869209956	1.1559883355062652	0.14888686862449693
700000	-29.319930645430865	-10.196923012550235	-19.12300763288063	0.0	1	1	1	3.1069197548314085	0.22559283696043875	0.4927476756667113	733.1637458118151	3.1069197548314085	0.22559283696043875	0.4927476756667113
701000	-28.685387861911003	-9.049567189021667	-19.635820672889334	0.0	1	0	1	0.29855297712894263	3.3184019311945403	1.8399660259859474	455.8253894423449	0.29855297712894263	0.0	1.8399660259859474
702000	-24.749206405658022	-9.199421406305651	-15.54978499935237	0.0	1	1	1	0.6755816280351615	0.7687250718020839	0.9801749908317569	149.4612517544641	0.6755816280351615	0.7687250718020839	0.9801749908317569
703000	-27.601557789918292	-10.735364248379305	-16.866193541538987	0.0	0	1	1	1.3458747932037578	1.4471814339728448	0.3111651211134579	337.91473774008153	0.0	1.4471814339728448	0.3111651211134579
704000	-24.410417360814016	-9.440228961240663	-14.97018839957335	0.0	1	1	1	0.03516101480490695	0.17478751511441623	0.13402265053894885	481.5572338479253	0.03516101480490695	0.17478751511441623	0.13402265053894885
705000	-24.475239543848847	-9.00087839646219	-15.474361147386658	0.0	1	1	1	1.1027546798329697	0.21693592593760572	1.0067739524443073	152.42680958263955	1.1027546798329697	0.21693592593760572	1.0067739524443073
706000	-26.048081974683647	-8.785230401875674	-17.26285157280797	0.0	1	0	1	0.8473790564291975	1.6684408145919563	1.197985862384615	287.25371499074487	0.8473790564291975	0.0	1.197985862384615
707000	-23.381626417448068	-9.272157466765062	-14.109468950683004	0.0	1	0	1	0.25238078187694263	0.1666754314192911	0.09693788383940011	297.309454776584	0.25238078187694263	0.0	0.09693788383940011
708000	-22.93984967198719	-9.81601249293945	-13.123837179047738	0.0	1	1	0	0.15629515426032425	0.11400555066560217	0.5723144668520838	97.62125148413111	0.15629515426032425	0.11400555066560217	0.0
709000	-28.41574707556087	-11.010019132361432	-17.405727943199437	0.0	1	1	0	0.35681972310529914	1.929500180809149	0.3894688996263779	650.9295232465988	0.35681972310529914	1.929500180809149	0.0
710000	-32.76219375544248	-10.985879373190345	-21.77631438225214	0.0	1	1	1	0.550391545327051	0.16933028787780227	0.39014620544552264	4328.118996697288	0.550391545327051	0.16933028787780227	0.39014620544552264
711000	-25.160542569803457	-9.597033426680744	-15.563509143122713	0.0	1	1	1	0.7420347277244872	1.317202103792798	0.38212149571054543	149.05147449012287	0.7420347277244872	1.317202103792798	0.38212149571054543
712000	-26.46026206013845	-9.251467593066945	-17.208794467071506	0.0	1	1	1	1.0179774223252178	1.025836292412076	2.075466481836855	144.86637765976218	1.0179774223252178	1.025836292412076	2.075466481836855
713000	-24.61417666437969	-8.711834578037877	-15.902342086341813	0.0	1	1	1	0.0536484778924754	0.12700375430293503	0.8732767722557656	557.4864326386164	0.0536484778924754	0.12700375430293503	0.8732767722557656
714000	-26.79767152308774	-11.335054672650092	-15.462616850437648	0.0	1	1	1	1.1418642835261277	0.3182934940897662	2.1163982441768443	47.85895334108014	1.1418642835261277	0.3182934940897662	2.1163982441768443
715000	-26.29985796296511	-10.096642756738774	-16.203215206226336	0.0	0	1	1	0.28531282805336783	1.2203510714745367	0.380705482320737	500.4556731153798	0.0	1.2203510714745367	0.380705482320737
716000	-27.28044766918853	-9.117878965477033	-18.162568703711496	0.0	1	1	1	2.5781468138120944	1.3018017221286038	0.8045251367338457	201.886274380535	2.5781468138120944	1.3018017221286038	0.8045251367338457
717000	-26.33575126733468	-8.843103747691051	-17.49264751964363	0.0	1	1	1	0.2634479449332972	0.9319315410381804	1.8051133705504072	439.28331587176234	0.2634479449332972	0.9319315410381804	1.8051133705504072
718000	-26.494203280007497	-9.721938083915369	-16.77226519609213	0.0	1	1	1	0.2809888536042075	1.9157005679640875	1.0956180225654244	202.19962667827832	0.2809888536042075	1.9157005679640875	1.0956180225654244
719000	-26.66741709154006	-9.976087094008173	-16.691329997531884	0.0	0	1	1	0.7420764073612215	1.5264295954157705	0.6100286168343592	350.9436613501932	0.0	1.5264295954157705	0.6100286168343592
720000	-24.32544924082761	-8.958650350878813	-15.366798889948795	0.0	1	1	1	0.8106972279231368	0.40238501418006534	0.9295269147243913	162.8207233896467	0.8106972279231368	0.40238501418006534	0.9295269147243913
721000	-25.33013733989057	-8.784187870652417	-16.545949469238153	0.0	0	1	1	1.2302755911622194	0.297142982382509	0.6615819433923835	513.9596656163769	0.0	0.297142982382509	0.6615819433923835
722000	-27.77111912828017	-9.41986141978982	-18.35125770849035	0.0	1	1	1	0.6395457253903164	2.1114530943831706	1.3212800261980817	377.5082120797941	0.6395457253903164	2.1114530943831706	1.3212800261980817
723000	-26.07992356735316	-8.810089898272249	-17.26983366908091	0.0	1	0	1	0.15984756847441023	0.7893171437541784	0.7632487741544256	1024.9078828796376	0.15984756847441023	0.0	0.7632487741544256
724000	-29.995114660269373	-9.657868282837788	-20.337246377431587	0.0	0	1	1	0.7001199537989024	0.3467968320415792	1.789636230119385	2203.501540428058	0.0	0.3467968320415792	1.789636230119385
725000	-26.33788493586254	-8.979996844717041	-17.3578880911455	0.0	1	0	1	0.7064929323358639	0.8613587950789012	2.2573410431795864	283.6202213841042	0.7064929323358639	0.0	2.2573410431795864
726000	-24.73339792191683	-9.73076538556124	-15.00263253635559	0.0	1	1	1	0.6155978984650621	0.5229393685480521	0.03739356497499708	267.8929417443098	0.6155978984650621	0.5229393685480521	0.03739356497499708
727000	-24.911443637453957	-8.849657396228194	-16.061786241225764	0.0	1	1	1	0.09344582457046408	0.5054792818203789	0.9421507189384669	448.06503795416893	0.09344582457046408	0.5054792818203789	0.9421507189384669
728000	-24.760750235903206	-9.60063749070238	-15.160112745200825	0.0	1	1	1	0.663985867051983	0.762077601207495	0.9545334432037459	109.99246467267787	0.663985867051983	0.762077601207495	0.9545334432037459
729000	-25.76760807290146	-10.079952980356008	-15.687655092545453	0.0	1	1	1	0.67501953023773	0.21271363790041567	0.13232494969305234	495.1430964779382	0.67501953023773	0.21271363790041567	0.13232494969305234
730000	-31.841335084935654	-10.745684992716843	-21.09565009221881	0.0	0	1	1	1.1253461691125008	1.5451580001571792	0.4592648967283151	2530.4701510436353	0.0	1.5451580001571792	0.4592648967283151
731000	-25.5970813793152	-12.506250745069362	-13.090830634245837	0.0	1	1	1	0.5033240660146313	1.0003245058946348	0.1879996443362977	29.929361136613096	0.5033240660146313	1.0003245058946348	0.1879996443362977
732000	-25.444133680735934	-9.745986889231736	-15.698146791504199	0.0	1	1	1	1.019009240207932	1.2881071601027823	0.7061202266544946	100.96262230436032	1.019009240207932	1.2881071601027823	0.7061202266544946
733000	-25.712504967439113	-9.703174791697588	-16.009330175741525	0.0	1	0	1	1.3018568581793961	0.6594306994258418	0.27224458645794253	341.4228307300237	1.3018568581793961	0.0	0.27224458645794253
734000	-24.560801349947333	-9.517318664440165	-15.04348268550717	0.0	1	1	0	1.1913748386729404	0.5949749438907977	0.3206635675055868	174.2206155597451	1.1913748386729404	0.5949749438907977	0.0
735000	-26.400305229912103	-10.097848117850642	-16.30245711206146	0.0	1	1	1	0.7856832101882069	0.42675011541399094	0.31785011701647486	530.609475554802	0.7856832101882069	0.42675011541399094	0.31785011701647486
736000	-23.67047761722734	-8.75407202066646	-14.91640559656088	0.0	1	0	1	0.09342302919305434	0.23040101477295588	0.284541540673942	497.52241034861964	0.09342302919305434	0.0	0.284541540673942
737000	-26.93772345024496	-10.420250926730041	-16.51747252351492	0.0	1	1	1	0.8182807129235258	2.5400690204938114	0.08193703200000424	143.31235002542354	0.8182807129235258	2.5400690204938114	0.08193703200000424
738000	-26.156882112503748	-9.43090752962976	-16.725974582873988	0.0	1	1	1	1.2521369202325268	0.5506115806725917	0.6268531026342525	382.30044942144417	1.2521369202325268	0.5506115806725917	0.6268531026342525
739000	-27.258444821432626	-10.707953150400828	-16.550491671031796	0.0	1	1	1	0.11293332892914357	1.1227520095325165	0.0890057453656055	703.0772960762489	0.11293332892914357	1.1227520095325165	0.0890057453656055
740000	-24.857509964000297	-8.889775882705408	-15.96773408129489	0.0	1	0	1	0.6491571733078437	0.7079633954385521	1.2950515362874755	238.70829488573403	0.6491571733078437	0.0	1.2950515362874755
741000	-27.477178253390065	-12.750308627347685	-14.726869626042381	0.0	1	1	1	0.7757605659912066	2.1332681800450013	0.3937977080989679	30.66105223747368	0.7757605659912066	2.1332681800450013	0.3937977080989679
742000	-25.50102072655027	-9.525335213510349	-15.97568551303992	0.0	1	1	1	1.2845249690603275	1.1387180930666396	0.08805112352848057	199.59339867251194	1.2845249690603275	1.1387180930666396	0.08805112352848057
743000	-24.47254419077076	-9.618440096187708	-14.85410409458305	0.0	1	1	1	0.06420014974008098	0.3141543189541668	0.14972090558387516	390.5720227376861	0.06420014974008098	0.3141543189541668	0.14972090558387516
744000	-26.324568133763407	-8.859037930910585	-17.465530202852822	0.0	1	1	1	1.6174945763931845	0.4580850189958874	1.437406472966431	295.5575397438973	1.6174945763931845	0.4580850189958874	1.437406472966431
745000	-29.229230375916107	-10.170046302897866	-19.05918407301824	0.0	1	1	1	1.5575227832251488	1.8487110857877616	0.8665972039965124	535.5430611744315	1.5575227832251488	1.8487110857877616	0.8665972039965124
746000	-23.558774461711273	-8.827833717142152	-14.73094074456912	0.0	1	0	1	0.15524805364906913	0.840370526583482	0.29781259422793493	263.175320795305	0.15524805364906913	0.0	0.29781259422793493
747000	-28.205423621010997	-9.914519593234235	-18.29090402777676	0.0	1	0	1	2.3402490031450585	2.6070814054809905	1.2022477203677429	85.86901598015837	2.3402490031450585	0.0	1.2022477203677429
748000	-29.333017708433694	-10.171701617516874	-19.16131609091682	0.0	1	1	1	3.5137173843301848	1.735666730447038	1.6893122135889782	65.83551822522904	3.5137173843301848	1.735666730447038	1.6893122135889782
749000	-28.14835083942312	-10.745395062997659	-17.40295577642546	0.0	1	1	0	1.1810118688732343	0.7861700142674737	0.8947574558660968	578.9958250674315	1.1810118688732343	0.7861700142674737	0.0
750000	-27.614819810375838	-11.719459397960682	-15.895360412415156	0.0	1	1	1	3.477157093266111	0.5488191481836598	0.30247269714927244	35.21411121414606	3.477157093266111	0.5488191481836598	0.30247269714927244
751000	-24.541879434481757	-9.384385302107331	-15.157494132374426	0.0	1	1	1	0.9272109179181771	0.8320300027632364	0.16405077516005168	164.2291387220599	0.9272109179181771	0.8320300027632364	0.16405077516005168
752000	-26.41503004609287	-9.486328146292813	-16.928701899800057	0.0	1	1	1	0.12374241666754848	1.0496561816775782	2.253319053436422	205.93573544759602	0.12374241666754848	1.0496561816775782	2.253319053436422
753000	-25.74652023099165	-8.843766195784259	-16.90275403520739	0.0	1	0	1	0.4799054562557309	0.34492482889431236	1.324560387161142	660.2105228369959	0.4799054562557309	0.0	1.324560387161142
754000	-24.759779112267342	-8.7269142808942	-16.032864831373143	0.0	1	1	1	0.7053671353771822	0.28051796963842673	1.3049707604936722	250.4522059211293	0.7053671353771822	0.28051796963842673	1.3049707604936722
755000	-27.175308631518938	-9.740451362016977	-17.43485726950196	0.0	1	0	1	1.014399902326563	0.012592761381200756	1.1921266589362443	859.2950614396033	1.014399902326563	0.0	1.1921266589362443
756000	-22.98139844939972	-8.81631164908246	-14.165086800317262	0.0	1	0	1	0.22130151479029614	0.09614836586325042	0.2543549713934525	297.2652143570068	0.22130151479029614	0.0	0.2543549713934525
757000	-26.290916226373177	-9.20468043582306	-17.08623579055012	0.0	1	1	1	1.8758380366713308	0.556265601165231	1.7357621497146305	124.56391819666804	1.8758380366713308	0.556265601165231	1.7357621497146305
758000	-25.748308784624577	-9.631128366847756	-16.117180417776822	0.0	1	1	0	2.2145920369243393	1.18973649315074	0.23612779728420444	116.50042485462251	2.2145920369243393	1.18973649315074	0.0
759000	-27.58087436004124	-9.273944947819356	-18.306929412221884	0.0	1	1	1	2.189499358919208	0.20948373599886883	1.4491042916993928	429.1906892385509	2.189499358919208	0.20948373599886883	1.4491042916993928
760000	-24.125945636200566	-9.767103052776246	-14.35884258342432	0.0	0	1	1	0.008498688088649549	0.25086731538406254	0.8678027215042813	222.96763190044058	0.0	0.25086731538406254	0.8678027215042813
761000	-26.084925932589172	-8.804178673650126	-17.280747258939048	0.0	1	0	1	1.175910639633008	0.7112575875844005	1.6162768555967189	341.80611577049876	1.175910639633008	0.0	1.6162768555967189
762000	-25.510405890696255	-9.527713839789993	-15.982692050906264	0.0	0	1	1	0.040913152148099124	1.354875607157376	1.1289812772561898	267.4588007254614	0.0	1.354875607157376	1.1289812772561898
763000	-29.91259469081976	-9.22496102207547	-20.68763366874429	0.0	0	1	1	3.778692454245669	1.271416204732586	1.2555261415459504	522.5157519776906	0.0	1.271416204732586	1.2555261415459504
764000	-25.737423640207723	-9.202464888245274	-16.53495875196245	0.0	1	1	1	2.3054410602254887	0.4089533488597323	0.6017568203717812	162.06794665100344	2.3054410602254887	0.4089533488597323	0.6017568203717812
765000	-25.068083475127978	-9.278966765175348	-15.789116709952632	0.0	1	1	1	0.8453781404095655	0.5718077491991614	0.39346059257281507	301.52250271442153	0.8453781404095655	0.5718077491991614	0.39346059257281507
766000	-25.2249360920008	-10.280474962049187	-14.944461129951613	0.0	0	1	1	0.30919523623098216	0.26230501822735125	1.2719400844190984	200.1526926152215	0.0	0.26230501822735125	1.2719400844190984
767000	-24.48351854199371	-10.040646052697392	-14.44287248929632	0.0	1	1	1	1.5380160152874405	0.31014501463341265	0.10985133960596848	84.05137760001446	1.5380160152874405	0.31014501463341265	0.10985133960596848
768000	-26.890002537597027	-9.224225018599048	-17.66577751899798	0.0	1	1	1	1.079630801002804	1.8597693362841108	1.0926114890438514	229.497542621664	1.079630801002804	1.8597693362841108	1.0926114890438514
769000	-24.51247712008577	-8.791952061027633	-15.720525059058138	0.0	1	1	1	0.11766927921929082	0.21265547603235005	0.6451214941611121	521.2648621846373	0.11766927921929082	0.21265547603235005	0.6451214941611121
770000	-24.81915610343357	-9.275771995319303	-15.543384108114266	0.0	1	0	1	0.43423766055253404	1.6877861500417084	0.6966869536807208	145.10519563348606	0.43423766055253404	0.0	0.6966869536807208
771000	-33.84654699440607	-10.984863644990305	-22.861683349415767	0.0	1	1	1	1.4805131730214758	1.7436522830340184	1.2736426136174575	2552.9166012787705	1.4805131730214758	1.7436522830340184	1.2736426136174575
772000	-25.31224315968868	-8.935125896153753	-16.377117263534927	0.0	1	0	1	1.2860811335160651	0.02511998908253017	1.232988941196172	356.20622423363073	1.2860811335160651	0.0	1.232988941196172
773000	-33.37182647807637	-9.010564413467373	-24.361262064609	0.0	1	1	1	0.45226749550385137	0.15457197680787313	8.102338901197026	891.8109047965855	0.45226749550385137	0.15457197680787313	8.102338901197026
774000	-27.12677467169246	-11.119671190553602	-16.00710348113886	0.0	1	0	1	2.5016869406302833	1.1662546806900058	0.7983770858258625	48.849184599107275	2.5016869406302833	0.0	0.7983770858258625
775000	-27.9746201623977	-10.04544760625711	-17.92917255614059	0.0	1	1	1	0.15104254526070718	0.031395958714196925	0.5622358513895328	1750.4982152267958	0.15104254526070718	0.031395958714196925	0.5622358513895328
776000	-27.315091698788372	-10.80165358916512	-16.51343810962325	0.0	1	1	0	0.5348418385170128	1.1533299017953762	0.38425284848196306	543.0403807176857	0.5348418385170128	1.1533299017953762	0.0
777000	-24.72026744912933	-10.179969472813545	-14.540297976315788	0.0	1	1	1	0.14684441689756506	0.5381464309084857	0.9881297473718387	119.0022449533267	0.14684441689756506	0.5381464309084857	0.9881297473718387
778000	-27.154009671205955	-9.323210593115357	-17.8307990780906	0.0	0	1	1	0.49213580729774253	0.3601192050903113	1.0697586443178038	1210.230900184458	0.0	0.3601192050903113	1.0697586443178038
779000	-26.180258428270655	-8.737572165110299	-17.442686263160358	0.0	1	1	1	0.17743551369774255	0.5386420531100994	2.2836153520304574	424.44642326266944	0.17743551369774255	0.5386420531100994	2.2836153520304574
780000	-23.48153172822512	-9.036196911950471	-14.445334816274649	0.0	1	0	1	0.830607811429151	0.09283037220007152	0.5735562200750162	175.99105203352022	0.830607811429151	0.0	0.5735562200750162
781000	-24.96544525631424	-9.382752072007262	-15.582693184306976	0.0	1	0	1	0.7817076675480071	0.9292985830505707	0.25158913054026194	303.4638690988079	0.7817076675480071	0.0	0.25158913054026194
782000	-26.583045424391813	-8.862714971488904	-17.72033045290291	0.0	0	1	1	0.0831437159440653	0.5772291431638422	1.8278770945797915	866.8698719430439	0.0	0.5772291431638422	1.8278770945797915
783000	-24.462828939879692	-9.068688202790122	-15.39414073708957	0.0	1	1	1	0.2576158679340955	0.5208018724893375	1.0832619856654924	211.19936201437318	0.2576158679340955	0.5208018724893375	1.0832619856654924
784000	-23.692862637755052	-8.999722212343762	-14.69314042541129	0.0	1	1	1	0.5986134364090617	0.015098795571434601	0.336664566426361	250.60351398075764	0.5986134364090617	0.015098795571434601	0.336664566426361
785000	-24.547184292208442	-9.056833143779711	-15.49035114842873	0.0	1	0	1	0.09022041295757566	0.26134290649807007	0.6905773840127376	545.5786594451864	0.09022041295757566	0.0	0.6905773840127376
786000	-29.767398594667693	-10.6569303864718	-19.110468208195893	0.0	1	1	1	1.8742627134770877	0.08740486056936202	4.764210779802931	76.59426404605217	1.8742627134770877	0.08740486056936202	4.764210779802931
787000	-28.695948090157863	-10.34937749405458	-18.346570596103284	0.0	1	1	0	3.762869247088789	0.6203852893837799	1.8654498615085184	82.49191913489173	3.762869247088789	0.6203852893837799	0.0
788000	-26.10059847990837	-9.472975695482234	-16.627622784426137	0.0	1	0	1	0.10448075880678545	0.13532227692106774	1.5789161186314078	682.5325627422719	0.10448075880678545	0.0	1.5789161186314078
789000	-24.25027689117455	-9.10231715541584	-15.147959735758713	0.0	1	1	1	1.0678516383253311	0.4894823162102654	0.4826743662879053	147.21786225461986	1.0678516383253311	0.4894823162102654	0.4826743662879053
790000	-26.80120255891002	-9.028966538549112	-17.77223602036091	0.0	1	0	1	2.3425023309215347	0.07467026471485089	1.6264478639062474	329.5620457740988	2.3425023309215347	0.0	1.6264478639062474
791000	-25.43490644675164	-9.05247444147731	-16.382432005274328	0.0	1	1	1	0.5719039544370002	0.6406596209076488	1.7641190799989377	190.02563010126318	0.5719039544370002	0.6406596209076488	1.7641190799989377
792000	-25.291001718461903	-9.770750416200446	-15.520251302261457	0.0	0	1	1	0.45992050263504086	0.18039841909539076	1.250191203719184	305.7170840167482	0.0	0.18039841909539076	1.250191203719184
793000	-34.0336378235223	-8.80260195934582	-25.23103586417648	0.0	1	0	1	0.7774388939060684	1.2350637900598571	7.822811605552347	944.6603327666917	0.7774388939060684	0.0	7.822811605552347
794000	-26.003416414107026	-8.970920855453823	-17.032495558653203	0.0	1	0	1	0.8530145003900828	2.434030637611166	0.5607877974846941	214.52378502136224	0.8530145003900828	0.0	0.5607877974846941
795000	-25.87338370200701	-9.269424382301098	-16.603959319705915	0.0	1	1	1	0.7804260412779644	0.8946367028252363	0.7491918086206912	350.99152648967225	0.7804260412779644	0.8946367028252363	0.7491918086206912
796000	-27.99033936974009	-10.115216518596439	-17.875122851143654	0.0	1	1	1	1.9604410533254846	1.1536365728831632	0.2925839367007387	432.08821915493326	1.9604410533254846	1.1536365728831632	0.2925839367007387
797000	-27.975679634358556	-10.001857631156652	-17.973822003201903	0.0	0	1	1	1.1044841894447621	1.0356319252388508	0.5240611315835492	903.3044858024165	0.0	1.0356319252388508	0.5240611315835492
798000	-25.739732562105225	-8.856339036833154	-16.883393525272073	0.0	0	1	1	1.1823740373798455	0.20577830106894154	0.5392797151143703	743.7634770389686	0.0	0.20577830106894154	0.5392797151143703
799000	-28.50923855871531	-8.871747458418533	-19.637491100296778	0.0	1	1	1	1.7085636364406498	1.7248429145163102	2.4969420289019353	243.54091750591792	1.7085636364406498	1.7248429145163102	2.4969420289019353
800000	-25.95025001094107	-9.955816339721682	-15.994433671219385	0.0	1	0	1	0.29324559334655803	1.9032718586229342	1.1093024655553272	140.594331269377	0.29324559334655803	0.0	1.1093024655553272
801000	-24.631371621197893	-12.826824513618222	-11.80454710757967	0.0	1	1	1	0.549009511622613	0.07239271550365285	0.022763533746078438	23.712977479305685	0.549009511622613	0.07239271550365285	0.022763533746078438
802000	-26.797649138288648	-9.102222034210195	-17.69542710407845	0.0	1	0	1	0.9858477262633801	0.40025356091813974	1.6342882605204077	629.4883988976966	0.9858477262633801	0.0	1.6342882605204077
803000	-26.322661794252014	-10.021517000988531	-16.301144793263482	0.0	1	0	1	1.238216707694085	1.7070401106727953	1.2728086039208073	81.37113595466762	1.238216707694085	0.0	1.2728086039208073
804000	-25.04915206174433	-9.131764527519058	-15.917387534225272	0.0	1	1	1	0.5816543397820484	0.40281247070497583	0.6316181347304116	383.6665711992674	0.5816543397820484	0.40281247070497583	0.6316181347304116
805000	-29.439579841844274	-10.536147383225181	-18.903432458619093	0.0	1	1	1	1.4677988319928588	0.8442224322535523	1.0611742489322893	835.3281763969653	1.4677988319928588	0.8442224322535523	1.0611742489322893
806000	-29.405664715500976	-9.340776529297194	-20.06488818620378	0.0	0	1	1	2.28412532306758	1.8586079997712475	2.508938301409391	258.14849087447715	0.0	1.8586079997712475	2.508938301409391
807000	-24.65056618714443	-9.13816069358357	-15.51240549356086	0.0	1	1	1	0.882608049548106	0.1843479843929198	1.3491573764324931	145.72698592312162	0.882608049548106	0.1843479843929198	1.3491573764324931
808000	-25.03648089273879	-8.843964303318298	-16.192516589420492	0.0	0	1	1	0.13187124395514116	0.2880476537892066	1.4505648472192516	502.1888787262229	0.0	0.2880476537892066	1.4505648472192516
809000	-26.154596064577376	-9.80202983302763	-16.352566231549748	0.0	0	1	1	2.0935715860661417	0.08238001177406142	0.5700195410927762	300.33033832866056	0.0	0.08238001177406142	0.5700195410927762
810000	-25.25399238577975	-9.09029079594767	-16.16370158983208	0.0	1	0	1	0.7049555229396526	1.8246468620458711	0.8109828767205471	158.0679170221135	0.7049555229396526	0.0	0.8109828767205471
811000	-23.421215423253997	-8.934386378022232	-14.486829045231763	0.0	1	0	1	0.25720657962532195	0.05301491688922329	0.7053441754154387	270.2880348197952	0.25720657962532195	0.0	0.7053441754154387
812000	-23.970788294874783	-9.858098439051236	-14.112689855823547	0.0	1	1	1	0.7203512472708271	0.17685994108020364	0.7448877236292974	82.95070877264041	0.7203512472708271	0.17685994108020364	0.7448877236292974
813000	-25.997113095402366	-9.85049235980583	-16.146620735596535	0.0	1	1	1	0.8302001026696456	0.30094588951688256	0.353256580706726	493.3627606656086	0.8302001026696456	0.30094588951688256	0.353256580706726
814000	-24.56661438515532	-8.822076395164334	-15.744537989990983	0.0	0	1	1	0.6216294767362532	0.23255583116437	0.7840765946984632	433.4605224327722	0.0	0.23255583116437	0.7840765946984632
815000	-23.716036440879197	-9.268520563443248	-14.447515877435949	0.0	1	1	1	0.7297386222796182	0.4247952193667011	0.3941639430137232	122.41299992420699	0.7297386222796182	0.4247952193667011	0.3941639430137232
816000	-25.450582454245552	-8.839641495248944	-16.610940958996608	0.0	1	0	1	1.3186119711943851	0.5863902000463616	1.388574302667538	239.05613673674958	1.3186119711943851	0.0	1.388574302667538
817000	-23.30846882218176	-9.614873915159766	-13.693594907021991	0.0	1	1	1	0.20913682583322066	0.2498644067261848	0.016296050870964064	161.99678573526185	0.20913682583322066	0.2498644067261848	0.016296050870964064
818000	-25.54325712409502	-9.53436104734928	-16.00889607674574	0.0	1	1	1	2.3371933615209617	0.4334337246750451	0.25964213372473866	131.4054723603519	2.3371933615209617	0.4334337246750451	0.25964213372473866
819000	-28.15664561208463	-9.204869059339078	-18.951776552745553	0.0	1	1	1	2.4996031202564115	1.0678494834851255	1.3071764663480991	325.0722240621269	2.4996031202564115	1.0678494834851255	1.3071764663480991
820000	-27.708664365007756	-11.257339199889435	-16.45132516511832	0.0	1	1	1	0.9324529341216137	1.178317163496157	2.328930568233792	53.93939210209429	0.9324529341216137	1.178317163496157	2.328930568233792
821000	-27.045161963163007	-11.893949474233272	-15.151212488929735	0.0	1	1	1	0.5750803509747286	0.9920601559963574	1.7698956141330768	44.67820197559003	0.5750803509747286	0.9920601559963574	1.7698956141330768
822000	-28.827958895447537	-9.324011236602761	-19.503947658844776	0.0	0	1	1	1.2156584346158588	1.4661442615193094	1.8968969573397962	730.7221315232246	0.0	1.4661442615193094	1.8968969573397962
823000	-26.172435814648047	-9.621402034715507	-16.551033779932542	0.0	1	1	1	0.028747327458463187	1.177794395179635	1.8486879928139948	204.8817233778553	0.028747327458463187	1.177794395179635	1.8486879928139948
824000	-25.44083537573838	-8.791677971567518	-16.649157404170865	0.0	1	1	1	1.230762997509071	0.04614649535951329	1.657407542725488	245.05347451529514	1.230762997509071	0.04614649535951329	1.657407542725488
825000	-24.050571669495618	-9.0873455638775	-14.96322610561812	0.0	0	1	1	0.7685774457844906	0.05155029550244622	0.2345889714057705	376.4823791332246	0.0	0.05155029550244622	0.2345889714057705
826000	-27.833929456774428	-9.45030415895121	-18.38362529782322	0.0	0	1	1	2.5309589056261865	0.6677235234591743	0.5488566003662964	614.5424684881446	0.0	0.6677235234591743	0.5488566003662964
827000	-28.73216007640935	-9.566351251844871	-19.16580882456448	0.0	1	0	1	5.016654433143125	0.031577455578262616	1.111086890677529	184.88564471618622	5.016654433143125	0.0	1.111086890677529
828000	-24.09960982056284	-12.461056426401584	-11.638553394161258	0.0	1	1	0	0.27519194314071205	0.11050015950344128	0.45487032333310484	23.813696350427243	0.27519194314071205	0.11050015950344128	0.0
829000	-26.483465347421493	-9.866956809701938	-16.616508537719557	0.0	1	1	1	3.124361778401935	0.22487739493727263	0.5981183345970882	99.52551182172652	3.124361778401935	0.22487739493727263	0.5981183345970882
830000	-29.300397400044943	-10.168622668759681	-19.13177473128526	0.0	1	1	1	0.6145189064301174	1.2328700314980494	4.366180279544958	124.54568328917739	0.6145189064301174	1.2328700314980494	4.366180279544958
831000	-26.906620300933056	-9.158821370027619	-17.747798930905436	0.0	1	1	1	0.9584773017140157	0.2781169072357333	1.6231114555607336	571.8148722127585	0.9584773017140157	0.2781169072357333	1.6231114555607336
832000	-28.86485499531196	-13.754829253977183	-15.110025741334775	0.0	1	1	1	3.772379965181513	0.3251120713682552	0.12028169587125193	18.23079873639652	3.772379965181513	0.3251120713682552	0.12028169587125193
833000	-24.09580395010176	-10.05597811848392	-14.03982583161784	0.0	1	0	1	1.2069357006994321	0.25778404990589854	0.2667014997939716	100.06853132290809	1.2069357006994321	0.0	0.2667014997939716
834000	-26.064667347912163	-9.581503792192263	-16.4831635557199	0.0	1	1	1	2.0509477095454547	0.5786189829985603	0.12114639592032891	248.54206241848834	2.0509477095454547	0.5786189829985603	0.12114639592032891
835000	-23.634417810173858	-10.377447467658774	-13.256970342515082	0.0	1	1	1	0.23897593725241995	0.07694961742997643	0.5359132080658665	78.07010184251203	0.23897593725241995	0.07694961742997643	0.5359132080658665
836000	-27.050506681427798	-10.063694840727743	-16.986811840700057	0.0	0	1	1	0.2509883047722756	0.7554315034822947	0.4679064333473659	1002.2781506712678	0.0	0.7554315034822947	0.4679064333473659
837000	-25.164325174757835	-10.23463778155185	-14.929687393205986	0.0	1	0	1	0.9396994329058391	0.4201528399291728	0.08620036711387959	272.9325697904094	0.9396994329058391	0.0	0.08620036711387959
838000	-31.284932411955882	-10.278181143283735	-21.006751268672147	0.0	1	1	1	0.44574764764584957	3.9205149745877277	1.0861416095668817	846.3468187743789	0.44574764764584957	3.9205149745877277	1.0861416095668817
839000	-24.23342675237073	-9.180248095604913	-15.053178656765816	0.0	0	1	1	0.8740056855299955	0.23526440791713493	0.2854565660840165	312.5013085859018	0.0	0.23526440791713493	0.2854565660840165
840000	-27.497296713965497	-9.647459516726636	-17.84983719723886	0.0	0	1	1	3.9549458525128265	0.26379376284277717	0.48044293408928684	208.5809792004796	0.0	0.26379376284277717	0.48044293408928684
841000	-29.24324667912054	-9.112487848932508	-20.13075883018803	0.0	1	1	1	1.098622731118073	0.9208516695175271	3.11903301542051	610.528630162052	1.098622731118073	0.9208516695175271	3.11903301542051
842000	-27.1990742779163	-9.81051922335459	-17.38855505456171	0.0	1	1	0	2.399426659796819	2.433500378201253	0.1423063171807517	110.04515628409919	2.399426659796819	2.433500378201253	0.0
843000	-23.18123801709336	-8.875500721770742	-14.305737295322619	0.0	1	0	1	0.4538962862273504	0.17583855864060788	0.5057762738343365	211.98421822428543	0.4538962862273504	0.0	0.5057762738343365
844000	-24.738193529671673	-9.260351204931633	-15.47784232474004	0.0	0	1	1	1.3495367061945283	0.1271433475418294	0.11375734338188463	370.7380457157113	0.0	0.1271433475418294	0.11375734338188463
845000	-24.32237320466936	-8.86336500248866	-15.4590082021807	0.0	1	0	1	0.3525780490211349	1.3645792561218852	0.5136004235109378	222.34369533948276	0.3525780490211349	0.0	0.5136004235109378
846000	-25.390829047113677	-9.768829426134342	-15.621999620979336	0.0	1	1	1	0.6000873318123302	1.1351111361547674	0.16447190157429115	246.5322019480274	0.6000873318123302	1.1351111361547674	0.16447190157429115
847000	-24.922615759292334	-10.377183749897334	-14.545432009395002	0.0	1	1	1	0.1899471662631367	0.7085099616458495	0.044213417948287	223.7647704207703	0.1899471662631367	0.7085099616458495	0.044213417948287
848000	-28.148706875772454	-10.044473069114117	-18.104233806658335	0.0	1	1	1	2.45904711237617	1.5575359517486063	1.7536858904128123	73.06703271827644	2.45904711237617	1.5575359517486063	1.7536858904128123
849000	-27.939329215675745	-9.462171968682586	-18.47715724699316	0.0	1	1	1	1.1751820223680647	1.933498488249403	1.1367221217562935	364.7178305436193	1.1751820223680647	1.933498488249403	1.1367221217562935
850000	-24.085851102804227	-10.507767513772798	-13.578083589031428	0.0	1	0	1	0.9680832014292434	0.434845802388797	0.24896532828832493	70.31864658553435	0.9680832014292434	0.0	0.24896532828832493
851000	-24.04629736753727	-9.161502594775937	-14.884794772761332	0.0	1	1	1	1.052596489149544	0.293674785135714	0.25857573749021573	170.7975255408423	1.052596489149544	0.293674785135714	0.25857573749021573
852000	-24.4865369175019	-12.801577381577285	-11.684959535924616	0.0	1	0	1	0.19784091792567976	0.5114600136883306	0.176553376630012	23.83965294365201	0.19784091792567976	0.0	0.176553376630012
853000	-29.545531618703322	-11.22415368119104	-18.32137793751228	0.0	1	0	1	4.627468317618872	1.2774848643218544	0.30206128581094377	83.75916593924482	4.627468317618872	0.0	0.30206128581094377
854000	-23.65196089011516	-9.072269456456153	-14.579691433659006	0.0	1	0	1	0.21451942983549308	0.5052448995911037	0.13510461492472903	328.6221491935501	0.21451942983549308	0.0	0.13510461492472903
855000	-26.93379788285344	-10.53608152432033	-16.39771635853311	0.0	1	1	1	0.015397645235635866	2.082982725851352	0.7237011773418444	218.84545583969756	0.015397645235635866	2.082982725851352	0.7237011773418444
856000	-25.24203780762832	-9.807329065699614	-15.434708741928707	0.0	1	1	1	0.036966135384662195	0.9684005932918854	1.044988234631475	186.6320367399524	0.036966135384662195	0.9684005932918854	1.044988234631475
857000	-26.846400322075603	-9.430180522751028	-17.416219799324573	0.0	0	1	1	0.1847173077476114	0.24645579567124604	0.7953039234250274	1368.4462858028282	0.0	0.24645579567124604	0.7953039234250274
858000	-27.38569825895045	-11.91939488493224	-15.466303374018208	0.0	1	0	1	0.622709432589717	2.630845329876647	0.9478503266315647	37.4853519698741	0.622709432589717	0.0	0.9478503266315647
859000	-23.280749457040162	-9.115857647652726	-14.164891809387436	0.0	1	0	1	0.4245227594702738	0.616963234345855	0.3373426364053812	153.0755938104818	0.4245227594702738	0.0	0.3373426364053812
860000	-27.94643478340094	-10.47638081495982	-17.47005396844112	0.0	1	1	1	1.3446566346970394	3.2340414544179463	0.2920230631917268	93.38003276789823	1.3446566346970394	3.2340414544179463	0.2920230631917268
861000	-25.629477171589166	-12.337127092062492	-13.292350079526676	0.0	1	1	1	1.2192049155176574	0.30457657988165726	0.5450660313067301	25.22150058600113	1.2192049155176574	0.30457657988165726	0.5450660313067301
862000	-25.859112227519056	-10.276906140134512	-15.582206087384543	0.0	1	0	1	1.8638252633834804	1.064425216811792	0.26090951406600454	108.04980124306493	1.8638252633834804	0.0	0.26090951406600454
863000	-24.630709645206796	-9.289205045261989	-15.341504599944807	0.0	1	1	1	1.5514400829689121	0.04033456607525774	0.5467009802850625	159.87833617981408	1.5514400829689121	0.04033456607525774	0.5467009802850625
864000	-23.774852379609715	-10.287912840357441	-13.486939539252274	0.0	1	1	1	0.7736885587790909	0.31060406795710105	0.25514755752336615	61.341834314225814	0.7736885587790909	0.31060406795710105	0.25514755752336615
865000	-23.623206117301216	-9.472616154431332	-14.150589962869882	0.0	1	0	1	0.05848540097873789	0.2523739062237841	0.3358233189440399	277.30996047256355	0.05848540097873789	0.0	0.3358233189440399
866000	-25.29537989510226	-8.836138143875534	-16.459241751226728	0.0	1	1	1	0.18376815962085497	0.5662358852298202	1.167997769126072	454.452879109903	0.18376815962085497	0.5662358852298202	1.167997769126072
867000	-31.673477482256757	-9.615647609492115	-22.057829872764643	0.0	1	1	1	1.6426598751568342	1.6789989972675643	5.7469892972751415	132.63750694501508	1.6426598751568342	1.6789989972675643	5.7469892972751415
868000	-24.56638304705719	-8.759210184354423	-15.807172862702767	0.0	1	0	1	0.18593037716009092	0.33898597930433105	0.6245058947030852	622.827940117428	0.18593037716009092	0.0	0.6245058947030852
869000	-23.478238824541837	-8.739349126049076	-14.73888969849276	0.0	1	1	1	0.18846867292283595	0.16896981989211876	0.4941827952803272	280.94296487217053	0.18846867292283595	0.16896981989211876	0.4941827952803272
870000	-29.263243437175372	-10.073300175221469	-19.189943261953903	0.0	1	0	1	1.5304271393064544	0.7129841192172043	1.4479409557872371	995.3315675392099	1.5304271393064544	0.0	1.4479409557872371
871000	-27.11278546679459	-9.689412815383298	-17.423372651411295	0.0	1	0	1	1.946138385364853	0.36696035644463126	0.733620832533593	520.6820291829299	1.946138385364853	0.0	0.733620832533593
872000	-25.643242949559827	-10.384589229738928	-15.258653719820897	0.0	1	0	1	0.7187872976781347	1.4147289764349635	1.1386350788120365	74.39093723909428	0.7187872976781347	0.0	1.1386350788120365
873000	-28.43486184916311	-8.981081615618997	-19.453780233544112	0.0	0	1	1	1.9575391329999532	1.435439186002057	1.980016421191258	425.79494050251003	0.0	1.435439186002057	1.980016421191258
874000	-25.877645818693487	-9.04956776880113	-16.82807804989236	0.0	1	0	1	0.06430464669798508	0.9370144213137899	0.7572027485166236	793.1425853095596	0.06430464669798508	0.0	0.7572027485166236
875000	-25.437232487320635	-9.924181306016042	-15.513051181304592	0.0	1	1	1	0.38342947677676903	1.3980908198789	0.3441711778511094	187.10570981705916	0.38342947677676903	1.3980908198789	0.3441711778511094
876000	-23.821978415567735	-8.765460078530074	-15.056518337037662	0.0	1	0	1	0.25741753690328334	0.2701300341956596	0.6198744660713441	376.6430459393417	0.25741753690328334	0.0	0.6198744660713441
877000	-26.18287759300052	-9.986097178693333	-16.196780414307188	0.0	1	1	1	0.3863351226337208	1.8201002268296016	0.8692951504135525	148.9086041205095	0.3863351226337208	1.8201002268296016	0.8692951504135525
878000	-24.445403085359416	-10.6112581295566	-13.834144955802817	0.0	1	1	0	0.5737820440307484	0.616312360027553	0.8694449891349815	60.985956080354406	0.5737820440307484	0.616312360027553	0.0
879000	-24.70663882761385	-9.059568148861771	-15.647070678752078	0.0	1	1	1	1.0581142741800478	0.3668857815492984	1.1428720940179857	143.5650630931477	1.0581142741800478	0.3668857815492984	1.1428720940179857
880000	-24.16776473244656	-9.869469235187493	-14.298295497259067	0.0	1	1	0	0.9733811232412435	0.8833544314823839	0.1507939370597759	98.47423359984279	0.9733811232412435	0.8833544314823839	0.0
881000	-23.936768897086097	-8.958807840730996	-14.977961056355102	0.0	1	0	1	0.2820608339151087	0.17255276536561648	0.363314517893542	449.94036400924114	0.2820608339151087	0.0	0.363314517893542
882000	-23.238345128970643	-10.508562779011424	-12.729782349959219	0.0	1	1	0	0.45324561333968333	0.053338814295104404	0.07769044430387126	86.2005822303649	0.45324561333968333	0.053338814295104404	0.0
883000	-25.777863887903152	-9.944552650277679	-15.833311237625475	0.0	1	1	1	0.21993890324403023	1.533523052095804	0.7421992270909032	179.40149242701156	0.21993890324403023	1.533523052095804	0.7421992270909032
884000	-24.556727521948353	-11.656956355766626	-12.899771166181727	0.0	1	1	0	0.1386465578927653	0.6453783479947068	0.06386981967982101	79.05214973977665	0.1386465578927653	0.6453783479947068	0.0
885000	-25.590612188280033	-9.505482721689036	-16.085129466591	0.0	1	1	1	0.3624891472374258	0.2590710821592815	2.0739189366730484	187.46734017984224	0.3624891472374258	0.2590710821592815	2.0739189366730484
886000	-25.085121338274554	-9.78520739893967	-15.299913939334886	0.0	0	1	1	0.4320917032450644	0.9008382305530251	0.7875905221947619	213.5939828948049	0.0	0.9008382305530251	0.7875905221947619
887000	-28.252033385914206	-8.997410367057324	-19.254623018856883	0.0	1	1	1	3.2869169839330485	0.7795722361997455	1.4951401445706844	240.7803814022593	3.2869169839330485	0.7795722361997455	1.4951401445706844
888000	-22.848113609127225	-9.716640369678375	-13.13147323944885	0.0	1	1	0	0.21799638691555154	0.05149064273984761	0.18343419447344575	139.3577868834857	0.21799638691555154	0.05149064273984761	0.0
889000	-25.00653335639796	-9.976281867088243	-15.030251489309718	0.0	1	1	0	0.45187034425154476	0.8098242737504286	0.9882038382321491	152.3185188963701	0.45187034425154476	0.8098242737504286	0.0
890000	-24.204961002669712	-10.197863875448688	-14.007097127221025	0.0	1	1	1	0.6280507585755218	0.20932431730599152	0.8408426522197888	72.72119730161296	0.6280507585755218	0.20932431730599152	0.8408426522197888
891000	-25.666685478296973	-9.32075316131473	-16.345932316982243	0.0	1	1	1	1.5369774929920186	1.2108969237668492	0.2918566663623505	174.6675790153504	1.5369774929920186	1.2108969237668492	0.2918566663623505
892000	-24.929558363474015	-10.663438558822396	-14.266119804651622	0.0	0	1	1	0.4693852952607002	0.6300072571335701	0.32852228450304743	160.14082103529003	0.0	0.6300072571335701	0.32852228450304743
893000	-25.88184015059156	-9.597615986520896	-16.284224164070665	0.0	1	0	1	1.8324196082462558	1.3121686645076258	0.5576616354433663	127.96699653088	1.8324196082462558	0.0	0.5576616354433663
894000	-30.299311256656182	-12.103155774542843	-18.196155482113337	0.0	0	1	1	4.1688817999628025	1.2640388845433421	0.4471579805037405	100.76929674080819	0.0	1.2640388845433421	0.4471579805037405
895000	-29.47633124818483	-9.036587570659709	-20.439743677525122	0.0	1	1	1	2.9366871080677255	0.2324198003743338	4.045740273199486	162.91979695739658	2.9366871080677255	0.2324198003743338	4.045740273199486
896000	-25.918760882927998	-9.679099859423532	-16.239661023504468	0.0	1	1	1	2.515151227562315	0.6495034836414305	0.4569426531347073	94.99381076929734	2.515151227562315	0.6495034836414305	0.4569426531347073
897000	-27.355269175191935	-10.89438932443625	-16.460879850755685	0.0	0	1	1	0.37282942475758174	1.067602702337621	0.12277088435655881	719.1283646004032	0.0	1.067602702337621	0.12277088435655881
898000	-25.159082492412985	-8.86502865767683	-16.294053834736157	0.0	1	0	1	0.25884113920334084	2.2130380755059726	0.4880118500292593	242.31750555469839	0.25884113920334084	0.0	0.4880118500292593
899000	-25.433286939454547	-9.318367384988	-16.114919554466546	0.0	1	1	1	2.1694776296492835	0.09905146720325164	0.6983898402464309	152.44058145884725	2.1694776296492835	0.09905146720325164	0.6983898402464309
900000	-24.06552096560774	-9.823989915989214	-14.241531049618525	0.0	1	1	1	0.1286338953033034	0.27774523599923523	0.78587291288379	139.84843256640107	0.1286338953033034	0.27774523599923523	0.78587291288379
901000	-26.148800473744714	-9.348550243070344	-16.800250230674372	0.0	1	0	1	0.7926385481255181	1.6848621412570761	1.5711163136249318	148.559826381897	0.7926385481255181	0.0	1.5711163136249318
902000	-26.869728959081165	-9.525028677351669	-17.344700281729494	0.0	0	1	1	2.018395753778058	0.8116554090469273	0.5001217330386832	406.31620076984376	0.0	0.8116554090469273	0.5001217330386832
903000	-26.62699469686831	-8.761562616836276	-17.865432080032033	0.0	1	0	1	0.34834002205161235	2.5303732903158496	0.9326081747846284	417.8755278673328	0.34834002205161235	0.0	0.9326081747846284
904000	-23.232958613566723	-10.666180168140572	-12.566778445426149	0.0	1	1	0	0.49330675020785797	0.34575421753414065	0.07563800978702144	54.308410056081705	0.49330675020785797	0.34575421753414065	0.0
905000	-27.838153462008147	-10.936791572715613	-16.901361889292534	0.0	1	1	0	0.8708407243975809	0.7742774687791062	0.3865356748758443	707.4774002978451	0.8708407243975809	0.7742774687791062	0.0
906000	-25.123748263395676	-8.663357819172456	-16.460390444223222	0.0	0	1	1	0.20311204958323778	0.22927236132981368	1.0565519910346621	750.3921118236594	0.0	0.22927236132981368	1.0565519910346621
907000	-25.8668894092321	-9.224801242884412	-16.64208816634769	0.0	1	1	1	0.012403462708380697	1.2083911117283768	1.1127680654795225	385.67459755736894	0.012403462708380697	1.2083911117283768	1.1127680654795225
908000	-23.541118712621138	-8.842888182297912	-14.698230530323226	0.0	0	1	1	0.5830130150395585	0.032969754431097405	0.07995021167833057	402.79114635059364	0.0	0.032969754431097405	0.07995021167833057
909000	-24.58369998853366	-9.34532899171516	-15.238370996818501	0.0	1	1	1	1.2755957488476484	0.0440901440223941	1.0444808408487711	119.7523027081618	1.2755957488476484	0.0440901440223941	1.0444808408487711
910000	-27.624534903043866	-9.462256728271987	-18.162278174771878	0.0	1	1	1	3.5532273858839476	1.111552830944156	0.7014072892486611	111.64750082358943	3.5532273858839476	1.111552830944156	0.7014072892486611
911000	-26.625448635016745	-9.801150606212891	-16.824298028803856	0.0	1	0	1	0.4210868811981188	0.7908912493670227	0.4322422932673386	842.8906121350409	0.4210868811981188	0.0	0.4322422932673386
912000	-32.74939132530047	-9.158935376885564	-23.590455948414906	0.0	1	1	1	2.714096901418931	2.8575775005020345	4.856379907022229	154.35752003813238	2.714096901418931	2.8575775005020345	4.856379907022229
913000	-26.83500184857644	-9.95163413708605	-16.88336771149039	0.0	1	1	0	2.2068929642935458	0.8003965375159082	1.7182015723972566	87.18826943060175	2.2068929642935458	0.8003965375159082	0.0
914000	-26.4363133352022	-9.211691625812216	-17.224621709389982	0.0	1	1	1	0.15134730300363963	1.5596005834740536	1.58030866013186	291.203822571076	0.15134730300363963	1.5596005834740536	1.58030866013186
915000	-25.47254428737508	-9.568790846727778	-15.903753440647302	0.0	0	1	1	0.09838122465203224	1.3156972060634422	0.9533429906653746	284.4252769680724	0.0	1.3156972060634422	0.9533429906653746
916000	-28.957962887792384	-10.890835610031983	-18.067127277760402	0.0	1	1	0	0.503118830606187	1.9612732446625243	0.8680931006773048	652.786534772029	0.503118830606187	1.9612732446625243	0.0
917000	-29.34833972833897	-8.910395881329999	-20.43794384700897	0.0	1	1	1	1.5506688366840808	2.162985680276782	3.0234428412341003	242.30939254875221	1.5506688366840808	2.162985680276782	3.0234428412341003
918000	-27.047979452627324	-9.536749675640477	-17.511229776986845	0.0	1	1	1	1.8527290836964747	2.1982079890891106	0.4085176195090287	140.15524116617107	1.8527290836964747	2.1982079890891106	0.4085176195090287
919000	-22.85689478173833	-9.96093621476222	-12.895958566976109	0.0	1	1	0	0.25615166863830807	0.16133133591077597	0.3579983166170788	84.23334397208926	0.25615166863830807	0.16133133591077597	0.0
920000	-32.0115995653668	-10.08252643944755	-21.92907312591925	0.0	1	1	1	0.6096154196493871	0.6537150659122412	3.6331762418089224	1654.7566497546018	0.6096154196493871	0.6537150659122412	3.6331762418089224
921000	-24.88863205130623	-8.92206079238526	-15.96657125892097	0.0	0	1	1	0.18565609523916926	0.3380678817907437	1.3935939301735398	416.44472502350646	0.0	0.3380678817907437	1.3935939301735398
922000	-25.034047495945295	-12.00602167185137	-13.028025824093925	0.0	1	1	1	0.2458156896208163	0.2939010328081049	0.7415404477249912	41.880126977144116	0.2458156896208163	0.2939010328081049	0.7415404477249912
923000	-24.565144572633287	-9.467975953201282	-15.097168619432006	0.0	1	1	1	0.5153910835216282	0.7713918970007111	0.20676593325656656	223.92187293428103	0.5153910835216282	0.7713918970007111	0.20676593325656656
924000	-26.97312358008093	-10.531468008374334	-16.441655571706598	0.0	1	1	0	0.5167089554393279	1.0421369304078634	0.952404617665553	382.51010676757664	0.5167089554393279	1.0421369304078634	0.0
925000	-22.681067508762315	-10.035972238740154	-12.64509527002216	0.0	1	1	0	0.1881287871206032	0.09103853284121474	0.31408540969279936	79.04966391536783	0.1881287871206032	0.09103853284121474	0.0
926000	-27.174349167365605	-10.73531020047653	-16.439038966889076	0.0	1	1	0	2.9634188184657924	0.14027636655056214	0.1405157341281131	216.32700826539735	2.9634188184657924	0.14027636655056214	0.0
927000	-26.94384630627973	-10.288315480852459	-16.65553082542727	0.0	1	0	1	0.6366453054168859	0.049301149208096424	0.3431763025507883	1060.1355362824518	0.6366453054168859	0.0	0.3431763025507883
928000	-23.738885266226305	-9.580120394325172	-14.158764871901134	0.0	1	0	1	0.8285469738606154	0.34959958349387554	0.2065976999004342	151.48274192341538	0.8285469738606154	0.0	0.2065976999004342
929000	-25.48294971157776	-9.277475736613903	-16.20547397496386	0.0	1	1	1	0.2933052200376365	0.06883465832220739	1.8848476184938316	296.9166269575668	0.2933052200376365	0.06883465832220739	1.8848476184938316
930000	-27.274119699825253	-9.107144571354599	-18.166975128470654	0.0	1	0	1	1.5045428576145774	0.2993502113349952	3.310804301837096	192.15372258096372	1.5045428576145774	0.0	3.310804301837096
931000	-27.922850626983607	-9.572506525528055	-18.35034410145555	0.0	1	0	1	1.4857596097944117	2.845775465177102	1.6338610500353374	107.26201653775755	1.4857596097944117	0.0	1.6338610500353374
932000	-28.01589815671764	-9.999644233388514	-18.016253923329128	0.0	1	1	1	0.08843106701524521	0.19315734611781255	3.4456680361903356	380.2630821807214	0.08843106701524521	0.19315734611781255	3.4456680361903356
933000	-29.172519216633898	-8.87122394966903	-20.301295266964868	0.0	1	1	1	0.020217056516740887	1.4101642165011272	3.5803149205565714	730.1417281500013	0.020217056516740887	1.4101642165011272	3.5803149205565714
934000	-27.511278871140657	-9.742133037077114	-17.769145834063544	0.0	1	0	1	3.1082396884575023	0.10393354741963579	0.6569731664542253	374.1583545349118	3.1082396884575023	0.0	0.6569731664542253
935000	-26.29010482507631	-9.046604880831044	-17.243499944245265	0.0	1	0	1	0.3223118926730469	3.5818158212006312	0.17392302509228186	211.14936349174647	0.3223118926730469	0.0	0.17392302509228186
936000	-23.11061254540078	-8.819716679498539	-14.290895865902241	0.0	1	1	1	0.37560055886272287	0.07579267076939213	0.3192144881625129	209.08380592597757	0.37560055886272287	0.07579267076939213	0.3192144881625129
937000	-23.96638931248375	-8.863443718819864	-15.102945593663886	0.0	1	0	1	0.7961821575975895	0.2737957285498127	0.7981002943908688	223.55097002924208	0.7961821575975895	0.0	0.7981002943908688
938000	-26.935714437930567	-10.095083735684135	-16.840630702246433	0.0	1	0	1	1.4175777893758743	0.25358144370912217	0.2463538288762157	729.8224776618007	1.4175777893758743	0.0	0.2463538288762157
939000	-26.06442896272193	-9.772479928490181	-16.29194903423175	0.0	1	1	1	1.8194157069558	0.3377320030090777	1.6262285974169488	85.91030644999141	1.8194157069558	0.3377320030090777	1.6262285974169488
940000	-25.81279428085997	-8.888667639423582	-16.924126641436384	0.0	1	0	1	1.2945719667578375	0.314270944352248	1.4494898225421702	364.92235280619786	1.2945719667578375	0.0	1.4494898225421702
941000	-27.932410782545215	-9.323963514012839	-18.608447268532377	0.0	1	1	1	3.027664523079837	1.0323671631748745	1.751949520706026	111.68524281455372	3.027664523079837	1.0323671631748745	1.751949520706026
942000	-26.203558014009495	-9.814559115521565	-16.38899889848793	0.0	0	1	1	0.09721588820545375	1.0600805511764895	0.501736948983311	650.9399269616762	0.0	1.0600805511764895	0.501736948983311
943000	-27.729964098625715	-10.187941925476986	-17.542022173148727	0.0	1	1	0	0.7221806032854213	0.22421542515635914	2.6145546233831767	396.7249370565262	0.7221806032854213	0.22421542515635914	0.0
944000	-25.689670926575737	-9.893700919079578	-15.795970007496159	0.0	1	1	0	1.321402885264954	1.1609340413966203	1.0600456617160012	95.18928307713414	1.321402885264954	1.1609340413966203	0.0
945000	-23.578770565730817	-9.706049386929857	-13.87272117880096	0.0	1	1	1	0.8604760293074191	0.040030168551844034	0.28509238470042436	101.16588105547268	0.8604760293074191	0.040030168551844034	0.28509238470042436
946000	-25.329273428856514	-8.86417245801924	-16.465100970837273	0.0	1	1	1	0.8611803936367655	0.10889836520353685	1.1476388049035195	396.6074451859472	0.8611803936367655	0.10889836520353685	1.1476388049035195
947000	-28.461210791524046	-9.582513915092958	-18.87869687643109	0.0	1	0	1	0.5712994531213295	0.9414856900229229	3.8067786897407676	289.51331502816276	0.5712994531213295	0.0	3.8067786897407676
948000	-24.248535285126877	-9.64311843610547	-14.605416849021408	0.0	1	1	0	0.23886818082785752	0.18251657636832774	0.9860474701816375	216.88947533589106	0.23886818082785752	0.18251657636832774	0.0
949000	-24.99493124119907	-8.74871705136768	-16.246214189831388	0.0	1	1	1	0.1522519676672495	0.39459324897378584	1.0903382935625048	475.9891320506089	0.1522519676672495	0.39459324897378584	1.0903382935625048
950000	-23.885550571262307	-8.841493126238584	-15.044057445023721	0.0	1	0	1	0.31305519785710495	1.0311178384926971	0.4296997654851707	230.08549523183922	0.31305519785710495	0.0	0.4296997654851707
951000	-25.215670793116562	-10.124312656584932	-15.09135813653163	0.0	1	0	1	0.8327598497655077	0.970692003001017	1.190323532372508	82.47030155818696	0.8327598497655077	0.0	1.190323532372508
952000	-27.189923626792826	-9.93688974114604	-17.253033885646786	0.0	0	1	1	1.6891762069281813	0.24424012487301913	0.12919730406402394	847.6308416111506	0.0	0.24424012487301913	0.12919730406402394
953000	-28.370125626664446	-9.431758244983053	-18.938367381681392	0.0	1	1	1	3.323791666871359	1.7494828966349247	0.28880004116423624	218.96371795362342	3.323791666871359	1.7494828966349247	0.28880004116423624
954000	-28.205726615633623	-10.298616712980357	-17.907109902653268	0.0	1	1	1	0.2724915159516926	1.5849641860704289	0.5442641088631587	824.0550602691998	0.2724915159516926	1.5849641860704289	0.5442641088631587
955000	-24.98363551294748	-9.721282967899432	-15.26235254504805	0.0	1	1	1	0.5386716303786013	1.1310422185675937	0.1969184614346801	188.42848544051446	0.5386716303786013	1.1310422185675937	0.1969184614346801
956000	-25.697523649916256	-9.663863486965214	-16.033660162951044	0.0	1	0	1	0.9066998276067687	0.23400696840543384	0.4227038434450049	553.3992501602705	0.9066998276067687	0.0	0.4227038434450049
957000	-24.96701726651878	-10.845872780842534	-14.121144485676249	0.0	1	1	0	1.2869886927550236	0.24641483050429827	0.8903426945364782	56.69329706187726	1.2869886927550236	0.24641483050429827	0.0
958000	-28.025561201986836	-9.467472206922334	-18.5580889950645	0.0	0	1	1	4.808244864464537	0.1928666787942382	0.2401635910241102	238.94983582041172	0.0	0.1928666787942382	0.2401635910241102
959000	-24.866937877041586	-9.344211745100976	-15.52272613194061	0.0	1	0	1	0.8269285680946138	0.31612380253243466	0.3965212677497736	397.31675432893184	0.8269285680946138	0.0	0.3965212677497736
960000	-27.97868962236003	-9.88940046780114	-18.089289154558887	0.0	1	0	1	0.8866592416131027	0.5279844912589086	1.1606904454875329	1003.0141775013593	0.8866592416131027	0.0	1.1606904454875329
961000	-25.757590406277107	-10.75369814299224	-15.003892263284866	0.0	1	1	0	1.2495492527632928	1.7245071955568163	0.25021527015433903	61.27513561756557	1.2495492527632928	1.7245071955568163	0.0
962000	-23.879667752899707	-9.928693517629524	-13.95097423527018	0.0	1	1	1	1.0615744157306461	0.30872870651765244	0.14354156417812572	80.42163832250505	1.0615744157306461	0.30872870651765244	0.14354156417812572
963000	-26.04870016079248	-10.17241166349334	-15.876288497299141	0.0	1	1	0	0.2769331418845379	0.29909763680221346	1.5578821198240442	332.9886528037637	0.2769331418845379	0.29909763680221346	0.0
964000	-27.047111821972347	-8.675877653567227	-18.37123416840512	0.0	0	1	1	0.45553920849638996	0.131193221996848	1.262375943110527	1566.0705514919048	0.0	0.131193221996848	1.262375943110527
965000	-25.62378622506082	-9.290165896467242	-16.33362032859358	0.0	1	0	1	1.2414187535111778	1.7703621679919408	0.6431098681759079	139.37952081323732	1.2414187535111778	0.0	0.6431098681759079
966000	-26.17968223842019	-10.00283161724898	-16.176850621171212	0.0	1	1	1	2.536322938144868	0.3238260052290369	0.9475257509206858	75.50389860742328	2.536322938144868	0.3238260052290369	0.9475257509206858
967000	-26.07777617477973	-9.070712219102678	-17.00706395567705	0.0	1	1	1	0.2548774036122458	0.32668230467919673	2.401372655713386	312.2522209067294	0.2548774036122458	0.32668230467919673	2.401372655713386
968000	-23.68716133437222	-9.099228002852916	-14.587933331519304	0.0	1	0	1	0.4372901638767916	0.2421099783894836	0.8916612109647234	186.5129837668303	0.4372901638767916	0.0	0.8916612109647234
969000	-25.437483490965285	-8.848233150103178	-16.589250340862105	0.0	1	1	1	1.555988309840165	0.39280233534623427	1.1268443336849343	207.93157781870457	1.555988309840165	0.39280233534623427	1.1268443336849343
970000	-36.23582998789076	-10.984622757171175	-25.251207230719583	0.0	1	1	0	1.4036406871935947	2.5558897688196116	1.3548650112491192	4035.2134566851455	1.4036406871935947	2.5558897688196116	0.0
971000	-24.68411315578166	-8.748171847293483	-15.935941308488177	0.0	1	1	1	0.7753590970951121	0.08929540216731466	1.2866953461039647	259.1046686496851	0.7753590970951121	0.08929540216731466	1.2866953461039647
972000	-25.75347798033223	-9.54145340335182	-16.21202457698041	0.0	1	0	1	0.13042586465302772	0.259688814966816	0.26493490446583684	1024.6824507977863	0.13042586465302772	0.0	0.26493490446583684
973000	-25.368108701573057	-9.03064822834274	-16.337460473230315	0.0	0	1	1	1.0383710772466574	0.07144360843717344	0.1570090104950949	793.6208782938833	0.0	0.07144360843717344	0.1570090104950949
974000	-24.053966880561184	-8.967603003122646	-15.086363877438536	0.0	0	1	1	0.2660949578078792	0.2459051064130856	0.3493225617861271	470.4399526860382	0.0	0.2459051064130856	0.3493225617861271
975000	-27.24997617144865	-11.396415224810456	-15.853560946638193	0.0	1	1	1	0.02659662078674157	1.9958202849529416	0.370580542368232	198.95682492198884	0.02659662078674157	1.9958202849529416	0.370580542368232
976000	-25.858185667723383	-9.148482919128783	-16.7097027485946	0.0	1	1	1	0.7445361110089599	1.3384176740686655	1.1702467890449837	198.2832726225581	0.7445361110089599	1.3384176740686655	1.1702467890449837
977000	-26.702558329864765	-9.151697680118449	-17.550860649746316	0.0	1	1	1	2.9265843220532264	0.2534915432428004	1.1676948041970654	159.88675323308829	2.9265843220532264	0.2534915432428004	1.1676948041970654
978000	-25.24442917602896	-8.90373952696178	-16.340689649067176	0.0	0	1	1	1.524749717177716	0.3040473740363128	0.5381229176343051	394.6533139479554	0.0	0.3040473740363128	0.5381229176343051
979000	-27.87556044992212	-8.828170083407239	-19.047390366514882	0.0	1	1	1	2.2344279184961966	1.0694084284927978	2.24948627520454	204.58640579658672	2.2344279184961966	1.0694084284927978	2.24948627520454
980000	-25.492369330418107	-9.614539647321694	-15.877829683096412	0.0	1	1	1	1.5665096611868956	0.24811831001478388	1.4418103026028486	95.28316801272192	1.5665096611868956	0.24811831001478388	1.4418103026028486
981000	-23.99536884793497	-8.781710761629896	-15.213658086305072	0.0	1	1	1	0.22745785103255306	0.31877638153675397	0.7177041750847883	294.91323726919796	0.22745785103255306	0.31877638153675397	0.7177041750847883
982000	-26.960540882002366	-10.903168352700842	-16.057372529301524	0.0	1	1	1	2.271462533669859	1.5582123319037327	0.36633613917988395	46.742408049822295	2.271462533669859	1.5582123319037327	0.36633613917988395
983000	-26.56937030349595	-9.22075350970231	-17.34861679379364	0.0	1	1	1	1.9788187011339637	0.30236451090734856	0.9194911201471758	342.80523773511146	1.9788187011339637	0.30236451090734856	0.9194911201471758
984000	-31.195211840176626	-9.944958425905776	-21.250253414270848	0.0	1	1	1	1.5004736505171516	3.611142554635322	1.487379507481262	489.7482299656153	1.5004736505171516	3.611142554635322	1.487379507481262
985000	-28.396211905709322	-10.1022737403627	-18.293938165346624	0.0	1	1	1	1.2899919413290772	1.4935061827586398	0.7598129506271933	523.1695248643697	1.2899919413290772	1.4935061827586398	0.7598129506271933
986000	-30.122725758478946	-10.250195158164772	-19.872530600314175	0.0	1	0	1	2.4723979148141377	1.0621496935701384	0.3861091421265386	1233.9386714232012	2.4723979148141377	0.0	0.3861091421265386
987000	-24.74747607524845	-8.739465519178484	-16.008010556069966	0.0	1	0	1	0.04523750713717782	0.598192923967363	0.20979694873486024	831.3584940542089	0.04523750713717782	0.0	0.20979694873486024
988000	-27.523617440255443	-8.87818609814742	-18.645431342108022	0.0	1	1	1	0.9305714383196834	1.2066985058528181	2.852410670266891	233.63452591715946	0.9305714383196834	1.2066985058528181	2.852410670266891
989000	-26.753856270864397	-11.30694944928012	-15.446906821584275	0.0	1	1	1	2.421567147829615	0.5592061970096099	0.810105291109948	38.37805071345916	2.421567147829615	0.5592061970096099	0.810105291109948
990000	-25.63998496674276	-8.933712329486266	-16.706272637256493	0.0	1	0	1	1.813356543720643	0.17983454677852984	1.648552544306541	194.13859953751478	1.813356543720643	0.0	1.648552544306541
991000	-23.592302745518577	-9.508432668795042	-14.083870076723535	0.0	1	0	1	0.14752130134883767	0.7898148860446575	0.38149009744337115	150.30477176215828	0.14752130134883767	0.0	0.38149009744337115
992000	-29.62534733115416	-10.110795787722136	-19.514551543432024	0.0	0	1	1	0.011163890511164912	2.948582391636096	1.1001934305179961	973.5040781507903	0.0	2.948582391636096	1.1001934305179961
993000	-25.908569530451288	-9.003966300678163	-16.904603229773123	0.0	1	1	1	0.3434525691246488	0.5247785962242092	1.2432136287818114	537.9215311817987	0.3434525691246488	0.5247785962242092	1.2432136287818114
994000	-22.742450830986613	-8.873482865611502	-13.868967965375111	0.0	1	1	1	0.21912521279180636	0.08999465357086552	0.21305782938919302	180.79759292132934	0.21912521279180636	0.08999465357086552	0.21305782938919302
995000	-23.703731072276565	-9.084536664424824	-14.61919440785174	0.0	1	0	1	0.7496778598870356	0.12297280163242393	0.370913227556132	250.5217361164615	0.7496778598870356	0.0	0.370913227556132
996000	-27.168911716340645	-9.058655490109075	-18.11025622623157	0.0	1	1	1	1.8052623968734636	0.38579310423626023	1.6006793836843451	388.46599348814107	1.8052623968734636	0.38579310423626023	1.6006793836843451
997000	-23.462435145225278	-8.909247398946171	-14.553187746279107	0.0	1	0	1	0.25251653894926185	0.5307717350883085	0.2066448982246273	290.44052163562634	0.25251653894926185	0.0	0.2066448982246273
998000	-25.85695807739053	-8.814400054516705	-17.042558022873823	0.0	1	1	1	0.5210107875952825	0.7493168752878349	1.9348553827428927	270.1573807231615	0.5210107875952825	0.7493168752878349	1.9348553827428927
999000	-27.255050058237842	-10.256811900075537	-16.998238158162305	0.0	0	1	1	0.16179634211015917	0.21530328809142604	0.3185349996134183	1434.331308934408	0.0	0.21530328809142604	0.3185349996134183
1000000	-33.27838574270167	-8.69754054624204	-24.58084519645963	0.0	0	1	1	0.5602130275686764	2.2024407368021715	7.252960603876547	587.9236656019997	0.0	2.2024407368021715	7.252960603876547
