#
#model:
#
#<?xml version="1.0" encoding="UTF-8" standalone="no"?><input id="posterior" spec="beast.base.inference.CompoundDistribution">
#    <distribution id="prior" spec="beast.base.inference.CompoundDistribution">
#        <distribution contemp="true" id="birthDeathSamplingModel" spec="bdsky.evolution.speciation.BirthDeathSkylineModel">
#            <parameter id="origin" name="origin" spec="beast.base.inference.parameter.RealParameter" upper="420.0001">420.001</parameter>
#            <parameter id="RealParameter" lower="0.0" name="birthRate" spec="beast.base.inference.parameter.RealParameter" upper="0.0">0.6</parameter>
#            <parameter id="RealParameter1" lower="0.0" name="deathRate" spec="beast.base.inference.parameter.RealParameter" upper="0.0">0.01</parameter>
#            <parameter id="RealParameter2" lower="0.0" name="samplingRate" spec="beast.base.inference.parameter.RealParameter" upper="0.0">0.0</parameter>
#            <parameter id="RealParameter3" lower="0.0" name="rho" spec="beast.base.inference.parameter.RealParameter" upper="0.0">1.0</parameter>
#            <tree IsLabelledNewick="true" id="tree" newick="((ASV171:154.4626526845564,((ASV071:140.6146834354222,(ASV126:133.69069501926472,(ASV145:126.76669739226352,(ASV002_0:6.923979756934053,ASV002_1:6.923979756934053,ASV002_3:6.923979756934053,ASV002_2:6.923979756934053):119.84271763532946):6.923997627001205):6.923988416157467):6.923985419883616,(ASV011_0:6.923979239890297,ASV011_1:6.923979239890297,ASV011_3:6.923979239890297,ASV011_2:6.923979239890297):140.61468961541553):6.923983829250555):126.07697419082876,((ASV125:118.10005330560426,(ASV175:111.1760624086905,ASV076:111.1760624086905):6.923990896913768):155.51558452766255,((ASV119:90.89942569574707,(ASV008_0:6.923979755800357,ASV008_1:6.923979755800357,ASV008_3:6.923979755800357,ASV008_2:6.923979755800357):83.97544593994671):175.79222390984975,((ASV118:186.15399047186608,(ASV133:179.23000920884323,ASV170:179.23000920884323):6.923981263022852):73.61367310184252,(ASV020:252.62485926958686,((((ASV041:224.92890580284973,(((ASV051:204.15695284955663,(ASV052:197.23297118967113,(ASV055:190.30898999923465,(((ASV070:169.53705664174217,(ASV075:162.61307621839507,(ASV088:155.68909584712844,(ASV093:148.7651154704039,(ASV094:141.8411350275797,(ASV120:134.9171544423871,(ASV124:127.99317360669562,(ASV149:121.06919234609502,(ASV150:114.145210331848,(ASV159:107.22122678911198,((ASV050_0:6.923979972093711,ASV050_1:6.923979972093711):93.373258972172,(ASV005_0:6.923979494403629,ASV005_1:6.923979494403629,ASV005_3:6.923979494403629,ASV005_2:6.923979494403629):93.37325944986209):6.923987844846267):6.923983542736038):6.923982014247003):6.923981260600603):6.923980835691495):6.923980585192569):6.923980442824226):6.923980376724546):6.923980371266612):6.923980423347114):6.92398048284529,(ASV061_0:6.92398108379934,ASV061_1:6.92398108379934):169.53705604078814):6.923980622325208,(ASV056_0:6.923981150492572,ASV056_1:6.923981150492572):176.46103549402147):6.923980815072276):6.923981190436501):6.923981659885491):6.9239823258838715,(ASV049_0:6.923981447424672,ASV049_1:6.923981447424672):204.15695372801585):6.923983382319638,(ASV046_0:6.923979972839342,ASV046_2:6.923979972839342,ASV046_1:6.923979972839342):211.08093609112476):6.923985181272909):6.923982284945711,(ASV037_0:6.923979294301163,ASV037_1:6.923979294301163,ASV037_3:6.923979294301163,ASV037_2:6.923979294301163):224.92890879349426):6.923983709886329,(ASV028_0:6.923981688647552,ASV028_1:6.923981688647552):231.85288699148666):6.9239865050870995,(ASV021_0:6.923979313793535,ASV021_1:6.923979313793535,ASV021_3:6.923979313793535,ASV021_2:6.923979313793535):238.77687568739339):6.9239945075443154):7.142804304121761):6.923984718554773):6.923985849877414):6.923986719748662):139.46037312461485" spec="beam.tree.BeamStartingTreeFromNewick">
#                <taxa fileName="/grid/siepel/home_norepl/staklins/bayesian_phylogenetic_metastasis/results/serio_prostate_cancer_data_11_18_24_asv_cutoff_50/beam/MMUS1467/CP01/CP01.fasta" id="alignment" spec="feast.fileio.AlignmentFromFasta">
#                    <sequence id="Sequence" spec="beast.base.evolution.alignment.Sequence" taxon="ASV020" totalcount="39" value="5,0,0,0,0,2,0,0,0,0"/>
#                    <sequence id="Sequence1" spec="beast.base.evolution.alignment.Sequence" taxon="ASV041" totalcount="39" value="9,38,0,0,0,2,0,0,0,0"/>
#                    <sequence id="Sequence2" spec="beast.base.evolution.alignment.Sequence" taxon="ASV051" totalcount="39" value="12,0,0,0,0,2,0,0,0,0"/>
#                    <sequence id="Sequence3" spec="beast.base.evolution.alignment.Sequence" taxon="ASV052" totalcount="39" value="13,0,0,0,0,2,0,0,0,0"/>
#                    <sequence id="Sequence4" spec="beast.base.evolution.alignment.Sequence" taxon="ASV055" totalcount="39" value="14,0,0,0,0,2,0,0,0,0"/>
#                    <sequence id="Sequence5" spec="beast.base.evolution.alignment.Sequence" taxon="ASV070" totalcount="39" value="17,0,0,0,0,2,0,0,0,0"/>
#                    <sequence id="Sequence6" spec="beast.base.evolution.alignment.Sequence" taxon="ASV071" totalcount="39" value="1,0,0,0,0,2,18,0,0,0"/>
#                    <sequence id="Sequence7" spec="beast.base.evolution.alignment.Sequence" taxon="ASV075" totalcount="39" value="19,0,0,0,0,2,0,0,0,0"/>
#                    <sequence id="Sequence8" spec="beast.base.evolution.alignment.Sequence" taxon="ASV076" totalcount="39" value="20,0,0,0,0,2,0,0,0,0"/>
#                    <sequence id="Sequence9" spec="beast.base.evolution.alignment.Sequence" taxon="ASV088" totalcount="39" value="21,0,0,0,0,2,0,0,0,0"/>
#                    <sequence id="Sequence10" spec="beast.base.evolution.alignment.Sequence" taxon="ASV093" totalcount="39" value="22,0,0,0,0,2,0,0,0,0"/>
#                    <sequence id="Sequence11" spec="beast.base.evolution.alignment.Sequence" taxon="ASV094" totalcount="39" value="23,0,0,0,0,2,0,0,0,0"/>
#                    <sequence id="Sequence12" spec="beast.base.evolution.alignment.Sequence" taxon="ASV118" totalcount="39" value="24,25,0,0,0,2,0,0,0,0"/>
#                    <sequence id="Sequence13" spec="beast.base.evolution.alignment.Sequence" taxon="ASV119" totalcount="39" value="3,0,0,0,0,2,4,0,0,0"/>
#                    <sequence id="Sequence14" spec="beast.base.evolution.alignment.Sequence" taxon="ASV120" totalcount="39" value="26,0,0,0,0,2,0,0,0,0"/>
#                    <sequence id="Sequence15" spec="beast.base.evolution.alignment.Sequence" taxon="ASV124" totalcount="39" value="27,0,0,0,0,2,0,0,0,0"/>
#                    <sequence id="Sequence16" spec="beast.base.evolution.alignment.Sequence" taxon="ASV125" totalcount="39" value="20,28,0,0,0,2,0,0,0,0"/>
#                    <sequence id="Sequence17" spec="beast.base.evolution.alignment.Sequence" taxon="ASV126" totalcount="39" value="1,0,0,0,0,2,29,0,0,0"/>
#                    <sequence id="Sequence18" spec="beast.base.evolution.alignment.Sequence" taxon="ASV133" totalcount="39" value="30,38,0,0,0,2,0,0,0,0"/>
#                    <sequence id="Sequence19" spec="beast.base.evolution.alignment.Sequence" taxon="ASV145" totalcount="39" value="1,0,0,0,0,2,31,0,0,0"/>
#                    <sequence id="Sequence20" spec="beast.base.evolution.alignment.Sequence" taxon="ASV149" totalcount="39" value="32,0,0,0,0,2,0,0,0,0"/>
#                    <sequence id="Sequence21" spec="beast.base.evolution.alignment.Sequence" taxon="ASV150" totalcount="39" value="33,0,0,0,0,2,0,0,0,0"/>
#                    <sequence id="Sequence22" spec="beast.base.evolution.alignment.Sequence" taxon="ASV159" totalcount="39" value="34,0,0,0,0,2,0,0,0,0"/>
#                    <sequence id="Sequence23" spec="beast.base.evolution.alignment.Sequence" taxon="ASV170" totalcount="39" value="35,25,0,0,0,2,0,0,0,0"/>
#                    <sequence id="Sequence24" spec="beast.base.evolution.alignment.Sequence" taxon="ASV171" totalcount="39" value="1,0,36,0,0,2,0,0,0,0"/>
#                    <sequence id="Sequence25" spec="beast.base.evolution.alignment.Sequence" taxon="ASV175" totalcount="39" value="20,37,0,0,0,2,0,0,0,0"/>
#                    <sequence id="Sequence26" spec="beast.base.evolution.alignment.Sequence" taxon="ASV002_0" totalcount="39" value="1,0,0,0,0,2,0,0,0,0"/>
#                    <sequence id="Sequence27" spec="beast.base.evolution.alignment.Sequence" taxon="ASV002_1" totalcount="39" value="1,0,0,0,0,2,0,0,0,0"/>
#                    <sequence id="Sequence28" spec="beast.base.evolution.alignment.Sequence" taxon="ASV002_2" totalcount="39" value="1,0,0,0,0,2,0,0,0,0"/>
#                    <sequence id="Sequence29" spec="beast.base.evolution.alignment.Sequence" taxon="ASV002_3" totalcount="39" value="1,0,0,0,0,2,0,0,0,0"/>
#                    <sequence id="Sequence30" spec="beast.base.evolution.alignment.Sequence" taxon="ASV005_0" totalcount="39" value="0,0,0,0,0,2,0,0,0,0"/>
#                    <sequence id="Sequence31" spec="beast.base.evolution.alignment.Sequence" taxon="ASV005_1" totalcount="39" value="0,0,0,0,0,2,0,0,0,0"/>
#                    <sequence id="Sequence32" spec="beast.base.evolution.alignment.Sequence" taxon="ASV005_2" totalcount="39" value="0,0,0,0,0,2,0,0,0,0"/>
#                    <sequence id="Sequence33" spec="beast.base.evolution.alignment.Sequence" taxon="ASV005_3" totalcount="39" value="0,0,0,0,0,2,0,0,0,0"/>
#                    <sequence id="Sequence34" spec="beast.base.evolution.alignment.Sequence" taxon="ASV008_0" totalcount="39" value="3,0,0,0,0,2,0,0,0,0"/>
#                    <sequence id="Sequence35" spec="beast.base.evolution.alignment.Sequence" taxon="ASV008_1" totalcount="39" value="3,0,0,0,0,2,0,0,0,0"/>
#                    <sequence id="Sequence36" spec="beast.base.evolution.alignment.Sequence" taxon="ASV008_2" totalcount="39" value="3,0,0,0,0,2,0,0,0,0"/>
#                    <sequence id="Sequence37" spec="beast.base.evolution.alignment.Sequence" taxon="ASV008_3" totalcount="39" value="3,0,0,0,0,2,0,0,0,0"/>
#                    <sequence id="Sequence38" spec="beast.base.evolution.alignment.Sequence" taxon="ASV011_0" totalcount="39" value="1,0,0,0,0,2,4,0,0,0"/>
#                    <sequence id="Sequence39" spec="beast.base.evolution.alignment.Sequence" taxon="ASV011_1" totalcount="39" value="1,0,0,0,0,2,4,0,0,0"/>
#                    <sequence id="Sequence40" spec="beast.base.evolution.alignment.Sequence" taxon="ASV011_2" totalcount="39" value="1,0,0,0,0,2,4,0,0,0"/>
#                    <sequence id="Sequence41" spec="beast.base.evolution.alignment.Sequence" taxon="ASV011_3" totalcount="39" value="1,0,0,0,0,2,4,0,0,0"/>
#                    <sequence id="Sequence42" spec="beast.base.evolution.alignment.Sequence" taxon="ASV021_0" totalcount="39" value="6,0,0,0,0,2,0,0,0,0"/>
#                    <sequence id="Sequence43" spec="beast.base.evolution.alignment.Sequence" taxon="ASV021_1" totalcount="39" value="6,0,0,0,0,2,0,0,0,0"/>
#                    <sequence id="Sequence44" spec="beast.base.evolution.alignment.Sequence" taxon="ASV021_2" totalcount="39" value="6,0,0,0,0,2,0,0,0,0"/>
#                    <sequence id="Sequence45" spec="beast.base.evolution.alignment.Sequence" taxon="ASV021_3" totalcount="39" value="6,0,0,0,0,2,0,0,0,0"/>
#                    <sequence id="Sequence46" spec="beast.base.evolution.alignment.Sequence" taxon="ASV028_0" totalcount="39" value="7,0,0,0,0,2,0,0,0,0"/>
#                    <sequence id="Sequence47" spec="beast.base.evolution.alignment.Sequence" taxon="ASV028_1" totalcount="39" value="7,0,0,0,0,2,0,0,0,0"/>
#                    <sequence id="Sequence48" spec="beast.base.evolution.alignment.Sequence" taxon="ASV037_0" totalcount="39" value="8,0,0,0,0,2,0,0,0,0"/>
#                    <sequence id="Sequence49" spec="beast.base.evolution.alignment.Sequence" taxon="ASV037_1" totalcount="39" value="8,0,0,0,0,2,0,0,0,0"/>
#                    <sequence id="Sequence50" spec="beast.base.evolution.alignment.Sequence" taxon="ASV037_2" totalcount="39" value="8,0,0,0,0,2,0,0,0,0"/>
#                    <sequence id="Sequence51" spec="beast.base.evolution.alignment.Sequence" taxon="ASV037_3" totalcount="39" value="8,0,0,0,0,2,0,0,0,0"/>
#                    <sequence id="Sequence52" spec="beast.base.evolution.alignment.Sequence" taxon="ASV046_0" totalcount="39" value="10,0,0,0,0,2,0,0,0,0"/>
#                    <sequence id="Sequence53" spec="beast.base.evolution.alignment.Sequence" taxon="ASV046_1" totalcount="39" value="10,0,0,0,0,2,0,0,0,0"/>
#                    <sequence id="Sequence54" spec="beast.base.evolution.alignment.Sequence" taxon="ASV046_2" totalcount="39" value="10,0,0,0,0,2,0,0,0,0"/>
#                    <sequence id="Sequence55" spec="beast.base.evolution.alignment.Sequence" taxon="ASV049_0" totalcount="39" value="11,0,0,0,0,2,0,0,0,0"/>
#                    <sequence id="Sequence56" spec="beast.base.evolution.alignment.Sequence" taxon="ASV049_1" totalcount="39" value="11,0,0,0,0,2,0,0,0,0"/>
#                    <sequence id="Sequence57" spec="beast.base.evolution.alignment.Sequence" taxon="ASV050_0" totalcount="39" value="0,0,0,0,0,2,4,0,0,0"/>
#                    <sequence id="Sequence58" spec="beast.base.evolution.alignment.Sequence" taxon="ASV050_1" totalcount="39" value="0,0,0,0,0,2,4,0,0,0"/>
#                    <sequence id="Sequence59" spec="beast.base.evolution.alignment.Sequence" taxon="ASV056_0" totalcount="39" value="15,0,0,0,0,2,0,0,0,0"/>
#                    <sequence id="Sequence60" spec="beast.base.evolution.alignment.Sequence" taxon="ASV056_1" totalcount="39" value="15,0,0,0,0,2,0,0,0,0"/>
#                    <sequence id="Sequence61" spec="beast.base.evolution.alignment.Sequence" taxon="ASV061_0" totalcount="39" value="16,0,0,0,0,2,0,0,0,0"/>
#                    <sequence id="Sequence62" spec="beast.base.evolution.alignment.Sequence" taxon="ASV061_1" totalcount="39" value="16,0,0,0,0,2,0,0,0,0"/>
#                    <userDataType id="EditData" nrOfStates="39" spec="tidetree.evolution.datatype.EditData"/>
#                </taxa>
#                <trait fileName="/grid/siepel/home_norepl/staklins/bayesian_phylogenetic_metastasis/results/serio_prostate_cancer_data_11_18_24_asv_cutoff_50/beam/MMUS1467/CP01/CP01_date_traits.csv" id="dateTrait" sep="," spec="feast.fileio.TraitSetFromXSV" traitname="date-forward" value="ASV020=420,ASV041=420,ASV051=420,ASV052=420,ASV055=420,ASV070=420,ASV071=420,ASV075=420,ASV076=420,ASV088=420,ASV093=420,ASV094=420,ASV118=420,ASV119=420,ASV120=420,ASV124=420,ASV125=420,ASV126=420,ASV133=420,ASV145=420,ASV149=420,ASV150=420,ASV159=420,ASV170=420,ASV171=420,ASV175=420,ASV002_0=420,ASV002_1=420,ASV002_2=420,ASV002_3=420,ASV005_0=420,ASV005_1=420,ASV005_2=420,ASV005_3=420,ASV008_0=420,ASV008_1=420,ASV008_2=420,ASV008_3=420,ASV011_0=420,ASV011_1=420,ASV011_2=420,ASV011_3=420,ASV021_0=420,ASV021_1=420,ASV021_2=420,ASV021_3=420,ASV028_0=420,ASV028_1=420,ASV037_0=420,ASV037_1=420,ASV037_2=420,ASV037_3=420,ASV046_0=420,ASV046_1=420,ASV046_2=420,ASV049_0=420,ASV049_1=420,ASV050_0=420,ASV050_1=420,ASV056_0=420,ASV056_1=420,ASV061_0=420,ASV061_1=420">
#                    <taxa alignment="@alignment" id="taxonset" spec="beast.base.evolution.alignment.TaxonSet"/>
#                </trait>
#                <taxonset idref="taxonset"/>
#            </tree>
#        </distribution>
#        <prior id="editRatePrior" name="distribution">
#            <parameter dimension="37" id="editRate" name="x" spec="beast.base.inference.parameter.RealParameter">0.0888888888 0.4666666666 0.037037037 0.0518518518 0.0074074074 0.0296296296 0.0148148148 0.0296296296 0.0074074074 0.0222222222 0.0148148148 0.0074074074 0.0074074074 0.0074074074 0.0148148148 0.0148148148 0.0074074074 0.0074074074 0.0074074074 0.0222222222 0.0074074074 0.0074074074 0.0074074074 0.0074074074 0.0148148148 0.0074074074 0.0074074074 0.0074074074 0.0074074074 0.0074074074 0.0074074074 0.0074074074 0.0074074074 0.0074074074 0.0074074074 0.0074074074 0.0074074074</parameter>
#            <Exponential id="Exponential" name="distr">
#                <parameter estimate="false" id="RealParameter4" name="mean" spec="beast.base.inference.parameter.RealParameter">0.01</parameter>
#            </Exponential>
#        </prior>
#        <prior id="silencingRatePrior" name="distribution">
#            <parameter id="silencingRate" lower="0.0" name="x" spec="beast.base.inference.parameter.RealParameter" upper="1000.0">1.0E-4</parameter>
#            <Exponential id="Exponential1" name="distr">
#                <parameter estimate="false" id="RealParameter5" name="mean" spec="beast.base.inference.parameter.RealParameter">1.0E-4</parameter>
#            </Exponential>
#        </prior>
#        <prior id="ClockPrior.c" name="distribution">
#            <parameter id="clockRate.c" name="x" spec="beast.base.inference.parameter.RealParameter">0.0016</parameter>
#            <Exponential id="Exponential2" name="distr">
#                <parameter estimate="false" id="RealParameter6" name="mean" spec="beast.base.inference.parameter.RealParameter">0.5</parameter>
#            </Exponential>
#        </prior>
#        <prior id="relativeGeoRatesPrior.s:tissue" name="distribution">
#            <parameter dimension="9" id="relativeGeoRates.s:tissue" name="x" spec="beast.base.inference.parameter.RealParameter">1.0</parameter>
#            <Exponential id="Exponential3" name="distr">
#                <parameter estimate="false" id="RealParameter7" name="mean" spec="beast.base.inference.parameter.RealParameter">1.0</parameter>
#            </Exponential>
#        </prior>
#        <prior id="geoclockPrior.c:tissue" name="distribution">
#            <parameter id="traitClockRate.c:tissue" name="x" spec="beast.base.inference.parameter.RealParameter">1.0</parameter>
#            <Exponential id="Exponential4" name="distr">
#                <parameter estimate="false" id="RealParameter8" name="mean" spec="beast.base.inference.parameter.RealParameter">1.0</parameter>
#            </Exponential>
#        </prior>
#    </distribution>
#    <distribution id="likelihood" spec="beast.base.inference.CompoundDistribution" useThreads="true">
#        <distribution data="@alignment" id="treeLikelihood" spec="beam.likelihood.BeamBeagleTreeLikelihood" tree="@tree">
#            <parameter id="RealParameter9" lower="0.0" name="origin" spec="beast.base.inference.parameter.RealParameter" upper="0.0">420.001</parameter>
#            <siteModel id="siteModel" spec="beast.base.evolution.sitemodel.SiteModel">
#                <parameter estimate="false" id="mutationRate" name="mutationRate" spec="beast.base.inference.parameter.RealParameter">1.0</parameter>
#                <parameter estimate="false" id="proportionInvariant" lower="0.0" name="proportionInvariant" spec="beast.base.inference.parameter.RealParameter" upper="1.0">0.0</parameter>
#                <substModel id="substModel" silencingRate="@silencingRate" spec="beam.substitutionmodel.BeamGeneralMutationSubstitutionModel">
#                    <parameter idref="editRate" name="editRates"/>
#                    <parameter id="RealParameter10" lower="0.0" name="editHeight" spec="beast.base.inference.parameter.RealParameter" upper="0.0">420.0</parameter>
#                    <parameter id="RealParameter11" lower="0.0" name="editDuration" spec="beast.base.inference.parameter.RealParameter" upper="0.0">420.0</parameter>
#                    <frequencies estimate="false" id="Frequencies" spec="beast.base.evolution.substitutionmodel.Frequencies">
#                        <parameter dimension="3" id="RealParameter12" lower="0.0" name="frequencies" spec="beast.base.inference.parameter.RealParameter" upper="0.0">1.0 0.0 0.0</parameter>
#                    </frequencies>
#                </substModel>
#            </siteModel>
#            <branchRateModel clock.rate="@clockRate.c" id="StrictClockModel" spec="beast.base.evolution.branchratemodel.StrictClockModel"/>
#        </distribution>
#        <distribution id="traitLikelihood" origin="@origin" spec="beam.likelihood.BeamAncestralStateBeagleTreeLikelihood" tag="location" tree="@tree">
#            <rootFrequencies estimate="false" id="Frequencies1" spec="beast.base.evolution.substitutionmodel.Frequencies">
#                <parameter dimension="4" id="RealParameter13" lower="0.0" name="frequencies" spec="beast.base.inference.parameter.RealParameter" upper="0.0">1.0 0.0 0.0 0.0</parameter>
#            </rootFrequencies>
#            <data id="tissue" spec="beastclassic.evolution.alignment.AlignmentFromTrait">
#                <traitSet fileName="/grid/siepel/home_norepl/staklins/bayesian_phylogenetic_metastasis/results/serio_prostate_cancer_data_11_18_24_asv_cutoff_50/beam/MMUS1467/CP01/CP01_tip_tissues.csv" id="traitset" sep="," spec="feast.fileio.TraitSetFromXSV" taxa="@taxonset" traitname="discrete" value="ASV020=FML,ASV041=LNSL,ASV051=PRL,ASV052=LNSL,ASV055=LNSL,ASV070=FML,ASV071=PRL,ASV075=FML,ASV076=FML,ASV088=FML,ASV093=FML,ASV094=FML,ASV118=FML,ASV119=LNSL,ASV120=PRL,ASV124=PRL,ASV125=FML,ASV126=PRL,ASV133=FML,ASV145=FML,ASV149=FML,ASV150=FML,ASV159=PRL,ASV170=FML,ASV171=UNL,ASV175=FML,ASV002_0=PRL,ASV002_1=LNSL,ASV002_2=FML,ASV002_3=UNL,ASV005_0=FML,ASV005_1=UNL,ASV005_2=LNSL,ASV005_3=PRL,ASV008_0=LNSL,ASV008_1=UNL,ASV008_2=PRL,ASV008_3=FML,ASV011_0=FML,ASV011_1=UNL,ASV011_2=LNSL,ASV011_3=PRL,ASV021_0=FML,ASV021_1=PRL,ASV021_2=UNL,ASV021_3=LNSL,ASV028_0=LNSL,ASV028_1=PRL,ASV037_0=FML,ASV037_1=UNL,ASV037_2=PRL,ASV037_3=LNSL,ASV046_0=FML,ASV046_1=UNL,ASV046_2=PRL,ASV049_0=PRL,ASV049_1=FML,ASV050_0=FML,ASV050_1=LNSL,ASV056_0=FML,ASV056_1=PRL,ASV061_0=LNSL,ASV061_1=FML"/>
#                <userDataType codeMap="PRL=0,FML=1,LNSL=2,UNL=3,? = 0 1 2 3" codelength="-1" id="codeMap" spec="beast.base.evolution.datatype.UserDataType" states="4"/>
#            </data>
#            <siteModel gammaCategoryCount="1" id="geoSiteModel.s:tissue" spec="beast.base.evolution.sitemodel.SiteModel">
#                <parameter estimate="false" id="mutationRate.s:tissue" name="mutationRate" spec="beast.base.inference.parameter.RealParameter">1.0</parameter>
#                <parameter estimate="false" id="gammaShape.s:tissue" name="shape" spec="beast.base.inference.parameter.RealParameter">1.0</parameter>
#                <parameter estimate="false" id="proportionInvariant.s:tissue" lower="0.0" name="proportionInvariant" spec="beast.base.inference.parameter.RealParameter" upper="1.0">0.0</parameter>
#                <substModel id="svs.s:tissue" rates="@relativeGeoRates.s:tissue" spec="beam.substitutionmodel.BeamNoReseedingTissueSubstitutionModel">
#                    <frequencies id="traitfreqs.s:tissue" spec="beast.base.evolution.substitutionmodel.Frequencies">
#                        <parameter dimension="4" id="traitfrequencies.s:tissue" name="frequencies" spec="beast.base.inference.parameter.RealParameter">0.25</parameter>
#                    </frequencies>
#                </substModel>
#            </siteModel>
#            <branchRateModel clock.rate="@traitClockRate.c:tissue" id="StrictClockModel.c:tissue" spec="beast.base.evolution.branchratemodel.StrictClockModel"/>
#        </distribution>
#    </distribution>
#</input>
#
Sample	NSlikelihood	posterior	likelihood	prior	treeHeight	editRate.1	editRate.2	editRate.3	editRate.4	editRate.5	editRate.6	editRate.7	editRate.8	editRate.9	editRate.10	editRate.11	editRate.12	editRate.13	editRate.14	editRate.15	editRate.16	editRate.17	editRate.18	editRate.19	editRate.20	editRate.21	editRate.22	editRate.23	editRate.24	editRate.25	editRate.26	editRate.27	editRate.28	editRate.29	editRate.30	editRate.31	editRate.32	editRate.33	editRate.34	editRate.35	editRate.36	editRate.37	silencingRate	clockRate.c	relativeGeoRates.1	relativeGeoRates.2	relativeGeoRates.3	relativeGeoRates.4	relativeGeoRates.5	relativeGeoRates.6	relativeGeoRates.7	relativeGeoRates.8	relativeGeoRates.9	traitClockRate	geoSubstModelLogger.relGeoRate_PRL_FML	geoSubstModelLogger.relGeoRate_PRL_LNSL	geoSubstModelLogger.relGeoRate_PRL_UNL	geoSubstModelLogger.relGeoRate_FML_PRL	geoSubstModelLogger.relGeoRate_FML_LNSL	geoSubstModelLogger.relGeoRate_FML_UNL	geoSubstModelLogger.relGeoRate_LNSL_PRL	geoSubstModelLogger.relGeoRate_LNSL_FML	geoSubstModelLogger.relGeoRate_LNSL_UNL	geoSubstModelLogger.relGeoRate_UNL_PRL	geoSubstModelLogger.relGeoRate_UNL_FML	geoSubstModelLogger.relGeoRate_UNL_LNSL	treeLikelihood	traitLikelihood
0	-1408.2887810256116	-1848.1649212064303	-1408.2887810256116	-439.87614018081877	212.8406412063109	0.0888888888	0.1587973983940204	0.01585809280779244	0.0518518518	0.0074074074	0.0296296296	0.0148148148	0.0296296296	0.0074074074	0.0222222222	0.0148148148	0.22488744931528448	0.0074074074	0.0074074074	0.10520404109069512	0.0148148148	0.017052345038485395	0.0074074074	0.0074074074	0.018451091908447927	0.0074074074	0.0074074074	0.0074074074	0.0074074074	0.0148148148	0.0074074074	0.0074074074	0.018941413953722164	0.002898411319141359	0.0074074074	0.015687533772410712	0.0074074074	0.0074074074	0.0074074074	0.0074074074	0.0074074074	0.0074074074	4.0204731654631476E-5	4.891779699121578E-4	0.8726524649372438	0.9142379088031992	2.033416800627691	1.138793240676749	0.7727157496556144	1.0539706169359389	0.9487342936826446	0.7621152047115652	1.1653174235088624	0.3940997907000818	0.8726524649372438	0.8726524649372438	0.8726524649372438	0	0.8726524649372438	0.8726524649372438	0	0.8726524649372438	0.8726524649372438	0	0.8726524649372438	0.8726524649372438	-879.6182497760742	-528.6705312495372
1	-1209.9207955854304	-1575.577698152452	-1209.9207955854304	-365.65690256702175	167.41041459913666	0.0888888888	0.01427598795362095	0.01585809280779244	0.05892353770355101	0.0074074074	0.0296296296	0.0148148148	0.018965991390281947	0.05721211571527106	0.07354359142976483	0.0148148148	0.17356608008551966	0.0074074074	0.0074074074	0.10520404109069512	0.0148148148	0.019064469995962775	0.0074074074	0.0074074074	0.013695349930909564	0.0074074074	0.01807104560971805	0.0074074074	0.0074074074	0.0148148148	0.0053952824425226205	0.10687985150266675	0.018941413953722164	0.002898411319141359	0.0074074074	0.015687533772410712	0.0074074074	0.0074074074	3.3572149644899366E-4	0.0074074074	0.0074074074	0.0074074074	1.367242354879902E-5	0.018552128973256962	1.249749352605303	0.7249125430833453	2.627953195424489	1.2222955048246136	0.5724419492596962	0.8728373154154387	0.8934041462669473	0.7525458076179805	1.5569685093093695	0.33468176314694714	1.249749352605303	1.249749352605303	1.249749352605303	0	1.249749352605303	1.249749352605303	0	1.249749352605303	1.249749352605303	0	1.249749352605303	1.249749352605303	-741.8397805373688	-468.08101504806143
2	-1137.3075984547052	-1502.8288074641277	-1137.3075984547052	-365.52120900942253	131.33477096735797	0.0888888888	0.01427598795362095	0.016410645208316317	0.05892353770355101	0.0517469898450823	0.0296296296	0.012953090958101467	0.018965991390281947	0.054763980983840374	0.07354359142976483	0.0148148148	0.021349914102613887	0.0074074074	0.01797487257834284	0.10626679899079958	0.0148148148	0.019064469995962775	0.0074074074	0.009269131241898532	0.013142797530385688	0.0074074074	0.007503580431375213	0.0074074074	0.009855542131430684	0.0148148148	0.0053952824425226205	0.10687985150266675	0.018941413953722164	0.002898411319141359	0.0074074074	0.015687533772410712	0.0074074074	0.0074074074	0.10714954713416801	0.0074074074	0.0074074074	0.0074074074	4.32659522837445E-5	0.05945950787112909	1.1240827751011786	1.6582302413063343	3.3509214170803583	3.1239611143966672	1.0306380613253374	1.0264181132107792	0.6170987725991737	0.5752954320930438	1.2378865180814846	0.10282322289104201	1.1240827751011786	1.1240827751011786	1.1240827751011786	0	1.1240827751011786	1.1240827751011786	0	1.1240827751011786	1.1240827751011786	0	1.1240827751011786	1.1240827751011786	-898.4872769885367	-238.82032146616842
3	-1016.1603243976446	-1302.8583825629441	-1016.1603243976446	-286.6980581652996	46.81207647867425	0.0888888888	0.010895901551374432	0.016410645208316317	0.05892353770355101	0.014172880575749391	0.0296296296	0.012953090958101467	0.018965991390281947	0.05656906195360943	0.07354359142976483	0.01843067012337827	0.021349914102613887	0.0074074074	0.02447911516802336	0.12299237513998237	0.0148148148	0.019064469995962775	0.0074074074	0.009269131241898532	0.013142797530385688	0.0074074074	0.007503580431375213	0.0074074074	0.003351299541750164	0.0148148148	0.0053952824425226205	0.10687985150266675	0.018941413953722164	0.002898411319141359	0.0074074074	0.017480408990875208	0.0074074074	0.010787493802246518	0.12620520503585364	0.00379155207662173	0.0074074074	0.005602326430230942	9.302619092518965E-5	0.015815788145781953	1.3067289936890225	2.391661078875497	1.7339497788483793	2.849624255803059	1.0396129445437097	1.0159766441806872	0.5040542996060172	1.0724066973861177	1.5121412452420027	0.21824613683214464	1.3067289936890225	1.3067289936890225	1.3067289936890225	0	1.3067289936890225	1.3067289936890225	0	1.3067289936890225	1.3067289936890225	0	1.3067289936890225	1.3067289936890225	-721.8431375095774	-294.3171868880671
4	-973.5402716029103	-1266.2856125576718	-973.5402716029103	-292.7453409547615	35.830681150971614	0.0888888888	0.010895901551374432	0.04485828400142839	0.05892353770355101	0.01668517510864298	0.0296296296	0.012953090958101467	0.00724289512946337	0.04119593256609043	0.05897599743058432	0.01843067012337827	0.021349914102613887	0.1553276318018374	0.011656806225455164	0.03823321102820795	0.0148148148	0.019064469995962775	0.0074074074	0.009269131241898532	0.013142797530385688	0.020229716342568194	0.020364415286000626	0.09417383253240307	0.003351299541750164	0.0148148148	0.0053952824425226205	0.005325831651123422	0.018941413953722164	0.002898411319141359	0.0074074074	0.017480408990875208	0.0074074074	0.04014268252056728	0.04631960221349718	0.00379155207662173	0.0074074074	0.005602326430230942	3.7304698411593304E-4	0.03782224592290374	1.6228014767073773	2.1740077793085604	1.4997253288602337	3.100149360141923	1.0668383339089755	0.6913951208277793	0.6007383505157369	1.1149157653866135	2.0725140192543114	0.07039248462450504	1.6228014767073773	1.6228014767073773	1.6228014767073773	0	1.6228014767073773	1.6228014767073773	0	1.6228014767073773	1.6228014767073773	0	1.6228014767073773	1.6228014767073773	-766.2624170050983	-207.27785459781197
5	-955.515857854693	-1250.8026957544175	-955.515857854693	-295.28683789972445	23.107738999196442	0.06258606236556329	0.036081300469585464	0.08358805417463117	0.013294249248091236	0.01668517510864298	0.0296296296	0.053780562577245596	0.00724289512946337	0.04119593256609043	0.0024031121163960723	0.01843067012337827	0.021349914102613887	0.10564077346196565	0.011656806225455164	0.039384138433593535	0.02689961783374315	0.030866875735853214	0.0074074074	0.0029650421281361868	0.0394456239648224	0.020229716342568194	0.008279612252257474	0.09417383253240307	0.003351299541750164	0.0148148148	0.0053952824425226205	0.005325831651123422	0.01049981238287422	0.002898411319141359	0.0074074074	0.06641915792917129	0.0074074074	0.04014268252056728	0.04631960221349718	0.00379155207662173	0.0074074074	0.005602326430230942	7.861922206800004E-5	0.0281649324552138	2.833371915425878	2.6296098841328432	2.1613643196536523	3.473092939980945	1.4176467564553306	0.6446559470143024	0.7424273757032779	1.05279371801988	2.8320143293742692	0.08190414219321825	2.833371915425878	2.833371915425878	2.833371915425878	0	2.833371915425878	2.833371915425878	0	2.833371915425878	2.833371915425878	0	2.833371915425878	2.833371915425878	-758.2064076361373	-197.3094502185556
6	-925.0300660506102	-1211.3719265325658	-925.0300660506102	-286.3418604819557	16.81439305482664	0.06258606236556329	0.036081300469585464	0.006773627022603479	0.013294249248091236	0.01668517510864298	0.00934380959866761	0.06564370049366905	0.00724289512946337	0.0020348418032458543	0.0024031121163960723	0.05097238670384028	0.009486776186190427	0.1299412160407637	0.011656806225455164	0.03405240456077538	0.02689961783374315	0.030866875735853214	0.0074074074	0.0029650421281361868	0.04162463512182743	0.020229716342568194	0.008279612252257474	0.09417383253240307	0.003351299541750164	0.05037030995920775	0.0053952824425226205	0.005325831651123422	0.01049981238287422	0.0031587031939028683	0.08422183455202768	0.06641915792917129	0.0074074074	0.007600965940105273	0.04631960221349718	0.00379155207662173	0.0074074074	0.008085730297453731	1.8179305154113795E-4	0.01571292864726122	2.1367718974325656	2.7578704861882026	1.7599835689425785	3.7174390387336205	1.7051107720953123	0.47813727586153904	0.4886902508179008	1.0663356223015623	1.4725474197931292	0.09706198768287945	2.1367718974325656	2.1367718974325656	2.1367718974325656	0	2.1367718974325656	2.1367718974325656	0	2.1367718974325656	2.1367718974325656	0	2.1367718974325656	2.1367718974325656	-727.3349568749674	-197.69510917564293
7	-921.0458824968368	-1204.1078891771992	-921.0458824968368	-283.0620066803624	15.109019625090951	0.09484396629257873	0.036081300469585464	0.006773627022603479	0.013294249248091236	0.01668517510864298	0.039107698118576464	0.12075196192694701	0.014351662706052995	0.0020348418032458543	0.0024031121163960723	0.03461694737469088	0.004575688216860385	0.12806325240353433	0.011656806225455164	0.03405240456077538	0.019790850257153526	0.030866875735853214	0.0074074074	0.0029650421281361868	0.011860746601918576	0.020229716342568194	0.008279612252257474	0.039065571099125104	0.003351299541750164	0.06672574928835714	0.0053952824425226205	0.005325831651123422	0.01049981238287422	0.0031587031939028683	0.05196393062501224	0.06829712156640065	0.0074074074	0.007600965940105273	0.04631960221349718	0.00379155207662173	0.012318495369330041	0.008085730297453731	6.973364046210419E-5	0.021019340093682105	1.7160790459861814	2.8257696290735885	2.088388843513377	2.783697666776109	1.5496785285373005	0.6698083135596222	0.4706761951123303	1.5852057437733742	2.219305346890837	0.0664657129786021	1.7160790459861814	1.7160790459861814	1.7160790459861814	0	1.7160790459861814	1.7160790459861814	0	1.7160790459861814	1.7160790459861814	0	1.7160790459861814	1.7160790459861814	-720.05917268695	-200.9867098098869
8	-914.4633677620543	-1210.8820274481614	-914.4633677620543	-296.41865968610716	14.707752967221737	0.09484396629257873	0.036451178283398944	0.006773627022603479	0.008512042740540335	0.05186379497300664	0.039107698118576464	0.06937789594988639	0.014351662706052995	0.0020348418032458543	0.0024031121163960723	0.00811273958566492	0.004575688216860385	0.1385063760914298	0.011656806225455164	0.0384647332545128	0.046295058046179484	0.0035212759937627153	0.0074074074	0.02445231668580704	0.011860746601918576	0.020229716342568194	0.008279612252257474	0.003886951234761446	6.444338768246578E-4	0.11809981526541777	0.0053952824425226205	0.005325831651123422	0.013206678047799725	0.0031587031939028683	0.05196393062501224	0.06829712156640065	0.0074074074	0.007600965940105273	0.04173480371002136	0.00379155207662173	0.012318495369330041	0.008085730297453731	7.18189521479028E-5	0.025999770485575398	1.6447290519940327	3.268870111226825	1.551320132394575	2.6392725251625326	1.9232449927779656	0.6240440286128596	0.3393850030130316	1.8866642989335016	3.6737894817683068	0.10918058216310803	1.6447290519940327	1.6447290519940327	1.6447290519940327	0	1.6447290519940327	1.6447290519940327	0	1.6447290519940327	1.6447290519940327	0	1.6447290519940327	1.6447290519940327	-724.4297646572023	-190.03360310485198
9	-906.2644696997672	-1194.4522503163878	-906.2644696997672	-288.1877806166206	6.068386732540715	0.10233332073308231	0.03472434091993548	0.008500464386066942	0.008512042740540335	0.04491571324556487	0.039107698118576464	0.1195306596012071	0.014351662706052995	0.0020348418032458543	0.01532705687753197	0.00811273958566492	0.004575688216860385	0.1493237226405385	0.07227536860702742	0.0384647332545128	0.03337111328504359	0.0035212759937627153	0.0074074074	0.02445231668580704	0.011860746601918576	0.012740361902064613	0.0024709805645738332	0.003886951234761446	6.444338768246578E-4	0.0466639063347368	0.0053952824425226205	0.005325831651123422	0.013206678047799725	0.0031587031939028683	0.05196393062501224	0.018144357915079942	0.0074074074	0.013409597627788913	0.04173480371002136	0.00379155207662173	0.01926657709677181	0.008085730297453731	9.268690889337087E-5	0.019872863846617735	1.5138347694559313	2.7280519071427616	1.3834322881183931	2.126577607982169	2.2286089557998925	0.5252082416060899	0.4792978731687683	2.406812499196098	3.925906683225722	0.14130162967415605	1.5138347694559313	1.5138347694559313	1.5138347694559313	0	1.5138347694559313	1.5138347694559313	0	1.5138347694559313	1.5138347694559313	0	1.5138347694559313	1.5138347694559313	-706.1367605569762	-200.12770914279105
10	-887.1533194667463	-1175.3205734390397	-887.1533194667463	-288.16725397229334	7.8446064064787375	0.0705530289315369	0.03472434091993548	0.008500464386066942	0.008512042740540335	0.042775823874175334	0.030124980587380515	0.1195306596012071	0.014351662706052995	0.0020348418032458543	0.01532705687753197	0.011956174567574453	0.004575688216860385	0.05146108287851414	0.07227536860702742	0.04744745078570875	0.03337111328504359	0.0035212759937627153	0.0074074074	0.030082059547044338	0.03801129554222668	0.012740361902064613	0.0024709805645738332	0.003886951234761446	6.444338768246578E-4	0.14452654609676116	0.0053952824425226205	0.005325831651123422	0.013206678047799725	0.0031587031939028683	0.05196393062501224	0.028466400857205407	0.005703861789480003	0.013409597627788913	0.04173480371002136	0.00379155207662173	0.008944534154646345	0.008085730297453731	1.0719619626968076E-4	0.01959213129024517	1.6249974967456016	1.7575811948105262	0.9268216467828337	1.5806476791777602	2.9846799232962185	0.6723397833884879	0.5974767655960519	2.4606655480952297	3.381774368894868	0.09103084524835926	1.6249974967456016	1.6249974967456016	1.6249974967456016	0	1.6249974967456016	1.6249974967456016	0	1.6249974967456016	1.6249974967456016	0	1.6249974967456016	1.6249974967456016	-707.5390290212862	-179.6142904454602
11	-860.9156269878599	-1138.7024282880825	-860.9156269878599	-277.7868013002227	7.49291201838431	0.0705530289315369	0.005428245392820941	0.008500464386066942	0.008512042740540335	0.0037455289284884508	0.030124980587380515	0.04145977502448303	0.014351662706052995	0.08010572637996992	0.01532705687753197	0.011956174567574453	0.004575688216860385	0.05146108287851414	0.07227536860702742	0.04744745078570875	0.06266720881215812	0.0035212759937627153	0.0074074074	0.030082059547044338	0.03801129554222668	0.012740361902064613	0.0024709805645738332	0.003886951234761446	6.444338768246578E-4	0.0867199477269954	0.0053952824425226205	0.06313243002088918	0.013206678047799725	0.0031587031939028683	0.04119508697369954	0.028466400857205407	0.0164727054407927	0.052439892573475796	0.04173480371002136	0.00379155207662173	0.008944534154646345	0.008085730297453731	1.583793422862809E-4	0.009886142662838002	1.808615045519891	1.0504808661695402	1.0151959501933452	1.4843273916213955	1.6118948203909789	1.0179283834686799	0.6272052954538937	2.2067037517854913	2.7432801885803086	0.09067539349217962	1.808615045519891	1.808615045519891	1.808615045519891	0	1.808615045519891	1.808615045519891	0	1.808615045519891	1.808615045519891	0	1.808615045519891	1.808615045519891	-703.3846544583603	-157.5309725294997
12	-856.2498787608455	-1141.8885882300206	-856.2498787608455	-285.63870946917507	9.344923093149513	0.06945695785429172	0.005428245392820941	0.0432750475739519	0.008512042740540335	0.0037455289284884508	0.030124980587380515	0.04145977502448303	0.014351662706052995	0.02291499624188685	0.01532705687753197	0.011956174567574453	0.004575688216860385	0.05146108287851414	0.037500785419142466	0.01252524147773501	0.03702337910652562	0.0035212759937627153	0.0074074074	0.030082059547044338	0.03801129554222668	0.04178348192898261	0.0024709805645738332	0.003886951234761446	6.444338768246578E-4	0.002748234361752394	0.0053952824425226205	0.05298940362000147	0.023630646320198054	0.08713041655914587	0.04119508697369954	0.028466400857205407	0.0164727054407927	0.0478950135821332	0.018710009008803707	0.06369927396160478	0.06613526429272941	0.008085730297453731	7.913034501198942E-5	0.014254319544300072	1.8086850304064142	1.2508221223763358	0.7358784791628303	1.7368652472974242	1.6311006489782305	0.44455779239064414	0.4612390689281123	2.3543052915818103	2.114942392081063	0.03664748916108519	1.8086850304064142	1.8086850304064142	1.8086850304064142	0	1.8086850304064142	1.8086850304064142	0	1.8086850304064142	1.8086850304064142	0	1.8086850304064142	1.8086850304064142	-679.6726642854986	-176.57721447534686
13	-852.7392573947552	-1130.7984207307732	-852.7392573947552	-278.0591633360179	8.327371821007503	0.06945695785429172	0.005428245392820941	0.0432750475739519	0.008512042740540335	0.0037455289284884508	0.030124980587380515	0.009602228151562836	0.014351662706052995	0.02291499624188685	0.01532705687753197	0.011956174567574453	0.004575688216860385	0.05146108287851414	0.011229655298872862	0.01252524147773501	0.03702337910652562	0.0035212759937627153	0.0336785375202696	0.030082059547044338	0.046059842833478276	0.04178348192898261	0.0024709805645738332	0.003886951234761446	6.444338768246578E-4	0.002748234361752394	0.0053952824425226205	0.1899281133530737	0.015582099028946458	0.09333024413267797	0.03499525940016744	0.028466400857205407	0.0164727054407927	0.0478950135821332	0.018710009008803707	0.00687088875744489	0.01788248663673729	0.008085730297453731	5.8346931403364354E-5	0.0178130308054573	1.7001921581920554	1.5002030637299326	0.6920319310926141	1.7693637366960715	1.2946344742106242	0.560676164618536	0.3349799109947081	2.135742160981467	2.0462361651765857	0.03777544539368443	1.7001921581920554	1.7001921581920554	1.7001921581920554	0	1.7001921581920554	1.7001921581920554	0	1.7001921581920554	1.7001921581920554	0	1.7001921581920554	1.7001921581920554	-677.8601018110501	-174.8791555837052
14	-838.7881594116485	-1129.0408463725198	-838.7881594116485	-290.2526869608713	8.082991788818745	0.06945695785429172	0.005428245392820941	0.04340190944660033	0.008512042740540335	0.0037455289284884508	0.029998118714732083	0.009602228151562836	0.014351662706052995	0.08088243950181816	0.01532705687753197	0.011956174567574453	0.004575688216860385	0.05146108287851414	0.011229655298872862	0.01252524147773501	0.03702337910652562	0.0035212759937627153	0.0336785375202696	0.008386599377817928	0.046059842833478276	0.04178348192898261	0.0024709805645738332	0.025582411403987856	6.444338768246578E-4	0.002748234361752394	0.0053952824425226205	0.1899281133530737	0.015582099028946458	0.035362800872746666	0.03499525940016744	0.028466400857205407	0.0164727054407927	0.028708116780071888	0.018710009008803707	0.026057785559506205	0.01788248663673729	0.008085730297453731	3.587375992977077E-5	0.010555756748907196	1.5496353000244156	0.9659969377090155	0.7242562300995437	1.2576983311613137	0.5950713388238001	1.0675274727549913	0.600065137211318	1.9714850778094148	2.3280137992012047	0.09257875585673228	1.5496353000244156	1.5496353000244156	1.5496353000244156	0	1.5496353000244156	1.5496353000244156	0	1.5496353000244156	1.5496353000244156	0	1.5496353000244156	1.5496353000244156	-677.793241398833	-160.99491801281556
15	-832.4529678223373	-1114.2892463107928	-832.4529678223373	-281.83627848845543	7.442963091553384	0.06945695785429172	0.004997985331525068	0.04340190944660033	0.008512042740540335	0.0037455289284884508	0.029998118714732083	0.009602228151562836	0.014351662706052995	0.03852759261946835	0.01532705687753197	0.08626281785983045	0.004575688216860385	0.08118442363422995	0.011229655298872862	0.01252524147773501	0.04965488523315961	0.0035212759937627153	0.0336785375202696	0.008386599377817928	0.046059842833478276	0.04178348192898261	0.0024709805645738332	0.025582411403987856	6.444338768246578E-4	0.002748234361752394	0.0053952824425226205	0.006089144237969246	0.015582099028946458	0.01132354037057115	0.03499525940016744	0.17596749269771916	0.0164727054407927	0.01520887132587799	0.018710009008803707	0.026057785559506205	0.01788248663673729	0.008085730297453731	1.5020405718867334E-4	0.01743521206913223	2.0382166217705917	0.9639598548102511	0.575852279598922	1.0827956467203674	0.8012717678918757	1.1660444603849496	0.6281736736928761	1.639273541731582	1.8361658756081538	0.06005061057740946	2.0382166217705917	2.0382166217705917	2.0382166217705917	0	2.0382166217705917	2.0382166217705917	0	2.0382166217705917	2.0382166217705917	0	2.0382166217705917	2.0382166217705917	-662.8110221227109	-169.64194569962643
16	-825.8943067808891	-1113.3326568470532	-825.8943067808891	-287.43835006616405	6.3687690448798095	0.06945695785429172	0.004997985331525068	0.04340190944660033	0.008512042740540335	0.0037455289284884508	0.09400723746118507	0.0237112443676247	0.014351662706052995	0.03852759261946835	0.01532705687753197	0.008144682897315597	0.004575688216860385	0.0552588214571369	0.011229655298872862	0.005196398679725406	0.04965488523315961	0.0035212759937627153	0.0336785375202696	0.008386599377817928	0.0457593679563397	0.04178348192898261	0.03572542553967649	0.025882886281126435	6.444338768246578E-4	0.002748234361752394	0.0053952824425226205	0.006089144237969246	0.015582099028946458	0.01132354037057115	0.03499525940016744	0.13308140358535803	0.0164727054407927	0.01520887132587799	0.018710009008803707	0.06894387467186734	0.01788248663673729	0.008085730297453731	2.2534698482982145E-4	0.017779233001653162	2.253002902933303	0.6993735839236699	0.49587071818379164	0.4451329070828095	0.7936046880169366	1.269765522028166	0.5964783645181847	1.4404442664729775	3.2008381826116112	0.05296590583246139	2.253002902933303	2.253002902933303	2.253002902933303	0	2.253002902933303	2.253002902933303	0	2.253002902933303	2.253002902933303	0	2.253002902933303	2.253002902933303	-667.7874165731157	-158.10689020777338
17	-821.2911089104571	-1109.6293581085063	-821.2911089104571	-288.3382491980492	8.179181339024165	0.06945695785429172	0.004997985331525068	0.04340190944660033	0.008512042740540335	0.0037455289284884508	0.09400723746118507	0.0237112443676247	0.014351662706052995	0.03852759261946835	0.01532705687753197	0.008144682897315597	0.004575688216860385	0.023551844381173304	0.011229655298872862	0.005196398679725406	0.04965488523315961	0.0035212759937627153	0.0336785375202696	0.008386599377817928	0.0457593679563397	0.04178348192898261	0.03572542553967649	0.025882886281126435	6.444338768246578E-4	0.03445521143771599	0.0053952824425226205	0.006089144237969246	0.015582099028946458	0.01132354037057115	0.03499525940016744	0.10819597471691911	0.0164727054407927	0.01520887132587799	0.018710009008803707	0.06894387467186734	0.04276791550517621	0.008085730297453731	5.164990252987116E-5	0.016178790927610886	2.053299187215545	1.020931856587554	0.7084020644046735	0.5011420753417801	1.243594018224005	0.9625879744981142	0.5516586457374795	1.9720290815845318	2.9216057800496427	0.022840056790872726	2.053299187215545	2.053299187215545	2.053299187215545	0	2.053299187215545	2.053299187215545	0	2.053299187215545	2.053299187215545	0	2.053299187215545	2.053299187215545	-653.3380404120109	-167.95306849844624
18	-820.8466860787973	-1103.7906991783761	-820.8466860787973	-282.94401309957885	8.619197816180439	0.06945695785429172	0.004997985331525068	0.038839545135771536	0.008512042740540335	0.008307893239317243	0.09400723746118507	0.04588361156237561	0.014351662706052995	0.03852759261946835	0.031045218333880714	0.008144682897315597	0.004575688216860385	0.023551844381173304	0.011229655298872862	0.005196398679725406	0.04965488523315961	0.0035212759937627153	0.0336785375202696	0.008386599377817928	0.045784390441403894	0.04178348192898261	0.03572542553967649	0.06479919236086783	6.444338768246578E-4	0.03445521143771599	0.0053952824425226205	0.006089144237969246	0.015582099028946458	0.01132354037057115	0.03499525940016744	0.04708227895736261	7.545439844439568E-4	0.01520887132587799	0.018710009008803707	0.06894387467186734	0.04276791550517621	0.008085730297453731	2.4215922823407512E-4	0.0205468740247495	2.053455645069532	1.8146191783861316	0.5170927409360196	0.5307468769263765	1.1698824930728884	0.8633994768241443	0.9922039292303421	1.6299482208659934	2.446174514778822	0.019542146567533572	2.053455645069532	2.053455645069532	2.053455645069532	0	2.053455645069532	2.053455645069532	0	2.053455645069532	2.053455645069532	0	2.053455645069532	2.053455645069532	-650.4251555835068	-170.4215304952906
19	-777.8264449809268	-1081.8446535478706	-777.8264449809268	-304.0182085669437	8.178166067627142	0.06945695785429172	0.004997985331525068	0.038839545135771536	0.008512042740540335	0.018411397010117847	0.052909013051790146	0.10158362800082196	0.014351662706052995	0.025954405546586665	0.031045218333880714	0.01741252702947091	0.004575688216860385	0.023551844381173304	0.011229655298872862	0.005196398679725406	0.04965488523315961	0.0035212759937627153	0.015121832741199367	0.008386599377817928	0.04908973338213027	0.0723290058486936	0.009134814369984298	0.06479919236086783	6.444338768246578E-4	0.03445521143771599	0.0053952824425226205	0.006089144237969246	0.015582099028946458	0.01132354037057115	0.004943712218713467	0.04708227895736261	7.545439844439568E-4	0.005105367555077386	0.018710009008803707	0.06894387467186734	0.04276791550517621	0.0381372774789077	6.043802114494321E-5	0.012448009556825705	1.4936763392537094	1.221418340756316	0.5622639294625537	0.9706861532503822	0.9028677601513376	1.3275520848320128	0.803943005869801	2.4098107213072506	1.6107249551268266	0.04741609981431861	1.4936763392537094	1.4936763392537094	1.4936763392537094	0	1.4936763392537094	1.4936763392537094	0	1.4936763392537094	1.4936763392537094	0	1.4936763392537094	1.4936763392537094	-633.9909004424255	-143.83554453850127
20	-768.8518849333818	-1063.7381236868227	-768.8518849333818	-294.88623875344103	7.913839726531788	0.06945695785429172	0.004997985331525068	0.038839545135771536	0.028316160468624882	0.018411397010117847	0.052909013051790146	0.04674905947254934	0.03970734429171126	0.04729418100707715	0.03009147077494198	0.08094351930934993	0.004575688216860385	0.023551844381173304	0.011229655298872862	0.005196398679725406	0.015132782568547859	0.0035212759937627153	0.015121832741199367	0.008386599377817928	0.04908973338213027	0.0487506433405661	0.009134814369984298	0.04103480890224985	6.444338768246578E-4	0.03445521143771599	0.0053952824425226205	0.029853527696587223	0.015582099028946458	0.01132354037057115	0.004943712218713467	0.028231908788216797	7.545439844439568E-4	0.014457839793990276	0.018710009008803707	0.06894387467186734	0.0016019249766356797	0.07265938014351946	4.106935704025973E-5	0.01015237490891099	1.2919137734010775	1.0712218650240604	0.4738040334267213	1.6517905535544248	1.3702111978732534	1.9207744333576222	0.6256393205095301	1.957200334597871	2.078546893542537	0.07083775502632146	1.2919137734010775	1.2919137734010775	1.2919137734010775	0	1.2919137734010775	1.2919137734010775	0	1.2919137734010775	1.2919137734010775	0	1.2919137734010775	1.2919137734010775	-631.1371551021324	-137.71472983124943
21	-768.1975476500636	-1072.3957424590747	-768.1975476500636	-304.1981948090111	7.990263978090853	0.06945695785429172	0.004997985331525068	0.038839545135771536	0.02613775383712029	0.0331975266200234	0.052909013051790146	0.036001268547534354	0.03970734429171126	0.04729418100707715	0.02508656775159343	0.08094351930934993	0.004575688216860385	0.023551844381173304	0.011229655298872862	0.005196398679725406	0.015132782568547859	0.0035212759937627153	0.04022539392012901	0.008386599377817928	0.04908973338213027	0.0487506433405661	0.009134814369984298	0.02596869986113147	6.444338768246578E-4	0.03445521143771599	0.0053952824425226205	0.007894937487620157	0.015582099028946458	0.01132354037057115	0.004943712218713467	0.028231908788216797	7.545439844439568E-4	0.014457839793990276	0.03377611804992209	0.06894387467186734	0.0016019249766356797	0.07265938014351946	3.52674152139519E-5	0.013510876266629038	1.6630975212530292	0.968780279200651	0.29524554138010045	1.3875156194786764	1.708845074853571	1.412928934355974	0.7257412536106165	2.697178258644965	2.760305244787561	0.0825446863976913	1.6630975212530292	1.6630975212530292	1.6630975212530292	0	1.6630975212530292	1.6630975212530292	0	1.6630975212530292	1.6630975212530292	0	1.6630975212530292	1.6630975212530292	-617.1993090586886	-150.998238591375
22	-762.8900290531417	-1062.6779253867642	-762.8900290531417	-299.7878963336224	7.892049832957977	0.08555590874274475	0.014957572888458115	0.038839545135771536	0.02613775383712029	0.028282980377144495	0.0676615908605825	0.019100478410525507	0.04462189053459016	0.04729418100707715	0.02508656775159343	0.08094351930934993	0.004575688216860385	0.023551844381173304	0.056978074922025876	0.005196398679725406	0.015132782568547859	0.0035212759937627153	0.007382431985093793	0.008386599377817928	0.004338496667329855	0.032651692452113065	0.009134814369984298	0.02596869986113147	6.444338768246578E-4	0.03445521143771599	0.0053952824425226205	0.007894937487620157	0.015582099028946458	0.00716199491025904	0.004943712218713467	0.028231908788216797	7.545439844439568E-4	0.014457839793990276	0.050676908186930936	0.023195455048714328	0.05864550372105802	0.07265938014351946	5.583422684729032E-4	0.01429820183721184	1.4634346884812421	0.8548420809300505	0.3483767106178136	1.1753051623590118	0.9782787439232261	1.0605244085012129	0.6688784148005853	3.7955524616378	2.1600983915040475	0.1094769260705981	1.4634346884812421	1.4634346884812421	1.4634346884812421	0	1.4634346884812421	1.4634346884812421	0	1.4634346884812421	1.4634346884812421	0	1.4634346884812421	1.4634346884812421	-612.6467644931557	-150.24326455998593
23	-761.813623192473	-1049.4141173554422	-761.813623192473	-287.60049416296926	8.779264436722562	0.08555590874274475	0.014957572888458115	0.038839545135771536	0.02613775383712029	0.028282980377144495	0.0676615908605825	0.019100478410525507	0.04462189053459016	0.04729418100707715	0.02508656775159343	0.08094351930934993	0.004575688216860385	0.023551844381173304	0.056978074922025876	0.005196398679725406	0.015132782568547859	0.0035212759937627153	0.007382431985093793	0.008386599377817928	0.004338496667329855	0.032651692452113065	0.009134814369984298	0.02596869986113147	6.444338768246578E-4	0.03445521143771599	0.0053952824425226205	0.007894937487620157	0.015582099028946458	0.00716199491025904	0.004943712218713467	0.028231908788216797	7.545439844439568E-4	0.014457839793990276	0.04545159769625795	0.06977979105909947	0.063870814211731	0.026075044133134315	8.313458945936497E-5	0.009363243886631335	1.5569148699142967	0.9810337832312755	0.6388820500454595	2.6751948471572127	1.0002946903423724	1.0406782965579755	0.6484457640805393	3.364543664469262	2.1735509354707934	0.027338980401297668	1.5569148699142967	1.5569148699142967	1.5569148699142967	0	1.5569148699142967	1.5569148699142967	0	1.5569148699142967	1.5569148699142967	0	1.5569148699142967	1.5569148699142967	-597.2409376642047	-164.5726855282683
24	-761.646037235289	-1070.691949565319	-761.646037235289	-309.0459123300299	9.433278566533307	0.11074065202054094	0.006793006847688465	0.0702016201464834	0.014083537027159407	0.028282980377144495	0.051389500050922535	0.012132574576274341	0.008764531060191108	0.04729418100707715	0.02508656775159343	0.08094351930934993	0.004575688216860385	0.023551844381173304	0.056978074922025876	0.021468489489385373	0.015132782568547859	0.0035212759937627153	0.007382431985093793	0.008386599377817928	0.023360617311541904	0.04012844379875034	0.009134814369984298	0.02596869986113147	0.019549922474915927	0.03445521143771599	0.0053952824425226205	0.007894937487620157	0.015582099028946458	0.00716199491025904	0.009438996682400655	0.028231908788216797	7.545439844439568E-4	0.014457839793990276	0.020266854418461766	0.06977979105909947	0.053129891654409386	0.018598292786497037	4.2459756360178864E-4	0.014027182747372519	0.7989006462240055	1.3155443863347027	0.5211495484630205	1.9133994997510577	1.096299288395546	1.0574497188302074	0.7832674175816771	3.3531867575824186	2.653786592283304	0.04731167617103011	0.7989006462240055	0.7989006462240055	0.7989006462240055	0	0.7989006462240055	0.7989006462240055	0	0.7989006462240055	0.7989006462240055	0	0.7989006462240055	0.7989006462240055	-616.2395314565958	-145.40650577869314
25	-761.1016299825956	-1067.136011808475	-761.1016299825956	-306.03438182587934	8.834806276293346	0.12543561697219252	0.006793006847688465	0.0702016201464834	0.014083537027159407	0.028282980377144495	0.051389500050922535	0.038752616426192626	0.008764531060191108	0.04729418100707715	0.02508656775159343	0.05253527223804408	0.004575688216860385	0.05196009145247915	0.08460464939894062	0.021468489489385373	0.015132782568547859	0.042671768363745075	0.016317946608532016	0.008386599377817928	0.023360617311541904	0.012501869321835599	0.004310057624607108	0.02596869986113147	0.019549922474915927	0.007835169587797702	0.0053952824425226205	0.007894937487620157	0.015582099028946458	0.00716199491025904	0.009438996682400655	0.01836170058194242	7.545439844439568E-4	0.014457839793990276	0.06197679063014694	0.028069854847414297	0.005043884660988804	0.018598292786497037	2.2820723173561596E-4	0.012419611892197013	1.1926194745192107	1.0974363398416884	0.4124309002307312	1.6042124687887371	0.619538046373015	0.7314857709976819	1.1706222899151377	6.743314892999666	2.2466726813694806	0.0626255339720868	1.1926194745192107	1.1926194745192107	1.1926194745192107	0	1.1926194745192107	1.1926194745192107	0	1.1926194745192107	1.1926194745192107	0	1.1926194745192107	1.1926194745192107	-621.9060789400171	-139.19555104257844
26	-742.1189160030464	-1052.7562640010003	-742.1189160030464	-310.6373479979539	8.712194895202106	0.11506154494303644	0.006793006847688465	0.0702016201464834	0.014083537027159407	0.028282980377144495	0.03273671387761519	0.038752616426192626	0.008764531060191108	0.04729418100707715	0.030303453430009814	0.06362064338726933	0.004575688216860385	0.05196009145247915	0.09184403564189868	0.021468489489385373	0.015132782568547859	0.042671768363745075	0.016317946608532016	0.008386599377817928	0.023360617311541904	0.012501869321835599	0.004310057624607108	0.02596869986113147	0.019549922474915927	0.0026182839093813193	0.0053952824425226205	0.007894937487620157	0.034234885202253804	0.00716199491025904	0.009438996682400655	0.03667166655050469	7.545439844439568E-4	0.017592525580188298	0.032581453512359415	0.028069854847414297	0.005043884660988804	0.018598292786497037	6.364041398742231E-5	0.011079356810680879	0.8842614995077881	1.194528007653784	0.4839463985885645	1.4758467093558958	0.6884586679598493	0.6928326269158886	1.241860551916183	7.854845475010904	1.6976745026903965	0.0772796801622027	0.8842614995077881	0.8842614995077881	0.8842614995077881	0	0.8842614995077881	0.8842614995077881	0	0.8842614995077881	0.8842614995077881	0	0.8842614995077881	0.8842614995077881	-616.2632164262003	-125.85569957684605
27	-736.573433537823	-1037.3509330875295	-736.573433537823	-300.7774995497066	9.246978865910805	0.1234247416155898	0.006793006847688465	0.0702016201464834	0.014083537027159407	0.028282980377144495	0.028582783153787553	0.049005779568352587	0.008764531060191108	0.04729418100707715	0.030303453430009814	0.06362064338726933	0.004575688216860385	0.05196009145247915	0.09184403564189868	0.021468489489385373	0.03524203923675581	0.042671768363745075	0.007954749935978653	0.007438810459233659	0.013748293311367038	0.012501869321835599	0.004310057624607108	0.02596869986113147	0.019549922474915927	0.0026182839093813193	0.0053952824425226205	0.007894937487620157	0.034234885202253804	0.00716199491025904	0.009438996682400655	0.021023290382723547	7.545439844439568E-4	0.017592525580188298	0.032581453512359415	0.028069854847414297	0.005043884660988804	0.018598292786497037	9.459297526254664E-5	0.019184439063210015	0.8505630326519904	0.8665402562496041	0.6673711073001184	1.6272624983947872	0.9102111230383293	0.6579170679018743	1.3805826702876012	9.4870188765209	2.077600066212151	0.19749847259265182	0.8505630326519904	0.8505630326519904	0.8505630326519904	0	0.8505630326519904	0.8505630326519904	0	0.8505630326519904	0.8505630326519904	0	0.8505630326519904	0.8505630326519904	-585.0009963350186	-151.5724372028044
28	-735.9812856498742	-1029.4644577299712	-735.9812856498742	-293.48317208009706	6.628658911106996	0.1234247416155898	0.05569185768643137	0.0702016201464834	0.014083537027159407	0.028282980377144495	0.03591675692790604	0.058343917775020765	0.008764531060191108	0.00204603409652003	0.030303453430009814	0.06362064338726933	0.004575688216860385	0.04262195324581097	0.042945184803155775	0.021468489489385373	0.07315621237319445	0.02678629954397492	0.007954749935978653	0.007438810459233659	0.013748293311367038	0.012501869321835599	0.004310057624607108	0.02596869986113147	0.019549922474915927	0.0026182839093813193	0.0053952824425226205	0.007894937487620157	0.03179619779753261	0.009600682314980236	0.009438996682400655	0.021023290382723547	7.545439844439568E-4	0.017592525580188298	0.032581453512359415	0.028069854847414297	0.005043884660988804	0.03448376160626719	1.2848125933147768E-4	0.015012579333170859	1.6777857078399314	0.8194122187533402	1.1364789327955063	2.10611868433102	0.772441106190603	1.3599149392738628	1.3061163584762054	5.884459482972904	1.983219198709212	0.10633081855236667	1.6777857078399314	1.6777857078399314	1.6777857078399314	0	1.6777857078399314	1.6777857078399314	0	1.6777857078399314	1.6777857078399314	0	1.6777857078399314	1.6777857078399314	-574.3800652574088	-161.60122039246542
29	-733.5855343672407	-1027.294033481253	-733.5855343672407	-293.70849911401234	8.308291778520227	0.1234247416155898	0.05569185768643137	0.0702016201464834	0.014083537027159407	0.028282980377144495	0.02293845717698302	0.058343917775020765	0.008764531060191108	0.00204603409652003	0.030303453430009814	0.07659894313819235	0.004575688216860385	0.04262195324581097	0.042945184803155775	0.021468489489385373	0.02412595768366063	0.05536462403145835	0.007954749935978653	0.007438810459233659	0.013748293311367038	0.012501869321835599	0.02476198782665749	0.009982942633677369	0.019549922474915927	0.0026182839093813193	0.02138103966997672	0.007894937487620157	0.03179619779753261	0.014543098152426492	0.009438996682400655	0.021023290382723547	7.545439844439568E-4	0.017592525580188298	0.032581453512359415	0.02312743900996804	0.005043884660988804	0.03448376160626719	1.9295295568899855E-5	0.016041736796226728	1.3989229680432593	0.5030900812194855	1.3113065327216025	1.8807603627862925	0.8525685306790785	1.2060931712588547	1.6291693220820596	5.929132940360582	2.095465098793436	0.1205909049143774	1.3989229680432593	1.3989229680432593	1.3989229680432593	0	1.3989229680432593	1.3989229680432593	0	1.3989229680432593	1.3989229680432593	0	1.3989229680432593	1.3989229680432593	-595.1547553043397	-138.43077906290105
30	-729.9274967594743	-1021.1889483794257	-729.9274967594743	-291.26145161995146	6.694115521687169	0.08804109815652206	0.05569185768643137	0.0702016201464834	0.014083537027159407	0.028282980377144495	0.05811220924587286	0.058343917775020765	0.008764531060191108	0.00204603409652003	0.030303453430009814	0.07659894313819235	0.004575688216860385	0.04545840918251376	0.0077714327342659345	0.04206748802055413	0.02412595768366063	0.05536462403145835	0.007954749935978653	0.007438810459233659	0.013748293311367038	0.012501869321835599	0.02476198782665749	0.009982942633677369	0.019549922474915927	0.0026182839093813193	0.02138103966997672	0.007894937487620157	0.03179619779753261	0.014543098152426492	0.009438996682400655	0.0111266569290569	0.04603482089717835	0.017592525580188298	0.02974499757565663	0.02312743900996804	0.005043884660988804	0.013884763075098436	2.192367258485029E-4	0.010898246231488551	1.747693990294314	0.8272430355170715	0.9490266796608159	1.9360965566664512	0.9801525310928356	1.242018948038879	1.3280875915379675	4.931343474621187	2.7616034882591443	0.053794778267550684	1.747693990294314	1.747693990294314	1.747693990294314	0	1.747693990294314	1.747693990294314	0	1.747693990294314	1.747693990294314	0	1.747693990294314	1.747693990294314	-569.7780499470091	-160.14944681246516
31	-727.545701963288	-1028.3184566092054	-727.545701963288	-300.7727546459174	6.770045680805365	0.08804109815652206	0.022517708329006125	0.03385801799127636	0.014083537027159407	0.028282980377144495	0.05811220924587286	0.058343917775020765	0.008764531060191108	0.038389636251727075	0.030303453430009814	0.00623445944445708	0.004575688216860385	0.04545840918251376	0.01742272588748038	0.04206748802055413	0.0944904413773959	0.05536462403145835	0.007954749935978653	0.007438810459233659	8.541078824082227E-4	0.012501869321835599	0.02476198782665749	0.009982942633677369	0.03244410790387474	0.0026182839093813193	0.05455518902740196	0.007894937487620157	0.010912824789361827	0.014543098152426492	0.009438996682400655	0.0111266569290569	0.04603482089717835	0.017592525580188298	0.02974499757565663	0.034359518864924374	0.005043884660988804	0.013884763075098436	1.991569634045911E-4	0.015601310491415584	1.7517965856752409	0.8091774176424532	0.7689003461133062	1.418893473709052	1.5749062789741186	1.540382229429755	1.3790873183395995	4.289491903665392	2.9760305786518244	0.12182802086416779	1.7517965856752409	1.7517965856752409	1.7517965856752409	0	1.7517965856752409	1.7517965856752409	0	1.7517965856752409	1.7517965856752409	0	1.7517965856752409	1.7517965856752409	-592.9428904748543	-134.6028114884338
32	-726.051201405817	-1032.6795419703635	-726.051201405817	-306.62834056454653	8.629499145791744	0.08804109815652206	0.022517708329006125	0.03385801799127636	0.014083537027159407	0.028282980377144495	0.05811220924587286	0.058343917775020765	0.03125559264845375	0.038389636251727075	0.030303453430009814	0.00623445944445708	0.004575688216860385	0.04545840918251376	0.01742272588748038	0.04206748802055413	0.051955701089875544	0.05536462403145835	0.007954749935978653	0.007438810459233659	8.541078824082227E-4	0.0644582558954576	0.02476198782665749	0.009982942633677369	0.009953046315612099	0.0026182839093813193	0.05455518902740196	0.007894937487620157	0.010912824789361827	0.014543098152426492	0.017642908691680934	0.0111266569290569	0.04603482089717835	0.00817087929408665	0.02974499757565663	0.026155606855644095	0.005043884660988804	0.013884763075098436	1.1931576592482896E-4	0.013062107232983391	1.759182063446985	1.1444687649277347	0.6178186970794308	1.3267186066917467	1.9544810912819053	1.0671538899487099	1.409237257544155	4.50828514228139	3.3542014899785992	0.10169055496328751	1.759182063446985	1.759182063446985	1.759182063446985	0	1.759182063446985	1.759182063446985	0	1.759182063446985	1.759182063446985	0	1.759182063446985	1.759182063446985	-590.3900079756891	-135.66119343012792
33	-724.474042635017	-1044.8617035049579	-724.474042635017	-320.3876608699408	11.982186451407705	0.08546808594952682	0.022517708329006125	0.03385801799127636	0.024875328643336678	0.028282980377144495	0.05811220924587286	0.047552126158843494	0.03125559264845375	0.038389636251727075	0.030303453430009814	0.00623445944445708	0.004575688216860385	0.027533830708179607	0.01742272588748038	0.04206748802055413	0.0698802795642097	0.054665692111234496	0.007954749935978653	0.007438810459233659	8.541078824082227E-4	0.0644582558954576	0.02476198782665749	0.009982942633677369	0.009953046315612099	0.0026182839093813193	0.05455518902740196	0.007894937487620157	0.010912824789361827	0.014543098152426492	0.017642908691680934	0.0019870064075928617	0.04603482089717835	0.018009461735774543	0.02974499757565663	0.026155606855644095	0.005043884660988804	0.016457775282093676	1.6800454194985687E-4	0.019346159500128066	0.9220771979814828	1.1528410635568074	0.6005469419229582	1.1340552436645712	2.1796494326954345	0.9372841613969679	1.6663227786911703	4.822095106036214	4.367993175399541	0.10402525888598708	0.9220771979814828	0.9220771979814828	0.9220771979814828	0	0.9220771979814828	0.9220771979814828	0	0.9220771979814828	0.9220771979814828	0	0.9220771979814828	0.9220771979814828	-589.3043239810377	-135.16971865397932
34	-723.0168250980109	-1023.3380510494309	-723.0168250980109	-300.32122595141993	8.411372278445077	0.05414188399081499	0.022517708329006125	0.07483686808916895	0.024875328643336678	0.028282980377144495	0.05811220924587286	0.047552126158843494	0.03125559264845375	0.038389636251727075	0.024683120564091915	0.00623445944445708	0.004575688216860385	0.027533830708179607	0.020973521732007047	0.001088637922661534	0.0698802795642097	0.054665692111234496	0.007954749935978653	0.007438810459233659	8.541078824082227E-4	0.0644582558954576	0.02476198782665749	0.009982942633677369	0.041965630460495604	0.01119402375146214	0.022542604882518455	0.007894937487620157	0.010912824789361827	0.014543098152426492	0.017642908691680934	0.0019870064075928617	0.040415559813310895	0.023628722819641998	0.021169257733575808	0.026155606855644095	0.005043884660988804	0.04985351426219674	7.912974469247227E-5	0.011445871610060433	0.9094603516234799	1.1484892147138408	0.5621938601623266	1.0222216792933774	2.9260663329249876	0.8379681696343941	1.298800846651988	5.684843281182148	3.9262227865442916	0.17834239667916799	0.9094603516234799	0.9094603516234799	0.9094603516234799	0	0.9094603516234799	0.9094603516234799	0	0.9094603516234799	0.9094603516234799	0	0.9094603516234799	0.9094603516234799	-582.7010498567511	-140.3157752412599
35	-721.8499852081442	-1029.0254381073673	-721.8499852081442	-307.1754528992232	9.4163335047893	0.05414188399081499	0.022517708329006125	0.05954780661622555	0.024875328643336678	0.028282980377144495	0.05811220924587286	0.0190727829698569	0.00878969340321141	0.038389636251727075	0.024683120564091915	0.02152352091740048	0.004575688216860385	0.013111552474805999	0.04945286492099364	0.04848903804427082	0.0698802795642097	0.054665692111234496	0.007954749935978653	0.007438810459233659	0.02332000712765056	0.0644582558954576	0.02476198782665749	0.006044258376806208	0.041965630460495604	0.01119402375146214	0.022542604882518455	0.007894937487620157	0.010912824789361827	0.014543098152426492	0.017642908691680934	0.0019870064075928617	0.058776522303555664	0.023628722819641998	0.021169257733575808	0.026155606855644095	0.005043884660988804	0.0024531141405874507	8.713742528117771E-5	0.015426176205351468	0.6776077617789209	1.207191945387491	0.6090688922863525	1.3192407017069472	3.707235448284326	0.41831683537440517	1.6484441773540714	3.5556405071878427	2.8637828697966174	0.12321571526252477	0.6776077617789209	0.6776077617789209	0.6776077617789209	0	0.6776077617789209	0.6776077617789209	0	0.6776077617789209	0.6776077617789209	0	0.6776077617789209	0.6776077617789209	-601.8450059440362	-120.00497926410796
36	-717.4726279588039	-1032.1904325660487	-717.4726279588039	-314.7178046072449	10.778699417534066	0.02531922184748292	0.030350735014782027	0.015612193291927479	0.024875328643336678	0.028282980377144495	0.05811220924587286	0.0190727829698569	0.00878969340321141	0.038389636251727075	0.024683120564091915	0.02152352091740048	0.006680061267924309	0.024243151165103782	0.04945286492099364	0.04848903804427082	0.0698802795642097	0.054665692111234496	0.007954749935978653	0.007438810459233659	0.05721056399554933	0.0644582558954576	0.006084236942936569	0.04997987170110428	0.041965630460495604	0.01119402375146214	0.022542604882518455	0.007894937487620157	0.010912824789361827	0.014543098152426492	0.004952124626086615	0.0019870064075928617	0.017052938749880994	0.023628722819641998	0.0317556687481062	0.05497826899897616	0.012590036854411943	0.0024531141405874507	3.090378484158572E-5	0.009050984748853628	0.8723233887324585	1.2291581256578787	0.5464721883702934	1.2027939645985883	4.2840316090515635	0.634559265329054	1.5958721088294738	3.499990113991451	2.803921769688293	0.10479960640015537	0.8723233887324585	0.8723233887324585	0.8723233887324585	0	0.8723233887324585	0.8723233887324585	0	0.8723233887324585	0.8723233887324585	0	0.8723233887324585	0.8723233887324585	-584.186302660232	-133.2863252985719
37	-712.6131566848513	-1018.9714608765092	-712.6131566848513	-306.3583041916579	10.15376648789809	0.029525568246396627	0.030350735014782027	0.030074655651314897	0.012750600991093305	0.028282980377144495	0.05811220924587286	0.0190727829698569	0.00878969340321141	0.038389636251727075	0.024683120564091915	0.01708344359976774	0.006680061267924309	0.024243151165103782	0.04669868474373205	0.04848903804427082	0.0698802795642097	0.054665692111234496	0.007954749935978653	0.007438810459233659	0.05721056399554933	0.0644582558954576	0.006084236942936569	0.04997987170110428	0.054090358112738976	0.01119402375146214	0.024092349660612897	0.007894937487620157	0.010912824789361827	0.014543098152426492	0.004952124626086615	0.0019870064075928617	0.017052938749880994	0.00616434946050802	0.03619574606573894	0.05497826899897616	0.012590036854411943	0.0024531141405874507	1.9333001495250646E-4	0.010354309262904416	1.1084912458140135	0.8210830226123188	0.4662785115815474	1.4176588463693758	3.6589699584178312	0.5374792551490144	2.2264011066416556	2.152254877964839	2.5590781348928973	0.13274313932738444	1.1084912458140135	1.1084912458140135	1.1084912458140135	0	1.1084912458140135	1.1084912458140135	0	1.1084912458140135	1.1084912458140135	0	1.1084912458140135	1.1084912458140135	-573.1711660389531	-139.44199064589824
38	-711.9096317074082	-1028.5535201304365	-711.9096317074082	-316.64388842302844	9.516662243752679	0.029525568246396627	0.030350735014782027	0.02422747773319095	0.012750600991093305	0.028282980377144495	0.004471304944930268	0.0190727829698569	0.009752332109741205	0.038389636251727075	0.024683120564091915	0.01708344359976774	0.006680061267924309	0.024243151165103782	0.0765409206350862	0.02946167615133241	0.0698802795642097	0.054665692111234496	0.007954749935978653	0.007438810459233659	0.05721056399554933	0.0644582558954576	0.010968776154530721	0.04997987170110428	0.03085678649129607	0.01119402375146214	0.024092349660612897	0.007894937487620157	0.010912824789361827	0.014543098152426492	0.04567376535440003	0.0019870064075928617	0.017052938749880994	0.00616434946050802	0.01325555065668882	0.05497826899897616	0.023293509140122168	0.040027798459583694	6.052262873308631E-5	0.012012310352206436	0.9799341104888286	0.6202495582187589	0.32478672566662986	1.7475321271215276	4.455450363327547	0.7038888697079537	1.657825442253026	1.9784991362965372	2.3905085525963314	0.12777348703679983	0.9799341104888286	0.9799341104888286	0.9799341104888286	0	0.9799341104888286	0.9799341104888286	0	0.9799341104888286	0.9799341104888286	0	0.9799341104888286	0.9799341104888286	-568.9159140180584	-142.9937176893497
39	-708.4942022757645	-994.9990117999412	-708.4942022757645	-286.5048095241767	9.688436088301248	0.029525568246396627	0.03766908495913812	0.02422747773319095	0.012750600991093305	0.028282980377144495	0.004471304944930268	0.03229801296511578	0.009752332109741205	0.038389636251727075	0.02024429868739383	0.01708344359976774	0.006680061267924309	0.024243151165103782	0.0765409206350862	0.02946167615133241	0.0698802795642097	0.028357475057535483	0.007954749935978653	0.007438810459233659	0.05721056399554933	0.0644582558954576	0.010968776154530721	0.009960676291795409	0.07087598190060494	0.01119402375146214	0.024092349660612897	0.007894937487620157	0.010912824789361827	0.014543098152426492	0.04567376535440003	0.0019870064075928617	0.017052938749880994	0.00616434946050802	0.05710132906881926	0.03443468905936119	0.023293509140122168	0.026929058977850348	2.759282346071358E-4	0.01664750243403293	0.7858340092574154	0.5939750945675516	0.5447574451901908	1.744362175023815	3.7785569403634565	0.85083010249936	1.9875435694845558	1.3228768773719597	2.356424879823869	0.10472692494994405	0.7858340092574154	0.7858340092574154	0.7858340092574154	0	0.7858340092574154	0.7858340092574154	0	0.7858340092574154	0.7858340092574154	0	0.7858340092574154	0.7858340092574154	-561.7051776755754	-146.789024600189
40	-706.2665618193057	-1006.3827616208814	-706.2665618193057	-300.11619980157576	10.54307180322004	0.029525568246396627	0.01165636420635685	0.05024019848597222	0.012750600991093305	0.028282980377144495	0.004471304944930268	0.03229801296511578	0.009752332109741205	0.038389636251727075	0.02024429868739383	0.10882540602965471	0.006680061267924309	0.011341340218583129	0.012563675043940611	0.042363487097853064	0.049349638095926934	0.028357475057535483	0.007954749935978653	0.007438810459233659	0.05721056399554933	0.0644582558954576	0.0028849877693420817	0.009960676291795409	0.07087598190060494	0.01119402375146214	0.024092349660612897	0.007894937487620157	0.010912824789361827	0.007309022781967878	0.04567376535440003	0.0019870064075928617	0.017052938749880994	0.00616434946050802	0.05710132906881926	0.03443468905936119	0.03137729752531081	0.026929058977850348	1.4143266281266292E-4	0.01892682352864857	0.6465849996835114	0.7172005472373776	0.5064829557115547	1.8217214072197996	4.176956066093837	0.40923852878091677	1.565504578061229	0.9693836959669362	2.720030619906567	0.10433459660380222	0.6465849996835114	0.6465849996835114	0.6465849996835114	0	0.6465849996835114	0.6465849996835114	0	0.6465849996835114	0.6465849996835114	0	0.6465849996835114	0.6465849996835114	-574.2148501067841	-132.05171171252158
41	-702.6628391724385	-986.1083586467661	-702.6628391724385	-283.4455194743276	11.440821560296165	0.026306472258990188	0.01165636420635685	0.05024019848597222	0.012750600991093305	0.028282980377144495	0.013542370887750857	0.03229801296511578	0.012971428097147644	0.08114163590382083	0.02024429868739383	0.10882540602965471	0.006680061267924309	0.011341340218583129	0.012563675043940611	0.042363487097853064	0.049349638095926934	0.028357475057535483	0.006211309758017189	0.007438810459233659	0.049882938230690205	0.03684253437394523	0.0028849877693420817	0.009960676291795409	0.07207365623960503	0.01119402375146214	0.02289467532161281	0.007894937487620157	0.010912824789361827	0.007309022781967878	0.0029217657023062754	0.0019870064075928617	0.017052938749880994	0.00616434946050802	0.05710132906881926	0.03443468905936119	0.05899301904682318	0.026929058977850348	1.466419931416339E-4	0.00839476189037552	0.6125731687842626	0.5614880826675283	0.4010793321485602	1.9572686387572678	4.20411948865503	0.4454842086725782	1.7472821692488365	1.4194466004110398	3.5288290825599633	0.15151191280980253	0.6125731687842626	0.6125731687842626	0.6125731687842626	0	0.6125731687842626	0.6125731687842626	0	0.6125731687842626	0.6125731687842626	0	0.6125731687842626	0.6125731687842626	-554.6497240489987	-148.01311512343977
42	-701.2487908273417	-998.9506396719935	-701.2487908273417	-297.7018488446518	12.717721370973747	0.026306472258990188	0.02800837265441869	0.05024019848597222	0.012750600991093305	0.028282980377144495	0.013542370887750857	0.03229801296511578	0.012971428097147644	0.08398364019981285	0.02024429868739383	0.10882540602965471	0.001994400728017154	0.011341340218583129	0.012563675043940611	0.042363487097853064	0.049349638095926934	0.028357475057535483	0.006211309758017189	0.007438810459233659	0.049882938230690205	0.03684253437394523	0.0028849877693420817	0.009960676291795409	0.053960708333789395	0.029306971657277775	0.027580335861519964	0.007894937487620157	0.010912824789361827	0.00446701848597586	0.0029217657023062754	0.0019870064075928617	0.017052938749880994	0.00616434946050802	0.05710132906881926	0.03443468905936119	0.05899301904682318	0.01057705052978851	2.578654660225959E-5	0.015072557715349344	0.7636034898605427	0.5731036130261883	0.4906584184328951	1.6835464495577963	3.956774353777933	0.6090704046327194	1.0903101651276932	2.5525870290024	3.4701682857111815	0.11506898020626347	0.7636034898605427	0.7636034898605427	0.7636034898605427	0	0.7636034898605427	0.7636034898605427	0	0.7636034898605427	0.7636034898605427	0	0.7636034898605427	0.7636034898605427	-588.5216987648889	-112.72709206245281
43	-698.1471204464735	-1001.0962271084268	-698.1471204464735	-302.9491066619533	7.548410738971192	0.026306472258990188	0.02800837265441869	0.05024019848597222	0.012750600991093305	0.028282980377144495	0.013542370887750857	0.03229801296511578	0.01251491116336774	0.08398364019981285	0.02024429868739383	0.10882540602965471	0.001994400728017154	0.011341340218583129	0.012563675043940611	0.042363487097853064	0.049349638095926934	0.028357475057535483	0.006211309758017189	0.007438810459233659	0.049882938230690205	0.03684253437394523	0.0028849877693420817	0.009960676291795409	0.0544172252675693	0.029306971657277775	0.027580335861519964	0.007894937487620157	0.010912824789361827	0.00446701848597586	0.0029217657023062754	0.0019870064075928617	0.017052938749880994	0.00616434946050802	0.05710132906881926	0.03443468905936119	0.05899301904682318	0.01057705052978851	1.6674805561932754E-4	0.014430090979364114	0.9754211453316689	0.6004849257768755	0.447820828141561	2.027682923937068	3.320728570821538	0.7157298476080587	1.0330048076596519	2.4326850876254493	1.9844480315592525	0.06950249344704344	0.9754211453316689	0.9754211453316689	0.9754211453316689	0	0.9754211453316689	0.9754211453316689	0	0.9754211453316689	0.9754211453316689	0	0.9754211453316689	0.9754211453316689	-577.292547375465	-120.85457307100859
44	-695.9606745324002	-995.9427510675105	-695.9606745324002	-299.9820765351103	5.954481767255991	0.026306472258990188	0.031843407566222504	0.05024019848597222	0.016759417279112163	0.028282980377144495	0.013542370887750857	0.03840003084652374	0.01251491116336774	0.08014860528800903	0.02024429868739383	0.10882540602965471	0.001994400728017154	0.007332523930564272	0.012563675043940611	0.042363487097853064	0.049349638095926934	0.028357475057535483	0.006211309758017189	0.007438810459233659	0.049882938230690205	0.03684253437394523	0.0028849877693420817	0.009960676291795409	0.04831520738616134	0.029306971657277775	0.027580335861519964	0.007894937487620157	0.010912824789361827	0.00446701848597586	0.0029217657023062754	0.0019870064075928617	0.017052938749880994	0.00616434946050802	0.05710132906881926	0.03443468905936119	0.05899301904682318	0.01057705052978851	1.0298139638466761E-4	0.012753763132474923	0.6864422178413284	0.47832659496914953	0.3840035495171968	2.038469066866617	2.256777597902377	0.8831428139064789	1.1417369305696943	2.249105137304598	1.546134995965335	0.10235805266245676	0.6864422178413284	0.6864422178413284	0.6864422178413284	0	0.6864422178413284	0.6864422178413284	0	0.6864422178413284	0.6864422178413284	0	0.6864422178413284	0.6864422178413284	-573.5367970626874	-122.42387746971275
45	-695.5364256205676	-1001.3939352344739	-695.5364256205676	-305.8575096139064	6.655336460721182	0.016670142946469735	0.07695238969766993	0.05024019848597222	0.016759417279112163	0.028282980377144495	0.013542370887750857	0.03840003084652374	0.04499869987837808	0.009452871928906079	0.12139393208035462	0.044677834959141766	0.001994400728017154	0.016968853243084725	0.027619817814426892	0.042363487097853064	0.049349638095926934	0.028357475057535483	0.006211309758017189	0.007438810459233659	0.049882938230690205	0.006388634340087393	0.020814042042213474	0.009960676291795409	0.04831520738616134	0.014250828886791495	0.027580335861519964	0.007894937487620157	0.010487731933209385	0.00446701848597586	0.02196035464137179	0.0019870064075928617	0.017052938749880994	0.00616434946050802	0.03959736765210031	0.03443468905936119	0.026509230331812836	0.01057705052978851	2.484748323868228E-4	0.010059693811776828	1.0105840672891673	0.7569093193004067	0.5433041260893963	1.5237953644111846	2.1661171662064884	0.5760328310255995	1.051857750502581	3.0880722748871055	2.553286142068709	0.049728366770178535	1.0105840672891673	1.0105840672891673	1.0105840672891673	0	1.0105840672891673	1.0105840672891673	0	1.0105840672891673	1.0105840672891673	0	1.0105840672891673	1.0105840672891673	-565.1809472563604	-130.35547836420727
46	-695.3651912813925	-991.3669806399926	-695.3651912813925	-296.0017893586	9.375752990242216	0.016670142946469735	0.06514711775067028	0.05024019848597222	0.04283133973115931	0.028282980377144495	0.013542370887750857	0.03840003084652374	0.04499869987837808	0.009452871928906079	0.06469017131605878	0.09003689197779605	0.001994400728017154	0.016968853243084725	0.027619817814426892	0.042363487097853064	0.049349638095926934	0.028357475057535483	0.006211309758017189	0.007438810459233659	0.049882938230690205	0.006388634340087393	0.006086823335807887	0.02176594823879506	0.04831520738616134	0.022890931850826662	0.018940232897484796	0.007894937487620157	0.010487731933209385	0.00446701848597586	0.02196035464137179	0.0019870064075928617	0.017052938749880994	0.00616434946050802	0.03959736765210031	0.03443468905936119	0.026509230331812836	0.01057705052978851	1.2809955202429377E-4	0.009437129303080927	1.194257030424114	0.7904501439115401	0.5648944603207939	1.3755230068747184	1.9051884451796763	0.7307927419934813	0.9366782472050972	3.143348623434332	1.4774881911802542	0.08691027178724861	1.194257030424114	1.194257030424114	1.194257030424114	0	1.194257030424114	1.194257030424114	0	1.194257030424114	1.194257030424114	0	1.194257030424114	1.194257030424114	-562.1412202150069	-133.22397106638562
47	-693.3444085393965	-996.799677863203	-693.3444085393965	-303.45526932380653	9.244585394548768	0.016670142946469735	0.06514711775067028	0.03301530747972731	0.04283133973115931	0.028282980377144495	0.06820054434052077	0.03840003084652374	0.04499869987837808	0.009452871928906079	0.05219287039341433	0.03537871852502614	0.014491701650661604	0.01845332363822716	0.027619817814426892	0.042363487097853064	0.049349638095926934	0.028357475057535483	0.006211309758017189	0.007438810459233659	0.049882938230690205	0.006388634340087393	0.006086823335807887	0.02176594823879506	0.04831520738616134	0.022890931850826662	0.018940232897484796	0.007894937487620157	0.010487731933209385	0.00446701848597586	0.02196035464137179	5.025360124504274E-4	0.017052938749880994	0.023389240466752934	0.03959736765210031	0.03443468905936119	0.026509230331812836	0.01057705052978851	1.9120571152054825E-4	0.01583346630364039	0.8531429924080769	0.7452616469422833	0.6927484225101092	1.2805686104351575	2.0918049782505164	0.8766864255727114	0.45427733309184953	5.786460185971099	1.1885689959068138	0.04268523554996899	0.8531429924080769	0.8531429924080769	0.8531429924080769	0	0.8531429924080769	0.8531429924080769	0	0.8531429924080769	0.8531429924080769	0	0.8531429924080769	0.8531429924080769	-554.7074828502775	-138.6369256891189
48	-692.7994621838079	-1015.5106703984954	-692.7994621838079	-322.7112082146876	8.587367219111961	0.031856834454534466	0.06514711775067028	0.03301530747972731	0.026916211905559415	0.028282980377144495	0.04299888049124308	0.03840003084652374	0.07020036372765577	0.011816079190130932	0.05219287039341433	0.03537871852502614	0.014491701650661604	0.01845332363822716	0.027619817814426892	0.042363487097853064	0.049349638095926934	0.02599426779631063	0.006211309758017189	0.007438810459233659	0.049882938230690205	0.006388634340087393	0.006086823335807887	0.02176594823879506	0.04831520738616134	0.032863739879087944	0.018940232897484796	0.007894937487620157	5.14923904948103E-4	0.00446701848597586	8.450495658008789E-4	5.025360124504274E-4	0.017052938749880994	0.024117676784288097	0.03959736765210031	0.03443468905936119	0.026509230331812836	0.03169235560535942	1.6285349169511862E-4	0.013486319732938538	0.9986975713244152	1.1452249225708182	0.7720616923952011	1.6353125232206986	2.922642458854998	0.8963620808400171	0.7021313188496358	5.351640932015049	1.3825236777202752	0.08175275446495144	0.9986975713244152	0.9986975713244152	0.9986975713244152	0	0.9986975713244152	0.9986975713244152	0	0.9986975713244152	0.9986975713244152	0	0.9986975713244152	0.9986975713244152	-562.7334679931797	-130.06599419062815
49	-690.0456014539643	-1001.9335260149066	-690.0456014539643	-311.88792456094234	9.941248961365151	0.025293490246289907	0.06514711775067028	0.03301530747972731	0.026916211905559415	0.028282980377144495	0.04299888049124308	0.03840003084652374	0.0884412178716066	0.011816079190130932	0.007701882379259478	0.03537871852502614	0.014491701650661604	0.01845332363822716	0.027619817814426892	0.04892683130609762	0.049349638095926934	0.017640168686776744	0.006211309758017189	0.007438810459233659	0.03164208408673938	0.006388634340087393	0.006086823335807887	0.030120047348328946	0.04831520738616134	0.032863739879087944	0.06343122091163965	0.007894937487620157	5.14923904948103E-4	0.00446701848597586	8.450495658008789E-4	5.025360124504274E-4	0.017052938749880994	0.024117676784288097	0.01401061763424305	0.03443468905936119	0.026509230331812836	0.05727910562321668	2.318647075433764E-4	0.01400356650264535	0.7115804861104255	0.9510612193708627	0.44490486352291936	1.688562708391201	3.0118145433411008	1.1677903648944263	0.9162615972040017	5.153749032887548	1.7550362377473834	0.12436298344992998	0.7115804861104255	0.7115804861104255	0.7115804861104255	0	0.7115804861104255	0.7115804861104255	0	0.7115804861104255	0.7115804861104255	0	0.7115804861104255	0.7115804861104255	-578.1105294437982	-111.93507201016605
50	-689.2147150394806	-1008.6235372885319	-689.2147150394806	-319.4088222490513	14.283133403108819	0.020140777288521705	0.06514711775067028	0.04297225756930195	0.026916211905559415	0.016217045326445745	0.04299888049124308	0.03840003084652374	0.0884412178716066	0.011816079190130932	0.007701882379259478	0.03537871852502614	0.014491701650661604	0.01845332363822716	0.02357837310982379	0.04892683130609762	0.049349638095926934	0.017640168686776744	0.006211309758017189	0.007438810459233659	0.04370801913743813	0.006388634340087393	0.00785874445542177	0.030120047348328946	0.029122040863112306	0.032863739879087944	0.06343122091163965	0.007894937487620157	0.005667636862716305	0.00446701848597586	8.450495658008789E-4	5.025360124504274E-4	0.011137433364909452	0.03076249402644103	0.01401061763424305	0.051855934462796335	0.019864413089659902	0.05727910562321668	7.327406647283247E-4	0.013613431594014626	1.5733543309588995	0.837581783576347	0.29637995334811873	2.461362418492728	2.9132413931672083	1.2789617094796566	1.4495599050603591	7.865646854267642	1.832679056857723	0.11437035627776151	1.5733543309588995	1.5733543309588995	1.5733543309588995	0	1.5733543309588995	1.5733543309588995	0	1.5733543309588995	1.5733543309588995	0	1.5733543309588995	1.5733543309588995	-556.43979763204	-132.77491740744046
51	-688.5491161159061	-1005.4296776108556	-688.5491161159061	-316.8805614949494	10.117732688002533	0.020140777288521705	0.06514711775067028	0.04297225756930195	0.03165385292874982	0.016217045326445745	0.04299888049124308	0.03840003084652374	0.0884412178716066	0.014278135283168555	0.007701882379259478	0.03537871852502614	0.01202964555762398	0.01845332363822716	0.02357837310982379	0.027421629053828916	0.02062227050509055	0.017640168686776744	0.006211309758017189	0.007438810459233659	0.07617134179077664	0.010444951712648573	0.003198290565379555	0.030120047348328946	0.029122040863112306	0.032863739879087944	0.06343122091163965	0.007894937487620157	0.005667636862716305	0.00446701848597586	8.450495658008789E-4	0.024492262580096402	0.011137433364909452	0.03076249402644103	0.003656633750654281	0.051855934462796335	0.019864413089659902	0.05727910562321668	1.7393065827331792E-4	0.009350153836162197	1.3531981600010474	0.7511060144854078	0.5859091807578045	3.1104728567175157	1.6398049905858816	1.4390701997237156	1.221615322234401	6.758258880133234	1.4687699382488852	0.10762686708320802	1.3531981600010474	1.3531981600010474	1.3531981600010474	0	1.3531981600010474	1.3531981600010474	0	1.3531981600010474	1.3531981600010474	0	1.3531981600010474	1.3531981600010474	-560.350333891122	-128.1987822247841
52	-685.2052210967057	-1009.3727742385968	-685.2052210967057	-324.167553141891	9.467624585476813	0.020140777288521705	0.06514711775067028	0.038164412304555195	0.03165385292874982	0.016217045326445745	0.04299888049124308	0.03840003084652374	0.0884412178716066	0.014278135283168555	0.007701882379259478	0.03537871852502614	0.01202964555762398	0.01845332363822716	0.02357837310982379	0.018930128811481678	0.05975687570951457	0.017640168686776744	0.006211309758017189	0.007438810459233659	0.07617134179077664	0.010444951712648573	0.016932522188556884	0.030120047348328946	0.029122040863112306	0.04135524012143518	0.024296615707215627	0.007894937487620157	0.005667636862716305	0.00446701848597586	8.450495658008789E-4	0.024492262580096402	0.011137433364909452	0.03076249402644103	0.003656633750654281	0.051855934462796335	0.01093802673122933	0.05727910562321668	2.612707269452722E-4	0.010512046612319317	1.167194305668364	0.6102817107585171	0.7254459725296362	2.5136850085589795	1.3095992483813461	1.395802649515869	0.9125836886990241	4.715911781677799	1.2654200371719257	0.0659386915311791	1.167194305668364	1.167194305668364	1.167194305668364	0	1.167194305668364	1.167194305668364	0	1.167194305668364	1.167194305668364	0	1.167194305668364	1.167194305668364	-546.2375216899247	-138.96769940678098
53	-685.0995729834165	-993.4951874249157	-685.0995729834165	-308.3956144414992	10.560026941560853	0.020140777288521705	0.06514711775067028	0.038164412304555195	0.03165385292874982	0.016217045326445745	0.04299888049124308	0.03840003084652374	0.0884412178716066	0.014278135283168555	0.007701882379259478	0.03537871852502614	0.01202964555762398	0.01845332363822716	0.02357837310982379	0.018930128811481678	0.0457774843644185	0.017640168686776744	0.006211309758017189	0.007438810459233659	0.07617134179077664	0.010444951712648573	0.016932522188556884	0.030120047348328946	0.016825832990609565	0.04135524012143518	0.0382760070523117	0.007894937487620157	0.005667636862716305	0.00446701848597586	8.450495658008789E-4	0.03678847045259914	0.011137433364909452	0.03076249402644103	0.003656633750654281	0.051855934462796335	0.01093802673122933	0.05727910562321668	1.249435547957533E-4	0.011104309347562508	1.0123019639285546	0.7663144369564108	0.5633025061417263	2.292977560438424	2.060081074587425	1.518379166142766	0.9281741083697845	3.2316719922544936	1.1524851658921518	0.10995931491134218	1.0123019639285546	1.0123019639285546	1.0123019639285546	0	1.0123019639285546	1.0123019639285546	0	1.0123019639285546	1.0123019639285546	0	1.0123019639285546	1.0123019639285546	-553.5442056848051	-131.55536729861132
54	-676.9060044956643	-992.29010897446	-676.9060044956643	-315.3841044787958	8.9421197118642	0.020140777288521705	0.06514711775067028	0.05806002896964252	0.03165385292874982	0.016217045326445745	0.04299888049124308	0.03840003084652374	0.0884412178716066	0.059778972139720596	0.007701882379259478	0.03537871852502614	0.01202964555762398	0.01845332363822716	0.02357837310982379	0.018930128811481678	0.0457774843644185	0.017640168686776744	0.006211309758017189	0.007438810459233659	0.07617134179077664	0.010444951712648573	0.016932522188556884	0.030120047348328946	0.016825832990609565	0.02145962345634786	0.0382760070523117	0.007894937487620157	0.005667636862716305	0.00446701848597586	8.450495658008789E-4	0.03678847045259914	0.011137433364909452	0.03076249402644103	0.003656633750654281	0.051855934462796335	0.01093802673122933	0.011778268766664643	8.04376040496441E-5	0.01935187425267809	1.44051769830596	0.9337519632606204	0.5137850921704585	2.32460682809566	1.7599144204958628	1.5958256560020827	0.9644693546307023	2.4899339281569848	0.8436604274906246	0.03706544699342392	1.44051769830596	1.44051769830596	1.44051769830596	0	1.44051769830596	1.44051769830596	0	1.44051769830596	1.44051769830596	0	1.44051769830596	1.44051769830596	-566.7968291136921	-110.10917538197222
55	-673.9303718945439	-972.6608829767192	-673.9303718945439	-298.7305110821753	11.16962509009765	0.020140777288521705	0.06514711775067028	0.05806002896964252	0.03165385292874982	0.016217045326445745	0.04299888049124308	0.03840003084652374	0.0884412178716066	0.059778972139720596	0.007701882379259478	0.0158313159242007	0.01202964555762398	0.01845332363822716	0.02357837310982379	0.018930128811481678	0.0457774843644185	0.017640168686776744	0.0018290212797445887	0.041394837365438794	0.0020288571601698446	0.010444951712648573	0.016932522188556884	0.04966744994915438	0.00721945297027092	0.02584191193462046	0.0382760070523117	0.031106626114813185	0.005667636862716305	0.06500419450972827	8.450495658008789E-4	0.0028324435463940034	0.011137433364909452	0.03076249402644103	0.003656633750654281	0.051855934462796335	0.01093802673122933	0.011778268766664643	3.5500052313662116E-4	0.013916067140868736	0.8699563542354561	1.219316931083763	0.36815212731749736	1.3730050518818642	1.272338094741746	1.973252939471654	1.3617916781067012	2.432282306601733	1.046911636985246	0.10170477057015564	0.8699563542354561	0.8699563542354561	0.8699563542354561	0	0.8699563542354561	0.8699563542354561	0	0.8699563542354561	0.8699563542354561	0	0.8699563542354561	0.8699563542354561	-547.1632536120501	-126.76711828249381
56	-672.962641437952	-979.799055205288	-672.962641437952	-306.836413767336	8.624419766568014	0.03932429387101799	0.06514711775067028	0.05806002896964252	0.03165385292874982	0.010885960036537634	0.017036738770417073	0.019216514264027457	0.0884412178716066	0.059778972139720596	0.007701882379259478	0.029375545209625237	0.01202964555762398	0.01845332363822716	0.028287992508406842	0.02474263929481299	0.05110856965432661	0.03604584272871046	0.0018290212797445887	0.012726865172373633	0.0020288571601698446	0.010444951712648573	0.011120011705225571	0.04966744994915438	0.00721945297027092	0.021132292536037406	0.0382760070523117	0.012700952072879468	0.037084786143753976	0.06500419450972827	8.450495658008789E-4	0.0028324435463940034	0.011137433364909452	0.03076249402644103	0.003656633750654281	0.051855934462796335	0.0233559391666308	0.009029091678692133	1.5066253112918995E-4	0.013428381238287896	0.5548155295842994	0.8814391070139856	0.42553439299342044	2.674636403131472	1.2323249905213554	2.0750836189581308	1.4638615246252182	1.8072301691406651	2.1505325917701605	0.06871113769702569	0.5548155295842994	0.5548155295842994	0.5548155295842994	0	0.5548155295842994	0.5548155295842994	0	0.5548155295842994	0.5548155295842994	0	0.5548155295842994	0.5548155295842994	-564.8580033599702	-108.10463807798178
57	-671.421388797364	-992.1051109145768	-671.421388797364	-320.6837221172128	8.842104361301864	0.03932429387101799	0.065705734988315	0.05806002896964252	0.03165385292874982	0.010885960036537634	0.017036738770417073	0.019216514264027457	0.0884412178716066	0.059778972139720596	0.007701882379259478	0.009382963590984977	0.01202964555762398	0.01789470640058244	0.028287992508406842	0.02474263929481299	0.030874290526279186	0.03604584272871046	0.0018290212797445887	0.012726865172373633	0.008110854186764688	0.010444951712648573	0.011120011705225571	0.04966744994915438	0.00721945297027092	0.03528457463748999	0.030772289480816326	0.012700952072879468	0.037084786143753976	0.07250791208122365	8.450495658008789E-4	0.018242301872293587	0.011137433364909452	0.03076249402644103	0.003656633750654281	0.05643865775553701	0.0233559391666308	0.009029091678692133	2.5946013632242638E-5	0.011505022396660139	0.8604765301084834	1.2966251735698882	0.3896737903141165	2.4893780075477236	1.4093273292572206	2.4472441126738502	1.4800631681155372	1.854618230461537	2.1469665325413594	0.07442842689472688	0.8604765301084834	0.8604765301084834	0.8604765301084834	0	0.8604765301084834	0.8604765301084834	0	0.8604765301084834	0.8604765301084834	0	0.8604765301084834	0.8604765301084834	-544.9695561280041	-126.45183266935989
58	-669.4921022718491	-971.7189998318204	-669.4921022718491	-302.22689755997123	10.88691262750499	0.03409767128289498	0.065705734988315	0.05806002896964252	0.03165385292874982	0.010885960036537634	0.05208558787726787	0.019216514264027457	0.0884412178716066	0.059778972139720596	0.007701882379259478	0.009382963590984977	0.01202964555762398	0.01789470640058244	0.028287992508406842	0.02106202300507473	0.030874290526279186	0.009971459578699812	0.0018290212797445887	0.012726865172373633	0.008110854186764688	0.001033963721646422	0.011120011705225571	0.04966744994915438	0.01244607555839393	0.013361892750825527	0.030772289480816326	0.012700952072879468	0.02395861892356764	0.07250791208122365	8.450495658008789E-4	0.021922918162031846	0.020548421355911603	0.03076249402644103	0.02973101690066493	0.05643865775553701	0.0233559391666308	0.009029091678692133	1.2398788053055487E-4	0.012758966376746573	0.5113644987387774	1.466098919015815	0.33758703540255985	3.322990283040419	1.2486471389702933	3.8812812310145053	1.061776962498533	1.5199886692727596	3.6376035683918584	0.06771633730813681	0.5113644987387774	0.5113644987387774	0.5113644987387774	0	0.5113644987387774	0.5113644987387774	0	0.5113644987387774	0.5113644987387774	0	0.5113644987387774	0.5113644987387774	-557.0610742883548	-112.43102798349437
59	-668.4693519779612	-967.3086286451216	-668.4693519779612	-298.8392766671605	11.47385264891097	0.03409767128289498	0.065705734988315	0.07553522021344267	0.014178661684949675	0.010885960036537634	0.012745984794730283	0.019216514264027457	0.0884412178716066	0.04849715860940505	0.007701882379259478	0.01409032733780266	0.01202964555762398	0.01789470640058244	0.028287992508406842	0.02106202300507473	0.07835737841381282	0.004308302044721865	0.0018290212797445887	0.012726865172373633	0.03693668040611106	0.051655380334499554	0.011120011705225571	0.0449600862023367	0.01244607555839393	0.013361892750825527	0.030772289480816326	0.0050190503467180125	0.02395861892356764	0.04368208586187727	0.006508207099778826	0.021922918162031846	0.020548421355911603	0.03076249402644103	0.02973101690066493	0.008955569868003374	0.0233559391666308	0.01671099340485359	8.266524106487866E-6	0.01165830576315521	0.7765923264898892	0.9617681369660659	0.35386367157899246	3.850203708979609	1.5858640733734766	4.951033042197431	1.0567182973387903	1.3286728728584676	1.4709534341405757	0.060030135247545156	0.7765923264898892	0.7765923264898892	0.7765923264898892	0	0.7765923264898892	0.7765923264898892	0	0.7765923264898892	0.7765923264898892	0	0.7765923264898892	0.7765923264898892	-543.2634387129946	-125.20591326496668
60	-658.238661083734	-962.3215395996784	-658.238661083734	-304.08287851594446	9.899315207238205	0.025055946414875074	0.065705734988315	0.024488713889202873	0.014178661684949675	0.07935097188794848	0.012745984794730283	0.019216514264027457	0.05403928317694713	0.04849715860940505	0.007701882379259478	0.029741679117074676	0.01202964555762398	0.01789470640058244	0.028287992508406842	0.02106202300507473	0.006107061061772695	0.004308302044721865	0.0018290212797445887	0.004746183523985689	0.03693668040611106	0.051655380334499554	0.011120011705225571	0.0449600862023367	0.02946848207480178	0.013361892750825527	0.030772289480816326	0.0050190503467180125	0.006540113396396582	0.04368208586187727	0.006508207099778826	0.05632485285669131	0.011845023720204892	0.03076249402644103	0.09503338010913975	0.008955569868003374	0.0233559391666308	0.01671099340485359	1.429664805886741E-5	0.012379115726279219	1.1365819252443092	0.8932341003014518	0.33151393215704106	3.2434488232909713	1.6160728906293436	4.191130539992152	1.0080238679908577	1.7674181168744743	1.6696763537065986	0.08707452124283525	1.1365819252443092	1.1365819252443092	1.1365819252443092	0	1.1365819252443092	1.1365819252443092	0	1.1365819252443092	1.1365819252443092	0	1.1365819252443092	1.1365819252443092	-546.1480314215013	-112.09062966223269
61	-655.284797395276	-952.7945481381173	-655.284797395276	-297.50975074284133	8.640783746823885	0.025055946414875074	0.065705734988315	0.024488713889202873	0.014178661684949675	0.07935097188794848	0.012745984794730283	0.019216514264027457	0.05403928317694713	0.07046741782495246	0.007701882379259478	0.020157377530427206	0.01202964555762398	0.01789470640058244	0.028287992508406842	0.09671903508447796	0.006107061061772695	0.004308302044721865	0.05487046772286862	0.004746183523985689	0.05491445907080625	0.0024983970333878197	0.011120011705225571	0.0449600862023367	0.02946848207480178	0.013361892750825527	0.030772289480816326	0.0050190503467180125	0.006540113396396582	0.021711826646329868	0.006508207099778826	0.032261448416532	0.011845023720204892	0.032586707221926456	0.029337619054350395	0.008955569868003374	0.0233559391666308	0.01671099340485359	2.88066477461652E-4	0.014294852005058766	0.7070825187825098	0.70213187723679	0.39632719567620417	3.16474278269008	1.2450435916095561	4.427210180571911	0.8645834484517384	2.1893499774258456	1.1477240692631046	0.04443707998351377	0.7070825187825098	0.7070825187825098	0.7070825187825098	0	0.7070825187825098	0.7070825187825098	0	0.7070825187825098	0.7070825187825098	0	0.7070825187825098	0.7070825187825098	-537.8755419973611	-117.40925539791483
62	-654.2609589631915	-949.0123911533835	-654.2609589631915	-294.751432190192	8.196962343362593	0.016736071633229543	0.037991471390941056	0.05600877293879397	0.06298725881529381	0.01906246954663582	0.02782205930001576	0.019216514264027457	0.05403928317694713	0.013783440398410826	0.007701882379259478	0.020157377530427206	0.01202964555762398	0.01789470640058244	0.028287992508406842	0.059814070967458804	0.006107061061772695	0.004308302044721865	0.04933725934109111	0.041651147641004846	0.05491445907080625	0.0024983970333878197	0.011120011705225571	0.0449600862023367	0.008374148541831591	0.013361892750825527	0.030772289480816326	0.0050190503467180125	0.006540113396396582	0.045767037333350746	0.006508207099778826	0.032261448416532	0.011845023720204892	0.032586707221926456	0.03282786031718865	0.008955569868003374	0.08003991659317243	0.01671099340485359	8.042279643165811E-5	0.012182414309509062	0.7834870534298765	0.5210994407523465	0.4100976227410987	2.6299737821901963	1.3285272442775833	3.724128919809259	0.7693304405716712	2.5419292264332407	1.294508568227543	0.11064463693971267	0.7834870534298765	0.7834870534298765	0.7834870534298765	0	0.7834870534298765	0.7834870534298765	0	0.7834870534298765	0.7834870534298765	0	0.7834870534298765	0.7834870534298765	-522.0209295031242	-132.2400294600673
63	-651.3347372412095	-958.542697649403	-651.3347372412095	-307.20796040819346	7.683219410157372	0.050841848481114504	0.037991471390941056	0.08122775966270085	0.04490658104850158	0.0030373704655430878	0.02782205930001576	0.019216514264027457	0.03317780751695305	0.013783440398410826	0.007701882379259478	0.01567179525604165	0.01202964555762398	0.01789470640058244	0.028287992508406842	0.059814070967458804	0.006107061061772695	0.004308302044721865	0.06304726605851739	0.06182249837171759	0.05221326498826159	0.0024983970333878197	0.011120011705225571	0.04671889689049678	0.010580451607072314	0.013361892750825527	0.017536574781003997	0.0050190503467180125	0.006540113396396582	0.014379234746747072	0.006508207099778826	0.012090097685819257	0.011845023720204892	0.032586707221926456	0.03282786031718865	0.008955569868003374	0.08003991659317243	0.04648865551345992	8.530040779344227E-5	0.013822421980075179	0.542617314689291	0.6187587025784875	0.3438935247912639	1.2082304090664675	1.133976251381984	3.3237991867368	0.8853425923684923	1.6659991014672293	1.8737575108937783	0.1309284074146454	0.542617314689291	0.542617314689291	0.542617314689291	0	0.542617314689291	0.542617314689291	0	0.542617314689291	0.542617314689291	0	0.542617314689291	0.542617314689291	-529.1230108609625	-122.21172638024701
64	-649.3335109644181	-948.7980168607214	-649.3335109644181	-299.46450589630325	8.385996566933095	0.050841848481114504	0.037991471390941056	0.08122775966270085	0.04490658104850158	0.02499587159361072	0.02782205930001576	0.019216514264027457	0.012481890185870606	0.013783440398410826	0.007701882379259478	0.01567179525604165	0.01202964555762398	0.004753473084896709	0.04305881938138843	0.03929389563385263	0.01798571058047324	0.039109946567779316	0.047970990073716066	0.06182249837171759	0.03345662041130945	0.0024983970333878197	0.026196287690026895	0.0789722879353567	0.010580451607072314	0.013361892750825527	0.017536574781003997	0.0050190503467180125	0.006540113396396582	0.014379234746747072	0.006508207099778826	0.012090097685819257	0.011845023720204892	0.032586707221926456	0.03282786031718865	0.008955569868003374	0.03749087406283179	0.04648865551345992	2.8170187690436355E-4	0.01142648726038612	0.6792483769865764	0.6195504207244481	0.41849319420172765	2.063363054476916	1.0289379059132442	3.3974633158340213	0.7192673389822517	1.8765041423979174	1.6980462844610864	0.08117457996278829	0.6792483769865764	0.6792483769865764	0.6792483769865764	0	0.6792483769865764	0.6792483769865764	0	0.6792483769865764	0.6792483769865764	0	0.6792483769865764	0.6792483769865764	-517.805969466357	-131.52754149806105
65	-649.0926993623544	-954.4097420291564	-649.0926993623544	-305.317042666802	8.854468667008499	0.050841848481114504	0.037991471390941056	0.08122775966270085	0.04490658104850158	0.02499587159361072	0.02782205930001576	0.019216514264027457	0.012481890185870606	0.013783440398410826	0.007701882379259478	0.01567179525604165	0.01202964555762398	0.004753473084896709	0.04305881938138843	0.03929389563385263	0.04606338411343777	0.039109946567779316	0.047970990073716066	0.06182249837171759	0.03345662041130945	0.0024983970333878197	0.026196287690026895	0.0789722879353567	0.010580451607072314	0.013361892750825527	0.017536574781003997	0.0050190503467180125	0.006540113396396582	0.014379234746747072	0.006508207099778826	0.012090097685819257	0.011845023720204892	0.032586707221926456	0.03282786031718865	0.008955569868003374	0.03749087406283179	0.018410981980495386	1.8579815690901035E-4	0.009647436990837028	0.7869171742694684	0.6160540775821345	0.3496035776091868	2.339553920469748	0.9441748794538581	3.1932825520692973	0.5705248878031589	2.0858703631277162	1.3679568439444205	0.07838195563172679	0.7869171742694684	0.7869171742694684	0.7869171742694684	0	0.7869171742694684	0.7869171742694684	0	0.7869171742694684	0.7869171742694684	0	0.7869171742694684	0.7869171742694684	-516.6451900677675	-132.44750929458692
66	-647.6775972856296	-935.562486820718	-647.6775972856296	-287.88488953508835	7.899079510871864	0.050841848481114504	0.037991471390941056	0.08122775966270085	0.050154822415515984	0.02499587159361072	0.02782205930001576	0.03907518951263009	0.012481890185870606	0.013783440398410826	0.007701882379259478	0.01567179525604165	0.01202964555762398	0.004753473084896709	0.04305881938138843	0.03929389563385263	0.04606338411343777	0.039109946567779316	0.047970990073716066	0.06182249837171759	0.03345662041130945	0.0024983970333878197	0.026196287690026895	0.0789722879353567	0.010580451607072314	0.013361892750825527	0.01345140158095258	0.0050190503467180125	0.006540113396396582	0.014379234746747072	0.010593380299830243	0.006841856318804851	0.011845023720204892	0.012728031973323825	0.03282786031718865	0.008955569868003374	0.03749087406283179	0.018410981980495386	9.395311338602649E-5	0.013249292278078037	0.8495770467139405	0.7421880942684898	0.43377269960770043	2.68261502112524	1.049025594548247	4.069329154956887	0.7164948681968003	1.5488024390827564	1.1168747193276567	0.07051089903891032	0.8495770467139405	0.8495770467139405	0.8495770467139405	0	0.8495770467139405	0.8495770467139405	0	0.8495770467139405	0.8495770467139405	0	0.8495770467139405	0.8495770467139405	-506.5556013410412	-141.1219959445885
67	-647.6613361412101	-948.4928920752097	-647.6613361412101	-300.8315559339996	8.78993285184067	0.050841848481114504	0.037991471390941056	0.08122775966270085	0.050154822415515984	0.04637962529000583	0.08942761777973092	0.03907518951263009	0.012481890185870606	0.05147867489994727	0.007701882379259478	0.01567179525604165	0.011113193953152245	0.004753473084896709	0.021720371007831404	0.03929389563385263	0.029299595850321686	0.039109946567779316	0.027955995439767442	0.06182249837171759	0.03345662041130945	0.0024983970333878197	0.026196287690026895	0.010754446149150651	0.010580451607072314	0.013361892750825527	0.01345140158095258	0.0050190503467180125	0.006540113396396582	0.014379234746747072	0.010593380299830243	0.006841856318804851	0.011845023720204892	0.022214298131876906	0.03282786031718865	0.006036281693103093	0.03749087406283179	0.018410981980495386	3.033391126108936E-5	0.009233051240921906	0.7169636652669392	0.7570520892885618	0.47391835360635903	2.614995998728231	1.2035877233571024	3.169687033083715	1.033539367541946	2.2023125534467143	0.927952451095753	0.04523856233606464	0.7169636652669392	0.7169636652669392	0.7169636652669392	0	0.7169636652669392	0.7169636652669392	0	0.7169636652669392	0.7169636652669392	0	0.7169636652669392	0.7169636652669392	-554.527580694974	-93.1337554462362
68	-643.1192897294725	-940.955571250596	-643.1192897294725	-297.83628152112345	9.063522271095612	0.050841848481114504	0.037991471390941056	0.08122775966270085	0.050154822415515984	0.04637962529000583	0.08942761777973092	0.03907518951263009	0.012481890185870606	0.037885225944933695	0.007701882379259478	0.01567179525604165	0.011113193953152245	0.004753473084896709	0.021720371007831404	0.05927734782412972	0.029299595850321686	0.039109946567779316	0.005098700086331495	0.06182249837171759	0.03345662041130945	0.0024983970333878197	0.026196287690026895	0.010754446149150651	0.013727800594077175	0.013361892750825527	0.01345140158095258	0.0050190503467180125	0.006540113396396582	0.004841882524478702	0.03345067565326619	0.006841856318804851	0.011845023720204892	0.022214298131876906	0.03282786031718865	0.006036281693103093	0.03749087406283179	0.018410981980495386	1.726546461458749E-4	0.011054219077983077	0.8829533695676396	0.7544009270812528	0.6106284689078545	2.446510549335555	1.6697699594659137	2.465187553399691	1.2718986572191406	2.4753013125411814	0.8321279928762033	0.08690154169104737	0.8829533695676396	0.8829533695676396	0.8829533695676396	0	0.8829533695676396	0.8829533695676396	0	0.8829533695676396	0.8829533695676396	0	0.8829533695676396	0.8829533695676396	-509.78486346904475	-133.3344262604278
69	-642.9859962513096	-949.3571904681189	-642.9859962513096	-306.3711942168093	10.404913552153804	0.050841848481114504	0.005317000265950722	0.08122775966270085	0.050154822415515984	0.04637962529000583	0.08942761777973092	0.03907518951263009	0.012481890185870606	0.037885225944933695	0.007701882379259478	0.01567179525604165	0.011113193953152245	0.03742794420988704	0.019183865551778742	0.05927734782412972	0.029299595850321686	0.039109946567779316	0.005098700086331495	0.06182249837171759	0.03345662041130945	0.003441184905280989	0.026196287690026895	0.010754446149150651	0.013727800594077175	0.013361892750825527	0.0028085185772208504	0.0050190503467180125	0.006540113396396582	0.004841882524478702	0.03345067565326619	0.006841856318804851	0.024081624308096114	0.022214298131876906	0.03282786031718865	0.006036281693103093	0.03749087406283179	0.018410981980495386	1.0135346402604433E-4	0.009051258524338777	1.2484591118355053	0.8279693529577209	0.6425727666987512	1.1317962269311228	1.2491209807816344	2.181875545606695	1.3415978463919305	2.895348057168798	1.0476141107812602	0.07925283951182549	1.2484591118355053	1.2484591118355053	1.2484591118355053	0	1.2484591118355053	1.2484591118355053	0	1.2484591118355053	1.2484591118355053	0	1.2484591118355053	1.2484591118355053	-505.5373354451008	-137.4486608062089
70	-642.3467183767348	-945.8066413581168	-642.3467183767348	-303.4599229813821	11.070615616765204	0.050841848481114504	0.005317000265950722	0.08122775966270085	0.050154822415515984	0.06722263750416368	0.08942761777973092	0.03907518951263009	0.012481890185870606	0.037885225944933695	0.007701882379259478	0.01567179525604165	0.011113193953152245	0.03742794420988704	0.019183865551778742	0.05927734782412972	0.045568589382957464	0.039109946567779316	0.005098700086331495	0.06182249837171759	0.03345662041130945	0.003441184905280989	0.005353275475869043	0.010754446149150651	0.013727800594077175	0.013361892750825527	0.0028085185772208504	0.0050190503467180125	0.0037945513547665705	0.004841882524478702	0.03345067565326619	0.006841856318804851	0.007812630775460336	0.024959860173506918	0.03282786031718865	0.006036281693103093	0.03749087406283179	0.018410981980495386	1.669798316527527E-4	0.012538946918946966	0.7846074962056403	0.4776827793124324	0.39708584850546025	0.8433991200022276	0.8177582842266642	1.4262249693131905	1.5244478061933053	3.710189225597958	1.05524508157238	0.0825964375089488	0.7846074962056403	0.7846074962056403	0.7846074962056403	0	0.7846074962056403	0.7846074962056403	0	0.7846074962056403	0.7846074962056403	0	0.7846074962056403	0.7846074962056403	-523.5779280902436	-118.76879028649118
71	-627.6463126939636	-926.8198164556019	-627.6463126939636	-299.17350376163824	9.600270622621487	0.050841848481114504	0.005317000265950722	0.08122775966270085	0.050154822415515984	0.025200556579621836	0.08942761777973092	0.05189374101843078	0.012481890185870606	0.037885225944933695	0.0013766773508393226	0.021997000284461804	0.011113193953152245	0.03742794420988704	0.019183865551778742	0.05927734782412972	0.032750037877156774	0.039109946567779316	0.005098700086331495	0.06182249837171759	0.03345662041130945	0.003441184905280989	0.005353275475869043	0.010754446149150651	0.013727800594077175	0.013361892750825527	0.0448305995017627	0.0050190503467180125	0.0472945235353822	0.004841882524478702	0.008493470734288397	0.006841856318804851	0.007812630775460336	0.0064170929118690795	0.03282786031718865	0.006036281693103093	0.03749087406283179	0.018410981980495386	3.7970212782398855E-5	0.01009596251790128	0.4744203368790722	0.402082300685783	0.3445228250442904	1.2721728474094403	0.79348840231513	2.172481809355816	0.7713309423028913	4.048258464881982	0.8518789365140444	0.08643794756666037	0.4744203368790722	0.4744203368790722	0.4744203368790722	0	0.4744203368790722	0.4744203368790722	0	0.4744203368790722	0.4744203368790722	0	0.4744203368790722	0.4744203368790722	-517.1489560074081	-110.49735668655562
72	-623.6962775901825	-937.9364032308197	-623.6962775901825	-314.24012564063713	7.042166977363893	0.050841848481114504	0.005317000265950722	0.08122775966270085	0.014663721131114957	0.025200556579621836	0.04959853217676731	0.05189374101843078	0.058113848191940834	0.037885225944933695	0.002105647569372121	0.021997000284461804	0.011113193953152245	0.03742794420988704	0.019183865551778742	0.009888564184750565	0.032750037877156774	0.022910323468650615	0.005098700086331495	0.016190540365647363	0.04965624351043815	0.003441184905280989	0.005353275475869043	0.010754446149150651	0.013727800594077175	0.013361892750825527	0.0448305995017627	0.0050190503467180125	0.0472945235353822	0.054230666163857855	0.008493470734288397	0.04233295760320588	0.007083660556927537	0.0064170929118690795	0.03282786031718865	0.006036281693103093	0.0773199596657954	0.018410981980495386	7.852309185003416E-5	0.01172488149341163	0.4316695362169396	0.6782762862809514	0.2795608704013055	1.1683483666998395	0.9542317919332051	3.0071308886562647	0.7414860673469655	3.7493406197498014	0.6211232186424214	0.10012668305778719	0.4316695362169396	0.4316695362169396	0.4316695362169396	0	0.4316695362169396	0.4316695362169396	0	0.4316695362169396	0.4316695362169396	0	0.4316695362169396	0.4316695362169396	-513.7601196649057	-109.93615792527686
73	-623.1716537761037	-922.7569434930258	-623.1716537761037	-299.5852897169221	8.370512570286277	0.050841848481114504	0.005317000265950722	0.08122775966270085	0.014663721131114957	0.025200556579621836	0.04959853217676731	0.040232774317645686	0.058113848191940834	0.037885225944933695	0.002105647569372121	0.021997000284461804	0.011113193953152245	0.049088910910672134	0.025681759979028426	0.009888564184750565	0.032750037877156774	0.022910323468650615	0.005098700086331495	0.016190540365647363	0.04965624351043815	0.003441184905280989	0.005353275475869043	0.010754446149150651	0.013727800594077175	0.013361892750825527	0.0448305995017627	0.0050190503467180125	0.0472945235353822	0.054230666163857855	0.001995576307038713	0.04233295760320588	0.007083660556927537	0.0064170929118690795	0.03282786031718865	0.006036281693103093	0.0773199596657954	0.018410981980495386	1.4617992847099014E-4	0.009868520228717207	0.5375257639256239	0.7231705250150043	0.3351939277627939	1.0511088862705988	1.1370625538969932	2.6493643609089044	0.5893546373800594	3.3613578570948115	1.0425564834715644	0.08854132055398331	0.5375257639256239	0.5375257639256239	0.5375257639256239	0	0.5375257639256239	0.5375257639256239	0	0.5375257639256239	0.5375257639256239	0	0.5375257639256239	0.5375257639256239	-499.13469563716865	-124.03695813893503
74	-621.9349981703367	-925.7674336241308	-621.9349981703367	-303.8324354537941	7.038253837848644	0.02476188174632199	0.006447222920086149	0.08122775966270085	0.014663721131114957	0.025200556579621836	0.04959853217676731	0.08617409005919094	0.0633594071800115	0.037885225944933695	0.002105647569372121	0.021997000284461804	0.011113193953152245	0.049088910910672134	0.025681759979028426	0.009888564184750565	0.032750037877156774	0.022910323468650615	0.005098700086331495	0.016190540365647363	0.04965624351043815	0.003441184905280989	0.005353275475869043	0.039565887464295665	0.013727800594077175	0.013361892750825527	0.01408558428878147	0.0050190503467180125	0.0472945235353822	0.054230666163857855	0.00771414682680914	0.07307797281618711	0.007083660556927537	0.0036856183315165797	0.03282786031718865	0.004906059038967667	0.02566007340447972	0.013165422992424722	1.9639429183733697E-4	0.012472931094891969	0.3254578060929865	0.8358447872496306	0.4592674585228607	1.6799729311608418	1.3954813771622383	3.7114733147190813	1.0472800450348738	2.743478083274357	1.0422766928657419	0.13928185881378377	0.3254578060929865	0.3254578060929865	0.3254578060929865	0	0.3254578060929865	0.3254578060929865	0	0.3254578060929865	0.3254578060929865	0	0.3254578060929865	0.3254578060929865	-506.38683026429203	-115.5481679060447
75	-620.7045211600772	-920.9608701793569	-620.7045211600772	-300.2563490192797	9.71307979808526	0.02476188174632199	0.006447222920086149	0.08122775966270085	0.014663721131114957	0.0015403486823818424	0.04959853217676731	0.08343599395203546	0.0633594071800115	0.037885225944933695	0.002105647569372121	0.021997000284461804	0.011113193953152245	0.025959574696281185	0.025681759979028426	0.009888564184750565	0.001267697685410879	0.022910323468650615	0.005098700086331495	0.016190540365647363	0.04965624351043815	0.027101392802520982	0.008091371583024518	0.039565887464295665	0.013727800594077175	0.04484423294257142	0.01408558428878147	0.0050190503467180125	0.0472945235353822	0.054230666163857855	0.00771414682680914	0.09620730903057806	0.007083660556927537	0.0036856183315165797	0.03282786031718865	0.004906059038967667	0.02566007340447972	0.013165422992424722	9.876787379963479E-5	0.013787779619509413	0.6166345961636429	0.4378561121359164	0.40881643045381433	1.8877479009539746	1.1343837127292156	3.510095768399484	1.0998207529417752	2.410538179213771	1.0790183304615448	0.08002266013496226	0.6166345961636429	0.6166345961636429	0.6166345961636429	0	0.6166345961636429	0.6166345961636429	0	0.6166345961636429	0.6166345961636429	0	0.6166345961636429	0.6166345961636429	-501.24284338469084	-119.46167777538636
76	-620.2335574964835	-936.3256213913386	-620.2335574964835	-316.0920638948551	10.42571597144431	0.02476188174632199	0.006447222920086149	0.06493358455410098	0.014663721131114957	0.0015403486823818424	0.017258605777134187	0.06576219820966009	0.0633594071800115	0.020397155001079068	0.002105647569372121	0.021997000284461804	0.05974729546138524	0.04363337043865656	0.030484384973307396	0.009888564184750565	0.001267697685410879	0.022910323468650615	0.005098700086331495	0.03367861130950199	0.011240461585499045	0.027101392802520982	0.008091371583024518	0.034763262470016695	0.013727800594077175	0.04484423294257142	0.01408558428878147	0.0050190503467180125	0.08571030546032131	0.054230666163857855	0.00771414682680914	0.09620730903057806	0.007083660556927537	0.0036856183315165797	0.03282786031718865	0.004906059038967667	0.02566007340447972	0.013165422992424722	3.330005724284364E-4	0.009246608064634024	0.7057370490336872	0.39347951346948123	0.4353068596844818	3.60661333469349	1.72094456775786	2.636176383362727	0.910027549885336	2.144684988241151	1.4979215567728592	0.08849304785687145	0.7057370490336872	0.7057370490336872	0.7057370490336872	0	0.7057370490336872	0.7057370490336872	0	0.7057370490336872	0.7057370490336872	0	0.7057370490336872	0.7057370490336872	-510.1751005138394	-110.05845698264407
77	-620.1307816528158	-947.5766487055666	-620.1307816528158	-327.44586705275077	11.371497422446808	0.02476188174632199	0.006447222920086149	0.036281276061116696	0.014663721131114957	0.0015403486823818424	0.06589677940705392	0.057574785276947454	0.01715273424713755	0.020397155001079068	0.002105647569372121	0.01956549958741602	0.05974729546138524	0.04363337043865656	0.030484384973307396	0.009888564184750565	0.001267697685410879	0.022910323468650615	0.005098700086331495	0.03367861130950199	0.039892770078483325	0.02471558510064785	0.016278784515737152	0.034763262470016695	0.013727800594077175	0.04484423294257142	0.017073808895403428	0.0050190503467180125	0.010260718467885552	0.054230666163857855	0.0831637338192449	0.09620730903057806	0.007083660556927537	0.0036856183315165797	0.03282786031718865	0.004906059038967667	0.02566007340447972	0.012563006087675896	3.840673681517615E-4	0.008629039641292923	0.4716609247476533	0.2834042558841119	0.4689024146851118	2.5223109001290145	2.652579327596821	3.419572729194869	1.0423320496795945	2.4999225807661554	1.2233654149627655	0.09910005224340598	0.4716609247476533	0.4716609247476533	0.4716609247476533	0	0.4716609247476533	0.4716609247476533	0	0.4716609247476533	0.4716609247476533	0	0.4716609247476533	0.4716609247476533	-508.58731725878533	-111.54346439403045
78	-616.5647038993718	-937.4162299396885	-616.5647038993718	-320.8515260403166	11.287684663868605	0.02476188174632199	0.006447222920086149	0.12458186824437417	0.014663721131114957	0.0015403486823818424	0.03978660949875863	0.04342805667038982	0.01715273424713755	0.020397155001079068	0.002105647569372121	0.057302983567656035	0.05974729546138524	0.04363337043865656	0.04463111357986503	0.009888564184750565	0.001267697685410879	0.022910323468650615	0.005098700086331495	0.05520751615343443	0.039892770078483325	0.02471558510064785	0.016278784515737152	0.034763262470016695	0.013727800594077175	0.04484423294257142	0.017073808895403428	0.0050190503467180125	0.010260718467885552	0.054230666163857855	0.04542624983900488	0.012487981911683432	0.007083660556927537	0.0036856183315165797	0.03282786031718865	0.004906059038967667	0.02566007340447972	0.012563006087675896	2.4749867586229486E-4	0.008525443236521409	0.4552435066604297	0.32363102830096185	0.44983973047948317	1.3230396778299198	1.921087765713708	4.672223988060612	1.0675629039460206	1.8666070912171646	1.1704216294494478	0.1421299743057025	0.4552435066604297	0.4552435066604297	0.4552435066604297	0	0.4552435066604297	0.4552435066604297	0	0.4552435066604297	0.4552435066604297	0	0.4552435066604297	0.4552435066604297	-479.6192823408446	-136.94542155852713
79	-614.9959670109976	-921.6261690263213	-614.9959670109976	-306.6302020153238	10.039109088385967	0.02476188174632199	0.006447222920086149	0.02217380541932351	0.014663721131114957	0.0015403486823818424	0.03978660949875863	0.04342805667038982	0.01715273424713755	0.020397155001079068	0.002105647569372121	0.021142248465341934	0.1621553582864359	0.04363337043865656	0.026890919311560832	0.009888564184750565	0.001267697685410879	0.022910323468650615	0.041259435188645596	0.04077627957825479	0.039892770078483325	0.02471558510064785	0.04845021535922099	0.04587966728604974	0.013727800594077175	0.04484423294257142	0.01768672720877683	0.0050190503467180125	0.010260718467885552	0.053617747850484454	0.04542624983900488	0.012487981911683432	0.007083660556927537	0.0036856183315165797	0.03282786031718865	0.004906059038967667	0.02566007340447972	0.0014466012716428528	2.3040637165398702E-4	0.00787619162814111	0.4374083220011142	0.251626655304989	0.22482473976709103	2.095381379706313	1.3939121433662014	4.892428532219411	0.5424815816538467	1.5639996420816904	1.1941617495682395	0.14443949350610236	0.4374083220011142	0.4374083220011142	0.4374083220011142	0	0.4374083220011142	0.4374083220011142	0	0.4374083220011142	0.4374083220011142	0	0.4374083220011142	0.4374083220011142	-503.9691979307935	-111.02676908020408
80	-614.7607460209451	-913.531891728238	-614.7607460209451	-298.7711457072928	6.818493210006094	0.02665958080361841	0.04373600598146765	0.02217380541932351	0.014663721131114957	0.022454377375292656	0.021163095646367716	0.04342805667038982	0.01715273424713755	0.020397155001079068	0.002105647569372121	0.021142248465341934	0.1621553582864359	0.04363337043865656	0.01712202840530684	0.009888564184750565	0.001267697685410879	0.022910323468650615	0.041259435188645596	0.04077627957825479	0.039892770078483325	0.02471558510064785	0.04845021535922099	0.04587966728604974	0.013727800594077175	0.0075554498811899184	0.01768672720877683	0.0050190503467180125	0.010260718467885552	0.06338663875673844	0.04542624983900488	0.010590282854387012	0.007083660556927537	0.0036856183315165797	0.007966430802311852	0.004906059038967667	0.023369558563959822	0.02630803078651965	1.690812715382899E-4	0.011636377303836558	0.49036371426072856	0.2646266495629023	0.23689862539880818	2.259460977025825	1.2351748122045425	5.404908625260372	0.44356245659034044	2.4402728566167435	1.6220119025016435	0.2385495171932862	0.49036371426072856	0.49036371426072856	0.49036371426072856	0	0.49036371426072856	0.49036371426072856	0	0.49036371426072856	0.49036371426072856	0	0.49036371426072856	0.49036371426072856	-475.0517478754973	-139.70899814544777
81	-613.0005659246954	-911.6691293650588	-613.0005659246954	-298.6685634403634	7.446640265568827	0.02665958080361841	0.030641069718922664	0.02217380541932351	0.014663721131114957	0.022454377375292656	0.02671183137455553	0.04342805667038982	0.01715273424713755	0.020397155001079068	0.04482601134729089	0.021142248465341934	0.18526116958822103	0.04363337043865656	0.01712202840530684	0.009888564184750565	0.001267697685410879	0.022910323468650615	0.041259435188645596	0.04077627957825479	0.039892770078483325	0.02471558510064785	0.01882478784384721	0.04587966728604974	0.013727800594077175	0.0075554498811899184	0.01768672720877683	0.0050190503467180125	0.010260718467885552	0.040280827454953316	0.04542624983900488	0.010590282854387012	0.007083660556927537	0.0036856183315165797	0.0024176950741240377	0.004906059038967667	0.023369558563959822	0.02630803078651965	9.780826029447785E-5	0.00938817866910544	0.40212805595462264	0.17771241252792833	0.25229039970976636	1.8779925039576602	1.0422859218922713	5.881938527877744	0.6683914711137634	4.0118809127744575	1.6189473899323763	0.236823101974842	0.40212805595462264	0.40212805595462264	0.40212805595462264	0	0.40212805595462264	0.40212805595462264	0	0.40212805595462264	0.40212805595462264	0	0.40212805595462264	0.40212805595462264	-496.69300270442943	-116.30756322026593
82	-609.0533396114809	-906.7978632104729	-609.0533396114809	-297.74452359899203	6.406399814000317	0.02665958080361841	0.030641069718922664	0.02217380541932351	0.014663721131114957	0.022454377375292656	0.02671183137455553	0.04342805667038982	0.01715273424713755	0.020397155001079068	0.04482601134729089	0.021142248465341934	0.06314054339579034	0.042521427781869736	0.01712202840530684	0.009888564184750565	0.001267697685410879	0.022910323468650615	0.10393150538724348	0.04077627957825479	0.047461580921534935	0.02471558510064785	0.01882478784384721	0.022042833415831006	0.013727800594077175	0.0075554498811899184	0.01768672720877683	0.0050190503467180125	0.07082121711850518	0.05654885048212044	0.04542624983900488	0.010590282854387012	0.007083660556927537	0.0036856183315165797	0.0024176950741240377	0.004906059038967667	0.023369558563959822	0.02630803078651965	3.5394392914678193E-4	0.012852806711360474	0.31453604232907667	0.09276542808341211	0.15648009093324075	2.472820618612759	1.1598066014874218	2.180647043227145	0.8898311332277432	2.9109919508490063	1.6652448786420588	0.2722397548052428	0.31453604232907667	0.31453604232907667	0.31453604232907667	0	0.31453604232907667	0.31453604232907667	0	0.31453604232907667	0.31453604232907667	0	0.31453604232907667	0.31453604232907667	-491.14122328855706	-117.91211632292381
83	-602.8984576184097	-907.5728843704394	-602.8984576184097	-304.67442675202966	10.4927038371154	0.02665958080361841	0.030641069718922664	0.02217380541932351	0.014663721131114957	0.022454377375292656	0.02671183137455553	0.04342805667038982	0.01715273424713755	0.020397155001079068	0.04482601134729089	0.021142248465341934	0.054521328778054046	0.03104076798957467	0.01712202840530684	0.1320753797541406	0.001267697685410879	0.022910323468650615	0.0023562862838651805	0.04077627957825479	0.047461580921534935	0.02471558510064785	0.017907107269798703	0.022042833415831006	0.013727800594077175	0.0075554498811899184	0.01768672720877683	0.0050190503467180125	0.037197589560890795	0.05654885048212044	0.04542624983900488	0.010590282854387012	0.007083660556927537	0.0036856183315165797	0.0024176950741240377	0.004906059038967667	0.07709306053160557	0.006614114894556419	3.675049463076857E-5	0.007430045160826817	0.3700630340704573	0.10323557145043295	0.17860493687696807	3.707418723709333	1.101873291855261	2.159101843209333	1.2009014384961298	2.832535678038803	1.7545701790385333	0.44494333646680095	0.3700630340704573	0.3700630340704573	0.3700630340704573	0	0.3700630340704573	0.3700630340704573	0	0.3700630340704573	0.3700630340704573	0	0.3700630340704573	0.3700630340704573	-487.4995576835403	-115.3988999348694
84	-602.5546624996407	-918.3103280557191	-602.5546624996407	-315.7556655560784	11.476320560845771	0.02665958080361841	0.01832710844813845	0.02217380541932351	0.014663721131114957	0.022454377375292656	0.02671183137455553	0.050155765855387696	0.02933609535100197	0.020397155001079068	0.014727341102597852	0.021142248465341934	0.054521328778054046	0.03104076798957467	0.00493866730144242	0.07839341179973489	0.001267697685410879	0.05300899371334365	0.0023562862838651805	0.04077627957825479	0.08565316285006971	0.009376538134461695	0.007364588735389463	0.022042833415831006	0.0797237298192671	0.0075554498811899184	0.01768672720877683	0.0050190503467180125	0.037197589560890795	0.012514413660867363	0.007234667910470102	0.021132801388796252	3.5595137192966086E-4	0.019024665297702734	0.04645213189537711	0.004906059038967667	0.07709306053160557	0.006614114894556419	9.717826608126023E-5	0.00951845435269973	0.42194828643306703	0.0658482807722387	0.1302898146596375	3.1344762572116265	0.9002753018732222	1.6568975668678263	1.1396484146539498	4.3077572110951365	1.7619148331257997	0.3142189828038046	0.42194828643306703	0.42194828643306703	0.42194828643306703	0	0.42194828643306703	0.42194828643306703	0	0.42194828643306703	0.42194828643306703	0	0.42194828643306703	0.42194828643306703	-475.34742176518466	-127.20724073445601
85	-598.2022185360414	-913.9014287840444	-598.2022185360414	-315.69921024800294	10.103972142294621	0.02665958080361841	0.01832710844813845	0.02217380541932351	0.02619535663528387	0.022454377375292656	0.02671183137455553	0.03862413035121878	0.02933609535100197	0.020397155001079068	0.014727341102597852	0.021142248465341934	0.028274770097399204	0.03104076798957467	0.00493866730144242	0.037806888987502146	0.001267697685410879	0.025363847606876697	0.0023562862838651805	0.04077627957825479	0.08565316285006971	0.009376538134461695	0.007364588735389463	0.022042833415831006	0.07943969166716323	0.0075554498811899184	0.0179707653608807	0.0050190503467180125	0.06484273566735775	0.0531009364731001	0.007234667910470102	0.04737936006945109	3.5595137192966086E-4	0.019024665297702734	0.04645213189537711	0.004906059038967667	0.07709306053160557	0.006614114894556419	3.645751711851225E-4	0.010184964403097728	0.4709660818161743	0.04546952212711449	0.08250643558802899	2.1083881358165044	0.7003728398292722	1.3957677931556733	1.4430059340582144	4.032645152445333	2.0163335932620727	0.34590480650128896	0.4709660818161743	0.4709660818161743	0.4709660818161743	0	0.4709660818161743	0.4709660818161743	0	0.4709660818161743	0.4709660818161743	0	0.4709660818161743	0.4709660818161743	-477.6309948171054	-120.57122371893604
86	-595.6672103431742	-903.8165466343964	-595.6672103431742	-308.14933629122214	11.381324621436761	0.02665958080361841	0.01832710844813845	0.02217380541932351	0.02619535663528387	0.022454377375292656	0.02671183137455553	0.01893066898917159	0.02933609535100197	0.02716533004512621	0.04489178880521025	0.021142248465341934	0.028274770097399204	0.03104076798957467	0.005684053509333195	0.037806888987502146	0.001267697685410879	0.025363847606876697	0.0023562862838651805	0.04077627957825479	0.008629141315646488	0.009376538134461695	0.008257356793247558	0.015274658371783864	0.050938624847296596	0.0075554498811899184	0.0179707653608807	0.0050190503467180125	0.06484273566735775	0.022936488770487706	0.007234667910470102	0.012285888824869029	0.020049412733976854	0.0532253684844267	0.04645213189537711	0.033407125858834305	0.07709306053160557	0.08289275022108887	1.2558502278949357E-4	0.006425152112779781	0.4078903497421133	0.04236384555664126	0.08788846282776464	3.186136520562307	0.7004825467575675	1.5185259458288833	1.3388610662244158	3.322655069319311	1.2475646121495862	0.20311821945709232	0.4078903497421133	0.4078903497421133	0.4078903497421133	0	0.4078903497421133	0.4078903497421133	0	0.4078903497421133	0.4078903497421133	0	0.4078903497421133	0.4078903497421133	-478.22050346436714	-117.44670687880715
87	-587.1667728794259	-908.7549069060929	-587.1667728794259	-321.58813402666686	12.478007184842927	0.02665958080361841	0.01832710844813845	0.032583736110843364	0.05470036173273389	0.0031378796178788138	0.02671183137455553	0.008520738297651737	0.02933609535100197	0.02716533004512621	0.05598252415265845	0.021142248465341934	0.047591267854813046	0.03104076798957467	0.005684053509333195	0.037806888987502146	0.001267697685410879	0.025363847606876697	0.0023562862838651805	0.04077627957825479	0.03234365020551508	0.009376538134461695	0.008257356793247558	0.015274658371783864	0.050938624847296596	0.0075554498811899184	0.0179707653608807	0.0050190503467180125	0.031665420730893276	0.022936488770487706	0.011906977749484557	0.012285888824869029	0.008958677386528655	0.02951085959455811	0.04645213189537711	0.033407125858834305	0.07709306053160557	0.08289275022108887	2.2808285891562206E-4	0.009934205789513081	0.3488799368238982	0.057571668656852405	0.07279668662159668	3.2195549427056926	0.44159450282175167	2.538452879399323	2.019682186344701	3.4982901360833845	1.6369225205665792	0.2502062986177027	0.3488799368238982	0.3488799368238982	0.3488799368238982	0	0.3488799368238982	0.3488799368238982	0	0.3488799368238982	0.3488799368238982	0	0.3488799368238982	0.3488799368238982	-467.7191136991831	-119.44765918024282
88	-586.3796536916572	-889.3933975754828	-586.3796536916572	-303.0137438838257	10.453356905437321	0.02665958080361841	0.01832710844813845	0.032583736110843364	0.1280652421413881	0.0031378796178788138	0.014798222664133179	0.008520738297651737	0.02065858079031531	0.02716533004512621	0.05598252415265845	0.019345919450342558	0.02524104697589591	0.03104076798957467	0.005684053509333195	0.037806888987502146	0.001267697685410879	0.027160176621876073	0.01876148362835571	0.0467213031126814	0.03234365020551508	0.009376538134461695	0.008257356793247558	0.015274658371783864	0.050938624847296596	0.01946905859161227	0.0179707653608807	0.0050190503467180125	0.04034293529157994	0.022936488770487706	0.011906977749484557	0.012285888824869029	0.008958677386528655	0.02951085959455811	0.04645213189537711	0.033407125858834305	0.07709306053160557	0.009527869812434683	8.81422728828231E-5	0.012069173726968134	0.5683233888295038	0.06028032325621247	0.1220666160285331	3.344452102294448	0.38451798441532997	1.712578417867609	2.6616443583803266	3.894754254045856	1.9858817903685368	0.11613713572040142	0.5683233888295038	0.5683233888295038	0.5683233888295038	0	0.5683233888295038	0.5683233888295038	0	0.5683233888295038	0.5683233888295038	0	0.5683233888295038	0.5683233888295038	-482.77634657801445	-103.6033071136427
89	-585.612211863135	-891.0746798658884	-585.612211863135	-305.46246800275327	8.175851213331056	0.02665958080361841	0.01832710844813845	0.04107923285944376	0.13457539317361172	0.0031378796178788138	0.07450297342710883	0.0020105872654281043	0.02065858079031531	0.02716533004512621	0.033379199168658696	0.019345919450342558	0.05847033921679734	0.0012351689015508427	0.04683731225553232	0.037806888987502146	0.001267697685410879	0.05447048037189271	0.01876148362835571	0.08238663988495142	0.05494697518951483	0.005952844981584091	0.008257356793247558	0.015274658371783864	0.008795948978651755	0.010973561843011875	0.0179707653608807	0.0050190503467180125	0.013032631541563297	0.022936488770487706	0.011906977749484557	0.012285888824869029	0.008958677386528655	0.02951085959455811	0.010786795123107096	0.033407125858834305	0.017388309768629914	0.010517286934880396	1.374888289291348E-4	0.01128161993181995	0.35044965066679534	0.06140120761969819	0.10097427554032487	2.178995272330577	0.6798000813707706	1.8697216589678511	2.5617395162234913	4.042549508165364	2.2303386418498206	0.2523047712306756	0.35044965066679534	0.35044965066679534	0.35044965066679534	0	0.35044965066679534	0.35044965066679534	0	0.35044965066679534	0.35044965066679534	0	0.35044965066679534	0.35044965066679534	-478.74302827751023	-106.86918358562477
90	-585.4216474826981	-902.59548346396	-585.4216474826981	-317.17383598126196	9.757636091570616	0.02665958080361841	0.01832710844813845	0.01229068284774365	0.13457539317361172	0.0031378796178788138	0.07450297342710883	0.0020105872654281043	0.02065858079031531	0.02716533004512621	0.058398331198348225	0.019345919450342558	0.05847033921679734	0.0012351689015508427	0.04683731225553232	0.037806888987502146	0.001267697685410879	0.05447048037189271	0.01876148362835571	0.02807670014028961	0.05494697518951483	0.005952844981584091	0.008257356793247558	0.015274658371783864	0.06310588872331356	0.010973561843011875	0.0179707653608807	0.0050190503467180125	0.013032631541563297	0.022936488770487706	0.011906977749484557	0.012285888824869029	0.008958677386528655	0.02951085959455811	0.014556213105117677	0.033407125858834305	0.017388309768629914	0.010517286934880396	1.0114431559458502E-4	0.010295280966988651	0.3450187063025137	0.09771730632035928	0.126017684143013	2.009663661591278	0.6955249570157693	3.0853651814415906	2.8490732732457897	5.2411426277536854	1.5080791996397398	0.22368548036589592	0.3450187063025137	0.3450187063025137	0.3450187063025137	0	0.3450187063025137	0.3450187063025137	0	0.3450187063025137	0.3450187063025137	0	0.3450187063025137	0.3450187063025137	-471.9334593059797	-113.48818817671838
91	-585.2073395129952	-895.9198903264662	-585.2073395129952	-310.71255081347095	10.843154595192933	0.08431842865107597	0.023619508910370013	0.01229068284774365	0.053488448250094855	0.0031378796178788138	0.07450297342710883	0.0020105872654281043	0.02065858079031531	0.02716533004512621	0.04194827927253139	0.10043286437385943	0.05847033921679734	0.0012351689015508427	0.04683731225553232	0.037806888987502146	0.0036881090602290667	0.0421061571750858	0.01876148362835571	0.02807670014028961	0.03989265502105452	0.005952844981584091	0.008257356793247558	0.0317247102976007	0.02144828123753982	0.01804548457758723	0.0179707653608807	0.0050190503467180125	0.013032631541563297	0.022936488770487706	0.011906977749484557	0.012285888824869029	0.008011757193305144	0.02951085959455811	0.014556213105117677	0.033407125858834305	0.014967898393811727	0.010517286934880396	1.6957518818197411E-4	0.012601906793171162	0.17642857688125932	0.16338325051666605	0.2097744407852606	2.2685725582096725	0.6621265102820366	2.8991649085219326	1.776206263113023	5.207988382041494	1.8023842638732253	0.20270774153474183	0.17642857688125932	0.17642857688125932	0.17642857688125932	0	0.17642857688125932	0.17642857688125932	0	0.17642857688125932	0.17642857688125932	0	0.17642857688125932	0.17642857688125932	-490.04590991815587	-95.1614295948393
92	-584.2671912754897	-916.1150924504063	-584.2671912754897	-331.84790117491656	11.433182357876683	0.08431842865107597	0.023619508910370013	0.01229068284774365	0.053488448250094855	0.0031378796178788138	0.05744042340825324	0.0020105872654281043	0.02065858079031531	0.02716533004512621	0.04194827927253139	0.10043286437385943	0.05847033921679734	0.0012351689015508427	0.04683731225553232	0.037806888987502146	0.0036881090602290667	0.0421061571750858	0.01876148362835571	0.02807670014028961	0.021221120622892026	0.016837892413864783	0.008257356793247558	0.020420286463943546	0.010563233805259128	0.01804548457758723	0.03664229975904319	0.0050190503467180125	0.013032631541563297	0.022936488770487706	0.011906977749484557	0.012285888824869029	0.008011757193305144	0.02951085959455811	0.014556213105117677	0.033407125858834305	0.04333487224632447	0.010517286934880396	2.5020393871803153E-4	0.008219191451825522	0.1843635199173139	0.19384524628538852	0.19283706201805634	2.4555484922688717	0.823411541819711	3.603091325190204	1.5667612957851798	3.846354995798494	1.072982964264761	0.28568372384146035	0.1843635199173139	0.1843635199173139	0.1843635199173139	0	0.1843635199173139	0.1843635199173139	0	0.1843635199173139	0.1843635199173139	0	0.1843635199173139	0.1843635199173139	-467.9560102697064	-116.31118100578328
93	-583.1340837810079	-897.1631767763056	-583.1340837810079	-314.0290929952976	9.98034243856668	0.08431842865107597	0.023619508910370013	0.01229068284774365	0.07597887621642158	0.0031378796178788138	0.05744042340825324	0.0020105872654281043	0.02065858079031531	0.02716533004512621	0.04194827927253139	0.10043286437385943	0.05847033921679734	0.0012351689015508427	0.024346884289205603	0.037806888987502146	0.0036881090602290667	0.0421061571750858	0.01876148362835571	0.02807670014028961	0.02552242403293911	0.016837892413864783	0.008257356793247558	0.020420286463943546	0.010563233805259128	0.020929100894987535	0.03664229975904319	0.0050190503467180125	0.013032631541563297	0.022936488770487706	0.007605674339437471	0.012285888824869029	0.008011757193305144	0.02951085959455811	0.014556213105117677	0.033407125858834305	0.04333487224632447	0.00763367061748009	1.716025384476761E-4	0.009239642083808102	0.2744605162469964	0.18463261067181197	0.13973474040588538	2.0673956294275673	0.585914025619147	2.6412330798211836	1.857276192010181	4.263845212799926	2.8468451223966516	0.36357518056610255	0.2744605162469964	0.2744605162469964	0.2744605162469964	0	0.2744605162469964	0.2744605162469964	0	0.2744605162469964	0.2744605162469964	0	0.2744605162469964	0.2744605162469964	-466.9123315749088	-116.22175220609905
94	-582.9918280493082	-903.3399665628497	-582.9918280493082	-320.3481385135415	10.003104108853707	0.08431842865107597	0.023619508910370013	0.01229068284774365	0.07597887621642158	0.004884027045250261	0.05744042340825324	0.0020105872654281043	0.02065858079031531	0.029036265527298752	0.04194827927253139	0.10043286437385943	0.05847033921679734	0.0012351689015508427	0.024346884289205603	0.037806888987502146	0.0036881090602290667	0.0421061571750858	0.01876148362835571	0.02807670014028961	0.019676547203662492	0.022683769243141402	0.008257356793247558	0.020420286463943546	0.010563233805259128	0.020929100894987535	0.03664229975904319	0.0032729029193465653	0.013032631541563297	0.0032025727168876195	0.007605674339437471	0.012285888824869029	0.008011757193305144	0.02951085959455811	0.009240205026678328	0.03153619037666176	0.04865088032476382	0.027367586671080177	2.5399754737147904E-4	0.00882222377983707	0.25333942959401884	0.17584674892072746	0.07997167857966406	2.107812293918799	0.5257425780647645	3.508807455841599	1.3702661292772398	4.554123757011423	5.018480571594108	0.23401853225671596	0.25333942959401884	0.25333942959401884	0.25333942959401884	0	0.25333942959401884	0.25333942959401884	0	0.25333942959401884	0.25333942959401884	0	0.25333942959401884	0.25333942959401884	-478.77629573264176	-104.21553231666648
95	-582.6292833712671	-884.9086336055747	-582.6292833712671	-302.27935023430757	9.720364763163976	0.08431842865107597	0.023619508910370013	0.01229068284774365	0.07597887621642158	0.004884027045250261	0.025079496709513663	0.0020105872654281043	0.02065858079031531	0.03518980579306495	0.04194827927253139	0.10043286437385943	0.05847033921679734	0.0012351689015508427	0.024346884289205603	0.037806888987502146	0.0036881090602290667	0.0421061571750858	0.01876148362835571	0.02807670014028961	0.013523006937896292	0.028184495707902477	0.008257356793247558	0.020420286463943546	0.04292416050399871	0.020929100894987535	0.03664229975904319	0.0032729029193465653	0.013032631541563297	0.0032025727168876195	0.007605674339437471	0.012285888824869029	0.008011757193305144	0.02951085959455811	0.009240205026678328	0.015598083468777432	0.04865088032476382	0.03780496711420343	4.2497280630851615E-5	0.01103635625917909	0.21337238415563403	0.15881239698521118	0.06188338578415516	1.1741691882185885	0.5484065277983071	4.554831904081847	2.3316992169852155	3.0579810387433577	4.159202721343446	0.44609627787755846	0.21337238415563403	0.21337238415563403	0.21337238415563403	0	0.21337238415563403	0.21337238415563403	0	0.21337238415563403	0.21337238415563403	0	0.21337238415563403	0.21337238415563403	-461.21272139334064	-121.41656197792648
96	-582.2962429097194	-886.7068197901268	-582.2962429097194	-304.41057688040746	8.740750312278895	0.025871783420444494	0.023619508910370013	0.01229068284774365	0.07597887621642158	0.004884027045250261	0.025079496709513663	0.0020105872654281043	0.02065858079031531	0.03518980579306495	0.01787728071813874	0.017723830101400412	0.05847033921679734	0.04812616061658381	0.024346884289205603	0.037806888987502146	0.0036881090602290667	0.0421061571750858	0.01876148362835571	0.02807670014028961	0.07196965216852777	0.028184495707902477	0.008257356793247558	0.020420286463943546	0.04292416050399871	0.020929100894987535	0.03664229975904319	0.0032729029193465653	0.013032631541563297	0.0032025727168876195	0.007605674339437471	0.012285888824869029	0.008011757193305144	0.02951085959455811	0.09194923929913734	0.015598083468777432	0.025830887164123503	0.03780496711420343	7.137199728167386E-6	0.014563114663052244	0.2888939425531459	0.13034634925236083	0.07586610519550042	1.2365782779396555	0.7692511380847683	3.2551230396988196	1.8861602150391998	1.8947915876724477	3.8923815190556605	0.2648560942096208	0.2888939425531459	0.2888939425531459	0.2888939425531459	0	0.2888939425531459	0.2888939425531459	0	0.2888939425531459	0.2888939425531459	0	0.2888939425531459	0.2888939425531459	-456.8473003469875	-125.44894256273183
97	-581.7969551057045	-884.4030220489686	-581.7969551057045	-302.6060669432642	8.701520110087241	0.025871783420444494	0.023619508910370013	0.01229068284774365	0.07597887621642158	0.004884027045250261	0.020946024495526586	0.0061440594794151815	0.02065858079031531	0.004749966826082183	0.01787728071813874	0.017723830101400412	0.05847033921679734	0.04812616061658381	0.05248809845686263	0.037806888987502146	0.0036881090602290667	0.0421061571750858	0.01876148362835571	0.02807670014028961	0.07196965216852777	0.028184495707902477	0.008257356793247558	0.020420286463943546	0.04292416050399871	0.020929100894987535	0.03664229975904319	0.0032729029193465653	0.013032631541563297	0.0032025727168876195	0.03804551330642024	0.012285888824869029	0.008011757193305144	0.0013696454269010866	0.05069073478151065	0.015598083468777432	0.0670893916817502	0.03780496711420343	1.0913492729246341E-5	0.0070922463616413444	0.34351058203905993	0.11341042706335587	0.0720317087504535	1.0929610257747675	0.5866455720022588	3.008900630705045	1.3353355314928106	2.0277850778733204	4.602557488282939	0.35509351850439097	0.34351058203905993	0.34351058203905993	0.34351058203905993	0	0.34351058203905993	0.34351058203905993	0	0.34351058203905993	0.34351058203905993	0	0.34351058203905993	0.34351058203905993	-470.53113865467674	-111.26581645102777
98	-579.1728257167428	-872.548390675847	-579.1728257167428	-293.3755649591042	8.409231257230235	0.025871783420444494	0.023619508910370013	0.01229068284774365	0.05383428146790609	0.04069963459442749	0.031453837658913256	0.0061440594794151815	0.06314429587977728	0.004749966826082183	0.04002187546665423	0.017723830101400412	0.05847033921679734	0.04812616061658381	0.06199881018474572	0.03813038104755315	0.0036881090602290667	0.0421061571750858	0.01876148362835571	0.008058175249019847	0.029483937079065797	0.028184495707902477	0.008257356793247558	0.020420286463943546	0.007108552954821476	0.020929100894987535	0.0392674836651533	0.0032729029193465653	0.013032631541563297	0.0032025727168876195	0.0052015694114213445	0.04218115675370682	0.008011757193305144	0.0013696454269010866	0.05069073478151065	0.015598083468777432	0.0670893916817502	0.03780496711420343	1.0097721494649661E-5	0.013605393445786908	0.36840232634428416	0.10568337537237417	0.04689675483489295	0.9498371573599675	0.4699022253015193	3.021676217495583	1.3186425814080611	1.612215417379253	4.991084315877664	0.2786245930300586	0.36840232634428416	0.36840232634428416	0.36840232634428416	0	0.36840232634428416	0.36840232634428416	0	0.36840232634428416	0.36840232634428416	0	0.36840232634428416	0.36840232634428416	-474.6222692512539	-104.5505564654889
99	-577.1339895371187	-868.0666245739253	-577.1339895371187	-290.9326350368065	8.067466169064366	0.01512349905432453	0.023619508910370013	0.01229068284774365	0.05383428146790609	0.0031987308747998267	0.031453837658913256	0.0061440594794151815	0.06314429587977728	0.015498251192202148	0.04002187546665423	0.017723830101400412	0.05847033921679734	0.04812616061658381	0.05339155385024984	0.03813038104755315	0.01229536539472495	0.0054866750599700115	0.01876148362835571	0.008058175249019847	0.029483937079065797	0.028184495707902477	0.008257356793247558	0.020420286463943546	0.007108552954821476	0.020929100894987535	0.07676838738478096	0.0032729029193465653	0.013032631541563297	0.0032025727168876195	0.04182105152653713	0.04218115675370682	0.008011757193305144	0.0013696454269010866	0.05069073478151065	0.015598083468777432	0.0670893916817502	0.03780496711420343	2.155718371924762E-5	0.008060803520794909	0.36465346343265875	0.08626443645700843	0.08705059144168496	0.9086099888717614	0.5667876153223823	2.748205393929796	1.5891592187140122	1.1338337303425439	4.144169411869009	0.4026772194907653	0.36465346343265875	0.36465346343265875	0.36465346343265875	0	0.36465346343265875	0.36465346343265875	0	0.36465346343265875	0.36465346343265875	0	0.36465346343265875	0.36465346343265875	-449.53014462889223	-127.60384490822646
100	-576.1248886381018	-876.1421939925406	-576.1248886381018	-300.01730535443886	9.785818319623953	0.011853291294044666	0.023619508910370013	0.01229068284774365	0.05383428146790609	0.0031987308747998267	0.07783339179298839	0.0061440594794151815	0.06314429587977728	0.015498251192202148	0.04002187546665423	0.017723830101400412	0.05847033921679734	0.04812616061658381	0.05339155385024984	0.011801385561284933	0.01229536539472495	0.0054866750599700115	0.01876148362835571	0.008058175249019847	0.029483937079065797	0.028184495707902477	0.008257356793247558	0.020420286463943546	0.03878277387936012	0.039568640338960875	0.011749293806732494	0.0032729029193465653	0.01630283930184316	0.0032025727168876195	0.04182105152653713	0.03683593131543639	0.008011757193305144	0.0013696454269010866	0.05069073478151065	0.015598083468777432	0.0670893916817502	0.03780496711420343	2.1311047659163096E-4	0.008553187484953883	0.20254884062527406	0.04121392221824776	0.1110700190543089	0.7733233293912265	0.48854806534028306	2.903071436400398	2.041973395506458	0.8858838900143373	5.20860179578583	0.33629080463056954	0.20254884062527406	0.20254884062527406	0.20254884062527406	0	0.20254884062527406	0.20254884062527406	0	0.20254884062527406	0.20254884062527406	0	0.20254884062527406	0.20254884062527406	-462.5272891702509	-113.59759946785086
101	-575.9335736251496	-886.6559789338967	-575.9335736251496	-310.7224053087471	11.548222835876146	0.011853291294044666	0.017043982339057684	0.01229068284774365	0.05383428146790609	0.0031987308747998267	0.03743849450874433	0.0061440594794151815	0.06314429587977728	0.015533619602733237	0.03998650705612314	0.003511603519773837	0.047198614947488116	0.04812616061658381	0.05339155385024984	0.06544772669528895	0.01229536539472495	0.0032993272539583035	0.01876148362835571	0.008058175249019847	0.029483937079065797	0.028184495707902477	0.022469583374874133	0.020420286463943546	0.03878277387936012	0.06040397520142024	0.011749293806732494	0.05024332677490295	0.01630283930184316	0.0053899205228993274	0.04182105152653713	0.016000596452977023	0.008011757193305144	0.0013696454269010866	0.008316117916815857	0.015598083468777432	0.0670893916817502	0.03780496711420343	1.8426833813409106E-4	0.010192201090614533	0.18157775659597356	0.059802241302438004	0.08528226559532426	1.033582474897064	0.8447810733244125	2.636325338546351	4.494190602035785	1.0568460411882221	5.097864483798834	0.7919164185453887	0.18157775659597356	0.18157775659597356	0.18157775659597356	0	0.18157775659597356	0.18157775659597356	0	0.18157775659597356	0.18157775659597356	0	0.18157775659597356	0.18157775659597356	-454.66659415100116	-121.2669794741484
102	-572.1021080853983	-887.6488272291665	-572.1021080853983	-315.54671914376814	12.101738011898837	0.011853291294044666	0.017043982339057684	0.01229068284774365	0.05383428146790609	0.0031987308747998267	0.03743849450874433	0.07404839460170462	0.09010853237624301	0.015533619602733237	0.03988265385744602	0.003511603519773837	0.047198614947488116	0.06653938189114061	0.03466662330283442	0.013434742347149226	0.01229536539472495	0.0032993272539583035	0.04170776206495118	0.0082333545561709	0.029483937079065797	0.028184495707902477	0.022469583374874133	0.020420286463943546	0.03878277387936012	0.06040397520142024	0.011749293806732494	0.05055503604776157	0.01630283930184316	0.0053899205228993274	0.04182105152653713	0.016000596452977023	0.008011757193305144	0.0013696454269010866	0.0038295049449850183	0.015598083468777432	0.021665489720519834	0.021842290231579783	2.0518755998849848E-5	0.007788744753477704	0.2628222982647899	0.06433642530959026	0.09309376477114709	1.1544337449920874	1.0332872281356105	2.70934010455503	2.7079568860441405	0.90379543801746	5.156495382088867	0.3890236228553373	0.2628222982647899	0.2628222982647899	0.2628222982647899	0	0.2628222982647899	0.2628222982647899	0	0.2628222982647899	0.2628222982647899	0	0.2628222982647899	0.2628222982647899	-441.7913003818067	-130.31080770359156
103	-570.7370022847631	-874.1894834119319	-570.7370022847631	-303.4524811271687	9.26886419355376	0.011853291294044666	0.044330021026308564	0.01229068284774365	0.05383428146790609	0.0031987308747998267	0.048800963465984684	0.07404839460170462	0.09010853237624301	0.04889244920209722	0.03988265385744602	0.017352845961963598	0.047198614947488116	0.06653938189114061	0.03466662330283442	0.013434742347149226	0.01229536539472495	0.0032993272539583035	0.008348932465587197	0.004122800925608114	0.028496028377087285	0.028184495707902477	0.011107114417633776	0.020420286463943546	0.01149673519210924	0.06040397520142024	0.011749293806732494	0.05055503604776157	0.0024615968596534005	0.009500474153462113	0.03740970910815632	0.016000596452977023	0.008999665895283657	0.005780987845281901	0.0038295049449850183	0.015598083468777432	0.021665489720519834	0.021842290231579783	1.527798574288114E-4	0.013054005848164357	0.21084085608696182	0.0682952950960214	0.08731746986552005	1.8781022265428537	0.677422858988186	2.707321524779923	2.5748908142347804	0.4390212451812816	4.170414275785637	0.39326797538896796	0.21084085608696182	0.21084085608696182	0.21084085608696182	0	0.21084085608696182	0.21084085608696182	0	0.21084085608696182	0.21084085608696182	0	0.21084085608696182	0.21084085608696182	-468.7272410670016	-102.00976121776146
104	-563.8736202353713	-875.2495199523036	-563.8736202353713	-311.3758997169323	10.49243130358026	0.009636638727020252	0.028387071524258012	0.011848493750297007	0.061940681754231675	0.01914168037685038	0.048800963465984684	0.028132742715322928	0.09010853237624301	0.04889244920209722	0.040324842954892665	0.017352845961963598	0.047198614947488116	0.03191869223119248	0.03466662330283442	0.046518503741075995	0.01229536539472495	0.0032993272539583035	0.008348932465587197	0.010934737098588262	0.028496028377087285	0.010469650542514017	0.011107114417633776	0.020420286463943546	0.011591893226452363	0.0781188203668087	0.04636998346668063	0.05055503604776157	0.0024615968596534005	0.01644261692661586	0.03731455107381319	0.016000596452977023	0.002187729722303508	0.005780987845281901	0.0038295049449850183	0.015598083468777432	0.021665489720519834	0.021842290231579783	1.0407359790948512E-4	0.00848031648198105	0.23913125982387615	0.1077002964731375	0.06120713969661385	1.31277415012736	1.0082857661954707	3.5489111671568887	3.6129767764123746	0.8087890181911624	5.370839973352467	0.5486261771784633	0.23913125982387615	0.23913125982387615	0.23913125982387615	0	0.23913125982387615	0.23913125982387615	0	0.23913125982387615	0.23913125982387615	0	0.23913125982387615	0.23913125982387615	-443.411641426241	-120.46197880913031
105	-563.3331076593611	-872.5023065859491	-563.3331076593611	-309.169198926588	10.910439055399634	0.009636638727020252	0.028387071524258012	0.03073325605113958	0.08162179098648198	0.01914168037685038	0.048800963465984684	0.028132742715322928	0.11845106071297669	0.029211339969846914	0.034521435979049414	0.012198923781852028	0.047198614947488116	0.03191869223119248	0.03466662330283442	0.046518503741075995	0.01229536539472495	0.0032993272539583035	0.008348932465587197	0.010934737098588262	0.028496028377087285	0.010469650542514017	0.011107114417633776	0.020420286463943546	0.011591893226452363	0.049776292030075026	0.027485221165838056	0.05055503604776157	0.0024615968596534005	0.02159653910672743	0.03731455107381319	0.01811411521980355	0.002187729722303508	0.005780987845281901	0.0038295049449850183	0.015598083468777432	0.021665489720519834	0.025532178440596506	1.7000088517583192E-4	0.00949375505306976	0.1453850282309815	0.17337540205776347	0.08679273434203284	1.5252232488408064	0.5912694778573592	2.380939883033131	2.8766542283577508	0.6013357098940718	4.419375040345447	0.287519940702743	0.1453850282309815	0.1453850282309815	0.1453850282309815	0	0.1453850282309815	0.1453850282309815	0	0.1453850282309815	0.1453850282309815	0	0.1453850282309815	0.1453850282309815	-450.3388205134677	-112.99428714589338
106	-556.104270485376	-885.0485481508642	-556.104270485376	-328.9442776654882	9.031940372484259	0.00517087742625455	0.028387071524258012	0.03073325605113958	0.06044739209168398	0.01914168037685038	0.03349450401551109	0.028132742715322928	0.014129292419214637	0.029211339969846914	0.034521435979049414	0.012198923781852028	0.019794693041307654	0.03191869223119248	0.036976837437405416	0.046518503741075995	0.01229536539472495	0.0032993272539583035	0.0128146937663529	0.010934737098588262	0.026185814242516287	0.010469650542514017	0.011107114417633776	0.04159468535874154	0.011591893226452363	0.049776292030075026	0.02552808286482143	0.05055503604776157	0.10678336515341545	0.03690299855720103	0.055776132254561225	0.02705645594523598	0.002187729722303508	0.007738126146298527	0.0038295049449850183	0.015598083468777432	0.021665489720519834	0.025532178440596506	2.055113418094848E-5	0.009352139880092194	0.10860434068074581	0.10688849266940732	0.06531487293740017	2.2262733409057294	0.7417184835872023	3.8972524984127612	1.9060099767604195	0.6127204058680646	5.158614983836983	0.24473398527293735	0.10860434068074581	0.10860434068074581	0.10860434068074581	0	0.10860434068074581	0.10860434068074581	0	0.10860434068074581	0.10860434068074581	0	0.10860434068074581	0.10860434068074581	-438.8622272537971	-117.24204323157896
107	-554.0677128292792	-872.7241076196647	-554.0677128292792	-318.6563947903854	7.734113213950033	0.00517087742625455	0.028387071524258012	0.03073325605113958	0.06818107561304748	0.01914168037685038	0.03349450401551109	0.028132742715322928	0.014505839648998611	0.029211339969846914	0.034521435979049414	0.011822376552068053	0.019794693041307654	0.03191869223119248	0.010099310486570298	0.046518503741075995	0.004072058389436334	0.0032993272539583035	0.0128146937663529	0.034204270561280045	0.0033578514186459463	0.010469650542514017	0.011107114417633776	0.04159468535874154	0.011591893226452363	0.06561346692584799	0.009690907969048465	0.05055503604776157	0.08351383169072367	0.03690299855720103	0.055776132254561225	0.02705645594523598	0.002677353206228625	0.007738126146298527	0.0038295049449850183	0.03842604629264777	0.04854301667135495	0.025532178440596506	1.9586259673988917E-5	0.00925183403888708	0.1373561522697102	0.06753130616405363	0.06423995008050931	2.6951832344363496	0.45305823155316244	3.43634917157376	1.0677947863317454	0.673247687956442	3.568963920528012	0.5522700028414502	0.1373561522697102	0.1373561522697102	0.1373561522697102	0	0.1373561522697102	0.1373561522697102	0	0.1373561522697102	0.1373561522697102	0	0.1373561522697102	0.1373561522697102	-436.6944181915992	-117.37329463768002
108	-553.7473772113867	-869.8970833771873	-553.7473772113867	-316.14970616580064	7.751367303040153	0.03537919177614446	0.02792710418438249	0.03073325605113958	0.06818107561304748	0.01914168037685038	0.03349450401551109	0.011648013773249727	0.014505839648998611	0.029211339969846914	0.034521435979049414	0.011822376552068053	0.019794693041307654	0.03191869223119248	0.010099310486570298	0.046518503741075995	0.051045068444815905	0.0032993272539583035	0.04023383220762099	0.034204270561280045	0.0033578514186459463	0.010469650542514017	0.011107114417633776	0.04159468535874154	0.011591893226452363	0.03540515257595808	0.009690907969048465	0.0035820259923819986	0.09869859360638143	0.021718236641543265	0.055776132254561225	0.02705645594523598	0.01962204948817735	0.007738126146298527	0.0038295049449850183	0.03842604629264777	0.02465525021499014	0.02200080645569323	6.090095847232153E-5	0.010220076350915675	0.1121662998690111	0.05827269767510276	0.06839034013040905	3.599509724842256	0.4161795641950187	4.745431548730314	1.046731860929031	0.6570766910009836	3.837522662888007	1.132845163902532	0.1121662998690111	0.1121662998690111	0.1121662998690111	0	0.1121662998690111	0.1121662998690111	0	0.1121662998690111	0.1121662998690111	0	0.1121662998690111	0.1121662998690111	-432.9523436672748	-120.79503354411186
109	-553.3928528007721	-881.2275638430058	-553.3928528007721	-327.83471104223366	9.11564941908342	0.03537919177614446	0.02792710418438249	0.03073325605113958	0.06818107561304748	0.0020271648499767814	0.03349450401551109	0.010866677172250067	0.05786479393889217	0.029211339969846914	0.018556290330567243	0.011822376552068053	0.019794693041307654	0.028140903983180476	0.010099310486570298	0.046518503741075995	0.007686114154922347	0.0032993272539583035	0.028498197351762164	0.05131878608815364	0.014974956479824247	0.010469650542514017	0.02475583986565831	0.03208068507675586	0.011591893226452363	0.010139322066755246	0.009690907969048465	0.0035820259923819986	0.09869859360638143	0.021718236641543265	0.08581440303404074	0.02705645594523598	0.03135768434403617	0.007738126146298527	0.0038295049449850183	0.03842604629264777	0.02465525021499014	0.02200080645569323	1.6202598662873986E-4	0.008619925544343049	0.12664353085860375	0.07628039076127373	0.0946081594568732	3.607569355136506	0.3995204220015191	4.712558737586845	1.5613651713337862	0.6372822526077373	3.590466097351701	0.6504849305945805	0.12664353085860375	0.12664353085860375	0.12664353085860375	0	0.12664353085860375	0.12664353085860375	0	0.12664353085860375	0.12664353085860375	0	0.12664353085860375	0.12664353085860375	-448.04129858123747	-105.35155421953459
110	-552.3680515862534	-861.4767971289698	-552.3680515862534	-309.1087455427164	7.951137485461822	0.03537919177614446	0.02792710418438249	0.03073325605113958	0.06818107561304748	0.0020271648499767814	0.03349450401551109	0.010866677172250067	0.009999187041252536	0.010567333821151922	0.10609401334651622	0.011822376552068053	0.047498645902144365	0.028140903983180476	0.010099310486570298	0.01490622732298949	0.0184546374022376	0.0032993272539583035	7.942444909254526E-4	0.05131878608815364	0.04658723289791075	0.010469650542514017	0.02475583986565831	0.03208068507675586	0.011591893226452363	0.010139322066755246	0.009690907969048465	0.0035820259923819986	0.09869859360638143	0.023400845719935726	0.035373763668416144	0.02705645594523598	0.02967507526564371	0.007738126146298527	0.02247351109368001	0.03842604629264777	0.02465525021499014	0.02200080645569323	1.7642920884319724E-4	0.008321023916391822	0.21093493503533708	0.10857314748484512	0.12145531569500188	2.6763097690248028	0.15538704055157432	6.126797126993194	1.1470321953065283	0.8738094553508716	2.556651239655709	0.4718145132010391	0.21093493503533708	0.21093493503533708	0.21093493503533708	0	0.21093493503533708	0.21093493503533708	0	0.21093493503533708	0.21093493503533708	0	0.21093493503533708	0.21093493503533708	-410.7652902425799	-141.60276134367354
111	-551.5594326175789	-857.4530948273712	-551.5594326175789	-305.89366220979235	8.766955805187695	0.03537919177614446	0.02792710418438249	0.03073325605113958	0.06818107561304748	0.0020271648499767814	0.03349450401551109	0.010866677172250067	0.009999187041252536	0.010567333821151922	0.10609401334651622	0.011822376552068053	0.047498645902144365	0.028140903983180476	0.010099310486570298	0.01490622732298949	0.0184546374022376	0.0032993272539583035	7.942444909254526E-4	0.05131878608815364	0.04658723289791075	0.010469650542514017	0.02475583986565831	0.03208068507675586	0.011591893226452363	0.028064091437291577	0.009690907969048465	0.0035820259923819986	0.09869859360638143	0.023400845719935726	0.035373763668416144	0.02705645594523598	0.02967507526564371	0.007738126146298527	0.02247351109368001	0.03842604629264777	0.0067304808444538095	0.02200080645569323	9.580059401351397E-5	0.008634189931029957	0.2758965203920158	0.08268730306926472	0.08761547564970229	3.439760501374794	0.1854148675079404	4.538267377082653	1.3493981739829115	0.9550815512777806	3.848415158794795	0.6067299722502385	0.2758965203920158	0.2758965203920158	0.2758965203920158	0	0.2758965203920158	0.2758965203920158	0	0.2758965203920158	0.2758965203920158	0	0.2758965203920158	0.2758965203920158	-420.7933296186325	-130.76610299894634
112	-549.9780746302902	-849.4116870444254	-549.9780746302902	-299.4336124141353	10.048441988621473	0.03537919177614446	0.02792710418438249	0.05507641668009705	0.06818107561304748	0.0020271648499767814	0.03349450401551109	0.010866677172250067	0.009999187041252536	0.010567333821151922	0.10609401334651622	0.03087651325345095	0.047498645902144365	0.05616051150172463	0.010099310486570298	0.01490622732298949	0.0184546374022376	0.0032993272539583035	7.942444909254526E-4	0.05131878608815364	0.04658723289791075	0.026936178861437607	0.02888483204941715	0.03208068507675586	0.011591893226452363	0.010926019035723739	0.009690907969048465	0.0035820259923819986	0.0914935053789918	0.023400845719935726	0.018907235349492554	0.02705645594523598	0.02967507526564371	0.007738126146298527	0.02247351109368001	0.006277446590344779	0.0067304808444538095	0.0029466697543103354	9.23504125520332E-5	0.009072180934019243	0.21022740213189028	0.10117485503744586	0.06104384636583469	2.99981883220476	0.16170282898396915	4.984875579248656	1.5019418109459253	0.9330299698511517	4.207460088304907	0.3805845961895497	0.21022740213189028	0.21022740213189028	0.21022740213189028	0	0.21022740213189028	0.21022740213189028	0	0.21022740213189028	0.21022740213189028	0	0.21022740213189028	0.21022740213189028	-443.33823395669447	-106.63984067359571
113	-549.7896403720315	-859.3550237857554	-549.7896403720315	-309.5653834137239	10.303397762257578	0.03537919177614446	0.02792710418438249	0.05507641668009705	0.06818107561304748	0.0020271648499767814	0.022050088468368492	0.010866677172250067	0.02144360258839513	0.010567333821151922	0.05719198375340548	0.03087651325345095	0.047498645902144365	0.05616051150172463	0.010099310486570298	0.01490622732298949	0.0184546374022376	0.03119669789192979	7.942444909254526E-4	0.05131878608815364	0.04658723289791075	0.026936178861437607	0.08169141754048025	0.03208068507675586	0.011591893226452363	0.010926019035723739	0.009934277412818923	0.0035820259923819986	0.010546179806186759	0.023400845719935726	0.018907235349492554	0.02705645594523598	0.03158150825050453	0.007738126146298527	0.02247351109368001	0.0043710136054839616	0.05563251043756455	0.0029466697543103354	1.8962128325400468E-4	0.010519135945826607	0.19692527062218845	0.08989800130037112	0.03954260411029628	3.95164684299037	0.16052900500488318	3.5258839426034174	1.9487383529325553	0.4802666213167374	2.7165333842213806	0.5503554232320002	0.19692527062218845	0.19692527062218845	0.19692527062218845	0	0.19692527062218845	0.19692527062218845	0	0.19692527062218845	0.19692527062218845	0	0.19692527062218845	0.19692527062218845	-435.6289471562253	-114.1606932158062
114	-548.6126584253377	-861.6159207372635	-548.6126584253377	-313.0032623119258	7.943801254590253	0.03537919177614446	0.05418190226118702	0.05507641668009705	0.03811298129213808	0.03209525917088618	0.022050088468368492	0.010866677172250067	0.02144360258839513	0.010567333821151922	0.05719198375340548	0.03087651325345095	0.021243847825339834	0.05616051150172463	0.010099310486570298	0.01490622732298949	0.0184546374022376	0.03119669789192979	7.942444909254526E-4	0.05131878608815364	0.04658723289791075	0.026936178861437607	0.08169141754048025	0.008795684634913412	0.02900143544859478	0.010926019035723739	0.009934277412818923	0.0035820259923819986	0.010546179806186759	0.005526264419743798	0.018907235349492554	0.02705645594523598	0.014171966028362112	0.025612707446490454	0.02247351109368001	0.027656014047326413	0.05563251043756455	0.0029466697543103354	1.6086132283934092E-4	0.01001830822294394	0.14346151846875013	0.061679318076085524	0.04006283926207839	3.592604001868209	0.14716269567531257	3.1284259194979085	1.609512336530438	0.22772517437208256	3.080634268097034	0.7129272941627461	0.14346151846875013	0.14346151846875013	0.14346151846875013	0	0.14346151846875013	0.14346151846875013	0	0.14346151846875013	0.14346151846875013	0	0.14346151846875013	0.14346151846875013	-426.9167428895672	-121.6959155357705
115	-547.5942268076193	-862.0661390663702	-547.5942268076193	-314.4719122587509	7.1053274733954	0.03537919177614446	0.012784022902085579	0.05507641668009705	0.03061865641002265	0.03209525917088618	0.022050088468368492	0.010866677172250067	0.02144360258839513	0.010567333821151922	0.06468630863552091	0.03087651325345095	0.021243847825339834	0.05616051150172463	0.010099310486570298	0.01490622732298949	0.0030050940088840183	0.03119669789192979	7.942444909254526E-4	0.05131878608815364	0.06177797822391615	0.026936178861437607	0.08169141754048025	0.009054482702261599	0.04621028450161967	0.010926019035723739	0.009934277412818923	0.0035820259923819986	0.010546179806186759	0.005526264419743798	0.060305114708593996	0.02705645594523598	0.014171966028362112	0.008403858393465566	0.02247351109368001	0.027656014047326413	0.05563251043756455	0.0029466697543103354	1.1828128766223103E-4	0.008416974921478805	0.10379061080382398	0.05070997460320894	0.03645321587705533	2.209159290354174	0.16261421368255197	2.754869928130201	1.3876348464344115	0.21698248137274467	3.3269000060391014	0.5736876864199804	0.10379061080382398	0.10379061080382398	0.10379061080382398	0	0.10379061080382398	0.10379061080382398	0	0.10379061080382398	0.10379061080382398	0	0.10379061080382398	0.10379061080382398	-450.311788843294	-97.28243796432534
116	-544.4385445183715	-861.4095043220311	-544.4385445183715	-316.9709598036596	9.066232707870448	0.03537919177614446	0.012784022902085579	0.07214709617581633	0.03061865641002265	0.030306206245596212	0.047280292995110676	0.013000977515137485	0.02144360258839513	0.009308056133308526	0.047615629139801635	0.02077891422467623	0.009159572940505734	0.05616051150172463	0.00796501014368288	0.06964308311279607	0.0030050940088840183	0.03119669789192979	7.942444909254526E-4	0.05131878608815364	0.026993007843769873	0.026936178861437607	0.06173953213081994	0.009054482702261599	0.04621028450161967	0.010926019035723739	0.009934277412818923	0.0035820259923819986	0.010546179806186759	0.005526264419743798	0.060305114708593996	0.02705645594523598	0.014171966028362112	0.008403858393465566	0.02247351109368001	0.027656014047326413	0.05563251043756455	0.0029466697543103354	3.6863899094076285E-5	0.011883625025600983	0.07067796921367077	0.023831188701488516	0.03714956410884459	1.7789281512921007	0.21939424076034256	3.566731979050192	1.4773775568843537	0.2938807622729181	2.889896928515797	0.684521832984209	0.07067796921367077	0.07067796921367077	0.07067796921367077	0	0.07067796921367077	0.07067796921367077	0	0.07067796921367077	0.07067796921367077	0	0.07067796921367077	0.07067796921367077	-451.914955458396	-92.52358905997548
117	-540.2519653206954	-847.6390991195906	-540.2519653206954	-307.3871337988952	8.93048365515691	0.03537919177614446	0.012784022902085579	0.03639153725456029	0.06637421533127869	0.030306206245596212	0.047280292995110676	0.005530362119839122	0.02144360258839513	0.009308056133308526	0.047615629139801635	0.02077891422467623	0.009159572940505734	0.05616051150172463	0.00796501014368288	0.06964308311279607	0.0030050940088840183	0.03119669789192979	7.942444909254526E-4	0.02517374783016045	0.026993007843769873	0.026936178861437607	0.06173953213081994	0.009054482702261599	0.09731275742725042	0.010926019035723739	0.036079315670812115	0.0035820259923819986	0.010546179806186759	0.005526264419743798	0.060305114708593996	0.02705645594523598	0.014171966028362112	0.008403858393465566	0.02247351109368001	0.027656014047326413	0.0045300375119338016	0.010417285149608699	2.6225780417098713E-4	0.008909500312901055	0.06429892918083195	0.025702692177859154	0.05896379967070827	1.3085826911086325	0.21607750608008006	5.759321071028657	1.0562977179637016	0.34775420142421104	3.0520146764771026	0.5839718038796562	0.06429892918083195	0.06429892918083195	0.06429892918083195	0	0.06429892918083195	0.06429892918083195	0	0.06429892918083195	0.06429892918083195	0	0.06429892918083195	0.06429892918083195	-445.37236185676863	-94.87960346392673
118	-540.117913264398	-856.2247255973462	-540.117913264398	-316.10681233294815	9.772449521429886	0.01653287201089426	0.06039070620452336	0.01793768749439134	0.038395567746110804	0.030306206245596212	0.020426678835997095	0.02437668188508932	0.02144360258839513	0.009308056133308526	0.018462795597532805	0.02077891422467623	0.009159572940505734	0.05616051150172463	0.1346110705557243	0.06964308311279607	0.0030050940088840183	0.03119669789192979	7.942444909254526E-4	0.01406180609698525	0.026993007843769873	0.003454729648433283	0.06173953213081994	0.009054482702261599	0.008632252907497806	0.010926019035723739	0.036079315670812115	0.0035820259923819986	0.010546179806186759	0.005526264419743798	0.060305114708593996	0.05503510353040386	0.014171966028362112	0.008403858393465566	0.02247351109368001	0.005040878748660535	0.02714517281059968	0.03389873436261302	1.2235418578927706E-4	0.00963867973349553	0.040800155850315926	0.024287860551996967	0.06754923445979961	2.03860462955595	0.20250806853228212	3.8369449854646596	0.9577667036834386	0.5140606468707885	2.267127356348964	0.3765864109638053	0.040800155850315926	0.040800155850315926	0.040800155850315926	0	0.040800155850315926	0.040800155850315926	0	0.040800155850315926	0.040800155850315926	0	0.040800155850315926	0.040800155850315926	-457.4430495663148	-82.67486369808321
119	-535.9933729261567	-850.4875963382881	-535.9933729261567	-314.4942234121314	7.8636876973623036	0.036905723325230455	0.06039070620452336	0.01793768749439134	0.038395567746110804	0.030306206245596212	0.05230382161596399	0.02437668188508932	0.02144360258839513	0.009308056133308526	0.018462795597532805	0.02077891422467623	0.009159572940505734	0.05616051150172463	0.10103209422625947	0.017393089018492985	0.0030050940088840183	0.03119669789192979	7.942444909254526E-4	0.01406180609698525	0.026993007843769873	0.003454729648433283	0.06173953213081994	0.042633459031726426	0.008632252907497806	0.010926019035723739	0.036079315670812115	0.0035820259923819986	0.010546179806186759	0.005526264419743798	0.060305114708593996	0.05503510353040386	0.014171966028362112	0.008403858393465566	0.02247351109368001	0.005040878748660535	0.02714517281059968	0.03389873436261302	1.868360749783082E-4	0.010586840558921767	0.02641406471709702	0.01506381863976579	0.03376846970464692	1.2014312394418754	0.2824372038694262	4.003183151107713	0.9882473219932544	0.9815769465464089	2.035469003583025	0.45916306261592144	0.02641406471709702	0.02641406471709702	0.02641406471709702	0	0.02641406471709702	0.02641406471709702	0	0.02641406471709702	0.02641406471709702	0	0.02641406471709702	0.02641406471709702	-451.7954022077734	-84.19797071838326
120	-535.9048372519035	-838.2563612912215	-535.9048372519035	-302.3515240393181	7.314008455170352	0.06653306905754552	0.06039070620452336	0.01793768749439134	0.03161268154768199	0.02482512985652152	0.05230382161596399	0.02437668188508932	0.010930700521941297	0.009308056133308526	0.018462795597532805	0.07559556433061518	0.009624203120663033	0.05616051150172463	0.10103209422625947	0.017393089018492985	0.0030050940088840183	0.03119669789192979	0.006275320880000143	0.01406180609698525	0.026993007843769873	0.003454729648433283	0.06127490195066264	0.042633459031726426	0.008632252907497806	0.010926019035723739	0.036079315670812115	0.0035820259923819986	0.017329066004615576	0.005526264419743798	0.030677768976278927	0.010731355490918748	0.014171966028362112	0.008403858393465566	0.02247351109368001	0.005040878748660535	0.02714517281059968	0.03389873436261302	7.648699996886022E-5	0.010513719412764995	0.0406735346821493	0.0078005775866482555	0.022146933977706656	1.0846604557886375	0.328997716885498	3.3040583996341386	0.762031097494318	0.9030198503485016	1.804952720581839	0.8288706046656583	0.0406735346821493	0.0406735346821493	0.0406735346821493	0	0.0406735346821493	0.0406735346821493	0	0.0406735346821493	0.0406735346821493	0	0.0406735346821493	0.0406735346821493	-436.90333607979824	-99.00150117210518
121	-531.9734406744163	-842.0836324098452	-531.9734406744163	-310.1101917354289	8.658421211936917	0.0304788770449268	0.036486737050257845	0.01793768749439134	0.03161268154768199	0.02482512985652152	0.14075637918066747	0.0254541902692674	0.008395237932631597	0.009308056133308526	0.018462795597532805	0.07559556433061518	0.009624203120663033	0.05616051150172463	0.0127213587620163	0.017393089018492985	0.0030050940088840183	0.03119669789192979	0.05976506549261161	0.01406180609698525	0.026993007843769873	0.003454729648433283	0.06127490195066264	0.042633459031726426	0.008632252907497806	0.010926019035723739	0.035937493570351794	0.0035820259923819986	0.017329066004615576	0.005526264419743798	0.032135723181410544	0.010731355490918748	0.020640382582634884	0.008403858393465566	0.02247351109368001	0.005040878748660535	0.02714517281059968	0.03389873436261302	1.1767381445204115E-4	0.01002868502953694	0.03951617522874335	0.01445035682694953	0.0183773976097068	1.772193031881867	0.3693740002015797	3.149568833226133	0.6356010236383761	0.8029467464815376	1.1571530758193385	0.6390275320932163	0.03951617522874335	0.03951617522874335	0.03951617522874335	0	0.03951617522874335	0.03951617522874335	0	0.03951617522874335	0.03951617522874335	0	0.03951617522874335	0.03951617522874335	-428.2620015486864	-103.71143912572998
122	-529.3618764506032	-836.2310181476674	-529.3618764506032	-306.86914169706426	9.7447780684718	0.0304788770449268	0.036486737050257845	0.01793768749439134	0.03161268154768199	0.02482512985652152	0.04384605566736871	0.0254541902692674	0.008395237932631597	0.014958510792776866	0.032359981805745036	0.07559556433061518	0.009624203120663033	0.0422633252935124	0.007070904102547959	0.017393089018492985	0.0030050940088840183	0.030789909235123245	0.05976506549261161	0.01406180609698525	0.026993007843769873	0.10036505316173204	0.06127490195066264	0.018622247768215514	0.008632252907497806	0.010926019035723739	0.03610927539043084	0.0035820259923819986	0.04134027726812649	0.005526264419743798	0.03436804668643477	0.010731355490918748	0.020640382582634884	0.008403858393465566	0.02247351109368001	0.005040878748660535	0.027551961467406225	0.031494629037509755	2.6686124095091646E-4	0.0069452031959945084	0.05472325589218639	0.010420959810189489	0.02383486616549941	1.2152951323206853	0.4463654729030903	3.3636720390939825	0.42863011982685767	1.1963399649832769	1.8791259048738238	1.0352413023528997	0.05472325589218639	0.05472325589218639	0.05472325589218639	0	0.05472325589218639	0.05472325589218639	0	0.05472325589218639	0.05472325589218639	0	0.05472325589218639	0.05472325589218639	-419.8621324009624	-109.49974404964073
123	-526.3440682358175	-824.3833464707137	-526.3440682358175	-298.0392782348962	9.7447780684718	0.0304788770449268	0.036486737050257845	0.01793768749439134	0.03161268154768199	0.02482512985652152	0.04384605566736871	0.0254541902692674	0.008395237932631597	0.014958510792776866	0.027001090162155544	0.0265004199052232	0.018563536087865096	0.0422633252935124	0.007070904102547959	0.017393089018492985	0.02085717291679165	0.028917575726875908	0.05386316217364272	0.01406180609698525	0.009140928935862241	0.11523818287811104	0.027953925276702027	0.00965102137080541	0.008632252907497806	0.010926019035723739	0.032528834066818266	0.0035820259923819986	0.0746612539420871	0.05462140884513578	0.03436804668643477	0.012603688999166085	0.020640382582634884	0.008403858393465566	0.02247351109368001	0.005040878748660535	0.027551961467406225	0.031494629037509755	2.5374659141703325E-4	0.006009459056847266	0.05527005855905969	0.01079401584509186	0.023099671712383522	1.2835361409353547	0.48395629345191266	3.6726050007553073	0.3738921864750987	1.1802611977546944	1.5069742424698178	0.8963391680387116	0.05527005855905969	0.05527005855905969	0.05527005855905969	0	0.05527005855905969	0.05527005855905969	0	0.05527005855905969	0.05527005855905969	0	0.05527005855905969	0.05527005855905969	-418.2635049763616	-108.08056325945596
124	-525.2804074886106	-826.8406197807748	-525.2804074886106	-301.5602122921641	9.868687741559615	0.0304788770449268	0.054633811807015764	0.01793768749439134	0.03161268154768199	0.02482512985652152	0.043773043704345704	0.0254541902692674	0.04736199515552193	0.014958510792776866	0.027001090162155544	0.03431186162601993	0.018563536087865096	0.11358630405160886	0.007070904102547959	0.017393089018492985	0.007285396838578956	0.023894125452255874	0.05386316217364272	0.01406180609698525	0.0036142937500850125	0.022012658197004584	0.033480560462479256	0.00965102137080541	0.008632252907497806	0.008847013620460115	0.032528834066818266	0.0035820259923819986	0.0746612539420871	0.030700026517120893	0.029792748007889544	0.012603688999166085	0.020640382582634884	0.008403858393465566	0.02247351109368001	0.011262075708905014	0.027551961467406225	0.031494629037509755	3.905869630636873E-4	0.00655875649474906	0.03867802712984316	0.006763561353595204	0.015462801908467716	1.57327110445232	0.5102679009251461	3.2667031916783316	0.5246588490258911	0.881758585706632	1.7497118547094492	1.4751042609889458	0.03867802712984316	0.03867802712984316	0.03867802712984316	0	0.03867802712984316	0.03867802712984316	0	0.03867802712984316	0.03867802712984316	0	0.03867802712984316	0.03867802712984316	-422.85205471897564	-102.42835276963504
125	-522.7057485945159	-821.0406875900462	-522.7057485945159	-298.33493899553036	9.720906839784298	0.035108946001468966	0.054633811807015764	0.01793768749439134	0.03161268154768199	0.02482512985652152	0.043773043704345704	0.0254541902692674	0.04733984482595106	0.0103284418362347	0.06816815307127241	0.03431186162601993	0.018563536087865096	0.07241924114249199	0.007070904102547959	0.017393089018492985	0.007285396838578956	0.023894125452255874	0.05386316217364272	0.0225661941224211	0.0036142937500850125	0.022012658197004584	0.033480560462479256	0.00965102137080541	0.008632252907497806	0.008847013620460115	0.032550984396389135	0.0035820259923819986	0.0746612539420871	0.030700026517120893	0.021288359982453695	0.012603688999166085	0.020640382582634884	0.008403858393465566	0.02247351109368001	0.011262075708905014	0.027551961467406225	0.031494629037509755	1.6183382630753616E-4	0.008646977839513226	0.024070689886033735	0.00665477383201443	0.010537030460342755	1.67068105605134	0.6127499722121059	4.510552243970689	0.5910193190048026	1.0825014413673488	1.714128285382808	1.2728843333156097	0.024070689886033735	0.024070689886033735	0.024070689886033735	0	0.024070689886033735	0.024070689886033735	0	0.024070689886033735	0.024070689886033735	0	0.024070689886033735	0.024070689886033735	-429.77056146723976	-92.93518712727608
126	-522.6634172750653	-819.3377556889711	-522.6634172750653	-296.67433841390584	9.755253408093605	0.035108946001468966	0.054633811807015764	0.01793768749439134	0.03161268154768199	0.02482512985652152	0.042258689573328956	0.0254541902692674	0.04733984482595106	0.0103284418362347	0.06816815307127241	0.03431186162601993	0.018563536087865096	0.07241924114249199	0.007070904102547959	0.017393089018492985	0.027789105666381347	0.005996399340958067	0.05386316217364272	0.0225661941224211	0.0036142937500850125	0.07075162929732957	0.033480560462479256	0.00965102137080541	0.008632252907497806	0.008847013620460115	0.032550984396389135	0.0035820259923819986	0.02592228284176211	0.030700026517120893	0.021288359982453695	0.011512060413678249	0.020640382582634884	0.008403858393465566	0.02247351109368001	0.011262075708905014	0.027551961467406225	0.031494629037509755	2.2762532672094876E-4	0.008806083542617353	0.024465457422281168	0.007342082200962005	0.01158404721844108	1.1630969086240979	0.5843323255009921	3.358149210048998	1.016238588643866	1.3320653184972855	0.854279018602517	1.656765286734087	0.024465457422281168	0.024465457422281168	0.024465457422281168	0	0.024465457422281168	0.024465457422281168	0	0.024465457422281168	0.024465457422281168	0	0.024465457422281168	0.024465457422281168	-416.1325289919165	-106.53088828314884
127	-521.6509810773631	-824.3453098901273	-521.6509810773631	-302.6943288127642	10.294529769564257	0.035108946001468966	0.054633811807015764	0.01793768749439134	0.03161268154768199	0.02482512985652152	0.042258689573328956	0.0254541902692674	0.04733984482595106	0.0103284418362347	0.06816815307127241	0.03431186162601993	0.008203743714541911	0.08277903351581517	0.007070904102547959	0.017393089018492985	0.027789105666381347	0.034012158389633326	0.005198612979446779	0.0225661941224211	0.0036142937500850125	0.07075162929732957	0.033480560462479256	0.00965102137080541	0.008632252907497806	0.008847013620460115	0.032550984396389135	0.0035820259923819986	0.010962704085444516	0.030700026517120893	0.041937150127974374	0.011512060413678249	0.020640382582634884	0.008403858393465566	0.03433461909277813	0.026221654465222607	0.027551961467406225	0.019633521038411636	3.936465293009388E-4	0.008417956858532093	0.02311792569456563	0.007016517847067593	0.011073592729451298	1.3858400680082559	0.5823672336860192	2.085833290098707	1.1329189133360507	1.6547693450575816	0.6577729379954197	0.5846782523373355	0.02311792569456563	0.02311792569456563	0.02311792569456563	0	0.02311792569456563	0.02311792569456563	0	0.02311792569456563	0.02311792569456563	0	0.02311792569456563	0.02311792569456563	-433.61706274224446	-88.03391833511864
128	-520.0079645573767	-813.3540860114364	-520.0079645573767	-293.3461214540597	8.897712279408312	0.035108946001468966	0.034931866171755366	0.01793768749439134	0.034650704109300656	0.02482512985652152	0.042258689573328956	0.0254541902692674	0.04733984482595106	0.015559394254486145	0.0981808254046502	0.03431186162601993	0.008203743714541911	0.08277903351581517	0.011325671416387628	0.013138321704653316	0.027789105666381347	0.034012158389633326	0.005198612979446779	0.0225661941224211	0.0036142937500850125	0.06552067687907813	0.010164464005168669	0.00965102137080541	0.008632252907497806	0.008847013620460115	0.032550984396389135	0.0035820259923819986	0.008824248348061267	0.027662003955502223	0.041937150127974374	0.011512060413678249	0.022778838320018133	0.018028424685364572	0.03433461909277813	0.026221654465222607	0.017241234769288835	0.03332505120382322	1.8185189974595717E-4	0.009440028510225917	0.026826568225389234	0.006318484401670555	0.007904022061846924	1.6372354945696335	0.3732937460252724	3.6579235447834297	1.082653582506776	1.2661038338323944	1.0224228681968948	1.1410812960134908	0.026826568225389234	0.026826568225389234	0.026826568225389234	0	0.026826568225389234	0.026826568225389234	0	0.026826568225389234	0.026826568225389234	0	0.026826568225389234	0.026826568225389234	-428.4376790235235	-91.5702855338532
129	-519.5261284348684	-824.1888718207058	-519.5261284348684	-304.6627433858374	9.306928126307245	0.05939331764902611	0.01247842399784227	0.01869957632258007	0.034650704109300656	0.02482512985652152	0.042258689573328956	0.0254541902692674	0.0461965726555293	0.015559394254486145	0.07853166558391209	0.056765303799933026	0.008203743714541911	0.08277903351581517	0.011325671416387628	0.013138321704653316	0.027789105666381347	0.034012158389633326	0.005198612979446779	0.028546466802555223	0.0036142937500850125	0.06552067687907813	0.010164464005168669	0.00965102137080541	0.008632252907497806	0.0029345772765159983	0.032550984396389135	0.0035820259923819986	0.008824248348061267	0.027662003955502223	0.041937150127974374	0.011512060413678249	0.022778838320018133	0.018028424685364572	0.034648166098821154	0.026221654465222607	0.017241234769288835	0.028689839377004187	1.4946075609127173E-4	0.009944672282361042	0.03608738012487326	0.010671569322580671	0.00813886422531326	2.0063566472670606	0.48486185151096417	3.7956479950873603	1.2729553330073105	1.1359907996186462	0.7046688169491323	1.4419738634780666	0.03608738012487326	0.03608738012487326	0.03608738012487326	0	0.03608738012487326	0.03608738012487326	0	0.03608738012487326	0.03608738012487326	0	0.03608738012487326	0.03608738012487326	-406.2888481790145	-113.23728025585392
130	-518.1087496563453	-813.1133752838479	-518.1087496563453	-295.0046256275026	8.42399713424552	0.05939331764902611	0.06971916218696461	0.03969850278802195	0.024778896204422585	0.02482512985652152	0.04394296967160244	0.02801651234712274	0.008742718652867867	0.010056166323555424	0.03413829910011831	0.009710278260539246	0.008203743714541911	0.045612070738884514	0.011325671416387628	0.013138321704653316	0.027789105666381347	0.0810671839290271	0.005198612979446779	0.028546466802555223	0.01963668713197461	0.008279938689955788	0.010164464005168669	0.050947068540782	0.008632252907497806	0.0029345772765159983	0.016528591014499536	0.023328571241748364	0.024560385777352076	0.027662003955502223	0.020938223662532493	0.011512060413678249	0.02653849373362814	0.018028424685364572	0.05903947946485688	0.026221654465222607	0.017241234769288835	0.05390275767179052	5.567623860803086E-5	0.009611045212347817	0.04945002871154051	0.0067037305612431325	0.008492684834096702	1.5235913753082613	0.519076066867751	5.3410154015168	1.5350863357667568	1.179985453712808	0.9302619585762699	0.8269083170434277	0.04945002871154051	0.04945002871154051	0.04945002871154051	0	0.04945002871154051	0.04945002871154051	0	0.04945002871154051	0.04945002871154051	0	0.04945002871154051	0.04945002871154051	-403.53087567843676	-114.57787397790844
131	-515.6653859555611	-822.9509837915317	-515.6653859555611	-307.28559783597063	8.142372397968597	0.05939331764902611	0.06971916218696461	0.03969850278802195	0.024778896204422585	0.02482512985652152	0.04394296967160244	0.038068940120119715	0.010675260264613587	0.010056166323555424	0.03413829910011831	0.009710278260539246	0.008203743714541911	0.045612070738884514	0.011325671416387628	0.013138321704653316	0.027789105666381347	0.0810671839290271	0.005198612979446779	0.028546466802555223	0.01963668713197461	0.006347397078210068	0.010164464005168669	0.050947068540782	0.008632252907497806	0.0029345772765159983	0.016528591014499536	0.023328571241748364	0.024560385777352076	0.027662003955502223	0.020938223662532493	0.011512060413678249	0.02653849373362814	0.018028424685364572	0.05903947946485688	0.016169226692225633	0.017241234769288835	0.05390275767179052	2.81965814108967E-4	0.008414340534420245	0.04579611377904271	0.009447820513361791	0.005047554131847629	1.5824606434050803	0.8952902613088051	2.7049041084330225	1.0065211979042383	1.6197063603299737	0.8829530294275216	0.8127672413047257	0.04579611377904271	0.04579611377904271	0.04579611377904271	0	0.04579611377904271	0.04579611377904271	0	0.04579611377904271	0.04579611377904271	0	0.04579611377904271	0.04579611377904271	-396.3080048424652	-119.35738111309581
132	-514.2751784519054	-829.0485629247289	-514.2751784519054	-314.77338447282347	8.142372397968597	0.05939331764902611	0.03253016507414863	0.03969850278802195	0.024778896204422585	0.007971131819439314	0.04394296967160244	0.038068940120119715	0.07528309250370864	0.010056166323555424	0.05099229713720052	0.009710278260539246	0.008203743714541911	0.04767526241996645	0.009262479735305695	0.013138321704653316	0.027789105666381347	0.0810671839290271	0.005198612979446779	0.028546466802555223	0.01963668713197461	0.01861302387512752	0.010164464005168669	0.031820211931844575	0.008632252907497806	0.0029345772765159983	0.016528591014499536	0.023328571241748364	0.016405325807195434	0.027662003955502223	0.020938223662532493	0.04057350057636644	0.022276175556149233	0.026155981635492362	0.021713563804855895	0.016169226692225633	0.004975607972371385	0.05816507584926943	1.0398333703948268E-4	0.011596184451272206	0.06534425115614939	0.007827277419280212	0.004013413680936641	0.9744775997501288	0.537479516326656	3.45606736632615	1.1240558485283065	2.0955373604750114	0.9206503623099083	0.9675481930140176	0.06534425115614939	0.06534425115614939	0.06534425115614939	0	0.06534425115614939	0.06534425115614939	0	0.06534425115614939	0.06534425115614939	0	0.06534425115614939	0.06534425115614939	-393.2464696971324	-121.02870875477304
133	-513.1225452653123	-823.2224741612852	-513.1225452653123	-310.09992889597294	8.56982359161614	0.05939331764902611	0.03253016507414863	0.03969850278802195	0.024778896204422585	0.007971131819439314	0.04394296967160244	0.05282467399543864	0.07528309250370864	0.010056166323555424	0.0362365632618816	0.009710278260539246	0.008203743714541911	0.04767526241996645	0.009262479735305695	0.013138321704653316	0.027789105666381347	0.0810671839290271	0.005198612979446779	0.028546466802555223	0.01617788945638618	0.02207182155071595	0.010164464005168669	0.031820211931844575	0.008632252907497806	0.0029345772765159983	0.016528591014499536	0.023328571241748364	0.016405325807195434	0.027662003955502223	0.020938223662532493	0.04057350057636644	0.022276175556149233	0.026155981635492362	0.021713563804855895	0.016169226692225633	0.004975607972371385	0.05816507584926943	3.314889184196482E-5	0.009697568713736943	0.05876941120346789	0.011309310844555717	0.003646821610477433	1.0489723003322935	0.7725820439914962	1.7944045841877005	1.8081597122881468	1.9477461957960036	0.7602752696708576	1.0881491787667226	0.05876941120346789	0.05876941120346789	0.05876941120346789	0	0.05876941120346789	0.05876941120346789	0	0.05876941120346789	0.05876941120346789	0	0.05876941120346789	0.05876941120346789	-388.7485318032583	-124.37401346205401
134	-512.847797734291	-827.8088003521925	-512.847797734291	-314.9610026179015	9.055466624077312	0.13569053644374351	0.03253016507414863	0.03969850278802195	0.024603298211084368	0.007971131819439314	0.04394296967160244	0.05282467399543864	0.09618386904774119	0.010056166323555424	0.0362365632618816	0.03986015460474654	0.008203743714541911	0.04767526241996645	0.009262479735305695	0.013313919697991533	0.027789105666381347	0.004769965134309703	0.005198612979446779	0.028546466802555223	0.03543225897324151	0.02207182155071595	0.010164464005168669	0.012565842414989245	0.008632252907497806	0.0029345772765159983	0.016528591014499536	0.023328571241748364	0.016405325807195434	0.015837861274984766	0.020938223662532493	0.010423624232159145	0.022276175556149233	0.026155981635492362	0.021713563804855895	0.007092592828710539	0.004975607972371385	0.05816507584926943	5.600518493249769E-5	0.007455603634590282	0.05518964782748525	0.009079193275217242	0.006343224407901622	1.1071182227791214	1.0649498884012383	1.7396139774452257	1.5893701234504196	1.7563552333009136	0.9258037511400049	1.1301208143845054	0.05518964782748525	0.05518964782748525	0.05518964782748525	0	0.05518964782748525	0.05518964782748525	0	0.05518964782748525	0.05518964782748525	0	0.05518964782748525	0.05518964782748525	-395.4120881339503	-117.43570960034074
135	-511.7848740918519	-819.4572323260492	-511.7848740918519	-307.67235823419725	10.375555036344085	0.13569053644374351	0.03607813009516703	0.03969850278802195	0.06279777854631602	0.007971131819439314	0.005748489336370788	0.05282467399543864	0.09618386904774119	0.013506028812834234	0.0362365632618816	0.03986015460474654	0.008203743714541911	0.04767526241996645	0.009262479735305695	0.013313919697991533	0.027789105666381347	0.004769965134309703	0.005198612979446779	0.028546466802555223	0.0319823964839627	0.02207182155071595	0.010164464005168669	0.012565842414989245	0.008632252907497806	0.0029345772765159983	0.016528591014499536	0.023328571241748364	0.012857360786177038	0.015837861274984766	0.020938223662532493	0.010423624232159145	0.022276175556149233	0.026155981635492362	0.021713563804855895	0.007092592828710539	0.004975607972371385	0.05816507584926943	1.5176149394102443E-4	0.006418561888073138	0.04134769606785341	0.014604445319642428	0.008265687798829933	0.8196773306268289	1.12453403545366	1.8493973248864448	2.3331759122234295	1.9597945052507748	1.204725966244121	1.0312115691356396	0.04134769606785341	0.04134769606785341	0.04134769606785341	0	0.04134769606785341	0.04134769606785341	0	0.04134769606785341	0.04134769606785341	0	0.04134769606785341	0.04134769606785341	-408.6710020845731	-103.1138720072788
136	-507.87235838690424	-808.4960442095569	-507.87235838690424	-300.62368582265265	7.675192166114696	0.13569053644374351	0.03607813009516703	0.03969850278802195	0.013346816743249834	0.007971131819439314	0.005748489336370788	0.05282467399543864	0.09618386904774119	0.013506028812834234	0.0362365632618816	0.03986015460474654	0.009691615234240225	0.04767526241996645	0.009262479735305695	0.013313919697991533	0.027789105666381347	0.004769965134309703	0.005198612979446779	0.028546466802555223	0.030494524964264386	0.07152278335378214	0.010164464005168669	0.012565842414989245	0.008632252907497806	0.0029345772765159983	0.016528591014499536	0.00965772649558283	0.012857360786177038	0.015837861274984766	0.03460906840869803	0.010423624232159145	0.022276175556149233	0.026155981635492362	0.021713563804855895	0.007092592828710539	0.004975607972371385	0.05816507584926943	5.469084665194561E-5	0.006637222197018853	0.020380406061869652	0.017087406741122264	0.011375850456320839	0.7615153674885289	1.2716551510469687	1.2415708151442615	2.0567500651541493	1.1379874796176204	1.7658615268574553	0.7547486983037122	0.020380406061869652	0.020380406061869652	0.020380406061869652	0	0.020380406061869652	0.020380406061869652	0	0.020380406061869652	0.020380406061869652	0	0.020380406061869652	0.020380406061869652	-406.2954368809774	-101.57692150592689
137	-507.7751456501834	-818.1923698032139	-507.7751456501834	-310.4172241530305	13.84965721933539	0.023415154985894082	0.03607813009516703	0.04059834698052517	0.013346816743249834	0.007971131819439314	0.005748489336370788	0.05282467399543864	0.2075594063130874	0.013506028812834234	0.0362365632618816	0.03986015460474654	0.009691615234240225	0.04767526241996645	0.014091506810584353	0.013313919697991533	0.027789105666381347	0.02709531020678023	0.005198612979446779	0.028546466802555223	0.00816917989179386	0.07152278335378214	0.010164464005168669	0.012565842414989245	0.008632252907497806	0.018759622267656345	0.016528591014499536	0.00965772649558283	0.00802833371089838	0.015837861274984766	0.03460906840869803	0.010423624232159145	0.022276175556149233	0.026155981635492362	0.005888518813715549	0.007092592828710539	0.004975607972371385	0.05816507584926943	2.1632090224559216E-4	0.00898111564549082	0.034139515578339726	0.014326694365901548	0.00804750332716968	1.084628685012091	1.0056790506300082	1.3249170977743774	3.81947688059934	1.4233215997015767	0.9935894979886349	0.8529968263161666	0.034139515578339726	0.034139515578339726	0.034139515578339726	0	0.034139515578339726	0.034139515578339726	0	0.034139515578339726	0.034139515578339726	0	0.034139515578339726	0.034139515578339726	-411.6917336168043	-96.08341203337909
138	-507.441924175895	-821.4126784238374	-507.441924175895	-313.97075424794247	11.346777475066453	0.023415154985894082	0.010066239627603668	0.04059834698052517	0.013346816743249834	0.007971131819439314	0.03176037980393415	0.05282467399543864	0.2075594063130874	0.014494984871982294	0.0362365632618816	0.03887119854559848	0.009691615234240225	0.04767526241996645	0.014091506810584353	0.013313919697991533	0.027789105666381347	0.02709531020678023	0.005198612979446779	0.028546466802555223	0.00816917989179386	0.07152278335378214	0.010164464005168669	0.012565842414989245	0.008632252907497806	0.018759622267656345	0.016528591014499536	0.00965772649558283	0.00802833371089838	0.014634694805514159	0.03460906840869803	0.010423624232159145	0.02347934202561984	0.026155981635492362	0.005888518813715549	0.007092592828710539	0.004975607972371385	0.05816507584926943	1.4779413506400805E-4	0.008220081396110829	0.046992111718553616	0.020687829235736314	0.00949953780214089	1.165549946259317	0.7357506428433261	0.8457150002175424	2.11729506418833	3.428105757888345	0.9174952245701433	0.8924676519648954	0.046992111718553616	0.046992111718553616	0.046992111718553616	0	0.046992111718553616	0.046992111718553616	0	0.046992111718553616	0.046992111718553616	0	0.046992111718553616	0.046992111718553616	-409.25544048457414	-98.18648369132089
139	-506.99336500799853	-816.9808903439093	-506.99336500799853	-309.9875253359108	12.352217303497765	0.023415154985894082	0.010066239627603668	0.04059834698052517	0.013346816743249834	0.007971131819439314	0.03176037980393415	0.05282467399543864	0.2075594063130874	0.014494984871982294	0.0362365632618816	0.03887119854559848	0.009691615234240225	0.04767526241996645	0.014091506810584353	0.013313919697991533	0.027789105666381347	0.02709531020678023	0.005198612979446779	0.028546466802555223	0.00816917989179386	0.07152278335378214	0.010164464005168669	0.012565842414989245	0.008632252907497806	0.018759622267656345	0.027665469140159313	0.00965772649558283	0.00802833371089838	0.014634694805514159	0.02347219028303825	0.010423624232159145	0.02347934202561984	0.026155981635492362	0.005888518813715549	0.007092592828710539	0.004975607972371385	0.05816507584926943	1.5400411726451983E-4	0.009502378890897242	0.0615227487698023	0.011798283611107532	0.010069891428453104	1.6517203083484964	0.5846731293111431	0.620461960662595	1.4912945700332347	3.473005939053552	0.5877196865018742	0.6235282467335943	0.0615227487698023	0.0615227487698023	0.0615227487698023	0	0.0615227487698023	0.0615227487698023	0	0.0615227487698023	0.0615227487698023	0	0.0615227487698023	0.0615227487698023	-407.71480949184246	-99.27855551615608
140	-506.96000137665305	-802.7889807496585	-506.96000137665305	-295.82897937300555	9.451261095726636	0.013197708496083482	0.010066239627603668	0.04059834698052517	0.028867541640192507	0.007971131819439314	0.03176037980393415	0.05282467399543864	0.06480018084675859	0.014494984871982294	0.0362365632618816	0.03887119854559848	0.009691615234240225	0.04767526241996645	0.014091506810584353	0.013313919697991533	0.045547008927884075	0.02709531020678023	0.005198612979446779	0.01302574190561255	0.003521525640222428	0.07152278335378214	0.010164464005168669	0.012565842414989245	8.759995684934907E-4	0.008757972345157933	0.07423512064734106	0.1058473004547299	0.01824578020070898	0.014634694805514159	0.02347219028303825	0.015071278483730577	0.02347934202561984	0.026155981635492362	0.005888518813715549	0.007092592828710539	0.004975607972371385	0.05816507584926943	3.4903578905978234E-4	0.01037368572305058	0.055577787553826044	0.012910821775891533	0.01686708267531847	1.3988528553260757	0.7312329691867699	0.6615307494624751	1.3168123951153572	4.010391722517698	0.375496013944352	0.9431099299270521	0.055577787553826044	0.055577787553826044	0.055577787553826044	0	0.055577787553826044	0.055577787553826044	0	0.055577787553826044	0.055577787553826044	0	0.055577787553826044	0.055577787553826044	-399.6003737933644	-107.3596275832887
141	-506.34366580302265	-809.134164534339	-506.34366580302265	-302.79049873131635	7.749281736551369	0.013197708496083482	0.010066239627603668	0.05042381178292471	0.028867541640192507	0.007971131819439314	0.03176037980393415	0.05282467399543864	0.06480018084675859	0.014494984871982294	0.0362365632618816	0.029045733743198937	0.009691615234240225	0.04767526241996645	0.014091506810584353	0.013313919697991533	0.045547008927884075	0.02709531020678023	0.005198612979446779	0.011316193127253057	0.003521525640222428	0.07152278335378214	0.011874012783528162	0.012565842414989245	8.759995684934907E-4	0.008757972345157933	0.07423512064734106	0.10270233633285886	0.01824578020070898	0.014634694805514159	0.02347219028303825	0.018216242605601618	0.02347934202561984	0.026155981635492362	0.005888518813715549	0.007092592828710539	0.004975607972371385	0.05816507584926943	4.0520075905455856E-4	0.007201192801728383	0.044885427608094774	0.017229484184433923	0.015336613767922884	1.5046331449315316	0.549277568303692	0.8843642510344264	0.8657997814690434	4.0189276126563005	0.513720296789847	0.8541890586604044	0.044885427608094774	0.044885427608094774	0.044885427608094774	0	0.044885427608094774	0.044885427608094774	0	0.044885427608094774	0.044885427608094774	0	0.044885427608094774	0.044885427608094774	-408.3434595899509	-98.00020621307176
142	-505.9681664603726	-803.134023753526	-505.9681664603726	-297.16585729315335	7.749281736551369	0.05015388803655951	0.010066239627603668	0.054963245114524606	0.028867541640192507	0.007971131819439314	0.02722094647233425	0.05282467399543864	0.06480018084675859	0.014494984871982294	0.0362365632618816	0.029045733743198937	0.009691615234240225	0.010719082879490416	0.014091506810584353	0.013313919697991533	0.045547008927884075	0.02709531020678023	0.005198612979446779	0.011316193127253057	0.003521525640222428	0.07152278335378214	0.011874012783528162	0.012565842414989245	8.759995684934907E-4	0.008757972345157933	0.0251353218333914	0.10270233633285886	0.01824578020070898	0.014634694805514159	0.02347219028303825	0.0653414177956696	0.02347934202561984	0.02813060525937404	0.005888518813715549	0.007092592828710539	0.004975607972371385	0.05816507584926943	5.208863438675944E-5	0.00815164670227188	0.0405024698255638	0.01257978429601226	0.014150086384087933	0.7296221844604445	0.3524174612403151	1.2370836323770378	0.7691153024115545	3.596231607544317	0.5741679922173837	0.7955001470350981	0.0405024698255638	0.0405024698255638	0.0405024698255638	0	0.0405024698255638	0.0405024698255638	0	0.0405024698255638	0.0405024698255638	0	0.0405024698255638	0.0405024698255638	-408.5290435422646	-97.43912291810798
143	-504.7507473470772	-811.9214072033856	-504.7507473470772	-307.1706598563084	7.127280493168452	0.014721298713158637	0.010066239627603668	0.022110167008268455	0.028867541640192507	0.007971131819439314	0.02722094647233425	0.06834921651663536	0.0545725673638216	0.014494984871982294	0.0362365632618816	0.029045733743198937	0.009691615234240225	0.010719082879490416	0.023325459958744577	0.013313919697991533	0.03774467175957072	0.02709531020678023	0.005198612979446779	0.02154380661019005	0.003521525640222428	0.07932512052209549	0.011874012783528162	0.012565842414989245	8.759995684934907E-4	0.008757972345157933	0.0251353218333914	0.10270233633285886	0.029253841967972302	0.011721215475150037	0.058904779606439125	0.0653414177956696	0.02347934202561984	0.02813060525937404	0.005888518813715549	0.007092592828710539	0.004975607972371385	0.05816507584926943	1.233727979585197E-4	0.007174916579894807	0.0461979023900056	0.015449086818084075	0.013483158727749727	0.8325499280664	0.5442531269754985	2.200051076752444	1.082869019280582	4.593613370349139	0.5666178454350227	0.9966516892969938	0.0461979023900056	0.0461979023900056	0.0461979023900056	0	0.0461979023900056	0.0461979023900056	0	0.0461979023900056	0.0461979023900056	0	0.0461979023900056	0.0461979023900056	-401.8080202782746	-102.94272706880258
144	-503.6329626943273	-811.2109869686736	-503.6329626943273	-307.5780242743463	7.127280493168452	0.00614556787691245	0.010066239627603668	0.022110167008268455	0.028867541640192507	0.025629475406056867	0.02301301919465598	0.05330129931088409	0.0545725673638216	0.04556931699263854	0.05128448046763287	0.029045733743198937	0.009691615234240225	0.010719082879490416	0.023325459958744577	0.013313919697991533	0.03774467175957072	0.0040837307994524424	0.005198612979446779	0.02154380661019005	0.003521525640222428	0.07932512052209549	0.011874012783528162	0.012565842414989245	8.759995684934907E-4	0.008757972345157933	0.0251353218333914	0.10270233633285886	0.029253841967972302	0.020296946311396225	0.058904779606439125	0.047683074209052045	0.02347934202561984	0.02813060525937404	0.010096446091393818	0.030104172236038326	0.004975607972371385	0.027090743728613184	9.655689527826305E-5	0.008749526957810963	0.03203543475625449	0.01869282049988421	0.008099171718089508	0.7987206918189151	0.5580148674187609	1.8213459723549994	0.7476935475797073	4.7846396398823146	0.6968277889065249	1.2991684614471848	0.03203543475625449	0.03203543475625449	0.03203543475625449	0	0.03203543475625449	0.03203543475625449	0	0.03203543475625449	0.03203543475625449	0	0.03203543475625449	0.03203543475625449	-409.4142239139785	-94.21873878034881
145	-503.5025026215409	-806.1300173849631	-503.5025026215409	-302.6275147634223	6.73805113717942	0.00614556787691245	0.010066239627603668	0.022110167008268455	0.04167928195841236	0.025629475406056867	0.02301301919465598	0.037262895881443464	0.0099064735731616	0.04556931699263854	0.054982441287568545	0.029045733743198937	0.009691615234240225	0.010719082879490416	0.023325459958744577	0.013313919697991533	0.024932931441350864	0.002874206888014416	0.005198612979446779	0.02154380661019005	0.003521525640222428	0.06538199865039106	0.011874012783528162	0.012565842414989245	8.759995684934907E-4	0.008757972345157933	0.0251353218333914	0.10270233633285886	0.0337429358044805	0.020296946311396225	0.058904779606439125	0.047683074209052045	0.02347934202561984	0.10028978744268145	0.010096446091393818	0.02561507839953013	0.004975607972371385	0.027090743728613184	1.52782010447704E-4	0.009706567240767103	0.042695624035822735	0.011620693759265303	0.006432714357437521	0.529820805544086	0.5989530770542589	1.887242519103198	0.9520167215491363	3.037922689753347	0.8935897610109613	0.6276332039354436	0.042695624035822735	0.042695624035822735	0.042695624035822735	0	0.042695624035822735	0.042695624035822735	0	0.042695624035822735	0.042695624035822735	0	0.042695624035822735	0.042695624035822735	-415.3334539457859	-88.16904867575502
146	-501.0030122269112	-802.9841489156087	-501.0030122269112	-301.98113668869746	7.851793409964461	0.00614556787691245	0.010066239627603668	0.022110167008268455	0.04167928195841236	0.025629475406056867	0.01954943707103246	0.037262895881443464	0.0099064735731616	0.04823308522740942	0.054982441287568545	0.029045733743198937	0.009691615234240225	0.05618309514932329	0.023325459958744577	0.013313919697991533	0.024932931441350864	0.002874206888014416	0.005198612979446779	0.02507625452264449	0.003521525640222428	0.023381568504181702	0.011874012783528162	0.015035023917771104	8.626373905835649E-4	0.008771334523067859	0.0251353218333914	0.10270233633285886	0.03127375430169864	0.020296946311396225	0.058904779606439125	0.047683074209052045	0.02347934202561984	0.10028978744268145	0.010096446091393818	0.01941886225230481	0.004975607972371385	0.027090743728613184	2.1146833853483705E-4	0.009631522341127036	0.07576031480861371	0.011053660399492477	0.00904570008950936	0.3825665072771392	0.4362083503756306	1.274088514176122	0.9166370489820471	2.159440075466278	1.0215739367717704	0.5224343339004229	0.07576031480861371	0.07576031480861371	0.07576031480861371	0	0.07576031480861371	0.07576031480861371	0	0.07576031480861371	0.07576031480861371	0	0.07576031480861371	0.07576031480861371	-412.0338944293683	-88.96911779754296
147	-499.5068630868873	-804.416028392501	-499.5068630868873	-304.9091653056136	9.390069272242954	0.019861016154566813	0.010066239627603668	0.022110167008268455	0.04167928195841236	0.025629475406056867	0.01954943707103246	0.037262895881443464	0.008233472614748327	0.04823308522740942	0.0320403760701434	0.029045733743198937	0.009691615234240225	0.05618309514932329	0.023325459958744577	0.013313919697991533	0.024932931441350864	0.002874206888014416	0.005198612979446779	0.02507625452264449	0.003521525640222428	0.023381568504181702	0.011874012783528162	0.03797708913519625	8.626373905835649E-4	0.008771334523067859	0.0251353218333914	0.10230797222143051	0.03294675526011191	0.020296946311396225	0.058904779606439125	0.047683074209052045	0.023873706137048187	0.10028978744268145	0.007312131523718235	0.01941886225230481	0.007759922540046968	0.013375295450958821	8.574601226199208E-5	0.009415110794979524	0.07413930277714352	0.02242554839618988	0.008246795872693566	0.509742217527181	0.3477538732295065	1.2322414934431973	0.8268583142138523	2.4582644243112544	0.906746498460291	0.5909124137823377	0.07413930277714352	0.07413930277714352	0.07413930277714352	0	0.07413930277714352	0.07413930277714352	0	0.07413930277714352	0.07413930277714352	0	0.07413930277714352	0.07413930277714352	-413.6777089467388	-85.82915414014849
148	-497.37927932892416	-824.1181279756254	-497.37927932892416	-326.7388486467012	10.506695639055746	0.015443378911245587	0.010066239627603668	0.022110167008268455	0.01901858983336574	0.025629475406056867	0.017985646079688278	0.037262895881443464	0.008233472614748327	0.04823308522740942	0.0320403760701434	0.029045733743198937	0.009691615234240225	0.05618309514932329	0.023325459958744577	0.013313919697991533	0.024932931441350864	0.002874206888014416	0.005198612979446779	0.02507625452264449	0.007939162883543655	0.024945359495525884	0.011874012783528162	0.03797708913519625	8.626373905835649E-4	0.008771334523067859	0.0251353218333914	0.07483472243694489	0.06042000504459753	0.020296946311396225	0.058904779606439125	0.047683074209052045	0.023873706137048187	0.10028978744268145	0.007312131523718235	0.04207955437735143	0.007759922540046968	0.013375295450958821	1.4711111287662204E-4	0.007223351195870753	0.04803924575918092	0.017051475218619636	0.010452146354800147	0.5595656879338419	0.49722094629638003	1.4355819779136627	0.5194538470033654	2.684736748413475	1.0306481703009918	0.32267723165705836	0.04803924575918092	0.04803924575918092	0.04803924575918092	0	0.04803924575918092	0.04803924575918092	0	0.04803924575918092	0.04803924575918092	0	0.04803924575918092	0.04803924575918092	-412.37267222120175	-85.0066071077224
149	-497.1329628043212	-817.6078169758381	-497.1329628043212	-320.4748541715169	10.709378833341226	0.015443378911245587	0.02999693081064103	0.022110167008268455	0.01901858983336574	0.053394828396515215	0.017985646079688278	0.037262895881443464	0.008233472614748327	0.04823308522740942	0.0320403760701434	0.039098403955037137	0.009691615234240225	0.02619973375444773	0.023325459958744577	0.013313919697991533	0.024932931441350864	0.004511115154652398	0.005198612979446779	0.02507625452264449	0.007939162883543655	0.024945359495525884	0.011874012783528162	0.03797708913519625	8.626373905835649E-4	0.008771334523067859	0.0251353218333914	0.07483472243694489	0.020348954014430917	0.03260264435110449	0.058904779606439125	0.047683074209052045	0.023873706137048187	0.10028978744268145	0.005675223257080253	0.04207955437735143	0.007759922540046968	0.013375295450958821	1.1897802808022038E-4	0.00844489350540918	0.050303045337049164	0.019742341920670994	0.018450112882511877	0.7199837397230151	0.6907461291818354	0.9470787980596962	0.23865021506002995	2.07705862536453	0.9943191509808775	0.38780094125313996	0.050303045337049164	0.050303045337049164	0.050303045337049164	0	0.050303045337049164	0.050303045337049164	0	0.050303045337049164	0.050303045337049164	0	0.050303045337049164	0.050303045337049164	-407.36634241928925	-89.76662038503198
150	-496.36513939349555	-817.6985505831797	-496.36513939349555	-321.33341118968417	12.363717884353331	0.015443378911245587	0.02160709520415849	0.02019322264535689	0.01901858983336574	0.049491297644086885	0.017985646079688278	0.037262895881443464	0.008233472614748327	0.04823308522740942	0.0320403760701434	0.039098403955037137	0.02378962335263901	0.013482436755427152	0.023325459958744577	0.013313919697991533	0.024932931441350864	0.004511115154652398	0.013588448585929322	0.026993198885556055	0.007939162883543655	0.024945359495525884	0.02459130978254874	0.03797708913519625	0.004508519966424096	0.008771334523067859	0.0251353218333914	0.07483472243694489	0.020348954014430917	0.03260264435110449	0.04506441966462814	0.047683074209052045	0.023873706137048187	0.10028978744268145	0.005675223257080253	0.04207955437735143	0.007759922540046968	0.013375295450958821	5.8635818954657436E-5	0.007767945606375902	0.042686582092607096	0.019299336037973222	0.016265000595369745	0.7076276562924522	0.48399742163693577	0.6705330289391728	0.4013506845613965	2.2655349697863407	1.215128222700537	0.5201087439989766	0.042686582092607096	0.042686582092607096	0.042686582092607096	0	0.042686582092607096	0.042686582092607096	0	0.042686582092607096	0.042686582092607096	0	0.042686582092607096	0.042686582092607096	-408.47657629277285	-87.88856310072269
151	-495.74924220704236	-809.6212754172088	-495.74924220704236	-313.8720332101664	10.890163640275276	0.015443378911245587	0.02160709520415849	0.02019322264535689	0.01901858983336574	0.03062808825411356	0.030306573754436295	0.05612610527141679	0.008233472614748327	0.04823308522740942	0.0320403760701434	0.039098403955037137	0.02378962335263901	0.013482436755427152	0.023325459958744577	0.013313919697991533	0.024932931441350864	0.004511115154652398	0.013588448585929322	0.026993198885556055	0.007939162883543655	0.03963288423054599	0.02459130978254874	0.014564585761191004	0.004508519966424096	0.025712519835296738	0.0251353218333914	0.07483472243694489	0.020348954014430917	0.038676164432097426	0.030774692910391463	0.03536214653430403	0.023873706137048187	0.10028978744268145	0.005675223257080253	0.04207955437735143	0.007759922540046968	0.013375295450958821	4.644477683781569E-5	0.008623007386284348	0.04746461704301532	0.018126133910715662	0.014728648701097006	0.8404127978264369	0.6484701941155675	1.4023498857451526	0.4759525410589908	2.5516401656264156	1.2779105533115798	0.5789684157397762	0.04746461704301532	0.04746461704301532	0.04746461704301532	0	0.04746461704301532	0.04746461704301532	0	0.04746461704301532	0.04746461704301532	0	0.04746461704301532	0.04746461704301532	-411.0677187056075	-84.6815235014349
152	-495.4719567504465	-797.9094775188203	-495.4719567504465	-302.43752076837376	10.398283417364539	0.015443378911245587	0.02160709520415849	0.02019322264535689	0.01901858983336574	0.03062808825411356	0.053050572631235526	0.05612610527141679	0.08478736379093116	0.04823308522740942	0.0320403760701434	0.039098403955037137	0.02378962335263901	0.013482436755427152	0.023325459958744577	0.013164617390781647	0.009291021977637287	0.004511115154652398	0.013588448585929322	0.026993198885556055	0.0739415463927818	0.03963288423054599	0.02459130978254874	0.014564585761191004	0.004508519966424096	0.025712519835296738	0.0251353218333914	0.016297119413632433	0.020348954014430917	0.008467385069372502	0.030774692910391463	0.03536214653430403	0.023873706137048187	0.02373589626649862	0.005675223257080253	0.04207955437735143	0.007909224847256854	0.029017204914672398	8.323414268139096E-5	0.007664160789493623	0.05075252986798888	0.02001064618444987	0.014967782428614157	1.0074079493394517	0.7187261905565022	2.05939957585224	0.46903655608368494	2.8778570340360816	1.1117892224412624	0.706194781804116	0.05075252986798888	0.05075252986798888	0.05075252986798888	0	0.05075252986798888	0.05075252986798888	0	0.05075252986798888	0.05075252986798888	0	0.05075252986798888	0.05075252986798888	-403.98668223247955	-91.48527451796696
153	-494.6857324739388	-826.4001745287878	-494.6857324739388	-331.7144420548491	20.402239865395767	0.015443378911245587	0.02160709520415849	0.02019322264535689	0.01901858983336574	0.03062808825411356	0.053050572631235526	0.05612610527141679	0.10099790325418795	0.03202254576415263	0.0320403760701434	0.039098403955037137	0.02378962335263901	0.013482436755427152	0.023325459958744577	0.04167926337985525	0.009291021977637287	0.004511115154652398	0.013588448585929322	0.026667875903647928	0.0739415463927818	0.03963288423054599	0.02459130978254874	0.014564585761191004	0.004508519966424096	0.025712519835296738	0.0251353218333914	0.016297119413632433	0.01552041663191904	0.013621245433792506	0.030774692910391463	0.03536214653430403	0.023873706137048187	0.02373589626649862	0.005675223257080253	0.013564908388277827	0.007909224847256854	0.029017204914672398	8.96076693216604E-5	0.0070307274757944755	0.04541902866629223	0.020646686980229305	0.009141129475552248	1.3733910444899722	0.722736919787038	2.2324379439806994	0.6015669905750416	3.146619836493843	1.2566971693351425	0.8996064538854132	0.04541902866629223	0.04541902866629223	0.04541902866629223	0	0.04541902866629223	0.04541902866629223	0	0.04541902866629223	0.04541902866629223	0	0.04541902866629223	0.04541902866629223	-410.541972385809	-84.14376008812978
154	-491.4281549964826	-807.3864163449532	-491.4281549964826	-315.95826134847067	9.57562156569238	0.015443378911245587	0.02160709520415849	0.0073031144825358996	0.01901858983336574	0.03062808825411356	0.053050572631235526	0.059303177744338104	0.06625859368789383	0.025215653050350104	0.0320403760701434	0.039098403955037137	0.02378962335263901	0.013482436755427152	0.023325459958744577	0.05456937154267624	0.009291021977637287	0.034737636234910094	0.013588448585929322	0.026667875903647928	0.0739415463927818	0.009406363150288297	0.02459130978254874	0.014564585761191004	0.004508519966424096	0.025712519835296738	0.0251353218333914	0.016297119413632433	0.01552041663191904	0.01044417296087119	0.030774692910391463	0.03536214653430403	0.023873706137048187	0.02373589626649862	0.005675223257080253	0.013564908388277827	0.007909224847256854	0.07056340719476904	1.1762522042834464E-4	0.009654021859327148	0.022253142885996422	0.013884202995998192	0.00940646791625032	0.9425122658502127	1.027345193223653	1.5615359271762523	0.7127923562516459	2.423806196241229	1.2047350718101935	1.208689043478542	0.022253142885996422	0.022253142885996422	0.022253142885996422	0	0.022253142885996422	0.022253142885996422	0	0.022253142885996422	0.022253142885996422	0	0.022253142885996422	0.022253142885996422	-407.8944414894888	-83.53371350699379
155	-490.7845086695246	-801.398944287706	-490.7845086695246	-310.61443561818135	8.117929656375914	0.015443378911245587	0.029706828042584954	0.0073031144825358996	0.03015254180095278	0.03062808825411356	0.053050572631235526	0.059303177744338104	0.04700749508383423	0.025215653050350104	0.0320403760701434	0.027964451987450095	0.02378962335263901	0.013482436755427152	0.023325459958744577	0.05456937154267624	0.019038173435063505	0.024990484777483876	0.013588448585929322	0.04053202164352719	0.0739415463927818	0.009406363150288297	0.056421162002209244	0.014564585761191004	0.004508519966424096	0.025712519835296738	0.006922321966877809	0.016297119413632433	0.01552041663191904	0.01044417296087119	0.022674960071964997	0.03536214653430403	0.04208670600356178	0.02373589626649862	0.024926321861139855	0.013564908388277827	0.007909224847256854	0.024869409235229276	1.6160836002429143E-4	0.008079780455453963	0.01272297806858373	0.020320217180243665	0.007491177347320835	1.6226515155438481	1.008607348430017	1.3283840441354464	0.9149895863621313	1.8324177552037644	0.843474552649155	0.5980429203227875	0.01272297806858373	0.01272297806858373	0.01272297806858373	0	0.01272297806858373	0.01272297806858373	0	0.01272297806858373	0.01272297806858373	0	0.01272297806858373	0.01272297806858373	-405.0693504939316	-85.71515817559299
156	-489.35424803522847	-798.7368629256453	-489.35424803522847	-309.3826148904168	8.114528792526391	0.015443378911245587	0.029706828042584954	0.0073031144825358996	0.03015254180095278	0.03062808825411356	0.053050572631235526	0.09257565509653229	0.04700749508383423	0.025215653050350104	0.0320403760701434	0.027964451987450095	0.02378962335263901	0.013482436755427152	0.018947851522535974	0.027525299699388633	0.019038173435063505	0.024990484777483876	0.013588448585929322	0.04053202164352719	0.06915272642420109	0.014195183118869012	0.0718932934605616	0.014564585761191004	0.004508519966424096	0.05275659167858435	0.006922321966877809	0.016297119413632433	0.01552041663191904	0.01044417296087119	0.022674960071964997	0.0064672776183184455	0.02661457454520942	0.02373589626649862	0.024926321861139855	0.013564908388277827	0.007909224847256854	0.024869409235229276	1.5585483196195102E-4	0.009077718828358899	0.011139378339391557	0.02637687331762941	0.007401605705578297	2.2010240612146657	1.1717226023145597	1.9732137480254848	0.9161751966293107	2.3915451728280877	0.7086401138638636	0.7465671645334379	0.011139378339391557	0.011139378339391557	0.011139378339391557	0	0.011139378339391557	0.011139378339391557	0	0.011139378339391557	0.011139378339391557	0	0.011139378339391557	0.011139378339391557	-406.57651812127773	-82.77772991395075
157	-489.17990268112953	-814.1971197801402	-489.17990268112953	-325.0172170990107	11.811277221424179	0.015443378911245587	0.05509278056160838	0.0073031144825358996	0.03015254180095278	0.03062808825411356	0.05783560002467675	0.09257565509653229	0.042252433010389445	0.023007020325596414	0.08031262219633026	0.027964451987450095	0.028544685426083793	0.013482436755427152	0.011762796207058224	0.027525299699388633	0.021190329778885325	0.024990484777483876	0.013588448585929322	0.04053202164352719	0.043766773905177664	0.014195183118869012	0.02822970798116496	0.014564585761191004	0.004508519966424096	0.014360924728608143	0.006922321966877809	0.016297119413632433	0.01336826028809722	0.01044417296087119	0.022674960071964997	0.04486294456829465	0.02661457454520942	0.02373589626649862	0.024926321861139855	0.013564908388277827	0.007909224847256854	0.024869409235229276	4.2540070307239635E-4	0.009747208310669282	0.01605025554611568	0.032414836517575665	0.00750727964827521	1.6348108850450305	1.1248720775102523	2.322849459217007	1.1147679430434605	2.3203069225312953	1.1400404959808181	0.6659796002274952	0.01605025554611568	0.01605025554611568	0.01605025554611568	0	0.01605025554611568	0.01605025554611568	0	0.01605025554611568	0.01605025554611568	0	0.01605025554611568	0.01605025554611568	-411.6776340997983	-77.50226858133125
158	-489.05658524789305	-804.0615544790295	-489.05658524789305	-315.00496923113644	9.301953740021885	0.015443378911245587	0.05509278056160838	0.01632261336871127	0.03015254180095278	0.06533497750872463	0.061631466381301625	0.057868765841921216	0.042252433010389445	0.023007020325596414	0.08031262219633026	0.027964451987450095	0.028544685426083793	0.013482436755427152	0.011762796207058224	0.027525299699388633	0.021190329778885325	0.02911222459752781	0.013588448585929322	0.036410281823483256	0.039970907548552786	0.023801645514351474	0.02822970798116496	0.014564585761191004	0.004508519966424096	0.014360924728608143	0.006922321966877809	0.016297119413632433	0.01336826028809722	0.01044417296087119	0.013068497676482535	0.04486294456829465	0.02661457454520942	0.02373589626649862	0.024926321861139855	0.004545409502102457	0.007909224847256854	0.024869409235229276	2.709054413428266E-4	0.008061643043654447	0.01299240646432602	0.03185030501373986	0.00697060925659943	1.1976924873824437	0.979927874053197	1.8627071890407623	0.8140522185895256	2.5789140292819983	0.9828318021290987	0.9456136340214812	0.01299240646432602	0.01299240646432602	0.01299240646432602	0	0.01299240646432602	0.01299240646432602	0	0.01299240646432602	0.01299240646432602	0	0.01299240646432602	0.01299240646432602	-402.73827602555014	-86.31830922234293
159	-489.0079890040871	-811.6276986493913	-489.0079890040871	-322.6197096453042	9.41266766463296	0.008870365969504856	0.05509278056160838	0.01632261336871127	0.03015254180095278	0.01719772615436166	0.049236139649856125	0.060401363375488265	0.004422606592018152	0.023007020325596414	0.0369016108508777	0.027964451987450095	0.028544685426083793	0.044833398193092955	0.011762796207058224	0.04113478961752157	0.021190329778885325	0.023610932431663442	0.01011220426043534	0.036410281823483256	0.039970907548552786	0.06852656895914787	0.04062503471261046	0.012031988227623955	0.004508519966424096	0.014360924728608143	0.006922321966877809	0.016297119413632433	0.01336826028809722	0.01044417296087119	0.019641510618223265	0.04486294456829465	0.02661457454520942	0.027148224176065203	0.06833733320659241	0.006392321056033365	0.007909224847256854	0.024869409235229276	6.949569695513617E-5	0.007374408859247812	0.010693766038936877	0.02121054522736725	0.0077651677571237724	1.0957257531969053	0.8155385644117585	1.4631827619900535	0.6876424829089467	2.008550987025547	0.9803219488343359	1.0553164981656757	0.010693766038936877	0.010693766038936877	0.010693766038936877	0	0.010693766038936877	0.010693766038936877	0	0.010693766038936877	0.010693766038936877	0	0.010693766038936877	0.010693766038936877	-405.0612227474835	-83.94676625660358
160	-487.72835863335536	-798.793824395719	-487.72835863335536	-311.06546576236366	8.671560401306918	0.021644174852123665	0.05509278056160838	0.01632261336871127	0.03015254180095278	0.01719772615436166	0.049236139649856125	0.060401363375488265	0.004422606592018152	0.023007020325596414	0.0369016108508777	0.027964451987450095	0.015770876543464984	0.044833398193092955	0.015301524363748098	0.03412215305305474	0.008426010266115974	0.023610932431663442	0.01011220426043534	0.036410281823483256	0.026180983837163024	0.06408501542503418	0.04062503471261046	0.012031988227623955	0.006386426190893579	0.027763019448233422	0.006922321966877809	0.016297119413632433	0.020380896852564043	0.01044417296087119	0.020544335995647076	0.04486294456829465	0.0385265920321297	0.027148224176065203	0.05493523848696713	0.006392321056033365	0.020673544360026205	0.024869409235229276	1.2631155071994482E-4	0.007838205075907136	0.009479658628022941	0.02031123281309091	0.00526506126568434	0.8699735127968928	0.5106819272279566	1.55848342726445	1.2757053370836686	2.009859910308754	1.1836749443507573	1.4368228656171886	0.009479658628022941	0.009479658628022941	0.009479658628022941	0	0.009479658628022941	0.009479658628022941	0	0.009479658628022941	0.009479658628022941	0	0.009479658628022941	0.009479658628022941	-391.2218702996609	-96.50648833369445
161	-487.6230413608068	-801.7572138136559	-487.6230413608068	-314.13417245284916	8.920094386208511	0.021644174852123665	0.05509278056160838	0.01632261336871127	0.03015254180095278	0.01719772615436166	0.049236139649856125	0.060401363375488265	0.004422606592018152	0.023007020325596414	0.0369016108508777	0.027964451987450095	0.015770876543464984	0.011963862495123823	0.015301524363748098	0.03412215305305474	0.008426010266115974	0.023610932431663442	0.01011220426043534	0.036410281823483256	0.026180983837163024	0.06408501542503418	0.04062503471261046	0.012031988227623955	0.006386426190893579	0.027763019448233422	0.006922321966877809	0.016297119413632433	0.020380896852564043	0.01044417296087119	0.020544335995647076	0.04486294456829465	0.07139612773009883	0.027148224176065203	0.05493523848696713	0.006392321056033365	0.020673544360026205	0.024869409235229276	2.053812610236813E-4	0.010471633372153021	0.006938929943964054	0.022045816457249446	0.004875266127150849	0.8400078660496249	0.6619050329914523	1.1432146187317798	1.0594566618977044	1.272785372140401	0.8193473991723942	1.5641496551540486	0.006938929943964054	0.006938929943964054	0.006938929943964054	0	0.006938929943964054	0.006938929943964054	0	0.006938929943964054	0.006938929943964054	0	0.006938929943964054	0.006938929943964054	-391.67420583867175	-95.94883552213501
162	-486.83936983571175	-795.4659346396886	-486.83936983571175	-308.62656480397686	8.454513100556118	0.021644174852123665	0.03853055344271672	0.01632261336871127	0.03015254180095278	0.01719772615436166	0.049236139649856125	0.0616733799125557	0.004422606592018152	0.025092076039599273	0.0369016108508777	0.013638994601636617	0.015770876543464984	0.011963862495123823	0.015301524363748098	0.03412215305305474	0.008426010266115974	0.02233891589459601	0.024437661646248818	0.036410281823483256	0.026180983837163024	0.06408501542503418	0.04062503471261046	0.012031988227623955	0.006386426190893579	0.027763019448233422	0.006922321966877809	0.016297119413632433	0.018295841138561184	0.01044417296087119	0.05415537997652274	0.04486294456829465	0.07139612773009883	0.027148224176065203	0.05493523848696713	0.006392321056033365	0.003624727498042199	0.024869409235229276	3.653768684232603E-4	0.007897732777740083	0.00746622269641266	0.01762143525865576	0.007862403836595727	1.0733853049606947	0.7210432430266766	1.7557326844097263	0.7578668330812245	1.600928381942813	1.3649281660968509	1.2425836657621068	0.00746622269641266	0.00746622269641266	0.00746622269641266	0	0.00746622269641266	0.00746622269641266	0	0.00746622269641266	0.00746622269641266	0	0.00746622269641266	0.00746622269641266	-400.6515722588665	-86.18779757684524
163	-484.77802423923913	-797.6681450821892	-484.77802423923913	-312.89012084295007	9.330117608977575	0.022914358499252274	0.03853055344271672	0.01632261336871127	0.03015254180095278	0.027525122530476342	0.032166887670482314	0.0616733799125557	0.004422606592018152	0.025092076039599273	0.015385835736288905	0.013638994601636617	0.015770876543464984	0.011963862495123823	0.03077131362147134	0.049438524655356114	0.008426010266115974	0.02233891589459601	0.024437661646248818	0.03236874260934296	0.026180983837163024	0.06408501542503418	0.01745641958584053	0.012031988227623955	0.006386426190893579	0.027763019448233422	0.006922321966877809	0.03654271088109262	0.018295841138561184	0.01044417296087119	0.05415537997652274	0.025523115417402487	0.07139612773009883	0.027148224176065203	0.05493523848696713	0.021199173422023584	0.011323553367088887	0.024869409235229276	6.655190734098392E-5	0.008858515472677726	0.008720606072575611	0.012973785742805792	0.00845342861216537	0.9174846622500049	0.5465743076526607	2.285064277585418	0.4854408552138005	0.7563645070040304	1.3066650641712938	0.7517769489623616	0.008720606072575611	0.008720606072575611	0.008720606072575611	0	0.008720606072575611	0.008720606072575611	0	0.008720606072575611	0.008720606072575611	0	0.008720606072575611	0.008720606072575611	-399.45019703322316	-85.32782720601598
164	-484.74834754238475	-792.6843273034722	-484.74834754238475	-307.93597976108737	9.330117608977575	0.022914358499252274	0.03853055344271672	0.01632261336871127	0.0489872473746788	0.027525122530476342	0.032166887670482314	0.0616733799125557	0.004422606592018152	0.025092076039599273	0.015385835736288905	0.013638994601636617	0.015770876543464984	0.011963862495123823	0.03077131362147134	0.049438524655356114	0.008426010266115974	0.013058145233820526	0.0056029560725227995	0.03236874260934296	0.026180983837163024	0.020302056878684124	0.01745641958584053	0.012031988227623955	0.015667196851669063	0.027763019448233422	0.006922321966877809	0.03654271088109262	0.06207879968491124	0.01044417296087119	0.05415537997652274	0.025523115417402487	0.07139612773009883	0.027148224176065203	0.05493523848696713	0.021199173422023584	0.011323553367088887	0.024869409235229276	7.614656638951604E-5	0.00800031578054468	0.009454024773141322	0.012283177954676528	0.013078412817433974	1.586861611878565	0.4639083918015751	4.122912652713215	0.3522642586591887	0.5171587557085268	1.1966024612388537	1.0700666535902912	0.009454024773141322	0.009454024773141322	0.009454024773141322	0	0.009454024773141322	0.009454024773141322	0	0.009454024773141322	0.009454024773141322	0	0.009454024773141322	0.009454024773141322	-393.35622871762234	-91.39211882476239
165	-484.64667940456604	-806.3151955514096	-484.64667940456604	-321.66851614684356	12.279664048747662	0.02447564188599094	0.03853055344271672	0.01632261336871127	0.0489872473746788	0.027525122530476342	0.032166887670482314	0.0616733799125557	0.004422606592018152	0.025092076039599273	0.015385835736288905	0.032263421823208044	0.015770876543464984	0.011963862495123823	0.03077131362147134	0.049438524655356114	0.008426010266115974	0.013058145233820526	0.0056029560725227995	0.03236874260934296	0.026180983837163024	0.020302056878684124	0.01745641958584053	0.012031988227623955	0.015667196851669063	0.027763019448233422	0.006922321966877809	0.015540796468836882	0.06207879968491124	0.01044417296087119	0.05415537997652274	0.02396183203066382	0.07377361492078315	0.027148224176065203	0.05493523848696713	0.021199173422023584	0.011323553367088887	0.024869409235229276	9.288705695549455E-5	0.009490580895640465	0.009548829388445064	0.01495579455079529	0.020750315621493466	1.651438413553185	0.39376390531786953	3.169956757462688	0.36717825185390346	0.5612875288974477	1.3728812718655028	0.8285678439136602	0.009548829388445064	0.009548829388445064	0.009548829388445064	0	0.009548829388445064	0.009548829388445064	0	0.009548829388445064	0.009548829388445064	0	0.009548829388445064	0.009548829388445064	-389.607818591251	-95.03886081331507
166	-482.53383017688907	-793.7960260878967	-482.53383017688907	-311.2621959110077	13.149898761922866	0.02447564188599094	0.04559853722911422	0.01632261336871127	0.0489872473746788	0.027525122530476342	0.032166887670482314	0.0616733799125557	0.004422606592018152	0.025092076039599273	0.015385835736288905	0.09167877561390811	0.015770876543464984	0.011963862495123823	0.03077131362147134	0.05479470126171046	0.008426010266115974	0.013058145233820526	0.0056029560725227995	0.03236874260934296	0.026180983837163024	0.020302056878684124	0.01745641958584053	0.012031988227623955	0.015667196851669063	0.013689469745864352	0.006922321966877809	0.015540796468836882	0.06207879968491124	0.01044417296087119	0.05415537997652274	0.01689384824426632	0.01435826113008308	0.03586559727207993	0.05493523848696713	0.021199173422023584	0.011323553367088887	0.024869409235229276	3.460839266212134E-5	0.007753185033830172	0.008895222013749957	0.01533970482896023	0.023331974316993263	2.3511096636296656	0.3379993336837487	4.867824709858956	0.252942502163909	0.4841486519823556	1.8551658003901064	0.7070672262816508	0.008895222013749957	0.008895222013749957	0.008895222013749957	0	0.008895222013749957	0.008895222013749957	0	0.008895222013749957	0.008895222013749957	0	0.008895222013749957	0.008895222013749957	-389.14031586668295	-93.39351431020611
167	-480.51232528744924	-790.5582608049974	-480.51232528744924	-310.0459355175481	13.19953053300871	0.02447564188599094	0.00940216486968315	0.01632261336871127	0.0489872473746788	0.027525122530476342	0.032166887670482314	0.08123508079022854	0.004422606592018152	0.025092076039599273	0.015385835736288905	0.017478588317984628	0.015770876543464984	0.011963862495123823	0.03077131362147134	0.05479470126171046	0.04603705774410735	0.013058145233820526	0.0056029560725227995	0.03236874260934296	0.006619282959490186	0.020302056878684124	0.01745641958584053	0.012031988227623955	0.009216194310765147	0.049885842105295425	0.006922321966877809	0.015540796468836882	0.06207879968491124	0.01044417296087119	0.016544332498531364	0.01689384824426632	0.01435826113008308	0.11651678710890732	0.05493523848696713	0.021199173422023584	0.011323553367088887	0.024869409235229276	1.1686243329348043E-4	0.008772379715135005	0.011971727096162493	0.02102489312832608	0.026195443130570453	2.9619930506981342	0.2515073387948354	6.987779090212551	0.2018283245083269	0.4637378374824534	1.332846650540402	1.3633481036376087	0.011971727096162493	0.011971727096162493	0.011971727096162493	0	0.011971727096162493	0.011971727096162493	0	0.011971727096162493	0.011971727096162493	0	0.011971727096162493	0.011971727096162493	-382.00919138153535	-98.5031339059139
168	-480.3598385486019	-802.6426133247126	-480.3598385486019	-322.2827747761107	9.331374746395072	0.02447564188599094	0.00940216486968315	0.010223176833238201	0.0489872473746788	0.027525122530476342	0.032166887670482314	0.06558740795873505	0.05712194359129813	0.025092076039599273	0.015385835736288905	0.017478588317984628	0.015770876543464984	0.01806329903059689	0.03077131362147134	0.05479470126171046	0.06168473057560084	0.013058145233820526	0.0056029560725227995	0.03236874260934296	0.006619282959490186	0.020302056878684124	0.010936726194930566	0.012031988227623955	0.009216194310765147	0.049885842105295425	0.006922321966877809	0.015540796468836882	0.06207879968491124	0.010804753984680615	0.016544332498531364	0.01689384824426632	0.01435826113008308	0.016136730507519834	0.05493523848696713	0.021199173422023584	0.0590042729691964	0.031028521602329814	5.195231541958571E-4	0.007114470011052291	0.010559192218480838	0.013917394020462251	0.04693264336379271	3.729373766066162	0.23746672874503325	6.324537321112709	0.27626806998881653	0.4747338733960705	1.2046343296647744	1.282978738069026	0.010559192218480838	0.010559192218480838	0.010559192218480838	0	0.010559192218480838	0.010559192218480838	0	0.010559192218480838	0.010559192218480838	0	0.010559192218480838	0.010559192218480838	-386.60895569723766	-93.75088285136421
169	-479.9283113799854	-809.1471212939554	-479.9283113799854	-329.21880991396995	15.003345966198477	0.02447564188599094	0.00940216486968315	0.010223176833238201	0.03125947759924247	0.027525122530476342	0.032166887670482314	0.06558740795873505	0.05712194359129813	0.03153127705208801	0.015385835736288905	0.017478588317984628	0.015770876543464984	0.01806329903059689	0.03077131362147134	0.05297419406280843	0.06168473057560084	0.013058145233820526	0.0056029560725227995	0.03236874260934296	0.006619282959490186	0.020302056878684124	0.010936726194930566	0.012031988227623955	0.009216194310765147	0.049885842105295425	0.006922321966877809	0.025861363920894886	0.055639598672422505	0.010804753984680615	0.008044272245375392	0.01689384824426632	0.01435826113008308	0.016136730507519834	0.07266300826240346	0.021199173422023584	0.0590042729691964	0.031028521602329814	7.903553621379563E-4	0.007315233706418805	0.008816405458803496	0.01964862704994552	0.030525554049044015	3.7931354443718006	0.17976615187589137	6.7893304867146105	0.3217913821146748	0.757762634840324	1.248195320649564	1.6318831244682814	0.008816405458803496	0.008816405458803496	0.008816405458803496	0	0.008816405458803496	0.008816405458803496	0	0.008816405458803496	0.008816405458803496	0	0.008816405458803496	0.008816405458803496	-381.26165993789414	-98.66665144209131
170	-479.0927225349326	-797.4439553437742	-479.0927225349326	-318.3512328088416	13.69629087061915	0.02447564188599094	0.00940216486968315	0.010223176833238201	0.03125947759924247	0.027525122530476342	0.014712665146489334	0.06558740795873505	0.05712194359129813	0.029680263092698986	0.015385835736288905	0.017478588317984628	0.015770876543464984	0.031005824260562753	0.03077131362147134	0.04188268279223159	0.06168473057560084	0.013058145233820526	0.0056029560725227995	0.03267667822467667	0.006619282959490186	0.020302056878684124	0.010936726194930566	0.03829151054849032	0.01887976331522012	0.049885842105295425	0.006922321966877809	0.025861363920894886	0.055639598672422505	0.001999454187807226	0.008044272245375392	0.01689384824426632	0.01435826113008308	0.016136730507519834	0.06299943925794849	0.020891237806689875	0.0590042729691964	0.031028521602329814	9.335324640674519E-5	0.00704597939856374	0.010686297050209972	0.018515058437282753	0.022162105178274678	3.458372560290035	0.14585804942307487	5.2418886953841035	0.6709956341563693	0.7080579769205527	0.8689313823191134	1.764675129242729	0.010686297050209972	0.010686297050209972	0.010686297050209972	0	0.010686297050209972	0.010686297050209972	0	0.010686297050209972	0.010686297050209972	0	0.010686297050209972	0.010686297050209972	-384.89247594166045	-94.20024659327213
171	-476.92074226042405	-800.80936067369	-476.92074226042405	-323.88861841326593	12.529456007029172	0.02447564188599094	0.00940216486968315	0.023334322063632118	0.03125947759924247	0.012526415291318593	0.029711372385647083	0.06558740795873505	0.02505213733320738	0.029680263092698986	0.018818240039566198	0.017478588317984628	0.015770876543464984	0.031005824260562753	0.03077131362147134	0.04188268279223159	0.06168473057560084	0.013058145233820526	0.048263392318587325	0.03267667822467667	0.006619282959490186	0.020911112584340738	0.010936726194930566	0.03829151054849032	0.05094956957331087	0.04584438209636152	0.006922321966877809	0.025861363920894886	0.012979162426357979	0.001999454187807226	0.008044272245375392	0.01689384824426632	0.0012471158996891635	0.016136730507519834	0.06299943925794849	0.020891237806689875	0.0590042729691964	0.031028521602329814	4.105874340360421E-4	0.006805961535198703	0.011319338986540492	0.021781188316774718	0.01954390057323601	2.5196991726697857	0.1264909053419167	4.918224142550788	0.7922549166008072	0.8396184363258575	0.7928555976738232	1.2989353138162623	0.011319338986540492	0.011319338986540492	0.011319338986540492	0	0.011319338986540492	0.011319338986540492	0	0.011319338986540492	0.011319338986540492	0	0.011319338986540492	0.011319338986540492	-381.84961950315903	-95.07112275726502
172	-476.25194732771376	-808.3045318720774	-476.25194732771376	-332.05258454436364	12.284780690465936	0.02447564188599094	0.00940216486968315	0.03689302668457589	0.03125947759924247	0.012526415291318593	0.029711372385647083	0.06558740795873505	0.02505213733320738	0.05527329266516333	0.018818240039566198	0.017478588317984628	0.04629694567551579	0.031005824260562753	0.03077131362147134	0.04175151330116997	0.01343099244714227	0.013058145233820526	0.06599106131499509	0.03267667822467667	0.02703630005072885	0.02104228207540236	0.010936726194930566	0.03829151054849032	0.05094956957331087	0.0066926479029534025	0.005210129077694137	0.02757355681007856	0.012979162426357979	0.001999454187807226	0.008044272245375392	0.01689384824426632	0.0012471158996891635	0.016136730507519834	0.06299943925794849	0.020891237806689875	0.0590042729691964	0.01061150451109115	8.016160103330247E-5	0.008548252483976412	0.013768735190501117	0.01817035789626215	0.015281774796175795	1.7458553132921972	0.13757491928601995	7.262517901074815	0.6947025128331077	0.9683272250879095	0.9758156396258534	1.2637497337157988	0.013768735190501117	0.013768735190501117	0.013768735190501117	0	0.013768735190501117	0.013768735190501117	0	0.013768735190501117	0.013768735190501117	0	0.013768735190501117	0.013768735190501117	-381.9652383464397	-94.28670898127407
173	-476.2071868919577	-783.7149630115091	-476.2071868919577	-307.5077761195514	10.114516247509258	0.02447564188599094	0.00940216486968315	0.0509337091463416	0.03125947759924247	0.012526415291318593	0.029711372385647083	0.06558740795873505	0.02505213733320738	0.05527329266516333	0.018818240039566198	0.017478588317984628	0.04629694567551579	0.008390532123576211	0.03077131362147134	0.04175151330116997	0.01343099244714227	0.013058145233820526	0.06599106131499509	0.03267667822467667	0.02703630005072885	0.02104228207540236	0.010936726194930566	0.024250828086724616	0.05094956957331087	0.0066926479029534025	0.005210129077694137	0.02757355681007856	0.012979162426357979	0.049956593483127976	0.008044272245375392	0.01689384824426632	0.0012471158996891635	0.016136730507519834	0.03765759209961428	0.020891237806689875	0.0590042729691964	0.01061150451109115	8.601735759807076E-5	0.008593109732420801	0.02266513955385723	0.018047059465077855	0.015415740554553664	1.587784766172663	0.19176386056465478	2.7191797775370654	0.6819414417182232	1.2034286116742494	0.8582714124121209	1.2066571339846714	0.02266513955385723	0.02266513955385723	0.02266513955385723	0	0.02266513955385723	0.02266513955385723	0	0.02266513955385723	0.02266513955385723	0	0.02266513955385723	0.02266513955385723	-380.7531098761101	-95.4540770158476
174	-476.11496802179056	-784.4941168341882	-476.11496802179056	-308.3791488123976	9.373094998952674	0.02447564188599094	0.017573116162328595	0.035676077746502444	0.03125947759924247	0.012526415291318593	0.029711372385647083	0.06651840699312525	0.06385813841935645	0.05527329266516333	0.018818240039566198	0.017478588317984628	0.0074909445893667215	0.008390532123576211	0.03077131362147134	0.04827662339897451	0.01343099244714227	0.013058145233820526	0.06599106131499509	0.03267667822467667	0.02703630005072885	0.02104228207540236	0.025483416662846467	0.031337508193918326	0.01142900644447531	0.0066926479029534025	0.005210129077694137	0.013026866342162657	0.007461441185673143	0.04343148338532343	0.008044272245375392	0.05641441137310188	0.0012471158996891635	0.016136730507519834	0.03765759209961428	0.02640895904737471	0.0580732739348062	0.01061150451109115	2.0165436201823852E-4	0.008373077319146377	0.01912366935436307	0.02100200811001483	0.008949224776508535	1.482471712916603	0.2269382686349506	2.6082847993877425	0.6165116091190613	2.0451279434433993	1.6186820465523124	0.9759199625460436	0.01912366935436307	0.01912366935436307	0.01912366935436307	0	0.01912366935436307	0.01912366935436307	0	0.01912366935436307	0.01912366935436307	0	0.01912366935436307	0.01912366935436307	-381.7087441457603	-94.40622387603024
175	-475.85616511443294	-784.5957054853764	-475.85616511443294	-308.73954037094336	8.998888552235487	0.04982636359918613	0.040723301747073504	0.035676077746502444	0.03125947759924247	0.051357592992254175	0.030255576917764315	0.04336822140838034	0.06385813841935645	0.05827659941989714	0.018818240039566198	0.016934383785867396	0.0074909445893667215	0.008390532123576211	0.03190734940120121	0.04827662339897451	0.01343099244714227	0.013058145233820526	0.06599106131499509	0.03267667822467667	0.04460194544829385	0.02104228207540236	0.025483416662846467	0.02833420143918451	0.01142900644447531	0.0066926479029534025	0.005210129077694137	0.011890830562432786	0.007461441185673143	0.018080761672128243	0.008044272245375392	0.0175832336721663	0.0012471158996891635	0.016136730507519834	0.03765759209961428	0.02640895904737471	0.0405076285372412	0.01061150451109115	1.3931181598265474E-4	0.010372079634185745	0.02158459066212898	0.027056245561929843	0.0062989699177436985	1.4870700298169657	0.2223933998749889	2.7620224116856056	0.8731667595095681	2.166432392199244	1.360717309004995	1.0299823370779162	0.02158459066212898	0.02158459066212898	0.02158459066212898	0	0.02158459066212898	0.02158459066212898	0	0.02158459066212898	0.02158459066212898	0	0.02158459066212898	0.02158459066212898	-383.83763026627497	-92.01853484815797
176	-475.6462646816124	-798.1220697350748	-475.6462646816124	-322.4758050534624	12.795321777036175	0.04982636359918613	0.040723301747073504	0.035676077746502444	0.03125947759924247	0.051357592992254175	0.030255576917764315	0.04336822140838034	0.06385813841935645	0.05827659941989714	0.018818240039566198	0.02858746932766562	0.0074909445893667215	0.008390532123576211	0.03190734940120121	0.04827662339897451	0.01343099244714227	0.013058145233820526	0.06599106131499509	0.03267667822467667	0.04460194544829385	0.009389196533604136	0.025483416662846467	0.02833420143918451	0.01142900644447531	0.0066926479029534025	0.005210129077694137	0.011890830562432786	0.007461441185673143	0.018080761672128243	0.008044272245375392	0.0175832336721663	0.0012471158996891635	0.016136730507519834	0.03765759209961428	0.02640895904737471	0.0405076285372412	0.01061150451109115	2.0639427565945828E-5	0.008275570210928628	0.020231874819674017	0.02690458067316681	0.00517384755526193	1.9680506955059394	0.17805254325707756	2.1166761049803693	0.6065182684297129	2.3688512919298446	1.6593930208746976	0.934115598843668	0.020231874819674017	0.020231874819674017	0.020231874819674017	0	0.020231874819674017	0.020231874819674017	0	0.020231874819674017	0.020231874819674017	0	0.020231874819674017	0.020231874819674017	-379.5797815192594	-96.06648316235301
177	-475.4596206416617	-810.1549517953786	-475.4596206416617	-334.69533115371684	10.544155724148805	0.04982636359918613	0.040723301747073504	0.035676077746502444	0.06899532152256399	0.051357592992254175	0.030255576917764315	0.04336822140838034	0.06385813841935645	0.03001351007748153	0.018818240039566198	0.02858746932766562	0.0074909445893667215	0.008390532123576211	0.03190734940120121	0.04313869876571216	0.01343099244714227	0.01032324854782439	0.028255217391673568	0.03267667822467667	0.04460194544829385	0.009389196533604136	0.025483416662846467	0.02833420143918451	0.01142900644447531	0.004739593772383949	0.005210129077694137	0.011890830562432786	0.007461441185673143	0.018080761672128243	0.008044272245375392	0.020318130358162434	0.0012471158996891635	0.018089784638089287	0.0659206814420299	0.03154688368063706	0.0405076285372412	0.01061150451109115	7.977227332554877E-5	0.005807488165170514	0.023914257317646247	0.02833188645964337	0.007268766172440646	1.6205562309603476	0.23558617730395534	2.864296642846896	1.255419422559424	3.123750160607394	2.1508917154436475	1.1929633618315998	0.023914257317646247	0.023914257317646247	0.023914257317646247	0	0.023914257317646247	0.023914257317646247	0	0.023914257317646247	0.023914257317646247	0	0.023914257317646247	0.023914257317646247	-378.4160216571031	-97.04359898455854
178	-474.8933317803335	-802.7776775709877	-474.8933317803335	-327.88434579065427	9.724648352018361	0.04982636359918613	0.00481705518333464	0.035676077746502444	0.06899532152256399	0.0270149070652127	0.030255576917764315	0.04336822140838034	0.06601760220019898	0.03001351007748153	0.018818240039566198	0.02858746932766562	0.022210269956229545	0.008390532123576211	0.03133454917267042	0.04313869876571216	0.037773678374183745	0.01032324854782439	0.014108692253341534	0.042197025266945784	0.04460194544829385	0.045295443097343	0.025483416662846467	0.02833420143918451	0.01142900644447531	0.004739593772383949	0.005210129077694137	0.011890830562432786	0.007461441185673143	0.006400950849016596	0.008044272245375392	0.020318130358162434	0.0012471158996891635	0.018089784638089287	0.0659206814420299	0.03154688368063706	0.0405076285372412	0.01061150451109115	1.8199526064003032E-4	0.006808442581512274	0.04893355390340925	0.023322749799149	0.010261455024923798	2.0135795701257773	0.3292023580242295	2.114607283390935	2.0338097686552077	3.9882314793482565	1.273981313683583	1.074385676399388	0.04893355390340925	0.04893355390340925	0.04893355390340925	0	0.04893355390340925	0.04893355390340925	0	0.04893355390340925	0.04893355390340925	0	0.04893355390340925	0.04893355390340925	-379.5630848028487	-95.33024697748479
179	-471.82259093191294	-793.294312265134	-471.82259093191294	-321.471721333221	12.9776485612974	0.013210663991943927	0.00481705518333464	0.060181206850694446	0.07907498050860312	0.0270149070652127	0.0485486304143094	0.012595956542802295	0.029603706933734986	0.0329534308883319	0.018818240039566198	0.02858746932766562	0.022210269956229545	0.07557669225561825	0.03133454917267042	0.04313869876571216	0.009400965891599528	0.01032324854782439	0.011168771442491163	0.042197025266945784	0.04460194544829385	0.04317660435015723	0.025483416662846467	0.06494990104642671	0.01142900644447531	0.004739593772383949	0.005210129077694137	0.011890830562432786	0.007461441185673143	0.006400950849016596	0.008044272245375392	0.020318130358162434	0.003365954646874933	0.018089784638089287	0.0659206814420299	0.03154688368063706	0.016002499433049197	0.01061150451109115	4.5765876622286944E-4	0.01010498273121665	0.05580537315569227	0.035012132941889484	0.007348619062679433	1.508573450746087	0.3395623730565555	2.4973615462611134	1.4825814125415382	5.566100582478164	1.4250203864364739	0.5490393845322064	0.05580537315569227	0.05580537315569227	0.05580537315569227	0	0.05580537315569227	0.05580537315569227	0	0.05580537315569227	0.05580537315569227	0	0.05580537315569227	0.05580537315569227	-373.27330185767283	-98.54928907424008
180	-471.6876106804517	-795.7892908355968	-471.6876106804517	-324.1016801551452	10.43713427416461	0.013210663991943927	0.00481705518333464	0.060181206850694446	0.07907498050860312	0.0270149070652127	0.0485486304143094	0.012595956542802295	0.029022669604218232	0.0329534308883319	0.018818240039566198	0.02858746932766562	0.022210269956229545	0.07557669225561825	0.03133454917267042	0.04313869876571216	0.00805052217736521	0.01032324854782439	0.011168771442491163	0.042197025266945784	0.04460194544829385	0.04317660435015723	0.025483416662846467	0.03764031722160975	0.01142900644447531	0.005320631101900702	0.005210129077694137	0.011890830562432786	0.007461441185673143	0.006400950849016596	0.008044272245375392	0.02166857407239675	0.003365954646874933	0.018089784638089287	0.0659206814420299	0.03154688368063706	0.016002499433049197	0.03792108833590811	2.771359657741798E-4	0.008167191188702298	0.04593198096708276	0.027773483423148823	0.011354791018680805	1.224156816091304	0.4472511268818734	1.8978296424069117	1.780501143295416	4.7229870935142895	2.0629222772858977	1.324339833220108	0.04593198096708276	0.04593198096708276	0.04593198096708276	0	0.04593198096708276	0.04593198096708276	0	0.04593198096708276	0.04593198096708276	0	0.04593198096708276	0.04593198096708276	-366.1084060538562	-105.5792046265955
181	-471.6557271613707	-781.9826008395162	-471.6557271613707	-310.3268736781455	13.175460244445372	0.013210663991943927	0.00481705518333464	0.060181206850694446	0.07907498050860312	0.0270149070652127	0.04523836059801295	0.011760722073358848	0.029022669604218232	0.0329534308883319	0.027620143307950346	0.02374465162379244	0.022210269956229545	0.07557669225561825	0.03216978364211387	0.04313869876571216	0.00805052217736521	0.013633518364120842	0.011168771442491163	0.042197025266945784	0.04944476315216703	0.0067149652877509375	0.025483416662846467	0.03764031722160975	0.01142900644447531	0.004709977812952765	0.005210129077694137	0.011890830562432786	0.007461441185673143	0.04286258991142289	0.008044272245375392	0.02166857407239675	0.003365954646874933	0.018700437927037225	0.057118778173645746	0.03154688368063706	0.016002499433049197	0.03792108833590811	2.279121227500085E-4	0.006292601161193699	0.03386063313546991	0.0537127655752869	0.012558880193620031	1.2167928414785685	0.40678464527912467	2.3447926760695452	1.942599509164098	3.880920605203826	1.4769687873574808	0.8225607923652902	0.03386063313546991	0.03386063313546991	0.03386063313546991	0	0.03386063313546991	0.03386063313546991	0	0.03386063313546991	0.03386063313546991	0	0.03386063313546991	0.03386063313546991	-367.33784567787336	-104.31788148349733
182	-471.6186075563878	-789.8148748542033	-471.6186075563878	-318.1962672978155	12.5624664842135	0.013210663991943927	0.030386245065168738	0.060181206850694446	0.07907498050860312	0.0270149070652127	0.04523836059801295	0.011760722073358848	0.051985791943501336	0.007384241006497802	0.006328285610971401	0.02374465162379244	0.022210269956229545	0.07557669225561825	0.03216978364211387	0.05229766939005662	0.00805052217736521	0.03370027984980971	0.011168771442491163	0.03303805464260133	0.04944476315216703	0.0067149652877509375	0.008805893593409206	0.019571375498861773	0.01142900644447531	0.004709977812952765	0.005210129077694137	0.011890830562432786	0.024965612578611504	0.02279582842573402	0.008044272245375392	0.02166857407239675	0.020043477716312194	0.040557065953825785	0.057118778173645746	0.03154688368063706	0.016002499433049197	0.014957965996625008	4.88900905938437E-4	0.006110074272706286	0.045878883887831845	0.04019874936702072	0.011883075473668257	1.0206604873176235	0.40021265502771186	2.3487620912386835	1.2458596019466535	3.594771175950573	1.2357539516436906	0.8742884707165145	0.045878883887831845	0.045878883887831845	0.045878883887831845	0	0.045878883887831845	0.045878883887831845	0	0.045878883887831845	0.045878883887831845	0	0.045878883887831845	0.045878883887831845	-363.9637219593146	-107.65488559707322
183	-471.49320798650245	-806.7595365447102	-471.49320798650245	-335.2663285582077	15.288097160836603	0.013210663991943927	0.030386245065168738	0.05540054050548632	0.08699737515893619	0.0270149070652127	0.05001902694322108	0.011760722073358848	0.051985791943501336	0.007384241006497802	0.006328285610971401	0.02374465162379244	0.022210269956229545	0.07557669225561825	0.03216978364211387	0.05229766939005662	0.00805052217736521	0.03370027984980971	0.011168771442491163	0.03303805464260133	0.06455917608778625	0.0067149652877509375	0.008805893593409206	0.019571375498861773	0.01142900644447531	0.004709977812952765	0.005210129077694137	0.011890830562432786	0.009266931536846088	0.014873433775400957	0.008044272245375392	0.02166857407239675	0.004929064780692979	0.040557065953825785	0.057118778173645746	0.03154688368063706	0.016002499433049197	0.030656647038390425	5.205031146296344E-4	0.006168368707773868	0.0636808461242781	0.04762749129552829	0.029043982096574206	0.9958105143997217	0.44614785960714703	3.306128930142878	1.3588054802215315	3.936923070314446	1.3687702320830442	0.5612069121444861	0.0636808461242781	0.0636808461242781	0.0636808461242781	0	0.0636808461242781	0.0636808461242781	0	0.0636808461242781	0.0636808461242781	0	0.0636808461242781	0.0636808461242781	-368.4925417269098	-103.00066625959265
184	-469.3078375597172	-787.9035040489345	-469.3078375597172	-318.59566648921725	10.903886739553789	0.013210663991943927	0.030386245065168738	0.02342552379751367	0.07974340108563832	0.0270149070652127	0.05001902694322108	0.011760722073358848	0.051985791943501336	0.008240957664079604	0.006328285610971401	0.02374465162379244	0.022210269956229545	0.03421165282763472	0.02887006197583597	0.05229766939005662	0.01135024384364311	0.03370027984980971	0.018422745515789027	0.03218133798501953	0.06455917608778625	0.022035201916082423	0.008805893593409206	0.019571375498861773	0.01142900644447531	0.004709977812952765	0.005210129077694137	0.011890830562432786	0.009266931536846088	0.014873433775400957	0.008044272245375392	0.02166857407239675	0.004929064780692979	0.03775222558191248	0.04179854154531426	0.07291192310862059	0.016002499433049197	0.06543650411827638	2.926554939635306E-4	0.009639065290771104	0.06031586313454408	0.0351811725670472	0.04695503532214947	0.9912339403389854	0.3745554684366799	1.7701890124224666	1.1559390076228175	3.6691575970912664	2.4343916863152155	0.6010635404755966	0.06031586313454408	0.06031586313454408	0.06031586313454408	0	0.06031586313454408	0.06031586313454408	0	0.06031586313454408	0.06031586313454408	0	0.06031586313454408	0.06031586313454408	-362.08735283998897	-107.22048471972822
185	-468.5288462643869	-792.0137306397407	-468.5288462643869	-323.4848843753539	10.389974321585273	0.02469308990175889	0.018903819155353774	0.02342552379751367	0.07974340108563832	0.0270149070652127	0.08272247433225027	0.011760722073358848	0.051985791943501336	0.031822806651137556	0.006328285610971401	0.02374465162379244	0.022210269956229545	0.010629803840576768	0.02887006197583597	0.03938335342469587	0.01135024384364311	0.03370027984980971	0.018422745515789027	0.03218133798501953	0.06455917608778625	0.022035201916082423	0.008805893593409206	0.019571375498861773	0.01142900644447531	0.004709977812952765	0.005210129077694137	0.011890830562432786	0.009266931536846088	0.014873433775400957	0.008044272245375392	0.02166857407239675	0.004929064780692979	0.03775222558191248	0.04412935342862734	0.07291192310862059	0.01367168754973612	0.04564737269460793	1.8297564605348362E-4	0.007482974321519058	0.049672627905434	0.04738192710095098	0.01945638748087604	1.0781105791937913	0.42072257255534434	1.7776436724799218	1.2176529113043955	2.535266598415937	2.6583502128902907	0.746906199128153	0.049672627905434	0.049672627905434	0.049672627905434	0	0.049672627905434	0.049672627905434	0	0.049672627905434	0.049672627905434	0	0.049672627905434	0.049672627905434	-369.9976869375365	-98.53115932685039
186	-467.6992903109818	-797.5148648856939	-467.6992903109818	-329.8155745747121	10.007095336055954	0.03417819285922952	0.018903819155353774	0.02342552379751367	0.07974340108563832	0.021102817488330095	0.043472618107812944	0.011760722073358848	0.051985791943501336	0.031822806651137556	0.006328285610971401	0.02374465162379244	0.06123905011241304	0.011243141287167191	0.06750658075368288	0.03938335342469587	0.01135024384364311	0.03370027984980971	0.018422745515789027	0.03218133798501953	0.06372862710264468	0.022035201916082423	0.008805893593409206	0.019571375498861773	0.004351346308906878	0.004709977812952765	0.005210129077694137	0.011890830562432786	0.009266931536846088	0.014873433775400957	0.021864570942967995	0.012183471114926125	0.004929064780692979	0.03775222558191248	0.04412935342862734	0.03388314295243709	0.01367168754973612	0.04564737269460793	3.7688173009642784E-4	0.005879850553013181	0.054808830374372584	0.07246239936167365	0.01954010602377547	0.8073822490189837	0.5310755016195461	1.9194820201620861	1.322780691252869	2.2756441362954916	3.132257645511472	0.45830944420820363	0.054808830374372584	0.054808830374372584	0.054808830374372584	0	0.054808830374372584	0.054808830374372584	0	0.054808830374372584	0.054808830374372584	0	0.054808830374372584	0.054808830374372584	-362.37159884876576	-105.32769146221604
187	-466.8433192774534	-802.0697401971951	-466.8433192774534	-335.22642091974166	11.061147975555365	0.03417819285922952	0.018903819155353774	0.0523739952099575	0.07974340108563832	0.021102817488330095	0.043472618107812944	0.011760722073358848	0.051985791943501336	0.031822806651137556	0.006328285610971401	0.02374465162379244	0.06123905011241304	0.011243141287167191	0.06750658075368288	0.03938335342469587	0.01135024384364311	0.03370027984980971	0.018422745515789027	0.03218133798501953	0.03478015569020085	0.022035201916082423	0.008805893593409206	0.019571375498861773	0.004351346308906878	0.004709977812952765	0.005210129077694137	0.011890830562432786	0.02563284271501219	0.014873433775400957	0.021864570942967995	0.012183471114926125	0.004929064780692979	0.021386314403746373	0.04412935342862734	0.03388314295243709	0.01367168754973612	0.04564737269460793	3.080467938226361E-4	0.008401570010285101	0.040832827741702306	0.07226016539922805	0.03053566157931465	0.5150137972054013	0.6043219968258983	2.0836853165982565	1.0095098257466752	1.0947142479728758	2.7530913447412275	0.4259273292703936	0.040832827741702306	0.040832827741702306	0.040832827741702306	0	0.040832827741702306	0.040832827741702306	0	0.040832827741702306	0.040832827741702306	0	0.040832827741702306	0.040832827741702306	-357.22961288940496	-109.61370638804847
188	-466.49352846335677	-802.8788983416739	-466.49352846335677	-336.3853698783172	9.495667067102843	0.03417819285922952	0.018903819155353774	0.0243048346862223	0.05107931628885615	0.03140271534002603	0.03737714029221145	0.011760722073358848	0.051985791943501336	0.031822806651137556	0.006328285610971401	0.02374465162379244	0.06123905011241304	0.011243141287167191	0.04434644121270637	0.04188032042505149	0.01135024384364311	0.04491199302965675	0.0470868303125712	0.03218133798501953	0.05282405986693181	0.022035201916082423	0.008805893593409206	0.019571375498861773	0.026317670935208537	0.004709977812952765	0.005210129077694137	0.011890830562432786	0.053702003238747395	0.004573535923705019	0.021864570942967995	0.012183471114926125	0.0024320977803373584	0.021386314403746373	0.04412935342862734	0.011916818326135434	0.01367168754973612	0.04564737269460793	3.1527202743908596E-4	0.007296384188837224	0.03680400040305757	0.10660665254308427	0.02244631092652057	0.5129800589822138	0.4237891162492151	2.264786271284265	1.141526421986032	0.7207961386014422	2.5739218343801236	0.2733316173406879	0.03680400040305757	0.03680400040305757	0.03680400040305757	0	0.03680400040305757	0.03680400040305757	0	0.03680400040305757	0.03680400040305757	0	0.03680400040305757	0.03680400040305757	-366.09506987286613	-100.39845859049065
189	-466.18787765933826	-785.2343468118179	-466.18787765933826	-319.0464691524797	11.72267223937345	0.03417819285922952	0.018903819155353774	0.0243048346862223	0.06426059349432806	0.03140271534002603	0.03737714029221145	0.011760722073358848	0.051985791943501336	0.032768836774556206	0.006328285610971401	0.047613334236506905	0.06123905011241304	0.008644144883931948	0.04434644121270637	0.020949869491841716	0.01135024384364311	0.023107415315995347	0.0470868303125712	0.03478033438825477	0.04767464972185584	0.022035201916082423	0.008805893593409206	0.019571375498861773	0.026317670935208537	0.003763947689534114	0.026140580010903913	0.011890830562432786	0.053702003238747395	0.004573535923705019	0.021864570942967995	0.012183471114926125	0.0024320977803373584	0.021386314403746373	0.034033381469178337	0.011916818326135434	0.01367168754973612	0.04564737269460793	8.297890943316853E-5	0.006611450025932953	0.03615981108305682	0.09157157168469265	0.015347726027821435	0.3293229211594317	0.7055499017936172	1.789195134898011	1.5477974381404354	1.1281072985695524	3.223585038711841	0.5978598003031738	0.03615981108305682	0.03615981108305682	0.03615981108305682	0	0.03615981108305682	0.03615981108305682	0	0.03615981108305682	0.03615981108305682	0	0.03615981108305682	0.03615981108305682	-366.48317995169015	-99.70469770764811
190	-465.2493274460277	-789.5397006209316	-465.2493274460277	-324.29037317490395	11.032700930324388	0.03417819285922952	0.018903819155353774	0.017931796810264522	0.032672074801947726	0.03140271534002603	0.03737714029221145	0.011760722073358848	0.032135468900620856	0.032768836774556206	0.006328285610971401	0.047613334236506905	0.05642268147206453	0.008644144883931948	0.02316702995441322	0.020949869491841716	0.006885473767629796	0.023107415315995347	0.015218980046168382	0.045327519396319724	0.04767464972185584	0.022035201916082423	0.015178931469366982	0.019571375498861773	0.05790618962758887	0.003763947689534114	0.026140580010903913	0.011890830562432786	0.04315481823068244	0.0244238589665855	0.021864570942967995	0.03336288237321927	0.0024320977803373584	0.021386314403746373	0.03849815154519165	0.011916818326135434	0.01848805619008463	0.07751522296101075	4.2987609537702934E-4	0.008156884218123411	0.021061810322471234	0.07080337720531055	0.008727000140625243	0.2803785272368297	0.6766583726866617	1.1407248533859116	1.0540959482489538	1.3940411851571994	3.6420162656262653	0.5673358307950872	0.021061810322471234	0.021061810322471234	0.021061810322471234	0	0.021061810322471234	0.021061810322471234	0	0.021061810322471234	0.021061810322471234	0	0.021061810322471234	0.021061810322471234	-369.21480543556146	-96.0345220104662
191	-465.18538019931003	-797.1825809156858	-465.18538019931003	-331.99720071637574	12.530668435067321	0.03417819285922952	0.018903819155353774	0.017931796810264522	0.05916820611303292	0.03140271534002603	0.025426687473367793	0.011760722073358848	0.037137024099609894	0.032768836774556206	0.006328285610971401	0.02099183829534998	0.05642268147206453	0.008644144883931948	0.02316702995441322	0.01628356102078518	0.006885473767629796	0.023107415315995347	0.01657821640541822	0.045327519396319724	0.04767464972185584	0.02169995518814992	0.015178931469366982	0.019571375498861773	0.05790618962758887	0.003763947689534114	0.05513171702277797	0.011890830562432786	0.03942594080071547	0.0244238589665855	0.0073188924507264635	0.03336288237321927	0.0024320977803373584	0.021386314403746373	0.03849815154519165	0.011916818326135434	0.01848805619008463	0.07751522296101075	2.1051794982250896E-4	0.006183925442832146	0.017356889871278924	0.06286837272543881	0.009964023658692027	0.2645156713214005	0.9291330000053506	1.2904681143051266	1.6040858081120117	1.6335786492792832	3.7799249997012474	0.5971800596395209	0.017356889871278924	0.017356889871278924	0.017356889871278924	0	0.017356889871278924	0.017356889871278924	0	0.017356889871278924	0.017356889871278924	0	0.017356889871278924	0.017356889871278924	-368.8854880800276	-96.29989211928246
192	-465.0771177232323	-808.1619918105976	-465.0771177232323	-343.0848740873653	14.63027698251949	0.03417819285922952	0.018903819155353774	0.017931796810264522	0.05916820611303292	0.03140271534002603	0.025426687473367793	0.011760722073358848	0.037137024099609894	0.032768836774556206	0.006328285610971401	0.02099183829534998	0.050210958163864006	0.008644144883931948	0.02316702995441322	0.01628356102078518	0.006885473767629796	0.023107415315995347	0.01657821640541822	0.045327519396319724	0.04767464972185584	0.02169995518814992	0.015178931469366982	0.019571375498861773	0.05790618962758887	0.003763947689534114	0.05513171702277797	0.011890830562432786	0.03942594080071547	0.0244238589665855	0.0073188924507264635	0.03336288237321927	0.0024320977803373584	0.021386314403746373	0.03849815154519165	0.011916818326135434	0.024699779498285154	0.07751522296101075	2.9924060475296503E-4	0.009831665826193329	0.029143838084440488	0.08837764734965536	0.006381977970417622	0.2158258711829746	0.9278163039711698	1.5926639216010323	2.023206741885687	1.4699838136553898	6.3802382483626205	0.9149889866573258	0.029143838084440488	0.029143838084440488	0.029143838084440488	0	0.029143838084440488	0.029143838084440488	0	0.029143838084440488	0.029143838084440488	0	0.029143838084440488	0.029143838084440488	-372.9944483245609	-92.08266939867137
193	-464.04542490931817	-794.1259285256328	-464.04542490931817	-330.0805036163147	13.753644282635177	0.03417819285922952	0.018903819155353774	0.017931796810264522	0.05916820611303292	0.03140271534002603	0.025426687473367793	0.021695202914317674	0.037137024099609894	0.032768836774556206	0.006328285610971401	0.02099183829534998	0.050210958163864006	0.008644144883931948	0.013232549113454395	0.01628356102078518	0.006885473767629796	0.023107415315995347	0.01657821640541822	0.045327519396319724	0.04767464972185584	0.02169995518814992	0.015178931469366982	0.019571375498861773	0.05790618962758887	0.003763947689534114	0.05513171702277797	0.011890830562432786	0.03942594080071547	0.01028726624616394	0.0073188924507264635	0.03336288237321927	0.0024320977803373584	0.021386314403746373	0.03849815154519165	0.011916818326135434	0.03883637221870671	0.07751522296101075	3.1732204958528996E-4	0.009471083058482092	0.021814764508760066	0.09229884154245739	0.010658645499158124	0.262387788921882	0.4858507273625915	1.2777630494533057	2.0829907675131714	1.5954892444232314	2.7516056336039054	0.6454664478519616	0.021814764508760066	0.021814764508760066	0.021814764508760066	0	0.021814764508760066	0.021814764508760066	0	0.021814764508760066	0.021814764508760066	0	0.021814764508760066	0.021814764508760066	-366.0400131085321	-98.00541180078606
194	-463.9375788994198	-796.839473256861	-463.9375788994198	-332.90189435744117	12.42026370202003	0.03417819285922952	0.018903819155353774	0.017931796810264522	0.04775289810566624	0.03140271534002603	0.025426687473367793	0.021695202914317674	0.010864989847893691	0.032768836774556206	0.04658653164593937	0.02099183829534998	0.050210958163864006	0.008644144883931948	0.013232549113454395	0.01628356102078518	0.006885473767629796	0.023107415315995347	0.04285025065713442	0.045327519396319724	0.04767464972185584	0.02169995518814992	0.015178931469366982	0.019571375498861773	0.05790618962758887	0.003763947689534114	0.026288778995176676	0.011890830562432786	0.03942594080071547	0.01028726624616394	0.0073188924507264635	0.03336288237321927	0.0024320977803373584	0.021386314403746373	0.03849815154519165	0.011916818326135434	0.03883637221870671	0.07751522296101075	5.868570434925725E-4	0.007493508446495615	0.025659822404083023	0.08443167315743465	0.007408895443853369	0.19536994338069083	0.48232018944853744	1.2882304401347926	3.1786965320579865	1.3630644844642517	2.8489541178570827	0.7646263555000025	0.025659822404083023	0.025659822404083023	0.025659822404083023	0	0.025659822404083023	0.025659822404083023	0	0.025659822404083023	0.025659822404083023	0	0.025659822404083023	0.025659822404083023	-368.7755131388868	-95.16206576053295
195	-463.80522390275246	-795.7513005714434	-463.80522390275246	-331.94607666869086	11.743559960212464	0.03417819285922952	0.02369204154780047	0.017931796810264522	0.04775289810566624	0.03140271534002603	0.025426687473367793	0.00788165952762529	0.020618830440915115	0.01356546046019845	0.0418432534509727	0.02099183829534998	0.028761669693754377	0.008644144883931948	0.013232549113454395	0.08418034750476985	0.006885473767629796	0.023107415315995347	0.04934965010506341	0.045327519396319724	0.06907899399448544	0.011946114595128496	0.020480758655847184	0.019571375498861773	0.05790618962758887	0.003763947689534114	0.038992755861605444	0.011890830562432786	0.03942594080071547	0.01028726624616394	0.03574039954121776	0.017939902927846862	0.0024320977803373584	0.021386314403746373	0.03849815154519165	0.011916818326135434	0.03883637221870671	0.005131625032119377	3.991266733598618E-4	0.007327863446243912	0.03127955782453855	0.0484473227740055	0.009747395723621285	0.16610698546292682	0.41158695164242387	1.023265707483952	1.797674377255973	1.303190131984928	3.669700359943281	0.46988644750837627	0.03127955782453855	0.03127955782453855	0.03127955782453855	0	0.03127955782453855	0.03127955782453855	0	0.03127955782453855	0.03127955782453855	0	0.03127955782453855	0.03127955782453855	-370.393068164946	-93.41215573780646
196	-462.85270775760057	-789.8570746889354	-462.85270775760057	-327.0043669313349	11.09497444428387	0.03417819285922952	0.02369204154780047	0.017931796810264522	0.0652332438207916	0.03140271534002603	0.025426687473367793	0.00788165952762529	0.020618830440915115	0.021067747009636636	0.0418432534509727	0.02099183829534998	0.028761669693754377	0.008644144883931948	0.013232549113454395	0.08418034750476985	0.006885473767629796	0.023107415315995347	0.041847363555625225	0.045327519396319724	0.06907899399448544	0.011946114595128496	0.020480758655847184	0.019571375498861773	0.05790618962758887	0.003763947689534114	0.038992755861605444	0.011890830562432786	0.03942594080071547	0.01028726624616394	0.0182600538260924	0.017939902927846862	0.0024320977803373584	0.021386314403746373	0.03849815154519165	0.011916818326135434	0.03883637221870671	0.005131625032119377	2.5640128842487503E-4	0.007433420496423003	0.030878042469182455	0.06582186141844655	0.007162492084234504	0.10879108871913161	0.6400059291717515	1.2435600128841862	1.513355794616584	1.1781834702388552	5.526610417442403	0.9445705368815412	0.030878042469182455	0.030878042469182455	0.030878042469182455	0	0.030878042469182455	0.030878042469182455	0	0.030878042469182455	0.030878042469182455	0	0.030878042469182455	0.030878042469182455	-367.82509199682937	-95.02761576077117
197	-462.08780385471357	-809.1264737773529	-462.08780385471357	-347.0386699226393	11.704870757566239	0.034143331953381484	0.015668699659703522	0.017931796810264522	0.0652332438207916	0.03140271534002603	0.025426687473367793	0.00788165952762529	0.020618830440915115	0.021067747009636636	0.0418432534509727	0.02099183829534998	0.028761669693754377	0.019866664188287086	0.013232549113454395	0.08418034750476985	0.006885473767629796	0.023107415315995347	0.041847363555625225	0.045327519396319724	0.06907899399448544	0.011946114595128496	0.020480758655847184	0.020797835160508912	0.05790618962758887	0.03827143279697107	0.038992755861605444	0.011890830562432786	0.04748414359466045	0.01028726624616394	0.0058110748600901235	0.017939902927846862	0.0024320977803373584	0.021386314403746373	0.03849815154519165	0.011916818326135434	0.004328887111269761	0.005131625032119377	3.5708446163265026E-4	0.008874863845231418	0.029147526939332414	0.045545577891664434	0.005937169709363804	0.08362693291682681	0.9857209042607283	1.450070869595809	1.7059037581082594	1.6322163193270893	8.368831455106982	1.1201685665539856	0.029147526939332414	0.029147526939332414	0.029147526939332414	0	0.029147526939332414	0.029147526939332414	0	0.029147526939332414	0.029147526939332414	0	0.029147526939332414	0.029147526939332414	-366.8685099478621	-95.21929390685149
198	-461.45510263270546	-811.9630182050944	-461.45510263270546	-350.5079155723889	9.961712407084066	0.034143331953381484	0.015668699659703522	0.017931796810264522	0.0652332438207916	0.03140271534002603	0.025426687473367793	0.011876295064008197	0.020618830440915115	0.06258445053854443	0.0418432534509727	0.02099183829534998	0.028761669693754377	0.019866664188287086	0.013232549113454395	0.08418034750476985	0.006885473767629796	0.023107415315995347	0.03785272801924232	0.045327519396319724	0.06907899399448544	0.011946114595128496	0.020480758655847184	0.020797835160508912	0.016389486098681072	0.03827143279697107	0.038992755861605444	0.011890830562432786	0.04748414359466045	0.01028726624616394	0.0058110748600901235	0.017939902927846862	0.0024320977803373584	0.021386314403746373	0.03849815154519165	0.011916818326135434	0.004328887111269761	0.005131625032119377	6.47865393549431E-5	0.009309128590369198	0.022392374690573005	0.04139673118678009	0.006676696862794738	0.04462543302407637	0.8950154605892177	1.7237251549920225	1.5723812546834641	1.3412301800271116	7.582764686337655	0.8987947473999458	0.022392374690573005	0.022392374690573005	0.022392374690573005	0	0.022392374690573005	0.022392374690573005	0	0.022392374690573005	0.022392374690573005	0	0.022392374690573005	0.022392374690573005	-368.05264801311637	-93.40245461958912
199	-460.440026870873	-793.0070770840869	-460.440026870873	-332.5670502132138	8.950335021606705	0.034143331953381484	0.015668699659703522	0.017931796810264522	0.0652332438207916	0.03140271534002603	0.025426687473367793	0.011876295064008197	0.020618830440915115	0.039243863069063564	0.029759808892588974	0.02099183829534998	0.02308842890408558	0.03762334953633961	0.013232549113454395	0.08418034750476985	0.006885473767629796	0.023107415315995347	0.03785272801924232	0.045327519396319724	0.06907899399448544	0.011946114595128496	0.020480758655847184	0.020797835160508912	0.016389486098681072	0.03827143279697107	0.03594236002894924	0.011890830562432786	0.04748414359466045	0.03667824954830101	0.0058110748600901235	0.017939902927846862	0.0024320977803373584	0.021386314403746373	0.03849815154519165	0.011916818326135434	0.004328887111269761	0.005131625032119377	1.183619173053956E-4	0.007099552799977364	0.011887648039751605	0.052440385604117026	0.006227099509025959	0.0476310342648966	1.050783142274132	0.9600716238274565	1.5700122975477482	1.3419958648780919	4.573567934749401	1.0536616965113603	0.011887648039751605	0.011887648039751605	0.011887648039751605	0	0.011887648039751605	0.011887648039751605	0	0.011887648039751605	0.011887648039751605	0	0.011887648039751605	0.011887648039751605	-362.67521983702727	-97.76480703384574
200	-457.2530249194148	-794.2437423088074	-457.2530249194148	-336.99071738939267	10.741748501359176	0.034143331953381484	0.015668699659703522	0.017931796810264522	0.0652332438207916	0.03937979004867931	0.025426687473367793	0.011876295064008197	0.020618830440915115	0.039243863069063564	0.029759808892588974	0.02099183829534998	0.02308842890408558	0.03762334953633961	0.013232549113454395	0.08418034750476985	0.010559924598457199	0.023107415315995347	0.03785272801924232	0.03735044468766645	0.048819059579917584	0.008271663764301093	0.020480758655847184	0.020797835160508912	0.016389486098681072	0.03827143279697107	0.03594236002894924	0.011890830562432786	0.04748414359466045	0.03667824954830101	0.0058110748600901235	0.017939902927846862	0.0024320977803373584	0.021386314403746373	0.03849815154519165	0.011916818326135434	0.004328887111269761	0.025391559446687237	1.3482069898305637E-4	0.007715536117800395	0.015090502891957245	0.04682929428151948	0.005914568329587926	0.06686538515569178	0.606948504456731	0.8469481839350184	1.5892614767840931	1.9606130946845193	4.152176851355854	0.9673442698781773	0.015090502891957245	0.015090502891957245	0.015090502891957245	0	0.015090502891957245	0.015090502891957245	0	0.015090502891957245	0.015090502891957245	0	0.015090502891957245	0.015090502891957245	-366.3465043975435	-90.90652052187129
201	-457.15470085956827	-786.6892311517788	-457.15470085956827	-329.5345302922105	10.729778032123335	0.047270418023723115	0.007931561269704845	0.017931796810264522	0.08502477935375014	0.03937979004867931	0.025426687473367793	0.02462126130394679	0.023311698232608313	0.006753148478037971	0.021313872359344316	0.02099183829534998	0.02039556111239238	0.03762334953633961	0.013232549113454395	0.08418034750476985	0.010051629687353819	0.023107415315995347	0.03785272801924232	0.03735044468766645	0.02294700726963736	0.04076237835532669	0.020480758655847184	0.020797835160508912	0.016389486098681072	0.015383714717895985	0.03594236002894924	0.011890830562432786	0.04748414359466045	0.03667824954830101	0.0058110748600901235	0.01433144231813166	0.0024320977803373584	0.021386314403746373	0.03849815154519165	0.011916818326135434	0.004328887111269761	0.0487875724368657	2.794125656598194E-4	0.007751639415969791	0.02101403435139728	0.04921343230235951	0.004754658596723921	0.06067736183344116	0.4876309286226484	0.7341695631187443	1.9018200107453587	1.6769334448264448	2.819685440085494	0.7419290724988397	0.02101403435139728	0.02101403435139728	0.02101403435139728	0	0.02101403435139728	0.02101403435139728	0	0.02101403435139728	0.02101403435139728	0	0.02101403435139728	0.02101403435139728	-362.48415711009227	-94.67054374947598
202	-456.6870860958967	-798.0094742405347	-456.6870860958967	-341.32238814463807	10.691246067607029	0.047270418023723115	0.007931561269704845	0.017931796810264522	0.07844743560167383	0.03937979004867931	0.025426687473367793	0.02462126130394679	0.023311698232608313	0.006753148478037971	0.021313872359344316	0.02099183829534998	0.02039556111239238	0.03762334953633961	0.011214872315126523	0.08418034750476985	0.010051629687353819	0.023107415315995347	0.03785272801924232	0.03735044468766645	0.02496468406796523	0.04076237835532669	0.027058102407923487	0.020797835160508912	0.016389486098681072	0.015383714717895985	0.03594236002894924	0.011890830562432786	0.04748414359466045	0.03667824954830101	0.0058110748600901235	0.01433144231813166	0.0024320977803373584	0.021386314403746373	0.03849815154519165	0.011916818326135434	0.004328887111269761	0.0487875724368657	4.959580373979027E-4	0.006995128235433019	0.027480130730674818	0.034559787913260046	0.0065937081681063095	0.06256598237170931	0.4778951992630323	0.6157198569160159	1.1833551938922533	2.5428792269548754	2.438747384421705	0.7902988448445295	0.027480130730674818	0.027480130730674818	0.027480130730674818	0	0.027480130730674818	0.027480130730674818	0	0.027480130730674818	0.027480130730674818	0	0.027480130730674818	0.027480130730674818	-360.1729831808734	-96.51410291502329
203	-456.4599090371378	-793.4883892273936	-456.4599090371378	-337.0284801902557	8.868171978926954	0.031827221270681716	0.007931561269704845	0.017931796810264522	0.07844743560167383	0.03937979004867931	0.025426687473367793	0.02462126130394679	0.023311698232608313	0.006753148478037971	0.036757069112385715	0.02099183829534998	0.02039556111239238	0.03762334953633961	0.011214872315126523	0.061670995964238945	0.010051629687353819	0.023107415315995347	0.03785272801924232	0.07624901017246487	0.02496468406796523	0.04076237835532669	0.020091207179418688	0.020797835160508912	0.016389486098681072	0.015383714717895985	0.03594236002894924	0.011890830562432786	0.03109492965039294	0.03667824954830101	0.0058110748600901235	0.01433144231813166	0.0024320977803373584	0.006960858482847096	0.03849815154519165	0.011916818326135434	0.02789185754588007	0.046616953151659465	4.5428176510197246E-4	0.007413980816684506	0.02917715862884001	0.06608245177153135	0.0023676377211832773	0.054051219699990806	0.6310685051460768	0.7234554162710205	1.2488992206296547	1.504338752948465	2.7414793496742345	0.7480435400591704	0.02917715862884001	0.02917715862884001	0.02917715862884001	0	0.02917715862884001	0.02917715862884001	0	0.02917715862884001	0.02917715862884001	0	0.02917715862884001	0.02917715862884001	-363.9434978972122	-92.51641113992557
204	-456.2699855602108	-798.3020218479735	-456.2699855602108	-342.0320362877627	10.849986765794204	0.031827221270681716	0.007931561269704845	0.017931796810264522	0.0702155709842765	0.011907594110284525	0.025426687473367793	0.02462126130394679	0.023311698232608313	0.006753148478037971	0.036757069112385715	0.02099183829534998	0.041848972748703805	0.03762334953633961	0.011214872315126523	0.030875757638999385	0.010051629687353819	0.023107415315995347	0.03785272801924232	0.07624901017246487	0.02496468406796523	0.04899424297272402	0.020091207179418688	0.020797835160508912	0.016389486098681072	0.08872708162845075	0.03594236002894924	0.011890830562432786	0.04547145036111731	0.03934208111089044	0.0058110748600901235	0.01433144231813166	0.0024320977803373584	0.006960858482847096	0.02342221889827123	0.011916818326135434	0.006438445909568644	0.02957660087834567	2.157288704953614E-4	0.006364990077220931	0.021144945093151412	0.03789838506707546	0.0018658096089796056	0.04894851322639025	0.4137032476080647	0.4917133476113109	1.9924752550349671	2.089501085594156	4.982413994329279	1.218766593068838	0.021144945093151412	0.021144945093151412	0.021144945093151412	0	0.021144945093151412	0.021144945093151412	0	0.021144945093151412	0.021144945093151412	0	0.021144945093151412	0.021144945093151412	-362.9151386598704	-93.35484690034039
205	-455.98576761682745	-815.0024602777274	-455.98576761682745	-359.0166926609	12.750495944821063	0.031827221270681716	0.007931561269704845	0.017931796810264522	0.0702155709842765	0.020252253991041025	0.025426687473367793	0.02462126130394679	0.023311698232608313	0.02307493379236579	0.036757069112385715	0.02099183829534998	0.041848972748703805	0.03762334953633961	0.011214872315126523	0.030875757638999385	0.010051629687353819	0.023107415315995347	0.03785272801924232	0.07624901017246487	0.02496468406796523	0.057902917473067736	0.020091207179418688	0.020797835160508912	0.016389486098681072	0.08872708162845075	0.027033685528605522	0.011890830562432786	0.04547145036111731	0.030997421230133937	0.0058110748600901235	0.01433144231813166	0.0024320977803373584	0.006960858482847096	0.02342221889827123	0.011916818326135434	0.006438445909568644	0.01325481556401785	2.2930210491541435E-4	0.008491008357957868	0.020651215411476055	0.05299440440675058	7.29324077269868E-4	0.07498722129112034	0.4779978335089274	0.440395529369251	3.2567755066903423	2.2366976703800745	3.6233553005752435	0.6419307923728138	0.020651215411476055	0.020651215411476055	0.020651215411476055	0	0.020651215411476055	0.020651215411476055	0	0.020651215411476055	0.020651215411476055	0	0.020651215411476055	0.020651215411476055	-358.6176473302437	-97.36812028658373
206	-455.52813748224224	-811.4405037086094	-455.52813748224224	-355.9123662263671	14.828667423407115	0.031827221270681716	0.007931561269704845	0.10539137353883704	0.08701594830423404	0.020252253991041025	0.025426687473367793	0.02462126130394679	0.011301450342817987	0.02307493379236579	0.008956890760729669	0.02099183829534998	0.041848972748703805	0.011245884700188724	0.011214872315126523	0.030875757638999385	0.010051629687353819	0.023107415315995347	0.03785272801924232	0.035088976755952	0.02496468406796523	0.057902917473067736	0.033404617373229514	0.020797835160508912	0.016389486098681072	0.042427538316391095	0.05341115036475641	0.011890830562432786	0.028671073041159775	0.029694258926113437	0.0058110748600901235	0.01433144231813166	0.0024320977803373584	0.03476103683450314	0.02342221889827123	0.011916818326135434	0.006438445909568644	0.01325481556401785	1.7446365942985702E-4	0.007579021256362695	0.018458340665087322	0.0633967760175958	9.261588904268664E-4	0.08358136219190433	0.6253102221830292	0.45712663459204106	3.426980194428901	1.5180652113712747	5.856605751599305	0.7343077878530179	0.018458340665087322	0.018458340665087322	0.018458340665087322	0	0.018458340665087322	0.018458340665087322	0	0.018458340665087322	0.018458340665087322	0	0.018458340665087322	0.018458340665087322	-360.6187477962252	-94.90938968601704
207	-455.4400891809081	-808.1738510905668	-455.4400891809081	-352.73376190965877	15.409426538503784	0.040016402931377315	0.007931561269704845	0.00946967522997294	0.08701594830423404	0.020252253991041025	0.025426687473367793	0.02462126130394679	0.10722314865168209	0.02307493379236579	0.008956890760729669	0.01280265663465438	0.041848972748703805	0.011245884700188724	0.011214872315126523	0.030875757638999385	0.008508848779070849	0.023107415315995347	0.03785272801924232	0.035088976755952	0.02496468406796523	0.03751155959440221	0.033404617373229514	0.020797835160508912	0.016389486098681072	0.04171137796316779	0.045286090621445174	0.011890830562432786	0.0490624309198253	0.03195320018761971	0.0058110748600901235	0.01433144231813166	0.010557157523648594	0.03476103683450314	0.02342221889827123	0.011916818326135434	0.006438445909568644	0.01325481556401785	5.087674891783271E-4	0.00700100060891291	0.03627082266993082	0.045870652521685776	0.0017804412870841982	0.09426836856200475	0.45945383059680345	0.3456289988029083	4.084026020620162	1.9188115199897764	6.446783642029817	1.2798408849738845	0.03627082266993082	0.03627082266993082	0.03627082266993082	0	0.03627082266993082	0.03627082266993082	0	0.03627082266993082	0.03627082266993082	0	0.03627082266993082	0.03627082266993082	-361.50450801752095	-93.93558116338716
208	-455.3906986307088	-797.2884538456697	-455.3906986307088	-341.8977552149608	16.972357210052373	0.040016402931377315	0.007931561269704845	0.00946967522997294	0.05061986191794937	0.020252253991041025	0.025426687473367793	0.02462126130394679	0.06968267808486656	0.02307493379236579	0.004663460299462158	0.01280265663465438	0.041848972748703805	0.011245884700188724	0.05007075758764201	0.03320114743872679	0.008508848779070849	0.023107415315995347	0.03552733821951491	0.035088976755952	0.02496468406796523	0.03751155959440221	0.033404617373229514	0.020797835160508912	0.04360401638485134	0.04171137796316779	0.045286090621445174	0.011890830562432786	0.0490624309198253	0.03195320018761971	0.0058110748600901235	0.01862487277939917	0.010557157523648594	0.03230123794827232	0.03374815917891649	0.011916818326135434	0.006438445909568644	0.01325481556401785	1.7825730601688918E-4	0.008276124360460763	0.05804824191532529	0.05602851274267281	0.0018338707167065767	0.06892588119740824	0.6764378501588225	0.3588539187899176	4.682739830836493	2.7210406972268344	5.310393685258892	0.9107989191656953	0.05804824191532529	0.05804824191532529	0.05804824191532529	0	0.05804824191532529	0.05804824191532529	0	0.05804824191532529	0.05804824191532529	0	0.05804824191532529	0.05804824191532529	-362.52492501769245	-92.86577361301633
209	-455.3655962920718	-796.8168415526646	-455.3655962920718	-341.4512452605928	16.389888274294794	0.07206194903897978	0.019793397688202097	0.00946967522997294	0.05753263277942228	0.020252253991041025	0.025426687473367793	0.02462126130394679	0.03763713197726409	0.02307493379236579	0.004663460299462158	0.02349328372730039	0.06175519230597659	0.011245884700188724	0.043157986726169106	0.03320114743872679	0.008508848779070849	0.023107415315995347	0.03552733821951491	0.015182757198679217	0.02496468406796523	0.03751155959440221	0.033404617373229514	0.01961325233219678	0.03174217996635409	0.04171137796316779	0.045286090621445174	0.011890830562432786	0.0490624309198253	0.021262573094973702	0.0058110748600901235	0.015615055529005994	0.010557157523648594	0.03230123794827232	0.03374815917891649	0.013101401154447564	0.00944826315996182	0.01325481556401785	2.0957731686736608E-4	0.00816668209121436	0.04520712754283475	0.039600355001952574	0.0024425727707390985	0.11608350557053286	0.5051034722633644	0.4621084312949124	3.7314634452728437	2.0983918438008287	4.91799451692115	1.3649072519898122	0.04520712754283475	0.04520712754283475	0.04520712754283475	0	0.04520712754283475	0.04520712754283475	0	0.04520712754283475	0.04520712754283475	0	0.04520712754283475	0.04520712754283475	-360.64973531182545	-94.71586098024635
210	-454.6394753086533	-810.0241249781623	-454.6394753086533	-355.38464966950903	11.940081576870815	0.07206194903897978	0.019793397688202097	0.00946967522997294	0.05753263277942228	0.020252253991041025	0.025426687473367793	0.02462126130394679	0.03763713197726409	0.02307493379236579	0.004663460299462158	0.02349328372730039	0.06175519230597659	0.011245884700188724	0.043157986726169106	0.041558500351829036	0.008508848779070849	0.023107415315995347	0.03552733821951491	0.015182757198679217	0.02496468406796523	0.03751155959440221	0.033404617373229514	0.01961325233219678	0.03174217996635409	0.04171137796316779	0.045286090621445174	0.011890830562432786	0.0490624309198253	0.021262573094973702	0.0058110748600901235	0.015615055529005994	0.010557157523648594	0.03230123794827232	0.03374815917891649	0.013101401154447564	0.00944826315996182	0.004897462650915604	6.339902344401113E-5	0.006288374528696588	0.03665645584847172	0.016134529787328628	0.00288731926956707	0.1359416891759335	0.8802948500162743	0.6046014259959045	4.2450681412348565	2.1394326279094464	5.192455257185618	1.3329766602881372	0.03665645584847172	0.03665645584847172	0.03665645584847172	0	0.03665645584847172	0.03665645584847172	0	0.03665645584847172	0.03665645584847172	0	0.03665645584847172	0.03665645584847172	-359.78699385043046	-94.85248145822284
211	-453.871286441869	-798.3126076651329	-453.871286441869	-344.4413212232639	10.78842899764897	0.07206194903897978	0.011107273756958747	0.010189358282557681	0.05753263277942228	0.020252253991041025	0.025426687473367793	0.02462126130394679	0.03763713197726409	0.023497767744128248	0.004663460299462158	0.02349328372730039	0.06175519230597659	0.011245884700188724	0.043157986726169106	0.041558500351829036	0.008508848779070849	0.023107415315995347	0.03552733821951491	0.015182757198679217	0.03365080799920858	0.04302675381706421	0.033404617373229514	0.01961325233219678	0.03174217996635409	0.04171137796316779	0.045286090621445174	0.011890830562432786	0.0490624309198253	0.021262573094973702	0.0058110748600901235	0.015615055529005994	0.010557157523648594	0.03230123794827232	0.03374815917891649	0.013101401154447564	0.003933068937299819	0.0037549456465684056	1.4848837381482548E-4	0.0070754636285951765	0.0460761935268793	0.014918408665685329	0.003277674918851356	0.18027713691827235	0.8700927976543085	0.6807550262328015	3.832093906865597	2.782074620018955	5.940173542578222	1.6575576524345104	0.0460761935268793	0.0460761935268793	0.0460761935268793	0	0.0460761935268793	0.0460761935268793	0	0.0460761935268793	0.0460761935268793	0	0.0460761935268793	0.0460761935268793	-357.82873404979824	-96.04255239207079
212	-453.83082637633174	-802.0488703150234	-453.83082637633174	-348.2180439386916	10.839928733709721	0.08570823094159907	0.011107273756958747	0.010189358282557681	0.05753263277942228	0.020252253991041025	0.025426687473367793	0.02462126130394679	0.05952218580862617	0.023497767744128248	0.004663460299462158	0.02349328372730039	0.06175519230597659	0.011245884700188724	0.011480797845450308	0.041558500351829036	0.008508848779070849	0.023107415315995347	0.03167319136625234	0.015182757198679217	0.03365080799920858	0.04302675381706421	0.033404617373229514	0.02633574533166326	0.03174217996635409	0.04171137796316779	0.045286090621445174	0.011890830562432786	0.042339937920358825	0.021262573094973702	0.0058110748600901235	0.015615055529005994	0.010557157523648594	0.03230123794827232	0.03374815917891649	0.013101401154447564	0.003933068937299819	0.0037549456465684056	1.1149210239408786E-4	0.006413109469716656	0.035276973815224044	0.013181871872157472	0.0033611428313537247	0.22500389573271012	1.3180626595617295	0.6375126923787526	2.6979542642869827	3.0113331995769568	5.734803552340668	1.3047586596924372	0.035276973815224044	0.035276973815224044	0.035276973815224044	0	0.035276973815224044	0.035276973815224044	0	0.035276973815224044	0.035276973815224044	0	0.035276973815224044	0.035276973815224044	-354.55420792208827	-99.27661845424348
213	-453.440196632194	-801.7479205868879	-453.440196632194	-348.3077239546939	15.540855968295611	0.05831825563607529	0.011107273756958747	0.03444541772845183	0.04384485329834148	0.024131921568594783	0.025426687473367793	0.02462126130394679	0.05952218580862617	0.03577399488674558	0.004663460299462158	0.02349328372730039	0.06175519230597659	0.01884529314824701	0.011480797845450308	0.041558500351829036	0.008508848779070849	0.023107415315995347	0.05906316667177612	0.015182757198679217	0.00939474855331443	0.03542734536900592	0.033404617373229514	0.02633574533166326	0.03174217996635409	0.04171137796316779	0.045286090621445174	0.008011162984879028	0.02605896220155944	0.021262573094973702	0.0058110748600901235	0.015615055529005994	0.02683813324244798	0.020025010805654983	0.03374815917891649	0.004421050080859232	0.02630119949196895	0.0037549456465684056	3.804370879299796E-4	0.00804708394959388	0.025292271303639036	0.016310945059938197	0.004237296065588299	0.24367893736724783	1.4564714388603024	1.1151706748006625	2.4072110085362355	2.6979911144475563	5.340251596739575	1.3969962439879	0.025292271303639036	0.025292271303639036	0.025292271303639036	0	0.025292271303639036	0.025292271303639036	0	0.025292271303639036	0.025292271303639036	0	0.025292271303639036	0.025292271303639036	-358.58789742586623	-94.85229920632776
214	-453.43614262179267	-792.3217252511643	-453.43614262179267	-338.88558262937164	12.917165834571701	0.05831825563607529	0.011107273756958747	0.03444541772845183	0.04384485329834148	0.024131921568594783	0.029779250012057223	0.02462126130394679	0.016394118598947516	0.03577399488674558	0.004663460299462158	0.02349328372730039	0.04515787445547237	0.01884529314824701	0.011480797845450308	0.041558500351829036	0.008508848779070849	0.023107415315995347	0.07566048452228034	0.05831082440835787	0.00939474855331443	0.03542734536900592	0.033404617373229514	0.023615621058170708	0.032686835045423024	0.04171137796316779	0.045286090621445174	0.008011162984879028	0.02605896220155944	0.020317918015904768	0.0058110748600901235	0.015615055529005994	0.02683813324244798	0.015672448266965552	0.036468283452409045	0.004421050080859232	0.02630119949196895	0.0037549456465684056	6.889471755632676E-5	0.007786998937368621	0.019315457888744485	0.025707376495228862	0.0034282139804446064	0.34207965218211545	1.271928726710536	1.2884859243081388	1.8965905367935754	3.3648576985306584	4.584654295330287	1.5158840935486793	0.019315457888744485	0.019315457888744485	0.019315457888744485	0	0.019315457888744485	0.019315457888744485	0	0.019315457888744485	0.019315457888744485	0	0.019315457888744485	0.019315457888744485	-363.16040537658455	-90.2757372452081
215	-453.2424812490024	-800.0541114123666	-453.2424812490024	-346.81163016336427	10.098199758064204	0.05831825563607529	0.011107273756958747	0.03444541772845183	0.0932086730782869	0.015836372950375655	0.029779250012057223	0.02462126130394679	0.05275401429532428	0.015202356230061595	0.004663460299462158	0.02349328372730039	0.04515787445547237	0.01884529314824701	0.011480797845450308	0.041558500351829036	0.008508848779070849	0.023107415315995347	0.026296664742334927	0.021950928711981108	0.00939474855331443	0.03542734536900592	0.053501880453618464	0.023615621058170708	0.019871995312101487	0.04171137796316779	0.045286090621445174	0.008011162984879028	0.02605896220155944	0.020317918015904768	0.0058110748600901235	0.015615055529005994	0.055705320517351095	0.00839002491989814	0.036468283452409045	0.004421050080859232	0.02630119949196895	0.0037549456465684056	1.9547598591144796E-4	0.008275649211934005	0.020116395543874677	0.018226652297650366	0.005431287518145494	0.4717596223191519	1.2920372458956142	1.2898957176712187	2.0121096832196232	3.698692100190177	3.6575566619168187	1.5333916322422942	0.020116395543874677	0.020116395543874677	0.020116395543874677	0	0.020116395543874677	0.020116395543874677	0	0.020116395543874677	0.020116395543874677	0	0.020116395543874677	0.020116395543874677	-353.62623151221555	-99.61624973678687
216	-452.96842934149873	-807.4822398556965	-452.96842934149873	-354.5138105141978	10.731379538108785	0.05831825563607529	0.011107273756958747	0.03444541772845183	0.0932086730782869	0.015836372950375655	0.029779250012057223	0.047515819675571364	0.05275401429532428	0.011237447661689756	0.004663460299462158	0.02349328372730039	0.03242306551334517	0.01624306478482951	0.011480797845450308	0.041558500351829036	0.008508848779070849	0.023107415315995347	0.021001551864568743	0.021950928711981108	0.00939474855331443	0.03542734536900592	0.053501880453618464	0.02891073393593689	0.019871995312101487	0.018816819591543216	0.045286090621445174	0.008011162984879028	0.02605896220155944	0.020317918015904768	0.0058110748600901235	0.015615055529005994	0.055705320517351095	0.00839002491989814	0.036468283452409045	0.004421050080859232	0.02630119949196895	0.023056891520484943	1.6611227409134928E-4	0.007580039699028633	0.020787953628546414	0.02109458331778316	0.008326248037712794	0.4408410388457739	1.0932039298386171	1.2092964445411847	3.4654230923542952	3.33851035889759	3.189009876764827	1.4960826678854369	0.020787953628546414	0.020787953628546414	0.020787953628546414	0	0.020787953628546414	0.020787953628546414	0	0.020787953628546414	0.020787953628546414	0	0.020787953628546414	0.020787953628546414	-356.51337075483616	-96.45505858666259
217	-452.77015419105487	-800.1039421818059	-452.77015419105487	-347.3337879907511	10.143806619712631	0.05831825563607529	0.011107273756958747	0.03444541772845183	0.0932086730782869	0.015836372950375655	0.029779250012057223	0.047515819675571364	0.06013204782989018	0.011237447661689756	0.004663460299462158	0.02349328372730039	0.015168616847901939	0.01624306478482951	0.011480797845450308	0.03418046681726314	0.008508848779070849	0.023107415315995347	0.021001551864568743	0.018551641071324218	0.015552072735785821	0.03542734536900592	0.053501880453618464	0.02891073393593689	0.019871995312101487	0.018816819591543216	0.045286090621445174	0.008011162984879028	0.02605896220155944	0.020317918015904768	0.0058110748600901235	0.015615055529005994	0.055705320517351095	0.02509237621362491	0.036468283452409045	0.004421050080859232	0.00959884819824218	0.037553303644113675	4.1723188599987975E-4	0.005865045573640196	0.01882737406428005	0.028121998352911334	0.006121266255645293	0.48438749018191246	1.2444035167879421	1.0111363203984765	2.9245912437165433	3.1656307913090553	3.414570577187532	1.4928921340053238	0.01882737406428005	0.01882737406428005	0.01882737406428005	0	0.01882737406428005	0.01882737406428005	0	0.01882737406428005	0.01882737406428005	0	0.01882737406428005	0.01882737406428005	-355.4939366003446	-97.27621759071027
218	-452.5794019153777	-792.372507876239	-452.5794019153777	-339.7931059608613	11.224878609124312	0.05831825563607529	0.011107273756958747	0.03444541772845183	0.0932086730782869	0.02364050084992586	0.008827116733983897	0.049954310220886006	0.06013204782989018	0.011237447661689756	0.004663460299462158	0.02349328372730039	0.015168616847901939	0.017967337144203177	0.011480797845450308	0.01663466572305014	0.008508848779070849	0.023107415315995347	0.03682308059940807	0.018551641071324218	0.015552072735785821	0.03542734536900592	0.053501880453618464	0.02891073393593689	0.019871995312101487	0.018816819591543216	0.045286090621445174	0.02652480571763771	0.02605896220155944	0.012513790116354562	0.0058110748600901235	0.015615055529005994	0.055705320517351095	0.02509237621362491	0.036468283452409045	0.004421050080859232	0.00959884819824218	0.037553303644113675	2.816635944076887E-4	0.00827968722616438	0.02091592042912269	0.024783233304113115	0.006077195703107461	0.371824986471891	1.3585088608095401	1.0224622064986575	2.7798933981360623	3.0066747647312226	3.2285345001113814	1.2518112112206854	0.02091592042912269	0.02091592042912269	0.02091592042912269	0	0.02091592042912269	0.02091592042912269	0	0.02091592042912269	0.02091592042912269	0	0.02091592042912269	0.02091592042912269	-356.07692392181167	-96.502477993566
219	-451.55672861159564	-813.2179967273978	-451.55672861159564	-361.6612681158022	13.942631245814637	0.037303445399025636	0.011107273756958747	0.03444541772845183	0.0932086730782869	0.02364050084992586	0.008827116733983897	0.049954310220886006	0.06013204782989018	0.011237447661689756	0.011145712381405354	0.02349328372730039	0.015168616847901939	0.017967337144203177	0.011480797845450308	0.025938715133312112	0.037425140534893625	0.023107415315995347	0.007906788843585297	0.018551641071324218	0.015552072735785821	0.04559172063327098	0.039986426482673684	0.02891073393593689	0.019871995312101487	0.018816819591543216	0.045286090621445174	0.02652480571763771	0.02605896220155944	0.012513790116354562	0.024555037575879388	0.015615055529005994	0.055705320517351095	0.02509237621362491	0.026303908188143987	0.004421050080859232	0.00959884819824218	0.037553303644113675	2.44493499358117E-4	0.008772104284516916	0.03420800883728292	0.01855149605441827	0.004945900658576932	0.2491520818159244	1.9182703668709458	0.8408922305166102	2.3833262077770203	4.2136665756182845	3.8466618104859105	1.151927953272873	0.03420800883728292	0.03420800883728292	0.03420800883728292	0	0.03420800883728292	0.03420800883728292	0	0.03420800883728292	0.03420800883728292	0	0.03420800883728292	0.03420800883728292	-356.94357440752015	-94.61315420407547
220	-450.472505256342	-818.1360505584203	-450.472505256342	-367.66354530207826	13.594117421944162	0.03251283351637824	0.011107273756958747	0.03444541772845183	0.0932086730782869	0.02364050084992586	0.008827116733983897	0.049954310220886006	0.06013204782989018	0.011237447661689756	0.011145712381405354	0.021013641295016677	0.015168616847901939	0.017967337144203177	0.011480797845450308	0.01974713404317016	0.037425140534893625	0.023107415315995347	0.007906788843585297	0.018551641071324218	0.015552072735785821	0.01931980626172934	0.06513854180840416	0.03510231502607884	0.046143909683643125	0.018816819591543216	0.01637834468165822	0.02652480571763771	0.02605896220155944	0.014993432548638275	0.024555037575879388	0.015615055529005994	0.055705320517351095	0.02509237621362491	0.026303908188143987	0.009211661963506632	0.00959884819824218	0.04130893425817016	4.028486671888994E-4	0.007089495756943722	0.032620257463772645	0.02296698937747611	0.005993137502632719	0.22413687798395443	2.537618741747283	1.2319399778593718	2.3531453401158586	4.1912281335481465	4.674105784575427	1.6706196098266697	0.032620257463772645	0.032620257463772645	0.032620257463772645	0	0.032620257463772645	0.032620257463772645	0	0.032620257463772645	0.032620257463772645	0	0.032620257463772645	0.032620257463772645	-353.5170046545846	-96.95550060175742
221	-450.406527558641	-816.6424233703353	-450.406527558641	-366.23589581169426	14.665296848993506	0.03251283351637824	0.011107273756958747	0.03444541772845183	0.0932086730782869	0.02364050084992586	0.008827116733983897	0.049954310220886006	0.017310425316704292	0.011237447661689756	0.011145712381405354	0.06383526380820256	0.015168616847901939	0.017967337144203177	0.011480797845450308	0.01974713404317016	0.03151852171587885	0.029014034135010122	0.007906788843585297	0.018551641071324218	0.015552072735785821	0.01931980626172934	0.06513854180840416	0.03510231502607884	0.046143909683643125	0.018816819591543216	0.01637834468165822	0.02652480571763771	0.02605896220155944	0.014993432548638275	0.024555037575879388	0.015615055529005994	0.055705320517351095	0.02509237621362491	0.026303908188143987	0.009211661963506632	0.00959884819824218	0.04130893425817016	8.081832712491915E-5	0.007892323256766753	0.0509186955138136	0.034425425998169494	0.006280863374164175	0.34758141143461496	1.6074751923983337	1.5040682936753493	3.2799703098872586	3.419415771637985	5.692448521420779	1.1146340350196111	0.0509186955138136	0.0509186955138136	0.0509186955138136	0	0.0509186955138136	0.0509186955138136	0	0.0509186955138136	0.0509186955138136	0	0.0509186955138136	0.0509186955138136	-356.16113230118196	-94.24539525745904
222	-449.5712945550474	-818.831344846075	-449.5712945550474	-369.2600502910276	17.034109487610788	0.03251283351637824	0.011107273756958747	0.03444541772845183	0.0932086730782869	0.02364050084992586	0.02604775179349733	0.049954310220886006	0.017310425316704292	0.011237447661689756	0.011145712381405354	0.04661462874868913	0.015168616847901939	0.017967337144203177	0.011480797845450308	0.01974713404317016	0.03151852171587885	0.029014034135010122	0.007906788843585297	0.03901382068267599	0.015552072735785821	0.01931980626172934	0.06513854180840416	0.03510231502607884	0.046143909683643125	0.018816819591543216	0.01637834468165822	0.02652480571763771	0.005596782590207669	0.014993432548638275	0.024555037575879388	0.015615055529005994	0.055705320517351095	0.02509237621362491	0.026303908188143987	0.009211661963506632	0.00959884819824218	0.04130893425817016	3.736475503035388E-4	0.007185251354195154	0.056967979447458565	0.020793053676245076	0.004629146414876459	0.35905451503266184	1.5916663008818992	1.7461991711779534	3.5786917662574416	3.4961248753981202	4.261163185375094	1.290722927414482	0.056967979447458565	0.056967979447458565	0.056967979447458565	0	0.056967979447458565	0.056967979447458565	0	0.056967979447458565	0.056967979447458565	0	0.056967979447458565	0.056967979447458565	-354.71444479241745	-94.85684976262996
223	-449.1485371691656	-796.2918756729375	-449.1485371691656	-347.143338503772	13.79985525778065	0.05835734465961695	0.011107273756958747	0.02578523337164146	0.06736416193504818	0.02364050084992586	0.013374447522786104	0.049954310220886006	0.017310425316704292	0.011237447661689756	0.011145712381405354	0.04661462874868913	0.015168616847901939	0.017967337144203177	0.011480797845450308	0.01974713404317016	0.037963129359133124	0.0093711727073673	0.007906788843585297	0.03901382068267599	0.015552072735785821	0.01931980626172934	0.05869393416514988	0.03510231502607884	0.046143909683643125	0.018816819591543216	0.01637834468165822	0.02652480571763771	0.014256966947018043	0.014993432548638275	0.024555037575879388	0.015615055529005994	0.055705320517351095	0.02509237621362491	0.026303908188143987	0.04152782766186068	0.00959884819824218	0.04130893425817016	2.3781828896323557E-4	0.0071294298838768255	0.03235940362268826	0.019599719071216114	0.0035036230427390536	0.3793317148423084	1.5028369244863806	1.123103120140893	2.91649851702927	2.8214965246566517	3.8703052181176445	1.232214922529277	0.03235940362268826	0.03235940362268826	0.03235940362268826	0	0.03235940362268826	0.03235940362268826	0	0.03235940362268826	0.03235940362268826	0	0.03235940362268826	0.03235940362268826	-352.48543411540015	-96.66310305376541
224	-448.58243863041093	-804.1277664068814	-448.58243863041093	-355.5453277764705	12.38155443167749	0.05835734465961695	0.011107273756958747	0.02578523337164146	0.05494964950662112	0.046739241837138956	0.013374447522786104	0.02685556923367291	0.017310425316704292	0.013140933713862477	0.011145712381405354	0.04661462874868913	0.015168616847901939	0.030381849572630237	0.03784546783518594	0.01974713404317016	0.030549059473325507	0.009413163265229771	0.007906788843585297	0.03901382068267599	0.015552072735785821	0.01931980626172934	0.05869393416514988	0.03510231502607884	0.027193309579715108	0.018816819591543216	0.01637834468165822	0.02652480571763771	0.014256966947018043	0.014993432548638275	0.024555037575879388	0.015615055529005994	0.055705320517351095	0.02509237621362491	0.026303908188143987	0.04152782766186068	0.00959884819824218	0.03936345764813497	8.083491145114014E-5	0.005520282294978751	0.028146662765280477	0.019367546665190014	0.0032903030376065425	0.2798311193941552	1.8966431799516528	1.1050059920044848	2.4438097378352928	3.4795382708598686	3.0244320132828713	1.6232652431474686	0.028146662765280477	0.028146662765280477	0.028146662765280477	0	0.028146662765280477	0.028146662765280477	0	0.028146662765280477	0.028146662765280477	0	0.028146662765280477	0.028146662765280477	-352.97232000447946	-95.61011862593149
225	-448.4688982715101	-795.722655446039	-448.4688982715101	-347.2537571745288	12.373560318717436	0.06318533590358921	0.011107273756958747	0.02578523337164146	0.05494964950662112	0.04299262870524778	0.013374447522786104	0.022837373204075057	0.017310425316704292	0.01715912974346033	0.011145712381405354	0.04661462874868913	0.015168616847901939	0.030381849572630237	0.03784546783518594	0.01974713404317016	0.025721068229353244	0.009413163265229771	0.007906788843585297	0.03901382068267599	0.015552072735785821	0.01931980626172934	0.05869393416514988	0.03510231502607884	0.027193309579715108	0.018816819591543216	0.015537636855860737	0.02652480571763771	0.014256966947018043	0.014993432548638275	0.024555037575879388	0.015615055529005994	0.055705320517351095	0.02509237621362491	0.026303908188143987	0.045274440793751855	0.010439556024039662	0.03936345764813497	6.341089410435246E-4	0.0069201252533112835	0.03311193983367176	0.0322053272207832	0.003752764224715761	0.29013635502463453	1.7733013015445365	1.0432355102988276	3.442647886563038	3.6285693217246204	3.1407830945898634	1.3422544188544854	0.03311193983367176	0.03311193983367176	0.03311193983367176	0	0.03311193983367176	0.03311193983367176	0	0.03311193983367176	0.03311193983367176	0	0.03311193983367176	0.03311193983367176	-346.3123191023003	-102.15657916920979
226	-447.6641191122315	-797.1047136667056	-447.6641191122315	-349.4405945544741	12.503761984732497	0.06318533590358921	0.011107273756958747	0.02578523337164146	0.05494964950662112	0.04678882076911428	0.013374447522786104	0.022837373204075057	0.017310425316704292	0.02669345850605563	0.011145712381405354	0.04661462874868913	0.015168616847901939	0.010347625241921898	0.03784546783518594	0.03928494158069515	0.025721068229353244	0.005616971201363272	0.007906788843585297	0.03901382068267599	0.015552072735785821	0.02983341284055195	0.07872815849585822	0.03510231502607884	0.027193309579715108	0.018816819591543216	0.015537636855860737	0.02652480571763771	0.014256966947018043	0.014993432548638275	0.024555037575879388	0.015615055529005994	0.045191713938528486	0.02509237621362491	0.026303908188143987	0.025736633256226868	0.010439556024039662	0.029829128885539666	1.0151925684553563E-4	0.008031241864811729	0.03156547018138412	0.04207668964155579	0.0035267963020446033	0.20801766000816466	1.3656096398025424	0.8089464331027819	2.887899820050621	4.244364878690632	2.546592841858232	0.6736204199687945	0.03156547018138412	0.03156547018138412	0.03156547018138412	0	0.03156547018138412	0.03156547018138412	0	0.03156547018138412	0.03156547018138412	0	0.03156547018138412	0.03156547018138412	-350.2627126514774	-97.40140646075412
227	-447.6526075617504	-795.7922837499268	-447.6526075617504	-348.1396761881764	11.413489879068566	0.06318533590358921	0.0028175312555217547	0.03407497587307845	0.05494964950662112	0.04678882076911428	0.013374447522786104	0.022837373204075057	0.017310425316704292	0.02669345850605563	0.011145712381405354	0.04661462874868913	0.015168616847901939	0.010347625241921898	0.03784546783518594	0.03928494158069515	0.025721068229353244	0.005616971201363272	0.016295667803924427	0.03901382068267599	0.015552072735785821	0.02983341284055195	0.07872815849585822	0.03510231502607884	0.02040978168208729	0.018816819591543216	0.015537636855860737	0.02652480571763771	0.014256966947018043	0.03461417104325737	0.031338565473507204	0.015615055529005994	0.02557097544390939	0.02509237621362491	0.017915029227804857	0.025736633256226868	0.010439556024039662	0.029829128885539666	1.0046893356260237E-4	0.007684522026967354	0.020090704706798707	0.043987556443894134	0.0029040388737549753	0.23034857822385074	1.5876233793911312	1.1544627473504134	3.4601413282834073	2.7101136024033816	3.105929372484035	0.9369546266128451	0.020090704706798707	0.020090704706798707	0.020090704706798707	0	0.020090704706798707	0.020090704706798707	0	0.020090704706798707	0.020090704706798707	0	0.020090704706798707	0.020090704706798707	-350.78953091851145	-96.86307664323898
228	-446.97595662583046	-787.7669495100334	-446.97595662583046	-340.790992884203	11.604598276980925	0.06318533590358921	0.0028175312555217547	0.029531864234351446	0.06533666464174487	0.04678882076911428	0.013374447522786104	0.012450358068951312	0.017310425316704292	0.02669345850605563	0.011145712381405354	0.04661462874868913	0.015168616847901939	0.010347625241921898	0.03784546783518594	0.03928494158069515	0.017562426617985544	0.005616971201363272	0.024454309415292128	0.03901382068267599	0.015552072735785821	0.02983341284055195	0.07872815849585822	0.03510231502607884	0.024952893320814296	0.018816819591543216	0.015537636855860737	0.02652480571763771	0.014256966947018043	0.03461417104325737	0.031338565473507204	0.015615055529005994	0.02557097544390939	0.02509237621362491	0.017915029227804857	0.025736633256226868	0.010439556024039662	0.029829128885539666	2.1085284344960148E-4	0.008429380642079657	0.02065696757550969	0.06318108248704855	0.0027673209122658837	0.2883198672689044	1.2066044240971388	1.2261139746490584	2.5068271956799184	2.115500058390164	2.7435509329872336	0.7199650387491208	0.02065696757550969	0.02065696757550969	0.02065696757550969	0	0.02065696757550969	0.02065696757550969	0	0.02065696757550969	0.02065696757550969	0	0.02065696757550969	0.02065696757550969	-352.3127540297836	-94.66320259604689
229	-444.47204047954335	-782.6526145879825	-444.47204047954335	-338.1805741084392	11.464230154050483	0.06318533590358921	0.0028175312555217547	0.029531864234351446	0.06533666464174487	0.04678882076911428	0.013374447522786104	0.012450358068951312	0.017310425316704292	0.02669345850605563	0.011145712381405354	0.04661462874868913	0.015168616847901939	0.07114272435150382	0.03784546783518594	0.03928494158069515	0.017562426617985544	0.005616971201363272	0.024454309415292128	0.03901382068267599	0.015552072735785821	0.02983341284055195	0.017933059386276304	0.03510231502607884	0.024952893320814296	0.018816819591543216	0.015537636855860737	0.02652480571763771	0.014256966947018043	0.03461417104325737	0.031338565473507204	0.015615055529005994	0.02557097544390939	0.02509237621362491	0.017915029227804857	0.025736633256226868	0.010439556024039662	0.029829128885539666	4.420736543475896E-4	0.006195497234868571	0.018329849723811117	0.04133994898386361	0.0025325119098715673	0.3802332307740879	1.03291287221332	2.025323645877106	1.8887034732500667	1.5188028451403408	5.949875437558563	1.3950021289952332	0.018329849723811117	0.018329849723811117	0.018329849723811117	0	0.018329849723811117	0.018329849723811117	0	0.018329849723811117	0.018329849723811117	0	0.018329849723811117	0.018329849723811117	-350.6016769049573	-93.8703635745861
230	-444.1796095616385	-788.4825359838155	-444.1796095616385	-344.3029264221771	9.014920764561431	0.06318533590358921	0.0028175312555217547	0.029531864234351446	0.06533666464174487	0.04678882076911428	0.013374447522786104	0.020402908408414383	0.0383688973983482	0.02669345850605563	0.011145712381405354	0.02438091019214969	0.015168616847901939	0.08561626560730773	0.024976361664270752	0.03928494158069515	0.017562426617985544	0.005616971201363272	0.024454309415292128	0.03901382068267599	0.015552072735785821	0.02983341284055195	0.017933059386276304	0.05733603358261828	0.024952893320814296	0.018816819591543216	0.028406743026775927	0.02652480571763771	0.014256966947018043	0.005603148622150389	0.031338565473507204	0.015615055529005994	0.011097434188105479	0.02509237621362491	0.017915029227804857	0.025736633256226868	0.010439556024039662	0.029829128885539666	2.9175734659163584E-4	0.007108306112954543	0.02269011417988175	0.042590744143624314	0.0027255257636195516	0.2587804542141567	0.8347240019968682	3.4290354463273287	2.0427694289458067	1.3212664099043006	3.0715580962924243	1.5564232469117945	0.02269011417988175	0.02269011417988175	0.02269011417988175	0	0.02269011417988175	0.02269011417988175	0	0.02269011417988175	0.02269011417988175	0	0.02269011417988175	0.02269011417988175	-344.6941560963779	-99.48545346526058
231	-444.1231524427145	-782.2762042799468	-444.1231524427145	-338.1530518372323	9.339081534238932	0.051292427133737606	0.041554042360105625	0.014666757687798182	0.026600153537160998	0.04678882076911428	0.013374447522786104	0.020402908408414383	0.0383688973983482	0.02669345850605563	0.011145712381405354	0.02438091019214969	0.015168616847901939	0.011890073809603274	0.03686927043412236	0.02079601952750329	0.017562426617985544	0.059505496622091134	0.024454309415292128	0.03901382068267599	0.015552072735785821	0.049671079217528544	0.017933059386276304	0.047441456665293744	0.024952893320814296	0.03452226028910452	0.028406743026775927	0.02652480571763771	0.014256966947018043	0.005603148622150389	0.015633124775945903	0.015615055529005994	0.011097434188105479	0.02509237621362491	0.036403951280996716	0.025736633256226868	0.04402444958078065	0.021003918792676476	1.9962243483416655E-4	0.006917580382590768	0.024249253431549364	0.02562805365493473	0.0018331637638984372	0.29087492416982913	1.0926241922727697	2.5472113495225357	1.903243047400819	1.5989321812806456	3.9098602107067606	1.4373744017340158	0.024249253431549364	0.024249253431549364	0.024249253431549364	0	0.024249253431549364	0.024249253431549364	0	0.024249253431549364	0.024249253431549364	0	0.024249253431549364	0.024249253431549364	-346.5773221269063	-97.54583031580819
232	-443.60313598530405	-795.2951341919872	-443.60313598530405	-351.6919982066832	8.953375602819163	0.051292427133737606	0.04152234888554618	0.014666757687798182	0.026600153537160998	0.05047624592919853	0.01340614099734555	0.011302289478378497	0.04746951632838409	0.026022519977262334	0.011145712381405354	0.02438091019214969	0.015168616847901939	0.011890073809603274	0.03686927043412236	0.02079601952750329	0.017562426617985544	0.059505496622091134	0.03158907076367155	0.031879059334296564	0.015552072735785821	0.049671079217528544	0.0186039979150696	0.047441456665293744	0.02126546816073005	0.03452226028910452	0.028406743026775927	0.02652480571763771	0.014256966947018043	0.005603148622150389	0.015633124775945903	0.015615055529005994	0.011097434188105479	0.02509237621362491	0.036403951280996716	0.025736633256226868	0.04402444958078065	0.021003918792676476	2.707123822707987E-4	0.007518725410070302	0.045991535511914525	0.026319686506475374	0.003275583343831009	0.2601879763651839	1.2998295086130194	3.2943365073120474	1.4860889925055378	2.0772167546594535	4.006327926317574	1.029238334677618	0.045991535511914525	0.045991535511914525	0.045991535511914525	0	0.045991535511914525	0.045991535511914525	0	0.045991535511914525	0.045991535511914525	0	0.045991535511914525	0.045991535511914525	-346.3142766461182	-97.28885933918589
233	-441.9534058262892	-788.7371615587974	-441.9534058262892	-346.78375573250827	9.667143254769712	0.051292427133737606	0.04152234888554618	0.014666757687798182	0.0358285580237519	0.024239554413523212	0.015184770819833993	0.011302289478378497	0.02759053177185683	0.02982416084094229	0.011145712381405354	0.015152505705558789	0.019300933525080444	0.011890073809603274	0.03686927043412236	0.02079601952750329	0.017562426617985544	0.03874385103691978	0.07680877804202978	0.031879059334296564	0.015552072735785821	0.049671079217528544	0.0186039979150696	0.047441456665293744	0.02126546816073005	0.03452226028910452	0.024274426349597422	0.04640379027416497	0.014256966947018043	0.005603148622150389	0.011831483912265947	0.015615055529005994	0.011097434188105479	0.02509237621362491	0.036403951280996716	0.025736633256226868	0.04402444958078065	0.021003918792676476	4.6165610190077846E-4	0.006411529844649875	0.055289354829702264	0.026338166477730775	0.0025093912801813414	0.18745761559487106	1.125612375159791	2.347161456430559	1.5161453957558888	1.1668256311342298	4.5326315003629265	0.9844060003563712	0.055289354829702264	0.055289354829702264	0.055289354829702264	0	0.055289354829702264	0.055289354829702264	0	0.055289354829702264	0.055289354829702264	0	0.055289354829702264	0.055289354829702264	-343.01293857980886	-98.94046724648032
234	-441.1138460323888	-795.0604543732641	-441.1138460323888	-353.94660834087534	10.985312304329542	0.051292427133737606	0.005081226909518954	0.014666757687798182	0.07226967999977912	0.024239554413523212	0.015184770819833993	0.011302289478378497	0.02759053177185683	0.02982416084094229	0.011145712381405354	0.015152505705558789	0.019300933525080444	0.011890073809603274	0.03686927043412236	0.02079601952750329	0.017562426617985544	0.03874385103691978	0.07680877804202978	0.031879059334296564	0.00956956375109616	0.049671079217528544	0.0186039979150696	0.047441456665293744	0.02126546816073005	0.03452226028910452	0.024274426349597422	0.04640379027416497	0.014256966947018043	0.005603148622150389	0.011831483912265947	0.015615055529005994	0.011097434188105479	0.02509237621362491	0.042386460265686376	0.025736633256226868	0.04402444958078065	0.021003918792676476	4.876591745482907E-4	0.007858315227008065	0.0374473219649954	0.02878361933840882	0.0026302555546973408	0.08585841959814143	1.2116731517282266	2.5020890769225805	1.6274290118767032	1.0684733840040714	4.009615534476354	1.0715960562244307	0.0374473219649954	0.0374473219649954	0.0374473219649954	0	0.0374473219649954	0.0374473219649954	0	0.0374473219649954	0.0374473219649954	0	0.0374473219649954	0.0374473219649954	-348.1920463579828	-92.92179967440597
235	-437.6523960873739	-798.4864112674851	-437.6523960873739	-360.8340151801112	10.635496314053798	0.051292427133737606	0.005081226909518954	0.014666757687798182	0.07226967999977912	0.041813985368072015	0.015184770819833993	0.011302289478378497	0.02759053177185683	0.02982416084094229	0.011145712381405354	0.015152505705558789	0.019300933525080444	0.011890073809603274	0.03686927043412236	0.02079601952750329	0.017562426617985544	0.03874385103691978	0.08462756865548703	0.019904311189162124	0.0215443118962306	0.049671079217528544	0.0186039979150696	0.047441456665293744	0.02126546816073005	0.03452226028910452	0.024274426349597422	0.047459605799296534	0.014256966947018043	0.005603148622150389	0.011831483912265947	0.015615055529005994	0.011097434188105479	0.02509237621362491	0.024812029311137573	0.016862027117638054	0.04402444958078065	0.021003918792676476	4.0708375928331095E-4	0.006727358080943923	0.04760191221839405	0.04389902549437275	0.0032765633875352063	0.09245539250429252	1.6947404979514877	3.0823111925729156	1.1048562198365244	1.1345801185046074	7.033434184312823	0.8156935361734198	0.04760191221839405	0.04760191221839405	0.04760191221839405	0	0.04760191221839405	0.04760191221839405	0	0.04760191221839405	0.04760191221839405	0	0.04760191221839405	0.04760191221839405	-344.76199222999423	-92.8904038573797
236	-437.5905995598597	-809.203830017148	-437.5905995598597	-371.6132304572883	12.240091877054118	0.051292427133737606	0.005081226909518954	0.018557882099490886	0.07226967999977912	0.041813985368072015	0.015184770819833993	0.024961847189791747	0.02759053177185683	0.02982416084094229	0.017099309874638008	0.030456743081781784	0.019300933525080444	0.014319545384156362	0.03686927043412236	0.02079601952750329	0.07195960158896039	0.03874385103691978	0.020079237400912317	0.019904311189162124	0.0215443118962306	0.05143916643334266	0.00494444020365635	0.047441456665293744	0.02126546816073005	0.03452226028910452	0.024274426349597422	0.047459605799296534	0.014256966947018043	0.005603148622150389	0.011831483912265947	0.015615055529005994	0.011097434188105479	0.021201251801932205	0.009507791934914578	0.016862027117638054	0.04402444958078065	0.021003918792676476	7.081234104930209E-4	0.006260786138543499	0.042836671224328104	0.050008800044649575	0.002850654322307118	0.08171165639615474	1.7848383642014025	4.157664607948817	0.9208241509056284	1.1224317406898487	7.263753418447666	0.848030871661077	0.042836671224328104	0.042836671224328104	0.042836671224328104	0	0.042836671224328104	0.042836671224328104	0	0.042836671224328104	0.042836671224328104	0	0.042836671224328104	0.042836671224328104	-345.9116660266269	-91.67893353323282
237	-437.5232684416361	-804.0833924114886	-437.5232684416361	-366.56012396985244	13.123680943810388	0.051292427133737606	0.005081226909518954	0.018557882099490886	0.06551467767408198	0.041813985368072015	0.015184770819833993	0.024961847189791747	0.02759053177185683	0.02982416084094229	0.017099309874638008	0.030456743081781784	0.023620531985020676	0.014319545384156362	0.032549671974182126	0.027551021853200436	0.07195960158896039	0.03874385103691978	0.020079237400912317	0.019904311189162124	0.0215443118962306	0.05143916643334266	0.00494444020365635	0.047441456665293744	0.02126546816073005	0.03452226028910452	0.024274426349597422	0.047459605799296534	0.014256966947018043	0.005603148622150389	0.011831483912265947	0.015615055529005994	0.011097434188105479	0.021201251801932205	0.009507791934914578	0.016862027117638054	0.04402444958078065	0.021003918792676476	7.116733426128351E-4	0.006789607273142476	0.027568709252358728	0.054165387383213005	0.002720929189182802	0.11252377618287676	1.5857730540728558	2.9478033857226924	0.4635293145024366	0.9312874122475822	3.3321879010225772	0.8041030324274273	0.027568709252358728	0.027568709252358728	0.027568709252358728	0	0.027568709252358728	0.027568709252358728	0	0.027568709252358728	0.027568709252358728	0	0.027568709252358728	0.027568709252358728	-343.5998955701014	-93.9233728715347
238	-436.87553092148903	-797.4626277937164	-436.87553092148903	-360.5870968722273	11.490688826032924	0.07165027846941907	0.005081226909518954	0.018557882099490886	0.06551467767408198	0.047379733462825535	0.015184770819833993	0.024961847189791747	0.007232680436175365	0.02982416084094229	0.017099309874638008	0.030456743081781784	0.023620531985020676	0.014319545384156362	0.032549671974182126	0.027551021853200436	0.07199794071949658	0.03317810294216626	0.020079237400912317	0.019904311189162124	0.0215443118962306	0.05143916643334266	0.004906101073120159	0.047441456665293744	0.02126546816073005	0.03452226028910452	0.024274426349597422	0.047459605799296534	0.014256966947018043	0.01959531890482402	0.011831483912265947	0.015615055529005994	0.011097434188105479	0.021201251801932205	0.009507791934914578	0.016862027117638054	0.04402444958078065	0.007011748510002844	5.63206519881131E-4	0.007477062453924047	0.029469006659645094	0.04189182450780408	0.0032651123593431643	0.07581810779989302	1.4587199877251915	2.34315180807023	0.48631874232554756	0.9842055187073676	6.089615351825728	0.9350208197622857	0.029469006659645094	0.029469006659645094	0.029469006659645094	0	0.029469006659645094	0.029469006659645094	0	0.029469006659645094	0.029469006659645094	0	0.029469006659645094	0.029469006659645094	-346.01791469235343	-90.85761622913559
239	-436.1226513887306	-801.9819171320096	-436.1226513887306	-365.8592657432789	10.822574459369559	0.07165027846941907	0.005081226909518954	0.018557882099490886	0.06551467767408198	0.047379733462825535	0.015184770819833993	0.024961847189791747	0.007232680436175365	0.02982416084094229	0.017099309874638008	0.030456743081781784	0.023620531985020676	0.008860659922802827	0.032549671974182126	0.027551021853200436	0.07199794071949658	0.029478638267311993	0.023778702075766586	0.019904311189162124	0.025290457088569	0.05143916643334266	0.004906101073120159	0.047441456665293744	0.02126546816073005	0.03452226028910452	0.02052828115725902	0.047459605799296534	0.014256966947018043	0.01959531890482402	0.017290369373619482	0.015615055529005994	0.011097434188105479	0.036359883979755966	0.009507791934914578	0.016862027117638054	0.028865817402956892	0.007011748510002844	7.11790378003124E-4	0.007731643194051886	0.031634166084362994	0.03005792880358301	0.004634498588454224	0.07098163247493824	1.6424003306998693	3.0372747365645125	0.5175158092764485	1.3573164158491766	5.435440230838697	1.1584319693780964	0.031634166084362994	0.031634166084362994	0.031634166084362994	0	0.031634166084362994	0.031634166084362994	0	0.031634166084362994	0.031634166084362994	0	0.031634166084362994	0.031634166084362994	-346.52188931466384	-89.6007620740668
240	-436.1171350692018	-798.8632298573624	-436.1171350692018	-362.7460947881606	12.719408296704083	0.031150346352930458	0.005081226909518954	0.018557882099490886	0.056733203015830014	0.06329432644029154	0.015184770819833993	0.024961847189791747	0.007232680436175365	0.020889440931452494	0.03769200047971219	0.030456743081781784	0.023620531985020676	0.008860659922802827	0.032549671974182126	0.027551021853200436	0.07199794071949658	0.013564045289845991	0.023778702075766586	0.019904311189162124	0.025290457088569	0.05143916643334266	0.004906101073120159	0.08506489274444994	0.02126546816073005	0.03452226028910452	0.02052828115725902	0.047459605799296534	0.014256966947018043	0.01959531890482402	0.017290369373619482	0.015615055529005994	0.011097434188105479	0.036359883979755966	0.009507791934914578	0.016862027117638054	0.028865817402956892	0.007011748510002844	6.653781064309274E-4	0.006297951912149454	0.02969362601399473	0.027731170092156462	0.0035111418795003824	0.07873331537492428	1.859085827861416	3.072043189447618	0.5771821202252944	2.0721969345594844	4.924637244850732	0.923301713142997	0.02969362601399473	0.02969362601399473	0.02969362601399473	0	0.02969362601399473	0.02969362601399473	0	0.02969362601399473	0.02969362601399473	0	0.02969362601399473	0.02969362601399473	-347.1420844155304	-88.97505065367139
241	-434.6197289477741	-797.7336271646186	-434.6197289477741	-363.11389821684446	11.341124873105574	0.031150346352930458	0.005081226909518954	0.018557882099490886	0.056733203015830014	0.0341965907452898	0.04825853913875483	0.024961847189791747	0.007232680436175365	0.020889440931452494	0.06678973617471393	0.030456743081781784	0.023620531985020676	0.008860659922802827	0.032549671974182126	0.027551021853200436	0.05630670116175804	0.013564045289845991	0.023778702075766586	0.019904311189162124	0.025290457088569	0.05143916643334266	0.004906101073120159	0.0519911244255291	0.02126546816073005	0.03452226028910452	0.02052828115725902	0.03185853880929235	0.014256966947018043	0.01959531890482402	0.017290369373619482	0.015615055529005994	0.011097434188105479	0.036359883979755966	0.009507791934914578	0.016862027117638054	0.04455705696069544	0.02261281550000703	4.704983297882097E-4	0.00625585089268533	0.03648447556505932	0.027418135615823635	0.0043532268289866345	0.05132919049834488	1.5050770373207554	2.041552790474737	0.662519503348788	1.7802735013006399	4.661714969075804	1.1341531312377278	0.03648447556505932	0.03648447556505932	0.03648447556505932	0	0.03648447556505932	0.03648447556505932	0	0.03648447556505932	0.03648447556505932	0	0.03648447556505932	0.03648447556505932	-343.1939528913217	-91.42577605645235
242	-433.9634210109627	-812.1225695490537	-433.9634210109627	-378.1591485380909	13.643409810379502	0.031150346352930458	0.005081226909518954	0.022441096546761685	0.056733203015830014	0.0341965907452898	0.04825853913875483	0.024961847189791747	0.007232680436175365	0.020889440931452494	0.06468267046690432	0.030456743081781784	0.023620531985020676	0.008860659922802827	0.034656737681991734	0.027551021853200436	0.05630670116175804	0.013564045289845991	0.023778702075766586	0.019904311189162124	0.05425403759750455	0.022475585924407113	0.004906101073120159	0.0519911244255291	0.01738225371345925	0.03452226028910452	0.02052828115725902	0.03185853880929235	0.014256966947018043	0.01959531890482402	0.017290369373619482	0.015615055529005994	0.011097434188105479	0.036359883979755966	0.009507791934914578	0.016862027117638054	0.04455705696069544	0.02261281550000703	1.2240116125314306E-4	0.005924651565452085	0.03024890251788787	0.021523045417987045	0.004113315876482837	0.06563197365883393	1.8317447987175317	2.2591529324172104	0.6589096507183516	2.036425965113745	4.245325334158267	1.165013933838237	0.03024890251788787	0.03024890251788787	0.03024890251788787	0	0.03024890251788787	0.03024890251788787	0	0.03024890251788787	0.03024890251788787	0	0.03024890251788787	0.03024890251788787	-343.11341909654163	-90.85000191442104
243	-433.78817473007365	-801.9769500604481	-433.78817473007365	-368.1887753303744	12.98184549793729	0.014239131888878376	0.005081226909518954	0.022441096546761685	0.056733203015830014	0.0341965907452898	0.021992346226866466	0.024961847189791747	0.007232680436175365	0.020889440931452494	0.06468267046690432	0.030456743081781784	0.023620531985020676	0.03237357139791586	0.03741001911876707	0.027551021853200436	0.05630670116175804	0.013564045289845991	0.023778702075766586	0.019904311189162124	0.05425403759750455	0.022475585924407113	0.004906101073120159	0.0519911244255291	0.01738225371345925	0.03452226028910452	0.02052828115725902	0.03185853880929235	0.014256966947018043	0.036506533368876104	0.017290369373619482	0.015615055529005994	0.011097434188105479	0.036359883979755966	0.009507791934914578	0.016862027117638054	0.04455705696069544	0.02261281550000703	4.2506286532543536E-4	0.006620177804575147	0.023088634721863937	0.022390721186105748	0.0041396614442502306	0.04731253925780408	1.8937992240185606	2.5019309067840885	0.7198182845783098	1.5822662533524257	6.268653353018536	1.3756318938327354	0.023088634721863937	0.023088634721863937	0.023088634721863937	0	0.023088634721863937	0.023088634721863937	0	0.023088634721863937	0.023088634721863937	0	0.023088634721863937	0.023088634721863937	-342.7416865026671	-91.04648822740654
244	-433.7125154194867	-790.4187812334733	-433.7125154194867	-356.70626581398653	12.98184549793729	0.03995736110314507	0.005081226909518954	0.022441096546761685	0.06307319013871276	0.0341965907452898	0.01904083734993084	0.027913356066727374	0.007232680436175365	0.020889440931452494	0.06468267046690432	0.026342138744095828	0.023620531985020676	0.03237357139791586	0.03741001911876707	0.027551021853200436	0.05630670116175804	0.013564045289845991	0.023778702075766586	0.02401891552684808	0.028535808383237854	0.022475585924407113	0.004906101073120159	0.0519911244255291	0.01738225371345925	0.03452226028910452	0.02052828115725902	0.03185853880929235	0.014256966947018043	0.036506533368876104	0.017290369373619482	0.009275068406123244	0.011097434188105479	0.036359883979755966	0.009507791934914578	0.016862027117638054	0.04455705696069544	0.02261281550000703	2.3171163927075884E-4	0.006444201867272098	0.03530761030971087	0.02339744068545009	0.0055332105576651825	0.03829865687295221	2.194189088127994	3.5558007403713066	0.48150506329475284	1.8300836042213018	4.459833417786838	0.9875015521329951	0.03530761030971087	0.03530761030971087	0.03530761030971087	0	0.03530761030971087	0.03530761030971087	0	0.03530761030971087	0.03530761030971087	0	0.03530761030971087	0.03530761030971087	-342.15952904494844	-91.55298637453825
245	-433.640537689554	-810.1833720300983	-433.640537689554	-376.54283434054435	13.30169984588121	0.052556688738756296	0.005081226909518954	0.022441096546761685	0.03718035144009818	0.0341965907452898	0.024012529484322254	0.027913356066727374	0.007232680436175365	0.020889440931452494	0.06468267046690432	0.026342138744095828	0.03385491330953916	0.03237357139791586	0.03741001911876707	0.03249536185849186	0.060640911473834075	0.013564045289845991	0.045201280580485434	0.02401891552684808	0.018575648005603268	0.017531245919115687	0.030798939771734743	0.03056854592081025	0.01738225371345925	0.024287878964586035	0.016194070845182984	0.03185853880929235	0.011887094012604002	0.036506533368876104	0.012318677239228068	0.009275068406123244	0.01346730712251952	0.023760556344144743	0.009507791934914578	0.02682218749527264	0.04455705696069544	0.02261281550000703	2.759860300505388E-4	0.007875156888904361	0.03902895810007663	0.013127172852733744	0.009822559627534283	0.047039899288750096	3.3670912679584815	4.085856000024617	0.44006757181061584	2.3243687343544495	4.550603667305752	1.1992954951997608	0.03902895810007663	0.03902895810007663	0.03902895810007663	0	0.03902895810007663	0.03902895810007663	0	0.03902895810007663	0.03902895810007663	0	0.03902895810007663	0.03902895810007663	-342.87484220578716	-90.76569548376679
246	-433.37997762417257	-797.2961362883739	-433.37997762417257	-363.91615866420136	14.114861969344748	0.052556688738756296	0.005081226909518954	0.022441096546761685	0.035210206421307955	0.04598367517068458	0.024012529484322254	0.027913356066727374	0.00920282545496559	0.020889440931452494	0.06468267046690432	0.026342138744095828	0.03385491330953916	0.03237357139791586	0.03741001911876707	0.03249536185849186	0.060640911473834075	0.013564045289845991	0.045201280580485434	0.02401891552684808	0.018575648005603268	0.017531245919115687	0.015206449136187725	0.03056854592081025	0.01738225371345925	0.024287878964586035	0.016194070845182984	0.03185853880929235	0.011887094012604002	0.036506533368876104	0.012318677239228068	0.009275068406123244	0.01346730712251952	0.027565962554296983	0.009507791934914578	0.02682218749527264	0.04455705696069544	0.02261281550000703	2.7071927943364576E-4	0.0061999360266986395	0.03476957221334621	0.016636078608490798	0.01867770872577227	0.07728466954128042	2.6988936741742133	3.206134613171814	0.5587651451378187	1.8467811723954444	3.921980998884316	0.9192665270229826	0.03476957221334621	0.03476957221334621	0.03476957221334621	0	0.03476957221334621	0.03476957221334621	0	0.03476957221334621	0.03476957221334621	0	0.03476957221334621	0.03476957221334621	-344.1287619914344	-89.2512156327382
247	-432.5877102902291	-794.6111964353071	-432.5877102902291	-362.023486145078	13.844407175131781	0.052556688738756296	0.005081226909518954	0.022441096546761685	0.0929565757383703	0.04598367517068458	0.024012529484322254	0.027913356066727374	0.00920282545496559	0.020889440931452494	0.026596779878996862	0.026342138744095828	0.03385491330953916	0.03237357139791586	0.03741001911876707	0.03249536185849186	0.05477464584031341	0.013564045289845991	0.045201280580485434	0.02401891552684808	0.018575648005603268	0.017531245919115687	0.015206449136187725	0.010908067191655366	0.01738225371345925	0.024287878964586035	0.016194070845182984	0.03185853880929235	0.011887094012604002	0.036506533368876104	0.012318677239228068	0.009275068406123244	0.01346730712251952	0.027565962554296983	0.01537405756843524	0.02682218749527264	0.04455705696069544	0.02261281550000703	5.21866552518589E-4	0.007544356840856748	0.027530524977288813	0.009020628031736075	0.015671540678138193	0.08882102823184702	1.8512969272278452	3.007094329802203	0.2969483027585453	1.762757506063787	3.3429002819829186	1.1701050256953065	0.027530524977288813	0.027530524977288813	0.027530524977288813	0	0.027530524977288813	0.027530524977288813	0	0.027530524977288813	0.027530524977288813	0	0.027530524977288813	0.027530524977288813	-340.7024218240057	-91.88528846622339
248	-432.5803207501739	-807.650667626513	-432.5803207501739	-375.0703468763391	12.947652299944977	0.052556688738756296	0.04743538640693168	0.022441096546761685	0.062260707182472175	0.04598367517068458	0.012312755469663206	0.027913356066727374	0.00920282545496559	0.031368605120965384	0.026596779878996862	0.026342138744095828	0.03385491330953916	0.03237357139791586	0.03741001911876707	0.03249536185849186	0.006269248043075576	0.013564045289845991	0.045201280580485434	0.02401891552684808	0.018575648005603268	0.043076007708168426	0.015206449136187725	0.017059305491480478	0.029082027728118298	0.029438985731431416	0.005714906655670093	0.03185853880929235	0.011887094012604002	0.036506533368876104	0.012318677239228068	0.009275068406123244	0.01346730712251952	0.027565962554296983	0.01537405756843524	0.02682218749527264	0.04455705696069544	0.02261281550000703	2.7319690065605523E-4	0.006318809605453885	0.04871887205315553	0.005839454892585607	0.019853173628734226	0.1368979797409498	1.4942748269973123	4.704337841922364	0.27433916827732074	1.5986088298036465	3.135357139605864	0.982852608700949	0.04871887205315553	0.04871887205315553	0.04871887205315553	0	0.04871887205315553	0.04871887205315553	0	0.04871887205315553	0.04871887205315553	0	0.04871887205315553	0.04871887205315553	-338.2442022702975	-94.33611847987638
249	-431.52663084289645	-806.0399171910205	-431.52663084289645	-374.51328634812415	14.038480289653037	0.052556688738756296	0.04743538640693168	0.022441096546761685	0.062260707182472175	0.009224086958849131	0.012312755469663206	0.027913356066727374	0.00920282545496559	0.031368605120965384	0.026596779878996862	0.041958697101510206	0.03385491330953916	0.03237357139791586	0.03741001911876707	0.03249536185849186	0.006269248043075576	0.013564045289845991	0.045201280580485434	0.02401891552684808	0.018575648005603268	0.027459449350754048	0.015206449136187725	0.017059305491480478	0.029082027728118298	0.029438985731431416	0.005714906655670093	0.03185853880929235	0.011887094012604002	0.036506533368876104	0.012318677239228068	0.009275068406123244	0.01346730712251952	0.027565962554296983	0.05213364578027069	0.02682218749527264	0.04455705696069544	0.02261281550000703	3.131831008159556E-4	0.007897432185716145	0.04491406303128026	0.008407107070873013	0.017360157266054808	0.20030873887609651	1.5426216851946897	2.3170158618341334	0.27082435145137257	1.4540199239485896	4.002696848979536	1.0218149670127152	0.04491406303128026	0.04491406303128026	0.04491406303128026	0	0.04491406303128026	0.04491406303128026	0	0.04491406303128026	0.04491406303128026	0	0.04491406303128026	0.04491406303128026	-342.09251295384297	-89.43411788905351
250	-431.30435668043924	-799.8792911851951	-431.30435668043924	-368.5749345047559	12.261742064884782	0.052556688738756296	0.04743538640693168	0.022441096546761685	0.062260707182472175	0.009224086958849131	0.012312755469663206	0.027913356066727374	0.00920282545496559	0.031368605120965384	0.026596779878996862	0.041958697101510206	0.03385491330953916	0.03237357139791586	0.03292588024162091	0.03249536185849186	0.006269248043075576	0.013564045289845991	0.049685419457631594	0.02401891552684808	0.018575648005603268	0.026741699717034315	0.015206449136187725	0.017059305491480478	0.029082027728118298	0.029438985731431416	0.005714906655670093	0.03185853880929235	0.011887094012604002	0.036506533368876104	0.012318677239228068	0.009275068406123244	0.01346730712251952	0.028283712188016716	0.05213364578027069	0.02682218749527264	0.04455705696069544	0.02261281550000703	6.5153834640702E-4	0.006715360971485126	0.04104594026551992	0.010621603670926358	0.01565232742084921	0.17083974184519896	1.206628094680109	1.9635158193854125	0.2598597130720633	1.528933333819906	3.914614819186419	0.7992949670255863	0.04104594026551992	0.04104594026551992	0.04104594026551992	0	0.04104594026551992	0.04104594026551992	0	0.04104594026551992	0.04104594026551992	0	0.04104594026551992	0.04104594026551992	-338.67634564922855	-92.62801103121066
251	-431.24535776524556	-806.1832173905545	-431.24535776524556	-374.93785962530904	13.374123421929482	0.052556688738756296	0.04743538640693168	0.027858794948688093	0.06360693875655082	0.009224086958849131	0.012312755469663206	0.02759541680323882	0.00920282545496559	0.031368605120965384	0.026596779878996862	0.041958697101510206	0.03307227404863067	0.03237357139791586	0.03292588024162091	0.03249536185849186	0.006269248043075576	0.013564045289845991	0.049685419457631594	0.018037624811751515	0.018575648005603268	0.026741699717034315	0.015206449136187725	0.017059305491480478	0.029082027728118298	0.02975692499491997	0.005714906655670093	0.03185853880929235	0.011887094012604002	0.036506533368876104	0.012318677239228068	0.009275068406123244	0.01346730712251952	0.028283712188016716	0.05213364578027069	0.02682218749527264	0.04455705696069544	0.02261281550000703	0.001098789871605785	0.007598392104593113	0.038161895749455	0.008404513984275025	0.02001990709977194	0.13066290726592208	1.2235944861603532	2.471697694467327	0.19292038590792965	1.030191710768921	3.9036251612776907	0.8627388062222905	0.038161895749455	0.038161895749455	0.038161895749455	0	0.038161895749455	0.038161895749455	0	0.038161895749455	0.038161895749455	0	0.038161895749455	0.038161895749455	-340.44496313282707	-90.80039463241846
252	-429.8454613137243	-800.672895833043	-429.8454613137243	-370.82743451931873	12.837197437798824	0.052556688738756296	0.04743538640693168	0.027858794948688093	0.0639634124179424	0.02251342626742958	0.012312755469663206	0.02759541680323882	0.026391710901158716	0.031368605120965384	0.026596779878996862	0.02476981165531708	0.043773534870562125	0.03237357139791586	0.04771162103865778	0.03249536185849186	0.006269248043075576	0.013564045289845991	0.049685419457631594	0.0032518840147146427	0.018575648005603268	0.026741699717034315	0.03951508591193785	0.01220027113125964	0.015792688419537848	0.02975692499491997	0.005714906655670093	0.03185853880929235	0.011887094012604002	0.025805272546944646	0.012318677239228068	0.009275068406123244	0.01346730712251952	0.028283712188016716	0.03232756970334982	0.02682218749527264	0.04455705696069544	0.02261281550000703	9.437426186781904E-4	0.0061088010873682356	0.024626816176191342	0.0066655128775164815	0.018303884062635053	0.1344199486476172	1.1968874264228793	2.8460586394090366	0.1315485667349249	1.4469333142629948	4.0450869072600835	1.2213408774812855	0.024626816176191342	0.024626816176191342	0.024626816176191342	0	0.024626816176191342	0.024626816176191342	0	0.024626816176191342	0.024626816176191342	0	0.024626816176191342	0.024626816176191342	-337.63631085403824	-92.20915045968601
253	-429.1830871404091	-805.1903436521904	-429.1830871404091	-376.00725651178135	12.772524907364415	0.052556688738756296	0.04743538640693168	0.027858794948688093	0.0639634124179424	0.02251342626742958	0.012312755469663206	0.02759541680323882	0.026391710901158716	0.031368605120965384	0.040398952291272966	0.02476981165531708	0.011947828443571451	0.03237357139791586	0.03390944862638168	0.03249536185849186	0.006269248043075576	0.013564045289845991	0.049685419457631594	0.0032518840147146427	0.018575648005603268	0.026741699717034315	0.03951508591193785	0.01220027113125964	0.015792688419537848	0.02975692499491997	0.005714906655670093	0.03185853880929235	0.043712800439594676	0.025805272546944646	0.012318677239228068	0.009275068406123244	0.01346730712251952	0.028283712188016716	0.03232756970334982	0.02682218749527264	0.04455705696069544	0.02261281550000703	2.6405059611460423E-4	0.006970693908369818	0.028477245541604385	0.005794012794552968	0.011238458654798753	0.12258168218716156	2.343700080498717	4.17292595566987	0.11804472268344514	1.6247398321834141	4.1431015509406235	1.2526938461381527	0.028477245541604385	0.028477245541604385	0.028477245541604385	0	0.028477245541604385	0.028477245541604385	0	0.028477245541604385	0.028477245541604385	0	0.028477245541604385	0.028477245541604385	-339.19197221715746	-89.99111492325163
254	-428.99785680039406	-807.1602134261022	-428.99785680039406	-378.1623566257082	13.264960288695805	0.052556688738756296	0.04743538640693168	0.027858794948688093	0.0639634124179424	0.02251342626742958	0.012312755469663206	0.02759541680323882	0.026391710901158716	0.031368605120965384	0.040398952291272966	0.02476981165531708	0.011947828443571451	0.03237357139791586	0.03390944862638168	0.03249536185849186	0.006269248043075576	0.013564045289845991	0.049685419457631594	0.0032518840147146427	0.018575648005603268	0.026741699717034315	0.03951508591193785	0.01220027113125964	0.015792688419537848	0.02975692499491997	0.005267926217275676	0.011707689377859265	0.043712800439594676	0.025805272546944646	0.012318677239228068	0.009275068406123244	0.01346730712251952	0.028730692626411133	0.03232756970334982	0.04697303692670572	0.04455705696069544	0.02261281550000703	4.510395543267128E-4	0.007132833280381958	0.019309880322364675	0.006422072941896014	0.00572499824680693	0.1348419909806121	1.8039041157532547	2.8314081134292253	0.14453078203741665	1.967528601088143	4.304548276436755	1.6394875981096517	0.019309880322364675	0.019309880322364675	0.019309880322364675	0	0.019309880322364675	0.019309880322364675	0	0.019309880322364675	0.019309880322364675	0	0.019309880322364675	0.019309880322364675	-341.59170786906003	-87.406148931334
255	-428.99598859279075	-819.1657247602103	-428.99598859279075	-390.16973616741956	13.905652099278702	0.052556688738756296	0.04743538640693168	0.027858794948688093	0.0639634124179424	0.02251342626742958	0.012312755469663206	0.02759541680323882	0.026391710901158716	0.031368605120965384	0.040398952291272966	0.02476981165531708	0.011947828443571451	0.0333793230995455	0.03390944862638168	0.03249536185849186	0.006269248043075576	0.013564045289845991	0.049685419457631594	0.0032518840147146427	0.018575648005603268	0.025735948015404672	0.03951508591193785	0.01220027113125964	0.015792688419537848	0.027391402581510377	0.025570638632980813	0.011707689377859265	0.043712800439594676	0.02817079496035424	0.012318677239228068	0.030723335299353782	0.01346730712251952	0.028730692626411133	0.017992637841708348	0.04697303692670572	0.017141009513401237	0.02261281550000703	5.260014467932712E-4	0.00520092081405968	0.010608607181095412	0.006669591727973322	0.007712665365725192	0.13583036560887085	2.285092264628779	1.982128382508317	0.14067875114442288	2.2371628168462454	4.461068603986925	1.8301278484347239	0.010608607181095412	0.010608607181095412	0.010608607181095412	0	0.010608607181095412	0.010608607181095412	0	0.010608607181095412	0.010608607181095412	0	0.010608607181095412	0.010608607181095412	-340.5504819411641	-88.44550665162667
256	-428.51542680076	-801.586889780992	-428.51542680076	-373.071462980232	12.458363878872184	0.052556688738756296	0.04743538640693168	0.027858794948688093	0.0639634124179424	0.02251342626742958	0.027214437149936044	0.02759541680323882	0.026391710901158716	0.031368605120965384	0.040398952291272966	0.02476981165531708	0.011947828443571451	0.0333793230995455	0.05063621789177464	0.006591609881783728	0.006269248043075576	0.024566115586281287	0.049685419457631594	0.0032518840147146427	0.013931480953481706	0.025735948015404672	0.03951508591193785	0.01220027113125964	0.015792688419537848	0.027391402581510377	0.025570638632980813	0.011707689377859265	0.026986031174201716	0.02817079496035424	0.012318677239228068	0.030723335299353782	0.01346730712251952	0.033374859678532695	0.017992637841708348	0.04697303692670572	0.017141009513401237	0.02261281550000703	4.416119537530828E-4	0.005964744278360909	0.008078868860830223	0.009481587064649372	0.012008035625499904	0.12214732112378514	1.819384862714636	2.6672763324179205	0.14484198252819871	2.5546703902016668	2.785098368269898	1.7776957252996954	0.008078868860830223	0.008078868860830223	0.008078868860830223	0	0.008078868860830223	0.008078868860830223	0	0.008078868860830223	0.008078868860830223	0	0.008078868860830223	0.008078868860830223	-338.13599258750713	-90.37943421325288
257	-428.07166691081096	-806.1642069617867	-428.07166691081096	-378.09254005097574	15.388792992697493	0.052556688738756296	0.04743538640693168	0.027858794948688093	0.0639634124179424	0.02251342626742958	0.027214437149936044	0.015210995261394439	0.026391710901158716	0.031368605120965384	0.040398952291272966	0.02476981165531708	0.011947828443571451	0.0333793230995455	0.03350488932496676	0.023722938448591607	0.018653669584919957	0.024566115586281287	0.049685419457631594	0.0032518840147146427	0.013931480953481706	0.025735948015404672	0.03951508591193785	0.01220027113125964	0.015792688419537848	0.027391402581510377	0.025570638632980813	0.011707689377859265	0.026986031174201716	0.02010531204759136	0.012318677239228068	0.030723335299353782	0.01346730712251952	0.033374859678532695	0.017992637841708348	0.04697303692670572	0.017141009513401237	0.030678298412769908	2.5517497460966987E-4	0.006698901255036349	0.011948644500754117	0.010036122552247374	0.014035724549322863	0.14298122052710555	1.7339471909906656	2.6562035199244898	0.14433052964664292	2.0243298215262313	3.9417819024397986	1.325969881329397	0.011948644500754117	0.011948644500754117	0.011948644500754117	0	0.011948644500754117	0.011948644500754117	0	0.011948644500754117	0.011948644500754117	0	0.011948644500754117	0.011948644500754117	-341.8560160909533	-86.21565081985769
258	-427.3830328830501	-808.4454401839325	-427.3830328830501	-381.0624073008825	15.86907937076362	0.04508137673921009	0.04743538640693168	0.027858794948688093	0.0639634124179424	0.02251342626742958	0.027214437149936044	0.015210995261394439	0.026391710901158716	0.031368605120965384	0.040398952291272966	0.02476981165531708	0.011947828443571451	0.0333793230995455	0.03350488932496676	0.023722938448591607	0.018653669584919957	0.0268875361701245	0.049685419457631594	0.0032518840147146427	0.013931480953481706	0.025735948015404672	0.03951508591193785	0.01220027113125964	0.015792688419537848	0.025069981997667162	0.025570638632980813	0.011707689377859265	0.026986031174201716	0.02010531204759136	0.012318677239228068	0.030723335299353782	0.013480571749592815	0.033374859678532695	0.02545468521418126	0.04697303692670572	0.017141009513401237	0.030678298412769908	1.478243334124021E-4	0.006589797713909338	0.020100516093353428	0.010575713830540503	0.01670886000485526	0.21654761477002676	2.053478700174132	3.3201312433209536	0.1892705138011152	2.288703710263674	4.372958571237789	1.0928524126805526	0.020100516093353428	0.020100516093353428	0.020100516093353428	0	0.020100516093353428	0.020100516093353428	0	0.020100516093353428	0.020100516093353428	0	0.020100516093353428	0.020100516093353428	-336.65703897242895	-90.72599391062116
259	-427.30709740120494	-818.1772555296575	-427.30709740120494	-390.8701581284526	14.9245730738647	0.04508137673921009	0.05610438444893784	0.027858794948688093	0.0639634124179424	0.02251342626742958	0.027214437149936044	0.015210995261394439	0.026391710901158716	0.031368605120965384	0.040398952291272966	0.02476981165531708	0.011947828443571451	0.0333793230995455	0.03350488932496676	0.023722938448591607	0.018653669584919957	0.0268875361701245	0.030208090875956092	0.0032518840147146427	0.013931480953481706	0.025735948015404672	0.03951508591193785	0.003531273089253481	0.015792688419537848	0.02651472281799147	0.025570638632980813	0.007909022157486345	0.026986031174201716	0.016879745891328346	0.015544243395491084	0.029645133043728067	0.01455877400521853	0.027137614721355105	0.02545468521418126	0.04697303692670572	0.04520950945230294	0.030678298412769908	2.252364040768626E-4	0.008120546612843288	0.018822620846784963	0.013959567474126572	0.020539364693479775	0.23501151372198492	2.177050408791753	3.465336641024332	0.16194800188751052	2.1508499823655907	4.89849911903734	0.930306017892829	0.018822620846784963	0.018822620846784963	0.018822620846784963	0	0.018822620846784963	0.018822620846784963	0	0.018822620846784963	0.018822620846784963	0	0.018822620846784963	0.018822620846784963	-340.3086443809975	-86.99845302020739
260	-427.0774916911613	-820.2026141132133	-427.0774916911613	-393.125122422052	15.486194914747403	0.04508137673921009	0.05610438444893784	0.027858794948688093	0.0639634124179424	0.025526451138682016	0.027214437149936044	0.015210995261394439	0.026391710901158716	0.031368605120965384	0.040398952291272966	0.02476981165531708	0.011947828443571451	0.029217805816108333	0.030385030699090487	0.023722938448591607	0.018653669584919957	0.0268875361701245	0.030208090875956092	0.0032518840147146427	0.013931480953481706	0.028855806641280943	0.03951508591193785	0.003531273089253481	0.010547581870328449	0.02651472281799147	0.025570638632980813	0.007909022157486345	0.031147548457638882	0.016879745891328346	0.015544243395491084	0.029645133043728067	0.01455877400521853	0.032382721270564505	0.02545468521418126	0.04697303692670572	0.04520950945230294	0.027665273541517474	3.5074600143691534E-4	0.005144387586561051	0.017014009853701842	0.013084188840889082	0.029548831612225653	0.3559035761856102	1.9968384012174198	5.130167466396307	0.08318496425506117	2.104212528647908	4.154205393575917	1.6868850030184042	0.017014009853701842	0.017014009853701842	0.017014009853701842	0	0.017014009853701842	0.017014009853701842	0	0.017014009853701842	0.017014009853701842	0	0.017014009853701842	0.017014009853701842	-335.2522774238759	-91.82521426728539
261	-426.72918198941284	-813.9044764042756	-426.72918198941284	-387.1752944148627	12.598149755888276	0.04508137673921009	0.05610438444893784	0.027858794948688093	0.0639634124179424	0.025526451138682016	0.027214437149936044	0.015210995261394439	0.008585292551562984	0.031368605120965384	0.040398952291272966	0.02476981165531708	0.011947828443571451	0.029217805816108333	0.030385030699090487	0.023722938448591607	0.018653669584919957	0.0268875361701245	0.030208090875956092	0.0032518840147146427	0.013931480953481706	0.028855806641280943	0.03951508591193785	0.003531273089253481	0.010547581870328449	0.02651472281799147	0.025570638632980813	0.007909022157486345	0.031147548457638882	0.016879745891328346	0.015544243395491084	0.029645133043728067	0.01455877400521853	0.032382721270564505	0.02545468521418126	0.04697303692670572	0.04520950945230294	0.045471691891113206	6.190580863729459E-4	0.006316269884195411	0.014085603048724587	0.009279044214987403	0.039200283956382455	0.4544550091281766	2.508347891586224	4.107736074605597	0.07303812985691677	2.0912888971843167	4.571455358762384	1.3020012405104957	0.014085603048724587	0.014085603048724587	0.014085603048724587	0	0.014085603048724587	0.014085603048724587	0	0.014085603048724587	0.014085603048724587	0	0.014085603048724587	0.014085603048724587	-336.6764807826772	-90.05270120673566
262	-426.22764261550424	-822.8301050267884	-426.22764261550424	-396.60246241128414	12.861486231441674	0.03313191949038152	0.05610438444893784	0.027858794948688093	0.0639634124179424	0.025526451138682016	0.027214437149936044	0.015210995261394439	0.028441958204922846	0.023752474334796422	0.040398952291272966	0.02476981165531708	0.011947828443571451	0.029217805816108333	0.030385030699090487	0.025792892669328465	0.023532704159147738	0.0268875361701245	0.030208090875956092	0.0032518840147146427	0.013931480953481706	0.028855806641280943	0.03951508591193785	0.003531273089253481	0.00847762764959159	0.02651472281799147	0.03769807455480756	0.007909022157486345	0.031147548457638882	0.016879745891328346	0.015544243395491084	0.01685889006496899	0.01455877400521853	0.032382721270564505	0.013327249292354515	0.04697303692670572	0.0528256402384719	0.045471691891113206	2.5931104682696453E-4	0.006602321627304104	0.014908656007823755	0.009827278414007283	0.03280318524775232	0.5156782697153006	2.0497168130970103	3.9807845421093155	0.10564670213227227	2.6909739424644745	4.174118889195841	1.595993306633392	0.014908656007823755	0.014908656007823755	0.014908656007823755	0	0.014908656007823755	0.014908656007823755	0	0.014908656007823755	0.014908656007823755	0	0.014908656007823755	0.014908656007823755	-336.55880668613474	-89.6688359293695
263	-426.0831257693467	-817.9128636401881	-426.0831257693467	-391.82973787084137	13.994047261885843	0.03313191949038152	0.05610438444893784	0.027858794948688093	0.0639634124179424	0.025526451138682016	0.027214437149936044	0.015210995261394439	0.028441958204922846	0.023752474334796422	0.040398952291272966	0.02476981165531708	0.011947828443571451	0.029217805816108333	0.030385030699090487	0.025792892669328465	0.005311846048103724	0.0268875361701245	0.030208090875956092	0.021472742125758656	0.013931480953481706	0.013026668245451609	0.03951508591193785	0.003531273089253481	0.00847762764959159	0.02651472281799147	0.03769807455480756	0.007909022157486345	0.06998830500681762	0.016879745891328346	0.015544243395491084	0.01685889006496899	0.01455877400521853	0.023486715975340675	0.02915638768818385	0.04697303692670572	0.022880888984516998	0.045471691891113206	2.451045878159853E-4	0.0074201689827960975	0.015676993925006048	0.009132793776798624	0.013694485791118623	0.6746451544756511	2.271102432696626	3.9665518926073986	0.16521334076654468	3.2790661428943992	4.9812953012425885	2.2780490011583487	0.015676993925006048	0.015676993925006048	0.015676993925006048	0	0.015676993925006048	0.015676993925006048	0	0.015676993925006048	0.015676993925006048	0	0.015676993925006048	0.015676993925006048	-339.24388332829574	-86.83924244105097
264	-425.9459589044724	-830.8246956421157	-425.9459589044724	-404.8787367376433	13.994047261885843	0.03313191949038152	0.05610438444893784	0.0077350577323694325	0.0639634124179424	0.025526451138682016	0.027214437149936044	0.015210995261394439	0.028441958204922846	0.023752474334796422	0.040398952291272966	0.02476981165531708	0.011947828443571451	0.037137555377498854	0.01375092355598806	0.025792892669328465	0.005311846048103724	0.0268875361701245	0.030208090875956092	0.021472742125758656	0.013931480953481706	0.03315040546177027	0.03951508591193785	0.003220043949879167	0.00847762764959159	0.02651472281799147	0.03769807455480756	0.007909022157486345	0.06998830500681762	0.016879745891328346	0.015544243395491084	0.017170119204343304	0.03119288114832096	0.023486715975340675	0.021236638126793328	0.04697303692670572	0.022880888984516998	0.045471691891113206	2.44850678693635E-4	0.007136824372798733	0.014615135432731668	0.006012155992784788	0.016859078941464812	1.2681036712960814	2.6867666609736593	6.302324252552963	0.14475869878398537	5.43907584407781	5.1163514849760725	2.785366967473198	0.014615135432731668	0.014615135432731668	0.014615135432731668	0	0.014615135432731668	0.014615135432731668	0	0.014615135432731668	0.014615135432731668	0	0.014615135432731668	0.014615135432731668	-339.03048260588184	-86.91547629859052
265	-425.89455024116523	-816.3390945305155	-425.89455024116523	-390.4445442893502	13.418430943491511	0.027079397591536547	0.05610438444893784	0.0077350577323694325	0.0639634124179424	0.025526451138682016	0.027214437149936044	0.015210995261394439	0.028441958204922846	0.023752474334796422	0.040398952291272966	0.012238181529272668	0.020487481032573474	0.037137555377498854	0.01375092355598806	0.03184541456817344	0.005311846048103724	0.01834788358112248	0.030208090875956092	0.021472742125758656	0.013931480953481706	0.03315040546177027	0.03951508591193785	0.003220043949879167	0.021009257775636003	0.02651472281799147	0.03769807455480756	0.007909022157486345	0.0837572843461901	0.016879745891328346	0.015544243395491084	0.017170119204343304	0.03119288114832096	0.023486715975340675	0.021236638126793328	0.03320405758733323	0.022880888984516998	0.045471691891113206	1.8587312224579677E-4	0.008282299331138679	0.01690044602788694	0.005404924893516226	0.022821788689791404	2.0064946764412297	2.658468707233383	6.0398273699057805	0.22310365207062374	4.043818387635455	3.4589484175297516	1.9228562207026183	0.01690044602788694	0.01690044602788694	0.01690044602788694	0	0.01690044602788694	0.01690044602788694	0	0.01690044602788694	0.01690044602788694	0	0.01690044602788694	0.01690044602788694	-338.34342639814116	-87.55112384302404
266	-425.8099855016682	-812.0603277840157	-425.8099855016682	-386.2503422823475	12.818577552221452	0.027079397591536547	0.05610438444893784	0.008337372708906277	0.0639634124179424	0.025526451138682016	0.027214437149936044	0.015210995261394439	0.028441958204922846	0.023752474334796422	0.040398952291272966	0.012238181529272668	0.020487481032573474	0.037137555377498854	0.01375092355598806	0.03184541456817344	0.005311846048103724	0.01834788358112248	0.030208090875956092	0.021472742125758656	0.013931480953481706	0.02321895018766261	0.03951508591193785	0.003220043949879167	0.03851380665128812	0.02651472281799147	0.03769807455480756	0.007909022157486345	0.07618419074464565	0.016879745891328346	0.01494192841895424	0.017170119204343304	0.03119288114832096	0.023486715975340675	0.028278864883429455	0.026161830830697105	0.022880888984516998	0.045471691891113206	2.811472991786056E-4	0.007101242205265312	0.011905201488859325	0.005882016772960707	0.03676517388521986	1.9964139781408432	2.279564502615118	5.957401625169723	0.25591271830797624	2.4121133069978162	3.631421817323038	1.356512999924287	0.011905201488859325	0.011905201488859325	0.011905201488859325	0	0.011905201488859325	0.011905201488859325	0	0.011905201488859325	0.011905201488859325	0	0.011905201488859325	0.011905201488859325	-337.61908150425717	-88.19090399741107
267	-425.7446998553657	-803.3853944443208	-425.7446998553657	-377.6406945889551	12.606411975519578	0.027079397591536547	0.028480774964624977	0.008337372708906277	0.09158702190225526	0.025526451138682016	0.027214437149936044	0.015210995261394439	0.028441958204922846	0.023752474334796422	0.040398952291272966	0.012238181529272668	0.020487481032573474	0.037137555377498854	0.01375092355598806	0.03184541456817344	0.005311846048103724	0.01834788358112248	0.030208090875956092	0.021472742125758656	0.013931480953481706	0.02321895018766261	0.03951508591193785	0.003220043949879167	0.03851380665128812	0.02651472281799147	0.03769807455480756	0.007909022157486345	0.07618419074464565	0.016879745891328346	0.01494192841895424	0.017170119204343304	0.03119288114832096	0.023486715975340675	0.028278864883429455	0.026161830830697105	0.022880888984516998	0.045471691891113206	4.2467880888630104E-4	0.006393297492336325	0.008098872438939229	0.004040918686619444	0.041031442474903396	1.1656636818074038	2.4583582710342564	4.287411680180734	0.35107457548183746	3.2443447175256224	3.977743511748974	1.2131312182820198	0.008098872438939229	0.008098872438939229	0.008098872438939229	0	0.008098872438939229	0.008098872438939229	0	0.008098872438939229	0.008098872438939229	0	0.008098872438939229	0.008098872438939229	-336.23093892294355	-89.51376093242213
268	-425.71212683247546	-805.1824200054249	-425.71212683247546	-379.4702931729494	14.06644235879558	0.027079397591536547	0.022852410897968634	0.019768206443640468	0.08065347471047551	0.03115481520533836	0.027214437149936044	0.04038263372480663	0.028441958204922846	0.023752474334796422	0.040398952291272966	0.012238181529272668	0.020487481032573474	0.037137555377498854	0.010861616115881767	0.0573331924239425	0.01016005826340946	0.01834788358112248	0.030208090875956092	0.021472742125758656	0.013931480953481706	0.02321895018766261	0.03951508591193785	0.013620081550582572	0.007018237691241769	0.02651472281799147	0.03769807455480756	0.007909022157486345	0.04950961322491364	0.016879745891328346	0.01494192841895424	0.017170119204343304	0.03119288114832096	0.023486715975340675	0.028278864883429455	0.020816332072436924	0.022880888984516998	0.045471691891113206	2.778552575220868E-4	0.007279068296921344	0.00942168950342597	0.005534407093326289	0.04382998138932742	0.696377391948165	2.197335625725217	2.603349084957218	0.45652459235621956	2.980985775037849	3.346593431919562	1.6179777772940371	0.00942168950342597	0.00942168950342597	0.00942168950342597	0	0.00942168950342597	0.00942168950342597	0	0.00942168950342597	0.00942168950342597	0	0.00942168950342597	0.00942168950342597	-335.36606990976543	-90.34605692271002
269	-425.56153274366864	-810.0608762114408	-425.56153274366864	-384.4993434677722	17.492592795973604	0.027079397591536547	0.022852410897968634	0.019768206443640468	0.06837983501431827	0.03115481520533836	0.027214437149936044	0.023122717171318835	0.01962363125885286	0.023752474334796422	0.023517876496667228	0.012238181529272668	0.020487481032573474	0.037137555377498854	0.010861616115881767	0.0573331924239425	0.012726081513106363	0.01834788358112248	0.030208090875956092	0.021472742125758656	0.013931480953481706	0.05373073323340981	0.03951508591193785	0.013620081550582572	0.007018237691241769	0.02651472281799147	0.03769807455480756	0.007909022157486345	0.01899783017916644	0.03540568928385868	0.01494192841895424	0.017593941217486253	0.03119288114832096	0.023486715975340675	0.027855042870286506	0.020816332072436924	0.05702188133261053	0.045471691891113206	4.987627230028891E-4	0.006387327869468432	0.014296650055744552	0.00697767226257443	0.03631287001762488	0.8703966294673836	1.9458276321312593	3.217482305535973	0.4782274166811619	2.215094482440807	4.193359834417797	1.4701254743274828	0.014296650055744552	0.014296650055744552	0.014296650055744552	0	0.014296650055744552	0.014296650055744552	0	0.014296650055744552	0.014296650055744552	0	0.014296650055744552	0.014296650055744552	-334.9522407064905	-90.60929203717814
270	-425.0583287784136	-817.9448192396233	-425.0583287784136	-392.8864904612096	16.08360680635449	0.027079397591536547	0.022852410897968634	0.019768206443640468	0.06837983501431827	0.03115481520533836	0.027214437149936044	0.023122717171318835	0.01962363125885286	0.023752474334796422	0.023517876496667228	0.016002281707547444	0.019380846269808183	0.037137555377498854	0.010861616115881767	0.0573331924239425	0.008961981334831587	0.01834788358112248	0.030208090875956092	0.021472742125758656	0.013931480953481706	0.05373073323340981	0.020226593847833194	0.013620081550582572	0.007018237691241769	0.02651472281799147	0.03769807455480756	0.007909022157486345	0.038286322243271095	0.03651232404662397	0.01494192841895424	0.017593941217486253	0.03119288114832096	0.023486715975340675	0.027855042870286506	0.020816332072436924	0.05702188133261053	0.045471691891113206	5.802844973069306E-4	0.006818001421948816	0.010412246529688548	0.0066888797475434	0.0368266875638076	0.41388818772915653	2.0923813087642245	3.5707220062237552	0.39292211672788624	1.341606088440839	3.5103921933644857	1.1359061207124048	0.010412246529688548	0.010412246529688548	0.010412246529688548	0	0.010412246529688548	0.010412246529688548	0	0.010412246529688548	0.010412246529688548	0	0.010412246529688548	0.010412246529688548	-330.94673033125696	-94.11159844715667
271	-424.96159020901626	-821.4107495003252	-424.96159020901626	-396.4491592913089	17.93035672739728	0.027079397591536547	0.022852410897968634	0.04521237351237656	0.06837983501431827	0.03115481520533836	0.027214437149936044	0.023122717171318835	0.01962363125885286	0.009119912388609527	0.016798629665794457	0.016002281707547444	0.019380846269808183	0.037137555377498854	0.025494178062068662	0.0573331924239425	0.008961981334831587	0.01834788358112248	0.030208090875956092	0.021472742125758656	0.013931480953481706	0.028286566164673718	0.020226593847833194	0.013620081550582572	0.007018237691241769	0.02651472281799147	0.03769807455480756	0.007909022157486345	0.04500556907414387	0.03651232404662397	0.01494192841895424	0.017593941217486253	0.03119288114832096	0.023486715975340675	0.027855042870286506	0.020816332072436924	0.05702188133261053	0.045471691891113206	4.490267637275331E-4	0.0067119226680239594	0.006198188227297301	0.008916850589884213	0.03167182752724568	0.37305042212204254	1.7281818143046253	4.484420921776242	0.2758943034403373	1.4460378019299351	3.8300914014352694	1.8574986658136512	0.006198188227297301	0.006198188227297301	0.006198188227297301	0	0.006198188227297301	0.006198188227297301	0	0.006198188227297301	0.006198188227297301	0	0.006198188227297301	0.006198188227297301	-335.0257676799623	-89.93582252905397
272	-424.27678852218156	-821.0130225440134	-424.27678852218156	-396.7362340218318	17.93035672739728	0.027079397591536547	0.022852410897968634	0.04521237351237656	0.06837983501431827	0.03115481520533836	0.027214437149936044	0.023122717171318835	0.01870726343471779	0.009119912388609527	0.016798629665794457	0.026097169330270814	0.019380846269808183	0.037137555377498854	0.025494178062068662	0.056838012249912	0.008961981334831587	0.018843063755152975	0.030208090875956092	0.026136982556332997	0.02720951024630544	0.029202933988808785	0.020226593847833194	0.013620081550582572	0.007018237691241769	0.02651472281799147	0.03303383412423322	0.007909022157486345	0.04500556907414387	0.03651232404662397	0.01494192841895424	0.028999526959149646	0.017914851855497224	0.023486715975340675	0.016449457128623113	0.020816332072436924	0.05702188133261053	0.035376804268389836	2.731538183190048E-4	0.006828122016587421	0.008151933405982883	0.009609160363317115	0.02138920548905726	0.6277637157380749	1.1499571470745586	3.536543120065384	0.16930406927084063	1.4649199137834206	3.9928366210030206	1.589036976346499	0.008151933405982883	0.008151933405982883	0.008151933405982883	0	0.008151933405982883	0.008151933405982883	0	0.008151933405982883	0.008151933405982883	0	0.008151933405982883	0.008151933405982883	-337.60575572726634	-86.67103279491522
273	-424.0297427575656	-803.3379752573346	-424.0297427575656	-379.3082324997691	18.246283134057688	0.027079397591536547	0.034115958168549065	0.04521237351237656	0.06837983501431827	0.03115481520533836	0.027214437149936044	0.023122717171318835	0.01870726343471779	0.009119912388609527	0.016798629665794457	0.026097169330270814	0.019380846269808183	0.037137555377498854	0.025494178062068662	0.08509154463176824	0.008961981334831587	0.018843063755152975	0.030208090875956092	0.026136982556332997	0.02720951024630544	0.029202933988808785	0.020226593847833194	0.013620081550582572	0.007018237691241769	0.02651472281799147	0.03303383412423322	0.007909022157486345	0.04500556907414387	0.03651232404662397	0.01494192841895424	0.028999526959149646	0.017914851855497224	0.023486715975340675	0.016449457128623113	0.020816332072436924	0.017504801680173862	0.035376804268389836	4.187020958149957E-4	0.006625217843969926	0.007288812434360257	0.0058821075834741745	0.02153499011530723	0.8193318692065169	1.0819421017666657	2.3479421122830937	0.17638891695932093	1.6666011332727304	2.182576499614549	1.6204787311810513	0.007288812434360257	0.007288812434360257	0.007288812434360257	0	0.007288812434360257	0.007288812434360257	0	0.007288812434360257	0.007288812434360257	0	0.007288812434360257	0.007288812434360257	-337.0313903957751	-86.99835236179051
274	-423.71734044569735	-817.6253720138734	-423.71734044569735	-393.908031568176	19.004637643519768	0.027079397591536547	0.034115958168549065	0.047819353194528846	0.049132947602067156	0.03115481520533836	0.027214437149936044	0.023122717171318835	0.01870726343471779	0.009119912388609527	0.014191649983642168	0.026097169330270814	0.019380846269808183	0.037137555377498854	0.025494178062068662	0.08509154463176824	0.008961981334831587	0.018843063755152975	0.030208090875956092	0.026136982556332997	0.01322706674308513	0.029202933988808785	0.020226593847833194	0.013620081550582572	0.007018237691241769	0.02651472281799147	0.03303383412423322	0.021891465660706655	0.04500556907414387	0.03651232404662397	0.01494192841895424	0.028999526959149646	0.017914851855497224	0.04273360338759179	0.016449457128623113	0.020816332072436924	0.017504801680173862	0.035376804268389836	3.48345242933333E-4	0.006400103597419632	0.008135467393042148	0.008481297201570155	0.01450437586747025	0.8419049949860503	1.2438421484879447	2.88969564743477	0.22421817764534782	1.7904115378961007	2.7655267497280502	1.5763173404095292	0.008135467393042148	0.008135467393042148	0.008135467393042148	0	0.008135467393042148	0.008135467393042148	0	0.008135467393042148	0.008135467393042148	0	0.008135467393042148	0.008135467393042148	-337.5284398634708	-86.18890058222652
275	-423.1271049585563	-810.3108030558977	-423.1271049585563	-387.18369809734145	19.623585799612638	0.027079397591536547	0.034115958168549065	0.047819353194528846	0.049132947602067156	0.03115481520533836	0.027214437149936044	0.023122717171318835	0.018912081825758043	0.009119912388609527	0.014191649983642168	0.026097169330270814	0.019380846269808183	0.037137555377498854	0.025494178062068662	0.08509154463176824	0.008961981334831587	0.018843063755152975	0.036252920346561565	0.026136982556332997	0.01322706674308513	0.029202933988808785	0.020226593847833194	0.007575252079977099	0.01865226440466794	0.02651472281799147	0.021399807410807048	0.021891465660706655	0.04500556907414387	0.03651232404662397	0.014737110027913988	0.028999526959149646	0.017914851855497224	0.04273360338759179	0.016449457128623113	0.020816332072436924	0.017504801680173862	0.035376804268389836	5.502982996666225E-4	0.0076322457079957004	0.01258949815197448	0.008869722878401569	0.014067121471417903	1.598632409526852	1.1012501990313308	3.9441508040707167	0.2487892383603403	1.842362894979116	2.247995553770676	1.7920301326116745	0.01258949815197448	0.01258949815197448	0.01258949815197448	0	0.01258949815197448	0.01258949815197448	0	0.01258949815197448	0.01258949815197448	0	0.01258949815197448	0.01258949815197448	-334.93945251190314	-88.18765244665313
276	-423.076901522875	-814.2963600411565	-423.076901522875	-391.2194585182815	17.944743497371427	0.027079397591536547	0.034115958168549065	0.047819353194528846	0.049132947602067156	0.03115481520533836	0.027214437149936044	0.023122717171318835	0.018912081825758043	0.009119912388609527	0.014191649983642168	0.026097169330270814	0.019380846269808183	0.037137555377498854	0.025494178062068662	0.08509154463176824	0.008961981334831587	0.018843063755152975	0.036252920346561565	0.026136982556332997	0.01322706674308513	0.029202933988808785	0.020226593847833194	0.007575252079977099	0.01865226440466794	0.02651472281799147	0.021399807410807048	0.021891465660706655	0.04500556907414387	0.03651232404662397	0.014737110027913988	0.028999526959149646	0.017914851855497224	0.04273360338759179	0.016449457128623113	0.020816332072436924	0.017504801680173862	0.035376804268389836	5.937073913637417E-4	0.006350650992289846	0.0066269304287174865	0.00900360559344007	0.014646021237831671	2.0387910553302495	1.0304116868713675	4.180786341744457	0.26059784306290024	1.9458324606675648	1.1481229531980683	2.0258844015459756	0.0066269304287174865	0.0066269304287174865	0.0066269304287174865	0	0.0066269304287174865	0.0066269304287174865	0	0.0066269304287174865	0.0066269304287174865	0	0.0066269304287174865	0.0066269304287174865	-332.9861398710408	-90.0907616518342
277	-422.7618753469752	-803.6521071727418	-422.7618753469752	-380.89023182576665	16.094581860724272	0.027079397591536547	0.034115958168549065	0.047819353194528846	0.049132947602067156	0.03115481520533836	0.027214437149936044	0.023122717171318835	0.024514817835387392	0.009119912388609527	0.014191649983642168	0.026097169330270814	0.019380846269808183	0.034251304290214835	0.01719145004197553	0.08509154463176824	0.008961981334831587	0.018843063755152975	0.036252920346561565	0.026136982556332997	0.01322706674308513	0.029202933988808785	0.020226593847833194	0.007575252079977099	0.01865226440466794	0.02651472281799147	0.021399807410807048	0.021891465660706655	0.04500556907414387	0.03651232404662397	0.014737110027913988	0.028999526959149646	0.017914851855497224	0.04273360338759179	0.027638436236000263	0.020816332072436924	0.017504801680173862	0.029774068258760486	4.6048183078211373E-4	0.006005614714817074	0.005927420110003918	0.009299734085080977	0.01420276120014886	2.151915315670673	0.9836854771033757	4.027312855926053	0.1996479256326579	2.1555967328745	0.7783847054368132	2.2387370417832955	0.005927420110003918	0.005927420110003918	0.005927420110003918	0	0.005927420110003918	0.005927420110003918	0	0.005927420110003918	0.005927420110003918	0	0.005927420110003918	0.005927420110003918	-336.1195036977957	-86.64237164917948
278	-422.7070509690819	-814.8794183351745	-422.7070509690819	-392.17236736609266	15.900518338695782	0.027079397591536547	0.034115958168549065	0.022320397075050458	0.04984500368388828	0.03115481520533836	0.027214437149936044	0.023122717171318835	0.07029391708595539	0.009119912388609527	0.014191649983642168	0.026097169330270814	0.019380846269808183	0.034251304290214835	0.007463106392015306	0.012361597329012847	0.008961981334831587	0.018843063755152975	0.036252920346561565	0.026136982556332997	0.01322706674308513	0.029202933988808785	0.020226593847833194	0.007575252079977099	0.01865226440466794	0.07794702757856961	0.021399807410807048	0.021891465660706655	0.04500556907414387	0.03651232404662397	0.014737110027913988	0.03903331393837639	0.017914851855497224	0.04273360338759179	0.027638436236000263	0.020816332072436924	0.017504801680173862	0.029774068258760486	1.2946262821650546E-4	0.00704970892643553	0.00958262117898566	0.008572632329781778	0.008937968283745592	3.001316821083224	0.9738806129858666	5.151919061835911	0.21227775833183563	2.3355907659248105	0.9158565584061531	2.390840486698735	0.00958262117898566	0.00958262117898566	0.00958262117898566	0	0.00958262117898566	0.00958262117898566	0	0.00958262117898566	0.00958262117898566	0	0.00958262117898566	0.00958262117898566	-334.110047008262	-88.5970039608199
279	-422.4974267636318	-828.4637076207033	-422.4974267636318	-405.9662808570715	13.98528531696089	0.027079397591536547	0.04594962023276816	0.022320397075050458	0.04256947662825522	0.03115481520533836	0.025035647829178276	0.023122717171318835	0.07029391708595539	0.009030903966393153	0.014191649983642168	0.014263507266051717	0.019380846269808183	0.034251304290214835	0.007463106392015306	0.012361597329012847	0.016272404160549064	0.018843063755152975	0.036252920346561565	0.0138992711625716	0.025464778136846528	0.03138172330956655	0.020226593847833194	0.007575252079977099	0.01865226440466794	0.07794702757856961	0.028675334466440106	0.021891465660706655	0.04500556907414387	0.03660133246884034	0.014737110027913988	0.03903331393837639	0.017914851855497224	0.03542318056187431	0.027638436236000263	0.020816332072436924	0.017504801680173862	0.029774068258760486	5.574301364933007E-4	0.006353343733163662	0.007032526478017435	0.010545746397169549	0.006468136283900992	2.662756619326635	0.7799280892966929	5.218717692243215	0.17481943368614025	1.2263807618591411	0.8734164440954605	2.610110469739724	0.007032526478017435	0.007032526478017435	0.007032526478017435	0	0.007032526478017435	0.007032526478017435	0	0.007032526478017435	0.007032526478017435	0	0.007032526478017435	0.007032526478017435	-335.10538010155	-87.3920466620818
280	-422.31445121128445	-817.2742586781782	-422.31445121128445	-394.9598074668937	16.469285675238417	0.021920772049607185	0.04594962023276816	0.022320397075050458	0.04256947662825522	0.03115481520533836	0.025035647829178276	0.023122717171318835	0.07029391708595539	0.009030903966393153	0.02541442547152792	0.014263507266051717	0.019380846269808183	0.034251304290214835	0.007463106392015306	0.01752022287094221	0.016272404160549064	0.018843063755152975	0.036252920346561565	0.0138992711625716	0.025464778136846528	0.03138172330956655	0.020226593847833194	0.007575252079977099	0.01865226440466794	0.07794702757856961	0.028675334466440106	0.010668690172820905	0.04500556907414387	0.056039935245396855	0.014737110027913988	0.03903331393837639	0.017914851855497224	0.03542318056187431	0.027638436236000263	0.020816332072436924	0.017504801680173862	0.010335465482203973	4.798723712126944E-5	0.005798409663816765	0.006694273441425441	0.0065305284914316565	0.008465769467450535	2.075116272323738	0.8236157534583874	4.239867797150962	0.176284635686838	2.743043784190755	1.0313691670243954	2.86655915422507	0.006694273441425441	0.006694273441425441	0.006694273441425441	0	0.006694273441425441	0.006694273441425441	0	0.006694273441425441	0.006694273441425441	0	0.006694273441425441	0.006694273441425441	-336.23669601694576	-86.07775519433872
281	-421.65183912049827	-818.2918923750562	-421.65183912049827	-396.64005325455804	17.09051833191767	0.021920772049607185	0.04594962023276816	0.022320397075050458	0.04256947662825522	0.029423402334283644	0.017366411514931845	0.023122717171318835	0.07029391708595539	0.0736271357498056	0.029884770277363	0.014263507266051717	0.030967409030051907	0.034251304290214835	0.016863755577316453	0.01752022287094221	0.016272404160549064	0.018843063755152975	0.036252920346561565	0.0138992711625716	0.025464778136846528	0.014004403918219319	0.020226593847833194	0.007575252079977099	0.01865226440466794	0.030728115186504396	0.033664560856414005	0.010668690172820905	0.04001634268416997	0.056039935245396855	0.014737110027913988	0.03903331393837639	0.017914851855497224	0.019366272995795505	0.027638436236000263	0.020816332072436924	0.017504801680173862	0.010335465482203973	2.8640284176126106E-4	0.0058597678098997056	0.0056205455383973885	0.004542522035460157	0.007589236430615803	1.6309804575776023	1.4007061094990396	3.985904799934298	0.13035357488973184	3.0937915995277683	1.394076715956971	2.9117160915488363	0.0056205455383973885	0.0056205455383973885	0.0056205455383973885	0	0.0056205455383973885	0.0056205455383973885	0	0.0056205455383973885	0.0056205455383973885	0	0.0056205455383973885	0.0056205455383973885	-335.7267786315299	-85.9250604889684
282	-421.6425470362095	-821.4747044608557	-421.6425470362095	-399.83215742464614	16.526347443430545	0.021920772049607185	0.04594962023276816	0.022320397075050458	0.04256947662825522	0.029423402334283644	0.017366411514931845	0.023122717171318835	0.07223722454353859	0.04925419275515362	0.05484977687606926	0.014263507266051717	0.017883863201919925	0.034251304290214835	0.016863755577316453	0.01752022287094221	0.016272404160549064	0.018843063755152975	0.036252920346561565	0.010838589056998624	0.025464778136846528	0.014004403918219319	0.020226593847833194	0.007575252079977099	0.01865226440466794	0.030728115186504396	0.033664560856414005	0.010668690172820905	0.041133717332159744	0.056039935245396855	0.014737110027913988	0.03903331393837639	0.030406334079574923	0.019366272995795505	0.027638436236000263	0.020816332072436924	0.017504801680173862	0.010335465482203973	4.7690968975363753E-4	0.005949855136144813	0.0067306541880261415	0.00569596819773256	0.006416325174769047	1.478483994032425	1.3454858291040555	3.7084110460726594	0.17753558831861366	3.1008664344559054	1.075776914450509	2.3565231540586695	0.0067306541880261415	0.0067306541880261415	0.0067306541880261415	0	0.0067306541880261415	0.0067306541880261415	0	0.0067306541880261415	0.0067306541880261415	0	0.0067306541880261415	0.0067306541880261415	-336.4464068396269	-85.19614019658263
