#
#model:
#
#<?xml version="1.0" encoding="UTF-8" standalone="no"?><input id="posterior" spec="beast.base.inference.CompoundDistribution">
#    <distribution id="prior" spec="beast.base.inference.CompoundDistribution">
#        <distribution id="FixedTreeModel.t:tree" spec="fixedtreeanalysis.evolution.tree.FixedTreeDistribution">
#            <tree IsLabelledNewick="true" adjustTipHeights="false" id="Tree.t:tree" newick="(((cell11:0.0010000000474974513,(cell13:0.0010000000474974513,((cell43:0.0010000000474974513,((cell55:0.0010000000474974513,(cell92:0.0010000000474974513,cell93:0.0010000000474974513):0.0010000000474974513):0.0010000000474974513,(cell82:0.0010000000474974513,cell83:0.0010000000474974513):0.0010000000474974513):0.0010000000474974513):0.0010000000474974513,(cell65:0.0010000000474974513,((cell86:0.0010000000474974513,cell87:0.0010000000474974513):0.0010000000474974513,(cell94:0.0010000000474974513,cell95:0.0010000000474974513):0.0010000000474974513):0.0010000000474974513):0.0010000000474974513):0.0010000000474974513):0.0010000000474974513):0.0010000000474974513,((cell44:0.0010000000474974513,cell45:0.0010000000474974513):0.0010000000474974513,(cell70:0.0010000000474974513,(cell89:0.0010000000474974513,(cell96:0.0010000000474974513,cell97:0.0010000000474974513):0.0010000000474974513):0.0010000000474974513):0.0010000000474974513):0.0010000000474974513):0.0010000000474974513,(((cell14:0.0010000000474974513,(((cell49:0.0010000000474974513,(cell60:0.0010000000474974513,cell61:0.0010000000474974513):0.0010000000474974513):0.0010000000474974513,(cell76:0.0010000000474974513,cell77:0.0010000000474974513):0.0010000000474974513):0.0010000000474974513,(cell58:0.0010000000474974513,(cell62:0.0010000000474974513,(cell74:0.0010000000474974513,(cell78:0.0010000000474974513,cell79:0.0010000000474974513):0.0010000000474974513):0.0010000000474974513):0.0010000000474974513):0.0010000000474974513):0.0010000000474974513):0.0010000000474974513,((cell24:0.0010000000474974513,(cell56:0.0010000000474974513,(cell67:0.0010000000474974513,(cell68:0.0010000000474974513,cell69:0.0010000000474974513):0.0010000000474974513):0.0010000000474974513):0.0010000000474974513):0.0010000000474974513,((cell32:0.0010000000474974513,(cell85:0.0010000000474974513,(cell90:0.0010000000474974513,cell91:0.0010000000474974513):0.0010000000474974513):0.0010000000474974513):0.0010000000474974513,((cell37:0.0010000000474974513,(cell46:0.0010000000474974513,cell47:0.0010000000474974513):0.0010000000474974513):0.0010000000474974513,(cell80:0.0010000000474974513,(cell98:0.0010000000474974513,cell99:0.0010000000474974513):0.0010000000474974513):0.0010000000474974513):0.0010000000474974513):0.0010000000474974513):0.0010000000474974513):0.0010000000474974513,(cell29:0.0010000000474974513,((cell40:0.0010000000474974513,cell41:0.0010000000474974513):0.0010000000474974513,(cell50:0.0010000000474974513,cell51:0.0010000000474974513):0.0010000000474974513):0.0010000000474974513):0.0010000000474974513):0.0010000000474974513):0.0" spec="fixedtreeanalysis.evolution.tree.FixedTree">
#                <taxonset id="TaxonSet.1" spec="beast.base.evolution.alignment.TaxonSet">
#                    <taxon id="cell11" spec="beast.base.evolution.alignment.Taxon"/>
#                    <taxon id="cell13" spec="beast.base.evolution.alignment.Taxon"/>
#                    <taxon id="cell14" spec="beast.base.evolution.alignment.Taxon"/>
#                    <taxon id="cell24" spec="beast.base.evolution.alignment.Taxon"/>
#                    <taxon id="cell29" spec="beast.base.evolution.alignment.Taxon"/>
#                    <taxon id="cell32" spec="beast.base.evolution.alignment.Taxon"/>
#                    <taxon id="cell37" spec="beast.base.evolution.alignment.Taxon"/>
#                    <taxon id="cell40" spec="beast.base.evolution.alignment.Taxon"/>
#                    <taxon id="cell41" spec="beast.base.evolution.alignment.Taxon"/>
#                    <taxon id="cell43" spec="beast.base.evolution.alignment.Taxon"/>
#                    <taxon id="cell44" spec="beast.base.evolution.alignment.Taxon"/>
#                    <taxon id="cell45" spec="beast.base.evolution.alignment.Taxon"/>
#                    <taxon id="cell46" spec="beast.base.evolution.alignment.Taxon"/>
#                    <taxon id="cell47" spec="beast.base.evolution.alignment.Taxon"/>
#                    <taxon id="cell49" spec="beast.base.evolution.alignment.Taxon"/>
#                    <taxon id="cell50" spec="beast.base.evolution.alignment.Taxon"/>
#                    <taxon id="cell51" spec="beast.base.evolution.alignment.Taxon"/>
#                    <taxon id="cell55" spec="beast.base.evolution.alignment.Taxon"/>
#                    <taxon id="cell56" spec="beast.base.evolution.alignment.Taxon"/>
#                    <taxon id="cell58" spec="beast.base.evolution.alignment.Taxon"/>
#                    <taxon id="cell60" spec="beast.base.evolution.alignment.Taxon"/>
#                    <taxon id="cell61" spec="beast.base.evolution.alignment.Taxon"/>
#                    <taxon id="cell62" spec="beast.base.evolution.alignment.Taxon"/>
#                    <taxon id="cell65" spec="beast.base.evolution.alignment.Taxon"/>
#                    <taxon id="cell67" spec="beast.base.evolution.alignment.Taxon"/>
#                    <taxon id="cell68" spec="beast.base.evolution.alignment.Taxon"/>
#                    <taxon id="cell69" spec="beast.base.evolution.alignment.Taxon"/>
#                    <taxon id="cell70" spec="beast.base.evolution.alignment.Taxon"/>
#                    <taxon id="cell74" spec="beast.base.evolution.alignment.Taxon"/>
#                    <taxon id="cell76" spec="beast.base.evolution.alignment.Taxon"/>
#                    <taxon id="cell77" spec="beast.base.evolution.alignment.Taxon"/>
#                    <taxon id="cell78" spec="beast.base.evolution.alignment.Taxon"/>
#                    <taxon id="cell79" spec="beast.base.evolution.alignment.Taxon"/>
#                    <taxon id="cell80" spec="beast.base.evolution.alignment.Taxon"/>
#                    <taxon id="cell82" spec="beast.base.evolution.alignment.Taxon"/>
#                    <taxon id="cell83" spec="beast.base.evolution.alignment.Taxon"/>
#                    <taxon id="cell85" spec="beast.base.evolution.alignment.Taxon"/>
#                    <taxon id="cell86" spec="beast.base.evolution.alignment.Taxon"/>
#                    <taxon id="cell87" spec="beast.base.evolution.alignment.Taxon"/>
#                    <taxon id="cell89" spec="beast.base.evolution.alignment.Taxon"/>
#                    <taxon id="cell90" spec="beast.base.evolution.alignment.Taxon"/>
#                    <taxon id="cell91" spec="beast.base.evolution.alignment.Taxon"/>
#                    <taxon id="cell92" spec="beast.base.evolution.alignment.Taxon"/>
#                    <taxon id="cell93" spec="beast.base.evolution.alignment.Taxon"/>
#                    <taxon id="cell94" spec="beast.base.evolution.alignment.Taxon"/>
#                    <taxon id="cell95" spec="beast.base.evolution.alignment.Taxon"/>
#                    <taxon id="cell96" spec="beast.base.evolution.alignment.Taxon"/>
#                    <taxon id="cell97" spec="beast.base.evolution.alignment.Taxon"/>
#                    <taxon id="cell98" spec="beast.base.evolution.alignment.Taxon"/>
#                    <taxon id="cell99" spec="beast.base.evolution.alignment.Taxon"/>
#                </taxonset>
#            </tree>
#        </distribution>
#        <prior id="geoclockPrior.c:geo" name="distribution">
#            <parameter id="traitClockRate.c:geo" name="x" spec="beast.base.inference.parameter.RealParameter">1.0</parameter>
#            <Gamma id="Gamma.1" name="distr">
#                <parameter estimate="false" id="RealParameter.6" name="alpha" spec="beast.base.inference.parameter.RealParameter">0.001</parameter>
#                <parameter estimate="false" id="RealParameter.7" name="beta" spec="beast.base.inference.parameter.RealParameter">1000.0</parameter>
#            </Gamma>
#        </prior>
#        <prior id="relativeGeoRatesPrior.s:geo" name="distribution">
#            <parameter dimension="3" id="relativeGeoRates.s:geo" name="x" spec="beast.base.inference.parameter.RealParameter">1.0</parameter>
#            <Gamma id="Gamma.2" name="distr">
#                <parameter estimate="false" id="RealParameter.8" name="alpha" spec="beast.base.inference.parameter.RealParameter">1.0</parameter>
#                <parameter estimate="false" id="RealParameter.9" name="beta" spec="beast.base.inference.parameter.RealParameter">1.0</parameter>
#            </Gamma>
#        </prior>
#        <prior id="nonZeroRatePrior.s:geo" name="distribution">
#            <x id="nonZeroRates.s:geo" spec="beast.base.evolution.Sum">
#                <arg dimension="3" id="rateIndicator.s:geo" spec="beast.base.inference.parameter.BooleanParameter">true</arg>
#            </x>
#            <distr id="Poisson.0" offset="2.0" spec="beast.base.inference.distribution.Poisson">
#                <parameter estimate="false" id="RealParameter.10" name="lambda" spec="beast.base.inference.parameter.RealParameter">0.693</parameter>
#            </distr>
#        </prior>
#    </distribution>
#    <distribution id="likelihood" spec="beast.base.inference.CompoundDistribution" useThreads="true">
#        <distribution data="@fifty_samples_true" id="treeLikelihood.fifty_samples_true" spec="fixedtreeanalysis.evolution.likelihood.FixedTreeLikelihood" tree="@Tree.t:tree">
#            <siteModel id="FixedSiteModel.s:fifty_samples_true" spec="fixedtreeanalysis.evolution.sitemodel.FixedSiteModel">
#                <parameter estimate="false" id="RealParameter.0" lower="0.0" name="mutationRate" spec="beast.base.inference.parameter.RealParameter" upper="1.0">1.0</parameter>
#                <parameter id="RealParameter.1" lower="0.0" name="shape" spec="beast.base.inference.parameter.RealParameter" upper="0.0">1.0</parameter>
#                <parameter id="RealParameter.2" lower="0.0" name="proportionInvariant" spec="beast.base.inference.parameter.RealParameter" upper="0.0">0.0</parameter>
#                <substModel id="JC69.s:fifty_samples_true" spec="beast.base.evolution.substitutionmodel.JukesCantor"/>
#            </siteModel>
#            <branchRateModel id="FixedClock.c:fifty_samples_true" spec="fixedtreeanalysis.evolution.branchratemodel.FixedClockModel">
#                <parameter estimate="false" id="RealParameter.3" name="clock.rate" spec="beast.base.inference.parameter.RealParameter">1.0</parameter>
#            </branchRateModel>
#        </distribution>
#        <distribution id="traitedtreeLikelihood.geo" spec="beastclassic.evolution.likelihood.AncestralStateTreeLikelihood" tag="location" tree="@Tree.t:tree">
#            <data id="geo" spec="beastclassic.evolution.alignment.AlignmentFromTrait">
#                <traitSet id="traitSet.geo" spec="beast.base.evolution.tree.TraitSet" taxa="@TaxonSet.1" traitname="discrete">cell11=t3,
#cell13=t2,
#cell14=t2,
#cell24=t1,
#cell29=t3,
#cell32=t2,
#cell37=t1,
#cell40=t1,
#cell41=t1,
#cell43=t2,
#cell44=t1,
#cell45=t1,
#cell46=t2,
#cell47=t2,
#cell49=t2,
#cell50=t3,
#cell51=t3,
#cell55=t2,
#cell56=t3,
#cell58=t3,
#cell60=t3,
#cell61=t3,
#cell62=t3,
#cell65=t3,
#cell67=t3,
#cell68=t1,
#cell69=t1,
#cell70=t1,
#cell74=t1,
#cell76=t3,
#cell77=t3,
#cell78=t1,
#cell79=t1,
#cell80=t3,
#cell82=t1,
#cell83=t1,
#cell85=t3,
#cell86=t2,
#cell87=t2,
#cell89=t2,
#cell90=t3,
#cell91=t3,
#cell92=t3,
#cell93=t3,
#cell94=t1,
#cell95=t1,
#cell96=t3,
#cell97=t3,
#cell98=t1,
#cell99=t1</traitSet>
#                <userDataType codeMap="t1=0,t2=1,t3=2,? = 0 1 2 " codelength="-1" id="traitDataType.geo" spec="beast.base.evolution.datatype.UserDataType" states="3"/>
#            </data>
#            <siteModel gammaCategoryCount="1" id="geoSiteModel.s:geo" spec="beast.base.evolution.sitemodel.SiteModel">
#                <parameter estimate="false" id="mutationRate.s:geo" name="mutationRate" spec="beast.base.inference.parameter.RealParameter">1.0</parameter>
#                <parameter estimate="false" id="gammaShape.s:geo" name="shape" spec="beast.base.inference.parameter.RealParameter">1.0</parameter>
#                <parameter estimate="false" id="proportionInvariant.s:geo" lower="0.0" name="proportionInvariant" spec="beast.base.inference.parameter.RealParameter" upper="1.0">0.0</parameter>
#                <substModel id="svs.s:geo" rateIndicator="@rateIndicator.s:geo" rates="@relativeGeoRates.s:geo" spec="beastclassic.evolution.substitutionmodel.SVSGeneralSubstitutionModel">
#                    <frequencies id="traitfreqs.s:geo" spec="beast.base.evolution.substitutionmodel.Frequencies">
#                        <parameter dimension="3" id="traitfrequencies.s:geo" name="frequencies" spec="beast.base.inference.parameter.RealParameter">0.3333333333333333</parameter>
#                    </frequencies>
#                </substModel>
#            </siteModel>
#            <branchRateModel clock.rate="@traitClockRate.c:geo" id="StrictClockModel.c:geo" spec="beast.base.evolution.branchratemodel.StrictClockModel"/>
#        </distribution>
#    </distribution>
#</input>
#
Sample	posterior	likelihood	prior	treeLikelihood	rateIndicator.1	rateIndicator.2	rateIndicator.3	relativeGeoRates.1	relativeGeoRates.2	relativeGeoRates.3	traitClockRate	geoSubstModelLogger.relGeoRate_t1_t2	geoSubstModelLogger.relGeoRate_t1_t3	geoSubstModelLogger.relGeoRate_t2_t3
0	-146.18656404105076	-135.2117521205957	-10.974811920455068	0.0	1	1	1	1.0	1.0	1.0	1.0	1.0	1.0	1.0
1000	-67.77754693283254	-50.777649869852574	-16.99989706297996	0.0	1	1	1	0.9034230104219072	0.9995085048248087	1.0376447914352167	320.7177972555653	0.9034230104219072	0.9995085048248087	1.0376447914352167
2000	-69.06768789391029	-52.35593504365281	-16.71175285025747	0.0	1	1	1	1.1012724633699464	1.0667346725483229	0.9869993949545036	215.47275566837453	1.1012724633699464	1.0667346725483229	0.9869993949545036
3000	-72.0725621880109	-53.44354309931272	-18.62901908869819	0.0	1	1	0	1.1257480802575717	1.0791839751831298	0.906987192445797	1004.5903799923325	1.1257480802575717	1.0791839751831298	0.0
4000	-68.78566987742394	-51.71775421893751	-17.06791565848643	0.0	0	1	1	1.1048098929663979	0.9465648252226293	0.8920845221453838	438.98622074835146	0.0	0.9465648252226293	0.8920845221453838
5000	-68.23145094964374	-50.98230496297601	-17.249145986667735	0.0	1	1	1	1.1485321667232042	1.0606410643906186	0.7970821144425961	367.7050041394842	1.1485321667232042	1.0606410643906186	0.7970821144425961
6000	-69.42890019579484	-51.44445134775772	-17.984448848037122	0.0	1	1	1	1.2110817657535082	1.1633543954633458	0.843849545371535	528.5271463225739	1.2110817657535082	1.1633543954633458	0.843849545371535
7000	-69.89416216748484	-51.79125220903801	-18.102909958446823	0.0	1	0	1	1.308451533032409	1.1909844134749585	0.696096005021449	723.1954828369363	1.308451533032409	0.0	0.696096005021449
8000	-69.39805420514966	-51.886027929006026	-17.51202627614364	0.0	1	0	1	1.1976202496053108	0.9157954746573503	0.6313000269118025	665.7742243413411	1.1976202496053108	0.0	0.6313000269118025
9000	-68.8172635310558	-51.54945543168659	-17.267808099369212	0.0	1	1	1	1.1083293173218627	0.8628060103367645	0.5576375496369127	519.1953577166098	1.1083293173218627	0.8628060103367645	0.5576375496369127
10000	-69.18272282327159	-52.461610105991255	-16.721112717280338	0.0	0	1	1	1.049826567926509	1.04602551493399	0.6273059353319351	401.5446477024694	0.0	1.04602551493399	0.6273059353319351
11000	-69.12397918848576	-52.67419929545234	-16.449779893033426	0.0	1	1	1	1.069626547783263	1.190439778754638	0.5495527523229339	230.69471830103407	1.069626547783263	1.190439778754638	0.5495527523229339
12000	-69.0750193179349	-52.19458702951308	-16.88043228842183	0.0	1	1	1	1.3124028839068347	1.1663342957177742	0.49055318541329	286.2213401717721	1.3124028839068347	1.1663342957177742	0.49055318541329
13000	-70.93085387422599	-52.51510415542649	-18.415749718799493	0.0	1	1	1	1.5186710121991691	1.3435292012676754	0.4206273642975388	665.3289388686576	1.5186710121991691	1.3435292012676754	0.4206273642975388
14000	-71.10774304898689	-52.884985370170455	-18.222757678816443	0.0	1	0	1	1.335759488317818	1.397852306565011	0.3491647921472971	824.6501611103927	1.335759488317818	0.0	0.3491647921472971
15000	-71.19508639446893	-52.799775071601424	-18.39531132286751	0.0	1	1	1	1.2160024184563867	1.4343723751822441	0.4434017223691939	734.76784661899	1.2160024184563867	1.4343723751822441	0.4434017223691939
16000	-69.76962302759345	-51.85876034423008	-17.91086268336338	0.0	1	1	1	1.4283953995802632	1.4509199285883543	0.4604311569140606	463.8603418395188	1.4283953995802632	1.4509199285883543	0.4604311569140606
17000	-70.46813570646826	-53.42165956861307	-17.046476137855187	0.0	1	1	1	1.3980511392612482	1.5322494021545914	0.5357717419000072	219.70382502342142	1.3980511392612482	1.5322494021545914	0.5357717419000072
18000	-70.73803547219208	-52.24004977920371	-18.49798569298838	0.0	1	0	1	1.6002838157075234	1.4540583771016182	0.6941009217833655	658.6912622493062	1.6002838157075234	0.0	0.6941009217833655
19000	-70.74306024308507	-53.394195996112444	-17.34886424697263	0.0	1	1	1	1.6419862871929383	1.4431953061458311	0.7350905971651798	210.52505735291072	1.6419862871929383	1.4431953061458311	0.7350905971651798
20000	-69.4902511347305	-51.40872932650923	-18.08152180822127	0.0	1	1	1	1.652725934861307	1.3527841325593197	0.7286849065569503	396.5913683959009	1.652725934861307	1.3527841325593197	0.7286849065569503
21000	-69.76055407759354	-51.53851670365066	-18.222037373942886	0.0	1	1	1	1.6706407980102986	1.307429293715788	0.6855295553627636	459.8520039445959	1.6706407980102986	1.307429293715788	0.6855295553627636
22000	-69.09880984061293	-51.70231493886222	-17.396494901750703	0.0	1	1	1	1.5470002258892719	1.1164167983103863	0.7741011366476974	297.0289709146942	1.5470002258892719	1.1164167983103863	0.7741011366476974
23000	-71.11576416286243	-52.46902181072903	-18.646742352133394	0.0	1	1	1	1.5415686857333988	1.0314653667972429	0.7774143517452277	732.5487143429664	1.5415686857333988	1.0314653667972429	0.7774143517452277
24000	-74.67518962627405	-53.85990637325508	-20.815283253018972	0.0	1	0	1	1.466197599273248	1.2608359953720636	0.8868470926376575	2000.6765089220241	1.466197599273248	0.0	0.8868470926376575
25000	-71.10627868511337	-53.08272749152892	-18.02355119358445	0.0	1	0	1	1.7113614401317996	1.222385881896857	1.0180675117771	423.0966588692726	1.7113614401317996	0.0	1.0180675117771
26000	-70.44048724893547	-51.433887048053066	-19.006600200882406	0.0	1	1	1	1.8723268309281398	1.4276806846442787	1.008985617394449	505.15489921400433	1.8723268309281398	1.4276806846442787	1.008985617394449
27000	-71.12869338694313	-52.72292832229727	-18.40576506464585	0.0	0	1	1	1.9423828834005676	1.7165398630456312	1.0449363426916771	322.9864801339934	0.0	1.7165398630456312	1.0449363426916771
28000	-71.08499045348461	-51.504697766054754	-19.580292687429846	0.0	1	1	1	2.135897603652541	2.253144806131241	0.9611250849904559	364.2822424998969	2.135897603652541	2.253144806131241	0.9611250849904559
29000	-69.67449197308386	-51.49965014132824	-18.174841831755614	0.0	1	1	1	1.9632260220345317	0.9074127094390668	0.8506623974593708	427.5996377407927	1.9632260220345317	0.9074127094390668	0.8506623974593708
30000	-72.18759579130011	-52.107302481211974	-20.08029331008813	0.0	0	1	1	0.8618409726789136	0.21253875435554426	1.2934760617061727	2350.661342701939	0.0	0.21253875435554426	1.2934760617061727
31000	-66.5990198133739	-50.65372275334965	-15.945297060024258	0.0	1	1	1	0.26156651409283194	0.49235564567126605	0.8101778062334737	406.30013368347943	0.26156651409283194	0.49235564567126605	0.8101778062334737
32000	-71.88471007773728	-53.11905617299228	-18.765653904744994	0.0	1	1	1	2.042431131299593	1.7375622233959107	0.0510006879820722	588.9258898735474	2.042431131299593	1.7375622233959107	0.0510006879820722
33000	-68.6279088534588	-51.966646784697105	-16.661262068761697	0.0	1	1	1	1.0832386469724098	1.0566932449493176	0.33621115390606815	352.4012973967271	1.0832386469724098	1.0566932449493176	0.33621115390606815
34000	-71.46118052829267	-51.65654261926882	-19.80463790902385	0.0	1	0	1	0.691763236896895	0.13347987475869216	3.2467027167056215	1115.5340187172294	0.691763236896895	0.0	3.2467027167056215
35000	-66.2463961747467	-50.83196669252473	-15.414429482221973	0.0	1	1	1	0.4163998662004178	0.4956511547672953	0.454765112862807	317.88220842731596	0.4163998662004178	0.4956511547672953	0.454765112862807
36000	-70.60911557591957	-51.56676345820373	-19.04235211771584	0.0	1	0	1	1.533441665957906	0.7168076233151197	2.369963239799454	536.4201499108062	1.533441665957906	0.0	2.369963239799454
37000	-67.91530683706713	-52.10970019527792	-15.805606641789216	0.0	0	1	1	0.013753310147524279	0.2635431841161615	0.3377444165010248	847.6976210742757	0.0	0.2635431841161615	0.3377444165010248
38000	-71.13503854624494	-52.33873521570047	-18.796303330544475	0.0	1	0	1	1.339124845216125	0.789538208778337	0.8312952019262352	1170.8438806643542	1.339124845216125	0.0	0.8312952019262352
39000	-69.03417488736054	-54.390656800232605	-14.643518087127932	0.0	1	1	1	0.08435933827594151	0.3543475060741467	0.8070361019054122	188.75480809942306	0.08435933827594151	0.3543475060741467	0.8070361019054122
40000	-70.82872649867502	-51.35868815185684	-19.470038346818193	0.0	1	1	1	2.1668889360304533	0.0971624309064735	2.053894058862426	673.0190857689732	2.1668889360304533	0.0971624309064735	2.053894058862426
41000	-69.87883437024706	-53.37649504902834	-16.502339321218717	0.0	1	1	0	0.44257241296162886	0.5177453026276673	1.2383445132920003	496.0733588318689	0.44257241296162886	0.5177453026276673	0.0
42000	-73.021051309146	-51.21059636901636	-21.81045494012964	0.0	1	1	1	1.2649207883487437	3.4092326589865527	2.515422173104137	479.8231721677842	1.2649207883487437	3.4092326589865527	2.515422173104137
43000	-74.45799328528497	-52.46030485794178	-21.997688427343185	0.0	0	1	1	1.9549244475091168	1.4130887296474886	2.7392035308942844	1200.217373029941	0.0	1.4130887296474886	2.7392035308942844
44000	-66.72144160750997	-50.916102263199704	-15.805339344310262	0.0	1	1	1	0.5198705520587098	0.25982552410810433	0.780701960800116	368.2570280018399	0.5198705520587098	0.25982552410810433	0.780701960800116
45000	-70.30117189709037	-50.74167237593667	-19.5594995211537	0.0	1	1	1	1.0811603487172197	1.1268287381574424	2.697257084816756	490.7343629346927	1.0811603487172197	1.1268287381574424	2.697257084816756
46000	-68.65805628643439	-52.040002163916036	-16.61805412251835	0.0	1	0	1	1.2417520078484463	0.005098506885655763	1.199326754086387	453.62862818784737	1.2417520078484463	0.0	1.199326754086387
47000	-74.62760439694262	-53.45458351693186	-21.173020880010746	0.0	1	0	1	0.402618715607747	0.5662168850646991	1.6740806677016151	2943.6125121527098	0.402618715607747	0.0	1.6740806677016151
48000	-69.315444612996	-51.04375819133577	-18.271686421660238	0.0	1	1	1	1.378598051711208	0.6620882704867824	2.052001512150765	350.807958590081	1.378598051711208	0.6620882704867824	2.052001512150765
49000	-75.66529111956382	-53.1052836907259	-22.560007428837928	0.0	1	1	1	2.300121807354982	4.711452170043372	0.32658031058673026	701.4478338599149	2.300121807354982	4.711452170043372	0.32658031058673026
50000	-69.14376236921196	-51.69114695064201	-17.45261541856995	0.0	1	1	1	1.422728563975214	0.49648897844620304	0.6328381273860652	576.364425190919	1.422728563975214	0.49648897844620304	0.6328381273860652
51000	-73.21148298110815	-51.29002469963376	-21.921458281474386	0.0	1	1	1	2.059122586481712	2.2791153387140537	2.71793721659167	563.5497888710099	2.059122586481712	2.2791153387140537	2.71793721659167
52000	-69.05747319900922	-53.60236140744773	-15.45511179156149	0.0	1	1	1	0.013767658778019993	0.9849660071348848	0.9873010159097082	200.37496140187164	0.013767658778019993	0.9849660071348848	0.9873010159097082
53000	-72.7212892982173	-52.492260044814586	-20.22902925340271	0.0	1	0	1	0.6817290804441193	1.9864084394704737	1.3264804959515257	1394.368144725669	0.6817290804441193	0.0	1.3264804959515257
54000	-67.38273328486123	-51.372106190900936	-16.0106270939603	0.0	1	0	1	0.4000193314815321	0.24508129604896212	0.6782570435396814	634.2274872125492	0.4000193314815321	0.0	0.6782570435396814
55000	-70.69203505517791	-51.316898438215446	-19.37513661696247	0.0	1	1	1	0.4559828492298182	0.7541407536544977	2.9890037271801426	682.6869678164733	0.4559828492298182	0.7541407536544977	2.9890037271801426
56000	-67.58834448895024	-50.902784751274375	-16.68555973767587	0.0	1	1	1	0.879410738925784	0.7550624671582058	1.0580682872473086	304.9099273791004	0.879410738925784	0.7550624671582058	1.0580682872473086
57000	-69.95806771725782	-50.55095172535368	-19.407115991904142	0.0	1	1	1	1.3390456115217018	1.5434616187492476	2.2189149648868858	384.8864552637014	1.3390456115217018	1.5434616187492476	2.2189149648868858
58000	-66.13597906689402	-51.628229483658515	-14.50774958323551	0.0	0	1	1	0.44656771565697484	0.03711588762994777	0.045051871527177836	396.14044048454565	0.0	0.03711588762994777	0.045051871527177836
59000	-68.57743672096386	-52.197661995362886	-16.379774725600974	0.0	1	1	1	0.758260045319493	1.0012920491651187	0.1974090349984268	418.459099897395	0.758260045319493	1.0012920491651187	0.1974090349984268
60000	-70.11279276728108	-51.53050953996408	-18.582283227316996	0.0	1	1	1	1.922968336837029	0.4814585853519619	1.1700275169108107	616.4552006634468	1.922968336837029	0.4814585853519619	1.1700275169108107
61000	-67.03209923184909	-51.48422994185976	-15.547869289989334	0.0	1	1	1	0.2434920599119868	0.7345729809630342	0.3445626927885076	362.9789998668406	0.2434920599119868	0.7345729809630342	0.3445626927885076
62000	-68.86206211986581	-52.82477289868356	-16.03728922118225	0.0	1	1	1	1.020481780554068	0.7531312559116262	0.19839818886027186	322.16799998379025	1.020481780554068	0.7531312559116262	0.19839818886027186
63000	-69.44553792469705	-51.53070357129799	-17.914834353399065	0.0	1	1	1	0.343560584304789	1.1021072386856121	2.388331630256081	325.97847117914324	0.343560584304789	1.1021072386856121	2.388331630256081
64000	-74.02720591136837	-53.315861622374115	-20.71134428899426	0.0	1	1	0	2.615623985365656	2.6459447476931968	0.199156733446792	875.5055230862514	2.615623985365656	2.6459447476931968	0.0
65000	-76.75193418040095	-53.7949441688553	-22.956990011545653	0.0	1	1	1	3.415838095053877	1.5881625419536687	1.7172032082023398	1188.5583560679586	3.415838095053877	1.5881625419536687	1.7172032082023398
66000	-72.32444388472386	-51.437283267819616	-20.88716061690425	0.0	1	1	1	3.4148315613096933	1.0262582192570675	1.7962827655176485	489.2649308481834	3.4148315613096933	1.0262582192570675	1.7962827655176485
67000	-70.25528380747303	-53.84536451223814	-16.4099192952349	0.0	1	1	1	1.3700504645098466	0.22840126992287277	0.2746524399771962	453.07081376402044	1.3700504645098466	0.22840126992287277	0.2746524399771962
68000	-70.50297489857516	-51.718468287293014	-18.78450661128215	0.0	1	0	1	2.1647408611753347	0.5438108408923357	1.5510516437800739	573.1027207565039	2.1647408611753347	0.0	1.5510516437800739
69000	-69.40582389283855	-52.63154545716969	-16.774278435668865	0.0	1	0	1	1.002731755810585	0.9619898172459614	0.5971586451276063	466.4041329455951	1.002731755810585	0.0	0.5971586451276063
70000	-71.83715139007893	-51.522922085108874	-20.314229304970063	0.0	1	0	1	1.2463452542573896	2.407376731279263	2.15013595659219	567.8207463894632	1.2463452542573896	0.0	2.15013595659219
71000	-71.31863069997029	-51.961773567711525	-19.35685713225876	0.0	1	1	1	0.30362920977574276	2.9052566616336164	2.2616112364094585	280.7436325783472	0.30362920977574276	2.9052566616336164	2.2616112364094585
72000	-69.82997328456521	-51.82432842533416	-18.00564485923105	0.0	0	1	1	1.673182157511087	0.5087280410596156	0.7642971037455031	788.6714478525332	0.0	0.5087280410596156	0.7642971037455031
73000	-71.24913740185598	-53.7346332992533	-17.51450410260268	0.0	1	1	1	0.8187217452941918	2.4464097213329934	0.5266798765674863	246.60416067329396	0.8187217452941918	2.4464097213329934	0.5266798765674863
74000	-68.78674982099038	-51.35973591746457	-17.427013903525808	0.0	1	1	1	0.041115532951428606	0.9167209912127688	1.5902288927192867	568.4921133204491	0.041115532951428606	0.9167209912127688	1.5902288927192867
75000	-66.98411162960916	-51.65184817993958	-15.332263449669577	0.0	0	1	1	0.15888404268150577	0.08536341636273863	0.1415543579295445	739.7155446158879	0.0	0.08536341636273863	0.1415543579295445
76000	-67.98526271295236	-51.634797381623194	-16.35046533132916	0.0	0	1	1	0.3178155450194189	0.28562376598313216	0.6110569819996359	822.8370138300339	0.0	0.28562376598313216	0.6110569819996359
77000	-68.5302754883121	-51.70286427022525	-16.82741121808685	0.0	0	1	1	1.740842115574915	0.2876603830468769	0.2927826067457377	566.2835834610388	0.0	0.2876603830468769	0.2927826067457377
78000	-70.60074495570169	-51.56506092203789	-19.035684033663802	0.0	0	1	1	0.020390911404525473	1.2406170643347025	3.0815494095272427	636.5045044118616	0.0	1.2406170643347025	3.0815494095272427
79000	-75.61194615313866	-51.78219533154558	-23.82975082159308	0.0	1	1	1	1.9760894263469935	3.0088246274297337	5.149042610264818	241.32476825931585	1.9760894263469935	3.0088246274297337	5.149042610264818
80000	-67.70859989485058	-51.42003257287222	-16.288567321978352	0.0	1	1	1	0.3932036233057842	1.0036653691522304	1.1187217745496854	256.7213541574563	0.3932036233057842	1.0036653691522304	1.1187217745496854
81000	-70.07798986986859	-54.662912957677534	-15.415076912191052	0.0	0	1	1	0.2980767890665898	1.0131135210164899	0.3148251321132904	344.81366469895585	0.0	1.0131135210164899	0.3148251321132904
82000	-69.71675587397303	-53.88196965226774	-15.83478622170529	0.0	1	0	1	0.8089771041841023	0.1760814741385259	0.2238469960609429	610.6631137095122	0.8089771041841023	0.0	0.2238469960609429
83000	-68.01046267261661	-52.800025507562225	-15.210437165054381	0.0	1	1	1	0.6354728621648272	0.3577659741978132	0.14226132028166313	324.5298735116924	0.6354728621648272	0.3577659741978132	0.14226132028166313
84000	-67.22808021947986	-51.04251731517812	-16.185562904301754	0.0	1	1	1	0.8520429941598527	0.3548843531333655	0.6961882445569755	378.46030646063815	0.8520429941598527	0.3548843531333655	0.6961882445569755
85000	-70.74068463132753	-53.747644843624066	-16.993039787703466	0.0	1	1	1	0.32178866431138403	1.9973970309651692	0.3731418776329381	383.50277761591065	0.32178866431138403	1.9973970309651692	0.3731418776329381
86000	-75.0615124429423	-51.53645839173333	-23.52505405120896	0.0	1	1	1	0.30659758055480973	4.191096656966318	4.905308886919937	336.23789499372066	0.30659758055480973	4.191096656966318	4.905308886919937
87000	-68.70966351079281	-52.37781215984784	-16.33185135094496	0.0	1	1	1	0.8467930923547374	0.40730010290027097	0.16792453790777262	579.7637041136803	0.8467930923547374	0.40730010290027097	0.16792453790777262
88000	-67.81454283727204	-51.36150655290223	-16.45303628436982	0.0	1	1	1	0.0554170349500806	0.7647321442696389	0.8949945514732254	518.8046825554429	0.0554170349500806	0.7647321442696389	0.8949945514732254
89000	-69.7812672445111	-51.60620317292713	-18.175064071583975	0.0	1	1	1	1.8754853419992705	0.7207429632087832	1.57566357472418	307.2914434291393	1.8754853419992705	0.7207429632087832	1.57566357472418
90000	-66.55446639389974	-50.721153936932325	-15.833312456967423	0.0	1	1	1	0.4644075133923043	0.4582521704632739	0.4921067936989931	417.20056018134915	0.4644075133923043	0.4582521704632739	0.4921067936989931
91000	-66.82320568637499	-51.510749932300236	-15.31245575407475	0.0	1	1	1	0.06685373660159116	0.16302371284346434	0.5421418095535098	454.2017135912201	0.06685373660159116	0.16302371284346434	0.5421418095535098
92000	-71.39362668248455	-53.27302493665971	-18.12060174582484	0.0	1	1	0	0.14194975887665698	0.07367371132056837	2.588422868479675	906.5891191771084	0.14194975887665698	0.07367371132056837	0.0
93000	-70.82510895198857	-51.80028048470732	-19.024828467281246	0.0	1	0	1	2.366703300456189	0.18061788187870034	1.2508898890907432	864.3337431506621	2.366703300456189	0.0	1.2508898890907432
94000	-67.91771462588791	-50.63495079619957	-17.28276382968834	0.0	1	1	1	0.9090785043874677	0.9054211211445817	1.3177509344981617	343.4624978870372	0.9090785043874677	0.9054211211445817	1.3177509344981617
95000	-71.84279568698454	-54.10598822342757	-17.73680746355698	0.0	1	1	1	2.4495447149149903	0.31397325844741836	0.7868610830390593	352.7428643020351	2.4495447149149903	0.31397325844741836	0.7868610830390593
96000	-69.07046992344219	-51.84277784022111	-17.227692083221083	0.0	1	0	1	0.6714219823889503	0.039719575926567136	0.9822392160444496	1013.2385802073891	0.6714219823889503	0.0	0.9822392160444496
97000	-69.41555312617135	-52.24492094295091	-17.170632183220434	0.0	1	0	1	0.8051937947154886	1.017692880422989	1.2540871157212168	429.6541498626427	0.8051937947154886	0.0	1.2540871157212168
98000	-68.6179144458171	-51.59197133777615	-17.025943108040956	0.0	0	1	1	0.05873642685071896	0.4406855904391926	1.2556127040398761	885.0092486915423	0.0	0.4406855904391926	1.2556127040398761
99000	-68.3806273671178	-51.310049794742895	-17.0705775723749	0.0	1	1	1	0.11261496173288332	0.5386988949103811	1.4393241353746413	605.8695785897457	0.11261496173288332	0.5386988949103811	1.4393241353746413
100000	-67.62278880402103	-51.60769062500392	-16.015098179017105	0.0	0	1	1	0.9034152682960158	0.19845592958685554	0.45807171697090454	548.035286634069	0.0	0.19845592958685554	0.45807171697090454
101000	-68.56103716880503	-52.32796834063856	-16.23306882816647	0.0	1	1	1	0.1151407194922854	1.3689510415547668	0.861823813881942	280.9176891693307	0.1151407194922854	1.3689510415547668	0.861823813881942
102000	-65.58867994223726	-51.12285807963001	-14.465821862607255	0.0	1	1	1	0.17180231076735922	0.17390288318746414	0.13655811268714768	302.703990836935	0.17180231076735922	0.17390288318746414	0.13655811268714768
103000	-71.2814387028442	-52.35062726399459	-18.93081143884961	0.0	1	0	1	0.7272815426785695	1.844837082976109	0.2972866665646027	1295.124081996319	0.7272815426785695	0.0	0.2972866665646027
104000	-67.24365144083129	-51.6560818782666	-15.587569562564688	0.0	1	1	1	0.12673022387430152	0.49960661759497366	0.9689585053513915	304.7359796891905	0.12673022387430152	0.49960661759497366	0.9689585053513915
105000	-68.7947533766645	-50.85839914188681	-17.936354234777692	0.0	1	1	1	1.2879434580548006	1.270846283788336	1.350095177496846	313.04781344289063	1.2879434580548006	1.270846283788336	1.350095177496846
106000	-69.55524239141373	-52.83735830761733	-16.717884083796402	0.0	1	1	1	0.44025460943250977	0.09708084087008084	0.1254176835548297	1092.2865383565627	0.44025460943250977	0.09708084087008084	0.1254176835548297
107000	-67.03926426594836	-51.17513676584579	-15.864127500102569	0.0	1	1	1	0.0880164918378296	0.6627943536628791	0.6937181678723497	417.51070110297843	0.0880164918378296	0.6627943536628791	0.6937181678723497
108000	-66.37025735514028	-51.00908789684908	-15.361169458291203	0.0	1	1	1	0.5010074071425332	0.29098056745003326	0.4897532232628622	325.63254045198494	0.5010074071425332	0.29098056745003326	0.4897532232628622
109000	-74.89293896081332	-53.42652789177275	-21.46641106904057	0.0	1	0	1	2.5630367786360595	1.2268336499624117	3.9083908011017146	339.4788786001828	2.5630367786360595	0.0	3.9083908011017146
110000	-67.85726529514073	-51.448258800639614	-16.409006494501128	0.0	1	1	1	0.6886967688392004	0.5111845700957555	1.3033011476887062	285.03893349814825	0.6886967688392004	0.5111845700957555	1.3033011476887062
111000	-68.86745927742444	-52.61505337250331	-16.25240590492113	0.0	1	1	1	0.12043356025423516	1.2610999713033144	0.49261515051270294	405.450790596043	0.12043356025423516	1.2610999713033144	0.49261515051270294
112000	-66.82497042505516	-50.74596164536282	-16.079008779692334	0.0	1	1	1	0.2924138112674756	0.7396773417061561	0.7661405177301558	378.0016160717843	0.2924138112674756	0.7396773417061561	0.7661405177301558
113000	-68.09905241861009	-51.837587817664556	-16.261464600945526	0.0	1	1	1	0.7918393337360722	1.1166353143555534	0.5127140385210752	270.7754402206223	0.7918393337360722	1.1166353143555534	0.5127140385210752
114000	-68.46712502875292	-51.45771103644582	-17.0094139923071	0.0	1	0	1	0.02647036196090144	2.0091875238794445	0.062195500821444046	724.9531037167653	0.02647036196090144	0.0	0.062195500821444046
115000	-67.34848512590263	-50.96770383604621	-16.38078128985642	0.0	1	1	1	0.6430211731228785	0.968506331385012	0.8140888984089568	296.1563453532677	0.6430211731228785	0.968506331385012	0.8140888984089568
116000	-68.16974636823954	-51.51594414735897	-16.65380222088058	0.0	1	1	1	0.8495017139357119	1.1252505478288712	0.43217287651152	368.77867944175716	0.8495017139357119	1.1252505478288712	0.43217287651152
117000	-67.05957234314711	-51.939654417031804	-15.119917926115312	0.0	1	1	1	0.4140201914839646	0.5315747326198068	0.5828833611523059	221.70071355611483	0.4140201914839646	0.5315747326198068	0.5828833611523059
118000	-67.66545260333729	-51.3298005751222	-16.33565202821509	0.0	1	1	1	0.7835191646414777	0.08082793655398657	0.832443457019267	485.6816777399613	0.7835191646414777	0.08082793655398657	0.832443457019267
119000	-68.9872973578509	-52.17389861184218	-16.813398746008726	0.0	1	1	1	0.5275739473200792	1.1677666272361915	0.32719191308447015	537.1196595060281	0.5275739473200792	1.1677666272361915	0.32719191308447015
120000	-71.13075152223578	-51.66975339342802	-19.460998128807773	0.0	0	1	1	0.7237807621097655	0.3521405016031723	1.8647801311338497	1564.953997214707	0.0	0.3521405016031723	1.8647801311338497
121000	-68.44620310618313	-51.55523373167128	-16.890969374511855	0.0	1	1	1	0.05189197779938193	1.0393450966035043	1.0248334478983323	531.5553699690437	0.05189197779938193	1.0393450966035043	1.0248334478983323
122000	-66.46956962702443	-51.052379626994785	-15.417190000029644	0.0	1	1	1	0.14023692856049624	0.5102421625408663	0.6838829712903722	326.46908728369937	0.14023692856049624	0.5102421625408663	0.6838829712903722
123000	-67.81491717016443	-51.381421067950235	-16.433496102214203	0.0	1	1	1	0.5141537993522426	0.3070219297632972	1.3579253033997967	370.8097393146632	0.5141537993522426	0.3070219297632972	1.3579253033997967
124000	-72.09001841652581	-53.08706712080923	-19.002951295716574	0.0	1	1	1	0.8823359950297684	0.9962794067214401	1.412120209417128	920.4096932810353	0.8823359950297684	0.9962794067214401	1.412120209417128
125000	-69.61612938488884	-51.61795650092352	-17.998172883965317	0.0	1	1	1	0.6279693656829711	0.8982131987608921	2.471183382581311	306.7354270798153	0.6279693656829711	0.8982131987608921	2.471183382581311
126000	-67.60088472490334	-51.687336136463195	-15.913548588440142	0.0	1	1	1	0.4684147121718898	1.0562527340222614	0.5174603455465197	277.481253537119	0.4684147121718898	1.0562527340222614	0.5174603455465197
127000	-71.4990061608919	-52.20957554828126	-19.289430612610634	0.0	1	0	1	1.283458859404941	1.1455167191566065	2.6341958100041376	470.8299954498426	1.283458859404941	0.0	2.6341958100041376
128000	-71.70868990732801	-53.42289813565888	-18.285791771669125	0.0	0	1	1	0.10500605555141289	1.090906125106856	0.18221002299641698	1808.0685092600513	0.0	1.090906125106856	0.18221002299641698
129000	-71.52403598689165	-51.35598161966123	-20.16805436723042	0.0	1	0	1	1.9954314367918877	0.38341322967507274	3.1258843196565547	624.9710758263639	1.9954314367918877	0.0	3.1258843196565547
130000	-69.84395132126127	-52.53036615410139	-17.313585167159886	0.0	1	1	1	0.09608465611568623	1.6739486532333179	0.7605549388408844	534.372649977841	0.09608465611568623	1.6739486532333179	0.7605549388408844
131000	-71.73525699692001	-51.511649218062445	-20.22360777885757	0.0	1	1	1	2.0498595449972394	1.4840147444349772	1.7519344386279385	590.0908681042465	2.0498595449972394	1.4840147444349772	1.7519344386279385
132000	-71.04714902361167	-51.35977378543409	-19.68737523817757	0.0	1	0	1	0.9750126318462259	1.8464962192186876	1.8771101922597115	757.834713586193	0.9750126318462259	0.0	1.8771101922597115
133000	-69.09320362626018	-52.11366850494762	-16.979535121312555	0.0	1	1	1	0.5724026533020731	0.4172947309991502	1.9237300247690066	322.37037511029797	0.5724026533020731	0.4172947309991502	1.9237300247690066
134000	-67.98097972681143	-52.838150849492855	-15.142828877318575	0.0	1	1	1	0.4191027787846989	0.39157174658511396	0.8269632699629635	206.4844208357944	0.4191027787846989	0.39157174658511396	0.8269632699629635
135000	-67.11482436275536	-51.95828905054812	-15.156535312207241	0.0	1	1	1	0.026217960027824616	0.33069655043596957	0.6659367616180999	339.1768851184435	0.026217960027824616	0.33069655043596957	0.6659367616180999
136000	-71.04235202619657	-52.17469042859251	-18.86766159760405	0.0	0	1	1	2.6861262926304104	0.10608037564755698	0.24120341770157402	1169.7144487727194	0.0	0.10608037564755698	0.24120341770157402
137000	-67.2340256424488	-50.70699728726354	-16.527028355185262	0.0	1	1	1	0.3622050375647038	0.8679029324758393	0.9752117469441827	389.3591184427976	0.3622050375647038	0.8679029324758393	0.9752117469441827
138000	-68.60043057716496	-52.00377488221846	-16.596655694946495	0.0	1	1	1	0.545243553613416	1.5328326337826874	0.681113717135475	270.17671208319985	0.545243553613416	1.5328326337826874	0.681113717135475
139000	-68.50513213287317	-54.25608103869434	-14.249051094178833	0.0	1	1	1	0.11351910143938551	0.4665006346633133	0.48199687744806735	157.68483469402443	0.11351910143938551	0.4665006346633133	0.48199687744806735
140000	-70.5280070428843	-51.83197440597899	-18.696032636905308	0.0	1	1	1	1.6744295382263183	0.6284419296389292	1.1928620307970663	692.589779916581	1.6744295382263183	0.6284419296389292	1.1928620307970663
141000	-70.30938328822613	-52.2080060042921	-18.101377283934028	0.0	1	1	1	0.2774150322316594	1.7075253271070039	1.020712280906307	650.5588272307101	0.2774150322316594	1.7075253271070039	1.020712280906307
142000	-66.9743579164562	-50.7956206623723	-16.17873725408389	0.0	1	1	1	0.3644612701908609	0.30430842613217446	0.7850976429424082	514.3659507584861	0.3644612701908609	0.30430842613217446	0.7850976429424082
143000	-67.11409545670959	-51.72150944131956	-15.39258601539003	0.0	1	1	1	0.4098415333790142	0.4113278375517115	0.8288122693298426	250.5715782139185	0.4098415333790142	0.4113278375517115	0.8288122693298426
144000	-70.61830553056656	-54.93888075605748	-15.679424774509085	0.0	1	1	0	0.7459601956197309	0.335141346891785	0.43421984330976626	451.20558745579757	0.7459601956197309	0.335141346891785	0.0
145000	-70.68627860833918	-51.8794409811059	-18.806837627233275	0.0	0	1	1	0.6892736112869519	1.5623689518453234	2.6808276899831416	367.2214974284461	0.0	1.5623689518453234	2.6808276899831416
146000	-71.97194879972818	-54.18993114011073	-17.782017659617456	0.0	1	1	0	0.19818702131229177	0.23060907777964554	0.6705838087398617	1665.242687326099	0.19818702131229177	0.23060907777964554	0.0
147000	-65.86296983491485	-50.620880194456035	-15.24208964045881	0.0	1	1	1	0.29983021129557463	0.22398364980107882	0.4168804706671594	383.6922999664073	0.29983021129557463	0.22398364980107882	0.4168804706671594
148000	-69.52831875556879	-51.648007381713036	-17.880311373855758	0.0	0	1	1	2.933962492395302	0.2818982090825166	0.28790912630921733	520.64381672456	0.0	0.2818982090825166	0.28790912630921733
149000	-67.0531318715989	-51.42900901522409	-15.624122856374802	0.0	1	1	1	0.3436445753060149	0.15916505998881508	0.22888038601234292	573.395968528833	0.3436445753060149	0.15916505998881508	0.22888038601234292
150000	-69.71522737551197	-51.462253255722615	-18.25297411978935	0.0	1	1	1	0.28315789522001905	1.0044073522549541	1.8029450245059548	677.2013105030035	0.28315789522001905	1.0044073522549541	1.8029450245059548
151000	-66.88590314461935	-51.32597972277914	-15.559923421840208	0.0	1	1	1	0.02110994793029231	0.1897258421958149	0.34884291982115556	613.5653308882826	0.02110994793029231	0.1897258421958149	0.34884291982115556
152000	-68.82814039290123	-52.02484845041891	-16.80329194248232	0.0	1	1	1	0.23491520079015688	1.5799335445955758	1.2079358286708743	258.26463940813454	0.23491520079015688	1.5799335445955758	1.2079358286708743
153000	-72.15175400558698	-51.36198870451379	-20.78976530107318	0.0	1	1	1	1.5502734159276743	0.41606082571665987	3.469105948030856	757.3359938173044	1.5502734159276743	0.41606082571665987	3.469105948030856
154000	-68.80009321346027	-51.56625806282954	-17.233835150630732	0.0	0	1	1	1.1000387363891386	0.2993177339791232	0.8276025623296906	765.6738880896148	0.0	0.2993177339791232	0.8276025623296906
155000	-68.39228304951095	-51.63249536784732	-16.759787681663624	0.0	0	1	1	0.9975239678209179	0.5763820932756154	0.6484446423158644	577.6833984681574	0.0	0.5763820932756154	0.6484446423158644
156000	-69.94794329401672	-52.136144698938736	-17.811798595077985	0.0	0	1	1	0.13223982040226556	1.6350095984606994	2.391011175890727	311.332083784605	0.0	1.6350095984606994	2.391011175890727
157000	-68.74986016352618	-51.2153263933959	-17.534533770130285	0.0	1	1	1	1.390407752762813	1.0551439147054027	1.1498988719072183	292.49662732913634	1.390407752762813	1.0551439147054027	1.1498988719072183
158000	-71.32365702091612	-51.415706353245724	-19.90795066767039	0.0	1	0	1	1.3875351849812574	0.1738861548313944	3.1886450892473555	832.7676640632234	1.3875351849812574	0.0	3.1886450892473555
159000	-67.56920797231433	-51.32753310340339	-16.241674868910945	0.0	1	1	1	0.622221346140368	0.16424893096536952	0.4916000193096465	599.7223390179176	0.622221346140368	0.16424893096536952	0.4916000193096465
160000	-70.5412604208307	-52.558150152499444	-17.98311026833125	0.0	1	0	1	0.7923430032523976	0.6818537339343892	0.4364613042077848	1301.3665629074483	0.7923430032523976	0.0	0.4364613042077848
161000	-67.43754253658689	-51.5210654213748	-15.916477115212087	0.0	1	1	1	0.46489488408496954	0.1681951884315468	1.0006051448062396	378.5522426568355	0.46489488408496954	0.1681951884315468	1.0006051448062396
162000	-70.56579236658007	-51.216296898252835	-19.349495468327227	0.0	1	1	1	1.767122531534744	2.2212012588463668	1.133250979248563	363.6935292946236	1.767122531534744	2.2212012588463668	1.133250979248563
163000	-68.69781227425186	-51.35233195921533	-17.34548031503653	0.0	1	1	1	0.03813435849147494	1.0504940171151098	1.6141455444645831	486.9405581410189	0.03813435849147494	1.0504940171151098	1.6141455444645831
164000	-69.55420790836797	-52.43390626372499	-17.120301644642975	0.0	1	0	1	0.19393298009107024	0.9148041194733582	0.13680481160350105	1191.6565312741056	0.19393298009107024	0.0	0.13680481160350105
165000	-69.82267980342542	-53.108991862796266	-16.713687940629153	0.0	1	1	1	0.4318362485075831	0.22892898356866642	0.31199158005382865	934.2330300242608	0.4318362485075831	0.22892898356866642	0.31199158005382865
166000	-74.97187706312525	-51.85974987453901	-23.112127188586232	0.0	0	1	1	1.0745524714177301	0.42497354788531155	4.543127719877814	1913.3385083128853	0.0	0.42497354788531155	4.543127719877814
167000	-68.74618504532597	-52.312491641201476	-16.43369340412449	0.0	1	1	1	0.1751988041254785	0.7483183444841062	1.646304398072434	275.8440614386642	0.1751988041254785	0.7483183444841062	1.646304398072434
168000	-66.8840307414401	-51.19899342551954	-15.685037315920555	0.0	1	1	1	0.18753107614160133	0.1455463361385439	0.3504730083266241	614.0380822979256	0.18753107614160133	0.1455463361385439	0.3504730083266241
169000	-71.81805023775564	-52.084673655195466	-19.733376582560172	0.0	1	0	1	0.3028541048310307	2.0884132725091287	1.7557212279489913	1039.6288766309951	0.3028541048310307	0.0	1.7557212279489913
170000	-69.20524361644286	-51.36637360958432	-17.838870006858542	0.0	1	1	1	1.2038344611241891	0.37541079611452016	1.994891009077462	373.61614062268814	1.2038344611241891	0.37541079611452016	1.994891009077462
171000	-68.0735679798451	-52.64104714612482	-15.43252083372028	0.0	0	1	1	1.2714386498071517	0.2651696433799204	0.41727642980096663	271.8616106768566	0.0	0.2651696433799204	0.41727642980096663
172000	-70.21297794976293	-52.03172520492127	-18.181252744841654	0.0	1	0	1	0.9445287991584027	0.07631205591721033	2.6040507374933757	584.6434092224666	0.9445287991584027	0.0	2.6040507374933757
173000	-73.21564140570302	-53.4052697262104	-19.810371679492626	0.0	1	1	0	1.4646078467713342	1.567305603095443	1.363478595446197	954.0439566859058	1.4646078467713342	1.567305603095443	0.0
174000	-73.5889294015876	-52.030826378780596	-21.55810302280701	0.0	1	1	1	1.028599677394846	2.239867738344143	2.997207632342835	730.9142299772325	1.028599677394846	2.239867738344143	2.997207632342835
175000	-66.88108616245071	-52.32427520443824	-14.556810958012472	0.0	1	0	1	0.11984721014263794	0.26102188532180504	0.13894593360474344	412.8494273726017	0.11984721014263794	0.0	0.13894593360474344
176000	-71.30150897712272	-51.552897193228524	-19.748611783894194	0.0	1	1	1	1.6333363106465444	0.41384631511956016	3.3155006763793446	407.6697089466302	1.6333363106465444	0.41384631511956016	3.3155006763793446
177000	-67.49610694306617	-51.27510853017635	-16.220998412889816	0.0	1	1	1	0.27569073695872076	0.7055853411987302	0.5427523047011283	504.94098670452166	0.27569073695872076	0.7055853411987302	0.5427523047011283
178000	-67.72946482645177	-51.78436867596827	-15.945096150483511	0.0	0	1	1	0.5210129925250885	0.3954070253303239	0.8619939278064668	452.0084315227103	0.0	0.3954070253303239	0.8619939278064668
179000	-67.58853698576618	-51.3229798467029	-16.26555713906329	0.0	1	1	1	0.2163755685709307	1.0664580520064166	0.9952288827788383	303.62036656382367	0.2163755685709307	1.0664580520064166	0.9952288827788383
180000	-67.39551176611809	-51.88523532148485	-15.510276444633243	0.0	1	1	1	0.03302974577097306	0.03251226148269671	0.25190159945410984	689.5368284712627	0.03302974577097306	0.03251226148269671	0.25190159945410984
181000	-69.4244528797327	-51.64934763283667	-17.775105246896025	0.0	1	1	1	0.1318650856450915	0.3185615337011559	1.3930215002649444	1028.715275487821	0.1318650856450915	0.3185615337011559	1.3930215002649444
182000	-71.31362122316699	-50.64428617992708	-20.66933504323992	0.0	1	1	1	1.4711960006795735	2.436429864067968	2.5724260521893503	353.48839645329207	1.4711960006795735	2.436429864067968	2.5724260521893503
183000	-68.83478744967348	-52.5690495021882	-16.26573794748528	0.0	1	1	1	0.19162464616176692	0.92878977512445	0.2727380211940634	566.1873966934227	0.19162464616176692	0.92878977512445	0.2727380211940634
184000	-67.30454839940832	-51.32753627940245	-15.977012120005869	0.0	1	0	1	0.3162933428356373	0.24246865405012472	0.4923502268236727	730.9975531989837	0.3162933428356373	0.0	0.4923502268236727
185000	-69.26782579074707	-51.63545346266237	-17.632372328084703	0.0	1	1	1	0.46492175302239697	0.9576783642454426	2.242819886042952	298.86118434316637	0.46492175302239697	0.9576783642454426	2.242819886042952
186000	-66.00085997508582	-51.45162211686296	-14.549237858222861	0.0	1	1	1	0.23244993136220127	0.30030283582470496	0.21852705977736453	261.8691197251826	0.23244993136220127	0.30030283582470496	0.21852705977736453
187000	-68.10960222297889	-51.51494792681845	-16.59465429616044	0.0	1	1	1	0.03368766478538975	0.671074464210971	0.8856562632477504	615.0851045256354	0.03368766478538975	0.671074464210971	0.8856562632477504
188000	-69.18421497159223	-51.88021018959947	-17.304004781992756	0.0	1	1	1	0.44418672724068503	1.1186366575187938	1.985365597763448	253.23202436571322	0.44418672724068503	1.1186366575187938	1.985365597763448
189000	-68.53404475740776	-51.64265879607731	-16.891385961330442	0.0	0	1	1	0.29895170468800547	0.5766827514047783	1.024598774012761	758.868893262675	0.0	0.5766827514047783	1.024598774012761
190000	-67.41212285694283	-51.512701039083275	-15.899421817859547	0.0	1	1	1	0.40213921842432265	0.7955404170984833	0.9818382630656569	246.05252291392725	0.40213921842432265	0.7955404170984833	0.9818382630656569
191000	-73.86366375055934	-50.96603262602397	-22.89763112453538	0.0	1	1	1	2.9013169544498325	2.9131247556424555	2.542190687720443	454.3774638224374	2.9013169544498325	2.9131247556424555	2.542190687720443
192000	-67.20622487717696	-50.88684391466933	-16.319380962507637	0.0	1	1	1	0.7376098476699509	0.7112528989416156	0.574274891300393	382.2645662922161	0.7376098476699509	0.7112528989416156	0.574274891300393
193000	-68.22095890710979	-53.73250888642462	-14.488450020685168	0.0	0	1	1	0.05196591078535276	0.4592163099226404	0.7778418977799697	217.14669512541852	0.0	0.4592163099226404	0.7778418977799697
194000	-68.76209175821268	-52.26463447153556	-16.49745728667712	0.0	1	1	1	0.5967543460402286	1.3173346283555019	0.2897404222479795	381.54124111483713	0.5967543460402286	1.3173346283555019	0.2897404222479795
195000	-68.76725427904198	-51.71720058346257	-17.05005369557941	0.0	0	1	1	0.8770970304408512	1.0756717230585373	1.1793758696457588	379.06154653748183	0.0	1.0756717230585373	1.1793758696457588
196000	-67.84896754531246	-52.483151752916555	-15.365815792395905	0.0	0	1	1	0.5002070126461402	0.6502786242395319	0.4201545120184962	346.38517520056126	0.0	0.6502786242395319	0.4201545120184962
197000	-77.13282723551131	-51.25425966944381	-25.87856756606751	0.0	1	1	1	4.474338838769188	4.66116231458878	2.4592284973108405	378.8425176154331	4.474338838769188	4.66116231458878	2.4592284973108405
198000	-68.89101868050818	-51.54871385718511	-17.342304823323076	0.0	1	0	1	0.5837950865010367	1.458940875249508	0.8745208958238027	537.4368575636702	0.5837950865010367	0.0	0.8745208958238027
199000	-71.09606226049677	-51.79212266791268	-19.30393959258409	0.0	1	1	1	1.3091107967651268	1.697611401010198	1.3203405223778792	604.7140334113001	1.3091107967651268	1.697611401010198	1.3203405223778792
200000	-71.4072102880375	-51.63553234699497	-19.77167794104254	0.0	1	0	1	0.5128509209501191	0.8585512404147094	2.526089459823319	1191.344628750068	0.5128509209501191	0.0	2.526089459823319
201000	-70.44325907563415	-52.260767716406995	-18.182491359227146	0.0	1	1	1	0.37027771551270544	0.5109999789154019	1.482734736998464	972.0939764507239	0.37027771551270544	0.5109999789154019	1.482734736998464
202000	-68.39249449372046	-50.985876870338814	-17.40661762338165	0.0	1	1	1	1.0865992178447152	0.5087741224638447	1.0738680571173547	518.6282150206589	1.0865992178447152	0.5087741224638447	1.0738680571173547
203000	-71.23817169890978	-53.65569265786147	-17.582479041048302	0.0	0	1	1	0.11315396868217599	0.6297576290522473	0.0817067970555125	1712.506407292875	0.0	0.6297576290522473	0.0817067970555125
204000	-69.03552156377286	-53.212190006411525	-15.823331557361334	0.0	1	1	1	0.7493665686960119	0.5652357078480309	0.04845331453917447	429.6217591987926	0.7493665686960119	0.5652357078480309	0.04845331453917447
205000	-70.85209511992095	-51.054737615885564	-19.797357504035382	0.0	1	1	1	1.3062656131521087	2.2863827922199444	2.332987003663135	277.54675575442275	1.3062656131521087	2.2863827922199444	2.332987003663135
206000	-73.33149037932236	-54.54169805798009	-18.789792321342276	0.0	1	1	1	0.3903717621376161	0.9897597563093586	0.33865043664576044	1678.793573235256	0.3903717621376161	0.9897597563093586	0.33865043664576044
207000	-67.87801209507893	-51.309760559118004	-16.568251535960933	0.0	1	1	1	0.5457800209964339	0.28569767808452085	1.3935613318515636	395.4234147744943	0.5457800209964339	0.28569767808452085	1.3935613318515636
208000	-71.25411163350734	-51.83196850743841	-19.42214312606892	0.0	0	1	1	2.311166622596037	0.24576971880091222	0.8350918391925397	1277.5115842577034	0.0	0.24576971880091222	0.8350918391925397
209000	-68.19429151000504	-50.92939313392132	-17.264898376083725	0.0	1	1	1	0.2757574346939033	0.978542013524314	1.6484218009168166	400.8275221806502	0.2757574346939033	0.978542013524314	1.6484218009168166
210000	-68.46533124311522	-52.285440810256375	-16.179890432858844	0.0	1	1	1	1.0702850951477683	0.7596318735688874	0.6546753821559551	241.228264470535	1.0702850951477683	0.7596318735688874	0.6546753821559551
211000	-69.87503934176334	-53.3723006988292	-16.50273864293414	0.0	1	1	1	1.1935092166596897	1.2697127233615866	0.41681935539827586	227.43737522524262	1.1935092166596897	1.2697127233615866	0.41681935539827586
212000	-71.05421386361189	-51.438648712844994	-19.615565150766905	0.0	1	1	1	0.24638846450562724	1.1367585097151789	3.3977354359063696	552.5825638976538	0.24638846450562724	1.1367585097151789	3.3977354359063696
213000	-67.85189380094035	-50.93373890708184	-16.918154893858507	0.0	1	1	1	0.5859943656688175	0.5691376730152201	0.9872514466118758	531.8584614581603	0.5859943656688175	0.5691376730152201	0.9872514466118758
214000	-68.8023498654161	-51.47425660678258	-17.32809325863352	0.0	1	0	1	0.4295294167300564	0.7601002725623015	1.1052150328896673	777.1649411211624	0.4295294167300564	0.0	1.1052150328896673
215000	-67.9529554739054	-51.20251519191843	-16.750440281986975	0.0	1	1	1	0.3473260371628811	1.1479816837986092	0.7761281904421322	435.27967753477134	0.3473260371628811	1.1479816837986092	0.7761281904421322
216000	-71.30144075853799	-50.97331449037511	-20.328126268162883	0.0	1	1	1	2.1249626688633954	2.3817494977667133	1.65762962310931	346.87037062916755	2.1249626688633954	2.3817494977667133	1.65762962310931
217000	-66.21591212015419	-51.636605803932056	-14.579306316222128	0.0	1	1	1	0.21508410121709262	0.285672062300496	0.1294877454018054	294.7634590564341	0.21508410121709262	0.285672062300496	0.1294877454018054
218000	-72.93527331830651	-51.68397632150032	-21.251296996806197	0.0	1	1	1	1.1480075979360316	2.257571773161418	2.75930108059224	646.8941411413982	1.1480075979360316	2.257571773161418	2.75930108059224
219000	-75.77905796878275	-54.377248315160266	-21.401809653622482	0.0	1	1	0	0.985819774577745	3.2260405269781556	2.691474326941289	563.5199141584955	0.985819774577745	3.2260405269781556	0.0
220000	-65.95804611236838	-50.678129544571114	-15.279916567797269	0.0	1	1	1	0.33383541033330144	0.21836417827616067	0.44267750426396574	379.1729949706419	0.33383541033330144	0.21836417827616067	0.44267750426396574
221000	-72.92107393303795	-52.17280445949097	-20.74826947354698	0.0	1	1	1	3.5417655169570583	0.638944764968201	1.183220567141619	770.340679271094	3.5417655169570583	0.638944764968201	1.183220567141619
222000	-69.23865007926355	-51.91598171680281	-17.322668362460746	0.0	0	1	1	0.7837807765572274	0.7498120311580567	0.8654695265614231	730.0286674602305	0.0	0.7498120311580567	0.8654695265614231
223000	-72.1615802008591	-53.265573183876036	-18.896007016983074	0.0	1	1	0	0.3520277996190558	0.336023452540929	3.6981224906488546	567.6257627211878	0.3520277996190558	0.336023452540929	0.0
224000	-74.30267772384018	-51.735108807720565	-22.56756891611961	0.0	1	0	1	3.5214596326894676	1.001912002910829	3.751905631098014	492.30521922417216	3.5214596326894676	0.0	3.751905631098014
225000	-73.58712889442575	-53.53160615626835	-20.055522738157386	0.0	1	1	0	2.0770436073722167	1.2802317842421118	0.6950511597006523	1262.4448637493651	2.0770436073722167	1.2802317842421118	0.0
226000	-69.00770845730236	-53.169988998418646	-15.837719458883704	0.0	1	1	1	0.27063383245094297	0.3692950505043335	0.005281335764497144	689.4046904447388	0.27063383245094297	0.3692950505043335	0.005281335764497144
227000	-67.13317859303689	-50.900523979334565	-16.232654613702323	0.0	1	1	1	0.6595376148561312	0.5556723788581062	0.5369155383996995	435.7425729074382	0.6595376148561312	0.5556723788581062	0.5369155383996995
228000	-69.54979772160915	-51.38848723511101	-18.16131048649815	0.0	1	0	1	1.3508993114704473	0.5583240551583807	1.3566757509804148	718.1805079231049	1.3508993114704473	0.0	1.3566757509804148
229000	-67.20852094971991	-53.25485268534075	-13.953668264379163	0.0	0	1	1	0.034535515682182286	0.35872438272051227	0.2628754646816025	235.2515497750966	0.0	0.35872438272051227	0.2628754646816025
230000	-70.4886397801528	-54.45848499653983	-16.030154783612964	0.0	1	1	0	0.3063283323951042	0.9202179885174291	0.48873329902303103	499.7982368405646	0.3063283323951042	0.9202179885174291	0.0
231000	-71.69985299929057	-52.69120908213978	-19.008643917150795	0.0	1	1	1	2.157945289207089	0.32947555992902927	0.3380705952928282	1160.1189812403816	2.157945289207089	0.32947555992902927	0.3380705952928282
232000	-66.9036334635056	-50.932096475402574	-15.971536988103027	0.0	1	1	1	0.3827865715798444	0.1525423385432709	0.6208261045794687	545.7362988665212	0.3827865715798444	0.1525423385432709	0.6208261045794687
233000	-66.16375079125696	-51.010529048371836	-15.153221742885123	0.0	1	1	1	0.26979800739313264	0.4549289849749641	0.2821231148741414	342.40409701637907	0.26979800739313264	0.4549289849749641	0.2821231148741414
234000	-68.58260245377497	-52.00420211983581	-16.57840033393915	0.0	1	1	1	0.0069048464599231075	0.48222992244569346	0.6257185343650887	805.2604770087084	0.0069048464599231075	0.48222992244569346	0.6257185343650887
235000	-70.282025063898	-51.67315070530552	-18.60887435859249	0.0	1	1	1	1.5587916089630665	2.0363328299606485	1.2278899296325148	259.366024359508	1.5587916089630665	2.0363328299606485	1.2278899296325148
236000	-73.63221263441713	-51.64842945285537	-21.983783181561765	0.0	0	1	1	1.607027634028666	2.929483525494048	3.486616565401196	390.9521717053762	0.0	2.929483525494048	3.486616565401196
237000	-67.96641442653461	-51.61895708144457	-16.34745734509005	0.0	1	1	1	1.0768278425512492	0.2609538256771087	0.7442355666627278	373.8084453184085	1.0768278425512492	0.2609538256771087	0.7442355666627278
238000	-70.59565727498074	-51.8762584021971	-18.71939887278364	0.0	1	0	1	0.861349597259387	0.7385185439879326	1.4749504286753972	1069.5114164076433	0.861349597259387	0.0	1.4749504286753972
239000	-68.19669802918003	-54.19365347552123	-14.0030445536588	0.0	0	1	1	0.33985428488206243	0.34844797523925763	0.23031572847830767	197.39884990920766	0.0	0.34844797523925763	0.23031572847830767
240000	-66.13031556390918	-50.62875251155064	-15.501563052358545	0.0	1	1	1	0.3591532523204391	0.27800118235036847	0.44641716564928347	417.0372237247874	0.3591532523204391	0.27800118235036847	0.44641716564928347
241000	-69.46960998017448	-51.21141777011656	-18.258192210057913	0.0	1	1	1	0.5438326194424501	1.2679509956209145	2.413368586292168	314.379101271364	0.5438326194424501	1.2679509956209145	2.413368586292168
242000	-68.65162126582365	-51.10196455528683	-17.549656710536823	0.0	1	1	1	0.9025063217077908	1.0274056833069676	1.72768896378644	281.9953016625088	0.9025063217077908	1.0274056833069676	1.72768896378644
243000	-67.63225669608654	-51.47400444229286	-16.158252253793687	0.0	0	1	1	0.2964595456241529	0.5137607008100004	0.9469726887356451	529.0883680899467	0.0	0.5137607008100004	0.9469726887356451
244000	-67.40268753148257	-52.2497935872658	-15.152893944216768	0.0	0	1	1	1.106568895142133	0.1533071979622156	0.24790696211883562	309.33472600328275	0.0	0.1533071979622156	0.24790696211883562
245000	-66.63558612327093	-50.89055339849298	-15.745032724777937	0.0	1	1	1	0.35774391077235096	0.20786964902867763	0.7613371636394561	417.0638920068229	0.35774391077235096	0.20786964902867763	0.7613371636394561
246000	-69.91324470532172	-51.00624662743283	-18.906998077888886	0.0	1	1	1	1.144299820335758	2.206504665072503	1.488348873404868	322.7943575482904	1.144299820335758	2.206504665072503	1.488348873404868
247000	-71.64591995779871	-52.05014754148845	-19.595772416310258	0.0	1	1	1	2.943777817143125	1.0254277046828069	0.8656847742615266	526.7019692690096	2.943777817143125	1.0254277046828069	0.8656847742615266
248000	-72.50384319063892	-53.83951173428559	-18.664331456353327	0.0	0	1	1	0.5279736373291085	0.6709136826435592	3.2253809119539123	475.2659391092476	0.0	0.6709136826435592	3.2253809119539123
249000	-71.19954278272516	-53.219726350634275	-17.97981643209089	0.0	1	1	0	0.7825642799636348	0.8299003901630838	1.3981538458014378	749.4247153568565	0.7825642799636348	0.8299003901630838	0.0
250000	-70.8211902041276	-51.61226339682656	-19.20892680730104	0.0	1	1	1	0.2876071806209151	0.19285117977146685	2.254036822432634	1321.3767038842964	0.2876071806209151	0.19285117977146685	2.254036822432634
251000	-70.71014098740335	-51.9954571010689	-18.714683886334452	0.0	0	1	1	0.13153379241625207	0.5185175589331683	1.7862850353461932	1420.0628824081548	0.0	0.5185175589331683	1.7862850353461932
252000	-70.44752588799375	-54.90879362432972	-15.538732263664036	0.0	1	1	0	0.8658646299996431	0.6791732823506307	0.2674524030779174	328.9736447623013	0.8658646299996431	0.6791732823506307	0.0
253000	-68.28120185712503	-50.723326070633064	-17.557875786491966	0.0	1	1	1	1.2058997445047723	0.7067866945594542	1.2745033260580645	403.2692506803937	1.2058997445047723	0.7067866945594542	1.2745033260580645
254000	-68.69150518088921	-50.70237653925936	-17.989128641629847	0.0	1	1	1	1.1388495754020223	1.2543961674105024	1.5146057174751633	326.0872973166604	1.1388495754020223	1.2543961674105024	1.5146057174751633
255000	-70.47647154170335	-52.16780253655973	-18.30866900514361	0.0	1	0	1	1.0770766686969193	0.07950743301223512	1.4161682079724827	1117.2357945742897	1.0770766686969193	0.0	1.4161682079724827
256000	-68.95813424547552	-50.92242699301046	-18.03570725246506	0.0	1	1	1	0.4165189853415578	0.9202899776706698	1.9585332218958087	519.6502718870455	0.4165189853415578	0.9202899776706698	1.9585332218958087
257000	-73.54255485692721	-53.34876703207848	-20.19378782484873	0.0	1	1	1	3.5964319028696448	1.4315987322254737	1.4043721198302934	254.3602665966189	3.5964319028696448	1.4315987322254737	1.4043721198302934
258000	-70.24051067026939	-52.65509052370888	-17.58542014656051	0.0	1	1	1	1.1876765024543294	0.6731392004692478	2.0612949462789794	235.07078443422094	1.1876765024543294	0.6731392004692478	2.0612949462789794
259000	-67.17638225267626	-51.653946276476105	-15.522435976200157	0.0	1	1	1	0.07866105624083036	0.14209868493400377	0.19415906146163459	655.2196700817235	0.07866105624083036	0.14209868493400377	0.19415906146163459
260000	-70.68727305249092	-52.0700502033856	-18.617222849105325	0.0	1	1	1	0.456018638057581	2.3513015863505426	1.0447709705216652	528.1703286740496	0.456018638057581	2.3513015863505426	1.0447709705216652
261000	-66.25787787372926	-51.919396061576826	-14.338481812152429	0.0	1	1	1	0.2288254928758189	0.1570559853334698	0.13315252140806386	266.36251836658255	0.2288254928758189	0.1570559853334698	0.13315252140806386
262000	-70.55439541432956	-53.690905907472334	-16.863489506857224	0.0	0	1	1	0.5538289154315714	1.3118503385319273	0.4162337456396145	593.9990404082117	0.0	1.3118503385319273	0.4162337456396145
263000	-70.12612057560314	-51.610866729984046	-18.515253845619096	0.0	0	1	1	0.2781222313724004	0.8781051480460962	2.15085308481608	855.8009566815896	0.0	0.8781051480460962	2.15085308481608
264000	-72.34913363163264	-54.98028195353718	-17.36885167809546	0.0	1	1	0	0.578135869377691	0.6897059348063468	2.5034571154874534	298.24585908765994	0.578135869377691	0.6897059348063468	0.0
265000	-71.74784015616545	-51.718771278648106	-20.029068877517343	0.0	0	1	1	3.24315998593004	0.14670536930827788	0.7965868276240045	1174.2302859733336	0.0	0.14670536930827788	0.7965868276240045
266000	-71.38108637999403	-52.54898827839427	-18.832098101599765	0.0	0	1	1	0.1696888335255124	1.7600731725871044	1.5949117262799075	902.2504634825207	0.0	1.7600731725871044	1.5949117262799075
267000	-70.2382149521537	-52.22671989089962	-18.01149506125407	0.0	1	1	1	1.7472824797180917	0.4586411498136725	0.534009726202155	722.1286624856714	1.7472824797180917	0.4586411498136725	0.534009726202155
268000	-66.9973365310539	-50.966761730795575	-16.030574800258325	0.0	1	1	1	0.5033742225830036	0.8388028289258151	0.5461462900161979	341.35359159567014	0.5033742225830036	0.8388028289258151	0.5461462900161979
269000	-69.93286071283347	-50.573727096382015	-19.359133616451462	0.0	1	1	1	1.4146501979693091	1.6077558690309874	2.0367083901690104	383.31056058802204	1.4146501979693091	1.6077558690309874	2.0367083901690104
270000	-71.47890767900219	-51.73668546660997	-19.742222212392218	0.0	0	1	1	2.6306439848138896	0.20742735745434207	0.8077909119847423	1314.9221266325103	0.0	0.20742735745434207	0.8077909119847423
271000	-71.77729941318236	-51.72144137145333	-20.055858041729024	0.0	1	0	1	2.4284569227481727	0.6419740733316697	1.7348759696057336	875.473881773398	2.4284569227481727	0.0	1.7348759696057336
272000	-65.84159402050263	-51.019564513166785	-14.822029507335847	0.0	1	1	1	0.08177601872443431	0.30552899825633195	0.26701770363436167	347.88235844905165	0.08177601872443431	0.30552899825633195	0.26701770363436167
273000	-67.97534139670529	-51.86197096373689	-16.1133704329684	0.0	1	1	1	0.4110637066273228	0.8458495976243683	1.205351434734739	232.75544627618842	0.4110637066273228	0.8458495976243683	1.205351434734739
274000	-70.26088289845686	-53.38445374396338	-16.876429154493472	0.0	1	1	0	0.4570841524713959	0.8260423156811649	0.3017862454389894	894.7178695980074	0.4570841524713959	0.8260423156811649	0.0
275000	-67.11145714045108	-51.38347247766886	-15.727984662782221	0.0	1	0	1	0.40790412464285936	0.18459359487233998	0.3905530365013083	656.8615197264539	0.40790412464285936	0.0	0.3905530365013083
276000	-73.35264360769852	-52.56124268727957	-20.791400920418962	0.0	1	0	1	1.234459120752153	0.8805175023537078	2.3919509288058705	1423.660831354114	1.234459120752153	0.0	2.3919509288058705
277000	-68.96813634491187	-51.17909764426626	-17.789038700645605	0.0	1	1	1	0.6866304187287313	0.9465495874139537	1.2925399481350721	562.8415947779569	0.6866304187287313	0.9465495874139537	1.2925399481350721
278000	-69.97192401024802	-51.91707296370318	-18.054851046544837	0.0	1	1	1	0.26196463501893413	0.0022300803180216504	1.602428077634209	1162.8477380791892	0.26196463501893413	0.0022300803180216504	1.602428077634209
279000	-68.22537157824652	-51.0865107605581	-17.138860817688418	0.0	1	1	1	0.9755365786353122	1.2060531720826393	1.0584161086811155	283.49516490140746	0.9755365786353122	1.2060531720826393	1.0584161086811155
280000	-67.21425880428932	-51.1874990578813	-16.026759746408015	0.0	1	1	1	0.26155480700235384	0.9085470318469762	0.9132325256096784	293.48131180255047	0.26155480700235384	0.9085470318469762	0.9132325256096784
281000	-69.45113993140659	-52.746933698815354	-16.704206232591236	0.0	1	1	1	1.455818648300398	0.6560819004094995	0.8904369493966456	242.50900581349387	1.455818648300398	0.6560819004094995	0.8904369493966456
282000	-73.01268849833843	-51.024040100509296	-21.98864839782913	0.0	1	1	1	1.0271515487411824	1.6112120778011563	4.459190473295161	572.9079844454019	1.0271515487411824	1.6112120778011563	4.459190473295161
283000	-73.4789690093782	-50.78345076134385	-22.695518248034357	0.0	1	1	1	3.2200329674729042	1.541305710248961	3.5364082667097074	411.1121648327113	3.2200329674729042	1.541305710248961	3.5364082667097074
284000	-68.88001599377947	-51.03034108971924	-17.849674904060223	0.0	1	1	1	0.9818672047779785	1.5550212074812624	0.9462869931845682	402.0665567731831	0.9818672047779785	1.5550212074812624	0.9462869931845682
285000	-69.01806945384834	-51.96737025693059	-17.05069919691774	0.0	1	1	1	1.2411133164132468	0.1290527716724684	1.396634129415713	378.8593076458967	1.2411133164132468	0.1290527716724684	1.396634129415713
286000	-67.13919245330682	-50.84738396118247	-16.291808492124346	0.0	1	1	1	0.42345329607337073	0.9397065026114204	0.8673933672224677	321.1881972858044	0.42345329607337073	0.9397065026114204	0.8673933672224677
287000	-65.79577802137423	-51.4912965723969	-14.30448144897734	0.0	1	1	1	0.02416264607714868	0.1367965382693651	0.1838411516281727	297.1904354735018	0.02416264607714868	0.1367965382693651	0.1838411516281727
288000	-66.80138067248848	-51.254291403599545	-15.547089268888925	0.0	1	1	1	0.050410403679493	0.22485545412846733	0.3408422034328779	587.5625542460447	0.050410403679493	0.22485545412846733	0.3408422034328779
289000	-70.03440894600966	-50.88130719678318	-19.153101749226476	0.0	1	1	1	1.0137079925201509	0.7905386927179803	2.556776092228188	537.5438057710344	1.0137079925201509	0.7905386927179803	2.556776092228188
290000	-69.63499248790488	-51.515906008357646	-18.11908647954723	0.0	0	1	1	2.8600671244793765	0.37844443144791323	0.46889893291936524	532.7726533032047	0.0	0.37844443144791323	0.46889893291936524
291000	-67.77736945273438	-50.714158652720364	-17.063210800014012	0.0	1	1	1	0.6577367872856209	0.48668201882703255	1.3886660223805216	450.9869923258401	0.6577367872856209	0.48668201882703255	1.3886660223805216
292000	-66.92770525893702	-51.749533246264335	-15.178172012672688	0.0	0	1	1	0.7630315065006607	0.19573623780721047	0.3071769582373512	377.5010068534634	0.0	0.19573623780721047	0.3071769582373512
293000	-67.57474595713134	-52.66806982067769	-14.906676136453655	0.0	1	1	1	0.00752079208686752	0.3190624706762079	0.6415390714347082	292.3767419989688	0.00752079208686752	0.3190624706762079	0.6415390714347082
294000	-69.30284963103581	-51.36397890014853	-17.938870730887285	0.0	1	0	1	0.4181530008450331	2.4280697472857264	0.4529466836942295	615.9202633578317	0.4181530008450331	0.0	0.4529466836942295
295000	-72.627685323315	-53.331567443430515	-19.29611787988449	0.0	1	1	1	1.3490642799897123	3.173927256576766	1.2953862241333447	201.82661592202408	1.3490642799897123	3.173927256576766	1.2953862241333447
296000	-68.03213988820252	-50.960995452288074	-17.07114443591444	0.0	1	1	1	0.5843970390459521	0.3479009590374553	1.5129049553779108	481.46755501742683	0.5843970390459521	0.3479009590374553	1.5129049553779108
297000	-76.00680827950823	-52.45734944310808	-23.54945883640016	0.0	1	1	1	5.759216782986467	1.763869351785552	1.3936778301316595	483.6672264902453	5.759216782986467	1.763869351785552	1.3936778301316595
298000	-74.63103661971027	-53.69075569834922	-20.940280921361055	0.0	1	1	0	1.7890085913945608	1.1161362139256341	1.7766613517122805	1408.4168172831457	1.7890085913945608	1.1161362139256341	0.0
299000	-71.31408406537258	-52.310336256634976	-19.003747808737607	0.0	1	1	1	1.9115781688744768	0.12806971351862906	0.9990427114601309	1045.7286088193912	1.9115781688744768	0.12806971351862906	0.9990427114601309
300000	-69.5073739371471	-51.8537524715883	-17.653621465558786	0.0	1	0	1	0.6495432498517744	0.5802512803546618	1.7675898452600078	622.2468720104379	0.6495432498517744	0.0	1.7675898452600078
301000	-67.43561283522513	-51.81660793994632	-15.619004895278808	0.0	1	1	1	0.6673628754871908	0.7307734782517111	0.4463582747305448	257.03506061920564	0.6673628754871908	0.7307734782517111	0.4463582747305448
302000	-69.33609252494274	-51.46216254110308	-17.873929983839663	0.0	1	1	1	1.5857373167890507	0.8181130326197293	0.7645043748315273	507.83564171080104	1.5857373167890507	0.8181130326197293	0.7645043748315273
303000	-66.85251664537637	-50.91813431383781	-15.934382331538563	0.0	1	1	1	0.6227929622184639	0.5353603122757962	0.45357416204071027	389.62455701500096	0.6227929622184639	0.5353603122757962	0.45357416204071027
304000	-72.34906612335004	-52.16211728262517	-20.186948840724867	0.0	1	1	1	0.28992461844082495	2.182639578010981	2.337668116162008	767.0261864363927	0.28992461844082495	2.182639578010981	2.337668116162008
305000	-68.3749112718956	-51.33712472724753	-17.037786544648068	0.0	1	1	1	1.3249101992842767	0.3395771455868068	1.013493471042364	400.14890490974074	1.3249101992842767	0.3395771455868068	1.013493471042364
306000	-68.99454593845368	-51.66514370167725	-17.329402236776424	0.0	1	1	1	0.7516562507348366	0.13856937092198238	1.8301235573802204	475.9963536581325	0.7516562507348366	0.13856937092198238	1.8301235573802204
307000	-66.145243344553	-51.726749797946134	-14.418493546606856	0.0	0	1	1	0.3040776770991661	0.09567244728478329	0.13337007402239795	370.1884687737284	0.0	0.09567244728478329	0.13337007402239795
308000	-68.9864837829235	-51.23593373497675	-17.750550047946746	0.0	1	1	1	0.8733419691904917	0.776099072497681	1.1997419425109381	576.6598382615289	0.8733419691904917	0.776099072497681	1.1997419425109381
309000	-66.6620499516477	-51.17182720717762	-15.490222744470081	0.0	1	1	1	0.3786159436382278	0.44427354310684836	0.7862811277749916	279.5810979003936	0.3786159436382278	0.44427354310684836	0.7862811277749916
310000	-67.5708718489739	-52.147966051458134	-15.422905797515755	0.0	1	1	1	0.5414597565543521	0.07095978394700815	0.6402519320105926	348.53564341696125	0.5414597565543521	0.07095978394700815	0.6402519320105926
311000	-70.16367226746301	-51.154002073176535	-19.00967019428648	0.0	1	1	1	0.7032176532147277	2.1450656104523147	2.2381013774889924	288.9356921120442	0.7032176532147277	2.1450656104523147	2.2381013774889924
312000	-71.10468395591619	-51.95871259072782	-19.145971365188366	0.0	1	1	1	2.0988563513871754	0.3285464343465915	1.2538214241878607	805.7962038990006	2.0988563513871754	0.3285464343465915	1.2538214241878607
313000	-68.99948466098247	-52.938343290179255	-16.061141370803224	0.0	1	1	1	0.923303655887642	0.978702003975972	0.19264177910824876	298.7556435980391	0.923303655887642	0.978702003975972	0.19264177910824876
314000	-67.42363943435235	-51.26895699597251	-16.15468243837984	0.0	1	1	1	0.597823043231598	0.057664473492283264	0.780760736989036	512.1816317944007	0.597823043231598	0.057664473492283264	0.780760736989036
315000	-68.70945396222571	-51.46791208786177	-17.24154187436394	0.0	1	1	1	0.6846974628824496	0.9945708829705642	0.7468095592070767	545.7652675059826	0.6846974628824496	0.9945708829705642	0.7468095592070767
316000	-67.75078570187836	-51.93196359118479	-15.818822110693569	0.0	0	1	1	0.7746196986747739	0.2655815413051582	0.22328878516738015	584.2635801759008	0.0	0.2655815413051582	0.22328878516738015
317000	-69.16599972615832	-51.76382713279867	-17.40217259335965	0.0	0	1	1	1.9192834659371307	0.7558968576008852	0.7083595900007729	407.5043886193367	0.0	0.7558968576008852	0.7083595900007729
318000	-70.10974512844687	-53.03987874259776	-17.069866385849114	0.0	0	1	1	0.9049444549516733	0.3774164837783122	0.21397937693693692	1033.0799079679675	0.0	0.3774164837783122	0.21397937693693692
319000	-68.90431885126088	-51.60381244675661	-17.30050640450427	0.0	1	0	1	0.18379640188539217	2.062797203070143	0.40980540031679275	617.6021397334785	0.18379640188539217	0.0	0.40980540031679275
320000	-69.81945222307422	-52.13806723273113	-17.681384990343087	0.0	0	1	1	1.6938474758421975	0.5532022468853622	0.5050018208717518	732.4492055490244	0.0	0.5532022468853622	0.5050018208717518
321000	-65.76652847337552	-50.662908293826774	-15.103620179548743	0.0	1	1	1	0.19345246066728225	0.3537457784304509	0.3935260572332332	346.6414096300266	0.19345246066728225	0.3537457784304509	0.3935260572332332
322000	-68.60643500463809	-51.68673054663122	-16.91970445800687	0.0	1	1	1	0.2043332219164149	0.4426675837158516	0.9301315643021247	752.2777152313838	0.2043332219164149	0.4426675837158516	0.9301315643021247
323000	-67.59392313489755	-50.898110199167704	-16.695812935729855	0.0	1	1	1	0.8035755689082483	0.4222162222778924	1.232450742342967	366.2756569562214	0.8035755689082483	0.4222162222778924	1.232450742342967
324000	-67.26881909215211	-50.97560597072579	-16.293213121426323	0.0	1	1	1	0.34936105605675494	0.46505024997111294	0.699961602840062	532.925337959728	0.34936105605675494	0.46505024997111294	0.699961602840062
325000	-70.7353877631063	-52.12064371204093	-18.61474405106538	0.0	0	1	1	0.5780094657586453	1.0676946315687408	1.6227781305390978	920.7796483102449	0.0	1.0676946315687408	1.6227781305390978
326000	-69.43624571081239	-51.524512892047746	-17.911732818764644	0.0	1	1	1	0.014026846770514108	0.7615415853872536	1.7998644363821104	749.5862129266519	0.014026846770514108	0.7615415853872536	1.7998644363821104
327000	-68.78882542596399	-54.04735336334432	-14.741472062619676	0.0	1	1	1	0.30671344870806355	0.2348485131622487	0.7630450115950157	195.05334688348094	0.30671344870806355	0.2348485131622487	0.7630450115950157
328000	-67.21128555336294	-51.366173122085	-15.84511243127794	0.0	1	0	1	0.17795600944984866	0.40393435654186466	0.25323029752698034	767.0264120414507	0.17795600944984866	0.0	0.25323029752698034
329000	-68.40951423659612	-52.776184432613405	-15.633329803982717	0.0	1	0	1	0.21731104220464353	0.5454357218603407	0.6161802875321107	479.9038747130587	0.21731104220464353	0.0	0.6161802875321107
330000	-66.11419825773254	-51.5803703295347	-14.533827928197843	0.0	1	1	1	0.010879630108776671	0.1509687749697409	0.12821770039607502	367.9394457113603	0.010879630108776671	0.1509687749697409	0.12821770039607502
331000	-69.99206744332065	-51.40088607337442	-18.591181369946227	0.0	1	0	1	1.0076470658257841	0.25830811737631704	2.2109025556497364	813.0927046524927	1.0076470658257841	0.0	2.2109025556497364
332000	-66.95167165715081	-51.2681490387347	-15.683522618416118	0.0	1	1	1	0.48197560439190723	0.7233168418497896	0.3578888638582485	335.8075872529002	0.48197560439190723	0.7233168418497896	0.3578888638582485
333000	-72.1125204760471	-51.843203311947434	-20.26931716409966	0.0	1	1	1	0.3688556223798427	0.9275063157070773	3.1046508766338277	996.8233898454297	0.3688556223798427	0.9275063157070773	3.1046508766338277
334000	-70.96813115355823	-52.54376314883891	-18.42436800471932	0.0	1	1	1	1.8735104802637788	0.2888974566373689	0.39707444651049434	995.1166222297878	1.8735104802637788	0.2888974566373689	0.39707444651049434
335000	-67.79495905305285	-51.17713541082368	-16.617823642229176	0.0	1	1	1	0.47404115944346437	1.2178943577343095	1.029515045051605	282.9469598722475	0.47404115944346437	1.2178943577343095	1.029515045051605
336000	-70.49495768544935	-52.55757735740082	-17.937380328048533	0.0	1	0	1	0.42622288675292797	0.44073497306198134	0.8087078460475111	1410.3127681482238	0.42622288675292797	0.0	0.8087078460475111
337000	-72.13503096665241	-53.30590816482084	-18.829122801831566	0.0	1	1	1	0.8998640210655243	1.1862996227749578	1.05910228326349	906.863263783146	0.8998640210655243	1.1862996227749578	1.05910228326349
338000	-72.3611393774039	-52.96276111474864	-19.39837826265526	0.0	1	1	1	0.5523781776688903	0.33289924330176457	3.7510705761862337	527.0984289824195	0.5523781776688903	0.33289924330176457	3.7510705761862337
339000	-72.92068765131856	-51.63614830051582	-21.284539350802735	0.0	1	0	1	0.6197840207638342	1.0927465408633386	3.055335810236099	1562.7427844440201	0.6197840207638342	0.0	3.055335810236099
340000	-71.29919367988825	-52.74720142470926	-18.551992255178984	0.0	1	0	1	1.1228554599736462	1.1681698238619946	0.19507622225565693	1297.656895125416	1.1228554599736462	0.0	0.19507622225565693
341000	-71.03847367224158	-52.40810271338387	-18.630370958857714	0.0	1	0	1	0.12324429153374634	2.458739875281598	0.15615299716099423	1201.1791963402761	0.12324429153374634	0.0	0.15615299716099423
342000	-66.99660738644334	-52.46722620100164	-14.529381185441713	0.0	1	1	1	0.24992726855788136	0.04389088841987863	0.22332742978729322	309.4291757914793	0.24992726855788136	0.04389088841987863	0.22332742978729322
343000	-70.05501737325108	-52.14276566398821	-17.91225170926287	0.0	1	0	1	0.30993389989755055	1.6771468541835792	0.117717411794971	1155.301978090423	0.30993389989755055	0.0	0.117717411794971
344000	-68.49405242219429	-52.84269607152988	-15.651356350664411	0.0	0	1	1	0.49808987591716375	0.9138833191685695	0.8991195556062742	243.51080507251987	0.0	0.9138833191685695	0.8991195556062742
345000	-68.3937079487112	-52.21030123372756	-16.18340671498363	0.0	1	1	1	0.5410413871803947	1.0681477379833262	0.22830255708235006	396.1903157755026	0.5410413871803947	1.0681477379833262	0.22830255708235006
346000	-73.58366538348024	-52.46114576107808	-21.12251962240216	0.0	1	1	1	3.680194538985473	0.960680567112782	0.9722267960055986	825.8767255976587	3.680194538985473	0.960680567112782	0.9722267960055986
347000	-68.12933224690656	-52.302145923310604	-15.827186323595948	0.0	1	1	1	0.5963818198972738	0.863432665886666	0.1776099920212007	353.61353165308066	0.5963818198972738	0.863432665886666	0.1776099920212007
348000	-68.20426396372288	-51.44822397026435	-16.75603999345853	0.0	1	1	1	0.18543006823718325	0.9548733597016729	1.5657917385992897	318.445382053155	0.18543006823718325	0.9548733597016729	1.5657917385992897
349000	-67.59763884437352	-51.56548656317043	-16.032152281203086	0.0	1	1	1	0.2480473959937312	0.1514283346023634	0.9801850518804909	490.15422068059394	0.2480473959937312	0.1514283346023634	0.9801850518804909
350000	-70.74145118723771	-52.40310452494872	-18.33834666228899	0.0	1	1	1	0.14358715432850944	2.4566038929955343	1.185584481899155	458.0053117148318	0.14358715432850944	2.4566038929955343	1.185584481899155
351000	-73.19262391434165	-51.32586813411245	-21.866755780229212	0.0	1	1	1	1.8748307938461626	0.34711055605859903	4.667167874919239	605.0043019130708	1.8748307938461626	0.34711055605859903	4.667167874919239
352000	-72.74645337047008	-53.295240334831924	-19.451213035638155	0.0	0	1	1	0.26088263555459423	2.420878106977418	3.5193429578938598	226.3522726791897	0.0	2.420878106977418	3.5193429578938598
353000	-68.22569608017682	-51.82984394921929	-16.39585213095753	0.0	1	0	1	0.46332411145559615	0.36667903002955093	0.25157399421569193	905.5045474976948	0.46332411145559615	0.0	0.25157399421569193
354000	-71.39101686737862	-52.49594024112359	-18.895076626255037	0.0	1	0	1	0.5458076517742695	2.507106993051715	0.12597040996506984	1106.8451549842396	0.5458076517742695	0.0	0.12597040996506984
355000	-68.99604113839337	-52.253945744958564	-16.742095393434802	0.0	1	1	1	0.68015324907466	0.7642222687695642	0.28555436052942673	618.1114623777518	0.68015324907466	0.7642222687695642	0.28555436052942673
356000	-73.73910261233246	-53.75832351685212	-19.980779095480333	0.0	1	1	1	0.2657483562381564	3.7775283778365547	0.7569170645307389	684.546116882635	0.2657483562381564	3.7775283778365547	0.7569170645307389
357000	-67.59419664862388	-51.838483623438805	-15.755713025185075	0.0	1	1	1	0.4949271107553841	0.9511798164396195	0.36388104310875985	294.00385336470816	0.4949271107553841	0.9511798164396195	0.36388104310875985
358000	-67.26917426559163	-52.07746343773536	-15.191710827856275	0.0	1	1	1	0.4356661438967887	0.03610988133313865	0.40753691345493265	386.7542583144487	0.4356661438967887	0.03610988133313865	0.40753691345493265
359000	-67.35683493392945	-50.704820391442894	-16.652014542486558	0.0	1	1	1	0.5182006240045927	0.871056679542577	1.169982298855184	328.92601262684985	0.5182006240045927	0.871056679542577	1.169982298855184
360000	-71.00395997977996	-51.309516889669446	-19.694443090110514	0.0	1	0	1	1.6592785951101352	1.0283906491569075	2.2419900119526357	664.7642137088161	1.6592785951101352	0.0	2.2419900119526357
361000	-67.7429301945547	-52.22264363216761	-15.520286562387088	0.0	0	1	1	0.19472649206784634	0.7538676061371105	0.98854271701194	294.94864644157843	0.0	0.7538676061371105	0.98854271701194
362000	-67.86759886581261	-51.92209026478394	-15.945508601028667	0.0	1	0	1	0.3556389707962805	0.912515522427098	0.23794825531088126	542.4744201881413	0.3556389707962805	0.0	0.23794825531088126
363000	-68.66323439151407	-50.889503533007954	-17.77373085850611	0.0	1	1	1	0.37425669970630104	1.0397587050947583	1.9685018329042951	409.2034493269582	0.37425669970630104	1.0397587050947583	1.9685018329042951
364000	-71.21435093082157	-51.56823756706085	-19.646113363760723	0.0	1	1	1	0.41160806781938525	0.33781710487682987	3.0147489607924998	1003.6450257600368	0.41160806781938525	0.33781710487682987	3.0147489607924998
365000	-75.57061055354814	-52.942481154905146	-22.628129398642987	0.0	1	0	1	0.11060421218981682	1.4623301510766327	2.672903093281408	2833.785825943399	0.11060421218981682	0.0	2.672903093281408
366000	-71.20364245473937	-51.45210856730883	-19.75153388743054	0.0	1	0	1	0.5664742027684374	3.79453873107077	0.870484037881554	571.3304605540405	0.5664742027684374	0.0	0.870484037881554
367000	-67.623470659247	-52.18766086960399	-15.435809789643024	0.0	1	1	1	0.02850786030689041	0.3657619967073007	0.20060238223537263	554.8130503551373	0.02850786030689041	0.3657619967073007	0.20060238223537263
368000	-69.61639154746264	-50.64366218588507	-18.972729361577567	0.0	1	1	1	0.996219753249983	1.2334473421277938	2.449868878304375	381.42117110016767	0.996219753249983	1.2334473421277938	2.449868878304375
369000	-70.61871127174274	-52.50750757727482	-18.111203694467918	0.0	0	1	1	1.2155438361990007	1.8928114193605612	1.2086914038791206	346.1229962314593	0.0	1.8928114193605612	1.2086914038791206
370000	-74.9217128262499	-52.39572459102603	-22.52598823522387	0.0	1	1	1	4.307569716484887	0.2966916119213393	1.8383690336923297	1107.0769703034684	4.307569716484887	0.2966916119213393	1.8383690336923297
371000	-67.47308654280623	-51.33441881517006	-16.13866772763617	0.0	1	1	1	0.7196858536673132	0.13081334578600493	0.8694454073490419	417.25274682959105	0.7196858536673132	0.13081334578600493	0.8694454073490419
372000	-67.7912748655624	-50.98555618905435	-16.805718676508054	0.0	1	1	1	0.5891963064195449	0.4959838005150341	0.9104664028572613	543.8624947703547	0.5891963064195449	0.4959838005150341	0.9104664028572613
373000	-69.79662597691939	-50.63740628991165	-19.15921968700774	0.0	1	1	1	1.4639801248803073	1.1197539174787563	2.294924541748766	377.9423234728962	1.4639801248803073	1.1197539174787563	2.294924541748766
374000	-69.07775771568846	-51.59837774374106	-17.479379971947406	0.0	1	1	1	0.8366454869639767	1.3422442837450048	0.6166459490942784	500.5468440322701	0.8366454869639767	1.3422442837450048	0.6166459490942784
375000	-68.49639983799109	-51.423156667275016	-17.073243170716076	0.0	1	0	1	0.4990589969853848	0.22302734323936138	1.156500110147502	849.5766505787278	0.4990589969853848	0.0	1.156500110147502
376000	-69.29429843586281	-51.53620662922437	-17.758091806638447	0.0	1	1	1	0.5207687130169598	0.34706989461651705	1.4773493971053275	782.8340587430611	0.5207687130169598	0.34706989461651705	1.4773493971053275
377000	-66.97132233534677	-51.02673150986423	-15.944590825482537	0.0	1	1	1	0.3185264921031906	0.7181854752963904	0.9600863937236762	294.4742323633058	0.3185264921031906	0.7181854752963904	0.9600863937236762
378000	-72.17221897202246	-50.88643814525296	-21.2857808267695	0.0	1	1	1	1.211770986498494	1.5312778112380383	3.7482371015813003	538.3894346395447	1.211770986498494	1.5312778112380383	3.7482371015813003
379000	-71.63192320105173	-54.41830989934649	-17.213613301705244	0.0	1	1	1	1.7362626889455557	0.266384848938251	1.5552282114045037	233.63202868031775	1.7362626889455557	0.266384848938251	1.5552282114045037
380000	-68.36618255678616	-52.47881285561577	-15.88736970117039	0.0	1	1	1	0.07374884236919693	1.1824188654434367	0.8112401344143326	266.47074399561404	0.07374884236919693	1.1824188654434367	0.8112401344143326
381000	-69.15952748866164	-51.807857463753116	-17.35167002490853	0.0	1	1	1	1.307231486450754	0.07753686632921339	0.6439134475291556	743.8921438372145	1.307231486450754	0.07753686632921339	0.6439134475291556
382000	-73.45498489565186	-52.466808550302694	-20.988176345349164	0.0	1	0	1	1.5428143422610565	2.296783954965333	1.276082320955844	1190.425264771623	1.5428143422610565	0.0	1.276082320955844
383000	-68.58557252814695	-52.16857328744687	-16.41699924070009	0.0	1	1	1	0.22582357861855573	0.4136975782373803	1.5673349878776213	358.9714789474652	0.22582357861855573	0.4136975782373803	1.5673349878776213
384000	-69.71622337738575	-53.52714750723691	-16.18907587014883	0.0	0	1	1	0.1560579594558962	0.8070114608607327	0.24408485588193035	754.8897770742182	0.0	0.8070114608607327	0.24408485588193035
385000	-71.31642163678181	-51.905730080858284	-19.410691555923524	0.0	0	1	1	2.7785454788099715	0.878945555917992	1.7674410688018611	398.0590502788406	0.0	0.878945555917992	1.7674410688018611
386000	-68.65559595090087	-51.42571523844036	-17.229880712460517	0.0	1	1	1	0.7260504868244438	0.0546497319030206	1.53071925352775	582.9374717141227	0.7260504868244438	0.0546497319030206	1.53071925352775
387000	-69.74268426098367	-52.29274141845375	-17.449942842529918	0.0	0	1	1	1.1865976159196148	0.3808742996846317	1.3656896409146586	570.1467519254588	0.0	0.3808742996846317	1.3656896409146586
388000	-70.06864494025571	-52.151410054981206	-17.917234885274507	0.0	0	1	1	0.19177712942937664	1.7424383534888095	1.299848359263719	632.6371943659544	0.0	1.7424383534888095	1.299848359263719
389000	-71.21211880326824	-52.57707617007751	-18.635042633190725	0.0	1	0	1	1.066041643889245	0.23356465878526206	1.3302363065110065	1263.5637187720076	1.066041643889245	0.0	1.3302363065110065
390000	-69.24132837916119	-51.956769908435284	-17.284558470725905	0.0	1	0	1	0.5852740741036915	1.3784387947260937	1.0558126996898225	483.3617300310989	0.5852740741036915	0.0	1.0558126996898225
391000	-68.33088922243351	-53.51114177966381	-14.819747442769707	0.0	0	1	1	0.3394972072180604	0.5618209264544929	0.747550024214251	212.0985710322787	0.0	0.5618209264544929	0.747550024214251
392000	-68.50893686629534	-51.5578439593931	-16.951092906902243	0.0	1	0	1	1.0155903724010356	0.013449209959756526	0.835464027744288	800.7007996772987	1.0155903724010356	0.0	0.835464027744288
393000	-69.74896021894605	-54.47621908523026	-15.272741133715794	0.0	1	1	1	0.6024199426793372	0.6893884503939723	0.02522267410837408	296.2810288399221	0.6024199426793372	0.6893884503939723	0.02522267410837408
394000	-68.67529671236247	-52.37408880509827	-16.301207907264192	0.0	1	1	1	0.0016827307232341422	0.8615863727907146	0.520041980957245	582.7295096433054	0.0016827307232341422	0.8615863727907146	0.520041980957245
395000	-68.73850209319986	-51.95156192871043	-16.786940164489423	0.0	1	1	1	0.435813059389514	1.1537073629675192	0.43785615676965345	526.2469142008503	0.435813059389514	1.1537073629675192	0.43785615676965345
396000	-66.92492954194518	-51.199749585860225	-15.725179956084949	0.0	1	1	1	0.1944889030926718	0.49704814182219165	0.3848161877127598	488.9489578183305	0.1944889030926718	0.49704814182219165	0.3848161877127598
397000	-69.7070522524514	-51.02107204657002	-18.685980205881386	0.0	1	1	1	1.975249770841359	0.8534435704848327	1.4396868185756617	416.92196193770127	1.975249770841359	0.8534435704848327	1.4396868185756617
398000	-69.81788457009151	-51.49293381871237	-18.324950751379134	0.0	0	1	1	0.0851787258680998	1.3791876362128734	2.2061122576215584	621.5696947740721	0.0	1.3791876362128734	2.2061122576215584
399000	-74.85310909470384	-52.55486043987844	-22.298248654825404	0.0	1	1	1	4.117705745665716	0.03427431608033965	1.0634665404361394	1686.1922192317315	4.117705745665716	0.03427431608033965	1.0634665404361394
400000	-67.62057650672621	-51.522137355875515	-16.098439150850695	0.0	0	1	1	0.11319899757435048	0.4595901289393329	0.7719520200468091	660.3436868815647	0.0	0.4595901289393329	0.7719520200468091
401000	-69.2813359794847	-51.26269979503533	-18.01863618444936	0.0	1	1	1	1.175546194844556	0.17703133657076967	1.5229138264597715	669.4230701961521	1.175546194844556	0.17703133657076967	1.5229138264597715
402000	-71.3870035195276	-53.41622223887468	-17.970781280652915	0.0	1	1	1	0.6434840575618251	1.3705364102263016	0.17273596968957544	955.1775649220771	0.6434840575618251	1.3705364102263016	0.17273596968957544
403000	-69.21331364340395	-50.95891070902188	-18.25440293438207	0.0	1	1	1	0.5129971557763244	0.9204372821510599	1.9916271192486836	550.682392379176	0.5129971557763244	0.9204372821510599	1.9916271192486836
404000	-69.34233144666797	-52.51047412915857	-16.831857317509407	0.0	1	1	1	0.3440280333222292	0.686768285555874	0.5039394209617506	732.8988995500529	0.3440280333222292	0.686768285555874	0.5039394209617506
405000	-67.18414778499714	-51.68137211237088	-15.502775672626262	0.0	1	1	1	0.16569991627529435	0.8463126160588035	0.5807422212459297	285.97177490423667	0.16569991627529435	0.8463126160588035	0.5807422212459297
406000	-69.77018414986466	-50.89768470620404	-18.872499443660622	0.0	1	1	1	0.7193933112321205	1.2870550054788912	2.1207379662556467	521.3452199941221	0.7193933112321205	1.2870550054788912	2.1207379662556467
407000	-70.19855923972048	-54.17146167158819	-16.027097568132298	0.0	0	1	1	1.6806225983474992	0.6553995978786693	0.2904188822021959	255.57957470575855	0.0	0.6553995978786693	0.2904188822021959
408000	-71.16927644701457	-52.6288355314292	-18.54044091558537	0.0	1	1	1	1.244890886081403	0.8321748217857649	2.761872453331229	242.43752591017454	1.244890886081403	0.8321748217857649	2.761872453331229
409000	-68.55337943547288	-51.82626970051766	-16.727109734955217	0.0	1	1	1	1.188808091519709	0.48399003408574043	1.161628851948264	282.13335776684477	1.188808091519709	0.48399003408574043	1.161628851948264
410000	-70.45005989139187	-52.27362499317468	-18.176434898217202	0.0	0	1	1	1.6262589494609008	0.6388587660360784	0.7022586389763357	856.2094210726423	0.0	0.6388587660360784	0.7022586389763357
411000	-67.2565757388673	-50.76277308399895	-16.493802654868343	0.0	1	1	1	0.7230905094846568	0.8040524366150541	0.9277714883249676	315.7813395089005	0.7230905094846568	0.8040524366150541	0.9277714883249676
412000	-70.79887602250444	-51.802750189078914	-18.996125833425527	0.0	1	0	1	0.9981165379958091	2.782621780617136	0.6352891802953252	593.4480182887877	0.9981165379958091	0.0	0.6352891802953252
413000	-74.54965703115307	-53.129203205995715	-21.420453825157363	0.0	1	1	1	0.9512918620732181	4.7623394534212595	0.8740092758848966	551.917013644883	0.9512918620732181	4.7623394534212595	0.8740092758848966
414000	-69.96830292631026	-51.58873860642673	-18.37956431988353	0.0	0	1	1	2.7060772735278413	0.3856232842562697	0.5522671124204487	653.1638382960335	0.0	0.3856232842562697	0.5522671124204487
415000	-68.95812008464104	-53.74547213520127	-15.212647949439772	0.0	1	1	1	0.5948689311332767	0.6557430724382999	0.08314104608050399	279.10969775519936	0.5948689311332767	0.6557430724382999	0.08314104608050399
416000	-68.52489310555131	-51.86271328311775	-16.662179822433565	0.0	1	0	1	0.7533494586315201	0.7333870393735608	0.9611357387386695	467.0121104477653	0.7533494586315201	0.0	0.9611357387386695
417000	-71.29555846308068	-51.929883077387736	-19.365675385692946	0.0	1	0	1	1.830696925578509	1.3883625982674237	0.8015632590128576	920.1997676905929	1.830696925578509	0.0	0.8015632590128576
418000	-70.58826493899437	-51.76379149599662	-18.824473442997743	0.0	0	1	1	1.0547313320426108	1.597836501001045	2.305378757234958	365.11849346586604	0.0	1.597836501001045	2.305378757234958
419000	-68.38158133758016	-52.09553108132224	-16.28605025625792	0.0	1	0	1	0.3846570745810469	0.4454150254578541	0.9969075770785389	549.4234153178011	0.3846570745810469	0.0	0.9969075770785389
420000	-69.2599493946216	-50.634028713969094	-18.62592068065251	0.0	1	1	1	1.3700304738853875	1.003533677749686	1.8000087295204614	427.2421893862489	1.3700304738853875	1.003533677749686	1.8000087295204614
421000	-70.58932653511663	-51.70921443118921	-18.88011210392742	0.0	0	1	1	2.579100798321464	0.1610475515980785	0.6950875822066579	968.7051788486848	0.0	0.1610475515980785	0.6950875822066579
422000	-68.82402060295502	-51.545584597055914	-17.2784360058991	0.0	0	1	1	0.5523744152987704	0.4981050592975229	1.2813133328280164	739.7927919025998	0.0	0.4981050592975229	1.2813133328280164
423000	-70.52831436401681	-53.30809054769336	-17.22022381632345	0.0	1	1	1	0.4608660880632544	0.9838128553646377	0.12110884865837371	892.9207596637566	0.4608660880632544	0.9838128553646377	0.12110884865837371
424000	-69.24723695538853	-51.79948961170391	-17.44774734368462	0.0	0	1	1	0.12891083992218164	1.3520411351328545	1.3411014365856444	610.5922814790114	0.0	1.3520411351328545	1.3411014365856444
425000	-72.4516622210545	-52.04518120392318	-20.40648101713133	0.0	1	1	1	1.2456527128231383	0.5966532679427418	4.227187946994303	393.660866072986	1.2456527128231383	0.5966532679427418	4.227187946994303
426000	-70.22492519836658	-50.889588151385965	-19.33533704698062	0.0	1	1	1	1.6453524994442565	0.5729074675904542	2.468312966082117	488.9283842207439	1.6453524994442565	0.5729074675904542	2.468312966082117
427000	-70.04943950487123	-52.32299599266627	-17.726443512204956	0.0	1	1	1	0.4453313833761491	1.6747663755012743	0.6322130413014673	603.6798416525567	0.4453313833761491	1.6747663755012743	0.6322130413014673
428000	-71.49609264740772	-51.34840862787607	-20.147684019531653	0.0	1	1	1	1.5243180671049703	1.837070236575343	1.927715770335927	561.1355281027331	1.5243180671049703	1.837070236575343	1.927715770335927
429000	-67.56733365465604	-51.30632008910101	-16.261013565555036	0.0	1	1	1	0.5455307344979059	0.23608047334752355	0.5187965904227393	598.5980684935357	0.5455307344979059	0.23608047334752355	0.5187965904227393
430000	-71.31870085483818	-51.52310053812847	-19.79560031670972	0.0	1	0	1	0.3615708997743457	2.692158157345023	1.1392771816987377	1047.9094915757137	0.3615708997743457	0.0	1.1392771816987377
431000	-67.72559476950201	-52.811549683571805	-14.914045085930209	0.0	1	0	1	0.413717354551826	0.07403778102443623	0.5316991931771758	372.686709325747	0.413717354551826	0.0	0.5316991931771758
432000	-75.62279471850493	-51.6912755439663	-23.93151917453864	0.0	0	1	1	4.001402304414991	0.6243221776614077	2.9525916420654825	1464.283920712994	0.0	0.6243221776614077	2.9525916420654825
433000	-66.29514982192971	-51.33264207134077	-14.962507750588937	0.0	1	1	1	0.3963366922776448	0.3693707622898369	0.35244162578058863	271.64717613881487	0.3963366922776448	0.3693707622898369	0.35244162578058863
434000	-78.81306129315053	-52.93262905812442	-25.880432235026113	0.0	0	1	1	3.270907546207901	1.4208042927006275	4.209631756737344	1854.2770696700406	0.0	1.4208042927006275	4.209631756737344
435000	-68.41368146811386	-51.504606523922746	-16.909074944191115	0.0	0	1	1	0.1195485916041487	0.8818128741082032	1.6051148178445935	495.7156156429206	0.0	0.8818128741082032	1.6051148178445935
436000	-66.87182079628518	-50.997252929533275	-15.874567866751907	0.0	1	1	1	0.13571983107369862	0.5737029861853256	0.6269676746177284	453.4959973897551	0.13571983107369862	0.5737029861853256	0.6269676746177284
437000	-71.03758184350966	-53.55298603840488	-17.484595805104778	0.0	1	1	0	0.1230316062525796	0.45127467237045726	1.150111431519844	1130.078828213519	0.1230316062525796	0.45127467237045726	0.0
438000	-73.41748379275938	-52.72277428308571	-20.694709509673668	0.0	0	1	1	0.7083020472582988	0.22057891134108953	1.296417599677274	2898.3866772831834	0.0	0.22057891134108953	1.296417599677274
439000	-68.30148250449955	-52.54791320294679	-15.753569301552762	0.0	1	1	1	0.7690534119531868	0.8399086024287475	0.23743879120182415	285.337512893101	0.7690534119531868	0.8399086024287475	0.23743879120182415
440000	-67.72242143550204	-51.522660260046145	-16.19976117545589	0.0	1	1	1	0.8915269434155134	0.29360290957259666	0.9395611896801781	324.5625168832217	0.8915269434155134	0.29360290957259666	0.9395611896801781
441000	-70.09465237913876	-52.610174786131616	-17.48447759300715	0.0	1	0	1	0.6122117864519364	0.38249819153242276	0.30201499315269764	1367.2961304234354	0.6122117864519364	0.0	0.30201499315269764
442000	-69.95404712953135	-51.70559152709243	-18.24845560243891	0.0	1	1	1	0.026660841825159622	0.31327471826010445	1.4152189970615234	1332.1409806760118	0.026660841825159622	0.31327471826010445	1.4152189970615234
443000	-68.11174675364632	-52.00561326784529	-16.10613348580103	0.0	1	1	1	0.4665188063816226	0.9058936522769915	0.2308126352124049	442.5762709544183	0.4665188063816226	0.9058936522769915	0.2308126352124049
444000	-69.49665854191883	-50.65614547964885	-18.84051306226998	0.0	1	1	1	1.4880746489155265	1.1583195539106377	1.751716521090529	424.2702214623605	1.4880746489155265	1.1583195539106377	1.751716521090529
445000	-69.53815509222692	-50.69978791381321	-18.838367178413705	0.0	1	1	1	0.9897060258323546	1.480007791463327	1.8462775638764946	448.5809066801445	0.9897060258323546	1.480007791463327	1.8462775638764946
446000	-66.86798527374845	-52.7937494140207	-14.074235859727743	0.0	0	1	1	0.11968510411573842	0.24213219853024825	0.33286486155986533	251.3092975649158	0.0	0.24213219853024825	0.33286486155986533
447000	-69.15221613773741	-51.97990555570389	-17.172310582033532	0.0	1	1	1	0.35712718554747636	0.19203974704146096	0.9094101627885793	921.1376708601656	0.35712718554747636	0.19203974704146096	0.9094101627885793
448000	-66.61020692416037	-51.749424218492734	-14.860782705667624	0.0	1	1	1	0.08698044759890321	0.24855169945159294	0.09229916357142924	421.45950322279253	0.08698044759890321	0.24855169945159294	0.09229916357142924
449000	-69.33472775434765	-51.45611919549011	-17.87860855885754	0.0	0	1	1	2.317742083560718	0.3497335991855928	0.6416608685935103	589.4962598637335	0.0	0.3497335991855928	0.6416608685935103
450000	-66.74775709592183	-50.74240327555165	-16.005353820370182	0.0	1	1	1	0.36646643359364184	0.2730078627570456	0.7056066512408621	492.719944511085	0.36646643359364184	0.2730078627570456	0.7056066512408621
451000	-71.02250645306385	-53.90540049175142	-17.117105961312433	0.0	1	1	0	0.23369782525361174	0.48893723439288794	2.1837534275379133	465.8694004665718	0.23369782525361174	0.48893723439288794	0.0
452000	-71.78786461467584	-51.45383663956648	-20.334027975109358	0.0	1	1	1	0.6274281733170419	1.803300328947017	2.8166769210668403	646.9751120625184	0.6274281733170419	1.803300328947017	2.8166769210668403
453000	-68.0881490322254	-51.842189978617306	-16.24595905360809	0.0	0	1	1	0.274382589232108	0.9590668215946522	0.8024144488391209	465.67152664617095	0.0	0.9590668215946522	0.8024144488391209
454000	-68.53690463843161	-51.653896494328514	-16.883008144103098	0.0	1	0	1	1.2306063763528288	0.10163541731016273	0.7891937549141793	663.4818930616962	1.2306063763528288	0.0	0.7891937549141793
455000	-68.25802334804646	-51.052237795187885	-17.205785552858572	0.0	1	1	1	0.34596224339902587	0.5109510030579411	1.6492477146442202	505.83276557365394	0.34596224339902587	0.5109510030579411	1.6492477146442202
456000	-66.82044494549403	-50.75367152040326	-16.06677342509077	0.0	1	1	1	0.3083065152015531	0.7480539776655023	0.7294015120241796	378.0659409661083	0.3083065152015531	0.7480539776655023	0.7294015120241796
457000	-68.73781523186734	-50.944664913899985	-17.793150317967363	0.0	1	1	1	0.7497578893307983	1.668867203095681	1.337151599364546	315.4177267192995	0.7497578893307983	1.668867203095681	1.337151599364546
458000	-67.45518886290279	-51.47680563011509	-15.978383232787698	0.0	0	1	1	0.6968316026236221	0.43048066602765267	0.6341670682362798	467.8396888614879	0.0	0.43048066602765267	0.6341670682362798
459000	-68.86500071348594	-51.60660100342488	-17.258399710061067	0.0	1	0	1	0.8042087541580939	0.5857114404391978	1.414790575164442	547.5160022352024	0.8042087541580939	0.0	1.414790575164442
460000	-66.91885288430424	-51.45042698665209	-15.46842589765216	0.0	1	0	1	0.3903351638764099	0.1518568515651435	0.3959615073783964	575.0621282180581	0.3903351638764099	0.0	0.3959615073783964
461000	-74.23272164865811	-53.55242061218167	-20.680301036476443	0.0	1	1	1	1.0397913665993042	0.28592608870811226	2.346383019663185	1639.5895979474303	1.0397913665993042	0.28592608870811226	2.346383019663185
462000	-67.9676358724901	-51.18098584436873	-16.786650028121382	0.0	1	1	1	0.9727248548571077	0.32213728463249036	1.2444788015061463	368.89516936471773	0.9727248548571077	0.32213728463249036	1.2444788015061463
463000	-67.36739063069294	-50.6519606723805	-16.715429958312434	0.0	1	1	1	0.7528057992278746	0.6384795078707817	0.890235686207974	421.7436877636998	0.7528057992278746	0.6384795078707817	0.890235686207974
464000	-70.48861180780443	-53.45576787012699	-17.03284393767744	0.0	1	1	0	0.8069819047009009	0.49702745099847306	1.0763981479370777	620.7892050357543	0.8069819047009009	0.49702745099847306	0.0
465000	-77.39309548178876	-52.502410798829004	-24.890684682959762	0.0	1	0	1	3.3861447968339125	3.4241347210203585	0.4631454614590604	2284.155266143771	3.3861447968339125	0.0	0.4631454614590604
466000	-70.0215618650971	-53.28198028383487	-16.73958158126223	0.0	0	1	1	0.7266720811400113	1.3162652856696615	0.5418938223560373	448.302032863392	0.0	1.3162652856696615	0.5418938223560373
467000	-68.21841316930286	-50.750099152620706	-17.468314016682164	0.0	1	1	1	1.1537150116920194	0.5830036687765547	1.3193509412967626	415.34708027161764	1.1537150116920194	0.5830036687765547	1.3193509412967626
468000	-70.01781533603781	-52.12067607468351	-17.89713926135431	0.0	1	0	1	0.15575964429632683	0.8908718472010574	1.0419063122006071	1155.917653825956	0.15575964429632683	0.0	1.0419063122006071
469000	-69.62623183225783	-52.17098137721726	-17.45525045504057	0.0	1	0	1	0.5194719325849712	0.23533656570666123	0.8497109494168835	1178.6183354994132	0.5194719325849712	0.0	0.8497109494168835
470000	-68.07345733231999	-50.83337625338152	-17.24008107893847	0.0	1	1	1	1.124482381289003	0.7304432394381336	0.941809637241814	424.5515346667733	1.124482381289003	0.7304432394381336	0.941809637241814
471000	-77.20438102137607	-52.62884162525848	-24.57553939611759	0.0	1	1	1	6.257952311346072	0.9469157619281238	1.2592996668395937	1121.8489857836287	6.257952311346072	0.9469157619281238	1.2592996668395937
472000	-72.20891995911138	-51.12127325128292	-21.087646707828466	0.0	1	1	1	1.265639949008857	1.1462726021453462	4.260317127770332	416.27951638441255	1.265639949008857	1.1462726021453462	4.260317127770332
473000	-70.89133870584571	-51.76266309079175	-19.128675615053965	0.0	0	1	1	3.4019561166064545	0.8966409458005219	0.891465800321101	384.78751919796997	0.0	0.8966409458005219	0.891465800321101
474000	-68.68530471810512	-52.99040865629068	-15.694896061814427	0.0	1	1	1	0.2375801539207785	1.1074084522156211	0.9177717832440189	194.28205712231735	0.2375801539207785	1.1074084522156211	0.9177717832440189
475000	-67.47764065546264	-51.10450654636368	-16.37313410909895	0.0	1	1	1	0.5297373149293801	0.8128546626897751	1.1635151067533216	276.5274221758528	0.5297373149293801	0.8128546626897751	1.1635151067533216
476000	-69.6020496557817	-51.545503216245166	-18.05654643953653	0.0	1	0	1	1.0461084639264466	0.05039042271311582	1.6651854145035367	896.2993353513987	1.0461084639264466	0.0	1.6651854145035367
477000	-72.05699165498115	-51.979995643080414	-20.076996011900725	0.0	1	1	1	3.2040982034857124	1.37949841988605	1.416828185950579	324.9307650947246	3.2040982034857124	1.37949841988605	1.416828185950579
478000	-69.00191124547118	-51.25522206266204	-17.74668918280913	0.0	1	1	1	0.6348674900559389	1.8763588708301824	1.0883813299885297	342.58532920487744	0.6348674900559389	1.8763588708301824	1.0883813299885297
479000	-67.59227916002784	-51.48488423094693	-16.107394929080908	0.0	0	1	1	0.44908570493624034	0.613756092802031	0.84634396876019	461.9029887770522	0.0	0.613756092802031	0.84634396876019
480000	-68.35434257198557	-50.85779573858977	-17.496546833395794	0.0	1	1	1	1.2849080689154206	0.56269804728148	1.2286741220965043	417.7076560496005	1.2849080689154206	0.56269804728148	1.2286741220965043
481000	-69.17099281823172	-51.47789596739402	-17.693096850837705	0.0	1	1	1	0.41068783885387755	1.077089243666972	1.2323007102747265	603.2604535483815	0.41068783885387755	1.077089243666972	1.2323007102747265
482000	-68.4906295467979	-53.342311785357644	-15.148317761440262	0.0	1	1	0	0.29728008464270583	0.34257572674784936	0.1652829529802291	509.29600197330757	0.29728008464270583	0.34257572674784936	0.0
483000	-68.91412449603014	-51.657186190039376	-17.256938305990765	0.0	1	0	1	1.0949963113600698	0.3247066731278489	0.719418288232764	814.6610399294427	1.0949963113600698	0.0	0.719418288232764
484000	-69.33816177925381	-52.07000435392872	-17.26815742532509	0.0	1	1	1	1.0335408122437584	0.052184714388036964	0.4227780121895446	943.3033922302511	1.0335408122437584	0.052184714388036964	0.4227780121895446
485000	-67.9459094790736	-51.466657031664276	-16.47925244740933	0.0	1	1	1	0.0764027476183541	0.9712341645943453	0.8654854540911351	462.2811272643977	0.0764027476183541	0.9712341645943453	0.8654854540911351
486000	-70.14035808434895	-52.2575950882883	-17.88276299606065	0.0	1	1	1	0.7985342076863334	1.6531842999503552	0.5063475388485262	585.2381646177137	0.7985342076863334	1.6531842999503552	0.5063475388485262
487000	-69.63014163147321	-51.9593908506786	-17.670750780794613	0.0	1	1	1	0.8297511729866875	2.0986067295996174	0.8009456613453774	293.0323992022703	0.8297511729866875	2.0986067295996174	0.8009456613453774
488000	-69.44558778328629	-52.131316073314615	-17.314271709971667	0.0	1	0	1	0.6937172713150205	0.15640951172824286	0.7983945877889752	1080.4842571807985	0.6937172713150205	0.0	0.7983945877889752
489000	-68.49763903376886	-52.23081519080035	-16.26682384296851	0.0	1	1	1	1.2061538361855213	0.5565651505899486	0.44100958231933424	321.6360736853036	1.2061538361855213	0.5565651505899486	0.44100958231933424
490000	-70.10684786528921	-51.226808582183914	-18.8800392831053	0.0	1	1	1	0.22839718928207606	1.8449248698946792	2.1403106391201523	494.74871901846643	0.22839718928207606	1.8449248698946792	2.1403106391201523
491000	-71.26088169057724	-52.73757818670266	-18.523303503874576	0.0	1	0	1	0.5652610726623464	0.42352326595330414	1.1036026857976444	1510.7732986699127	0.5652610726623464	0.0	1.1036026857976444
492000	-69.1801895914004	-52.08117205606907	-17.09901753533133	0.0	1	1	1	0.65218300971241	1.7723493414138425	0.5392246212119918	339.57664937112463	0.65218300971241	1.7723493414138425	0.5392246212119918
493000	-65.86548979954384	-50.786383333178605	-15.079106466365225	0.0	1	1	1	0.09272602435877038	0.27143576360961114	0.31407218088308136	412.01700906226114	0.09272602435877038	0.27143576360961114	0.31407218088308136
494000	-69.33422676545995	-51.67949883086957	-17.654727934590376	0.0	1	1	1	0.3756916519028883	1.6159846840976746	0.939869845885526	513.7923859811592	0.3756916519028883	1.6159846840976746	0.939869845885526
495000	-72.15364891496381	-52.88785863677017	-19.265790278193645	0.0	1	0	1	0.985493021877094	0.46144293830970506	3.410137598063061	531.7440246403194	0.985493021877094	0.0	3.410137598063061
496000	-69.7246980076239	-52.20003158468714	-17.52466642293676	0.0	1	1	1	1.3757287942648642	0.08482059184640006	1.7637259660735185	383.41370054656085	1.3757287942648642	0.08482059184640006	1.7637259660735185
497000	-69.69981121819742	-53.219112928292894	-16.480698289904527	0.0	1	1	0	0.7012395897689822	0.603260365223354	0.20461190189195486	750.4489013315695	0.7012395897689822	0.603260365223354	0.0
498000	-71.18181352134988	-51.58456075539668	-19.597252765953208	0.0	1	1	1	0.4541241677039208	1.1369432231329992	3.5959394446680273	414.7604900348518	0.4541241677039208	1.1369432231329992	3.5959394446680273
499000	-67.72566234367017	-51.69704495491636	-16.028617388753815	0.0	1	0	1	0.3875365292758221	0.030502098344840578	0.9497813938318593	623.998657665545	0.3875365292758221	0.0	0.9497813938318593
500000	-66.3415721978978	-51.05421502869109	-15.287357169206711	0.0	1	1	1	0.3662641858321316	0.4793569729721244	0.29122173945370694	343.46275406244075	0.3662641858321316	0.4793569729721244	0.29122173945370694
501000	-71.75333723601629	-54.515415230297556	-17.237922005718733	0.0	1	0	1	1.124586184950963	0.5473565539071436	0.16533383738495827	947.0549884864356	1.124586184950963	0.0	0.16533383738495827
502000	-68.85628471350277	-51.88444253624276	-16.97184217726002	0.0	0	1	1	0.9808407050800553	1.0105149999196517	0.8217475766440824	449.53864756249124	0.0	1.0105149999196517	0.8217475766440824
503000	-72.33040704526356	-53.858275868359115	-18.472131176904444	0.0	0	1	1	1.2378338045430313	1.410299959735674	0.28269253057190336	1016.7631463678996	0.0	1.410299959735674	0.28269253057190336
504000	-69.0467823152728	-51.19070205425068	-17.856080261022115	0.0	1	1	1	0.8194286481026322	0.18871031940499441	1.746793886092758	652.6996044090762	0.8194286481026322	0.18871031940499441	1.746793886092758
505000	-71.76647132384497	-54.09881085497359	-17.667660468871368	0.0	1	1	1	1.887646125990609	0.42336516948735325	1.7507888066771882	224.33245403221628	1.887646125990609	0.42336516948735325	1.7507888066771882
506000	-69.99493874985174	-52.456907932829274	-17.53803081702247	0.0	1	1	1	1.1418888526026214	0.21292804325100362	0.4250166352836392	942.596112776776	1.1418888526026214	0.21292804325100362	0.4250166352836392
507000	-70.57293166326059	-53.26859253798813	-17.30433912527247	0.0	1	1	1	0.9773932792164307	0.6736944680494753	0.0036427854451499763	890.6439153210902	0.9773932792164307	0.6736944680494753	0.0036427854451499763
508000	-71.55113472133094	-53.440159885150926	-18.110974836180016	0.0	1	1	0	0.8146455011484008	0.20982449136816464	1.3687626056260025	1107.6603372021111	0.8146455011484008	0.20982449136816464	0.0
509000	-68.31267449861805	-50.81162603736094	-17.501048461257117	0.0	1	1	1	0.5587987028473869	1.0456136162883907	1.7651005312798345	338.6326663959788	0.5587987028473869	1.0456136162883907	1.7651005312798345
510000	-67.73500470915232	-51.5229267225711	-16.21207798658122	0.0	1	0	1	0.284380535135445	0.028793798050840962	0.5474547631518434	923.2692580265514	0.284380535135445	0.0	0.5474547631518434
511000	-70.64587670045013	-53.28603283496347	-17.359843865486663	0.0	1	1	1	1.029562532613436	1.9812637511832183	0.2001885387596066	343.031797799436	1.029562532613436	1.9812637511832183	0.2001885387596066
512000	-68.48401402271205	-51.651202488647705	-16.832811534064348	0.0	1	1	1	1.2223768768093672	0.7830551433238215	1.0096640262801155	265.9980559394709	1.2223768768093672	0.7830551433238215	1.0096640262801155
513000	-69.31195261402979	-51.07001113878044	-18.24194147524935	0.0	1	1	1	0.8001684254629059	1.990734029069573	1.4120815284778725	315.7979773919602	0.8001684254629059	1.990734029069573	1.4120815284778725
514000	-68.35888719088118	-51.54652985612693	-16.812357334754243	0.0	1	1	1	0.03081690788329189	0.32457495832569633	0.9235907730615073	836.7577306538128	0.03081690788329189	0.32457495832569633	0.9235907730615073
515000	-70.76593009118434	-51.45779398842816	-19.30813610275618	0.0	1	1	1	0.17442245191266484	1.6966569063253423	3.121873637233103	387.5321563024974	0.17442245191266484	1.6966569063253423	3.121873637233103
516000	-74.05988100184683	-56.197608576864795	-17.86227242498203	0.0	0	1	1	2.836365488535202	1.117437868877078	0.26244588406496344	309.55048080915105	0.0	1.117437868877078	0.26244588406496344
517000	-66.58938522968553	-51.127144857874455	-15.462240371811074	0.0	1	1	1	0.3105825876372743	0.20577891477257712	0.24283499925575625	506.9829847519025	0.3105825876372743	0.20577891477257712	0.24283499925575625
518000	-76.35483368424447	-52.738855316802365	-23.615978367442104	0.0	1	0	1	1.0894529512112499	0.9933191052374818	4.084866973195405	2167.5714071845523	1.0894529512112499	0.0	4.084866973195405
519000	-73.29235559608657	-52.717666432828736	-20.574689163257837	0.0	1	1	1	0.7077098790410863	0.38158086662154045	2.742126645418464	1478.1868851344907	0.7077098790410863	0.38158086662154045	2.742126645418464
520000	-67.72528905403702	-52.13261275828679	-15.59267629575023	0.0	0	1	1	0.35114345935185837	0.014613157616315809	0.07116353387321883	831.8004856700974	0.0	0.014613157616315809	0.07116353387321883
521000	-69.07006027266422	-52.069996590700114	-17.000063681964114	0.0	1	1	1	0.09380994684048478	0.7352140430097691	1.9123133920780686	371.98356257550216	0.09380994684048478	0.7352140430097691	1.9123133920780686
522000	-69.13047651868665	-51.37867386601807	-17.751802652668584	0.0	1	0	1	1.401636249112529	0.26849927269943547	1.3750011463983873	641.787049804227	1.401636249112529	0.0	1.3750011463983873
523000	-70.79932807223446	-51.256608329092415	-19.542719743142044	0.0	1	1	1	1.062332763051844	0.9887674467316427	2.432451189948246	636.2385013240763	1.062332763051844	0.9887674467316427	2.432451189948246
524000	-69.23185312181697	-53.207268296923864	-16.024584824893104	0.0	1	1	1	0.12840617365217105	0.44430439743204425	0.0545829486067869	775.9917010149381	0.12840617365217105	0.44430439743204425	0.0545829486067869
525000	-69.71597732803289	-53.01421649766283	-16.70176083037007	0.0	1	1	1	0.458745140565226	0.0915825444116202	0.03131485927774679	1126.4801129177472	0.458745140565226	0.0915825444116202	0.03131485927774679
526000	-68.84054094294697	-52.16292741806818	-16.677613524878797	0.0	1	1	1	1.289706759551	0.9738360856431567	0.5663258395450732	272.3718520679843	1.289706759551	0.9738360856431567	0.5663258395450732
527000	-68.68957713179105	-52.745149360271185	-15.944427771519864	0.0	1	1	1	0.5396441898027511	0.5242279753696816	0.05206560357916645	550.3799085336988	0.5396441898027511	0.5242279753696816	0.05206560357916645
528000	-70.77083706981828	-51.83987993861342	-18.930957131204867	0.0	1	1	1	1.4970413421237239	1.946783781584789	0.7357916891910142	523.4146988412807	1.4970413421237239	1.946783781584789	0.7357916891910142
529000	-72.02066482302527	-51.275451419768714	-20.74521340325655	0.0	1	1	1	1.1051087864146318	3.4451756046087256	2.1256148478991994	323.1533603874527	1.1051087864146318	3.4451756046087256	2.1256148478991994
530000	-73.10735894582615	-54.5260793220541	-18.581279623772048	0.0	1	1	1	0.5967376856141863	0.7122052176136675	3.564167353519281	243.74224870231888	0.5967376856141863	0.7122052176136675	3.564167353519281
531000	-69.80755628712257	-52.249136020141954	-17.558420266980605	0.0	1	1	1	1.2822901796104362	0.3904811023730563	0.509178059442853	766.9195197380847	1.2822901796104362	0.3904811023730563	0.509178059442853
532000	-70.40925596706987	-52.0741503894403	-18.335105577629573	0.0	1	0	1	0.842267304948351	1.4184344465734993	0.4279752527295873	1070.4672597498022	0.842267304948351	0.0	0.4279752527295873
533000	-67.88022062408852	-50.91725303455183	-16.962967589536692	0.0	1	1	1	0.24330499205530387	0.7697886773327163	1.2939099118412438	491.2980891368938	0.24330499205530387	0.7697886773327163	1.2939099118412438
534000	-67.6350389073188	-51.555483261921104	-16.079555645397704	0.0	0	1	1	1.7784051972419086	0.07249883642864373	0.08394551643953581	445.1982610166215	0.0	0.07249883642864373	0.08394551643953581
535000	-71.26145871327877	-51.27919670072276	-19.98226201255601	0.0	1	1	1	2.7457671001237114	0.5326660692385881	2.0891239105442168	477.82263812351925	2.7457671001237114	0.5326660692385881	2.0891239105442168
536000	-76.09874523359292	-51.67690763428072	-24.421837599312205	0.0	0	1	1	0.2723499666084798	0.6539568767372755	5.679502782554297	2423.6885327512987	0.0	0.6539568767372755	5.679502782554297
537000	-70.19847990142844	-51.177500580867544	-19.020979320560897	0.0	1	1	1	0.2676106936699582	1.8136579606639325	2.2448853526242116	504.2212494861408	0.2676106936699582	1.8136579606639325	2.2448853526242116
538000	-70.02105828365143	-53.58760618275964	-16.433452100891788	0.0	1	1	1	0.07603268371023053	0.026109340195154332	0.07196352424582105	1201.3907469276546	0.07603268371023053	0.026109340195154332	0.07196352424582105
539000	-72.02978375926682	-51.32056904043238	-20.709214718834446	0.0	1	1	1	1.9212146662812641	1.5424516203720957	2.31939143871529	585.7776805234382	1.9212146662812641	1.5424516203720957	2.31939143871529
540000	-68.00251187502485	-52.1095705291438	-15.892941345881054	0.0	0	1	1	0.1759117352955133	0.7904344499300608	0.5530950790837318	519.6024688043456	0.0	0.7904344499300608	0.5530950790837318
541000	-74.33360623119289	-52.724854941462674	-21.60875128973022	0.0	1	1	1	2.0077508937706976	0.9457294292787176	2.8601526207693384	960.6077914423687	2.0077508937706976	0.9457294292787176	2.8601526207693384
542000	-69.56966064819338	-52.42119889798594	-17.148461750207442	0.0	1	1	1	0.22395612968909454	1.1248778442317495	0.6007796582388643	691.9958373391453	0.22395612968909454	1.1248778442317495	0.6007796582388643
543000	-71.07097637024293	-51.16866100693155	-19.902315363311374	0.0	1	1	1	0.987508923264181	2.2586574695758337	1.960743943824885	504.4157259097806	0.987508923264181	2.2586574695758337	1.960743943824885
544000	-72.00251974554033	-51.736967540980594	-20.265552204559732	0.0	1	1	1	2.046432268778573	0.45975381349572103	2.3529750018939435	779.9756988379503	2.046432268778573	0.45975381349572103	2.3529750018939435
545000	-69.10519416840415	-51.60859104334318	-17.496603125060968	0.0	0	1	1	0.7753299282162887	0.2809478819663526	0.9620099216948949	985.2381983178602	0.0	0.2809478819663526	0.9620099216948949
546000	-67.98267640403874	-51.335306215364604	-16.647370188674135	0.0	1	1	1	0.26777501994499003	0.14943762188827295	0.895979405769493	748.6769483432668	0.26777501994499003	0.14943762188827295	0.895979405769493
547000	-71.09040207404337	-51.65149753519249	-19.438904538850874	0.0	0	1	1	2.203357487098949	0.9076008385436584	1.4264576541991587	720.724801421116	0.0	0.9076008385436584	1.4264576541991587
548000	-66.87261775892836	-51.89414088171397	-14.97847687721438	0.0	0	1	1	0.24994321045099158	0.4600764084201946	0.5062158402553861	337.9827913587914	0.0	0.4600764084201946	0.5062158402553861
549000	-71.23025878475117	-52.420524339602345	-18.80973444514883	0.0	0	1	1	2.6456906379640346	1.0337994019523653	0.6069394408466655	572.5202557732256	0.0	1.0337994019523653	0.6069394408466655
550000	-66.72237049471005	-50.84993955634383	-15.872430938366225	0.0	1	1	1	0.35681888450085525	0.7665828939553501	0.6909363643798768	320.4194833367806	0.35681888450085525	0.7665828939553501	0.6909363643798768
551000	-66.90759659847424	-51.64823510636122	-15.259361492113017	0.0	0	1	1	0.8370719314775569	0.18091958701116007	0.26839938212025916	394.42708665022315	0.0	0.18091958701116007	0.26839938212025916
552000	-73.988029457399	-51.874364522156064	-22.113664935242937	0.0	1	0	1	1.3005655596067616	0.20355005575225918	4.310233214603586	1432.3940693549391	1.3005655596067616	0.0	4.310233214603586
553000	-67.22772299166796	-51.38077785084903	-15.846945140818937	0.0	1	1	1	0.46074734842532095	0.3890696724072056	1.0388536906334334	296.86804603066685	0.46074734842532095	0.3890696724072056	1.0388536906334334
554000	-66.88906465628747	-51.28521756891566	-15.603847087371816	0.0	1	1	1	0.5787220272534291	0.13709613844767712	0.5213268722080107	402.12468614498675	0.5787220272534291	0.13709613844767712	0.5213268722080107
555000	-70.47543094951791	-50.96015598432267	-19.515274965195253	0.0	1	1	1	2.0835395670625987	0.67559719069543	2.3187181629311557	422.78684728385883	2.0835395670625987	0.67559719069543	2.3187181629311557
556000	-67.37870067820043	-51.195401763917104	-16.18329891428332	0.0	1	1	1	0.3880248443763045	0.19306643296722595	1.0545925376695917	456.4492137595933	0.3880248443763045	0.19306643296722595	1.0545925376695917
557000	-69.71099052003215	-52.97816498597921	-16.732825534052942	0.0	1	1	1	0.40286152203691095	0.22961004471831808	0.39330038495495734	917.9360565742032	0.40286152203691095	0.22961004471831808	0.39330038495495734
558000	-70.6253927622298	-52.97784203086688	-17.647550731362912	0.0	0	1	1	3.079331924671389	0.4145359118422158	0.20234925890785666	388.3365379860369	0.0	0.4145359118422158	0.20234925890785666
559000	-68.83917118838785	-51.85450546217733	-16.98466572621052	0.0	0	1	1	0.14672259460419482	0.759084402122221	1.0553614939035014	772.9048289341	0.0	0.759084402122221	1.0553614939035014
560000	-72.70921304823948	-53.09373562084818	-19.615477427391298	0.0	1	1	1	2.387680420022501	0.7771883876509117	0.2475691452685075	1170.8272179441285	2.387680420022501	0.7771883876509117	0.2475691452685075
561000	-71.0169100576434	-52.139113083891736	-18.877796973751657	0.0	0	1	1	0.3336039408303512	1.022595452569013	1.9390569067497028	1037.667794877963	0.0	1.022595452569013	1.9390569067497028
562000	-67.52159286889426	-50.68040265433912	-16.841190214555134	0.0	1	1	1	0.9043955843800667	0.7365644383351937	0.9435134058083982	371.4386202088	0.9043955843800667	0.7365644383351937	0.9435134058083982
563000	-72.09776188843033	-51.59784861383956	-20.499913274590767	0.0	1	0	1	0.8647934132197893	4.363396763556706	0.6287539609769359	617.1673757755559	0.8647934132197893	0.0	0.6287539609769359
564000	-68.96005964386146	-51.59039905787953	-17.369660585981926	0.0	1	0	1	0.6263372006423158	1.3701835674005038	0.4205904811775454	742.3080890829152	0.6263372006423158	0.0	0.4205904811775454
565000	-69.2362609310131	-51.39836788649566	-17.83789304451745	0.0	1	1	1	0.331267895978561	0.3345485398001842	1.762456086317738	781.3923223086435	0.331267895978561	0.3345485398001842	1.762456086317738
566000	-72.43198127808635	-52.07467998435459	-20.35730129373177	0.0	1	0	1	3.002624344920242	1.0910647664937936	1.2054548606492121	788.1067563194964	3.002624344920242	0.0	1.2054548606492121
567000	-70.37554138769467	-52.98640434782619	-17.389137039868483	0.0	1	1	1	1.6486136491291359	1.4756825260105368	0.48663177683699393	257.79287427585746	1.6486136491291359	1.4756825260105368	0.48663177683699393
568000	-67.67650204248096	-51.32354370834915	-16.352958334131813	0.0	1	1	1	0.33429004712272264	0.4639680694903652	1.3663313230374217	353.2495111015095	0.33429004712272264	0.4639680694903652	1.3663313230374217
569000	-70.00118525140867	-52.15329703582138	-17.847888215587286	0.0	1	0	1	1.0396075838121412	1.2791317287395583	0.3806371711193796	828.5126355157454	1.0396075838121412	0.0	0.3806371711193796
570000	-70.24312595551423	-54.24668784139641	-15.99643811411782	0.0	1	1	1	0.33385448293846903	0.17434638077365538	1.5266238297505008	297.6337293679554	0.33385448293846903	0.17434638077365538	1.5266238297505008
571000	-68.85967283960365	-51.4246996151841	-17.434973224419544	0.0	1	1	1	0.29524846846641856	1.6831451573392082	1.1173117478395143	394.30594339121933	0.29524846846641856	1.6831451573392082	1.1173117478395143
572000	-69.43676386960234	-51.833096210734055	-17.603667658868282	0.0	1	1	1	0.7346394559272608	0.3989888281151173	1.1263331802109262	752.7649712759854	0.7346394559272608	0.3989888281151173	1.1263331802109262
573000	-68.68308273888749	-51.284319572409835	-17.398763166477664	0.0	1	1	1	0.7096940303420992	1.3024177654071782	0.7816421122145947	474.69258996705565	0.7096940303420992	1.3024177654071782	0.7816421122145947
574000	-71.05478213959091	-51.641033842778114	-19.413748296812805	0.0	1	1	1	0.3190725182230987	2.610205839227474	1.8256539843271602	492.2388772240762	0.3190725182230987	2.610205839227474	1.8256539843271602
575000	-69.98277332549597	-51.87400574508204	-18.10876758041394	0.0	1	1	1	1.5640896176081442	1.8257854134100164	0.8693026100073241	272.76736160581316	1.5640896176081442	1.8257854134100164	0.8693026100073241
576000	-68.15268800220665	-50.98386236539849	-17.168825636808158	0.0	1	1	1	0.9414926282146966	0.42496762262085513	1.0260624797090392	532.0431379515385	0.9414926282146966	0.42496762262085513	1.0260624797090392
577000	-68.24186423511229	-52.11478071099022	-16.12708352412207	0.0	1	1	1	0.835284160656046	0.709751131795948	0.9766146258950859	224.25420654276925	0.835284160656046	0.709751131795948	0.9766146258950859
578000	-66.11219739734467	-51.75699459160833	-14.355202805736345	0.0	0	1	1	0.15021035556392742	0.03226116571540892	0.029178054412080708	444.84296914945764	0.0	0.03226116571540892	0.029178054412080708
579000	-66.69685837823516	-51.47024080455577	-15.226617573679391	0.0	0	1	1	0.16376063889040607	0.1716854366182753	0.33681489264999825	583.9036737942772	0.0	0.1716854366182753	0.33681489264999825
580000	-73.50115008064684	-54.06856898163189	-19.432581099014943	0.0	1	0	1	0.05658071231723852	2.185283659165789	0.8668903207043851	1446.863518027594	0.05658071231723852	0.0	0.8668903207043851
581000	-66.78476948880919	-51.28770037311521	-15.497069115693984	0.0	1	1	1	0.49148220974761037	0.6241557261981597	0.5858236169156726	261.38131283285446	0.49148220974761037	0.6241557261981597	0.5858236169156726
582000	-72.80396388329046	-54.20281972649343	-18.601144156797027	0.0	1	1	1	0.16787726336288766	1.039748056456272	0.5925824300048187	1512.7570498588132	0.16787726336288766	1.039748056456272	0.5925824300048187
583000	-67.70556802772333	-51.229852099488575	-16.475715928234752	0.0	1	1	1	0.1553382233237858	0.5405004554921091	1.3087645141691715	432.8892878207188	0.1553382233237858	0.5405004554921091	1.3087645141691715
584000	-69.05740728039527	-51.51893502683597	-17.538472253559295	0.0	1	1	1	1.3703883143836209	0.09778774811033665	1.4932049413569706	465.7576214521827	1.3703883143836209	0.09778774811033665	1.4932049413569706
585000	-68.70668153818073	-52.18391430521348	-16.522767232967247	0.0	1	1	1	0.23863819085590088	1.2713496982937584	0.4755626423441832	453.1961256830617	0.23863819085590088	1.2713496982937584	0.4755626423441832
586000	-67.5723825025445	-51.320793350137095	-16.2515891524074	0.0	1	1	1	0.47798420739389863	0.4437573158640294	1.2830702105868537	317.68047190021144	0.47798420739389863	0.4437573158640294	1.2830702105868537
587000	-70.04385970854045	-53.911613781982936	-16.132245926557513	0.0	0	1	1	2.4320914352393843	0.15817536801313595	0.07206852309845069	270.0000898945505	0.0	0.15817536801313595	0.07206852309845069
588000	-69.05586567453649	-51.3671204798135	-17.68874519472299	0.0	1	1	1	1.1771893231139812	0.05801635256165243	1.6704294522530558	534.412082372884	1.1771893231139812	0.05801635256165243	1.6704294522530558
589000	-69.94585627787454	-51.32435434394313	-18.621501933931413	0.0	1	1	1	0.6644944031746258	0.36979298039668185	2.5532548521901908	626.4765483004596	0.6644944031746258	0.36979298039668185	2.5532548521901908
590000	-69.33686269261634	-51.29607395168751	-18.040788740928832	0.0	1	1	1	0.3220656116838467	1.9228665659769644	1.4845446968866467	386.45124261816807	0.3220656116838467	1.9228665659769644	1.4845446968866467
591000	-74.01217405473346	-53.55598996492577	-20.456184089807692	0.0	0	1	1	0.163742852289832	3.118367275377723	4.020753463300764	209.04186237139353	0.0	3.118367275377723	4.020753463300764
592000	-67.92873178497699	-51.69170168824204	-16.237030096734944	0.0	0	1	1	1.409840048063998	0.3999171320972441	0.4061161817978287	408.2361453395205	0.0	0.3999171320972441	0.4061161817978287
593000	-72.44193460037975	-53.470558670580296	-18.97137592979946	0.0	1	1	0	0.910199426071664	2.2416556388795175	0.6516533912210287	837.3130345327993	0.910199426071664	2.2416556388795175	0.0
594000	-69.46108983496664	-51.05905985810145	-18.402029976865197	0.0	1	1	1	0.9123651322147378	0.38492128767662753	2.186885199000168	582.7153388176118	0.9123651322147378	0.38492128767662753	2.186885199000168
595000	-69.64711244456379	-50.881147394345476	-18.76596505021831	0.0	1	1	1	1.0839291170253684	1.689592196024496	1.4751156911093237	447.01857567780837	1.0839291170253684	1.689592196024496	1.4751156911093237
596000	-71.49587050350554	-53.55829902039806	-17.937571483107483	0.0	1	1	0	0.11562253340604146	0.6339844653205334	0.7120974992424118	1537.927515563224	0.11562253340604146	0.6339844653205334	0.0
597000	-72.44195790051972	-51.54127427954551	-20.900683620974213	0.0	1	1	1	1.0837284728101675	0.03291076979110279	3.734297658593223	1089.4760656049557	1.0837284728101675	0.03291076979110279	3.734297658593223
598000	-70.94899874529719	-51.81629399786767	-19.13270474742953	0.0	1	1	1	1.847254781722927	0.45683696555223385	1.4988477456106803	746.7879026629398	1.847254781722927	0.45683696555223385	1.4988477456106803
599000	-70.05736179516406	-51.75106308485017	-18.306298710313886	0.0	0	1	1	1.5124469376956262	0.48479797285640486	1.0209723736829457	893.0957175448631	0.0	0.48479797285640486	1.0209723736829457
600000	-72.75045782139712	-53.726614996343365	-19.02384282505375	0.0	1	1	1	1.3883415893371607	1.3229779151800538	0.053743793982176186	1201.0811745654112	1.3883415893371607	1.3229779151800538	0.053743793982176186
601000	-69.76625895249462	-52.04541058603329	-17.720848366461333	0.0	1	1	1	1.743283313876681	0.009191766516082459	1.3551153048147861	477.3546353975605	1.743283313876681	0.009191766516082459	1.3551153048147861
602000	-67.64547890371739	-51.44367521667659	-16.2018036870408	0.0	0	1	1	0.4526324669161207	0.5225216536267485	0.8140032862284732	533.1102037395464	0.0	0.5225216536267485	0.8140032862284732
603000	-73.58956347102179	-53.63910301532352	-19.950460455698273	0.0	1	1	1	1.0458750754452937	3.5147172678852554	0.11644554157414849	722.9096649708741	1.0458750754452937	3.5147172678852554	0.11644554157414849
604000	-68.62974928997951	-51.65845738795922	-16.971291902020305	0.0	1	1	1	0.40007562713847916	1.3843632946383508	0.6407372708654533	455.97915038325505	0.40007562713847916	1.3843632946383508	0.6407372708654533
605000	-67.72565882006523	-50.64860051761532	-17.07705830244991	0.0	1	1	1	0.6532397153281329	0.8713047148838201	1.3974769601021755	344.62130124010076	0.6532397153281329	0.8713047148838201	1.3974769601021755
606000	-69.31859439426557	-51.45876203907658	-17.85983235518899	0.0	1	0	1	1.4430136328043934	0.3878262657872754	1.1846173530016608	697.0204817783143	1.4430136328043934	0.0	1.1846173530016608
607000	-69.81982925975659	-51.683357562361515	-18.136471697395077	0.0	1	1	1	0.009799752463656209	0.6969715349495704	1.7208395616521928	918.8016890494004	0.009799752463656209	0.6969715349495704	1.7208395616521928
608000	-69.23044849704849	-52.26998671328967	-16.960461783758824	0.0	1	0	1	0.6822944873466672	0.08153209239881085	0.39659700720375063	1151.328476398867	0.6822944873466672	0.0	0.39659700720375063
609000	-68.62962912967123	-51.67002488400557	-16.959604245665652	0.0	1	1	1	1.4472589045928395	0.48830293069741515	0.6776731910933067	396.31930554905244	1.4472589045928395	0.48830293069741515	0.6776731910933067
610000	-65.49188342722731	-50.667329336233486	-14.824554090993823	0.0	1	1	1	0.11156266431670009	0.1897276176013654	0.18993941710528864	392.6265146718166	0.11156266431670009	0.1897276176013654	0.18993941710528864
611000	-70.6143884725856	-52.74613980892603	-17.868248663659568	0.0	1	1	1	0.9402844583439316	0.5121172628985444	0.8297449564983627	860.9785471436824	0.9402844583439316	0.5121172628985444	0.8297449564983627
612000	-68.8462661727524	-51.08859364391644	-17.757672528835947	0.0	1	1	1	1.258991163197848	0.2585990758411692	1.3948008457555456	556.3654988063663	1.258991163197848	0.2585990758411692	1.3948008457555456
613000	-73.70348246982729	-51.61853280142037	-22.08494966840692	0.0	1	0	1	0.5901375316835333	5.2173344090004505	0.9164354116630472	927.8829681181614	0.5901375316835333	0.0	0.9164354116630472
614000	-69.36367881583666	-51.59615908604558	-17.767519729791086	0.0	1	1	1	0.6618837801951666	0.49410949245200614	1.3540207528876251	716.2452166745791	0.6618837801951666	0.49410949245200614	1.3540207528876251
615000	-67.25978398105596	-50.602284399767484	-16.657499581288477	0.0	1	1	1	0.5911167242236282	0.7693911148935916	1.1221010911122458	349.7415297525206	0.5911167242236282	0.7693911148935916	1.1221010911122458
616000	-66.61583723282902	-51.17180241554528	-15.44403481728375	0.0	1	1	1	0.36001221458109867	0.3616374103141021	0.7763891462122547	294.06547648785715	0.36001221458109867	0.3616374103141021	0.7763891462122547
617000	-69.86967372161888	-53.0808197982223	-16.78885392339658	0.0	1	1	1	0.3515667232900927	0.39141633067947956	0.42850125944085526	875.5174367443217	0.3515667232900927	0.39141633067947956	0.42850125944085526
618000	-68.05438788300796	-52.073651294297875	-15.980736588710085	0.0	1	1	1	0.14142916737722383	0.9410013984987747	0.4159247889884092	436.3053388966675	0.14142916737722383	0.9410013984987747	0.4159247889884092
619000	-68.58579256718379	-51.828898106823104	-16.75689446036068	0.0	0	1	1	0.2850599759444345	0.27444613880154217	0.6614534856671437	1014.0562635785	0.0	0.27444613880154217	0.6614534856671437
620000	-67.84572004376308	-52.338350482110855	-15.50736956165222	0.0	1	1	1	0.5238928445515809	0.402201237940345	0.09535552119643312	437.3819663011313	0.5238928445515809	0.402201237940345	0.09535552119643312
621000	-72.83342916787329	-52.766545025194176	-20.06688414267911	0.0	1	0	1	1.6809361027481577	0.19323719341884918	0.2983442613789717	2479.345714783046	1.6809361027481577	0.0	0.2983442613789717
622000	-70.86646810467695	-51.39997816126652	-19.466489943410433	0.0	1	0	1	2.352702342176656	0.07727410404292973	2.1942096533007835	696.1695538912445	2.352702342176656	0.0	2.1942096533007835
623000	-70.11628711760987	-51.4265426322214	-18.689744485388474	0.0	1	0	1	0.9995000955980399	1.0578668302475394	1.9243281103184735	642.3283252043913	0.9995000955980399	0.0	1.9243281103184735
624000	-73.09321185961112	-51.10715646364885	-21.98605539596227	0.0	1	1	1	3.346931750786504	0.8909107008360351	3.323800327207674	418.93134696411227	3.346931750786504	0.8909107008360351	3.323800327207674
625000	-67.20253629134122	-51.430559196693075	-15.771977094648147	0.0	1	1	1	0.6748143209744515	0.7092897918398146	0.40664038483783116	302.16347287566	0.6748143209744515	0.7092897918398146	0.40664038483783116
626000	-70.64623494658142	-52.42934141107271	-18.216893535508706	0.0	1	1	1	1.304645022522866	1.19466337063934	0.5526554275774858	678.1979809504521	1.304645022522866	1.19466337063934	0.5526554275774858
627000	-67.09450210007265	-52.060430616766965	-15.034071483305686	0.0	1	1	1	0.22991481485271545	0.07730049440626884	0.5492104298435364	350.45649220438156	0.22991481485271545	0.07730049440626884	0.5492104298435364
628000	-70.78705475661582	-52.13066083738585	-18.656393919229966	0.0	1	1	1	1.5348971971637078	2.3877302704539116	0.5836057001481797	343.3723166341648	1.5348971971637078	2.3877302704539116	0.5836057001481797
629000	-67.043638315375	-50.67166009411433	-16.37197822126067	0.0	1	1	1	0.44841545964938856	0.4420249997496877	0.8902933418441332	470.27281941554764	0.44841545964938856	0.4420249997496877	0.8902933418441332
630000	-71.14171438894533	-53.68830626831581	-17.45340812062952	0.0	1	0	1	0.7047791133937462	2.2844818889128695	0.7613469551533505	323.20500305047364	0.7047791133937462	0.0	0.7613469551533505
631000	-67.68147945687596	-50.876245145303436	-16.80523431157252	0.0	1	1	1	0.7043023907814283	0.7103569025787	1.356083046812335	314.7267988000524	0.7043023907814283	0.7103569025787	1.356083046812335
632000	-68.95330448748338	-51.28844274598135	-17.66486174150203	0.0	1	1	1	0.5451238467791004	1.6558951881317152	1.6057360164121584	274.59883396173757	0.5451238467791004	1.6558951881317152	1.6057360164121584
633000	-70.01034862043264	-51.83338875540193	-18.17695986503071	0.0	1	1	1	1.9216991636321579	1.3782918972184772	0.9793110301301939	283.23062389393556	1.9216991636321579	1.3782918972184772	0.9793110301301939
634000	-69.06821148821804	-50.94052420148472	-18.127687286733316	0.0	1	1	1	1.2714610203704633	1.502185244979747	1.3831778881796812	299.76277899565133	1.2714610203704633	1.502185244979747	1.3831778881796812
635000	-72.67381885634721	-51.35321311455082	-21.320605741796395	0.0	1	0	1	1.3075714759699535	2.678294481880233	2.4544400820525194	711.8765101365195	1.3075714759699535	0.0	2.4544400820525194
636000	-73.35771869759719	-52.78652719082976	-20.57119150676743	0.0	0	1	1	3.36570491757199	2.2021277533230297	1.3987535492256222	299.8706805184002	0.0	2.2021277533230297	1.3987535492256222
637000	-71.85367208871374	-53.048391125544605	-18.805280963169135	0.0	1	0	1	0.35581132099825286	0.9267292192895619	0.7498991158133871	1721.9773584458117	0.35581132099825286	0.0	0.7498991158133871
638000	-71.09628216583468	-51.15833704001699	-19.937945125817684	0.0	1	1	1	0.6897241070010499	0.9051725012824153	3.4210723789736224	584.233605962815	0.6897241070010499	0.9051725012824153	3.4210723789736224
639000	-69.61877672894224	-52.70980674945472	-16.908969979487516	0.0	1	0	1	0.26516162632479234	0.09286100458705969	1.455018861106885	804.8618587763079	0.26516162632479234	0.0	1.455018861106885
640000	-71.06943125890606	-51.97653153792577	-19.0928997209803	0.0	1	1	1	1.5269884705067418	0.5769952441804655	1.608981033242986	768.4247522055731	1.5269884705067418	0.5769952441804655	1.608981033242986
641000	-67.7750270717018	-52.109278728020975	-15.665748343680823	0.0	1	1	1	0.3546809284617636	0.5171939773167521	1.101122932265541	240.73316274359297	0.3546809284617636	0.5171939773167521	1.101122932265541
642000	-72.06246993074285	-52.546097759534696	-19.51637217120815	0.0	0	1	1	0.05212292858959173	2.6478925926302286	1.7580403395878361	788.1768714421931	0.0	2.6478925926302286	1.7580403395878361
643000	-68.58414338900198	-52.03146874374901	-16.552674645252967	0.0	1	0	1	0.27257763954598807	0.1926773651283722	1.0736016807864806	768.689234481318	0.27257763954598807	0.0	1.0736016807864806
644000	-70.34179097317804	-51.88788591243322	-18.453905060744813	0.0	1	1	1	1.7107800228178474	0.43377777504703513	1.0232551948290876	728.2400480912884	1.7107800228178474	0.43377777504703513	1.0232551948290876
645000	-72.28406669453109	-52.528120465565735	-19.755946228965353	0.0	1	0	1	0.5397377572102906	4.7167964451225775	0.45418762776979255	415.2605381969242	0.5397377572102906	0.0	0.45418762776979255
646000	-69.32388492265943	-51.55410238312226	-17.769782539537168	0.0	1	0	1	0.35034439231004816	0.9832398138503816	1.1463621322151345	893.9241987608557	0.35034439231004816	0.0	1.1463621322151345
647000	-67.13609034004566	-51.41130772997429	-15.72478261007136	0.0	1	1	1	0.11722714644634692	0.2167006306457515	0.3442310303698528	631.3691142239138	0.11722714644634692	0.2167006306457515	0.3442310303698528
648000	-70.74004998704976	-52.62305577368761	-18.116994213362155	0.0	1	1	1	0.12615010321011838	0.14648465706576916	0.8516609639398632	1629.967518038715	0.12615010321011838	0.14648465706576916	0.8516609639398632
649000	-68.71093554605974	-51.10351016750627	-17.607425378553476	0.0	1	1	1	0.27333688121574357	0.7416420769288322	1.9248829858446177	495.13198171314326	0.27333688121574357	0.7416420769288322	1.9248829858446177
650000	-67.40317723819976	-51.05270783818582	-16.35046940001395	0.0	1	1	1	0.7801753051463595	0.4649985011675962	0.5369901101402342	462.9696732516057	0.7801753051463595	0.4649985011675962	0.5369901101402342
651000	-67.93979169653593	-51.443275861836696	-16.49651583469923	0.0	1	1	1	1.108683907055729	0.7281714858942825	0.5937104917340238	322.33188811681185	1.108683907055729	0.7281714858942825	0.5937104917340238
652000	-69.4288669492899	-51.22915713844202	-18.19970981084787	0.0	1	1	1	0.3631090424189517	1.4631088639110206	1.5930676431122506	533.4765817840779	0.3631090424189517	1.4631088639110206	1.5930676431122506
653000	-71.64615302080091	-51.624604428816376	-20.02154859198453	0.0	1	1	1	2.116463120456918	0.2894219881493146	3.2099666031747263	413.427434243677	2.116463120456918	0.2894219881493146	3.2099666031747263
654000	-69.6780686879706	-51.487612792061086	-18.19045589590951	0.0	1	1	1	2.0031405586270896	0.5746843005641906	1.0325223068320841	466.71778148758574	2.0031405586270896	0.5746843005641906	1.0325223068320841
655000	-70.69030650017761	-51.723436015460784	-18.966870484716832	0.0	1	1	1	0.29426220147373017	0.6461235954993761	2.2668618034722936	943.2883356788464	0.29426220147373017	0.6461235954993761	2.2668618034722936
656000	-68.37289263227973	-52.498575640443605	-15.874316991836121	0.0	1	1	1	0.44658606144635915	1.155484225009005	0.7507452435714839	209.2938820860814	0.44658606144635915	1.155484225009005	0.7507452435714839
657000	-70.34667297681241	-50.74940206883436	-19.597270907978057	0.0	1	1	1	1.2091399656280515	1.953040112028924	1.964239680817139	432.8102101631334	1.2091399656280515	1.953040112028924	1.964239680817139
658000	-68.94862338216377	-51.55018233587257	-17.398441046291204	0.0	0	1	1	0.2849813769380618	1.1920322075063963	1.4447332247886795	555.6997300277218	0.0	1.1920322075063963	1.4447332247886795
659000	-68.9364082460217	-52.58851176511013	-16.34789648091157	0.0	1	1	1	0.4002497306966325	1.5124456876679961	0.46780380810809974	298.9636527372749	0.4002497306966325	1.5124456876679961	0.46780380810809974
660000	-69.11407817955359	-51.54173286996871	-17.572345309584875	0.0	1	0	1	0.2191790138267907	0.8494130135476908	0.7739702782123463	1113.9998182532363	0.2191790138267907	0.0	0.7739702782123463
661000	-66.0309868903414	-51.11504395127459	-14.915942939066806	0.0	1	1	1	0.290437557539385	0.184739161369113	0.42920100613937456	309.2706681670164	0.290437557539385	0.184739161369113	0.42920100613937456
662000	-74.09699672848768	-52.78449362928655	-21.31250309920113	0.0	1	1	1	2.688349351496408	2.2258718591274205	2.9242535560114082	201.20356625917003	2.688349351496408	2.2258718591274205	2.9242535560114082
663000	-71.92272320995112	-51.425209369113844	-20.49751384083727	0.0	1	0	1	1.3049054291809208	1.194885147289025	2.782220129294239	859.1864857036716	1.3049054291809208	0.0	2.782220129294239
664000	-71.25387197362622	-51.811357289023334	-19.442514684602884	0.0	1	1	1	1.2798566505327504	0.31061868251408187	2.2395727173329503	873.2290355880076	1.2798566505327504	0.31061868251408187	2.2395727173329503
665000	-68.92072952537654	-50.92605488721633	-17.99467463816022	0.0	1	1	1	0.6078930215094481	1.7139771185621875	1.5986216954254215	324.3449818331372	0.6078930215094481	1.7139771185621875	1.5986216954254215
666000	-68.61811253076694	-50.88710733198286	-17.73100519878408	0.0	1	1	1	0.36158042472603963	1.011995331016695	1.698335232096515	492.3307316810158	0.36158042472603963	1.011995331016695	1.698335232096515
667000	-73.83578492790873	-53.38121721580215	-20.45456771210658	0.0	1	1	1	0.005386366879535499	1.5707959686486557	2.2001819596701195	1439.5663749541984	0.005386366879535499	1.5707959686486557	2.2001819596701195
668000	-67.16219579072035	-51.470131466265904	-15.692064324454444	0.0	1	1	1	0.5893882357184222	0.3161373751534907	0.2528397118971098	452.09924924963497	0.5893882357184222	0.3161373751534907	0.2528397118971098
669000	-67.35765021058472	-51.6984025074201	-15.659247703164622	0.0	1	1	1	0.19336190818850726	0.5513304912485747	1.0397688460454568	278.2136353759658	0.19336190818850726	0.5513304912485747	1.0397688460454568
670000	-67.75323456423568	-51.74612618834967	-16.007108375886016	0.0	0	1	1	0.3023441474772276	0.5088172586789057	0.5447769734239694	620.303955898339	0.0	0.5088172586789057	0.5447769734239694
671000	-71.69493493193175	-51.73283029039635	-19.9621046415354	0.0	1	0	1	0.39632119901338025	3.675203202567329	0.5025395518474023	940.9310517078864	0.39632119901338025	0.0	0.5025395518474023
672000	-71.34674414976224	-53.3794592128024	-17.967284936959846	0.0	1	1	0	0.7848714174995951	1.4374815076847594	0.4780754912587339	883.1069789603138	0.7848714174995951	1.4374815076847594	0.0
673000	-72.3519496445864	-51.9990608501903	-20.352888794396094	0.0	1	0	1	0.31336237916055776	5.187078732560522	0.1610581782714561	635.8286632421824	0.31336237916055776	0.0	0.1610581782714561
674000	-70.335466482291	-52.52092686768229	-17.814539614608712	0.0	0	1	1	0.9564354527321074	0.5564200054322752	1.9571806804245824	509.7433597850193	0.0	0.5564200054322752	1.9571806804245824
675000	-72.19859327309292	-52.8847267586239	-19.313866514469023	0.0	0	1	1	0.6323787770198553	1.2399188508767078	1.6093608855455588	1168.6125033250887	0.0	1.2399188508767078	1.6093608855455588
676000	-76.90974210644514	-52.15985205299945	-24.74989005344569	0.0	1	1	1	4.637984062286878	1.4709727321417727	4.752214521488136	281.2614473497772	4.637984062286878	1.4709727321417727	4.752214521488136
677000	-74.13728498644346	-52.7603802597093	-21.376904726734164	0.0	0	1	1	3.535948446191815	1.8977615389550533	2.5579491494860487	252.45543764016958	0.0	1.8977615389550533	2.5579491494860487
678000	-72.02967214469315	-56.86588650351654	-15.163785641176604	0.0	0	1	1	0.39007154481938466	1.3540357541907586	0.7571336354343579	137.4102270660068	0.0	1.3540357541907586	0.7571336354343579
679000	-68.78606481184096	-51.94812356524692	-16.837941246594045	0.0	1	1	1	1.1294290941482992	0.22482243806570143	0.42687564249054283	635.3229043626613	1.1294290941482992	0.22482243806570143	0.42687564249054283
680000	-73.92994587442715	-51.78648305120033	-22.143462823226823	0.0	0	1	1	1.4239453315479107	0.8194245473749434	4.2577272506215404	1068.3666621120124	0.0	0.8194245473749434	4.2577272506215404
681000	-67.3844626270567	-51.0757011165576	-16.308761510499107	0.0	1	1	1	0.7229501398390632	0.9172550421454758	0.7391295132406269	290.31597295569577	0.7229501398390632	0.9172550421454758	0.7391295132406269
682000	-67.7604210154962	-53.65497735524162	-14.105443660254588	0.0	0	1	1	0.07367110735375733	0.22584184648770816	0.09643873905746629	324.8439029934642	0.0	0.22584184648770816	0.09643873905746629
683000	-69.61024756489277	-53.645562859723064	-15.964684705169715	0.0	1	1	0	0.15958772715418815	0.4948753384453718	0.12763570871697671	844.0389023780457	0.15958772715418815	0.4948753384453718	0.0
684000	-73.10844607539443	-51.639606078263796	-21.468839997130633	0.0	1	0	1	0.646681349398329	2.4993953393708384	2.2902758968652503	1278.843247017426	0.646681349398329	0.0	2.2902758968652503
685000	-71.99889437495978	-52.15161932893973	-19.84727504602004	0.0	1	1	1	1.894846312639849	2.4992985324170185	0.6533057920240544	540.257905953537	1.894846312639849	2.4992985324170185	0.6533057920240544
686000	-69.2377121862819	-52.38264563705767	-16.855066549224222	0.0	1	1	1	1.5704974618668492	0.659581105177747	0.5437577097780316	326.0757537711464	1.5704974618668492	0.659581105177747	0.5437577097780316
687000	-68.70030326255176	-52.49468662490431	-16.205616637647452	0.0	1	0	1	0.22936654894252095	0.8829862379482762	0.6836127983665645	532.0686541283749	0.22936654894252095	0.0	0.6836127983665645
688000	-67.96392488725293	-50.76607699616691	-17.197847891086024	0.0	1	1	1	0.3575330874730066	0.9024909191105206	1.5103623762878247	419.83283181459336	0.3575330874730066	0.9024909191105206	1.5103623762878247
689000	-70.28643200722976	-51.867161765405044	-18.419270241824712	0.0	1	1	1	0.2213616449089756	1.422717723767586	1.5742008731929056	692.8726744273173	0.2213616449089756	1.422717723767586	1.5742008731929056
690000	-74.48897620786917	-51.80470253185465	-22.684273676014513	0.0	1	0	1	0.9679096099059292	1.2301007833725457	3.9534714890090172	1572.5878056332213	0.9679096099059292	0.0	3.9534714890090172
691000	-66.99757364620615	-51.479592637627995	-15.517981008578158	0.0	1	1	1	0.687490408432655	0.4226316766665438	0.45625349772150137	295.3432852059605	0.687490408432655	0.4226316766665438	0.45625349772150137
692000	-66.08494454415597	-50.87768142660233	-15.207263117553646	0.0	1	1	1	0.25450196388624313	0.4661423584002503	0.520508203994902	298.66740500267093	0.25450196388624313	0.4661423584002503	0.520508203994902
693000	-68.94110844073647	-52.331298037763524	-16.609810402972943	0.0	0	1	1	0.42941625881033757	0.4165178369075512	0.47625179299551956	892.8800625067868	0.0	0.4165178369075512	0.47625179299551956
694000	-66.16612170872813	-51.3259632319206	-14.84015847680752	0.0	1	1	1	0.34085665022483014	0.2966633186458535	0.38610118995603526	265.75040686111066	0.34085665022483014	0.2966633186458535	0.38610118995603526
695000	-68.28679258123928	-52.82590198568531	-15.460890595553966	0.0	0	1	1	0.5531176186736443	0.34081000512967197	0.16125620701253776	530.6991087808776	0.0	0.34081000512967197	0.16125620701253776
696000	-75.64726370161358	-52.78638946653952	-22.86087423507407	0.0	1	1	1	1.7117923067588456	4.964484790693564	1.041751587248885	669.3029977527932	1.7117923067588456	4.964484790693564	1.041751587248885
697000	-70.85003856213922	-51.56422564167023	-19.285812920468988	0.0	1	0	1	0.35577197485488243	1.6643868620927418	1.3634850476743652	1206.6088574650514	0.35577197485488243	0.0	1.3634850476743652
698000	-66.4692665808511	-50.75222358862242	-15.717042992228672	0.0	1	1	1	0.39346860940042383	0.5694054240346692	0.4724555623966566	378.2587003378219	0.39346860940042383	0.5694054240346692	0.4724555623966566
699000	-69.39857307125352	-52.13073959749241	-17.26783347376111	0.0	1	0	1	0.9024371687823448	0.21385518937975498	0.4035732085072524	1123.6065979931045	0.9024371687823448	0.0	0.4035732085072524
700000	-68.46122842565586	-51.433134137630766	-17.02809428802509	0.0	1	1	1	1.2147908525786428	0.36583025221741217	1.2980413400450528	343.1859031087042	1.2147908525786428	0.36583025221741217	1.2980413400450528
701000	-69.11465573017938	-53.417898673874	-15.696757056305373	0.0	1	1	0	0.5535956030995536	0.5238561175187447	0.30819124262875325	498.54509658048846	0.5535956030995536	0.5238561175187447	0.0
702000	-69.51028312631266	-52.04883909495868	-17.46144403135398	0.0	1	1	1	1.8123500377830493	0.5305801196074339	0.6439301331113915	433.939530906691	1.8123500377830493	0.5305801196074339	0.6439301331113915
703000	-74.68131720014019	-56.974701437925845	-17.70661576221434	0.0	1	1	1	0.7671198060358325	3.092084932042948	0.22834948671215752	226.7639440753656	0.7671198060358325	3.092084932042948	0.22834948671215752
704000	-68.76708245625309	-52.602988205168316	-16.164094251084773	0.0	1	0	1	0.8247861269705801	0.5738723104144321	0.7814337168839603	397.5585584054192	0.8247861269705801	0.0	0.7814337168839603
705000	-67.98164340732971	-50.90365036437674	-17.077993042952976	0.0	1	1	1	0.27017625425283975	0.7645939800054534	1.519288277932658	449.06411138140453	0.27017625425283975	0.7645939800054534	1.519288277932658
706000	-68.36207150490739	-51.45012760875271	-16.911943896154686	0.0	1	0	1	0.6731869766881985	0.8923962966580672	0.8655935210142162	557.1567281961167	0.6731869766881985	0.0	0.8655935210142162
707000	-68.05373185605151	-52.71000908860481	-15.343722767446714	0.0	1	1	1	0.18967596611361018	0.9551308965513208	0.37452385036456604	267.4049018674302	0.18967596611361018	0.9551308965513208	0.37452385036456604
708000	-72.70448753696479	-51.76289095429691	-20.941596582667877	0.0	0	1	1	1.600595981770537	0.7263847409997027	2.6075620805249686	1264.5991643624004	0.0	0.7263847409997027	2.6075620805249686
709000	-67.37060942917554	-50.805524538553094	-16.56508489062245	0.0	1	1	1	0.4372205011777328	0.522510000068672	1.2927509936946855	386.81161680064855	0.4372205011777328	0.522510000068672	1.2927509936946855
710000	-74.72778989697697	-51.38457253863282	-23.343217358344155	0.0	1	0	1	3.042029797226961	2.3029094536569747	3.100850568966987	719.0240233153365	3.042029797226961	0.0	3.100850568966987
711000	-68.91982848632085	-53.05692601040257	-15.862902475918276	0.0	1	1	1	0.24146142276014854	1.2937517254934827	0.8518467710231961	201.5078963407237	0.24146142276014854	1.2937517254934827	0.8518467710231961
712000	-66.24590791037477	-50.742723414544436	-15.503184495830327	0.0	1	1	1	0.17935988490219754	0.4604133265917399	0.619525108385247	367.9729190147239	0.17935988490219754	0.4604133265917399	0.619525108385247
713000	-68.41896302723144	-52.22999866455454	-16.188964362676902	0.0	1	1	1	0.5334551342431292	0.7288515173426732	0.16072181900693727	528.4485214578608	0.5334551342431292	0.7288515173426732	0.16072181900693727
714000	-68.47807104500347	-51.76694926853141	-16.71112177647206	0.0	1	1	1	0.6572528067926491	0.0344819318682752	0.4768008317664756	840.9621633586656	0.6572528067926491	0.0344819318682752	0.4768008317664756
715000	-67.31572674889746	-51.19148009394515	-16.124246654952312	0.0	1	1	1	0.6697689924419259	0.15950612525039454	0.5248988081376733	529.8810028025421	0.6697689924419259	0.15950612525039454	0.5248988081376733
716000	-65.89914995879028	-51.12905010570457	-14.770099853085705	0.0	1	1	1	0.3068100551493561	0.2203717867217334	0.2669444543324438	300.9440832723897	0.3068100551493561	0.2203717867217334	0.2669444543324438
717000	-68.55125408141605	-51.07135502443304	-17.47989905698301	0.0	1	1	1	0.8739993992978791	1.1655472070984882	0.8663993479582635	464.76049531807075	0.8739993992978791	1.1655472070984882	0.8663993479582635
718000	-69.22037320100173	-51.696538351585346	-17.523834849416392	0.0	0	1	1	0.10818718547487316	0.819440526273236	1.505429638020077	802.5653667321313	0.0	0.819440526273236	1.505429638020077
719000	-72.87704822376736	-54.50194566490426	-18.375102558863098	0.0	1	1	1	0.05478055901823111	0.39616771898025194	0.44159798048742677	1943.8770714831178	0.05478055901823111	0.39616771898025194	0.44159798048742677
720000	-72.80989490764229	-55.87369720660709	-16.9361977010352	0.0	1	1	1	0.7822049887144799	2.3281047978660467	0.22582484347002782	223.27141219788913	0.7822049887144799	2.3281047978660467	0.22582484347002782
721000	-69.24846825491052	-50.731574454268284	-18.51689380064224	0.0	1	1	1	0.7249087126998297	1.072168062225861	2.098978693128839	479.8098735004398	0.7249087126998297	1.072168062225861	2.098978693128839
722000	-69.67778110473068	-52.104881170882244	-17.572899933848433	0.0	1	1	1	0.10577291385358976	1.2203062652701941	1.0315193175250976	698.7482653395839	0.10577291385358976	1.2203062652701941	1.0315193175250976
723000	-70.77712086025892	-52.63565930340401	-18.1414615568549	0.0	1	1	1	0.7358724951630958	1.7006300724936727	0.5230034632812877	685.1033997810802	0.7358724951630958	1.7006300724936727	0.5230034632812877
724000	-67.61174271551174	-51.76345081617109	-15.848291899340653	0.0	0	1	1	0.07568429709887337	0.41354357904648603	1.0130538804604812	510.25256982637427	0.0	0.41354357904648603	1.0130538804604812
725000	-75.82647979513544	-54.358147421949	-21.468332373186442	0.0	1	1	1	1.3252880549019008	0.06039315137625343	0.2898566319987827	3630.1503097439113	1.3252880549019008	0.06039315137625343	0.2898566319987827
726000	-67.58163126037086	-51.44031341390798	-16.14131784646288	0.0	1	1	1	0.7609129536540246	0.08074679972830305	0.5745135275833888	514.459305191074	0.7609129536540246	0.08074679972830305	0.5745135275833888
727000	-69.18612071132013	-52.544102463503215	-16.64201824781691	0.0	0	1	1	0.201619407677396	1.1902251716536956	0.6538743955907527	599.5047831627584	0.0	1.1902251716536956	0.6538743955907527
728000	-68.04540989234803	-51.83401802469751	-16.211391867650534	0.0	1	1	1	0.9081133271092929	0.4648606249761495	0.2841967466170907	458.52419699672544	0.9081133271092929	0.4648606249761495	0.2841967466170907
729000	-70.60342638895376	-51.28449689845072	-19.31892949050304	0.0	1	1	1	0.7529950766823411	0.5368512366970933	3.080593446105915	594.0691237326546	0.7529950766823411	0.5368512366970933	3.080593446105915
730000	-69.69798840977673	-53.42323150794731	-16.274756901829416	0.0	1	1	0	0.5685463517861602	0.8540300148603208	0.5159046126370044	506.9686209448467	0.5685463517861602	0.8540300148603208	0.0
731000	-69.04680664830505	-51.95012373710295	-17.096682911202105	0.0	1	1	1	0.4044800557539028	1.7934856270470783	1.1034794145644982	261.3046421926405	0.4044800557539028	1.7934856270470783	1.1034794145644982
732000	-70.33091284192497	-51.75311044319696	-18.577802398728014	0.0	1	0	1	0.21047449829200085	1.1367714996420544	0.832753594904066	1490.8928488101183	0.21047449829200085	0.0	0.832753594904066
733000	-68.28235392174875	-50.924201528936386	-17.358152392812368	0.0	1	1	1	1.2235031169695938	0.5888439737409628	1.0057936567455479	454.06893912640317	1.2235031169695938	0.5888439737409628	1.0057936567455479
734000	-72.98780094275347	-51.98180999289893	-21.005990949854528	0.0	1	0	1	0.34216256810838686	0.21883452517350774	2.395315550975108	2590.7490470272796	0.34216256810838686	0.0	2.395315550975108
735000	-66.95910671362022	-51.30112652221965	-15.657980191400565	0.0	1	1	1	0.1574779942519191	0.06004907924356774	0.27267281936334564	679.3512369349705	0.1574779942519191	0.06004907924356774	0.27267281936334564
736000	-70.53999314408674	-51.999981421678	-18.540011722408735	0.0	0	1	1	3.327356749306747	0.35138218258874865	0.28215108900113595	593.0841323606861	0.0	0.35138218258874865	0.28215108900113595
737000	-69.89233975697468	-51.48102741591663	-18.41131234105805	0.0	1	1	1	0.4706269212633421	0.23478700500663446	2.2293017390039465	811.096323641013	0.4706269212633421	0.23478700500663446	2.2293017390039465
738000	-67.90367925980598	-50.83584769239535	-17.06783156741063	0.0	1	1	1	0.9437927252978299	0.36342547605194186	1.213872745942752	456.17502142613085	0.9437927252978299	0.36342547605194186	1.213872745942752
739000	-68.12390562030275	-52.14281128198829	-15.981094338314461	0.0	0	1	1	0.4114962806119202	0.94446351961127	1.0078258781285017	302.8145541739126	0.0	0.94446351961127	1.0078258781285017
740000	-68.39354900828795	-50.98407677392303	-17.409472234364927	0.0	1	1	1	1.1237661509044718	0.7435557268844281	0.9244230222985805	478.801206271256	1.1237661509044718	0.7435557268844281	0.9244230222985805
741000	-66.56796073507716	-51.518837266565875	-15.049123468511292	0.0	0	1	1	0.11936602819796886	0.11930802080311924	0.25971368150720775	582.5689674428594	0.0	0.11930802080311924	0.25971368150720775
742000	-67.65953674533166	-50.62499626015712	-17.034540485174542	0.0	1	1	1	0.7939615183865285	0.8497927975548957	1.2421166220040216	342.9910314948494	0.7939615183865285	0.8497927975548957	1.2421166220040216
743000	-70.64841720910312	-51.97334258143763	-18.67507462766548	0.0	1	1	1	0.30552963576843883	2.6740737095734755	1.4302116193372916	373.75931285110175	0.30552963576843883	2.6740737095734755	1.4302116193372916
744000	-68.23093020789278	-50.80076044979314	-17.430169758099638	0.0	1	1	1	0.43959128011061205	1.304481662998331	1.4508834780528297	365.64370371563876	0.43959128011061205	1.304481662998331	1.4508834780528297
745000	-69.91040516019517	-52.648026621244405	-17.26237853895076	0.0	1	1	1	0.571228205142149	0.796051923994465	2.198357952172594	241.5089424601474	0.571228205142149	0.796051923994465	2.198357952172594
746000	-68.78172644816011	-50.930226204743335	-17.85150024341678	0.0	1	1	1	0.3775937076982853	1.224999243580823	1.9943289670729758	370.8593492622917	0.3775937076982853	1.224999243580823	1.9943289670729758
747000	-68.7248284811174	-51.36513631845461	-17.359692162662785	0.0	1	1	1	0.6869662320511329	0.8379566519245725	1.9086148124681153	289.57986067046124	0.6869662320511329	0.8379566519245725	1.9086148124681153
748000	-68.90719049108358	-51.405040402939264	-17.502150088144326	0.0	1	0	1	0.4742682684469752	1.040315447727127	0.84790820996648	824.5041401320688	0.4742682684469752	0.0	0.84790820996648
749000	-66.95920339940852	-50.96987744968881	-15.989325949719708	0.0	1	1	1	0.45117772682678636	0.2810131474398157	0.5068070050077416	523.0667582790605	0.45117772682678636	0.2810131474398157	0.5068070050077416
750000	-69.44587077290912	-51.66223987585749	-17.783630897051626	0.0	1	1	1	1.6905072436458168	0.4638825348268555	0.7670534504182431	562.4340819961379	1.6905072436458168	0.4638825348268555	0.7670534504182431
751000	-69.46741925961916	-52.68545258661016	-16.781966673008995	0.0	1	1	1	0.6478581957654724	1.628262293427068	1.0205780393022776	203.0951770673801	0.6478581957654724	1.628262293427068	1.0205780393022776
752000	-70.72746768924418	-52.46107381053653	-18.26639387870764	0.0	1	1	1	2.2892979533549926	1.0456205714279971	1.074817968194958	274.28649093300993	2.2892979533549926	1.0456205714279971	1.074817968194958
753000	-70.64325972563749	-52.31599137858628	-18.327268347051206	0.0	0	1	1	0.888853642353787	1.1855853367549922	1.1217629546787506	820.6243658188954	0.0	1.1855853367549922	1.1217629546787506
754000	-66.92157325927512	-52.02689302122676	-14.894680238048364	0.0	1	1	1	0.24840340836237806	0.014466752569162838	0.2129078972639836	417.305503090266	0.24840340836237806	0.014466752569162838	0.2129078972639836
755000	-69.34894036621532	-52.18079313070922	-17.1681472355061	0.0	1	1	1	0.35905055086187077	0.879730151343111	0.7331419697608096	690.9227083345496	0.35905055086187077	0.879730151343111	0.7331419697608096
756000	-68.90492820896604	-51.57731693147921	-17.327611277486834	0.0	0	1	1	1.3512284163798587	0.8141692157289108	1.1300924306223799	411.42571681787877	0.0	0.8141692157289108	1.1300924306223799
757000	-68.9171515313175	-51.30122973835169	-17.61592179296582	0.0	1	1	1	0.3467800659328886	0.8603901324722781	2.1453838172592565	373.2444699903143	0.3467800659328886	0.8603901324722781	2.1453838172592565
758000	-68.9702373694166	-51.95126192439671	-17.018975445019876	0.0	1	1	1	0.04149399642880239	0.7164757489056239	0.8950943912785275	762.3413548103304	0.04149399642880239	0.7164757489056239	0.8950943912785275
759000	-72.59367481064618	-51.620637281783914	-20.973037528862257	0.0	0	1	1	0.34035179701377277	0.27560999414579807	2.738001460130969	2285.4178068101	0.0	0.27560999414579807	2.738001460130969
760000	-73.26317890575777	-51.61944816975431	-21.643730736003462	0.0	1	1	1	1.5489585078873924	4.139666036620322	1.632960948612407	389.48157613115393	1.5489585078873924	4.139666036620322	1.632960948612407
761000	-69.76167694595526	-52.400818793195064	-17.3608581527602	0.0	0	1	1	0.022907524518518324	0.4775972286276782	2.085530133715987	668.7827762777681	0.0	0.4775972286276782	2.085530133715987
762000	-69.8380340580101	-52.7843966759453	-17.053637382064785	0.0	1	1	1	0.5640990076472563	1.2744770872322344	0.18751739076233592	624.0068274852852	0.5640990076472563	1.2744770872322344	0.18751739076233592
763000	-78.16820063340968	-53.63447313091574	-24.533727502493942	0.0	1	0	1	1.601243876343982	4.031018256492699	0.3845273077324106	2933.7863373372957	1.601243876343982	0.0	0.3845273077324106
764000	-73.28897158137114	-53.00457997819966	-20.28439160317149	0.0	1	1	1	2.7749220118151503	0.48262473778174264	0.060711710147620036	1613.5286401028807	2.7749220118151503	0.48262473778174264	0.060711710147620036
765000	-75.66561108104911	-51.441794150214726	-24.22381693083438	0.0	1	0	1	2.7510048528281543	4.395318339141261	2.3700139208618545	642.1054254850981	2.7510048528281543	0.0	2.3700139208618545
766000	-68.83266326558916	-50.71242494372944	-18.120238321859723	0.0	1	1	1	0.680120146580357	1.5081294158844472	1.5771998278597186	398.7159647581427	0.680120146580357	1.5081294158844472	1.5771998278597186
767000	-69.94906017075475	-51.82147970804524	-18.127580462709513	0.0	1	1	1	1.9155565373746835	0.09196437086273775	0.9449319639563981	682.3290956904141	1.9155565373746835	0.09196437086273775	0.9449319639563981
768000	-72.53890690937027	-52.656983840191565	-19.881923069178704	0.0	1	1	1	1.6542742225444336	1.8832706812611875	2.8774849139466028	200.01038918060345	1.6542742225444336	1.8832706812611875	2.8774849139466028
769000	-69.54890895103325	-51.06891165233213	-18.47999729870112	0.0	1	1	1	1.7872645915980456	0.7986122671038346	1.7317297103285352	346.51129863888417	1.7872645915980456	0.7986122671038346	1.7317297103285352
770000	-71.23065532604929	-50.99563810892724	-20.23501721712205	0.0	1	1	1	2.0447531801465435	2.415389085412302	1.5761664017447623	355.9581827778377	2.0447531801465435	2.415389085412302	1.5761664017447623
771000	-68.80155117473385	-52.74612326457067	-16.055427910163175	0.0	1	1	1	0.42158439796654495	0.4214158290523516	0.06813899412919332	669.8821174749926	0.42158439796654495	0.4214158290523516	0.06813899412919332
772000	-72.13191457682146	-51.353517189667286	-20.778397387154165	0.0	1	1	1	3.220131539149611	0.8067212813757622	1.9927233198118939	525.9908303501877	3.220131539149611	0.8067212813757622	1.9927233198118939
773000	-70.99978119787903	-52.679511135514396	-18.32027006236464	0.0	0	1	1	0.8547394777660389	0.7336721907441142	1.0128130353389908	1108.3456050253512	0.0	0.7336721907441142	1.0128130353389908
774000	-68.79146725815377	-51.53640630226031	-17.25506095589346	0.0	1	0	1	0.1096164860847717	2.4718826921941623	0.0898710566955004	594.7877185248668	0.1096164860847717	0.0	0.0898710566955004
775000	-66.95867472741897	-51.29525265898038	-15.663422068438585	0.0	1	1	1	0.2843865521899	0.2491359560055551	0.28849255812095903	554.9806916567818	0.2843865521899	0.2491359560055551	0.28849255812095903
776000	-69.80067537026243	-51.63988297853974	-18.160792391722687	0.0	0	1	1	0.43613177369954303	0.42749191383813384	1.5632156552078684	1116.1993431657463	0.0	0.42749191383813384	1.5632156552078684
777000	-78.0935511209799	-54.09757841824877	-23.995972702731123	0.0	1	0	1	1.3066940537245824	0.3276911805895102	7.713417850803288	619.155263012441	1.3066940537245824	0.0	7.713417850803288
778000	-68.10003712284902	-52.19188760218509	-15.908149520663931	0.0	0	1	1	0.14241754276029397	0.4596312292272151	0.39102861607877437	726.4306349173413	0.0	0.4596312292272151	0.39102861607877437
779000	-68.72508362115707	-51.19355536365025	-17.531528257506817	0.0	1	1	1	0.32053579016360906	1.381903519281889	1.7928768911667794	315.1390812739636	0.32053579016360906	1.381903519281889	1.7928768911667794
780000	-70.24651839432089	-51.01025859039404	-19.23625980392685	0.0	1	1	1	2.0465945422734606	0.5531118804266578	2.028497684482062	475.67456880201996	2.0465945422734606	0.5531118804266578	2.028497684482062
781000	-70.13528880275439	-52.30447595825536	-17.830812844499025	0.0	1	1	1	0.5384175090185743	1.0349622441263069	0.9832505805691184	723.2287515674748	0.5384175090185743	1.0349622441263069	0.9832505805691184
782000	-72.4811148251577	-53.34639926469101	-19.134715560466702	0.0	1	1	1	1.1744967987086063	3.30753331923281	0.3894431520617738	373.2103392575821	1.1744967987086063	3.30753331923281	0.3894431520617738
783000	-69.1914727120785	-55.55911239138114	-13.632360320697348	0.0	0	1	1	0.12045750796741862	0.41825855649527927	0.2562493883412425	160.02893558537374	0.0	0.41825855649527927	0.2562493883412425
784000	-69.11421977779878	-50.852110651349946	-18.26210912644884	0.0	1	1	1	1.4502021768541846	0.6336696512884022	1.5606452576650216	478.75737307406143	1.4502021768541846	0.6336696512884022	1.5606452576650216
785000	-69.91348840070282	-51.94447405359474	-17.969014347108086	0.0	1	1	1	1.077984272979602	0.823477910754928	0.9379781560952334	663.9913035492699	1.077984272979602	0.823477910754928	0.9379781560952334
786000	-71.83080195652867	-51.6360141075122	-20.194787849016475	0.0	1	0	1	0.47802020455359917	0.23691252202147817	2.7055459616632147	1722.9063853326097	0.47802020455359917	0.0	2.7055459616632147
787000	-68.09313608951823	-51.19735372610784	-16.89578236341038	0.0	1	1	1	0.12536423480180392	0.5808547808776424	1.274068549899493	581.8449971396265	0.12536423480180392	0.5808547808776424	1.274068549899493
788000	-74.0654220059208	-51.18473534653419	-22.88068665938661	0.0	1	1	1	1.7143600780288062	4.429255210877775	2.5203655045392996	360.709392074822	1.7143600780288062	4.429255210877775	2.5203655045392996
789000	-72.64541260644626	-54.631666881533064	-18.0137457249132	0.0	1	1	1	0.71602808858354	0.09668375390264887	2.9711669602361224	364.213234916116	0.71602808858354	0.09668375390264887	2.9711669602361224
790000	-71.58936085289449	-53.24776709636027	-18.341593756534223	0.0	1	1	1	1.965060309055495	2.073012815682991	0.2908871543133798	309.523280696638	1.965060309055495	2.073012815682991	0.2908871543133798
791000	-70.10288069518145	-51.39259198876194	-18.71028870641952	0.0	1	1	1	0.8296939501228496	1.3731068000926068	1.5852441333491667	584.3323901864594	0.8296939501228496	1.3731068000926068	1.5852441333491667
792000	-67.99925994343843	-51.322732658670816	-16.676527284767612	0.0	1	0	1	0.5932530070896728	0.5510424973621999	0.8353715523692858	637.9585492260143	0.5932530070896728	0.0	0.8353715523692858
793000	-71.1553493020284	-52.38698203178729	-18.76836727024111	0.0	1	1	1	0.9982861893934244	0.48632219443633723	1.608295115822631	902.8742014487635	0.9982861893934244	0.48632219443633723	1.608295115822631
794000	-69.54319539040426	-52.60677193392648	-16.936423456477787	0.0	1	1	1	0.029827603078854594	0.6249763431043799	0.5955215836529566	907.9299477938455	0.029827603078854594	0.6249763431043799	0.5955215836529566
795000	-71.11524472657352	-51.371226586738715	-19.744018139834807	0.0	1	1	1	1.1844570061319781	1.920521292293333	1.7962153099400129	555.4870892486164	1.1844570061319781	1.920521292293333	1.7962153099400129
796000	-68.6058894028473	-51.06487670535685	-17.541012697490444	0.0	1	1	1	0.7644202730751982	0.6717506833030832	1.9443828372003762	346.0140581468579	0.7644202730751982	0.6717506833030832	1.9443828372003762
797000	-66.82014198916801	-50.61767029680338	-16.20247169236462	0.0	1	1	1	0.6125381498833506	0.5975789486525553	0.7947056363183307	355.6798997794874	0.6125381498833506	0.5975789486525553	0.7947056363183307
798000	-68.44142500192956	-51.15899314679462	-17.282431855134945	0.0	1	1	1	1.0558614547823604	0.15003172802609044	1.3604663151091423	511.38155608602665	1.0558614547823604	0.15003172802609044	1.3604663151091423
799000	-67.33579135320731	-50.81917524708897	-16.516616106118345	0.0	1	1	1	0.3852342994846792	0.7465050153556352	0.8232713748403354	460.8512495233651	0.3852342994846792	0.7465050153556352	0.8232713748403354
800000	-70.64872383890417	-51.64837043278259	-19.000353406121587	0.0	1	1	1	0.12463453661602994	2.453780062403676	2.2008129508754553	361.8833461087315	0.12463453661602994	2.453780062403676	2.2008129508754553
801000	-69.49535856484809	-52.774447087292266	-16.720911477555827	0.0	0	1	1	0.508649614586989	0.4929197511445804	0.3493029390826094	932.2206094631135	0.0	0.4929197511445804	0.3493029390826094
802000	-68.9858695302199	-51.57625288068491	-17.40961664953499	0.0	1	1	1	0.627155460807368	0.1680736316292336	1.8625503486452646	523.585550750337	0.627155460807368	0.1680736316292336	1.8625503486452646
803000	-67.76888315396765	-50.86344057734391	-16.905442576623745	0.0	1	1	1	1.046846033379438	0.5628731437505744	1.088193908863232	358.28107735735847	1.046846033379438	0.5628731437505744	1.088193908863232
804000	-66.51184794863272	-50.90026136706575	-15.61158658156697	0.0	1	1	1	0.5482909560743507	0.2875530873089158	0.5919637283716214	352.05194170617506	0.5482909560743507	0.2875530873089158	0.5919637283716214
805000	-67.08473722671185	-51.158626933239965	-15.926110293471883	0.0	1	1	1	0.08923178558906077	0.5838308495189902	0.6493434831640613	474.2723344617024	0.08923178558906077	0.5838308495189902	0.6493434831640613
806000	-68.08121275574128	-53.10792164407878	-14.973291111662498	0.0	0	1	1	0.5420370978821227	0.5111605215859412	0.652056654301498	229.68371034170684	0.0	0.5111605215859412	0.652056654301498
807000	-67.35081754191754	-50.619614608824705	-16.73120293309283	0.0	1	1	1	0.5413749120396604	0.919766064568027	1.0549462840873278	360.2877201094285	0.5413749120396604	0.919766064568027	1.0549462840873278
808000	-73.8519327022243	-56.40398499982339	-17.447947702400903	0.0	1	1	1	0.034850069299703475	1.9646039502398849	0.21181467554090752	707.5792703677861	0.034850069299703475	1.9646039502398849	0.21181467554090752
809000	-70.0631444851766	-51.279620378547605	-18.783524106628988	0.0	1	1	1	0.34691716249614823	0.8104915675125596	2.478329627578804	671.2867025966291	0.34691716249614823	0.8104915675125596	2.478329627578804
810000	-71.01995559577966	-52.43141659067089	-18.58853900510877	0.0	1	1	1	2.507843776680042	0.6890588994307686	1.3950303679329719	305.7497735885762	2.507843776680042	0.6890588994307686	1.3950303679329719
811000	-69.91834985875646	-51.73486068531003	-18.18348917344642	0.0	1	1	1	1.9111526345184893	0.4838569635544501	0.8440919664917254	592.5406424250967	1.9111526345184893	0.4838569635544501	0.8440919664917254
812000	-70.39093758849504	-51.52001571222429	-18.870921876270746	0.0	0	1	1	0.4106838021592157	1.2173255728454446	2.675403549427615	588.768046456454	0.0	1.2173255728454446	2.675403549427615
813000	-73.12744690414038	-53.00953625940968	-20.117910644730713	0.0	1	1	1	1.853805760544815	2.0071053471022062	0.8026763426489967	801.1496113505979	1.853805760544815	2.0071053471022062	0.8026763426489967
814000	-70.64686963374928	-52.34931506060614	-18.297554573143135	0.0	0	1	1	2.444588520075872	1.002730733880105	0.6082247350715636	475.8939994308923	0.0	1.002730733880105	0.6082247350715636
815000	-72.40795841398506	-53.73870123938128	-18.66925717460378	0.0	0	1	1	1.1018860212113366	1.1844115242877178	0.18528632672906123	1373.033578098055	0.0	1.1844115242877178	0.18528632672906123
816000	-73.27096059550799	-52.72447996519991	-20.54648063030807	0.0	1	1	1	1.257124756651894	0.08338900813289407	4.468995219856551	518.4899674971206	1.257124756651894	0.08338900813289407	4.468995219856551
817000	-67.36845769292658	-51.112998608895545	-16.255459084031035	0.0	1	1	1	0.14652315687779685	0.6147918411854856	1.1550652003369946	394.25246880665014	0.14652315687779685	0.6147918411854856	1.1550652003369946
818000	-67.30569897712441	-50.99006077080193	-16.315638206322472	0.0	1	1	1	0.37500193613349553	0.9876523137210508	0.6934697385129264	372.19739000193834	0.37500193613349553	0.9876523137210508	0.6934697385129264
819000	-67.66100938056073	-50.82646220984017	-16.834547170720562	0.0	1	1	1	0.3901226641700361	0.496221670025584	1.231151010415674	511.7132535597723	0.3901226641700361	0.496221670025584	1.231151010415674
820000	-72.80943087335632	-52.4727679334253	-20.336662939931013	0.0	1	1	1	0.3303879129390491	3.97504203057576	1.8811069188571672	343.36344730294536	0.3303879129390491	3.97504203057576	1.8811069188571672
821000	-67.56319360210102	-51.175373756891936	-16.387819845209084	0.0	1	1	1	0.46589463174482704	0.15614966337972624	0.7130170574145802	633.7475437444901	0.46589463174482704	0.15614966337972624	0.7130170574145802
822000	-70.35966444098818	-51.80271892291453	-18.556945518073658	0.0	1	0	1	0.8016546503858477	0.6426435422881542	1.483865344961097	1061.3580747163237	0.8016546503858477	0.0	1.483865344961097
823000	-68.5638250044222	-51.753010503533375	-16.810814500888824	0.0	1	1	1	0.8756365888491381	1.3374575441435077	0.4326481655932894	347.20237280011895	0.8756365888491381	1.3374575441435077	0.4326481655932894
824000	-68.25567966063106	-51.93471693876197	-16.320962721869087	0.0	1	1	1	0.44831709413902004	0.5764205117977748	1.476165075069029	266.4914188397883	0.44831709413902004	0.5764205117977748	1.476165075069029
825000	-68.35872868765534	-53.13334747453198	-15.225381213123367	0.0	1	1	1	0.10538580323271528	0.898839855231722	0.7507384044051232	200.5989410073078	0.10538580323271528	0.898839855231722	0.7507384044051232
826000	-67.09082611301281	-50.616724290455416	-16.4741018225574	0.0	1	1	1	0.6440019665693792	0.600623546716181	1.025992495984346	357.21431235791925	0.6440019665693792	0.600623546716181	1.025992495984346
827000	-70.0117717443868	-53.02621317132954	-16.985558573057265	0.0	1	0	1	0.8374100992577546	1.1810987251834326	0.2798477219737025	634.2013157124172	0.8374100992577546	0.0	0.2798477219737025
828000	-69.84663397776677	-51.58815806859491	-18.258475909171867	0.0	0	1	1	0.2627435884572896	1.1592724286416525	1.9628579052481077	709.092852318119	0.0	1.1592724286416525	1.9628579052481077
829000	-72.53596100075171	-52.9263040302895	-19.60965697046221	0.0	1	1	1	0.5598360237489466	2.6200959808962025	0.9734932404899123	801.9992454760304	0.5598360237489466	2.6200959808962025	0.9734932404899123
830000	-72.78899274300403	-52.339995183482884	-20.44899755952114	0.0	1	0	1	1.5242300338258854	2.1258762483660276	0.35699837473371177	1517.3863676962026	1.5242300338258854	0.0	0.35699837473371177
831000	-69.833017956312	-52.83555135515957	-16.99746660115243	0.0	1	1	1	0.8932567404677657	1.5816759424218378	1.0944497492099887	193.62335589349232	0.8932567404677657	1.5816759424218378	1.0944497492099887
832000	-68.49552369724941	-50.85415289788623	-17.64137079936318	0.0	1	1	1	0.45916830642777107	0.7394887012129767	1.8604088889845725	467.4174498219495	0.45916830642777107	0.7394887012129767	1.8604088889845725
833000	-70.81446873248129	-52.092752511540645	-18.721716220940635	0.0	1	0	1	2.2511001443749477	0.6894712335575235	1.1199375921133092	624.1562589612361	2.2511001443749477	0.0	1.1199375921133092
834000	-70.90002394978798	-51.5542162476527	-19.345807702135286	0.0	0	1	1	2.147031816022837	0.597578605891172	1.5782199818893432	772.6780510840571	0.0	0.597578605891172	1.5782199818893432
835000	-69.93482130293927	-53.71461269548406	-16.220208607455216	0.0	1	0	1	1.0240358990568388	0.03183890601406102	1.465622195945726	322.2067473056656	1.0240358990568388	0.0	1.465622195945726
836000	-66.16983058010274	-51.460975840304584	-14.708854739798156	0.0	1	1	1	0.277044391258187	0.19102541024282835	0.13724242596669028	331.6012704882512	0.277044391258187	0.19102541024282835	0.13724242596669028
837000	-69.64871293870574	-52.31061182366219	-17.33810111504355	0.0	1	1	1	0.6407624914085508	2.057400785577951	0.7140091877423809	289.52911698117646	0.6407624914085508	2.057400785577951	0.7140091877423809
838000	-74.48739311650164	-51.76315852443234	-22.7242345920693	0.0	1	1	1	2.3775737861484294	3.711353141540906	1.816561797231964	546.9255578732252	2.3775737861484294	3.711353141540906	1.816561797231964
839000	-68.52820013686583	-51.11083159171974	-17.417368545146093	0.0	1	1	1	0.18272692541123903	0.9930591803900157	1.7835338373331515	428.9523010050261	0.18272692541123903	0.9930591803900157	1.7835338373331515
840000	-66.04956543402464	-50.98249926833294	-15.067066165691704	0.0	1	1	1	0.17377946928600113	0.4435866218837738	0.32548920733236486	336.78213761198856	0.17377946928600113	0.4435866218837738	0.32548920733236486
841000	-69.46563505525572	-52.75632381325346	-16.70931124200226	0.0	1	1	1	1.2738323925239459	0.36515469258549327	0.23326468293309008	553.4294340898332	1.2738323925239459	0.36515469258549327	0.23326468293309008
842000	-69.52827022517342	-51.656499284545	-17.87177094062842	0.0	1	1	1	1.1641002155710356	0.598194930335572	2.134369264391806	300.74341337590874	1.1641002155710356	0.598194930335572	2.134369264391806
843000	-67.27143923052384	-52.822828837567336	-14.448610392956509	0.0	0	1	1	0.0974770978154253	0.5181693820180362	0.38835576504452324	264.6587370950545	0.0	0.5181693820180362	0.38835576504452324
844000	-67.05898082964306	-52.067514539932645	-14.991466289710422	0.0	1	1	1	0.017706718357700955	0.23132819072776747	0.5310957688109773	359.2868150697993	0.017706718357700955	0.23132819072776747	0.5310957688109773
845000	-68.8513757899621	-51.628585056279775	-17.222790733682327	0.0	1	1	1	0.08555341012376373	0.4887979092339239	1.6718226373934224	604.6159638987311	0.08555341012376373	0.4887979092339239	1.6718226373934224
846000	-67.0435972117623	-52.06277140219751	-14.980825809564791	0.0	0	1	1	0.10548025235152733	0.10435848093643067	0.3237759864471333	545.2257394129796	0.0	0.10435848093643067	0.3237759864471333
847000	-69.60504017929645	-51.596263573576216	-18.008776605720243	0.0	0	1	1	1.3516215079075002	0.7695142354688627	1.1237047091610728	664.4255710115003	0.0	0.7695142354688627	1.1237047091610728
848000	-70.21336090337394	-51.49661617051949	-18.716744732854444	0.0	1	1	1	1.740885954080286	0.6332341524130022	1.314781675505026	624.1218131940564	1.740885954080286	0.6332341524130022	1.314781675505026
849000	-66.99637196449629	-51.058187632282035	-15.938184332214256	0.0	1	1	1	0.461588075192967	0.6517274824408574	0.4017843950121502	418.5390453624734	0.461588075192967	0.6517274824408574	0.4017843950121502
850000	-68.24255187218155	-51.368598387364486	-16.87395348481707	0.0	1	1	1	0.7206896281974725	0.8182894264312197	1.5112611265790108	267.2616120503917	0.7206896281974725	0.8182894264312197	1.5112611265790108
851000	-69.7857822201583	-51.21311864532236	-18.57266357483593	0.0	1	1	1	0.6156159818874375	1.7196066140210986	2.326270477275062	286.2277046637982	0.6156159818874375	1.7196066140210986	2.326270477275062
852000	-68.09379067641754	-51.48391825016151	-16.609872426256032	0.0	1	1	1	0.45450128539004137	0.799819653306377	0.5576197191886216	539.5938807588551	0.45450128539004137	0.799819653306377	0.5576197191886216
853000	-69.5349952109587	-52.28447775860506	-17.250517452353645	0.0	1	1	1	0.8303145410490103	1.4597390198171767	0.2862381474143362	497.34305804648176	0.8303145410490103	1.4597390198171767	0.2862381474143362
854000	-70.32097290102745	-51.83204619571403	-18.488926705313414	0.0	1	1	1	1.1584214163418927	0.4499648847739929	1.509445930170812	764.586597078824	1.1584214163418927	0.4499648847739929	1.509445930170812
855000	-66.82521708583553	-50.91389218599788	-15.911324899837645	0.0	1	1	1	0.5518124124249454	0.33554577683469483	0.4602430388724752	461.5202801920369	0.5518124124249454	0.33554577683469483	0.4602430388724752
856000	-68.10377024845809	-52.12309790641289	-15.98067234204521	0.0	1	1	1	0.5715654142551811	0.4048870785278215	0.15281710157062198	558.5579006592203	0.5715654142551811	0.4048870785278215	0.15281710157062198
857000	-67.00500089971916	-51.49574182184429	-15.509259077874868	0.0	1	0	1	0.34926443232157717	0.19095740366162117	0.5089970077049183	549.7675452254573	0.34926443232157717	0.0	0.5089970077049183
858000	-72.91365021839604	-53.07024960631707	-19.843400612078966	0.0	1	1	1	0.6565672523065011	1.5444003414767065	1.8754402802008348	946.8710565619006	0.6565672523065011	1.5444003414767065	1.8754402802008348
859000	-68.21948423719556	-50.838717264319136	-17.38076697287643	0.0	1	1	1	0.5008680727754591	0.576473155964911	1.6158698380976049	501.78681090856213	0.5008680727754591	0.576473155964911	1.6158698380976049
860000	-69.71486402180099	-51.5035257209003	-18.211338300900696	0.0	1	1	1	1.755908897818098	0.8861408316900067	1.648648955174247	288.342575058194	1.755908897818098	0.8861408316900067	1.648648955174247
861000	-69.3968566214974	-51.56890788863625	-17.827948732861163	0.0	1	1	1	1.570712349584218	0.05205186479459292	1.03708406693246	679.4808335799734	1.570712349584218	0.05205186479459292	1.03708406693246
862000	-73.607906306215	-51.53976802853387	-22.068138277681136	0.0	1	1	1	0.3204855414570312	1.5480485753681592	5.207649411398715	610.4161053435503	0.3204855414570312	1.5480485753681592	5.207649411398715
863000	-67.07788690750864	-51.844536688363625	-15.233350219145018	0.0	1	1	1	0.013495448078290303	0.004447314484839683	0.008533324641847155	695.2848768344926	0.013495448078290303	0.004447314484839683	0.008533324641847155
864000	-71.19214527128221	-54.95165400522428	-16.240491266057944	0.0	1	1	0	0.702761135428427	0.5289745121595598	1.2733419843349574	331.25161598726226	0.702761135428427	0.5289745121595598	0.0
865000	-69.20683878142366	-52.46982429384284	-16.73701448758081	0.0	1	1	1	1.4760640866081283	0.7447042183907737	0.4197770092324256	329.84202847555605	1.4760640866081283	0.7447042183907737	0.4197770092324256
866000	-69.25829045188328	-51.20074059938355	-18.05754985249974	0.0	1	1	1	0.23914087992571686	0.9301467420035537	1.913716508082131	603.8354223921895	0.23914087992571686	0.9301467420035537	1.913716508082131
867000	-69.02124128679391	-53.10217497927073	-15.919066307523176	0.0	1	1	1	0.6870628692661929	0.8814764634715265	0.07179580138026032	377.44028762557764	0.6870628692661929	0.8814764634715265	0.07179580138026032
868000	-70.30938450040985	-53.21402964643616	-17.09535485397369	0.0	1	1	1	0.40063929039726753	2.1762446786777843	0.8101785844334723	243.7663609143072	0.40063929039726753	2.1762446786777843	0.8101785844334723
869000	-68.57554040590962	-53.09388422009659	-15.481656185813035	0.0	1	1	1	0.36728159364001334	0.6840763980012619	0.05686081394723484	404.0610486591045	0.36728159364001334	0.6840763980012619	0.05686081394723484
870000	-74.44763214500607	-52.60183564650583	-21.84579649850023	0.0	0	1	1	2.1318320146483534	2.679647752178555	1.8638950653966284	838.4781233738582	0.0	2.679647752178555	1.8638950653966284
871000	-75.30650523585334	-52.53621437356472	-22.77029086228862	0.0	1	1	1	3.513015336583709	2.974685578658188	2.7260741600578102	215.431857614138	3.513015336583709	2.974685578658188	2.7260741600578102
872000	-67.80945701302339	-51.98361757471822	-15.825839438305177	0.0	1	1	1	0.7592039953721742	0.8192166560800951	0.5556859175165851	240.53562201445257	0.7592039953721742	0.8192166560800951	0.5556859175165851
873000	-67.45882288933146	-51.60385617828242	-15.854966711049036	0.0	1	1	1	0.0977794980851443	0.7984514113002424	0.9896051368046127	299.3631193043955	0.0977794980851443	0.7984514113002424	0.9896051368046127
874000	-67.57721297236459	-50.78238632626765	-16.794826646096947	0.0	1	1	1	0.5679573146284769	0.9774151912580944	0.848562465541739	412.0226088190026	0.5679573146284769	0.9774151912580944	0.848562465541739
875000	-68.33294576162852	-51.3556620482655	-16.977283713363022	0.0	1	1	1	1.130711436949849	0.22683865214610258	1.257653765254137	400.79967110729933	1.130711436949849	0.22683865214610258	1.257653765254137
876000	-67.33481527126793	-50.81413697913595	-16.52067829213197	0.0	1	1	1	0.4475921689172906	0.33775297667045057	1.0064925968424359	515.7166670183717	0.4475921689172906	0.33775297667045057	1.0064925968424359
877000	-68.71839790643904	-50.98479206522636	-17.73360584121268	0.0	1	1	1	0.4099844751607008	1.4738361346352085	1.7465962949344462	331.5131640751923	0.4099844751607008	1.4738361346352085	1.7465962949344462
878000	-68.44444811231725	-51.399762935078755	-17.04468517723849	0.0	1	1	1	0.0684410103260251	1.2287539941801608	1.3181285270192964	420.3953478641781	0.0684410103260251	1.2287539941801608	1.3181285270192964
879000	-69.7850810993685	-53.64278284638904	-16.14229825297946	0.0	0	1	1	0.05371537075797249	1.7115262298989629	1.1593584080048398	220.42945764668352	0.0	1.7115262298989629	1.1593584080048398
880000	-67.0375395814311	-51.37338078504255	-15.664158796388556	0.0	1	1	1	0.014534278552553738	0.4048463030380109	0.5391660072709965	507.84809404902245	0.014534278552553738	0.4048463030380109	0.5391660072709965
881000	-67.1432387613493	-51.10119898824085	-16.04203977310845	0.0	1	1	1	0.7900321709399242	0.6285019258980802	0.5908323017640896	314.2913506042088	0.7900321709399242	0.6285019258980802	0.5908323017640896
882000	-68.83339849153947	-51.40155307094873	-17.43184542059074	0.0	1	0	1	0.82684589330156	0.9451947016440259	0.784259098072817	709.9000398710509	0.82684589330156	0.0	0.784259098072817
883000	-68.16927978294511	-51.69853589823511	-16.470743884710004	0.0	1	0	1	0.5043471999130431	0.08849900660912298	0.558639778543023	907.8753150678612	0.5043471999130431	0.0	0.558639778543023
884000	-70.21387002501285	-51.5717135264693	-18.642156498543557	0.0	1	1	1	0.0666695424297663	0.7454423381940078	2.486476728860054	752.7055402249002	0.0666695424297663	0.7454423381940078	2.486476728860054
885000	-69.21623578224072	-51.92906825425127	-17.28716752798944	0.0	1	1	1	0.9690526065218746	1.217646739061415	0.3851328788917668	511.1320463912078	0.9690526065218746	1.217646739061415	0.3851328788917668
886000	-70.86708645630726	-53.52867225538653	-17.338414200920727	0.0	1	0	1	1.0095002947902638	1.586247805179868	0.3769496268147406	516.9437328561088	1.0095002947902638	0.0	0.3769496268147406
887000	-72.78867742396022	-54.391256279826464	-18.39742114413376	0.0	1	1	1	0.6545913436730747	0.8444832331181709	0.23316570954051505	1431.8871484308916	0.6545913436730747	0.8444832331181709	0.23316570954051505
888000	-69.54477084411198	-51.484109574051686	-18.060661270060294	0.0	0	1	1	2.061490136931837	0.7078412383183876	1.0821957758187346	465.36603488035877	0.0	0.7078412383183876	1.0821957758187346
889000	-69.6958101642766	-54.62480084838854	-15.071009315888054	0.0	1	1	1	0.42370568257067553	0.1832584423670734	0.9607091736724097	206.16687398441033	0.42370568257067553	0.1832584423670734	0.9607091736724097
890000	-66.94140528532033	-51.40569985249122	-15.53570543282911	0.0	1	1	1	0.4284940068124974	0.7506518285935189	0.37810324261298217	301.51928632042006	0.4284940068124974	0.7506518285935189	0.37810324261298217
891000	-69.19593422452833	-52.5048369138068	-16.69109731072153	0.0	1	0	1	1.4500056010668831	0.09852661233488208	0.7350108411710301	531.3403124657755	1.4500056010668831	0.0	0.7350108411710301
892000	-72.45449810604285	-51.60198318400641	-20.85251492203644	0.0	1	1	1	3.513099103476777	0.43798450678288847	1.9828277351875983	582.9899235780567	3.513099103476777	0.43798450678288847	1.9828277351875983
893000	-66.92717158880552	-50.916220938011406	-16.010950650794122	0.0	1	1	1	0.28479964499601523	0.22115817918638306	0.8269060631090022	498.6274595041536	0.28479964499601523	0.22115817918638306	0.8269060631090022
894000	-69.0125111999143	-51.683672671263686	-17.328838528650614	0.0	1	1	1	0.9004317460551344	0.30741745297582757	0.8872099236076416	706.3776400901485	0.9004317460551344	0.30741745297582757	0.8872099236076416
895000	-72.13952639039701	-53.16936928807705	-18.970157102319963	0.0	1	1	1	1.1705937542324785	0.03001650342934437	1.1134435570249177	1426.5442130751412	1.1705937542324785	0.03001650342934437	1.1134435570249177
896000	-68.38031992302587	-51.33197583512013	-17.048344087905726	0.0	1	0	1	0.4369141072851775	1.4004621642118407	0.4997085595616215	643.5852201388046	0.4369141072851775	0.0	0.4997085595616215
897000	-69.47441072126156	-53.29369499086348	-16.180715730398077	0.0	1	1	1	0.05289174892251606	0.2686231888113737	0.05852500119039546	963.3340425736632	0.05289174892251606	0.2686231888113737	0.05852500119039546
898000	-68.39230043180284	-51.31686100214579	-17.07543942965704	0.0	1	0	1	0.17737262062290915	1.8463616263091065	0.22493449383886238	689.8076583332179	0.17737262062290915	0.0	0.22493449383886238
899000	-68.88189897121518	-53.15770997548885	-15.72418899572633	0.0	0	1	1	0.8844573932522451	0.14769301970947468	0.5559758284869113	442.5393211287375	0.0	0.14769301970947468	0.5559758284869113
900000	-66.17497556714285	-52.16774870985847	-14.007226857284381	0.0	0	1	1	0.23798616914162177	0.07418391899177958	0.09330746189965852	299.2118770833364	0.0	0.07418391899177958	0.09330746189965852
901000	-74.21521048812484	-53.16565021793257	-21.04956027019227	0.0	1	1	1	3.4006063386479517	1.890980806654165	0.12619497227859866	882.2609012755875	3.4006063386479517	1.890980806654165	0.12619497227859866
902000	-66.63084928754894	-51.543137260481494	-15.087712027067441	0.0	0	1	1	0.2633028405842602	0.3220636680404934	0.41680915962010995	427.21637975491245	0.0	0.3220636680404934	0.41680915962010995
903000	-69.2240668280094	-51.40251992316405	-17.821546904845345	0.0	1	0	1	0.5454527503387169	1.3993698472976155	1.0850026197778595	675.5796115629942	0.5454527503387169	0.0	1.0850026197778595
904000	-67.95173602428078	-51.35125480868537	-16.600481215595412	0.0	1	0	1	0.5017498247370049	0.2177151621217457	0.9431559381501182	736.0614103089631	0.5017498247370049	0.0	0.9431559381501182
905000	-67.58304723155508	-51.28516645331947	-16.297880778235612	0.0	1	1	1	0.4475065359750879	0.03184628693678469	0.8138580547689992	615.2505029168467	0.4475065359750879	0.03184628693678469	0.8138580547689992
906000	-74.87735538877058	-53.27508690142953	-21.602268487341043	0.0	1	0	1	2.270169702905015	0.10495589454395476	2.7207127908840243	1556.4991859383597	2.270169702905015	0.0	2.7207127908840243
907000	-68.78149988063375	-52.40856330559168	-16.372936575042072	0.0	1	1	1	0.584489048182663	1.3962743932485626	0.8319579506767423	216.08892761667812	0.584489048182663	1.3962743932485626	0.8319579506767423
908000	-71.67289673409351	-51.66580823265049	-20.00708850144302	0.0	1	1	1	1.812122653775035	2.5549830978020354	1.0019189106812396	485.4207971361	1.812122653775035	2.5549830978020354	1.0019189106812396
909000	-68.40601849972037	-53.22629089857294	-15.179727601147441	0.0	0	1	1	0.061006869544003285	0.863368847475544	0.3981328883816246	362.63338425787225	0.0	0.863368847475544	0.3981328883816246
910000	-68.24200275190503	-51.47711738311298	-16.764885368792054	0.0	1	1	1	0.9794084597536619	0.5281243609658077	1.3357811944647238	288.5513268050354	0.9794084597536619	0.5281243609658077	1.3357811944647238
911000	-68.47246383979505	-51.51196189360056	-16.9605019461945	0.0	1	1	1	0.9107107952737705	1.2701231679058103	1.0459764264676277	248.7894174245509	0.9107107952737705	1.2701231679058103	1.0459764264676277
912000	-68.77011747070335	-51.13152220028204	-17.63859527042131	0.0	1	1	1	1.5578961789098131	0.7323632351509712	0.9668014234691389	406.3976733599081	1.5578961789098131	0.7323632351509712	0.9668014234691389
913000	-70.23972413747566	-52.06017316700827	-18.179550970467396	0.0	1	0	1	0.8416781208220426	0.41200077337144153	1.2244487431310587	1099.0958077748141	0.8416781208220426	0.0	1.2244487431310587
914000	-68.23397334587625	-51.13736204650886	-17.096611299367396	0.0	1	1	1	0.2333352425570646	0.6977683874300893	1.2505151308218732	581.6601544079173	0.2333352425570646	0.6977683874300893	1.2505151308218732
915000	-66.731194295674	-51.41377690931255	-15.317417386361445	0.0	1	1	1	0.24550695635714243	0.18824306388707565	0.1464503735918227	518.5738011022449	0.24550695635714243	0.18824306388707565	0.1464503735918227
916000	-70.39321093344913	-51.78037688748646	-18.61283404596266	0.0	1	1	1	1.0898043697762243	2.4578894071126514	1.2596892996588318	263.42898975102236	1.0898043697762243	2.4578894071126514	1.2596892996588318
917000	-69.37090349177164	-51.821419745025906	-17.54948374674574	0.0	1	1	1	0.8342971784150016	1.8895007016946241	1.0884711434313261	249.49267525231213	0.8342971784150016	1.8895007016946241	1.0884711434313261
918000	-72.44136274160414	-50.95008489264836	-21.49127784895578	0.0	1	1	1	2.884527192723313	1.1289793110811601	3.1660719378619233	386.5593523551032	2.884527192723313	1.1289793110811601	3.1660719378619233
919000	-71.04795325432912	-53.42284700321994	-17.625106251109166	0.0	1	1	0	0.2668478553493796	0.3419571176874406	1.597827350059628	955.7516678369008	0.2668478553493796	0.3419571176874406	0.0
920000	-67.90163456891717	-52.00661365430674	-15.895020914610432	0.0	1	1	1	0.534165413388303	0.4660394357358021	0.15596229848371537	519.1333058038707	0.534165413388303	0.4660394357358021	0.15596229848371537
921000	-71.20797126048012	-52.92002301916174	-18.287948241318386	0.0	1	1	1	1.965798699672839	0.7254626403534267	0.20081894736340192	775.3695800716437	1.965798699672839	0.7254626403534267	0.20081894736340192
922000	-71.49983967654687	-53.63774492111916	-17.86209475542771	0.0	1	1	0	0.3153179267055913	0.3574712658243019	1.3967033202603054	1147.3503195341357	0.3153179267055913	0.3574712658243019	0.0
923000	-72.1945881519941	-53.52511733070451	-18.66947082128959	0.0	1	0	1	0.4894816888444555	0.2738861224976945	3.002268446272966	721.7083853180569	0.4894816888444555	0.0	3.002268446272966
924000	-67.64017657767926	-51.664351095240534	-15.975825482438728	0.0	0	1	1	0.21993486084551203	0.21043172931003407	0.421644730887125	817.3572847470765	0.0	0.21043172931003407	0.421644730887125
925000	-68.54605964498562	-51.64331575827248	-16.902743886713136	0.0	0	1	1	0.08528509064584222	0.1455114028425649	0.6360612111708233	1280.7520335236072	0.0	0.1455114028425649	0.6360612111708233
926000	-71.27281315442833	-51.702540038443274	-19.57027311598506	0.0	1	0	1	0.7403011179911707	3.069053121758662	1.3516288953285966	531.9431861836133	0.7403011179911707	0.0	1.3516288953285966
927000	-69.9903516672248	-52.29007561931527	-17.700276047909536	0.0	1	0	1	0.29254425589435795	1.3504409546276086	0.3019536514904987	1127.5107272751825	0.29254425589435795	0.0	0.3019536514904987
928000	-65.70498292531026	-50.86918989905096	-14.835793026259308	0.0	1	1	1	0.27666807502474955	0.22583494024812004	0.28298357330185714	318.5327976405078	0.27666807502474955	0.22583494024812004	0.28298357330185714
929000	-70.72947525193828	-53.26704557472946	-17.462429677208828	0.0	1	1	1	0.6752645103982321	0.611515868568502	0.5128636927711276	896.8660602804318	0.6752645103982321	0.611515868568502	0.5128636927711276
930000	-69.77051956396751	-51.125080109179486	-18.645439454788022	0.0	1	1	1	1.5903866173344092	0.5024827121821277	2.223124168361682	391.53336694034067	1.5903866173344092	0.5024827121821277	2.223124168361682
931000	-71.50487474042755	-51.288397102153155	-20.216477638274394	0.0	1	1	1	0.7335654404042061	3.0547321224617705	2.0152176855127695	415.55796951465595	0.7335654404042061	3.0547321224617705	2.0152176855127695
932000	-72.78739299849437	-52.556922958863474	-20.2304700396309	0.0	1	1	1	0.7582949463459999	3.9705318273753756	1.6406873972279206	275.21368041353253	0.7582949463459999	3.9705318273753756	1.6406873972279206
933000	-69.76149417429517	-50.88621683779438	-18.87527733650078	0.0	1	1	1	1.5892811753804847	1.4574381075347784	1.8345164987922236	305.1492930902782	1.5892811753804847	1.4574381075347784	1.8345164987922236
934000	-68.7223426420187	-50.8393721982259	-17.882970443792797	0.0	1	1	1	0.46487751486169987	1.2494810076323666	1.5962073576061693	464.2689942072737	0.46487751486169987	1.2494810076323666	1.5962073576061693
935000	-68.09663163665527	-51.34817646195617	-16.748455174699107	0.0	1	1	1	0.7296049522971698	0.1624498396127896	0.7478454774785318	655.6307829811989	0.7296049522971698	0.1624498396127896	0.7478454774785318
936000	-67.76248595172841	-51.24411639468247	-16.518369557045936	0.0	1	1	1	0.4105503432102638	1.2377635807615055	0.7389648153025379	338.52007736856547	0.4105503432102638	1.2377635807615055	0.7389648153025379
937000	-69.42459619013833	-52.48796018306232	-16.93663600707601	0.0	1	1	1	1.6368205494858978	0.34590904209197854	0.657358295504079	382.34892506109406	1.6368205494858978	0.34590904209197854	0.657358295504079
938000	-69.6614729903624	-51.64529106607095	-18.016181924291438	0.0	1	1	1	0.23921961450503962	0.4650940018726003	1.6534096848056956	894.8203517743349	0.23921961450503962	0.4650940018726003	1.6534096848056956
939000	-71.55602982868969	-53.38848875126577	-18.16754107742392	0.0	1	1	1	0.16599502798812957	1.5435572126208084	0.2939319405847784	1149.879743446671	0.16599502798812957	1.5435572126208084	0.2939319405847784
940000	-69.48029872097806	-50.697840810158006	-18.78245791082005	0.0	1	1	1	1.26888856477072	1.5435715252077244	1.9027698076224668	322.64377885009395	1.26888856477072	1.5435715252077244	1.9027698076224668
941000	-67.9284020137231	-52.10023633858946	-15.828165675133645	0.0	1	1	1	0.3920189053496227	0.8397831082444448	1.0308682812556262	217.0296256664509	0.3920189053496227	0.8397831082444448	1.0308682812556262
942000	-69.59423560754303	-50.79060658079564	-18.803629026747384	0.0	1	1	1	0.6426097124565789	1.4835798586301812	2.0948057052990525	467.5222773108531	0.6426097124565789	1.4835798586301812	2.0948057052990525
943000	-68.38220151962182	-51.39531769276884	-16.98688382685298	0.0	1	0	1	0.4093053490359649	1.0884755422474128	0.7612256914235278	650.1163728486637	0.4093053490359649	0.0	0.7612256914235278
944000	-71.14723967211765	-51.49694736929812	-19.650292302819533	0.0	1	0	1	1.4231931663027981	1.460192668956522	1.637948749336085	819.6736773120075	1.4231931663027981	0.0	1.637948749336085
945000	-68.00387411590727	-53.560563214749074	-14.443310901158197	0.0	0	1	1	0.5385031381236758	0.39266979942364977	0.3744775203870887	206.3465110888371	0.0	0.39266979942364977	0.3744775203870887
946000	-71.02214941918315	-51.70739849300278	-19.314750926180377	0.0	1	0	1	2.7051223821424233	0.07854617540740463	1.5463840642565485	756.0854367389079	2.7051223821424233	0.0	1.5463840642565485
947000	-71.75448757859287	-50.74500759947792	-21.00947997911495	0.0	1	1	1	1.0352191482151156	1.8130307489311324	3.7436061885108396	416.92898393241234	1.0352191482151156	1.8130307489311324	3.7436061885108396
948000	-70.16870546631486	-53.433906648332176	-16.73479881798268	0.0	0	1	1	0.3413082142864948	0.12133119202207722	0.0484180514640345	1388.1577005646507	0.0	0.12133119202207722	0.0484180514640345
949000	-68.5221900386	-52.21229833745476	-16.30989170114524	0.0	1	1	1	0.16118486621925077	1.3905342343428029	0.7276133523087474	313.7857165534423	0.16118486621925077	1.3905342343428029	0.7276133523087474
950000	-70.85195835092962	-51.42747161741296	-19.424486733516655	0.0	1	1	1	1.5956046210547548	0.06446048426518616	2.32387379032991	795.0319709116407	1.5956046210547548	0.06446048426518616	2.32387379032991
951000	-67.20111892466825	-51.19736367634018	-16.003755248328073	0.0	1	1	1	0.6982312039441974	0.32642745740660545	0.41022672491161244	463.1484215528878	0.6982312039441974	0.32642745740660545	0.41022672491161244
952000	-69.39710302264128	-52.50552286130695	-16.89158016133433	0.0	1	0	1	0.2087729086568817	0.44917505834405635	0.2679058386177408	1241.6042789257708	0.2087729086568817	0.0	0.2679058386177408
953000	-69.06541069945872	-52.586780945425225	-16.478629754033502	0.0	0	1	1	0.8472006344060161	1.1240572562154751	1.0672924621938478	263.7115863965355	0.0	1.1240572562154751	1.0672924621938478
954000	-68.13856980213725	-51.48379109181627	-16.65477871032098	0.0	1	1	1	0.2304938390903312	0.19622522924000482	1.213609805953011	618.9849834978982	0.2304938390903312	0.19622522924000482	1.213609805953011
955000	-72.63375349486674	-53.065408218201235	-19.568345276665507	0.0	0	1	1	1.2091683260320956	1.8357259161467228	0.9473219085522331	1034.403680298829	0.0	1.8357259161467228	0.9473219085522331
956000	-70.24262604458913	-50.75002016785488	-19.492605876734252	0.0	1	1	1	1.9705812923018595	1.4039876735524146	1.8726206337781133	368.38497259952527	1.9705812923018595	1.4039876735524146	1.8726206337781133
957000	-67.6370119582482	-52.01773185168536	-15.61928010656284	0.0	1	1	1	0.48306678963946115	0.2137731369157812	0.9588384285926845	298.0904072504205	0.48306678963946115	0.2137731369157812	0.9588384285926845
958000	-71.11984441434323	-52.26782086744283	-18.85202354690041	0.0	1	0	1	1.6227137677483792	0.25384719104045345	1.2412066057485744	1116.3592077586295	1.6227137677483792	0.0	1.2412066057485744
959000	-72.25619995508637	-50.61902858008243	-21.637171375003938	0.0	1	1	1	2.3910073442623037	2.040441368494874	2.854195932490299	397.7861569851501	2.3910073442623037	2.040441368494874	2.854195932490299
960000	-66.40377853651759	-50.59968204547645	-15.804096491041136	0.0	1	1	1	0.4038612320736191	0.32537950891701223	0.6735612325625765	412.1402519548428	0.4038612320736191	0.32537950891701223	0.6735612325625765
961000	-68.84216220654284	-51.91741709820914	-16.9247451083337	0.0	1	0	1	0.920980359959161	0.940917973866222	0.6078226168213446	547.9888436020768	0.920980359959161	0.0	0.6078226168213446
962000	-70.64004588095585	-51.706508181431374	-18.93353769952447	0.0	1	1	1	0.4154528496754357	0.10362643223967558	2.4774494274277052	1031.4321860285984	0.4154528496754357	0.10362643223967558	2.4774494274277052
963000	-70.2045052499363	-51.881654398351834	-18.322850851584473	0.0	1	0	1	1.6293894090008232	0.8040349223947718	0.7517199495962026	823.6219795853231	1.6293894090008232	0.0	0.7517199495962026
964000	-72.39858321068718	-52.858663170307366	-19.539920040379805	0.0	1	1	1	2.3151279008147525	0.4316763457470117	0.4901424144504486	1225.3173023001038	2.3151279008147525	0.4316763457470117	0.4901424144504486
965000	-72.43089932769395	-51.47635717276137	-20.95454215493258	0.0	1	0	1	1.9810339995459685	1.5727427867033072	2.919790317274861	557.231184383076	1.9810339995459685	0.0	2.919790317274861
966000	-69.04801362730556	-51.01143201936784	-18.036581607937727	0.0	1	1	1	1.0429873914991474	1.3773104388330564	1.7342524836740651	279.795270979583	1.0429873914991474	1.3773104388330564	1.7342524836740651
967000	-66.05331031243642	-51.22983976641158	-14.823470546024845	0.0	1	1	1	0.054551899978548896	0.27857855555342975	0.21379187181144632	376.8420336263866	0.054551899978548896	0.27857855555342975	0.21379187181144632
968000	-66.57645837070092	-51.10831405465833	-15.46814431604259	0.0	1	1	1	0.1752841774681375	0.49694853516526033	0.7716455817969751	312.28423434089075	0.1752841774681375	0.49694853516526033	0.7716455817969751
969000	-69.17701847707099	-51.814080524515774	-17.362937952555207	0.0	1	1	1	0.25714922839696874	1.783461394402355	0.9502201601280708	403.67809676742667	0.25714922839696874	1.783461394402355	0.9502201601280708
970000	-67.94268128084826	-51.46917485984604	-16.473506421002227	0.0	0	1	1	0.9420446619347871	0.5045341383832791	0.6793789568408884	510.77289307513655	0.0	0.5045341383832791	0.6793789568408884
971000	-66.6426642622838	-51.13763658385616	-15.505027678427638	0.0	1	1	1	0.3434691717804451	0.28258918634668184	0.7928399162604718	327.28301697335985	0.3434691717804451	0.28258918634668184	0.7928399162604718
972000	-73.0521235724805	-51.28164593684813	-21.770477635632368	0.0	1	1	1	2.1943978694467496	1.2438207746319314	3.290787009401182	629.3759761141135	2.1943978694467496	1.2438207746319314	3.290787009401182
973000	-69.1782312516274	-51.448300029809126	-17.729931221818266	0.0	1	1	1	1.450886228907443	0.010772560891450086	1.2259855896093637	629.690972281189	1.450886228907443	0.010772560891450086	1.2259855896093637
974000	-69.82009401360482	-52.624159353492495	-17.195934660112325	0.0	1	1	1	0.714647078472935	0.11230160074847188	0.44140962043673204	1026.646017855194	0.714647078472935	0.11230160074847188	0.44140962043673204
975000	-69.56911653454858	-51.75237653406338	-17.816740000485197	0.0	1	1	1	1.6192668621566058	1.4677428896257705	0.7994486603758095	290.5084921030587	1.6192668621566058	1.4677428896257705	0.7994486603758095
976000	-67.45183281925728	-51.49621116563209	-15.95562165362519	0.0	0	1	1	1.2420593813727778	0.042477367694469505	0.08983334526156461	593.8778812459535	0.0	0.042477367694469505	0.08983334526156461
977000	-69.65814377906851	-51.38787228945118	-18.27027148961733	0.0	1	1	1	1.015902263007564	0.010835294688021543	1.7812318404705125	804.7049536542149	1.015902263007564	0.010835294688021543	1.7812318404705125
978000	-65.94744396146604	-51.63789178660125	-14.309552174864784	0.0	1	1	1	0.159224116587221	0.24341453462516152	0.2422985986043891	235.31955405427846	0.159224116587221	0.24341453462516152	0.2422985986043891
979000	-69.34549523223447	-50.78066337713014	-18.564831855104337	0.0	1	1	1	1.0196324977467857	0.7569999748439739	2.0866091801227507	506.4937701496773	1.0196324977467857	0.7569999748439739	2.0866091801227507
980000	-70.19293830500767	-51.60419710381543	-18.588741201192246	0.0	1	0	1	0.1641841011840526	0.46568457774130745	1.1624036126838861	1736.9539198512825	0.1641841011840526	0.0	1.1624036126838861
981000	-71.59797032363429	-53.28634882580499	-18.311621497829286	0.0	1	1	0	0.8121227298923867	1.2003116063929604	1.7450079048759182	583.8382554197285	0.8121227298923867	1.2003116063929604	0.0
982000	-72.26401082503575	-52.18700221560324	-20.07700860943251	0.0	1	1	1	0.7519734923811269	0.026332229086676078	3.7478864594788246	844.7283851619643	0.7519734923811269	0.026332229086676078	3.7478864594788246
983000	-70.16157832605049	-51.96087437293127	-18.20070395311921	0.0	1	1	1	0.5016912673230738	1.3606458331427707	1.216410754634508	660.9538470635971	0.5016912673230738	1.3606458331427707	1.216410754634508
984000	-68.72636033487913	-51.6362853781565	-17.090074956722624	0.0	0	1	1	1.4438765833540164	0.3118765216976192	0.7821885395737506	583.0839057931967	0.0	0.3118765216976192	0.7821885395737506
985000	-67.5238289966251	-51.87813936963088	-15.645689626994217	0.0	0	1	1	0.17459237073534078	0.6337770854988912	0.5185136943670517	501.1103419006704	0.0	0.6337770854988912	0.5185136943670517
986000	-72.97220484758586	-51.43483638312947	-21.537368464456378	0.0	1	1	1	2.8163121397958593	1.7475520880672304	2.0890770815982274	570.4813088800089	2.8163121397958593	1.7475520880672304	2.0890770815982274
987000	-69.13271804571664	-51.68952847630913	-17.443189569407515	0.0	1	1	1	0.7764191457671131	1.7996391228665607	0.6445194707288897	362.2786516384762	0.7764191457671131	1.7996391228665607	0.6445194707288897
988000	-68.21465173981323	-52.562173740100974	-15.652477999712255	0.0	1	1	1	0.021154029750370115	0.07904946029670702	0.07569095556840039	811.0904438814986	0.021154029750370115	0.07904946029670702	0.07569095556840039
989000	-73.95849185980455	-52.14687844384141	-21.81161341596315	0.0	1	0	1	3.53849076770861	1.1601967802329405	1.2926133915286209	1162.2074566698986	3.53849076770861	0.0	1.2926133915286209
990000	-69.73419420742403	-51.501995481854735	-18.232198725569287	0.0	0	1	1	2.707108597664386	0.41365826376431736	0.5721034441823715	578.3766700025518	0.0	0.41365826376431736	0.5721034441823715
991000	-71.37015683720159	-51.59280493234965	-19.777351904851947	0.0	1	1	1	0.529177721065133	0.19601722370872798	3.100436878900921	1038.9185250080407	0.529177721065133	0.19601722370872798	3.100436878900921
992000	-69.47481274559227	-51.58259084519844	-17.89222190039383	0.0	1	1	1	1.9116237661319262	0.8364250503527372	0.9390595765550157	357.643748698183	1.9116237661319262	0.8364250503527372	0.9390595765550157
993000	-70.89360505286564	-51.005957640886884	-19.887647411978747	0.0	1	1	1	0.4373561872681051	2.118805969740671	3.0165582299865092	387.46058672285903	0.4373561872681051	2.118805969740671	3.0165582299865092
994000	-68.74724459874237	-53.00762546542927	-15.739619133313097	0.0	1	1	1	0.23954883003689467	0.43033179559364465	1.3275082108639285	250.4965747663591	0.23954883003689467	0.43033179559364465	1.3275082108639285
995000	-69.30612217294087	-51.60450588923018	-17.701616283710692	0.0	0	1	1	0.3328331314356771	1.458748904977324	1.5565477827688554	512.7843306092429	0.0	1.458748904977324	1.5565477827688554
996000	-67.86083042210102	-51.483416428337975	-16.37741399376304	0.0	1	0	1	0.3446526335958565	0.00252915378339383	0.9290446707845595	807.2102776764633	0.3446526335958565	0.0	0.9290446707845595
997000	-67.56933297199072	-50.98860260778634	-16.58073036420437	0.0	1	1	1	0.9067632015256252	0.8211294162113233	0.6255452445414866	363.5258962280301	0.9067632015256252	0.8211294162113233	0.6255452445414866
998000	-70.67685088109641	-52.32257788573947	-18.354272995356947	0.0	0	1	1	0.7804999552514706	2.151745488527455	1.8051912022655836	302.70470547897816	0.0	2.151745488527455	1.8051912022655836
999000	-71.3667515950987	-51.52620548643138	-19.840546108667326	0.0	0	1	1	3.142809584959084	0.8670269509275421	1.5730383739394485	480.9652763324563	0.0	0.8670269509275421	1.5730383739394485
1000000	-67.9514777670621	-51.26639107026485	-16.685086696797242	0.0	1	1	1	0.4906387131292128	0.16270745269414444	1.287170247701695	521.090519013569	0.4906387131292128	0.16270745269414444	1.287170247701695
