#
#model:
#
#<?xml version="1.0" encoding="UTF-8" standalone="no"?><input id="posterior" spec="beast.base.inference.CompoundDistribution">
#    <distribution id="prior" spec="beast.base.inference.CompoundDistribution">
#        <distribution id="FixedTreeModel.t:tree" spec="fixedtreeanalysis.evolution.tree.FixedTreeDistribution">
#            <tree IsLabelledNewick="true" adjustTipHeights="false" id="Tree.t:tree" newick="(((cell24:0.5386,((cell38:0.23223,cell39:0.23223):0.233811,cell35:0.466041):0.0725588):0.510677,(cell14:0.823148,(cell22:0.560108,(cell30:0.480116,cell31:0.480116):0.0799928):0.263039):0.226129):0.78207,(((cell32:0.479522,cell33:0.479522):0.318463,(cell46:0.08214,(cell48:0.0102985,cell49:0.0102985):0.0718415):0.715845):0.623723,((cell8:1.27523,((cell26:0.529968,cell27:0.529968):0.64575,((cell42:0.145693,cell43:0.145693):0.0953078,cell37:0.241001):0.934718):0.0995097):0.12268,((cell28:0.508553,cell29:0.508553):0.199812,(((cell44:0.144656,cell45:0.144656):0.0167968,cell41:0.161453):0.41108,cell21:0.572533):0.135832):0.689543):0.0237994):0.409639):0.175493" spec="fixedtreeanalysis.evolution.tree.FixedTree">
#                <taxonset id="TaxonSet.1" spec="beast.base.evolution.alignment.TaxonSet">
#                    <taxon id="cell24" spec="beast.base.evolution.alignment.Taxon"/>
#                    <taxon id="cell38" spec="beast.base.evolution.alignment.Taxon"/>
#                    <taxon id="cell39" spec="beast.base.evolution.alignment.Taxon"/>
#                    <taxon id="cell35" spec="beast.base.evolution.alignment.Taxon"/>
#                    <taxon id="cell14" spec="beast.base.evolution.alignment.Taxon"/>
#                    <taxon id="cell22" spec="beast.base.evolution.alignment.Taxon"/>
#                    <taxon id="cell30" spec="beast.base.evolution.alignment.Taxon"/>
#                    <taxon id="cell31" spec="beast.base.evolution.alignment.Taxon"/>
#                    <taxon id="cell32" spec="beast.base.evolution.alignment.Taxon"/>
#                    <taxon id="cell33" spec="beast.base.evolution.alignment.Taxon"/>
#                    <taxon id="cell46" spec="beast.base.evolution.alignment.Taxon"/>
#                    <taxon id="cell48" spec="beast.base.evolution.alignment.Taxon"/>
#                    <taxon id="cell49" spec="beast.base.evolution.alignment.Taxon"/>
#                    <taxon id="cell8" spec="beast.base.evolution.alignment.Taxon"/>
#                    <taxon id="cell26" spec="beast.base.evolution.alignment.Taxon"/>
#                    <taxon id="cell27" spec="beast.base.evolution.alignment.Taxon"/>
#                    <taxon id="cell42" spec="beast.base.evolution.alignment.Taxon"/>
#                    <taxon id="cell43" spec="beast.base.evolution.alignment.Taxon"/>
#                    <taxon id="cell37" spec="beast.base.evolution.alignment.Taxon"/>
#                    <taxon id="cell28" spec="beast.base.evolution.alignment.Taxon"/>
#                    <taxon id="cell29" spec="beast.base.evolution.alignment.Taxon"/>
#                    <taxon id="cell44" spec="beast.base.evolution.alignment.Taxon"/>
#                    <taxon id="cell45" spec="beast.base.evolution.alignment.Taxon"/>
#                    <taxon id="cell41" spec="beast.base.evolution.alignment.Taxon"/>
#                    <taxon id="cell21" spec="beast.base.evolution.alignment.Taxon"/>
#                </taxonset>
#            </tree>
#        </distribution>
#        <prior id="nonZeroRatePrior.s:tissue" name="distribution">
#            <x id="nonZeroRates.s:tissue" spec="beast.base.evolution.Sum">
#                <arg dimension="6" id="rateIndicator.s:tissue" spec="beast.base.inference.parameter.BooleanParameter">true</arg>
#            </x>
#            <distr id="Poisson.0" offset="2.0" spec="beast.base.inference.distribution.Poisson">
#                <parameter estimate="false" id="RealParameter.10" name="lambda" spec="beast.base.inference.parameter.RealParameter">0.693</parameter>
#            </distr>
#        </prior>
#        <prior id="relativeGeoRatesPrior.s:tissue" name="distribution">
#            <parameter dimension="6" id="relativeGeoRates.s:tissue" name="x" spec="beast.base.inference.parameter.RealParameter">1.0</parameter>
#            <Gamma id="Gamma.2" name="distr">
#                <parameter estimate="false" id="RealParameter.8" name="alpha" spec="beast.base.inference.parameter.RealParameter">1.0</parameter>
#                <parameter estimate="false" id="RealParameter.9" name="beta" spec="beast.base.inference.parameter.RealParameter">1.0</parameter>
#            </Gamma>
#        </prior>
#        <prior id="geoclockPrior.c:tissue" name="distribution">
#            <parameter id="traitClockRate.c:tissue" name="x" spec="beast.base.inference.parameter.RealParameter">1.0</parameter>
#            <Gamma id="Gamma.1" name="distr">
#                <parameter estimate="false" id="RealParameter.6" name="alpha" spec="beast.base.inference.parameter.RealParameter">0.001</parameter>
#                <parameter estimate="false" id="RealParameter.7" name="beta" spec="beast.base.inference.parameter.RealParameter">1000.0</parameter>
#            </Gamma>
#        </prior>
#    </distribution>
#    <distribution id="likelihood" spec="beast.base.inference.CompoundDistribution" useThreads="true">
#        <distribution data="@sim1_true" id="treeLikelihood.sim1_true" spec="fixedtreeanalysis.evolution.likelihood.FixedTreeLikelihood" tree="@Tree.t:tree">
#            <siteModel id="FixedSiteModel.s:sim1_true" spec="fixedtreeanalysis.evolution.sitemodel.FixedSiteModel">
#                <parameter estimate="false" id="RealParameter.0" lower="0.0" name="mutationRate" spec="beast.base.inference.parameter.RealParameter" upper="1.0">1.0</parameter>
#                <parameter id="RealParameter.1" lower="0.0" name="shape" spec="beast.base.inference.parameter.RealParameter" upper="0.0">1.0</parameter>
#                <parameter id="RealParameter.2" lower="0.0" name="proportionInvariant" spec="beast.base.inference.parameter.RealParameter" upper="0.0">0.0</parameter>
#                <substModel id="JC69.s:sim1_true" spec="beast.base.evolution.substitutionmodel.JukesCantor"/>
#            </siteModel>
#            <branchRateModel id="FixedClock.c:sim1_true" spec="fixedtreeanalysis.evolution.branchratemodel.FixedClockModel">
#                <parameter estimate="false" id="RealParameter.3" name="clock.rate" spec="beast.base.inference.parameter.RealParameter">1.0</parameter>
#            </branchRateModel>
#        </distribution>
#        <distribution id="traitedtreeLikelihood.tissue" spec="beastclassic.evolution.likelihood.AncestralStateTreeLikelihood" tag="location" tree="@Tree.t:tree">
#            <rootFrequencies estimate="false" id="Frequencies" spec="beast.base.evolution.substitutionmodel.Frequencies">
#                <parameter dimension="3" id="RealParameter" lower="0.0" name="frequencies" spec="beast.base.inference.parameter.RealParameter" upper="0.0">1.0 0.0 0.0</parameter>
#            </rootFrequencies>
#            <data id="tissue" spec="beastclassic.evolution.alignment.AlignmentFromTrait">
#                <traitSet id="traitSet.tissue" spec="beast.base.evolution.tree.TraitSet" taxa="@TaxonSet.1" traitname="discrete" value="cell24=t3, cell38=t2, cell39=t2, cell35=t2, cell14=t3, cell22=t2, cell30=t3, cell31=t1, cell32=t1, cell33=t1, cell46=t3, cell48=t3, cell49=t3, cell8=t1, cell26=t1, cell27=t3, cell42=t1, cell43=t1, cell37=t1, cell28=t1, cell29=t1, cell44=t1, cell45=t1, cell41=t1, cell21=t1 "/>
#                <userDataType codeMap="t1=0,t2=1,t3=2,? = 0 1 2" codelength="-1" id="traitDataType.tissue" spec="beast.base.evolution.datatype.UserDataType" states="3"/>
#            </data>
#            <siteModel gammaCategoryCount="1" id="geoSiteModel.s:tissue" spec="beast.base.evolution.sitemodel.SiteModel">
#                <parameter estimate="false" id="mutationRate.s:tissue" name="mutationRate" spec="beast.base.inference.parameter.RealParameter">1.0</parameter>
#                <parameter estimate="false" id="gammaShape.s:tissue" name="shape" spec="beast.base.inference.parameter.RealParameter">1.0</parameter>
#                <parameter estimate="false" id="proportionInvariant.s:tissue" lower="0.0" name="proportionInvariant" spec="beast.base.inference.parameter.RealParameter" upper="1.0">0.0</parameter>
#                <substModel id="svs.s:tissue" rateIndicator="@rateIndicator.s:tissue" rates="@relativeGeoRates.s:tissue" spec="beastclassic.evolution.substitutionmodel.SVSGeneralSubstitutionModel" symmetric="false">
#                    <frequencies id="traitfreqs.s:tissue" spec="beast.base.evolution.substitutionmodel.Frequencies">
#                        <parameter dimension="3" id="traitfrequencies.s:tissue" name="frequencies" spec="beast.base.inference.parameter.RealParameter">0.3333333333</parameter>
#                    </frequencies>
#                </substModel>
#            </siteModel>
#            <branchRateModel clock.rate="@traitClockRate.c:tissue" id="StrictClockModel.c:tissue" spec="beast.base.evolution.branchratemodel.StrictClockModel"/>
#        </distribution>
#    </distribution>
#</input>
#
Sample	posterior	likelihood	prior	treeLikelihood	rateIndicator.1	rateIndicator.2	rateIndicator.3	rateIndicator.4	rateIndicator.5	rateIndicator.6	relativeGeoRates.1	relativeGeoRates.2	relativeGeoRates.3	relativeGeoRates.4	relativeGeoRates.5	relativeGeoRates.6	traitClockRate	geoSubstModelLogger.relGeoRate_t1_t2	geoSubstModelLogger.relGeoRate_t1_t3	geoSubstModelLogger.relGeoRate_t2_t1	geoSubstModelLogger.relGeoRate_t2_t3	geoSubstModelLogger.relGeoRate_t3_t1	geoSubstModelLogger.relGeoRate_t3_t2
0	-38.03242522447933	-19.77938363429962	-18.253041590179713	0.0	1	1	1	1	1	1	1.0	1.0	1.0	1.0	1.0	1.0	1.0	1.0	1.0	1.0	1.0	1.0	1.0
1000	-31.491520330041613	-17.288229005555266	-14.203291324486347	0.0	0	1	0	1	1	1	0.9986222747883357	1.0792466574864221	0.9846708838959042	0.9991500358831944	1.1391598703058756	0.9602182170478281	0.3705287094749306	0.0	1.0792466574864221	0.0	0.9991500358831944	1.1391598703058756	0.9602182170478281
2000	-32.37754119056841	-17.435180201910285	-14.942360988658123	0.0	0	1	0	1	1	1	1.1714627576189423	1.202819891822138	0.9104984502941941	0.9985952252358358	1.0884475268735792	0.7802654027409707	0.7831427955992454	0.0	1.202819891822138	0.0	0.9985952252358358	1.0884475268735792	0.7802654027409707
3000	-30.518891425800774	-17.768841976690897	-12.750049449109879	0.0	0	1	0	0	1	1	1.2701929372987741	1.1775166299897044	0.9342582055649036	0.8839603588056801	0.951922150033416	0.7881298904856491	0.2919228184078048	0.0	1.1775166299897044	0.0	0.0	0.951922150033416	0.7881298904856491
4000	-35.15120425744995	-19.69431420671765	-15.456890050732301	0.0	1	1	1	1	1	0	1.142182515621653	1.2509778351879581	0.8465020682221079	0.9554191633598005	1.094981007405558	0.7653065879625446	0.3332263680890884	1.142182515621653	1.2509778351879581	0.8465020682221079	0.9554191633598005	1.094981007405558	0.0
5000	-32.55323203949453	-17.26126120070335	-15.291970838791185	0.0	0	1	0	1	1	1	1.1226729564298712	1.4398165809942038	1.0610491818096561	1.2066051884267528	1.2472837758404627	0.8583534114176818	0.507285862257943	0.0	1.4398165809942038	0.0	1.2066051884267528	1.2472837758404627	0.8583534114176818
6000	-32.290257772246605	-17.31212683539346	-14.978130936853141	0.0	0	1	0	1	1	1	1.0300684351177225	1.398619675206266	0.8996319199095013	1.3081033028357811	1.0589360728429502	0.810727912099058	0.5696272027826379	0.0	1.398619675206266	0.0	1.3081033028357811	1.0589360728429502	0.810727912099058
7000	-32.146336647361665	-17.774015999536612	-14.372320647825049	0.0	0	1	0	1	1	1	0.9556379592911649	1.4082319719591	0.9012951691305715	1.2070610381627827	1.1102846394635806	0.8995270253907988	0.3182669865728127	0.0	1.4082319719591	0.0	1.2070610381627827	1.1102846394635806	0.8995270253907988
8000	-33.30450868133829	-20.76394042584108	-12.540568255497206	0.0	0	1	0	0	0	1	0.9136465598343746	1.2447601156625827	0.9520651188606051	1.2824122029780036	1.1201146796336379	0.7626122480102904	0.2608697824852159	0.0	1.2447601156625827	0.0	0.0	0.0	0.7626122480102904
9000	-33.57539026312621	-20.808346397077038	-12.767043866049168	0.0	1	1	0	1	0	0	0.8406695534902949	1.4048136632077712	1.0128684340868932	1.2614836861542285	1.2706989866905372	0.870519738441426	0.15414738173534664	0.8406695534902949	1.4048136632077712	0.0	1.2614836861542285	0.0	0.0
10000	-34.75705991013957	-20.041068781870816	-14.715991128268751	0.0	1	1	0	1	0	1	0.823433199928795	1.4153342588216808	1.175307613221895	1.2501165734899506	1.4464733711760973	0.7921413078097105	0.2946355150579135	0.823433199928795	1.4153342588216808	0.0	1.2501165734899506	0.0	0.7921413078097105
11000	-33.54004277988693	-18.73388984242735	-14.806152937459586	0.0	0	1	1	1	0	1	0.8511353171089299	1.272907216468257	1.1700383595010793	1.2093692508061398	1.2645144229538956	0.8055607065054124	0.4482934146994527	0.0	1.272907216468257	1.1700383595010793	1.2093692508061398	0.0	0.8055607065054124
12000	-33.5458048139538	-18.999708393173435	-14.546096420780366	0.0	1	1	1	1	0	0	0.7056939384642728	1.2617773760067548	1.195231776962596	1.5200656923740765	1.0341473247269821	0.7055763278620107	0.4019635951579254	0.7056939384642728	1.2617773760067548	1.195231776962596	1.5200656923740765	0.0	0.0
13000	-33.63445435120355	-19.79375063730591	-13.840703713897641	0.0	1	1	1	1	0	0	0.7030514764752275	1.046044897498481	1.2953939928941378	1.439675774349953	1.2580326566494473	0.5902939264701986	0.21713896298970098	0.7030514764752275	1.046044897498481	1.2953939928941378	1.439675774349953	0.0	0.0
14000	-31.147647434491013	-17.951645053238767	-13.196002381252246	0.0	0	1	0	0	1	1	0.7953575524110711	0.94505311453767	1.275265277300914	1.3104414939472093	1.381429460518292	0.560198238494057	0.35100576371502656	0.0	0.94505311453767	0.0	0.0	1.381429460518292	0.560198238494057
15000	-34.47024397727525	-18.519110327380677	-15.951133649894576	0.0	1	1	0	1	1	1	0.7928386644488137	0.9755402776198854	1.1835383813212492	1.1348752871600718	1.3245077898479274	0.6961717908833746	0.5186449824984469	0.7928386644488137	0.9755402776198854	0.0	1.1348752871600718	1.3245077898479274	0.6961717908833746
16000	-33.93279321724966	-20.26795250894783	-13.664840708301833	0.0	1	0	0	1	1	0	0.8088627572537131	0.9577384780964039	1.1558673204325438	1.2822917988430445	1.5006450042819703	0.6928139557706434	0.49243571544682874	0.8088627572537131	0.0	0.0	1.2822917988430445	1.5006450042819703	0.0
17000	-33.24649040298915	-19.239429865142945	-14.007060537846206	0.0	1	1	1	1	0	0	0.7558971509163471	1.026086507376316	1.0509414148414418	1.3273825269683701	1.384836065583195	0.712218998235892	0.276498867379645	0.7558971509163471	1.026086507376316	1.0509414148414418	1.3273825269683701	0.0	0.0
18000	-31.504341827513805	-17.67445328298635	-13.829888544527455	0.0	0	1	0	0	1	1	0.8595878409410316	0.9969082672037026	1.0567144736295369	1.50913464282441	1.5520827678636409	0.7563413696020767	0.4164515399908366	0.0	0.9969082672037026	0.0	0.0	1.5520827678636409	0.7563413696020767
19000	-31.416972476744093	-17.913522118361776	-13.503450358382317	0.0	0	1	0	0	1	1	1.1712196828040187	0.7980676892633028	1.0119644105629495	1.4041669380689528	1.5076478804001954	0.8099548312166321	0.30886014143808127	0.0	0.7980676892633028	0.0	0.0	1.5076478804001954	0.8099548312166321
20000	-34.92016016910968	-17.508327895699352	-17.411832273410322	0.0	0	1	1	1	1	1	1.0743600545554832	0.9543040620644127	1.2099550921353661	1.5338925836220019	1.4539787587542177	0.7882771671765135	0.902160788115823	0.0	0.9543040620644127	1.2099550921353661	1.5338925836220019	1.4539787587542177	0.7882771671765135
21000	-32.068794188543926	-18.0468769150723	-14.021917273471624	0.0	0	1	0	0	1	1	0.9948879869136441	1.0900835310942973	1.178099852940552	1.5521717267580057	1.6826880828186812	0.7651434299264658	0.29627061274776273	0.0	1.0900835310942973	0.0	0.0	1.6826880828186812	0.7651434299264658
22000	-35.88448676084049	-19.231154420723044	-16.653332340117444	0.0	1	1	0	1	1	1	1.0135598710482032	1.1729767861826648	1.1633310799317227	1.4614087814938317	1.7421762540663899	0.8068872146163897	0.2989329239185709	1.0135598710482032	1.1729767861826648	0.0	1.4614087814938317	1.7421762540663899	0.8068872146163897
23000	-34.38073596086469	-19.212116094905433	-15.168619865959258	0.0	0	1	1	0	0	1	1.1745294663309942	1.214703956724154	1.31075730227848	1.6677750394166841	1.6685744990535103	0.8166091267623646	0.5172039644002817	0.0	1.214703956724154	1.31075730227848	0.0	0.0	0.8166091267623646
24000	-36.51962695973219	-20.184888157294196	-16.334738802438	0.0	1	0	1	1	1	0	1.2883965288648875	1.1464501226874857	1.4283335397815058	1.6104858700121432	1.4393519636461227	0.8628700266074101	0.6213064333730323	1.2883965288648875	0.0	1.4283335397815058	1.6104858700121432	1.4393519636461227	0.0
25000	-34.6578792872345	-21.09499639545427	-13.56288289178023	0.0	0	1	0	0	0	1	1.2893621610111967	1.119361435109834	1.3776958000529067	1.6232984171989113	1.3685657756579406	0.7440118673426807	0.2084041855009538	0.0	1.119361435109834	0.0	0.0	0.0	0.7440118673426807
26000	-33.091373332569844	-17.97634620972937	-15.115027122840473	0.0	0	1	0	0	1	1	1.3158854493317855	1.3042618807837112	1.539422092308968	1.5997877798294236	1.3594414982846093	0.6893683662906381	0.5126650033098097	0.0	1.3042618807837112	0.0	0.0	1.3594414982846093	0.6893683662906381
27000	-32.7186525859193	-18.32816629878872	-14.390486287130578	0.0	0	1	0	0	1	1	1.2630414705679485	1.4402207751316691	1.476124361147375	1.6833026325530784	1.2497845170093909	0.6289543158942054	0.2654455625797928	0.0	1.4402207751316691	0.0	0.0	1.2497845170093909	0.6289543158942054
28000	-32.807885469963644	-18.50252476542324	-14.305360704540407	0.0	0	1	0	0	1	1	1.3372277402399444	1.4463577013009052	1.7109466821589963	1.4971009359253438	1.1485989562929393	0.6983922468740931	0.2211740218393097	0.0	1.4463577013009052	0.0	0.0	1.1485989562929393	0.6983922468740931
29000	-32.95515704612204	-18.778460379645704	-14.176696666476335	0.0	0	1	0	0	1	1	2.643813838263459	0.3757239714151773	1.0858194893220237	0.9220557935123906	0.12866274418430626	1.6221923200650272	0.5618492060499496	0.0	0.3757239714151773	0.0	0.0	0.12866274418430626	1.6221923200650272
30000	-31.9449761409167	-19.547642593463276	-12.397333547453423	0.0	0	1	1	0	1	1	1.1927383664870437	0.17335359095861727	1.113559247942011	0.9813677019034016	0.34057752915759754	0.3838326642324982	0.43909386644948273	0.0	0.17335359095861727	1.113559247942011	0.0	0.34057752915759754	0.3838326642324982
31000	-31.981601901075624	-18.463246177300864	-13.51835572377476	0.0	1	0	0	1	1	0	0.5602643254120272	0.8186490384911825	0.00972147471845143	1.6796023618407954	1.7767974418112773	0.7335278779412772	0.9655867580672006	0.5602643254120272	0.0	0.0	1.6796023618407954	1.7767974418112773	0.0
32000	-37.111658569037935	-23.099706503087887	-14.011952065950048	0.0	1	1	1	1	1	0	0.08402626925383523	1.6363468367831753	0.3076706458241803	0.5687528621374017	0.5236823266676259	0.7611660169945406	0.6908894138275932	0.08402626925383523	1.6363468367831753	0.3076706458241803	0.5687528621374017	0.5236823266676259	0.0
33000	-34.46560038319757	-18.76538910452577	-15.700211278671794	0.0	0	1	1	0	1	1	1.3288518521378816	0.7775581887792512	0.9992904008718412	1.5716645852399054	1.6674870645845608	1.6254623901243765	0.2710738403134261	0.0	0.7775581887792512	0.9992904008718412	0.0	1.6674870645845608	1.6254623901243765
34000	-33.88992819830446	-22.141890216006054	-11.748037982298406	0.0	1	1	0	0	1	1	1.3401676338897544	1.364468382469472	1.4871791822394453	0.046270347807645024	0.09836236507649011	0.11412995093960343	0.1758474806860612	1.3401676338897544	1.364468382469472	0.0	0.0	0.09836236507649011	0.11412995093960343
35000	-36.4707749391355	-19.79086052308142	-16.679914416054082	0.0	0	1	1	1	0	1	2.67570135131728	0.3030316163267794	0.9960348980306556	2.2735127214785145	1.5241467838104594	0.3959408375840248	0.5925891125048772	0.0	0.3030316163267794	0.9960348980306556	2.2735127214785145	0.0	0.3959408375840248
36000	-36.095816935929804	-18.619777866020936	-17.476039069908865	0.0	1	1	1	0	1	1	0.20931657478915713	1.0134455542891039	0.7016275167991065	2.0109319549309417	2.6971902102966236	1.2621132772843642	0.3989473439174212	0.20931657478915713	1.0134455542891039	0.7016275167991065	0.0	2.6971902102966236	1.2621132772843642
37000	-35.06334702413433	-17.738559757039056	-17.324787267095275	0.0	0	1	0	0	1	1	3.9478311536368333	2.313974976568026	1.1628198582291291	0.21128049780385283	1.171135551446586	1.7236003196307719	0.3069240089842005	0.0	2.313974976568026	0.0	0.0	1.171135551446586	1.7236003196307719
38000	-39.148385971009965	-20.759975760285936	-18.38841021072403	0.0	0	1	1	0	0	1	0.6226303707869346	0.8827221923987282	1.87068897840091	1.151538438588163	2.140716712941902	2.8499667333307546	2.4468043892897864	0.0	0.8827221923987282	1.87068897840091	0.0	0.0	2.8499667333307546
39000	-34.61497008085769	-20.369122466977572	-14.245847613880116	0.0	1	0	0	1	1	0	0.3857059197855482	2.780137137188669	0.5855882515396744	0.8857546746182383	0.7458106044833572	0.086752293591778	2.2274561985868906	0.3857059197855482	0.0	0.0	0.8857546746182383	0.7458106044833572	0.0
40000	-33.51532206790351	-18.651516083945737	-14.863805983957775	0.0	0	1	1	1	1	1	0.2689780075247288	1.1164191326740946	0.9775312544919122	0.2048835821747497	1.9720211139793218	0.43768947541143377	0.5412393564657979	0.0	1.1164191326740946	0.9775312544919122	0.2048835821747497	1.9720211139793218	0.43768947541143377
41000	-32.83096686989913	-19.13203211112002	-13.698934758779112	0.0	1	1	1	1	0	0	0.18815433269372359	0.15455581897176368	1.0775491589694421	1.2079362805130807	1.3565073690880614	1.4170366940735009	0.4782100577855018	0.18815433269372359	0.15455581897176368	1.0775491589694421	1.2079362805130807	0.0	0.0
42000	-35.828279225937685	-19.086029173303046	-16.74225005263464	0.0	0	1	0	1	1	1	0.02157229403181249	0.28174336724517873	0.3151440356461274	3.3394888378802596	0.6844839692869162	1.6059772139244646	4.294430036271551	0.0	0.28174336724517873	0.0	3.3394888378802596	0.6844839692869162	1.6059772139244646
43000	-35.93555886262416	-19.890297158149924	-16.045261704474242	0.0	1	1	1	1	0	0	0.0789024565753891	1.305066836700647	1.159233456974254	2.93145723455923	0.2654710803781201	2.0424818253728034	0.4619633130636861	0.0789024565753891	1.305066836700647	1.159233456974254	2.93145723455923	0.0	0.0
44000	-29.055775520426852	-17.974555886116494	-11.081219634310358	0.0	0	1	1	0	0	1	1.2792555429347563	0.38625906156258594	0.5401350710040316	0.2914973521201	0.34223098605885416	0.8560249083856749	0.5548046816978934	0.0	0.38625906156258594	0.5401350710040316	0.0	0.0	0.8560249083856749
45000	-31.953604429523832	-18.7553594928637	-13.198244936660132	0.0	0	1	0	0	1	1	2.440693704150839	0.8213054041508272	0.16719854891697755	0.6535191669485875	1.518803032112141	0.2627339375074719	0.5267714332326162	0.0	0.8213054041508272	0.0	0.0	1.518803032112141	0.2627339375074719
46000	-34.35160482948807	-17.46726452814279	-16.88434030134528	0.0	0	1	1	1	0	1	2.4462022418467373	0.7204727530098154	0.8077508139641618	0.7448477915947718	2.3900474687578237	1.1301821079551608	0.6771149103827978	0.0	0.7204727530098154	0.8077508139641618	0.7448477915947718	0.0	1.1301821079551608
47000	-34.00275598091751	-17.917643862569037	-16.08511211834848	0.0	0	1	0	1	1	1	2.495143072269173	1.0051612320736207	0.0889908820483503	1.9846877022886222	1.6473715530134487	0.7961693438979276	0.38005338663629246	0.0	1.0051612320736207	0.0	1.9846877022886222	1.6473715530134487	0.7961693438979276
48000	-34.209107656689696	-20.844221609990182	-13.364886046699517	0.0	1	1	0	1	0	0	1.1125818684350246	1.8805489934006245	1.5649976743853673	1.355013379818681	0.8744088577491965	0.5053806885540795	0.14898491329108898	1.1125818684350246	1.8805489934006245	0.0	1.355013379818681	0.0	0.0
49000	-33.899983506966905	-20.02211607753256	-13.87786742943435	0.0	0	1	0	0	0	1	1.040343672764893	0.7274379798597298	0.2877015165457572	2.5873176285736856	1.9460280986022531	0.7649802765525874	0.33808737113495463	0.0	0.7274379798597298	0.0	0.0	0.0	0.7649802765525874
50000	-33.10978395187779	-18.37153507872054	-14.738248873157245	0.0	0	1	1	1	0	1	0.43719989898934797	1.5400816756901186	0.3067194321184608	1.3101312165800134	0.29380865923348926	2.431986054612207	0.5398204017695984	0.0	1.5400816756901186	0.3067194321184608	1.3101312165800134	0.0	2.431986054612207
51000	-29.43147392322515	-18.318260041225674	-11.113213881999474	0.0	0	1	1	0	0	1	0.7251233465687497	0.5166050275061912	0.6387537641139374	0.2589190765481901	0.6733115745130211	0.7267646475884876	0.6695521829975117	0.0	0.5166050275061912	0.6387537641139374	0.0	0.0	0.7267646475884876
52000	-31.021201133276886	-18.967221225311583	-12.053979907965303	0.0	0	1	0	1	1	1	2.106896478179942	0.20658908613845875	0.44425236739429214	0.6875764241608805	0.26828278735982997	0.06974356962877984	0.4656713588398992	0.0	0.20658908613845875	0.0	0.6875764241608805	0.26828278735982997	0.06974356962877984
53000	-33.50387727502949	-19.75503816399161	-13.748839111037876	0.0	0	1	1	0	1	1	2.179833611100184	0.27201968310923746	0.6949367133111197	2.193445875159415	0.25013034084014046	0.6095726710335442	0.22616355998749696	0.0	0.27201968310923746	0.6949367133111197	0.0	0.25013034084014046	0.6095726710335442
54000	-35.38745400395618	-17.59290765334816	-17.794546350608016	0.0	0	1	0	0	1	1	0.07373113060534567	2.404150689598478	0.7314987979361668	2.1973573528801533	3.2406606769881385	1.9063113641502751	0.47989417609869556	0.0	2.404150689598478	0.0	0.0	3.2406606769881385	1.9063113641502751
55000	-32.35007449475792	-16.817316034941175	-15.53275845981674	0.0	0	1	0	1	1	1	1.5416272293489806	0.6267554357883209	0.8478964552630149	2.1353672357559352	0.3669827732981354	1.1789239631726838	0.819142142998163	0.0	0.6267554357883209	0.0	2.1353672357559352	0.3669827732981354	1.1789239631726838
56000	-34.60196276783696	-20.793886927400568	-13.808075840436393	0.0	0	1	0	1	1	1	1.496998496340247	0.44086496239699663	0.39931770351940843	1.466286621080864	1.2083325944777263	1.4522442707980865	0.1842376174076163	0.0	0.44086496239699663	0.0	1.466286621080864	1.2083325944777263	1.4522442707980865
57000	-31.70908254256016	-17.684637544661054	-14.024444997899108	0.0	0	1	1	1	0	1	0.04820813163689856	0.6967161632846729	1.2863870276979752	1.4554451882656607	0.6264997433158133	0.9686681799463197	0.9119519862232895	0.0	0.6967161632846729	1.2863870276979752	1.4554451882656607	0.0	0.9686681799463197
58000	-31.31750918103086	-17.427906753610976	-13.889602427419884	0.0	0	1	1	0	1	1	1.1356933511015086	0.8843037769683146	0.41555976894130786	1.2367127863062144	1.0304562259179566	0.9827296501035202	0.4356988368046247	0.0	0.8843037769683146	0.41555976894130786	0.0	1.0304562259179566	0.9827296501035202
59000	-31.37583641829397	-18.01049978631801	-13.36533663197596	0.0	0	1	1	0	0	1	0.25653914248231796	1.219636085119292	1.7421377920941827	0.09038257859601005	0.39620901783008633	2.1642624600816154	0.6195631361062718	0.0	1.219636085119292	1.7421377920941827	0.0	0.0	2.1642624600816154
60000	-30.04811546843225	-17.84272609604868	-12.205389372383573	0.0	0	1	0	0	1	1	0.5588272563105887	1.1624538354002545	0.1563735910056032	0.8588106247631564	0.35318116007291034	2.025665841348313	0.41270072302543387	0.0	1.1624538354002545	0.0	0.0	0.35318116007291034	2.025665841348313
61000	-30.78547534384677	-17.582124350021914	-13.203350993824856	0.0	0	1	0	0	1	1	0.20559423901944307	0.7755858578846061	0.6231340304046923	1.3924074934687853	1.1838208415245355	1.6300052259798425	0.558696179602775	0.0	0.7755858578846061	0.0	0.0	1.1838208415245355	1.6300052259798425
62000	-33.076253712014626	-20.940124604356214	-12.136129107658412	0.0	1	0	0	1	1	0	0.08013444326121599	1.0645756435760754	1.199602581023336	1.5806889635166759	0.2462807043796465	0.2695392416193807	0.7561314353203683	0.08013444326121599	0.0	0.0	1.5806889635166759	0.2462807043796465	0.0
63000	-30.931081524155488	-16.709668278737812	-14.221413245417677	0.0	0	1	0	1	1	1	0.47108004210489013	0.5627741860960872	2.2630453809997517	1.1401563708397706	0.5511728392449944	0.7959709438112545	0.5501201130491363	0.0	0.5627741860960872	0.0	1.1401563708397706	0.5511728392449944	0.7959709438112545
64000	-32.425257175272435	-19.994251106695263	-12.431006068577176	0.0	0	1	0	0	0	1	0.6560543853613023	0.24967427289532246	0.10518606688567743	2.968938972412007	1.5877768207209912	0.4138233694940719	0.3137975442168638	0.0	0.24967427289532246	0.0	0.0	0.0	0.4138233694940719
65000	-33.97903568955858	-18.77046386922413	-15.20857182033445	0.0	0	1	0	1	1	1	0.6210965555765107	1.8049143918219968	1.973398934770513	1.1146054902188434	0.31233190080439904	0.9817238614124848	0.5302809469232593	0.0	1.8049143918219968	0.0	1.1146054902188434	0.31233190080439904	0.9817238614124848
66000	-32.49781184637988	-18.4905102205684	-14.007301625811483	0.0	1	1	1	0	1	1	0.17788513582412274	0.4782590045706053	1.020776594470312	0.18389985210335963	0.5438653180893952	1.7569868187662465	0.5196668834443275	0.17788513582412274	0.4782590045706053	1.020776594470312	0.0	0.5438653180893952	1.7569868187662465
67000	-27.20189127294531	-17.715073186714896	-9.486818086230414	0.0	0	1	0	1	1	1	0.4261287246370238	0.17017061042096054	0.22158812211448145	0.045264381570953145	0.07518306858630965	0.1607814048775892	0.523534004831443	0.0	0.17017061042096054	0.0	0.045264381570953145	0.07518306858630965	0.1607814048775892
68000	-30.09799029322688	-17.732503550952224	-12.365486742274655	0.0	0	1	0	0	1	1	0.03893221723762107	0.8759804910588909	0.699886076926757	1.252770783772794	0.6607988953887608	1.4500181308518842	0.5555175117621906	0.0	0.8759804910588909	0.0	0.0	0.6607988953887608	1.4500181308518842
69000	-32.26068615449724	-18.84157087786343	-13.419115276633816	0.0	1	1	0	1	1	0	0.35033028621528833	0.4742880560910144	2.2755144028783643	1.1101942235386149	0.9672194330903173	0.2665254988789488	0.34643935694028366	0.35033028621528833	0.4742880560910144	0.0	1.1101942235386149	0.9672194330903173	0.0
70000	-32.50713793652464	-17.59156780759127	-14.915570128933375	0.0	1	1	1	1	0	1	0.2272113131561258	0.3741827344012168	0.7789971406933378	1.2918810659130784	0.5857159354228566	1.4107129883698635	0.7763261839451214	0.2272113131561258	0.3741827344012168	0.7789971406933378	1.2918810659130784	0.0	1.4107129883698635
71000	-28.65357739578536	-17.839077962707975	-10.814499433077383	0.0	0	1	0	1	1	1	0.45498394501681827	0.14569596063774717	0.11083609945657795	0.38133187542687064	0.4641325272827253	0.8655219756793567	0.5257886380277613	0.0	0.14569596063774717	0.0	0.38133187542687064	0.4641325272827253	0.8655219756793567
72000	-32.568372400307524	-19.01929360369228	-13.549078796615248	0.0	0	1	0	1	1	1	1.517470236090105	0.343461668814571	1.0437973907133586	0.17504027443378123	0.13070857604908384	2.197266155879791	0.40915848776196945	0.0	0.343461668814571	0.0	0.17504027443378123	0.13070857604908384	2.197266155879791
73000	-32.648860801423176	-18.79507598080975	-13.853784820613427	0.0	1	1	1	0	0	1	0.1497471661790152	0.38280949554819804	2.2657155353531784	0.04046461950314136	0.29277411516597934	1.439777394292378	1.281176397093142	0.1497471661790152	0.38280949554819804	2.2657155353531784	0.0	0.0	1.439777394292378
74000	-34.3979123643148	-18.058763839914327	-16.33914852440047	0.0	0	1	1	0	1	1	0.7567700758978345	1.46492974811725	1.593264484117622	1.103269334516622	1.2169023439585225	2.3915325360288273	0.29442778200573505	0.0	1.46492974811725	1.593264484117622	0.0	1.2169023439585225	2.3915325360288273
75000	-30.473466984405736	-17.892381122130395	-12.58108586227534	0.0	0	1	0	0	1	1	0.9028508284971591	0.44065312174871146	0.3838049709368394	2.6698434071097035	0.8775401786543063	0.45233142170840523	0.3258894474581127	0.0	0.44065312174871146	0.0	0.0	0.8775401786543063	0.45233142170840523
76000	-34.14391096491097	-18.368642014677494	-15.775268950233478	0.0	0	1	0	0	1	1	0.6817907791702237	1.6129351370887437	2.4116576669552483	0.8975385725330727	1.0161772951016246	2.8309716912315688	0.1917702304739836	0.0	1.6129351370887437	0.0	0.0	1.0161772951016246	2.8309716912315688
77000	-33.94889789547972	-17.97336228718982	-15.975535608289896	0.0	0	1	1	1	1	1	0.06115641507688848	1.450284726200994	1.3121118422627163	1.0239150201559333	0.6562874802268663	2.121279001451736	0.3166407417550042	0.0	1.450284726200994	1.3121118422627163	1.0239150201559333	0.6562874802268663	2.121279001451736
78000	-32.36424324221182	-18.857258628156423	-13.506984614055398	0.0	1	1	0	0	1	1	0.08173074524685256	0.5839962089073639	0.1685080116351818	2.7101440239175	0.9774740371088593	0.2918550387768226	0.7107318790934697	0.08173074524685256	0.5839962089073639	0.0	0.0	0.9774740371088593	0.2918550387768226
79000	-35.16408751299498	-17.989876253934586	-17.174211259060392	0.0	1	1	0	1	1	1	0.5193173865732992	1.6192458198012682	0.13602233910867267	1.6675733328590094	1.8104188014600566	2.033134532584876	0.3289124152222011	0.5193173865732992	1.6192458198012682	0.0	1.6675733328590094	1.8104188014600566	2.033134532584876
80000	-32.00416551509121	-17.534474514097003	-14.469691000994207	0.0	0	1	0	1	1	1	0.7320136530050705	0.7910533154136848	2.0395333040958596	0.6353663335903885	0.5778047273173921	0.8350797406731469	0.8387361955827299	0.0	0.7910533154136848	0.0	0.6353663335903885	0.5778047273173921	0.8350797406731469
81000	-32.707213034239004	-19.46556028411643	-13.241652750122572	0.0	0	1	0	1	0	1	0.5734903758287633	0.34671463081017195	2.3220294381160254	0.42615822900849976	0.6535432930821272	1.1276776058920557	0.8329443249273059	0.0	0.34671463081017195	0.0	0.42615822900849976	0.0	1.1276776058920557
82000	-38.45992864690638	-19.90899365644539	-18.550934990460988	0.0	0	1	0	1	1	1	1.380432792042283	2.794305992496298	0.5721699696286386	0.057098648013643706	2.283648619467638	2.4589214371612766	0.9701279544163505	0.0	2.794305992496298	0.0	0.057098648013643706	2.283648619467638	2.4589214371612766
83000	-32.60182550571178	-19.342035896353046	-13.259789609358734	0.0	0	1	1	1	0	1	0.10112125919602181	0.1676639161822415	0.4531252860363871	0.38756846517884475	0.47951123651144406	2.4695113166997795	1.1812687456936057	0.0	0.1676639161822415	0.4531252860363871	0.38756846517884475	0.0	2.4695113166997795
84000	-36.28369356115827	-18.791106465341002	-17.49258709581727	0.0	0	1	0	1	1	1	0.3331469743393649	0.6023538203686323	0.008784175361813787	4.423362093429188	2.666058680752831	0.5425481886214482	0.8883779974006155	0.0	0.6023538203686323	0.0	4.423362093429188	2.666058680752831	0.5425481886214482
85000	-31.074977009328663	-17.655674909302068	-13.419302100026595	0.0	0	1	1	1	1	1	1.2454632390031193	0.4922939800639232	0.013486599372152876	0.6825666068809423	0.9328634956362108	0.5609124148234467	0.3647002247855101	0.0	0.4922939800639232	0.013486599372152876	0.6825666068809423	0.9328634956362108	0.5609124148234467
86000	-33.24891478453533	-18.316079477866314	-14.932835306669013	0.0	0	1	1	0	1	1	2.1302221836117434	1.5275487772011385	0.03361507547416783	0.3789654550909034	1.1588748800784567	2.3160721571341085	0.1924366967376229	0.0	1.5275487772011385	0.03361507547416783	0.0	1.1588748800784567	2.3160721571341085
87000	-31.70206748219966	-20.25336898763361	-11.448698494566047	0.0	1	0	1	1	0	1	0.2748488803031416	0.13348428994350073	0.7733202528072111	0.803045354851329	0.9085428543279325	0.11643935368408079	0.5511138869293127	0.2748488803031416	0.0	0.7733202528072111	0.803045354851329	0.0	0.11643935368408079
88000	-32.68608130672861	-19.23920644326419	-13.446874863464416	0.0	1	1	1	1	1	0	0.2728685310833232	0.6877198364671082	0.39049448552615273	0.30654064877353315	0.8806551941107414	1.0059032443292317	0.5501982005720998	0.2728685310833232	0.6877198364671082	0.39049448552615273	0.30654064877353315	0.8806551941107414	0.0
89000	-37.613754708038314	-16.944383662457117	-20.669371045581194	0.0	0	1	1	1	1	1	2.4139085348703864	1.8921963334931373	0.07935287990697595	3.1783102085565034	1.0892063895287227	1.9570413687676829	0.6435529810419615	0.0	1.8921963334931373	0.07935287990697595	3.1783102085565034	1.0892063895287227	1.9570413687676829
90000	-34.834087117668204	-20.657152320853413	-14.176934796814795	0.0	0	1	0	0	1	1	1.9598288781108553	0.8791013834107919	1.6458103548643361	0.4958823072300743	0.7630574905529467	0.32585628977648584	1.1417669087633509	0.0	0.8791013834107919	0.0	0.0	0.7630574905529467	0.32585628977648584
91000	-31.438084714645992	-18.783841115984877	-12.654243598661115	0.0	1	0	0	1	1	0	0.3058846388561549	1.9887875917664781	0.09495530051558894	1.4421567150569476	0.39648969255269284	0.60794759700198	0.8548737063878096	0.3058846388561549	0.0	0.0	1.4421567150569476	0.39648969255269284	0.0
92000	-37.05257342315437	-17.95192053696562	-19.100652886188747	0.0	0	1	1	0	1	1	2.8848104373612546	1.1364252952363456	0.9073502114866434	4.224679720325079	0.21072435132693346	1.6990008567031678	0.3688413780914089	0.0	1.1364252952363456	0.9073502114866434	0.0	0.21072435132693346	1.6990008567031678
93000	-34.683063373305394	-20.092723355161255	-14.590340018144142	0.0	1	1	1	0	1	1	0.381988553468849	0.8972925676864312	0.08786020459078778	0.45542480312361266	2.8619409079560874	0.4202609911071953	0.36246503977163136	0.381988553468849	0.8972925676864312	0.08786020459078778	0.0	2.8619409079560874	0.4202609911071953
94000	-30.99189985192031	-18.13746274757292	-12.854437104347392	0.0	0	1	1	0	0	1	0.2829149251169263	0.5184037124281788	1.6039033601601127	0.06759870763644575	0.9362969385096506	2.0578088608572886	0.5557456735792135	0.0	0.5184037124281788	1.6039033601601127	0.0	0.0	2.0578088608572886
95000	-31.356583553871257	-19.39316621483232	-11.963417339038937	0.0	0	1	0	0	1	1	0.23728182047386998	1.5389292435854882	0.7147101687531613	0.2670609519498145	1.6227654686382325	1.556608439169519	0.14229643694509406	0.0	1.5389292435854882	0.0	0.0	1.6227654686382325	1.556608439169519
96000	-39.88303586476709	-20.155133169384325	-19.727902695382763	0.0	1	1	0	1	0	1	0.8359728589800388	0.5570899057478736	4.244213121501891	3.0219701827295538	1.4872887042941392	1.0369844281880176	0.6123791453900409	0.8359728589800388	0.5570899057478736	0.0	3.0219701827295538	0.0	1.0369844281880176
97000	-32.93147733793059	-23.058198376965205	-9.873278960965383	0.0	0	1	0	0	0	1	1.15232705419146	0.2395489520134478	0.03046055227741373	0.745515664233191	0.7780166997486064	0.8870236584940672	0.2083622557371063	0.0	0.2395489520134478	0.0	0.0	0.0	0.8870236584940672
98000	-34.00750786127769	-18.323516630482256	-15.683991230795431	0.0	0	1	0	0	1	1	0.9374664711205308	2.1174476434240526	0.6004797074868238	1.9524356501404507	0.3038836791155428	3.050212485529872	0.28556512229897113	0.0	2.1174476434240526	0.0	0.0	0.3038836791155428	3.050212485529872
99000	-32.67508932645191	-17.572372550894816	-15.102716775557095	0.0	0	1	0	0	1	1	0.61176299911433	2.1653612807013682	1.150041893479081	0.8885405718335738	1.7685531010594617	1.6617632235025979	0.3267488235514638	0.0	2.1653612807013682	0.0	0.0	1.7685531010594617	1.6617632235025979
100000	-30.446734909204043	-19.568259351701737	-10.878475557502306	0.0	0	1	0	0	1	1	0.5362482237496922	0.6875208044551451	0.005399489370021028	0.9551599863521474	0.8249642282876352	0.12865664191572446	0.791115611006902	0.0	0.6875208044551451	0.0	0.0	0.8249642282876352	0.12865664191572446
101000	-35.986019467884205	-18.35946571241304	-17.626553755471164	0.0	0	1	1	0	1	1	0.24338339412940138	2.041800135955577	1.3335646400092984	3.0557683464079646	1.2108098515363945	2.1338870653904536	0.2397851761640685	0.0	2.041800135955577	1.3335646400092984	0.0	1.2108098515363945	2.1338870653904536
102000	-30.734638186148935	-17.684596306042426	-13.05004188010651	0.0	0	1	1	1	0	1	1.8960338038100804	0.47923115007879424	0.7297182479559379	0.16845974652432233	0.15516704460068767	1.1478922333265995	0.5704803898611448	0.0	0.47923115007879424	0.7297182479559379	0.16845974652432233	0.0	1.1478922333265995
103000	-33.48834043726743	-20.0177202450628	-13.470620192204631	0.0	1	1	1	1	0	1	0.03607703085874669	0.6909286580298392	0.8682602139704492	0.168279195776423	1.801183135869252	0.7933281106665526	0.24955005865064703	0.03607703085874669	0.6909286580298392	0.8682602139704492	0.168279195776423	0.0	0.7933281106665526
104000	-32.02987171322723	-17.68550804879307	-14.34436366443416	0.0	0	1	1	0	1	1	1.1598872183337976	1.697864248638332	0.3257941150388453	0.682146090478343	0.6677367880271325	1.7302768144125797	0.38505641878418806	0.0	1.697864248638332	0.3257941150388453	0.0	0.6677367880271325	1.7302768144125797
105000	-31.894486376692186	-17.564649331147685	-14.329837045544501	0.0	0	1	1	0	1	1	2.879071411485219	0.5373840552452558	0.8797463659033294	0.2504170429921543	0.4456064510745781	0.7259998800572227	0.6549799381259762	0.0	0.5373840552452558	0.8797463659033294	0.0	0.4456064510745781	0.7259998800572227
106000	-39.14515290845502	-18.090433660299155	-21.054719248155862	0.0	1	1	1	0	1	1	0.04088329169069782	1.6198916032992163	0.3831732950048723	6.953103444870457	0.3608261248610541	2.036819831715344	0.4315930460481909	0.04088329169069782	1.6198916032992163	0.3831732950048723	0.0	0.3608261248610541	2.036819831715344
107000	-32.953857550433725	-18.94375459506779	-14.010102955365932	0.0	0	1	1	1	0	1	1.2278005129976084	0.5823491076269911	1.6412334365780161	0.718167999526241	0.4799760886074871	0.4383860859496575	0.8935966731981597	0.0	0.5823491076269911	1.6412334365780161	0.718167999526241	0.0	0.4383860859496575
108000	-29.15842132119795	-18.975973633402855	-10.182447687795094	0.0	1	1	1	1	0	0	0.17849215039065475	0.19444019761392128	0.38346810159536504	0.7072081861598758	0.6561933574474565	0.29472784136605185	0.2815865469197418	0.17849215039065475	0.19444019761392128	0.38346810159536504	0.7072081861598758	0.0	0.0
109000	-28.31638377557467	-17.5304720848635	-10.78591169071117	0.0	0	1	1	1	0	1	0.19019455168228416	0.0877440910435691	0.0661957442457543	0.33405717818914804	0.08480962151567063	0.6618581423285067	1.3858427614214468	0.0	0.0877440910435691	0.0661957442457543	0.33405717818914804	0.0	0.6618581423285067
110000	-33.92724730598966	-20.089326491418074	-13.837920814571586	0.0	1	1	1	0	0	1	0.0336355332871208	0.6872564247688007	1.7346518319332667	0.013771674056925932	1.635180088392996	2.031015394782746	0.26371900872248455	0.0336355332871208	0.6872564247688007	1.7346518319332667	0.0	0.0	2.031015394782746
111000	-28.14403116605496	-18.41890916688623	-9.72512199916873	0.0	0	1	1	0	0	1	0.13889619230295683	0.4184136064427387	0.4026462724516076	0.4509972020602242	0.25874415561718633	0.5847027006739489	0.6039896368603017	0.0	0.4184136064427387	0.4026462724516076	0.0	0.0	0.5847027006739489
112000	-32.84253520903503	-19.794781304449483	-13.047753904585544	0.0	0	1	0	1	0	1	0.723008872662797	0.35695578397688016	0.9358107737861924	0.2774848834643495	1.820467726316476	1.058981614451388	0.9050433043483902	0.0	0.35695578397688016	0.0	0.2774848834643495	0.0	1.058981614451388
113000	-31.975916054623713	-19.516146820790414	-12.459769233833299	0.0	0	1	0	0	1	1	0.9902878277573472	0.4763748482815696	1.4953043524218361	1.8946934233818855	0.06506948369403562	0.3312360673768927	0.46382833697232917	0.0	0.4763748482815696	0.0	0.0	0.06506948369403562	0.3312360673768927
114000	-38.222022469072996	-16.92981942557642	-21.292203043496578	0.0	0	1	1	1	1	1	5.948592484964738	0.713588948800753	0.1222952634864392	2.2092491763114666	0.257237878100428	1.68788091160373	0.8635756138957215	0.0	0.713588948800753	0.1222952634864392	2.2092491763114666	0.257237878100428	1.68788091160373
115000	-29.99554924342178	-18.948527100947743	-11.047022142474038	0.0	0	1	1	0	1	1	0.8781502527051963	0.8387855038846946	0.16957761034201926	0.6801000149194021	0.5660832016201031	0.27528119678523283	0.2475150681344022	0.0	0.8387855038846946	0.16957761034201926	0.0	0.5660832016201031	0.27528119678523283
116000	-36.25308711860379	-19.361403357091206	-16.891683761512585	0.0	1	1	1	1	1	0	0.272245215003957	1.2171796415185356	2.1907174695831086	1.0289193109783004	1.6438314027736094	0.3066408213190412	0.7649805010018458	0.272245215003957	1.2171796415185356	2.1907174695831086	1.0289193109783004	1.6438314027736094	0.0
117000	-30.609409833912814	-19.46762872773925	-11.141781106173562	0.0	1	1	0	1	1	0	0.015675766665033574	0.047052691528948996	0.6317090669825751	0.6014974502265883	0.6728677863034473	0.15303741304372698	0.9853645965287279	0.015675766665033574	0.047052691528948996	0.0	0.6014974502265883	0.6728677863034473	0.0
118000	-32.33694044041749	-20.182508214744736	-12.15443222567276	0.0	1	1	0	1	0	1	0.2340473466990253	0.7787109997373739	1.841674723664117	0.1749646275775038	0.4076667354298774	0.7548081433512193	0.3421385833282892	0.2340473466990253	0.7787109997373739	0.0	0.1749646275775038	0.0	0.7548081433512193
119000	-35.6340110363577	-18.57226981617219	-17.061741220185507	0.0	0	1	0	1	1	1	0.9947959139680549	0.7626580095643395	0.07221746198687229	3.9766252412163676	0.16420043916768293	1.592123402481246	1.5909157042101327	0.0	0.7626580095643395	0.0	3.9766252412163676	0.16420043916768293	1.592123402481246
120000	-32.801506930021866	-17.603869315989296	-15.197637614032567	0.0	0	1	0	0	1	1	1.8518851459118193	1.1000402201838406	0.03873984166915439	1.5884027610177562	0.8685076255451855	2.4483464674661426	0.5100330859361976	0.0	1.1000402201838406	0.0	0.0	0.8685076255451855	2.4483464674661426
121000	-30.624805743844295	-17.861632198393444	-12.76317354545085	0.0	0	1	0	0	1	1	0.8231957411859002	0.19288336937365216	3.303851270358018	0.3692017902611458	0.3759164479881396	0.19438665491807255	0.6242720112131428	0.0	0.19288336937365216	0.0	0.0	0.3759164479881396	0.19438665491807255
122000	-30.189190760050288	-17.90715229730869	-12.282038462741596	0.0	0	1	0	0	1	1	0.5868478356356241	1.2694941728303633	0.48651391994170007	0.5750311249748754	0.880000053920748	1.9964881014492755	0.22585493105960633	0.0	1.2694941728303633	0.0	0.0	0.880000053920748	1.9964881014492755
123000	-30.13892406234021	-16.814050555688684	-13.324873506651524	0.0	0	1	0	1	1	1	1.0871425649519058	0.8277349973242848	0.12851663141594774	1.0481957895264191	0.9871905652317844	0.848486043550892	0.5287479331594103	0.0	0.8277349973242848	0.0	1.0481957895264191	0.9871905652317844	0.848486043550892
124000	-26.08437258345731	-17.3911010642604	-8.693271519196909	0.0	0	1	0	0	1	1	0.14887439914558118	0.10491027208683261	0.8683110298662108	0.028789431824128412	0.16320628498276044	0.1461946907334448	0.4761393602570358	0.0	0.10491027208683261	0.0	0.0	0.16320628498276044	0.1461946907334448
125000	-29.155541022889068	-16.642965571042737	-12.512575451846331	0.0	0	1	0	1	1	1	1.114021430602367	0.4230063360697498	0.16068818859153014	0.7102479312611283	0.5724304484346417	1.0033151555988056	0.6029462083078296	0.0	0.4230063360697498	0.0	0.7102479312611283	0.5724304484346417	1.0033151555988056
126000	-30.941423683268887	-18.976619614581995	-11.964804068686892	0.0	0	1	1	0	0	1	0.4566199693361659	0.6979246270773252	0.6042882923112051	0.9469488973095183	0.910530368315494	1.545811738480017	0.3095567277634678	0.0	0.6979246270773252	0.6042882923112051	0.0	0.0	1.545811738480017
127000	-33.262921091580736	-20.51183656219004	-12.751084529390692	0.0	1	1	1	0	0	1	0.17702323232465905	1.033143280113589	1.6906285166051807	0.2950872579597293	0.8906652570388467	0.3486786344235445	0.48722352107226063	0.17702323232465905	1.033143280113589	1.6906285166051807	0.0	0.0	0.3486786344235445
128000	-27.766891773675745	-18.649297274692955	-9.11759449898279	0.0	0	1	0	0	1	1	0.3638901023759393	0.13440756889792063	0.5724257517086511	0.5163418727429767	0.3967143922293482	0.4828455999463373	0.26595368652809054	0.0	0.13440756889792063	0.0	0.0	0.3967143922293482	0.4828455999463373
129000	-36.493887397185574	-20.08978073221591	-16.404106664969664	0.0	0	1	1	1	1	1	1.7158112905277922	2.628664431792669	0.39913126430949897	1.2618602704788406	0.7830129177261338	0.424200642248774	0.27004266353753537	0.0	2.628664431792669	0.39913126430949897	1.2618602704788406	0.7830129177261338	0.424200642248774
130000	-30.918662305080876	-17.370004782182246	-13.54865752289863	0.0	0	1	0	1	1	1	0.3931904974436891	0.7959968349467519	0.5062289808554479	0.7733210005713406	1.81072833760588	1.0902291617742224	0.42485704528252444	0.0	0.7959968349467519	0.0	0.7733210005713406	1.81072833760588	1.0902291617742224
131000	-29.195263287337994	-17.796391566127618	-11.398871721210377	0.0	1	1	0	0	1	1	0.03599124390199475	0.9996856241284829	0.004343091001059092	0.31710942281825744	1.000772131755956	0.7348244663360946	0.4825118006287152	0.03599124390199475	0.9996856241284829	0.0	0.0	1.000772131755956	0.7348244663360946
132000	-33.422744830721456	-19.258787078592672	-14.163957752128782	0.0	0	1	0	1	1	1	0.7739606324474432	0.5998053592665318	0.6869336652362483	0.5204537173994074	2.8932452707392886	0.5863606987017889	0.39383957459976376	0.0	0.5998053592665318	0.0	0.5204537173994074	2.8932452707392886	0.5863606987017889
133000	-33.6801722694708	-18.25874228302191	-15.421429986448896	0.0	1	1	1	1	1	1	0.5265848518801316	0.7250362274821136	0.15867217763589594	0.9932339880574937	0.4952445730835752	0.94553448261293	0.50859533289209	0.5265848518801316	0.7250362274821136	0.15867217763589594	0.9932339880574937	0.4952445730835752	0.94553448261293
134000	-33.131072389574236	-18.08716916230049	-15.043903227273745	0.0	0	1	0	1	1	1	0.6821318821931869	2.3628714674269085	0.297801763666996	0.7926242107821516	1.373649105793835	1.08599010674898	0.5565533556203627	0.0	2.3628714674269085	0.0	0.7926242107821516	1.373649105793835	1.08599010674898
135000	-30.534123237431704	-20.7937140810358	-9.740409156395902	0.0	1	1	0	1	0	0	0.8932371339804385	0.9855117873502243	0.0860603072626611	0.4541725639826631	0.07158240127933085	0.9501154521184552	0.18713116578742078	0.8932371339804385	0.9855117873502243	0.0	0.4541725639826631	0.0	0.0
136000	-32.082576072560975	-16.630883585042163	-15.451692487518812	0.0	0	1	0	1	1	1	0.7652459013459278	0.7946381643611468	0.04693305732011442	2.251764067058806	1.4196775636002346	1.2047637693318223	0.9361153731129768	0.0	0.7946381643611468	0.0	2.251764067058806	1.4196775636002346	1.2047637693318223
137000	-30.99585734453308	-18.00549123638678	-12.990366108146299	0.0	0	1	1	0	0	1	0.5518520169778615	0.4220307101298469	1.1254219794573546	0.829823657828712	1.7245212649640136	0.9925860997930654	0.5321422020934347	0.0	0.4220307101298469	1.1254219794573546	0.0	0.0	0.9925860997930654
138000	-28.705569084308983	-19.33461582153415	-9.370953262774833	0.0	0	1	0	0	1	1	0.473118398604794	0.08444594185822638	0.4872892586357879	0.04326262803211428	0.1110106032367806	0.2746592974966113	0.9252903270864274	0.0	0.08444594185822638	0.0	0.0	0.1110106032367806	0.2746592974966113
139000	-31.7289175184293	-16.929385299498147	-14.799532218931152	0.0	0	1	0	1	1	1	0.01964406721578555	0.31314439609224437	1.973429126606066	2.0600563883555303	0.6172990188159192	0.7935134699131067	0.9878358848698973	0.0	0.31314439609224437	0.0	2.0600563883555303	0.6172990188159192	0.7935134699131067
140000	-28.4405651798629	-17.481677248526683	-10.958887931336218	0.0	0	1	0	1	1	1	0.28158749997446825	0.27575385749609876	0.21004042028405603	0.5510802469636518	0.4085393917974143	1.0725672511795452	0.4165880802222624	0.0	0.27575385749609876	0.0	0.5510802469636518	0.4085393917974143	1.0725672511795452
141000	-32.806750361406245	-19.038894088891162	-13.767856272515079	0.0	0	1	0	0	1	1	0.24602567435400616	1.188916620837554	2.132420420115448	1.77678707749863	0.4446135218724489	0.6526424013713122	0.5228123320572392	0.0	1.188916620837554	0.0	0.0	0.4446135218724489	0.6526424013713122
142000	-33.06453369494015	-18.00855858126288	-15.05597511367727	0.0	0	1	1	0	1	1	1.343423407139511	1.0320200521141045	0.6779228496368015	0.18514015922148877	1.6215183481806654	1.359063370689514	0.8205209866583291	0.0	1.0320200521141045	0.6779228496368015	0.0	1.6215183481806654	1.359063370689514
143000	-32.20395856234928	-17.78144764985335	-14.422510912495925	0.0	0	1	0	1	1	1	0.14698908419051263	1.593373983124721	1.9351324091114266	1.1153447972037398	0.6375734432746959	1.0825373282599324	0.3251160112383131	0.0	1.593373983124721	0.0	1.1153447972037398	0.6375734432746959	1.0825373282599324
144000	-30.932898272116148	-19.55130672823432	-11.381591543881829	0.0	0	1	0	1	0	1	1.2508312230635965	0.41893490963290336	0.2986320620781184	0.48059305225501714	0.004774178483636767	1.1173335710988168	0.8484601458822665	0.0	0.41893490963290336	0.0	0.48059305225501714	0.0	1.1173335710988168
145000	-30.983635031994282	-19.053097832704964	-11.930537199289319	0.0	0	1	1	1	0	1	0.055393468220365796	1.0637633019216923	0.3192746928883972	0.3232818930211805	1.0960637621133045	0.9506631604969346	0.4013579045057243	0.0	1.0637633019216923	0.3192746928883972	0.3232818930211805	0.0	0.9506631604969346
146000	-32.14197224585362	-17.36066923929559	-14.781303006558034	0.0	0	1	0	1	1	1	0.02019297869448024	1.093095853722646	0.12241894082449079	0.985845786954852	2.0004677518962377	1.4628393523811904	1.0637027850158538	0.0	1.093095853722646	0.0	0.985845786954852	2.0004677518962377	1.4628393523811904
147000	-31.580965579107442	-20.686733199294576	-10.894232379812866	0.0	1	1	1	0	1	1	0.17783932031336655	0.21063166823135038	0.1588478155797268	0.6086043261377644	0.22731593244837944	0.06820999210793346	0.3472731819168287	0.17783932031336655	0.21063166823135038	0.1588478155797268	0.0	0.22731593244837944	0.06820999210793346
148000	-32.187516405707264	-20.525973527190633	-11.66154287851663	0.0	1	1	0	1	1	0	0.9232996677234981	1.2995384818232798	0.2867922074734602	0.3858511700390222	0.8272521571368723	0.06225626279523042	0.31392412029782346	0.9232996677234981	1.2995384818232798	0.0	0.3858511700390222	0.8272521571368723	0.0
149000	-32.825787437581084	-20.307075612784537	-12.518711824796547	0.0	0	1	1	0	0	1	1.6612955428964267	0.6553477270691995	1.2376298235524523	0.13234303069373635	1.5940242310271293	0.3980705682405111	0.32133611293200437	0.0	0.6553477270691995	1.2376298235524523	0.0	0.0	0.3980705682405111
150000	-33.37955250631169	-17.813028038477146	-15.566524467834544	0.0	0	1	0	0	1	1	0.7512393089223024	1.7355631195931547	1.8398798128047853	0.5052779748300387	2.5613937259883905	1.332500492885606	0.3215513470954977	0.0	1.7355631195931547	0.0	0.0	2.5613937259883905	1.332500492885606
151000	-33.5346657330479	-20.499694348556663	-13.034971384491236	0.0	1	1	1	0	0	1	0.3657677481340633	0.7776493623433829	1.7878842680493008	0.9066408158792599	0.4189719706707821	0.34364920502282276	0.5485782377194139	0.3657677481340633	0.7776493623433829	1.7878842680493008	0.0	0.0	0.34364920502282276
152000	-39.94181861921578	-18.616957927832352	-21.324860691383424	0.0	1	1	1	1	1	1	1.1080601911804695	0.6428948666654142	0.1623620435308053	2.4708347067469605	4.989936655906284	0.2510486921551317	0.5749647949445715	1.1080601911804695	0.6428948666654142	0.1623620435308053	2.4708347067469605	4.989936655906284	0.2510486921551317
153000	-37.29999135613801	-22.434940586213333	-14.865050769924673	0.0	1	0	0	1	0	0	1.242941724379906	0.41640313489350056	2.8989926104887425	2.156631594549738	1.18691977415136	0.1731087143893614	0.4411841572134277	1.242941724379906	0.0	0.0	2.156631594549738	0.0	0.0
154000	-34.33610692301899	-22.70615765242962	-11.629949270589368	0.0	1	1	0	0	0	0	1.1799091761262672	2.215602550043871	0.6689872468608413	0.5823759875033978	0.37915344729172934	0.29154019267288966	0.27354864961150666	1.1799091761262672	2.215602550043871	0.0	0.0	0.0	0.0
155000	-33.72377303768893	-18.552241014150884	-15.171532023538049	0.0	1	1	0	0	1	1	0.44248037614938324	1.4855856544630917	1.6888312943637789	0.7856083223806857	1.4245450327004319	1.6958825590085558	0.2498930602569677	0.44248037614938324	1.4855856544630917	0.0	0.0	1.4245450327004319	1.6958825590085558
156000	-31.8770931888672	-18.947873688090674	-12.929219500776526	0.0	0	1	0	0	1	1	0.19626126203950395	1.7822567145151553	1.6943969681640474	0.7418804943506793	0.18718219525150084	1.916535525361013	0.20911319471416964	0.0	1.7822567145151553	0.0	0.0	0.18718219525150084	1.916535525361013
157000	-31.545828628322994	-19.88561335850718	-11.660215269815815	0.0	1	1	0	0	1	1	0.04815587063658276	0.14179333531094976	0.5657385023057404	0.7295566688958356	1.034978671004136	0.9069448567320442	0.44848170718577485	0.04815587063658276	0.14179333531094976	0.0	0.0	1.034978671004136	0.9069448567320442
158000	-34.233978541815404	-18.76935655058766	-15.464621991227745	0.0	1	0	0	1	1	0	0.5475508924834476	0.8923400361613764	0.8619454241811696	1.383617152360841	1.8038839310329047	1.8096222532995931	1.2102548501143382	0.5475508924834476	0.0	0.0	1.383617152360841	1.8038839310329047	0.0
159000	-29.700003193539047	-16.96044087036737	-12.739562323171674	0.0	0	1	0	1	1	1	0.6049162115884795	0.4078040347373966	0.16921392992918244	1.732060685005618	0.5293180708682295	0.5483523918640828	0.7506431927259588	0.0	0.4078040347373966	0.0	1.732060685005618	0.5293180708682295	0.5483523918640828
160000	-29.40137729027401	-19.046651057067443	-10.354726233206566	0.0	0	1	1	0	0	1	1.2184094117412836	0.3008375103311927	0.3631879895880393	0.8039218241786078	0.4529596026830672	0.303876142990788	0.345180767099108	0.0	0.3008375103311927	0.3631879895880393	0.0	0.0	0.303876142990788
161000	-34.7812529511353	-17.49452525440601	-17.286727696729287	0.0	0	1	0	0	1	1	0.03577274454126194	1.7315474720937987	4.729069192920335	0.06495278449638678	1.7930920344243622	1.6743224749635166	0.48819216715023556	0.0	1.7315474720937987	0.0	0.0	1.7930920344243622	1.6743224749635166
162000	-32.2589931648821	-19.107216254892858	-13.151776909989238	0.0	0	1	1	1	0	1	0.3879223816931499	0.02735801000341819	0.01683405123915547	0.6597773592916018	0.8433406221850314	0.29350541540169706	6.58408425597112	0.0	0.02735801000341819	0.01683405123915547	0.6597773592916018	0.0	0.29350541540169706
163000	-34.54034077881545	-18.037902619856485	-16.50243815895896	0.0	0	1	0	1	1	1	1.6937224466240572	0.480828580459856	1.2455560461301636	1.5652196017743532	0.7301074567444614	1.0323146975663244	2.053757131073253	0.0	0.480828580459856	0.0	1.5652196017743532	0.7301074567444614	1.0323146975663244
164000	-43.06784505405718	-17.58664480661214	-25.48120024744504	0.0	0	1	1	1	0	1	1.0560005848390706	1.0679589849098763	3.708492495086818	3.377505594388206	0.7168182161116183	6.046273567090947	1.6053381511741058	0.0	1.0679589849098763	3.708492495086818	3.377505594388206	0.0	6.046273567090947
165000	-31.37795157966886	-18.745880360153027	-12.632071219515835	0.0	1	0	0	1	1	0	0.20736568388488288	0.08160648397329673	1.6063091823264348	1.1897565243688992	1.0001867755087728	0.7859708290268508	0.8073826817245777	0.20736568388488288	0.0	0.0	1.1897565243688992	1.0001867755087728	0.0
166000	-31.719062765952618	-18.192942586565223	-13.526120179387394	0.0	0	1	1	0	0	1	0.1548858307753789	0.47715069606539484	3.39912370912686	0.14820842988309876	0.013102099268431214	1.4638850987724943	0.9002768653855843	0.0	0.47715069606539484	3.39912370912686	0.0	0.0	1.4638850987724943
167000	-32.62193881340258	-19.5543461121783	-13.067592701224276	0.0	0	1	1	0	0	1	1.004773618503401	1.5661900161192377	1.4528054354571462	0.3010806006088044	0.3330282039713301	0.9841919482099901	0.5772869947753502	0.0	1.5661900161192377	1.4528054354571462	0.0	0.0	0.9841919482099901
168000	-36.38690426084215	-19.49200232465262	-16.89490193618953	0.0	0	1	1	0	0	1	5.1895319773123205	0.4993185438195603	0.059540178674541366	2.424688978993296	0.2006518006493454	1.4621734145161047	0.40006386857913084	0.0	0.4993185438195603	0.059540178674541366	0.0	0.0	1.4621734145161047
169000	-36.360490318098925	-19.975153269065633	-16.38533704903329	0.0	1	1	1	1	1	1	0.7265932864660282	0.39731777846994776	0.3977655770710311	0.40492395270246023	1.616568376347687	1.316927410818731	0.48286807325475667	0.7265932864660282	0.39731777846994776	0.3977655770710311	0.40492395270246023	1.616568376347687	1.316927410818731
170000	-34.21569856894051	-17.02418642523704	-17.191512143703473	0.0	0	1	1	1	0	1	1.7294888643023552	0.7239549773343209	0.9476455889116008	2.268362975980816	0.5613181631244282	2.162226024510212	0.7896269558143787	0.0	0.7239549773343209	0.9476455889116008	2.268362975980816	0.0	2.162226024510212
171000	-35.26979064769578	-20.868465421138023	-14.401325226557756	0.0	0	1	1	0	0	1	1.0789150669681147	2.826861436846526	1.742757671974754	0.49541193609477546	0.3942314693479441	1.3756552847227357	0.22581630734492777	0.0	2.826861436846526	1.742757671974754	0.0	0.0	1.3756552847227357
172000	-35.68958785399008	-18.877275795098402	-16.81231205889168	0.0	0	1	1	0	1	1	1.040089167761719	0.7158165162289856	0.3178930648280388	0.8295145423376736	2.2337105516264715	2.889473513452489	0.7796593108337472	0.0	0.7158165162289856	0.3178930648280388	0.0	2.2337105516264715	2.889473513452489
173000	-36.056505197336506	-17.65073538516529	-18.40576981217122	0.0	0	1	0	1	1	1	2.0819621311618515	0.8606285546356013	3.737012491998944	0.28526900313072395	2.0348132074895267	0.7810213136980931	0.6638528149000307	0.0	0.8606285546356013	0.0	0.28526900313072395	2.0348132074895267	0.7810213136980931
174000	-34.14085899461473	-18.45183400298839	-15.68902499162634	0.0	0	1	0	1	1	1	0.5869740044344682	0.7674726353272717	1.023415259840474	1.2063243906044476	1.5358809750280316	0.8030884120105384	2.0768222276293966	0.0	0.7674726353272717	0.0	1.2063243906044476	1.5358809750280316	0.8030884120105384
175000	-33.74743504066895	-17.43843530106523	-16.308999739603713	0.0	0	1	0	1	1	1	2.4339685672695834	0.4516540295629206	1.0423767553080951	1.5944654825335567	1.4532894081186165	0.8785623236922577	0.5598193323056309	0.0	0.4516540295629206	0.0	1.5944654825335567	1.4532894081186165	0.8785623236922577
176000	-34.350803846196655	-19.715451416843553	-14.635352429353098	0.0	1	1	1	1	1	1	0.033521576928274045	0.24804008675914788	0.8198486053819796	1.2986432803637595	0.05944901012786526	0.1184601598389651	0.8222836801915515	0.033521576928274045	0.24804008675914788	0.8198486053819796	1.2986432803637595	0.05944901012786526	0.1184601598389651
177000	-38.015190623159924	-18.67940950247651	-19.33578112068341	0.0	1	1	1	1	1	0	0.8497745685477425	1.7759254587226212	1.7035956753582453	2.6865484626985454	1.9807798265829346	0.05496103965250675	0.8058581328146031	0.8497745685477425	1.7759254587226212	1.7035956753582453	2.6865484626985454	1.9807798265829346	0.0
178000	-34.029356577573616	-21.22534513143445	-12.804011446139164	0.0	0	1	0	0	0	1	2.4109011796947795	0.05946108216077099	0.25461266034393387	0.7521193423215853	1.193893909981039	0.45768297881332726	1.0695642678564365	0.0	0.05946108216077099	0.0	0.0	0.0	0.45768297881332726
179000	-27.75969403258027	-17.430166926555724	-10.329527106024548	0.0	0	1	0	0	1	1	0.30836335101521345	0.7170404097778948	0.28781605460657045	0.7931674825160312	0.5839264276545485	0.8689541761367038	0.29967478319118895	0.0	0.7170404097778948	0.0	0.0	0.5839264276545485	0.8689541761367038
180000	-32.16390303075745	-19.85896342107378	-12.30493960968367	0.0	0	1	0	1	1	1	0.9885805587882905	1.146475990547917	0.3026799462329964	0.2683965683499992	1.1503615016069957	0.12075647193250512	0.4930246879086261	0.0	1.146475990547917	0.0	0.2683965683499992	1.1503615016069957	0.12075647193250512
181000	-31.851540457610305	-19.146159718813607	-12.7053807387967	0.0	0	1	0	0	1	1	2.271206536233731	0.2956571575327295	0.14280566237715264	1.0643832477308959	1.1859434976274696	1.1239954159972207	0.2581963516933144	0.0	0.2956571575327295	0.0	0.0	1.1859434976274696	1.1239954159972207
182000	-34.32815106275938	-19.130198524709208	-15.197952538050174	0.0	0	1	1	1	1	1	0.12089709680166214	0.4383261121888889	1.1070435287219824	0.9435896149070588	1.347088671991004	0.4168576965528951	1.3827429810947167	0.0	0.4383261121888889	1.1070435287219824	0.9435896149070588	1.347088671991004	0.4168576965528951
183000	-29.12309804216774	-18.39003786358211	-10.733060178585632	0.0	0	1	0	1	1	1	0.09798328823289033	0.40722756039951585	0.6537512732867844	0.003996993414185732	0.13688217316694165	1.503052215559975	0.33122615594539473	0.0	0.40722756039951585	0.0	0.003996993414185732	0.13688217316694165	1.503052215559975
184000	-31.4499569228111	-20.251888095767583	-11.198068827043517	0.0	1	1	1	1	0	0	0.5754940607512714	1.0775591821674992	0.3424045557571268	0.640834855622218	1.06064883164566	0.11081729202803453	0.19297154893271834	0.5754940607512714	1.0775591821674992	0.3424045557571268	0.640834855622218	0.0	0.0
185000	-36.76327906420527	-22.57729986895184	-14.185979195253429	0.0	1	1	1	1	0	0	0.6396457066085511	0.015949701078976253	1.9361468060116478	0.5624667710320526	0.6921114198385847	0.22497465122883575	2.942138673119813	0.6396457066085511	0.015949701078976253	1.9361468060116478	0.5624667710320526	0.0	0.0
186000	-32.07400378632221	-18.321257762282684	-13.75274602403952	0.0	0	1	0	0	1	1	0.5292014523033899	1.8827973872529258	0.7773443284948998	0.25963342469711226	2.4093012745963764	1.3929478045802253	0.22900886330790593	0.0	1.8827973872529258	0.0	0.0	2.4093012745963764	1.3929478045802253
187000	-37.42571926671903	-19.0360910176383	-18.38962824908073	0.0	0	1	1	1	0	1	0.3163597246033014	0.7666572702946487	1.716299978776223	0.25589198211969133	4.732678338889013	1.1675387668283812	1.4909690295887759	0.0	0.7666572702946487	1.716299978776223	0.25589198211969133	0.0	1.1675387668283812
188000	-33.009216936678534	-20.175501005567664	-12.83371593111087	0.0	1	1	1	1	1	1	0.37056519241217073	0.521715007783701	0.06910794460323863	0.05663376231936004	0.27111712173019187	0.9697287261569548	0.18654943228923443	0.37056519241217073	0.521715007783701	0.06910794460323863	0.05663376231936004	0.27111712173019187	0.9697287261569548
189000	-38.38719677258911	-20.752756463063417	-17.634440309525694	0.0	1	1	1	0	1	1	0.38781005131259083	0.6638157887006804	3.230641766405721	0.11366462040659416	2.6787465072274506	0.5677452383578145	0.6016283663923905	0.38781005131259083	0.6638157887006804	3.230641766405721	0.0	2.6787465072274506	0.5677452383578145
190000	-32.13728537012217	-17.640669453612457	-14.496615916509715	0.0	0	1	0	1	1	1	0.6009858050167107	1.1070193207896935	0.8480147998851693	0.5000534774879829	1.0793199393966755	1.5366515495239859	0.8104756624932093	0.0	1.1070193207896935	0.0	0.5000534774879829	1.0793199393966755	1.5366515495239859
191000	-40.06763172649154	-19.587710603428796	-20.47992112306274	0.0	0	1	1	0	0	1	1.1983762549863626	1.2496194393800137	2.192160630553883	2.987300932400091	2.444734149257305	2.0437219350819613	1.4756658393067401	0.0	1.2496194393800137	2.192160630553883	0.0	0.0	2.0437219350819613
192000	-29.079100272078364	-18.426361880745095	-10.65273839133327	0.0	0	1	0	0	1	1	0.07701121247301085	1.1147452364781414	1.2380609403091871	0.39561519347254004	0.1682795219711384	0.9957487895624595	0.2692497775971182	0.0	1.1147452364781414	0.0	0.0	0.1682795219711384	0.9957487895624595
193000	-33.491995873359926	-18.664849446249853	-14.827146427110069	0.0	0	1	1	0	0	1	3.040319210270054	0.41761656713341455	2.2090105331018774	0.38918350577084126	0.23019116480230467	0.5468912984697496	1.0193060403054364	0.0	0.41761656713341455	2.2090105331018774	0.0	0.0	0.5468912984697496
194000	-32.300900760380856	-22.199329151622834	-10.101571608758018	0.0	1	1	0	0	0	0	0.6304021140093007	1.1545566029177945	0.35971603690959103	0.006765199997431955	0.06280375455058645	1.7168692164759485	0.2373300263195548	0.6304021140093007	1.1545566029177945	0.0	0.0	0.0	0.0
195000	-30.28714679798551	-18.06596389420829	-12.221182903777219	0.0	0	1	1	0	0	1	0.4267096373827958	0.3814387272679314	1.5263853956599822	0.15101480679569762	0.23803764948018313	1.7494237405134851	0.7971895284569308	0.0	0.3814387272679314	1.5263853956599822	0.0	0.0	1.7494237405134851
196000	-33.91029986793947	-20.69019349283548	-13.220106375103988	0.0	1	1	0	1	1	1	0.21243055112270467	0.09149671806165027	0.36692114684387334	0.8859554629093752	0.37119001735185836	0.03126162274775817	2.1392389137664747	0.21243055112270467	0.09149671806165027	0.0	0.8859554629093752	0.37119001735185836	0.03126162274775817
197000	-28.76728595196729	-17.356913100538453	-11.410372851428836	0.0	0	1	0	0	1	1	0.691387752712166	0.4622607743262683	1.537946083400285	0.4086285142279302	0.5434495901551556	0.8713498704808581	0.3396358817096156	0.0	0.4622607743262683	0.0	0.0	0.5434495901551556	0.8713498704808581
198000	-31.69489284369784	-18.38967019707035	-13.305222646627488	0.0	0	1	0	0	1	1	1.0394181885047467	1.2343275347905507	0.7671699261413221	0.9048158875292795	1.05608736133645	0.7724037495020655	0.6415312704703271	0.0	1.2343275347905507	0.0	0.0	1.05608736133645	0.7724037495020655
199000	-29.687135439996347	-19.64803695483782	-10.039098485158528	0.0	0	1	0	0	1	1	0.4290348029223702	0.2114070936834327	0.27074939447354585	0.4956893114080376	1.1548830525562022	0.21761914168330365	0.4890450936553566	0.0	0.2114070936834327	0.0	0.0	1.1548830525562022	0.21761914168330365
200000	-31.787630222334705	-18.43190563474874	-13.355724587585964	0.0	0	1	0	0	1	1	0.3346569477415894	1.1743868808766638	1.5763473054973747	1.3576845043654877	1.4834596911931452	0.40181561194977133	0.3876030030659589	0.0	1.1743868808766638	0.0	0.0	1.4834596911931452	0.40181561194977133
201000	-36.82250035596161	-20.213070845008705	-16.6094295109529	0.0	1	1	1	1	1	0	0.4856801022067121	0.14269285835469314	0.260324331349477	0.8255780558587366	1.7677264327332305	1.9160368688305227	2.0361155299375233	0.4856801022067121	0.14269285835469314	0.260324331349477	0.8255780558587366	1.7677264327332305	0.0
202000	-34.208720790884	-20.869872538535635	-13.338848252348363	0.0	1	1	1	0	0	1	0.046839321053240325	0.08552560808788605	0.49713020054378215	2.406417136524905	0.26400337089929027	1.4036551257149015	0.6706706889482545	0.046839321053240325	0.08552560808788605	0.49713020054378215	0.0	0.0	1.4036551257149015
203000	-34.33642617804065	-20.783583824610016	-13.55284235343063	0.0	0	1	0	0	1	1	0.007054095760180978	0.2906795899750876	1.995396680983714	0.31644125400264783	0.22300719088108106	2.976984958039553	0.7932965311327401	0.0	0.2906795899750876	0.0	0.0	0.22300719088108106	2.976984958039553
204000	-29.051936952681658	-18.88661972215676	-10.165317230524899	0.0	0	1	1	0	0	1	1.2235724493711808	0.2556569936611344	0.6038561161837511	0.4338824993495921	0.08139118046414026	0.6342190773913517	0.3525834109827514	0.0	0.2556569936611344	0.6038561161837511	0.0	0.0	0.6342190773913517
205000	-35.65999806343082	-18.686871626321516	-16.973126437109304	0.0	0	1	1	1	0	1	1.0773182281823357	0.19493365919913555	1.4578213655090038	0.34928384752747926	2.888161957604886	1.7769030881901033	1.2140960569473886	0.0	0.19493365919913555	1.4578213655090038	0.34928384752747926	0.0	1.7769030881901033
206000	-39.817876577487205	-21.657191603744288	-18.160684973742917	0.0	1	1	1	0	1	0	0.7334394255378663	2.435960484987693	0.35234033967087314	2.3653468520455396	2.4771241622594986	0.751105899395438	1.0107406427513133	0.7334394255378663	2.435960484987693	0.35234033967087314	0.0	2.4771241622594986	0.0
207000	-31.787279514759085	-19.715490140214396	-12.071789374544688	0.0	0	1	0	0	0	1	0.3044233505967382	0.9131381326874602	0.35271392429325726	0.3513272491826213	2.057002085770279	1.3611451334445386	0.41630388784991196	0.0	0.9131381326874602	0.0	0.0	0.0	1.3611451334445386
208000	-27.630622068884783	-18.444274692351545	-9.186347376533238	0.0	0	1	0	0	1	1	0.17256480306540284	0.5449846682503305	1.4515055120861435	0.05057155604808466	0.1398975600583675	0.3871921652510002	0.21525498094618845	0.0	0.5449846682503305	0.0	0.0	0.1398975600583675	0.3871921652510002
209000	-32.04439648036463	-19.777413733410807	-12.266982746953826	0.0	0	1	0	0	0	1	0.3664465896329375	0.45409258871537145	0.8046256561104048	0.5318015458538101	2.8628584248322313	0.6364672251743752	0.3687035335604494	0.0	0.45409258871537145	0.0	0.0	0.0	0.6364672251743752
210000	-34.19043313099894	-20.2965151277611	-13.89391800323784	0.0	0	1	0	0	0	1	0.2909045265790951	1.0217542039605905	0.032446461785847175	3.852709864746321	1.2857531010976258	0.8525828010812566	0.34968588371799614	0.0	1.0217542039605905	0.0	0.0	0.0	0.8525828010812566
211000	-31.572963380126218	-19.667969184640487	-11.904994195485733	0.0	0	1	0	0	0	1	0.15073749289198501	0.5741340645599755	2.185528435767845	0.7386754622321455	0.5315790393752929	0.935960443789592	0.4404458377659345	0.0	0.5741340645599755	0.0	0.0	0.0	0.935960443789592
212000	-36.84574120816774	-18.81954361693825	-18.02619759122949	0.0	0	1	1	0	0	1	0.7781247463467437	0.5065752398286739	2.599739246477507	0.425422362922816	2.543030721847738	3.704205878637336	0.6030100855766749	0.0	0.5065752398286739	2.599739246477507	0.0	0.0	3.704205878637336
213000	-35.81635645942998	-16.673033760203428	-19.14332269922655	0.0	0	1	0	1	1	1	0.014034419271252466	1.3740564733978404	1.6612322164953892	2.4347846134842763	1.7993474448335782	2.933128345698488	0.8976717452432691	0.0	1.3740564733978404	0.0	2.4347846134842763	1.7993474448335782	2.933128345698488
214000	-30.391333875493157	-19.656321996028257	-10.7350118794649	0.0	0	1	1	1	0	1	0.25724200161785205	0.8965171072284329	0.4120977394851273	0.5404724067205426	0.26695771993081824	0.4407930754631251	0.32817938123017704	0.0	0.8965171072284329	0.4120977394851273	0.5404724067205426	0.0	0.4407930754631251
215000	-31.32826039606009	-18.036212414787535	-13.292047981272557	0.0	0	1	0	0	1	1	0.678936293980267	1.1066155977469563	1.257468286324557	0.5508065806944898	0.5885034040986554	1.7069534975512932	0.5642916364117626	0.0	1.1066155977469563	0.0	0.0	0.5885034040986554	1.7069534975512932
216000	-37.241288648653786	-20.75727878367386	-16.484009864979924	0.0	1	1	0	1	1	0	0.6371233270463338	2.9882291780965753	0.7117483245371437	2.3046071252889675	0.08171060059909507	1.782891003141997	0.34736164921379087	0.6371233270463338	2.9882291780965753	0.0	2.3046071252889675	0.08171060059909507	0.0
217000	-31.16616870781386	-17.39418811532001	-13.771980592493852	0.0	0	1	1	1	1	1	0.09175247256460697	0.14430553135827387	0.318571590396253	1.0183845298308893	0.33308811488036355	1.1441718231787095	1.2481445574810364	0.0	0.14430553135827387	0.318571590396253	1.0183845298308893	0.33308811488036355	1.1441718231787095
218000	-26.38881518902659	-17.708098374428253	-8.680716814598338	0.0	0	1	0	0	1	1	0.2605603425035307	0.2682107158100557	0.11897004338019919	0.24983951122299514	0.2605301907659262	0.20828069280339026	0.516508375595511	0.0	0.2682107158100557	0.0	0.0	0.2605301907659262	0.20828069280339026
219000	-34.41771278734384	-16.85209402114289	-17.56561876620095	0.0	0	1	1	1	1	1	0.7389236290610982	0.9547182058715685	0.2221995155049932	2.340808606371056	0.9178076437857138	1.7777182262096636	1.1200959021217853	0.0	0.9547182058715685	0.2221995155049932	2.340808606371056	0.9178076437857138	1.7777182262096636
220000	-32.3893380148201	-17.762771240013656	-14.626566774806445	0.0	0	1	0	1	1	1	0.9775051929661902	0.643261820919161	0.8728590459509208	0.3961257697444144	1.0001427067110689	1.8318155361291717	0.8782396665660797	0.0	0.643261820919161	0.0	0.3961257697444144	1.0001427067110689	1.8318155361291717
221000	-31.468414711552807	-19.982639469096167	-11.48577524245664	0.0	0	1	0	0	0	1	0.7781453545069474	0.3337414453525942	0.5411588655497097	2.071389723663815	0.18705420793428593	0.9299628575849532	0.3813226984491389	0.0	0.3337414453525942	0.0	0.0	0.0	0.9299628575849532
222000	-28.379652702187535	-18.33583550845658	-10.043817193730955	0.0	0	1	0	0	1	1	0.5328803382684923	0.8672571965823849	0.07735867047921535	0.6445596326949616	0.8424501213903375	0.3588206465686793	0.28511538830506483	0.0	0.8672571965823849	0.0	0.0	0.8424501213903375	0.3588206465686793
223000	-33.7856660249095	-16.73282377793152	-17.052842246977985	0.0	0	1	0	1	1	1	1.5229722423994316	0.32489418927152974	2.283299309631497	1.9705355088939973	0.48226776447327696	1.1921472033173788	1.2738067413984835	0.0	0.32489418927152974	0.0	1.9705355088939973	0.48226776447327696	1.1921472033173788
224000	-27.591842738711435	-17.309454116127505	-10.28238862258393	0.0	0	1	0	1	1	1	0.21524537061057192	0.3541227327863492	0.25525409281295275	0.07970859426493826	0.4890511188891886	0.8422259552683156	0.372222267732588	0.0	0.3541227327863492	0.0	0.07970859426493826	0.4890511188891886	0.8422259552683156
225000	-37.34906521171723	-19.46488788137662	-17.884177330340616	0.0	0	1	0	0	1	1	0.40201435701848326	0.8304067471274705	0.013855667456157506	2.9551168925428493	3.720243822018678	2.119488642906159	0.8765434254972018	0.0	0.8304067471274705	0.0	0.0	3.720243822018678	2.119488642906159
226000	-33.62681864519009	-18.49164123785385	-15.135177407336238	0.0	1	1	0	1	1	1	0.5157988444786414	1.151260708212996	0.450257030780268	0.575877836913816	1.4618099056747962	0.9709528835080554	0.6120723842088027	0.5157988444786414	1.151260708212996	0.0	0.575877836913816	1.4618099056747962	0.9709528835080554
227000	-39.60808807345421	-21.36708399480495	-18.241004078649258	0.0	1	1	0	1	0	1	2.246472113449762	1.8974649745069083	0.8526936337464287	0.8766567943852936	4.757163831941748	0.3662134276552843	0.1667427416101302	2.246472113449762	1.8974649745069083	0.0	0.8766567943852936	0.0	0.3662134276552843
228000	-27.06125584631596	-17.29138733603633	-9.769868510279629	0.0	0	1	0	0	1	1	0.11172186896450875	0.5360894455744786	0.5447086872838718	0.12622243648772014	0.6121152531040832	0.8861884206947751	0.35974075401897576	0.0	0.5360894455744786	0.0	0.0	0.6121152531040832	0.8861884206947751
229000	-30.145401227323198	-17.71966736542149	-12.425733861901707	0.0	0	1	0	0	1	1	2.585100005403433	0.3865611161666935	0.7357566008438208	1.3732350805508113	0.31901280445554087	0.2722720596550362	0.2947782100125291	0.0	0.3865611161666935	0.0	0.0	0.31901280445554087	0.2722720596550362
230000	-35.670733788714514	-19.15989711424491	-16.5108366744696	0.0	0	1	0	0	1	1	0.9141169339565055	0.5722130718941348	2.2736134207754075	0.26664587078651525	3.038077433787161	1.8823091682621396	0.662970263753969	0.0	0.5722130718941348	0.0	0.0	3.038077433787161	1.8823091682621396
231000	-33.07346979124527	-18.179534600971394	-14.89393519027388	0.0	1	1	0	1	1	0	0.21626973184577972	0.10037080588666017	2.4898284074334462	1.1604134727524704	1.4004815056168984	0.8701821520468861	0.6849848145268539	0.21626973184577972	0.10037080588666017	0.0	1.1604134727524704	1.4004815056168984	0.0
232000	-28.404380547376263	-17.712005339213842	-10.692375208162423	0.0	0	1	0	0	1	1	0.3935369625396134	0.5459839667860709	0.2720182745223983	0.1795769161125027	0.4380301193942575	1.8148460035890035	0.3958374846477035	0.0	0.5459839667860709	0.0	0.0	0.4380301193942575	1.8148460035890035
233000	-30.913400670535303	-18.375183694337327	-12.538216976197974	0.0	0	1	0	0	1	1	0.4209225860323947	0.6097945765762479	2.3995831647386097	0.12261424233039384	0.5676708995803312	0.7663056389559697	0.7235879535082351	0.0	0.6097945765762479	0.0	0.0	0.5676708995803312	0.7663056389559697
234000	-36.898480473669515	-21.683034399802597	-15.215446073866918	0.0	1	1	1	0	1	1	1.5039552708173807	1.6867165530165311	0.3080673374995512	1.7272207533138906	0.7891978780391756	0.2166647574909487	0.2193394169413359	1.5039552708173807	1.6867165530165311	0.3080673374995512	0.0	0.7891978780391756	0.2166647574909487
235000	-30.932958543061112	-17.070380479209376	-13.862578063851734	0.0	0	1	0	1	1	1	1.298491148815929	0.8775802866675894	0.17736124946433884	1.0421883636641374	1.118168597265315	0.5915057187071481	0.7577234195380269	0.0	0.8775802866675894	0.0	1.0421883636641374	1.118168597265315	0.5915057187071481
236000	-31.787807410047844	-18.76673931971858	-13.021068090329262	0.0	0	1	0	1	1	1	0.535432926712978	1.247706436267786	2.4331958673478673	0.33273274332315045	0.36668844942584977	0.5293338898192211	0.23237603526839967	0.0	1.247706436267786	0.0	0.33273274332315045	0.36668844942584977	0.5293338898192211
237000	-30.930903934073346	-20.752251472063005	-10.17865246201034	0.0	0	1	0	1	0	1	0.49779819766162253	0.6255699362122372	0.4481346937037251	0.1722183995101734	1.2520723755988525	0.5714272625780856	0.255636194657206	0.0	0.6255699362122372	0.0	0.1722183995101734	0.0	0.5714272625780856
238000	-28.715463639483286	-19.945805483270274	-8.769658156213012	0.0	0	1	0	0	1	1	0.3831855324690035	0.5008049465539439	0.0029869518129630452	0.5340458068302147	0.4339722814163668	0.06385171058074199	0.32483098594550064	0.0	0.5008049465539439	0.0	0.0	0.4339722814163668	0.06385171058074199
239000	-39.944706470618875	-18.106897162682365	-21.83780930793651	0.0	0	1	0	1	1	1	0.1659267023496576	0.4800454729924997	0.05469162221622618	3.9976412914988098	1.0205421480091483	6.847701005223312	1.2668662924027734	0.0	0.4800454729924997	0.0	3.9976412914988098	1.0205421480091483	6.847701005223312
240000	-31.570213722387663	-17.394244306633453	-14.175969415754208	0.0	0	1	1	1	1	1	0.642968849821033	0.878124121028579	0.24197477919299087	0.6540559516756391	0.8537206489864927	1.5016039238609646	0.3338940226748832	0.0	0.878124121028579	0.24197477919299087	0.6540559516756391	0.8537206489864927	1.5016039238609646
241000	-37.6643315692093	-21.985357874226477	-15.678973694982828	0.0	1	0	1	1	0	0	1.7476781390546177	0.6601149397591491	2.4432061833730856	0.9110908082707283	0.4482524887377406	1.4317602219972878	1.0640230214016722	1.7476781390546177	0.0	2.4432061833730856	0.9110908082707283	0.0	0.0
242000	-33.557695895677625	-17.09157366611066	-16.466122229566967	0.0	0	1	1	1	1	1	0.07474613690436006	1.4145801740812542	0.8547636097808886	1.4467903081114746	0.6186430755722061	2.3121577262018596	0.4696318503273618	0.0	1.4145801740812542	0.8547636097808886	1.4467903081114746	0.6186430755722061	2.3121577262018596
243000	-34.947322499594954	-19.988315079058083	-14.959007420536873	0.0	1	0	1	1	0	0	0.45543831649036665	1.0720354578431668	1.3779326545478334	2.239668635810543	1.5097343164168515	0.583458055218263	0.7756129563210415	0.45543831649036665	0.0	1.3779326545478334	2.239668635810543	0.0	0.0
244000	-31.183759451808093	-19.333653916440255	-11.850105535367838	0.0	0	1	1	0	0	1	0.06761689273924772	0.5925369603390432	1.445228511315014	0.251703932476887	1.641350742548003	1.0027575695648656	0.3242139765872794	0.0	0.5925369603390432	1.445228511315014	0.0	0.0	1.0027575695648656
245000	-34.448656263989	-20.88353227206212	-13.565123991926884	0.0	0	1	1	0	0	1	0.7437585397891064	0.2540738356544686	0.6697878368987032	1.4800736487358699	1.4082386736091699	2.2679126300934143	0.29110878200212786	0.0	0.2540738356544686	0.6697878368987032	0.0	0.0	2.2679126300934143
246000	-32.54481112366474	-21.040437013704725	-11.504374109960022	0.0	1	1	1	0	0	1	0.09115234201908397	0.5045497404986703	0.23044071861670498	0.6725477600406222	0.22407466151993943	0.8965831228127029	0.8609926782962259	0.09115234201908397	0.5045497404986703	0.23044071861670498	0.0	0.0	0.8965831228127029
247000	-29.917757545910924	-17.37545382926256	-12.542303716648362	0.0	0	1	1	1	0	1	0.007676470315121821	0.3011626687577608	0.42777176755171176	0.2522260778009602	2.061355712917935	0.6740164736243373	0.8052425928307207	0.0	0.3011626687577608	0.42777176755171176	0.2522260778009602	0.0	0.6740164736243373
248000	-40.11469040505089	-19.471855707501007	-20.64283469754988	0.0	1	1	1	1	1	0	1.061654768774942	0.32832147888062746	2.7458773581341704	2.0155397760647755	2.2882056177171	1.549372731171435	1.1662909151000769	1.061654768774942	0.32832147888062746	2.7458773581341704	2.0155397760647755	2.2882056177171	0.0
249000	-31.020030021091415	-19.377394450976308	-11.642635570115107	0.0	0	1	1	0	0	1	0.548007531442697	0.7584049958294483	0.1174889105065922	1.922613725809879	0.22514556775980174	0.9540184224778068	0.42395091681679736	0.0	0.7584049958294483	0.1174889105065922	0.0	0.0	0.9540184224778068
250000	-33.705119819504205	-20.531423348314032	-13.17369647119017	0.0	0	1	0	0	1	1	0.20802173340888636	0.5683754468911889	0.18931571223074609	0.3405861508027528	3.088562519698241	0.7098840900138638	1.0987073195306991	0.0	0.5683754468911889	0.0	0.0	3.088562519698241	0.7098840900138638
251000	-28.56736562934063	-20.292751071321707	-8.274614558018925	0.0	0	1	0	0	0	1	0.18231772133581234	0.2865096383126439	0.08675487871325474	0.26423470947148336	0.5841851312697707	0.5177725490495823	0.28485148220016493	0.0	0.2865096383126439	0.0	0.0	0.0	0.5177725490495823
252000	-29.977673542295364	-18.41918734515421	-11.558486197141153	0.0	0	1	1	0	1	1	1.0105837318000166	0.5472499434397055	0.573720630824838	0.015823912809086047	0.14321775746642212	0.5285238900775104	0.7442653361685354	0.0	0.5472499434397055	0.573720630824838	0.0	0.14321775746642212	0.5285238900775104
253000	-34.60437230358512	-19.88457892115698	-14.719793382428142	0.0	1	0	0	1	1	0	0.7516809608463363	1.301701688387541	1.1501676602551556	1.5715000466137934	1.1360627130498897	1.5988226552745786	0.46524799399353894	0.7516809608463363	0.0	0.0	1.5715000466137934	1.1360627130498897	0.0
254000	-29.266195347553705	-18.27064271599121	-10.995552631562493	0.0	0	1	0	0	1	1	0.7141548328801325	0.8977991620395349	1.3856794843746254	0.18371287610399953	0.6011859148293167	0.35055528765267346	0.32864133949112817	0.0	0.8977991620395349	0.0	0.0	0.6011859148293167	0.35055528765267346
255000	-29.845790931744208	-18.37176896934362	-11.474021962400588	0.0	0	1	1	0	1	1	0.235710609338698	0.14121769571434947	0.5154233662811851	0.9612394300878241	0.24595827413771093	0.747892356989053	0.6648610621805071	0.0	0.14121769571434947	0.5154233662811851	0.0	0.24595827413771093	0.747892356989053
256000	-32.63870705137805	-21.586161542746527	-11.05254550863152	0.0	1	1	1	0	0	0	0.4327610496434678	0.641974595298209	0.44756260019963706	1.7999858663576636	0.9616719329090094	0.1280813287817974	0.2631840002021035	0.4327610496434678	0.641974595298209	0.44756260019963706	0.0	0.0	0.0
257000	-32.97115689601578	-18.08132881237867	-14.88982808363711	0.0	0	1	0	1	1	1	0.7827451944252195	0.23310905563682888	0.2079991884578372	2.222199714146964	0.11437836518848964	1.2731687545852806	2.7753832228897695	0.0	0.23310905563682888	0.0	2.222199714146964	0.11437836518848964	1.2731687545852806
258000	-32.31365554146555	-18.826543862070746	-13.487111679394808	0.0	0	1	1	0	1	1	0.07145673632508268	1.859208071077208	0.20541443633812723	0.12715049452167282	2.4492718697184843	1.348546065390791	0.20000162125113777	0.0	1.859208071077208	0.20541443633812723	0.0	2.4492718697184843	1.348546065390791
259000	-30.587655882714515	-17.55451486039884	-13.033141022315673	0.0	0	1	0	0	1	1	1.2117957084179949	0.7998812654485805	0.028000599695790024	2.8001338898576047	0.7160173662669946	0.6753016207539553	0.3093493735883226	0.0	0.7998812654485805	0.0	0.0	0.7160173662669946	0.6753016207539553
260000	-33.73005051045122	-19.982982265239478	-13.74706824521174	0.0	0	1	0	0	1	1	0.13325980411867955	4.085760869046839	0.0036963456447925702	0.29078403865661795	1.4396411397366324	0.7612495449779869	0.38966512985294405	0.0	4.085760869046839	0.0	0.0	1.4396411397366324	0.7612495449779869
261000	-33.1009175558945	-18.040206632608104	-15.060710923286393	0.0	0	1	0	1	1	1	1.0016180490396436	0.13404686560032042	0.4611817562919696	1.7422320120099017	0.8171277611412574	1.458752255380572	1.5082809108425252	0.0	0.13404686560032042	0.0	1.7422320120099017	0.8171277611412574	1.458752255380572
262000	-30.603541125624037	-18.04211454037643	-12.561426585247606	0.0	1	1	0	1	1	1	0.04375080191803477	0.25305918427431334	0.22743891585041914	0.2243338888563462	0.9805574938651748	0.7400329550004859	0.6650842666541672	0.04375080191803477	0.25305918427431334	0.0	0.2243338888563462	0.9805574938651748	0.7400329550004859
263000	-34.42317897523117	-18.16796155933967	-16.255217415891494	0.0	0	1	1	0	1	1	3.6471550484105557	0.37057819903146794	0.9843187944252584	0.6350672387578729	0.9387893281741314	1.01901300567896	0.6876669125594151	0.0	0.37057819903146794	0.9843187944252584	0.0	0.9387893281741314	1.01901300567896
264000	-34.77924044119565	-19.811995651459913	-14.967244789735735	0.0	0	1	0	1	0	1	1.8256676043607205	1.160603930811599	0.12969282562845608	1.6733858404586968	0.6166882161250362	2.21985166752888	0.5306665061948749	0.0	1.160603930811599	0.0	1.6733858404586968	0.0	2.21985166752888
265000	-30.18955363200769	-17.674850416903013	-12.514703215104678	0.0	0	1	0	1	1	1	0.45045605203616207	1.5550235433862771	0.02962519449572376	0.472963710738308	1.0623927234293649	1.1639430017170698	0.2850971116757485	0.0	1.5550235433862771	0.0	0.472963710738308	1.0623927234293649	1.1639430017170698
266000	-36.66300738675797	-22.978988929599748	-13.684018457158224	0.0	1	1	0	1	0	0	1.3346959008985941	2.493162406139537	1.905633605705009	0.48694600952017725	1.4222981465208997	0.6140972452457837	0.07813992326137591	1.3346959008985941	2.493162406139537	0.0	0.48694600952017725	0.0	0.0
267000	-36.97868440633519	-17.54468512266438	-19.433999283670808	0.0	0	1	1	1	0	1	1.1988059497229309	0.6327040322666859	2.198998639182519	3.1926450405931113	0.9871088492420194	1.9043708763457545	1.3292792434732768	0.0	0.6327040322666859	2.198998639182519	3.1926450405931113	0.0	1.9043708763457545
268000	-27.281952409437555	-17.396768019305313	-9.885184390132242	0.0	0	1	0	0	1	1	0.7405699629984142	0.19336047440964285	0.010569165580441145	1.2529561462613612	0.1920859542690152	0.46969888682405897	0.3870488471518557	0.0	0.19336047440964285	0.0	0.0	0.1920859542690152	0.46969888682405897
269000	-37.20874409933455	-21.72845151342142	-15.480292585913135	0.0	1	1	0	0	0	0	0.42174332710080226	0.8346325576607908	4.719932477501081	2.760026899347276	0.7269286230947545	0.2615461427026296	0.1566698793913939	0.42174332710080226	0.8346325576607908	0.0	0.0	0.0	0.0
270000	-30.75468345744531	-17.908129120715	-12.84655433673031	0.0	0	1	0	1	1	1	0.08952076698450187	1.4790715248639559	1.1474875352575897	0.604047993549629	0.8889698529855123	0.8488047276369853	0.2874902012143138	0.0	1.4790715248639559	0.0	0.604047993549629	0.8889698529855123	0.8488047276369853
271000	-32.5022600924929	-16.911887955320307	-15.59037213717259	0.0	0	1	0	1	1	1	0.7723938206574419	0.9514337992476183	0.2900216235149722	1.8474409488681587	1.800517072216389	1.5608129831506279	0.5131881216292365	0.0	0.9514337992476183	0.0	1.8474409488681587	1.800517072216389	1.5608129831506279
272000	-36.037701755051046	-19.667562270701	-16.37013948435004	0.0	1	1	1	1	0	0	0.5966732804041647	0.28973459398770984	0.8073405446395022	2.084337268398261	1.365274858119761	3.584387110523243	0.24834563042859845	0.5966732804041647	0.28973459398770984	0.8073405446395022	2.084337268398261	0.0	0.0
273000	-30.956229803698434	-18.854163507796176	-12.10206629590226	0.0	0	1	1	0	0	1	0.7376081121090834	0.3302448721352151	0.3288898380699444	0.1278794814232017	2.8439067541491987	0.3021676893462828	0.5806735175997093	0.0	0.3302448721352151	0.3288898380699444	0.0	0.0	0.3021676893462828
274000	-31.02999630906996	-17.297529630007997	-13.732466679061964	0.0	0	1	1	1	0	1	0.8741380362304514	0.1388871019602115	0.12753182129701288	0.4775222083717697	2.752943021770778	0.3201148594881504	1.0066673555179972	0.0	0.1388871019602115	0.12753182129701288	0.4775222083717697	0.0	0.3201148594881504
275000	-36.819709787918185	-17.947383236716817	-18.872326551201372	0.0	0	1	1	0	0	1	0.9008486644777267	0.8194850703432708	2.1745681426282557	3.106452969720917	1.4035388432148213	2.6310432114078615	0.8707229586738024	0.0	0.8194850703432708	2.1745681426282557	0.0	0.0	2.6310432114078615
276000	-36.45433032046154	-23.026224974712637	-13.428105345748902	0.0	0	1	0	0	1	1	1.7019356295972687	0.6418107888682992	0.8440097487461281	3.8272959195301826	0.018400361113785846	0.8634779566793123	0.086711491598313	0.0	0.6418107888682992	0.0	0.0	0.018400361113785846	0.8634779566793123
277000	-35.191540276330315	-17.632371898085967	-17.559168378244344	0.0	0	1	1	1	1	1	0.07550197511503007	1.2504663890427925	1.3268978453321125	0.7154916311072507	0.15628319908777438	4.110737665954681	0.5619341642525837	0.0	1.2504663890427925	1.3268978453321125	0.7154916311072507	0.15628319908777438	4.110737665954681
278000	-33.00770512580225	-18.07361217347311	-14.934092952329136	0.0	0	1	0	1	1	1	0.37313694564970296	0.9984064901126354	0.35202337066000683	0.4730835759104149	2.590200469607361	1.0023064761140836	1.116551521617726	0.0	0.9984064901126354	0.0	0.4730835759104149	2.590200469607361	1.0023064761140836
279000	-34.23667991829138	-19.789583308949265	-14.447096609342115	0.0	1	1	0	0	1	1	0.9736202752593897	1.0406242525747578	0.5992327489351676	0.2573374421140424	1.90917051961547	1.467199209445687	0.43385664210939917	0.9736202752593897	1.0406242525747578	0.0	0.0	1.90917051961547	1.467199209445687
280000	-36.07279445043223	-17.316307102878998	-18.756487347553232	0.0	0	1	0	1	1	1	0.2692347452954328	1.740349810189423	0.1843146655681701	1.9872198397280725	1.718180969891174	4.810879646154981	0.3720461051996033	0.0	1.740349810189423	0.0	1.9872198397280725	1.718180969891174	4.810879646154981
281000	-37.8162114947936	-19.441975084167748	-18.37423641062585	0.0	0	1	1	1	1	1	2.1051337889492108	2.15164105141946	0.8568187863594035	2.654311436813282	0.20415330677033489	1.1836991673029906	0.2774533044539392	0.0	2.15164105141946	0.8568187863594035	2.654311436813282	0.20415330677033489	1.1836991673029906
282000	-34.27454436143582	-20.58772766850988	-13.686816692925941	0.0	1	1	0	0	1	1	1.0107244953909467	2.820426390893143	0.7866233075130606	0.41051881753853575	0.44480225731399947	0.7964659583063641	0.19824623566229713	1.0107244953909467	2.820426390893143	0.0	0.0	0.44480225731399947	0.7964659583063641
283000	-32.682480377886385	-17.445807578110642	-15.236672799775743	0.0	0	1	0	1	1	1	0.5295328533166113	1.0520608408893297	0.41945144119381683	2.5976957247682284	0.7844914232704411	1.751215179419087	0.39345629467276216	0.0	1.0520608408893297	0.0	2.5976957247682284	0.7844914232704411	1.751215179419087
284000	-34.99684057116697	-21.03119390013163	-13.965646671035344	0.0	1	0	0	1	1	0	1.3604845533756942	0.3957195951336824	1.3339895642286375	1.6217852451226815	0.5565321629434274	1.1054620771716366	0.68167428376782	1.3604845533756942	0.0	0.0	1.6217852451226815	0.5565321629434274	0.0
285000	-38.44632509024896	-17.58524860508947	-20.861076485159497	0.0	1	1	1	1	1	1	0.008825852933800438	0.7920609329400625	0.3446356617729907	1.6904323789868188	0.8926260714971738	5.1067411069239	0.7966729035172833	0.008825852933800438	0.7920609329400625	0.3446356617729907	1.6904323789868188	0.8926260714971738	5.1067411069239
286000	-32.303466265773714	-20.940600459945227	-11.36286580582849	0.0	1	1	0	0	0	1	0.006149387640124584	1.3422264217386302	0.6495328313779004	0.2312837151587617	1.3870492156336334	0.7897624852863434	0.3611977455890972	0.006149387640124584	1.3422264217386302	0.0	0.0	0.0	0.7897624852863434
287000	-36.08480924405729	-17.96635050423314	-18.11845873982415	0.0	0	1	0	1	1	1	0.13947652748301315	1.0073712419903709	5.271703695970279	0.7171987716607561	0.9905296878888168	0.912358018018475	1.0461694827387702	0.0	1.0073712419903709	0.0	0.7171987716607561	0.9905296878888168	0.912358018018475
288000	-31.550503969627062	-18.579989014173176	-12.970514955453886	0.0	1	0	0	1	1	1	0.37108863098601524	1.1562802023221956	0.12133798421899487	1.257425909405191	0.34626778042774176	0.7340151387569379	0.9506718539573729	0.37108863098601524	0.0	0.0	1.257425909405191	0.34626778042774176	0.7340151387569379
289000	-34.94666549683932	-18.794365406213515	-16.152300090625808	0.0	0	1	1	0	1	1	0.49601410698644327	2.82956356163612	0.03597056614031097	1.2990038688159466	2.3481725628867314	0.7934858822707975	0.5041992145951528	0.0	2.82956356163612	0.03597056614031097	0.0	2.3481725628867314	0.7934858822707975
290000	-32.96820529330226	-17.219198908428055	-15.749006384874203	0.0	0	1	0	1	1	1	1.7825760330680738	0.9397319670714046	0.18187736285058437	0.865053161897984	1.2133319988065323	1.8315516881917215	0.9050138543725708	0.0	0.9397319670714046	0.0	0.865053161897984	1.2133319988065323	1.8315516881917215
291000	-30.836349169776852	-18.2389361039494	-12.597413065827451	0.0	0	1	0	1	1	1	0.17615436437851487	0.9044296801215708	0.4846751286565684	0.3672498695742371	0.6213314671961857	1.1708805141413836	0.8504371386179032	0.0	0.9044296801215708	0.0	0.3672498695742371	0.6213314671961857	1.1708805141413836
292000	-29.914511599682896	-18.240414562377236	-11.67409703730566	0.0	0	1	1	0	0	1	1.5022048734392528	0.16890496130953023	0.8435795111077604	0.06535336351771438	0.30315140293471754	0.567933621168936	1.2816187002555541	0.0	0.16890496130953023	0.8435795111077604	0.0	0.0	0.567933621168936
293000	-37.01325259102009	-20.68220808613906	-16.331044504881028	0.0	1	1	0	0	1	0	0.059241924462099436	0.4594882614071206	0.25441887829938875	1.525393221208892	0.8319950242380808	4.683573638630727	1.7193464264437697	0.059241924462099436	0.4594882614071206	0.0	0.0	0.8319950242380808	0.0
294000	-31.385581726797035	-22.10057904790871	-9.285002678888326	0.0	1	1	0	0	1	0	0.05608271146791166	0.6592104420623144	0.1274029621328079	0.5081379520568902	0.6068404262107097	0.2271037806334752	0.4169123347201278	0.05608271146791166	0.6592104420623144	0.0	0.0	0.6068404262107097	0.0
295000	-35.53507875978489	-19.87468665983974	-15.660392099945149	0.0	0	1	0	0	0	1	0.38096727522783724	0.4674544019016726	0.9577176238917737	3.645262991416523	2.4775667480149863	1.1153242160923675	0.37070419505593727	0.0	0.4674544019016726	0.0	0.0	0.0	1.1153242160923675
296000	-36.52214847514422	-18.950045722933233	-17.572102752210988	0.0	1	1	0	1	1	0	0.22897087197268312	0.2230638132465629	0.7889595393747024	2.850617227059711	1.1196140039372247	3.15416088050734	1.1876972571344004	0.22897087197268312	0.2230638132465629	0.0	2.850617227059711	1.1196140039372247	0.0
297000	-33.21696433376749	-18.98586618029916	-14.23109815346833	0.0	0	1	1	0	0	1	0.11074440121846055	0.18973522475559806	1.2939647037818423	0.19890100173804362	3.949890253760149	0.2703874957316791	1.2745984460954367	0.0	0.18973522475559806	1.2939647037818423	0.0	0.0	0.2703874957316791
298000	-36.21190741552654	-18.41938350871329	-17.792523906813244	0.0	1	1	1	1	1	1	0.23427392696692723	1.549238500414633	2.2062840081613198	0.7540078151727688	0.2453135907186151	1.2814373417047018	0.48128992207033233	0.23427392696692723	1.549238500414633	2.2062840081613198	0.7540078151727688	0.2453135907186151	1.2814373417047018
299000	-33.561036920777966	-23.336184710334816	-10.224852210443146	0.0	0	1	0	0	1	1	2.328749446576389	0.5269930752228691	0.39788548674197327	1.0775655694664	0.37855327171089126	0.08508764221383673	0.07836177904292864	0.0	0.5269930752228691	0.0	0.0	0.37855327171089126	0.08508764221383673
300000	-35.50661251813632	-19.027649514585175	-16.47896300355115	0.0	1	1	1	1	1	1	0.49226966656224785	1.4665016345574782	0.8731121644513874	0.7040266347156208	1.2035049139032905	0.6079265050812704	0.32567098864191846	0.49226966656224785	1.4665016345574782	0.8731121644513874	0.7040266347156208	1.2035049139032905	0.6079265050812704
301000	-28.88530217402972	-18.525608765718797	-10.359693408310925	0.0	0	1	1	0	0	1	0.3366118880799142	0.24145238679291658	0.22921518784636719	1.0405496400824508	0.2823903416238937	0.9313928739949496	0.5081818472961098	0.0	0.24145238679291658	0.22921518784636719	0.0	0.0	0.9313928739949496
302000	-28.08355842759393	-18.45200586301362	-9.631552564580305	0.0	0	1	0	0	1	1	0.540602043567881	1.1286584651825724	0.12607354314843527	0.07747885922193312	0.37365159243015966	1.070738975202603	0.18988929434807364	0.0	1.1286584651825724	0.0	0.0	0.37365159243015966	1.070738975202603
303000	-32.78765460541339	-20.24629709501511	-12.541357510398278	0.0	0	1	0	1	1	1	1.0596767520568457	0.3329946794509122	2.6777854088210638	0.6293954716278827	0.05285228112417997	0.1562546637102346	0.24587427856885571	0.0	0.3329946794509122	0.0	0.6293954716278827	0.05285228112417997	0.1562546637102346
304000	-31.363806658666487	-19.45338177246019	-11.910424886206297	0.0	1	0	1	1	1	0	0.1468097029122369	0.6103330635511002	0.09002756191066988	1.2124572928355102	0.7090866625458748	0.49095313124764567	0.6811368500340903	0.1468097029122369	0.0	0.09002756191066988	1.2124572928355102	0.7090866625458748	0.0
305000	-37.14806958431832	-19.12624349895675	-18.021826085361567	0.0	0	1	1	1	1	1	2.896022184022384	1.0957855178177904	0.46404517391408223	2.7861560566287475	0.6765271522829559	0.25770524887981994	0.519643929543153	0.0	1.0957855178177904	0.46404517391408223	2.7861560566287475	0.6765271522829559	0.25770524887981994
306000	-29.635661200191244	-18.570916456199587	-11.064744743991657	0.0	0	1	0	0	1	1	0.3343446537860227	0.6693683497247924	1.1017891239871402	0.7672414849086993	0.6095953943754919	0.22675405565877735	0.5383115117390355	0.0	0.6693683497247924	0.0	0.0	0.6095953943754919	0.22675405565877735
307000	-35.856902698367975	-19.767528319606747	-16.089374378761224	0.0	0	1	1	0	0	1	1.818100992215087	0.9517289323808086	1.5715832037264899	0.606331776625874	0.1775903203840097	2.5785860350503125	1.5076378740152798	0.0	0.9517289323808086	1.5715832037264899	0.0	0.0	2.5785860350503125
308000	-28.760601567135463	-17.627961200430402	-11.132640366705061	0.0	0	1	0	0	1	1	0.18122445250214472	1.009206900320072	0.7919766456461842	0.8897656290020658	0.46498999462618806	0.9360541393332413	0.3276423079228432	0.0	1.009206900320072	0.0	0.0	0.46498999462618806	0.9360541393332413
309000	-33.01128887647112	-17.895033373624287	-15.116255502846832	0.0	0	1	1	1	0	1	0.2215984811173243	1.1506357221175645	1.7931752491770963	0.041904226452710996	1.092237617012662	2.2959812996936653	0.5980543747391793	0.0	1.1506357221175645	1.7931752491770963	0.041904226452710996	0.0	2.2959812996936653
310000	-27.76170707192122	-17.472840059379042	-10.288867012542177	0.0	0	1	0	0	1	1	0.9679362420838145	0.2627167066869558	0.6151201884123443	0.31748465756454647	0.41661166210090733	0.37614820297875085	0.5261700294159122	0.0	0.2627167066869558	0.0	0.0	0.41661166210090733	0.37614820297875085
311000	-31.802742069800864	-18.364870301543284	-13.437871768257578	0.0	0	1	1	0	0	1	0.9443437644759769	0.46992393608051064	2.886468382014567	0.08847743182934566	0.0744622175969185	1.4096152954200962	0.6634479124842937	0.0	0.46992393608051064	2.886468382014567	0.0	0.0	1.4096152954200962
312000	-39.31187201983693	-18.934191080950583	-20.37768093888635	0.0	0	1	1	1	1	1	1.1046391445775412	1.2814734786930615	3.2274339963521403	3.2173674670219854	0.8289579123989225	0.6554290472092863	0.645503087878236	0.0	1.2814734786930615	3.2274339963521403	3.2173674670219854	0.8289579123989225	0.6554290472092863
313000	-36.71261521133404	-19.740234310543308	-16.97238090079073	0.0	0	1	1	0	1	1	0.5917092411294831	0.9496921334244449	3.572019840760034	1.292495867077577	1.0610494451509738	0.4238678056002646	1.0479764051829834	0.0	0.9496921334244449	3.572019840760034	0.0	1.0610494451509738	0.4238678056002646
314000	-34.93406476337015	-17.8764367881175	-17.057627975252654	0.0	1	1	1	1	0	1	0.19385936508094864	0.9848058733391093	1.770653987889057	0.6463491223932799	1.1694118754337894	2.0825085497733986	0.7482478416508279	0.19385936508094864	0.9848058733391093	1.770653987889057	0.6463491223932799	0.0	2.0825085497733986
315000	-37.30385123075294	-19.421651625834425	-17.88219960491852	0.0	1	0	1	1	1	0	1.261260673412007	0.5380721287611276	2.2818235572313688	3.2119502275248357	0.668076523694214	1.177684091313196	0.747223761254556	1.261260673412007	0.0	2.2818235572313688	3.2119502275248357	0.668076523694214	0.0
316000	-30.74426754829211	-18.70507448595931	-12.0391930623328	0.0	1	1	0	1	1	0	0.43565116346822047	0.6775321074696727	0.27279948584026287	1.1665348756092222	0.5982243227785349	0.6536770204839057	0.44925720705035055	0.43565116346822047	0.6775321074696727	0.0	1.1665348756092222	0.5982243227785349	0.0
317000	-36.956835125211896	-17.429300440401544	-19.52753468481035	0.0	0	1	0	1	1	1	4.1868431525136875	2.126976443640895	0.31424449649771524	1.2332985708947322	2.2258994557811733	1.1182994535361284	0.49021343715099663	0.0	2.126976443640895	0.0	1.2332985708947322	2.2258994557811733	1.1182994535361284
318000	-37.3383366073965	-19.221381094641227	-18.116955512755275	0.0	1	1	1	1	1	1	0.22257504752534457	0.773244151281109	1.6045593139058347	0.08463178579481127	0.2103458206066093	2.881800610111222	1.090627609488716	0.22257504752534457	0.773244151281109	1.6045593139058347	0.08463178579481127	0.2103458206066093	2.881800610111222
319000	-36.51209114789375	-19.051648405772088	-17.46044274212166	0.0	0	1	1	0	0	1	1.4896501453753053	1.035414557196102	4.273146164599543	0.3774384745356308	0.39629800000282706	1.4538100661813944	1.583677202080783	0.0	1.035414557196102	4.273146164599543	0.0	0.0	1.4538100661813944
320000	-32.3447345135449	-18.699509107287724	-13.645225406257177	0.0	1	1	1	1	0	0	0.6005022787303147	1.2321481388017128	0.6462952565916337	2.485093239340824	0.3347407333439272	0.2815040340981516	0.3790482415858644	0.6005022787303147	1.2321481388017128	0.6462952565916337	2.485093239340824	0.0	0.0
321000	-30.182794383165774	-17.671403449581796	-12.511390933583979	0.0	0	1	0	1	1	1	0.32620073661375915	0.49509030889962596	1.6607037263711488	0.6256192805111986	0.3840324620751435	1.156740414256214	0.3096965800754241	0.0	0.49509030889962596	0.0	0.6256192805111986	0.3840324620751435	1.156740414256214
322000	-31.370617171081527	-18.091790337348336	-13.278826833733193	0.0	0	1	0	1	1	1	0.8351282245362329	0.36836896008678305	0.3326851798279	1.8658526597914904	0.40985421826857804	0.2926748420134125	1.1497771711577336	0.0	0.36836896008678305	0.0	1.8658526597914904	0.40985421826857804	0.2926748420134125
323000	-31.615524301130872	-17.034541684369913	-14.58098261676096	0.0	0	1	1	1	1	1	0.31309675067060677	1.0594583415058683	0.3302231808423675	0.8213525458028529	0.46861146607599335	1.6631727808846843	0.5626530216254415	0.0	1.0594583415058683	0.3302231808423675	0.8213525458028529	0.46861146607599335	1.6631727808846843
324000	-34.41190991503016	-17.37880195225704	-17.03310796277312	0.0	0	1	0	0	1	1	0.4405741154907388	1.8833179608329742	2.4698595815285884	0.02877806609368582	2.757020007672841	2.4656578845247163	0.3725919458186952	0.0	1.8833179608329742	0.0	0.0	2.757020007672841	2.4656578845247163
325000	-32.652369314870406	-18.292854066907207	-14.359515247963198	0.0	1	1	0	1	1	1	0.09730864004338047	0.9904170612631529	0.3071601846256249	0.3330364188388933	0.2345036729343885	2.5577252590430217	0.5164198440425847	0.09730864004338047	0.9904170612631529	0.0	0.3330364188388933	0.2345036729343885	2.5577252590430217
326000	-31.908343686205363	-18.08388383174867	-13.824459854456697	0.0	0	1	1	1	0	1	0.5458098647778767	1.145704230010102	0.7918977766905957	0.42335341955893374	0.00813528679805593	2.2439054044214477	0.6913625198106425	0.0	1.145704230010102	0.7918977766905957	0.42335341955893374	0.0	2.2439054044214477
327000	-35.072823461609346	-17.03236830147563	-18.040455160133718	0.0	0	1	0	1	1	1	0.17831767186860076	1.0807986123100957	2.0569166832744883	1.2258579765560214	1.6528864337211875	3.448737050452368	0.5283956417121652	0.0	1.0807986123100957	0.0	1.2258579765560214	1.6528864337211875	3.448737050452368
328000	-35.96204768929934	-19.661755034413257	-16.300292654886082	0.0	0	1	0	1	0	1	1.6021333009823049	0.8618575489226258	0.8389733724809479	0.2897842715809888	1.9330960344826662	3.276486882642445	0.6206746176035048	0.0	0.8618575489226258	0.0	0.2897842715809888	0.0	3.276486882642445
329000	-37.77567835177354	-19.755889931576476	-18.019788420197067	0.0	1	1	0	1	1	0	1.1713045630961725	0.0013615945776287884	1.3164501820993184	1.5978837557250387	3.170460263690776	1.7246332462767575	1.003014965281307	1.1713045630961725	0.0013615945776287884	0.0	1.5978837557250387	3.170460263690776	0.0
330000	-33.32105005546476	-18.06702196447854	-15.25402809098622	0.0	0	1	1	1	1	1	0.0817260325188021	0.5740993859201435	1.126116959004932	2.38022447145629	0.3653136465123224	0.8337436786402959	0.5447816623221983	0.0	0.5740993859201435	1.126116959004932	2.38022447145629	0.3653136465123224	0.8337436786402959
331000	-30.7463298659144	-19.214290037151283	-11.532039828763118	0.0	1	1	0	1	1	1	0.2251875769131625	0.30814996255082944	0.3143681077203489	0.5059366611693134	0.5224708298168785	0.4887382554322486	0.26357152224925834	0.2251875769131625	0.30814996255082944	0.0	0.5059366611693134	0.5224708298168785	0.4887382554322486
332000	-35.46481690239709	-17.982050064577987	-17.482766837819106	0.0	1	1	1	1	1	1	0.6145195102796202	0.632531839837986	0.045301329644736724	1.448782856468092	1.1550365191514689	1.646026656155631	0.7316027641501625	0.6145195102796202	0.632531839837986	0.045301329644736724	1.448782856468092	1.1550365191514689	1.646026656155631
333000	-34.22992696527911	-21.419123256274744	-12.81080370900437	0.0	1	1	1	1	0	1	0.5652371751491254	0.6629486371134481	0.19047985245333166	0.4954117544003667	0.34288792399404877	0.5327916398269109	0.6193568650761393	0.5652371751491254	0.6629486371134481	0.19047985245333166	0.4954117544003667	0.0	0.5327916398269109
334000	-34.73164428711744	-17.850190322614026	-16.881453964503415	0.0	0	1	1	1	1	1	0.8792127502317179	0.20704951678299913	0.8551252578910243	2.6032776693072748	0.22016350971332327	1.3850814425318465	1.2604803535709532	0.0	0.20704951678299913	0.8551252578910243	2.6032776693072748	0.22016350971332327	1.3850814425318465
335000	-31.058542454210404	-17.952213831585293	-13.10632862262511	0.0	0	1	1	0	1	1	0.7011591225101339	0.9321116593990527	1.203740477213537	0.3071730909458744	0.8653421413911326	0.649123312725832	0.5559101374272742	0.0	0.9321116593990527	1.203740477213537	0.0	0.8653421413911326	0.649123312725832
336000	-30.894210381190092	-19.701618807161754	-11.192591574028338	0.0	0	1	0	0	0	1	0.4685998760952877	0.42654584627725445	2.292791854529868	0.37196458818948086	0.24485826133746852	0.7523532525341639	0.3779627368427792	0.0	0.42654584627725445	0.0	0.0	0.0	0.7523532525341639
337000	-30.992034746041906	-20.13274980086126	-10.859284945180647	0.0	0	1	0	0	1	1	1.6635490960191315	0.5155589509900559	1.4480413606704843	0.34844520654018374	0.022134189773303795	0.6520764222384254	0.17096961290856882	0.0	0.5155589509900559	0.0	0.0	0.022134189773303795	0.6520764222384254
338000	-38.64597275754711	-22.896999926373763	-15.74897283117335	0.0	1	0	0	1	0	0	0.2750488836856162	2.9261313968411398	0.17604481120030285	1.9158322512105912	1.0292029922423633	1.3421670920096789	1.6101461352731552	0.2750488836856162	0.0	0.0	1.9158322512105912	0.0	0.0
339000	-30.925702589310102	-18.308570971488255	-12.617131617821848	0.0	0	1	0	0	1	1	1.6684415601293205	0.5994392457817511	1.5221923152897163	1.6527505982090471	0.37754909121668145	0.3624849547802122	0.2141039861284117	0.0	0.5994392457817511	0.0	0.0	0.37754909121668145	0.3624849547802122
340000	-32.32013559109467	-17.67295152735533	-14.647184063739338	0.0	0	1	0	0	1	1	0.5119995027146348	1.0036309348368275	2.6486078006045357	0.27069637295638294	1.9594977733709997	1.3566346836702285	0.3398965625790366	0.0	1.0036309348368275	0.0	0.0	1.9594977733709997	1.3566346836702285
341000	-34.87616098623809	-19.10484936334449	-15.771311622893602	0.0	0	1	1	0	0	1	2.676764464398088	0.27277481572466533	1.6961284340474565	0.154210701676895	1.4197502591161424	2.152651464865457	0.5621882368405826	0.0	0.27277481572466533	1.6961284340474565	0.0	0.0	2.152651464865457
342000	-42.771063815130006	-22.46737117119124	-20.303692643938767	0.0	0	1	0	0	0	1	8.546825934896903	0.21700559867853342	0.3404434502571508	1.4491365522580062	0.279748672404683	1.5037345033259093	1.4313793369541525	0.0	0.21700559867853342	0.0	0.0	0.0	1.5037345033259093
343000	-32.00277445852498	-18.13542663457938	-13.867347823945602	0.0	0	1	0	0	1	1	1.605111826977125	0.5002162222124753	0.5237717808304561	3.8462867468129627	0.4065304604512592	0.6010096123437908	0.20368397759194212	0.0	0.5002162222124753	0.0	0.0	0.4065304604512592	0.6010096123437908
344000	-29.14018087390303	-17.365175627604575	-11.775005246298456	0.0	0	1	0	0	1	1	0.26622431059297347	0.4455429810652365	1.0036087941626932	2.0231301556391132	0.5492924725501361	0.595905335785001	0.33826254677531137	0.0	0.4455429810652365	0.0	0.0	0.5492924725501361	0.595905335785001
345000	-30.78992254273604	-17.28183803911369	-13.50808450362235	0.0	0	1	0	0	1	1	1.6978452045328907	0.9969917643664666	0.13265071402000275	1.1971982807094692	0.8597665388037637	1.5542465812622737	0.4042440573499496	0.0	0.9969917643664666	0.0	0.0	0.8597665388037637	1.5542465812622737
346000	-34.27523755507315	-19.160458498335938	-15.114779056737211	0.0	0	1	0	0	1	1	0.7911710910961203	0.908398192717669	0.7855022011855443	2.2508985496136598	0.29279549760412904	2.4362799300269558	0.7224364016616226	0.0	0.908398192717669	0.0	0.0	0.29279549760412904	2.4362799300269558
347000	-33.28000242862228	-18.705019485538813	-14.574982943083473	0.0	1	1	0	1	1	0	0.670759485036627	1.1897817991237798	0.11470962427229975	2.9922182796211874	0.7875773536659806	0.38890793520998806	0.5467265841501643	0.670759485036627	1.1897817991237798	0.0	2.9922182796211874	0.7875773536659806	0.0
348000	-33.97857263361504	-17.134978665900903	-16.843593967714135	0.0	0	1	1	1	1	1	0.3817045782853187	0.5865929682156099	0.12422235247027817	3.568614049577907	0.6820254887141936	1.082715755288886	0.9209896595226498	0.0	0.5865929682156099	0.12422235247027817	3.568614049577907	0.6820254887141936	1.082715755288886
349000	-29.33940345800361	-17.183238615581914	-12.156164842421697	0.0	0	1	0	1	1	1	0.8758176470788768	0.3798344441659892	0.12202946206428754	0.5657759141037499	1.0122903763345237	0.3623934235386659	0.8214543279778151	0.0	0.3798344441659892	0.0	0.5657759141037499	1.0122903763345237	0.3623934235386659
350000	-29.36581099073526	-19.689766903763722	-9.676044086971537	0.0	0	1	0	1	0	1	0.7202220797067265	0.3370072136481066	0.12899431785296978	0.02807996278865226	0.027072727388766392	1.1183702024371844	0.5175285654505202	0.0	0.3370072136481066	0.0	0.02807996278865226	0.0	1.1183702024371844
351000	-30.621329540470754	-17.331326891793893	-13.29000264867686	0.0	0	1	0	1	1	1	0.07129361592083698	1.4259782899179778	1.0468483387053513	0.33589553721329896	0.7132907177829997	1.7158759415722624	0.3484477849736708	0.0	1.4259782899179778	0.0	0.33589553721329896	0.7132907177829997	1.7158759415722624
352000	-32.02735433173302	-18.81376120974859	-13.213593121984434	0.0	1	1	0	1	1	0	0.45590817975583176	0.9889890057374069	0.19520816714486652	0.9284357189518884	1.1683141186844472	1.0907931219077927	0.5226145437685069	0.45590817975583176	0.9889890057374069	0.0	0.9284357189518884	1.1683141186844472	0.0
353000	-32.30009475713906	-17.745966571953876	-14.554128185185181	0.0	1	1	1	1	1	1	0.12869482561638831	0.320155169546472	0.5098023464656521	0.9860764272063719	0.07846332121543262	0.4647502509502621	0.8295497726677074	0.12869482561638831	0.320155169546472	0.5098023464656521	0.9860764272063719	0.07846332121543262	0.4647502509502621
354000	-31.35040223583846	-17.62752362209118	-13.72287861374728	0.0	0	1	1	1	1	1	0.6961650458185112	0.4398601397484931	0.005101419043468399	0.7949653472799129	1.0600802770177367	1.183957644770571	0.383807316933292	0.0	0.4398601397484931	0.005101419043468399	0.7949653472799129	1.0600802770177367	1.183957644770571
355000	-31.428244983379788	-18.382774286245315	-13.045470697134473	0.0	1	1	1	0	1	1	0.013888215387600926	0.4300456572519399	0.7184052568551614	0.2602042989652222	0.19789334753165758	1.8636977890585404	0.39101246273918777	0.013888215387600926	0.4300456572519399	0.7184052568551614	0.0	0.19789334753165758	1.8636977890585404
356000	-34.501257558143344	-17.695581860657256	-16.805675697486087	0.0	0	1	1	1	0	1	1.191660603219365	0.9478108708101325	1.058617934553642	1.0952220416669165	1.5265398239736692	1.9184291200425858	1.033251247275158	0.0	0.9478108708101325	1.058617934553642	1.0952220416669165	0.0	1.9184291200425858
357000	-40.0462650278212	-19.165753141889596	-20.880511885931604	0.0	1	1	1	1	1	1	0.45193885573725523	3.4684910915239255	1.3201695725355909	0.9498446694456046	0.774381564572257	2.1621872490203695	0.6067435288417463	0.45193885573725523	3.4684910915239255	1.3201695725355909	0.9498446694456046	0.774381564572257	2.1621872490203695
358000	-31.3342007425009	-18.00465990069369	-13.329540841807212	0.0	0	1	0	0	1	1	1.3004044454133792	0.43304817170179594	0.9767170934571239	2.8051350328145865	0.7149397180340128	0.3584003300955338	0.2909972945980867	0.0	0.43304817170179594	0.0	0.0	0.7149397180340128	0.3584003300955338
359000	-30.143081641266082	-18.74106817181374	-11.402013469452342	0.0	0	1	1	0	0	1	0.3495641675511531	0.5651017778342362	0.22671105270315095	1.251682674779789	0.6259123756486893	1.2814165515896612	0.41749695585154745	0.0	0.5651017778342362	0.22671105270315095	0.0	0.0	1.2814165515896612
360000	-39.58978268994785	-18.944055565980964	-20.645727123966886	0.0	1	1	1	1	0	0	2.100189780483592	1.1498848649708027	2.8807822786745683	4.3649253430403165	0.8780680618933893	1.315881367379989	0.3398985936474776	2.100189780483592	1.1498848649708027	2.8807822786745683	4.3649253430403165	0.0	0.0
361000	-34.1412009197271	-18.945506435424825	-15.195694484302276	0.0	0	1	0	1	1	1	0.7009623527170478	0.9419698676710729	0.020742820637323692	2.5134047049289077	0.5216502031743344	1.0102618193863686	1.5712931468841402	0.0	0.9419698676710729	0.0	2.5134047049289077	0.5216502031743344	1.0102618193863686
362000	-30.410418847661692	-17.409120877233715	-13.001297970427977	0.0	0	1	0	0	1	1	0.06335341646535046	1.1796410941875697	2.0085828448922998	0.615873085017885	0.7054552060299796	1.5761501615480336	0.32529654296381966	0.0	1.1796410941875697	0.0	0.0	0.7054552060299796	1.5761501615480336
363000	-36.30297357026988	-18.671308809821248	-17.63166476044863	0.0	0	1	1	1	1	1	1.6904434336769527	0.35024205111394824	0.3247945515145454	2.448984179312931	0.9006693393905522	0.7476977298744846	1.9513641475483148	0.0	0.35024205111394824	0.3247945515145454	2.448984179312931	0.9006693393905522	0.7476977298744846
364000	-32.14378018097686	-17.682674910720653	-14.461105270256208	0.0	0	1	0	1	1	1	0.860179571482324	0.2553454152667658	0.7787993575624492	0.9732785977099102	1.3890148252072378	1.1340252552524392	1.0364249252595783	0.0	0.2553454152667658	0.0	0.9732785977099102	1.3890148252072378	1.1340252552524392
365000	-32.64740352647024	-24.62921577998081	-8.01818774648943	0.0	0	1	0	1	0	1	0.2989841727949943	0.378872694313572	0.3613907264500941	0.08719622236085774	0.9918244666314088	0.10898674974756535	0.11245784474367505	0.0	0.378872694313572	0.0	0.08719622236085774	0.0	0.10898674974756535
366000	-28.557435599118957	-17.521113562772573	-11.036322036346384	0.0	0	1	0	0	1	1	0.41409905576966843	0.277200217280216	1.0511894247574625	1.070449342870195	0.5452285242191155	0.6255003956508781	0.397533188735216	0.0	0.277200217280216	0.0	0.0	0.5452285242191155	0.6255003956508781
367000	-31.195690570052527	-20.02007990486706	-11.175610665185465	0.0	1	1	0	1	0	1	0.028235858069706275	0.4300060058809849	0.9504939918874163	0.44083659170851486	0.6604594118927718	0.388562573485393	0.4686520444916295	0.028235858069706275	0.4300060058809849	0.0	0.44083659170851486	0.0	0.388562573485393
368000	-34.70380464953827	-17.707086753994393	-16.99671789554388	0.0	1	1	0	0	1	1	0.05915229525967905	1.6693982326609538	1.9809771525400344	1.404240539091822	1.4186018406199623	2.085122249789435	0.5191130785276099	0.05915229525967905	1.6693982326609538	0.0	0.0	1.4186018406199623	2.085122249789435
369000	-27.374607946487902	-17.953999209688803	-9.4206087367991	0.0	0	1	0	0	1	1	0.09433064326674742	0.6213908899902539	0.7175991735343773	0.34110022883299723	0.58796905220739	0.3904677589746726	0.27045784676843937	0.0	0.6213908899902539	0.0	0.0	0.58796905220739	0.3904677589746726
370000	-36.58560183357774	-19.176559068012974	-17.409042765564763	0.0	0	1	1	0	0	1	0.9242803727136972	0.4101547037963768	0.5457835552240785	3.3857151721621	2.336596363930329	2.5895282337788217	0.4685773038715711	0.0	0.4101547037963768	0.5457835552240785	0.0	0.0	2.5895282337788217
371000	-32.761778788806375	-21.268542926629216	-11.493235862177158	0.0	1	1	0	1	0	0	0.4564646998907302	2.143977458539043	0.6992637387729322	0.5321489157971927	0.7586252722903418	0.29750332847815364	0.2540602803157725	0.4564646998907302	2.143977458539043	0.0	0.5321489157971927	0.0	0.0
372000	-34.057928620426324	-18.815801937583476	-15.242126682842846	0.0	0	1	1	0	1	1	0.7186339769564246	0.42901140134752813	0.11582443476943872	1.3280689912405677	1.7397167613602391	2.448142374050613	0.5643435547440081	0.0	0.42901140134752813	0.11582443476943872	0.0	1.7397167613602391	2.448142374050613
373000	-36.31671942995656	-19.752857719670132	-16.563861710286425	0.0	0	1	1	0	1	1	1.0510940796763824	0.9914074571826182	0.36349603866171487	0.9033331159077225	2.559530815623217	1.235575957803739	1.52903293533379	0.0	0.9914074571826182	0.36349603866171487	0.0	2.559530815623217	1.235575957803739
374000	-40.0489497036117	-18.45141890716737	-21.59753079644433	0.0	0	1	1	0	0	1	0.5414706453091453	0.9175828327594766	1.497646808412481	8.904381326700767	1.1346843632592216	1.5499578272593737	0.39719598737217093	0.0	0.9175828327594766	1.497646808412481	0.0	0.0	1.5499578272593737
375000	-32.14624476301977	-18.999839022251223	-13.14640574076855	0.0	1	1	1	1	0	0	0.4606862247530097	0.1890536108208851	0.40565386841465767	2.380529147892933	1.4402473990781937	0.20925043059682444	0.37755050807179497	0.4606862247530097	0.1890536108208851	0.40565386841465767	2.380529147892933	0.0	0.0
376000	-34.12434785883249	-18.774660701917952	-15.349687156914541	0.0	0	1	1	1	1	1	0.16241784860535963	0.23034235773052608	0.8474005523526599	1.2457684760579664	0.5879988573615572	1.0599430776735943	2.0451361536444206	0.0	0.23034235773052608	0.8474005523526599	1.2457684760579664	0.5879988573615572	1.0599430776735943
377000	-33.318883968300426	-19.652256349955355	-13.666627618345068	0.0	0	1	0	1	1	1	0.11101125930618579	0.8064434012505475	1.9680340952971658	0.6631243259050775	0.12787941499215075	1.0187459919047905	0.9386644491559083	0.0	0.8064434012505475	0.0	0.6631243259050775	0.12787941499215075	1.0187459919047905
378000	-31.62880496020363	-16.990965473193953	-14.637839487009677	0.0	0	1	1	1	1	1	0.19599849932646782	0.3608625715114493	0.7035190743106776	1.2391014450436963	0.6190964222383178	1.0366820329648778	0.9827085836446856	0.0	0.3608625715114493	0.7035190743106776	1.2391014450436963	0.6190964222383178	1.0366820329648778
379000	-31.55708025126538	-17.370435684096105	-14.186644567169274	0.0	0	1	0	0	1	1	2.4440377030939207	0.8527560178257868	1.3366254879692914	0.8229436195706085	0.7971694178665449	1.1099075393496316	0.3159803678052096	0.0	0.8527560178257868	0.0	0.0	0.7971694178665449	1.1099075393496316
380000	-34.388150257250494	-20.471212983966193	-13.916937273284299	0.0	0	1	0	0	1	1	0.7939219591210385	0.8338371976142106	0.7861967512313763	0.10927400314318696	1.7860682123444303	1.2360681161892573	1.4868635755708441	0.0	0.8338371976142106	0.0	0.0	1.7860682123444303	1.2360681161892573
381000	-33.31610811293391	-18.861436185975275	-14.454671926958634	0.0	1	0	1	1	0	1	0.23945086721430106	1.6785531300837062	0.41202393142751814	1.1483563370033367	0.8129297600697312	0.5685233315387501	1.7506016812128185	0.23945086721430106	0.0	0.41202393142751814	1.1483563370033367	0.0	0.5685233315387501
382000	-39.789492390134384	-17.714453624855835	-22.07503876527855	0.0	0	1	1	1	1	1	0.6097664134995211	2.4722184257837103	1.400068290716106	0.3848262996105216	3.895935406702867	3.040266549544311	0.7960536370372245	0.0	2.4722184257837103	1.400068290716106	0.3848262996105216	3.895935406702867	3.040266549544311
383000	-34.26662772523122	-18.257373810165742	-16.00925391506547	0.0	1	1	0	0	1	1	0.1169278123459169	1.1032618058751014	1.4931041772984044	1.9247725273990246	1.6828598898467544	2.076594287884044	0.24084169621202295	0.1169278123459169	1.1032618058751014	0.0	0.0	1.6828598898467544	2.076594287884044
384000	-31.91328598661227	-18.46912932158596	-13.44415666502631	0.0	0	1	1	0	1	1	0.11701856948859357	0.8240302987785514	1.8467151300716904	0.18288634294693984	0.4066012514028385	0.907265653076068	1.13308828116184	0.0	0.8240302987785514	1.8467151300716904	0.0	0.4066012514028385	0.907265653076068
385000	-31.66386955429817	-17.74719441910853	-13.916675135189639	0.0	0	1	1	1	1	1	0.3997220144212948	0.20415706977228598	0.38957873221408723	1.2028237800800547	0.31190118838065123	1.3555697994672906	0.6394249581714545	0.0	0.20415706977228598	0.38957873221408723	1.2028237800800547	0.31190118838065123	1.3555697994672906
386000	-32.13356319850621	-18.458832994273507	-13.674730204232706	0.0	0	1	0	0	1	1	1.2111617364799385	1.3024947977358803	0.15174913064536402	0.5295361846922005	1.6516664813069217	1.0804045926290655	0.7968262853755824	0.0	1.3024947977358803	0.0	0.0	1.6516664813069217	1.0804045926290655
387000	-31.191887808543477	-18.524853545705042	-12.667034262838433	0.0	0	1	1	0	1	1	1.3446833963266602	0.31118701764780926	0.04658970944841371	0.9256474432839334	1.2686503081591647	0.5279672722780202	0.452657032593684	0.0	0.31118701764780926	0.04658970944841371	0.0	1.2686503081591647	0.5279672722780202
388000	-32.57331355780845	-18.099404379994112	-14.473909177814335	0.0	1	0	0	1	1	1	0.16139110500458337	0.08617051975391592	0.9982531907246129	1.9228028628567813	0.20944360462796696	1.199283901090156	2.3664112718504535	0.16139110500458337	0.0	0.0	1.9228028628567813	0.20944360462796696	1.199283901090156
389000	-31.95653508968059	-17.53682321576372	-14.419711873916867	0.0	0	1	1	1	1	1	0.13298700769160432	0.6918975577227875	0.8414514765542078	1.1685876861056708	0.9672666927519165	0.5266532430223397	0.6641633639686229	0.0	0.6918975577227875	0.8414514765542078	1.1685876861056708	0.9672666927519165	0.5266532430223397
390000	-30.77700165616458	-18.212431866491176	-12.564569789673401	0.0	1	0	0	1	1	1	0.22598703219207364	0.22916152671910753	0.4444641491450921	1.3319582692937582	0.3780729009137387	0.7863342811118943	1.1432760523958851	0.22598703219207364	0.0	0.0	1.3319582692937582	0.3780729009137387	0.7863342811118943
391000	-32.12947993092348	-20.03015960109654	-12.099320329826941	0.0	0	1	1	0	1	1	0.3373060417456631	0.41493068963790947	0.24011339171445834	0.8696597573464927	0.02171883585848386	1.1588998207098116	1.022251112004482	0.0	0.41493068963790947	0.24011339171445834	0.0	0.02171883585848386	1.1588998207098116
392000	-32.71259015351012	-22.00617666775714	-10.70641348575298	0.0	1	1	0	1	0	0	0.19363430835230253	0.21279939022587188	2.4624048821963735	0.5479952135772022	0.0899045924237012	1.144242168596504	0.1465415932802497	0.19363430835230253	0.21279939022587188	0.0	0.5479952135772022	0.0	0.0
393000	-33.579029242893064	-21.753178683947276	-11.825850558945788	0.0	1	1	0	0	0	0	0.5743748569764172	1.6106316221739478	0.07579352079002798	2.8915889371304075	0.5692904742319501	0.18627464593993423	0.18432301807473064	0.5743748569764172	1.6106316221739478	0.0	0.0	0.0	0.0
394000	-34.514028201417034	-18.182445152251635	-16.331583049165403	0.0	0	1	0	0	1	1	1.0739738688641665	1.0702373654359933	0.971218252887814	0.9202427478613825	2.3549302832782155	3.2495659264903396	0.27693894471937347	0.0	1.0702373654359933	0.0	0.0	2.3549302832782155	3.2495659264903396
395000	-41.17238930087133	-20.690256394686248	-20.482132906185086	0.0	0	1	1	1	0	1	5.059772305258685	1.8706438533094598	0.6081129286230905	0.34467620787253106	0.9994563816382377	2.646710256483817	0.9213395143641271	0.0	1.8706438533094598	0.6081129286230905	0.34467620787253106	0.0	2.646710256483817
396000	-33.400203693052816	-21.24283707745852	-12.157366615594299	0.0	0	1	0	0	0	1	0.24580856982235294	1.7024621953019365	0.8273203831953271	0.26947698791692326	0.32956073694953447	1.7286924057602198	0.5745489257734465	0.0	1.7024621953019365	0.0	0.0	0.0	1.7286924057602198
397000	-31.587887788696072	-19.090610660683787	-12.497277128012286	0.0	0	1	1	1	0	1	0.12540680673656926	0.6272917827730418	0.21041636963539065	1.4735653279780592	0.5761396740904292	1.4554669858348646	0.365654668222362	0.0	0.6272917827730418	0.21041636963539065	1.4735653279780592	0.0	1.4554669858348646
398000	-30.092463986769367	-19.12216862956566	-10.970295357203709	0.0	0	1	1	0	0	1	1.3257093784707998	0.9640520784648202	0.6368907786884755	0.07669496312848471	0.16477293703685197	0.9038403425787308	0.34065174883555266	0.0	0.9640520784648202	0.6368907786884755	0.0	0.0	0.9038403425787308
399000	-32.216990259249854	-18.160298543728185	-14.056691715521673	0.0	0	1	1	1	0	1	1.7940491398100875	0.2358641125870216	1.1806710975048131	0.469543978619692	0.9516222238397563	0.9017569485618322	0.5995287756257976	0.0	0.2358641125870216	1.1806710975048131	0.469543978619692	0.0	0.9017569485618322
400000	-31.260647225418975	-17.855932205640755	-13.40471501977822	0.0	0	1	0	0	1	1	0.48653397264227843	0.4283038072209036	0.9819149551189328	2.921799797144999	0.5288817204011361	0.5146461753722034	0.6490414942184329	0.0	0.4283038072209036	0.0	0.0	0.5288817204011361	0.5146461753722034
401000	-33.5676790353685	-17.413881438298613	-16.15379759706989	0.0	0	1	1	1	1	1	2.000924120636274	0.529097206886494	1.0251897722190806	0.3167654175323301	0.523696021790819	1.7766973242361541	0.5952890382901238	0.0	0.529097206886494	1.0251897722190806	0.3167654175323301	0.523696021790819	1.7766973242361541
402000	-37.64362840596495	-17.960180761450825	-19.683447644514118	0.0	0	1	1	1	1	1	1.9366312263157943	0.3232522652550026	0.9767566198539374	3.7944955510480676	0.4272354447180651	1.8099169286701469	0.9186355184617769	0.0	0.3232522652550026	0.9767566198539374	3.7944955510480676	0.4272354447180651	1.8099169286701469
403000	-33.52875875392638	-17.790234823416654	-15.738523930509729	0.0	0	1	1	1	0	1	0.06945859746478783	0.32506924455840064	1.6453021536081494	0.3658449680475411	2.8120699787207726	1.6593897373049085	0.8408774770872003	0.0	0.32506924455840064	1.6453021536081494	0.3658449680475411	0.0	1.6593897373049085
404000	-28.09656257385122	-19.103122642178786	-8.993439931672434	0.0	0	1	0	0	1	1	0.007738888144521261	0.31994880057211034	0.03182383772437925	0.5310611714927647	0.13631578967122832	1.4181018293713628	0.24002088082293765	0.0	0.31994880057211034	0.0	0.0	0.13631578967122832	1.4181018293713628
405000	-34.96656751830685	-20.062779018982045	-14.903788499324808	0.0	0	1	0	0	1	1	1.8563076787342212	3.393711323774405	0.0860272867413019	0.8604134439036399	0.640276012904054	1.0102021204445937	0.3992055738954508	0.0	3.393711323774405	0.0	0.0	0.640276012904054	1.0102021204445937
406000	-33.14642025471293	-21.608226865133844	-11.538193389579085	0.0	0	1	1	0	0	1	0.6367119353097822	1.0687087496407375	0.8554953773657838	0.39952381330255426	0.7025630390315889	0.3346720805996798	0.647668964340585	0.0	1.0687087496407375	0.8554953773657838	0.0	0.0	0.3346720805996798
407000	-33.393818820981025	-17.068695833103035	-16.32512298787799	0.0	0	1	0	1	1	1	0.6665911647868242	0.6878580762304298	2.6052471082852797	1.951688966305431	0.6201369680933542	1.498514005447728	0.47720233334554896	0.0	0.6878580762304298	0.0	1.951688966305431	0.6201369680933542	1.498514005447728
408000	-34.01293342919856	-22.03482137052735	-11.978112058671211	0.0	0	1	0	1	0	1	0.25010565500575294	0.10790556857628317	1.0426116094267563	1.1007887706861015	0.4660406297143551	0.9714767415032362	1.0664859089744865	0.0	0.10790556857628317	0.0	1.1007887706861015	0.0	0.9714767415032362
409000	-33.335965098688014	-17.651152586767218	-15.684812511920795	0.0	1	1	0	1	1	1	0.05800866119334069	0.824658265678398	2.7072090705677767	0.8550413489748468	1.1282909197786148	0.476166934844863	0.4211060338927793	0.05800866119334069	0.824658265678398	0.0	0.8550413489748468	1.1282909197786148	0.476166934844863
410000	-36.35042012812531	-17.204282595408372	-19.14613753271693	0.0	0	1	0	1	1	1	0.6639485187746231	1.688655374126108	0.5650534429839116	3.687202084871812	0.5155148056349123	3.2576867469099007	0.765948449161495	0.0	1.688655374126108	0.0	3.687202084871812	0.5155148056349123	3.2576867469099007
411000	-36.645928266704956	-19.475516903695322	-17.170411363009638	0.0	0	1	1	1	1	1	0.15030375431345885	0.9381452808486407	2.1508891162455748	3.2650474408823387	0.004260315762812801	0.527258275824545	0.6937981974899611	0.0	0.9381452808486407	2.1508891162455748	3.2650474408823387	0.004260315762812801	0.527258275824545
412000	-32.31993032148898	-20.130368613631195	-12.189561707857791	0.0	0	1	0	0	0	1	0.8231181293331413	0.9437462861214954	1.4450355562925403	1.4138449230291792	6.208249947305265E-4	1.198772365394193	0.2881726826373939	0.0	0.9437462861214954	0.0	0.0	0.0	1.198772365394193
413000	-44.783090464294844	-20.093422744345315	-24.689667719949533	0.0	1	0	1	1	1	0	0.5010914424563999	8.390034889720537	0.9004700021837831	2.115981846997556	3.531633091608901	0.3116693293748407	0.9085533059134678	0.5010914424563999	0.0	0.9004700021837831	2.115981846997556	3.531633091608901	0.0
414000	-35.54560058678293	-18.516901602780095	-17.028698984002837	0.0	1	1	1	1	0	1	0.658646753035149	0.5953350762832732	1.8999246772041045	2.6949928784145625	0.7910128714805617	0.6443409821637704	0.46963398664950995	0.658646753035149	0.5953350762832732	1.8999246772041045	2.6949928784145625	0.0	0.6443409821637704
415000	-32.17141885570841	-21.537090123176988	-10.634328732531422	0.0	0	1	0	0	0	1	0.27722502976849667	0.7362558123431794	0.7537404813097626	0.10447247524767114	0.8714383509717422	1.7647284382059607	0.22710837959512775	0.0	0.7362558123431794	0.0	0.0	0.0	1.7647284382059607
416000	-33.525895799031446	-19.308820012963977	-14.217075786067468	0.0	1	0	0	1	1	0	0.5545420670034144	3.191963327407995	0.6741967649817008	1.130152144158462	0.5586648383679995	0.157919123707657	0.9751395263680536	0.5545420670034144	0.0	0.0	1.130152144158462	0.5586648383679995	0.0
417000	-38.23981418904104	-19.72785450365181	-18.511959685389236	0.0	1	1	1	0	1	1	0.3752904808246016	1.0502828643935926	3.637901959422765	0.290816480428485	0.4188290791447341	1.600125028257867	1.8935185440975604	0.3752904808246016	1.0502828643935926	3.637901959422765	0.0	0.4188290791447341	1.600125028257867
418000	-33.617246244565635	-17.810817096787066	-15.806429147778566	0.0	0	1	0	1	1	1	0.3883491292199664	1.3182320452628498	0.1478381623141712	0.7106751439157217	2.197264784410894	1.9861884203136686	1.0234679488587253	0.0	1.3182320452628498	0.0	0.7106751439157217	2.197264784410894	1.9861884203136686
419000	-32.919491557261814	-18.764433027219646	-14.155058530042169	0.0	0	1	1	0	0	1	0.8322491649674932	0.8794034839528382	0.5367677143665397	1.698985605105434	1.8810287062394782	1.0421733390603678	0.5012986458430371	0.0	0.8794034839528382	0.5367677143665397	0.0	0.0	1.0421733390603678
420000	-31.119839761511336	-18.74655695588723	-12.37328280562411	0.0	1	1	1	1	0	1	0.14257962536249283	0.42575395268104493	0.1349295677214854	1.139336412046642	0.33960860802807546	0.5828236145089216	0.4098054261800182	0.14257962536249283	0.42575395268104493	0.1349295677214854	1.139336412046642	0.0	0.5828236145089216
421000	-28.88333085994382	-18.479380819064325	-10.403950040879494	0.0	0	1	1	0	1	1	0.1128862894888794	0.4684767823311338	0.24521769816026387	0.030333139836248052	1.070055384464769	0.7447808146247762	0.2716993357412873	0.0	0.4684767823311338	0.24521769816026387	0.0	1.070055384464769	0.7447808146247762
422000	-34.46241030860564	-21.862612682531577	-12.599797626074066	0.0	0	1	0	1	0	1	0.02672889143614296	0.864189302823069	0.70092434795516	0.35494639024009245	1.9078460494180647	2.192851222164774	0.24095029457832215	0.0	0.864189302823069	0.0	0.35494639024009245	0.0	2.192851222164774
423000	-33.103478933867564	-17.555943302345216	-15.547535631522347	0.0	0	1	0	0	1	1	0.7650724153101837	0.7197031606190105	3.996529440868768	0.8876341193750671	0.4789221523531569	1.792531437681543	0.34366746406546905	0.0	0.7197031606190105	0.0	0.0	0.4789221523531569	1.792531437681543
424000	-33.386704077796445	-20.967725613337347	-12.418978464459098	0.0	0	1	1	0	0	1	3.3490640560122347	0.3126943213941337	0.22336210351415495	1.2458515592231065	0.3846655095160146	0.09743366165234764	0.3105579967847634	0.0	0.3126943213941337	0.22336210351415495	0.0	0.0	0.09743366165234764
425000	-34.185149307407706	-19.99390535044779	-14.191243956959916	0.0	0	1	0	0	0	1	1.3677911357667856	0.8021758255792276	1.0943863335901522	0.032798876719383176	3.0000792009601853	1.4295155183939972	0.3185256885119549	0.0	0.8021758255792276	0.0	0.0	0.0	1.4295155183939972
426000	-32.057085449736256	-19.82275485109887	-12.234330598637387	0.0	0	1	1	0	1	1	0.6738787629865772	0.9598201057001589	0.1416399243036194	0.36677341356314286	2.1189237864309596	0.4610098403633238	0.21802603813526217	0.0	0.9598201057001589	0.1416399243036194	0.0	2.1189237864309596	0.4610098403633238
427000	-34.98168284124806	-22.405358372040585	-12.576324469207474	0.0	0	1	0	1	0	1	0.7628959702205175	0.051814846011937934	0.7872173708946696	0.694133703971014	0.3141973288204604	1.2182194637238324	2.165477796526087	0.0	0.051814846011937934	0.0	0.694133703971014	0.0	1.2182194637238324
428000	-33.56064959433906	-20.427239801061276	-13.133409793277785	0.0	0	1	0	0	0	1	3.0598325069841663	0.43670800555992717	0.24871376201670958	0.5831824087970309	0.15157970777953123	1.2542360068786327	0.8114361057274153	0.0	0.43670800555992717	0.0	0.0	0.0	1.2542360068786327
429000	-35.4720778709642	-18.901351538761087	-16.57072633220311	0.0	0	1	0	1	1	1	1.081794969506062	0.7769450347210236	0.5097393508431303	1.1400648386413592	2.132421321879291	0.9572887495088788	2.5527522889492684	0.0	0.7769450347210236	0.0	1.1400648386413592	2.132421321879291	0.9572887495088788
430000	-30.798670172065226	-18.21432890072441	-12.584341271340815	0.0	0	1	1	0	1	1	1.1252884539550014	0.969442135681728	0.051177329819801165	1.7265273598384472	0.3904498665881742	0.49839306167892716	0.2975624944932677	0.0	0.969442135681728	0.051177329819801165	0.0	0.3904498665881742	0.49839306167892716
431000	-33.82775682725541	-19.184997853562347	-14.642758973693065	0.0	0	1	1	0	0	1	3.126399634369571	0.11859489751479317	0.5022380819169074	0.9973604453833202	1.0546379651586169	1.0388425593832376	0.8435465285423929	0.0	0.11859489751479317	0.5022380819169074	0.0	0.0	1.0388425593832376
432000	-34.38869688340323	-21.44088751743141	-12.947809365971821	0.0	1	0	0	1	1	0	1.0513927319162204	0.963117872537208	1.087407971486687	0.8747343998906115	1.2466819276046832	0.43230774281436507	0.505183667596406	1.0513927319162204	0.0	0.0	0.8747343998906115	1.2466819276046832	0.0
433000	-35.10659751459782	-17.191922575277104	-17.914674939320715	0.0	0	1	0	1	1	1	1.5436395044990294	0.26076912198370633	5.491879825799972	1.0484897485547269	0.6113479733346231	0.4282487987527539	0.6038118000453117	0.0	0.26076912198370633	0.0	1.0484897485547269	0.6113479733346231	0.4282487987527539
434000	-31.977946459517717	-19.94934791376685	-12.028598545750867	0.0	1	1	0	1	1	0	0.8275413225392685	0.4790450512634309	0.17068824505350397	0.5450960992859029	1.6188169059457191	0.010241249109464856	0.5180464105346775	0.8275413225392685	0.4790450512634309	0.0	0.5450960992859029	1.6188169059457191	0.0
435000	-30.095951840207487	-18.454749596515807	-11.64120224369168	0.0	0	1	1	0	1	1	0.43064582799549644	0.6912367931103305	0.3493554849968287	0.05723494632448139	0.9034340906236586	1.6384976718225444	0.2311744383337547	0.0	0.6912367931103305	0.3493554849968287	0.0	0.9034340906236586	1.6384976718225444
436000	-29.709445914961226	-18.83469479227718	-10.874751122684046	0.0	1	1	1	1	0	1	0.12174617937376224	0.0505064969423186	0.15817182467473756	0.2490945593980486	0.5559125313540132	0.032562520778186874	0.452254274064889	0.12174617937376224	0.0505064969423186	0.15817182467473756	0.2490945593980486	0.0	0.032562520778186874
437000	-31.53192451496501	-17.608427755052933	-13.923496759912076	0.0	0	1	0	0	1	1	0.36065421154262406	0.47331512882764115	3.576457329851322	0.6813587972479721	0.40655906600898306	1.1136616085696789	0.5150455951145244	0.0	0.47331512882764115	0.0	0.0	0.40655906600898306	1.1136616085696789
438000	-40.58945584763369	-20.031070760703233	-20.558385086930457	0.0	0	1	0	1	1	1	1.9153573765795469	2.1220778252197823	0.4461264723831761	0.4355716720630923	4.749277092490006	0.6049527600106659	3.4872009898448084	0.0	2.1220778252197823	0.0	0.4355716720630923	4.749277092490006	0.6049527600106659
439000	-34.833214015371325	-18.207043621179164	-16.626170394192165	0.0	0	1	1	1	0	1	0.4824923098765082	1.4711270596692374	1.1513495347744236	0.4793765566392541	0.3486627443038846	4.412708106097027	0.4702668310070729	0.0	1.4711270596692374	1.1513495347744236	0.4793765566392541	0.0	4.412708106097027
440000	-35.37000224317235	-17.871758345690115	-17.498243897482233	0.0	0	1	1	1	1	1	0.07298440003895901	2.4143223318216833	0.04326255119548447	0.9029728070381826	2.7394621149886373	2.153691190843963	0.26472407045788077	0.0	2.4143223318216833	0.04326255119548447	0.9029728070381826	2.7394621149886373	2.153691190843963
441000	-34.369383164873355	-20.87686232672993	-13.492520838143427	0.0	0	1	0	1	0	1	0.5646295366356164	2.192100583341643	0.04859314433473075	0.8568269663801429	0.5339026027042402	2.6858372791811647	0.25543139254915953	0.0	2.192100583341643	0.0	0.8568269663801429	0.0	2.6858372791811647
442000	-33.044170326091134	-17.04889546893084	-15.99527485716029	0.0	0	1	1	1	1	1	0.8843585596939115	1.3732060974422868	0.3227901656267214	1.146196049934216	1.1747525778341545	1.4180635134139246	0.43850812374928033	0.0	1.3732060974422868	0.3227901656267214	1.146196049934216	1.1747525778341545	1.4180635134139246
443000	-34.11569340255006	-19.078888256114986	-15.03680514643507	0.0	1	1	1	1	1	0	0.4816571754670348	1.1374911479014036	0.0010504102950201508	0.5614319572915212	2.704573558944446	0.20204149198088767	0.5760330923309243	0.4816571754670348	1.1374911479014036	0.0010504102950201508	0.5614319572915212	2.704573558944446	0.0
444000	-30.265349220023918	-17.729754943247773	-12.535594276776145	0.0	0	1	0	0	1	1	0.9274905716176811	1.0864117723992455	0.03703514465517937	1.3595715324473472	0.42789137843640634	1.960205832288748	0.28986149048848747	0.0	1.0864117723992455	0.0	0.0	0.42789137843640634	1.960205832288748
445000	-32.45895434260696	-21.405869056724228	-11.05308528588273	0.0	1	1	0	0	1	0	0.3459034544674988	0.6234893145765535	0.9594011831444073	0.6468151256447577	0.4681626632549385	1.3902772276317872	0.25758910446480704	0.3459034544674988	0.6234893145765535	0.0	0.0	0.4681626632549385	0.0
446000	-27.271045974091734	-17.20198333656375	-10.069062637527985	0.0	0	1	0	1	1	1	0.11175441402913124	0.27424852922686926	0.05393818883167884	0.2830513220593634	0.566673968192998	0.598747339253022	0.42557444188964255	0.0	0.27424852922686926	0.0	0.2830513220593634	0.566673968192998	0.598747339253022
447000	-32.377229532972535	-19.03473880142297	-13.342490731549562	0.0	0	1	1	0	1	1	1.9239756883546792	0.20325101703735515	0.010693027083443251	1.829794349851461	0.27773299544635033	0.09032490233903692	0.9724214122320181	0.0	0.20325101703735515	0.010693027083443251	0.0	0.27773299544635033	0.09032490233903692
448000	-30.056603577742735	-17.856754552119327	-12.199849025623408	0.0	0	1	1	0	1	1	0.2855186223376982	0.6753643922900799	0.38495644929493295	0.37167263214073526	0.23782508283616408	1.8229274329295628	0.5415852417755952	0.0	0.6753643922900799	0.38495644929493295	0.0	0.23782508283616408	1.8229274329295628
449000	-36.855734964605105	-20.06897925940409	-16.786755705201017	0.0	1	0	0	1	1	0	0.3813712966185471	4.3658439571504575	0.06220111662397626	3.674599400963742	0.4054614730752041	0.025138049289577576	0.9024187646048951	0.3813712966185471	0.0	0.0	3.674599400963742	0.4054614730752041	0.0
450000	-31.81403957385227	-17.959061520414895	-13.854978053437376	0.0	0	1	1	1	0	1	0.2569033347219579	0.19181678772355165	0.6118774210608231	1.2726379091373412	0.22590210070438566	1.2724293414957781	2.6859349287536283	0.0	0.19181678772355165	0.6118774210608231	1.2726379091373412	0.0	1.2724293414957781
451000	-35.99855053221535	-19.210721808498654	-16.787828723716693	0.0	0	1	1	1	0	1	0.6705586279687581	0.19280750584317524	1.3597972756383943	1.65051657103075	0.046688487235751565	2.8515172103011572	2.66598409015618	0.0	0.19280750584317524	1.3597972756383943	1.65051657103075	0.0	2.8515172103011572
452000	-32.60616835497467	-18.402691330801403	-14.203477024173266	0.0	0	1	0	1	1	1	0.36415531533963924	0.7645134213919826	3.8995001817555166	0.018618402629011148	0.532082574907569	0.3058481667940704	0.4886395444736058	0.0	0.7645134213919826	0.0	0.018618402629011148	0.532082574907569	0.3058481667940704
453000	-32.080541670822825	-19.49931524089545	-12.581226429927373	0.0	0	1	0	1	1	1	2.1538714904261167	0.45610529653706006	0.7351369326366414	0.16484352172960617	0.7337645680006463	1.1127035295607657	0.16351383716141835	0.0	0.45610529653706006	0.0	0.16484352172960617	0.7337645680006463	1.1127035295607657
454000	-33.96164460944071	-17.786517185708174	-16.17512742373254	0.0	0	1	0	1	1	1	0.15911428537120384	0.3516436802301858	1.1987977883555225	1.7692823119682486	1.8648200673563158	1.3881007419333649	1.50469175612587	0.0	0.3516436802301858	0.0	1.7692823119682486	1.8648200673563158	1.3881007419333649
455000	-30.815794637382226	-18.227559850017684	-12.588234787364541	0.0	0	1	0	0	1	1	0.17357500373883858	0.48134157375488396	1.6751313778513646	1.5049730912486492	1.1077226258750514	1.0096723638901286	0.2619518119538497	0.0	0.48134157375488396	0.0	0.0	1.1077226258750514	1.0096723638901286
456000	-32.179049630447466	-18.106987229204666	-14.072062401242801	0.0	0	1	0	0	1	1	0.7270131924868647	1.481642072613162	0.728145210923275	1.0722611473132084	1.5107258429626398	1.0378643944823098	0.6309725968991184	0.0	1.481642072613162	0.0	0.0	1.5107258429626398	1.0378643944823098
457000	-36.10607309303962	-17.675543192832706	-18.430529900206913	0.0	1	1	0	1	1	1	0.19368403456809777	0.4702774455178312	1.292931075405199	2.3003793732451623	1.0864863701655711	3.0584164939205705	0.6239016681910654	0.19368403456809777	0.4702774455178312	0.0	2.3003793732451623	1.0864863701655711	3.0584164939205705
458000	-34.55003555764442	-21.66297613829093	-12.887059419353491	0.0	1	1	1	0	0	1	0.905962434708265	1.2612746397707115	0.6743333119564563	0.3367903364277313	1.7895355199611143	0.15112833938146528	0.28161951363093873	0.905962434708265	1.2612746397707115	0.6743333119564563	0.0	0.0	0.15112833938146528
459000	-35.48924812238957	-18.51187413039481	-16.977373991994757	0.0	0	1	0	1	1	1	1.9396327922608354	1.1132952449288196	1.5344492801936391	1.3963706517595174	2.233368954041503	0.9712703936327697	0.2875865203490716	0.0	1.1132952449288196	0.0	1.3963706517595174	2.233368954041503	0.9712703936327697
460000	-37.80364217454691	-18.0659173536862	-19.737724820860713	0.0	0	1	1	1	1	1	2.396638940004864	0.30327112813010493	0.8339613956784231	1.7604920192785696	0.4481037501448524	2.775824792694899	2.052538632659617	0.0	0.30327112813010493	0.8339613956784231	1.7604920192785696	0.4481037501448524	2.775824792694899
461000	-33.819780917271366	-18.343028731121706	-15.47675218614966	0.0	0	1	1	1	0	1	0.1782144831659077	1.2568822293510735	0.49910847870734315	1.5728650789135428	2.4369578103590532	1.284153149077214	0.4555019499172389	0.0	1.2568822293510735	0.49910847870734315	1.5728650789135428	0.0	1.284153149077214
462000	-32.36113725920505	-17.91425564237602	-14.446881616829028	0.0	0	1	1	1	0	1	2.538347513722702	0.45403260053627525	0.2940648659935893	0.3470158074737772	1.2245847405887083	0.794960926692541	0.785970494936486	0.0	0.45403260053627525	0.2940648659935893	0.3470158074737772	0.0	0.794960926692541
463000	-34.103362067851904	-19.284011167633757	-14.819350900218147	0.0	0	1	1	1	0	1	0.24603134637783353	0.9665627899292172	1.9203825273435802	0.8481415799264331	1.6277136150898013	1.2906609425722677	0.32782695758027003	0.0	0.9665627899292172	1.9203825273435802	0.8481415799264331	0.0	1.2906609425722677
464000	-34.65735878062784	-19.108849371781403	-15.548509408846435	0.0	1	1	1	1	1	1	0.34837156360556754	0.5557779790572585	1.018932720619487	0.40884246100987615	1.0547238010600104	0.9088752396116044	0.3677234588408951	0.34837156360556754	0.5557779790572585	1.018932720619487	0.40884246100987615	1.0547238010600104	0.9088752396116044
465000	-32.66959270997515	-21.22011751415056	-11.44947519582459	0.0	0	1	1	0	0	1	0.05704883267148494	2.2153373610622666	0.22055502167642801	1.211880389960803	0.2761410536321435	1.0928030543429776	0.20191584887958688	0.0	2.2153373610622666	0.22055502167642801	0.0	0.0	1.0928030543429776
466000	-29.88807371921684	-18.030888288193907	-11.857185431022934	0.0	0	1	0	0	1	1	0.33895866733890556	0.4018391782760601	1.9311663402812327	0.5293203499905165	0.6209002068288955	1.3309908458901936	0.2804516657210477	0.0	0.4018391782760601	0.0	0.0	0.6209002068288955	1.3309908458901936
467000	-30.781770233364337	-18.2749541157745	-12.506816117589839	0.0	0	1	1	0	0	1	0.9499972984060285	0.30343990234068874	1.2322115598824086	0.3002831025231763	0.8374612091159036	1.4369191635002463	0.5895321652996643	0.0	0.30343990234068874	1.2322115598824086	0.0	0.0	1.4369191635002463
468000	-33.3774814079903	-19.633585345893838	-13.743896062096463	0.0	0	1	1	0	0	1	0.37801474905814225	0.7989171509158314	0.510178948056336	1.7154406027945834	2.6572353934237407	0.4902878576819554	0.4578426867378794	0.0	0.7989171509158314	0.510178948056336	0.0	0.0	0.4902878576819554
469000	-33.04521263414008	-18.02034957106152	-15.02486306307856	0.0	0	1	1	1	1	1	0.34636974170594675	0.48634816522716573	0.4974763060392615	1.0757495534678496	0.03802547601140996	1.588950092655854	1.6352216083350926	0.0	0.48634816522716573	0.4974763060392615	1.0757495534678496	0.03802547601140996	1.588950092655854
470000	-27.911930944359785	-17.479846243583705	-10.43208470077608	0.0	0	1	0	0	1	1	0.49241328588674194	0.6809085323069146	0.3578220284578112	0.7094531465346989	0.4047352119972272	1.0232527320944695	0.2976545678388886	0.0	0.6809085323069146	0.0	0.0	0.4047352119972272	1.0232527320944695
471000	-35.16541212271088	-19.282739811731368	-15.882672310979515	0.0	1	1	0	0	1	1	0.30499874383732917	1.2417950967900806	1.3610220853438262	0.3087764844484551	1.2286124763656108	2.7399105057359545	0.7137814740473675	0.30499874383732917	1.2417950967900806	0.0	0.0	1.2286124763656108	2.7399105057359545
472000	-31.994458120024795	-18.967455331100386	-13.02700278892441	0.0	0	1	1	0	0	1	0.16302934078403092	1.0315510884714247	1.1538951414140226	0.3596395985218662	2.3681408886886413	0.9689341952695605	0.3703291489993422	0.0	1.0315510884714247	1.1538951414140226	0.0	0.0	0.9689341952695605
473000	-35.50113387863382	-22.046898441501686	-13.454235437132134	0.0	1	0	1	1	0	0	0.5300702226639205	3.1465902893300113	0.5455621097304477	1.1052399257693557	1.3542654979456845	0.24175559832092125	0.23580721934003349	0.5300702226639205	0.0	0.5455621097304477	1.1052399257693557	0.0	0.0
474000	-41.40039812785575	-22.507378762341705	-18.893019365514043	0.0	1	1	1	0	0	0	0.4453794282669117	1.0214046043444358	4.2163063142761565	1.2480909552231427	0.32987244509830155	3.557146548086819	1.105173104809922	0.4453794282669117	1.0214046043444358	4.2163063142761565	0.0	0.0	0.0
475000	-32.375526939342116	-17.445233419748227	-14.930293519593889	0.0	0	1	1	1	0	1	1.5376995761897874	0.2521687579754126	1.1866417277113006	1.143755923598694	0.5800389748976365	0.9889165849036877	1.2292014818148929	0.0	0.2521687579754126	1.1866417277113006	1.143755923598694	0.0	0.9889165849036877
476000	-33.737341225772695	-18.52209657429126	-15.21524465148143	0.0	0	1	1	0	1	1	0.01923503260533502	0.9863200346501818	0.3249163182083757	2.178085868195168	0.7681053205281064	2.1167310998188356	0.8082737069718097	0.0	0.9863200346501818	0.3249163182083757	0.0	0.7681053205281064	2.1167310998188356
477000	-31.90388676278631	-17.41053303786085	-14.49335372492546	0.0	0	1	1	1	1	1	0.006726167461370873	0.5310674950748757	0.33226037408318815	1.2469574878883265	1.5748572927639342	0.6636792400178846	0.696091161929483	0.0	0.5310674950748757	0.33226037408318815	1.2469574878883265	1.5748572927639342	0.6636792400178846
478000	-36.82270584595982	-19.72534874089975	-17.09735710506007	0.0	0	1	0	0	0	1	0.8351491935238861	0.4848919185929038	0.4107578493465508	0.4156016957975667	6.307487437397498	1.6760199217051817	0.5268680057959075	0.0	0.4848919185929038	0.0	0.0	0.0	1.6760199217051817
479000	-38.37445511431009	-19.502818321873068	-18.87163679243702	0.0	1	0	0	1	1	0	0.6034723245127661	1.299231284624684	1.2900039961915353	2.8768726547350734	4.689677179343645	0.3043912807277651	0.8463375338953563	0.6034723245127661	0.0	0.0	2.8768726547350734	4.689677179343645	0.0
480000	-32.643386431617294	-19.114551502753798	-13.528834928863494	0.0	0	1	1	0	0	1	0.7257368540931786	0.9635058728918366	1.4170786152748356	1.1349244705875583	1.3293594079925348	0.6541373802084713	0.5112473567863639	0.0	0.9635058728918366	1.4170786152748356	0.0	0.0	0.6541373802084713
481000	-36.26495784690401	-17.777123669825087	-18.487834177078927	0.0	0	1	1	1	0	1	0.2954362176053236	0.36860362093967347	0.9452088634178939	3.500165082037662	0.1942694778249208	3.033700896736268	3.049054111106714	0.0	0.36860362093967347	0.9452088634178939	3.500165082037662	0.0	3.033700896736268
482000	-28.45656962959378	-17.911174942886955	-10.545394686706826	0.0	0	1	0	1	1	1	0.4483535312855524	0.1793280106782805	1.916119095070807	0.018065075572764287	0.17406674685024162	0.24673049543261555	0.22931592992758137	0.0	0.1793280106782805	0.0	0.018065075572764287	0.17406674685024162	0.24673049543261555
483000	-36.33601756794364	-17.111828363104337	-19.224189204839305	0.0	0	1	1	1	1	1	0.10174634189620807	1.1908779372073492	0.2531100329277928	4.79023236552186	0.5148400541185337	2.016711505148317	0.8664414147787894	0.0	1.1908779372073492	0.2531100329277928	4.79023236552186	0.5148400541185337	2.016711505148317
484000	-32.24330969067053	-17.47157234870453	-14.771737341966002	0.0	0	1	1	1	0	1	1.278195353364161	0.3833429724168776	0.25892726231193514	1.9531611708040684	0.7017420608268066	1.3043026011831393	0.8670764189010532	0.0	0.3833429724168776	0.25892726231193514	1.9531611708040684	0.0	1.3043026011831393
485000	-36.53912628602578	-20.094055015233355	-16.44507127079242	0.0	0	1	0	0	1	1	2.087689141757591	0.5000987584739683	1.6146445122023072	0.5433386245055912	0.29352861763743593	3.6800104274921246	0.7795181323872702	0.0	0.5000987584739683	0.0	0.0	0.29352861763743593	3.6800104274921246
486000	-30.233840351753347	-16.905573435288638	-13.32826691646471	0.0	0	1	0	1	1	1	1.6179921532467039	0.30758737056127267	0.7013010839026286	1.190841082977679	0.3695038470986723	0.6339285732074006	0.5899666723380557	0.0	0.30758737056127267	0.0	1.190841082977679	0.3695038470986723	0.6339285732074006
487000	-31.075874112588167	-19.586870007812966	-11.489004104775201	0.0	0	1	0	0	1	1	0.2980397139724225	0.668254897731258	0.27245112090988693	1.4050006224383496	1.7383418569014766	0.22648271862462055	0.33460379178281263	0.0	0.668254897731258	0.0	0.0	1.7383418569014766	0.22648271862462055
488000	-35.61563032378304	-18.12279324389931	-17.49283707988373	0.0	0	1	0	1	1	1	5.738003617498465	0.4896827971363604	0.60412024435186	0.45399944695303385	1.5341142230909182	0.6151809163558145	0.37632499012598647	0.0	0.4896827971363604	0.0	0.45399944695303385	1.5341142230909182	0.6151809163558145
489000	-28.12671476290728	-17.65692188044421	-10.469792882463071	0.0	0	1	0	0	1	1	0.11845292900599343	1.1596633194956818	0.2847883672902032	0.07513334150248281	0.7848317742142785	0.9163268030202397	0.4297765575663965	0.0	1.1596633194956818	0.0	0.0	0.7848317742142785	0.9163268030202397
490000	-31.330512567109665	-20.76299180553979	-10.567520761569874	0.0	0	1	0	0	0	1	0.34820754046426955	0.8812714641052188	0.7982721626985547	0.004778425183169132	1.6894393337629077	0.5223545905774007	0.27652573920682644	0.0	0.8812714641052188	0.0	0.0	0.0	0.5223545905774007
491000	-31.867133500435838	-17.508100210045928	-14.35903329038991	0.0	0	1	0	0	1	1	4.117672140899631	0.2215663946493052	1.5056856586853997	0.4387039174520093	0.25806187165773614	0.6063479291263785	0.46577790051701196	0.0	0.2215663946493052	0.0	0.0	0.25806187165773614	0.6063479291263785
492000	-31.067043362987853	-18.08800834889997	-12.979035014087884	0.0	0	1	0	0	1	1	0.8850054178369197	1.702842756103574	0.12080075239767708	0.29226716675130254	2.2152464691867784	1.0524664063524272	0.28225253894527175	0.0	1.702842756103574	0.0	0.0	2.2152464691867784	1.0524664063524272
493000	-36.72511746408536	-21.356104590132666	-15.369012873952695	0.0	0	1	0	1	0	1	1.2084093898087238	0.7839205554489704	0.7819002931778938	0.9334542123170825	1.0714796650470262	2.2724169819448967	1.408540228826523	0.0	0.7839205554489704	0.0	0.9334542123170825	0.0	2.2724169819448967
494000	-33.55850529924729	-18.44810009281518	-15.110405206432109	0.0	1	1	1	1	1	1	0.13625766773245118	1.1204625171866436	0.4871302425526219	0.0786884626467253	0.9834919982312328	0.5783086684354265	0.5903183258673937	0.13625766773245118	1.1204625171866436	0.4871302425526219	0.0786884626467253	0.9834919982312328	0.5783086684354265
495000	-31.01639429848794	-19.34138796174338	-11.675006336744557	0.0	1	0	0	1	1	0	0.16415990122918056	0.8551726699394767	1.4020901275449589	0.3422354837203999	0.28393106701259413	0.3015508717266851	1.4204657548048416	0.16415990122918056	0.0	0.0	0.3422354837203999	0.28393106701259413	0.0
496000	-32.31876405933191	-19.82904799090551	-12.4897160684264	0.0	0	1	0	1	0	1	0.3141510258621883	0.7378975144244574	0.80727351201175	1.1829195802545394	0.7020152776692633	1.1091499580228754	0.712800233971821	0.0	0.7378975144244574	0.0	1.1829195802545394	0.0	1.1091499580228754
497000	-29.240460566654452	-17.775358066995008	-11.465102499659444	0.0	0	1	0	0	1	1	0.900396599460468	0.5416480923721498	0.333810899143392	1.1231071456448805	0.21446167771753702	1.2228328683894276	0.4290241921503142	0.0	0.5416480923721498	0.0	0.0	0.21446167771753702	1.2228328683894276
498000	-33.48152449806436	-16.52889499091047	-16.95262950715389	0.0	0	1	0	1	1	1	1.5639649844424395	0.38669382099499006	4.319721129718953	0.8986510275360154	0.41196513773972904	0.7505128628173734	0.6612398038598387	0.0	0.38669382099499006	0.0	0.8986510275360154	0.41196513773972904	0.7505128628173734
499000	-35.26141509980561	-16.844461864369762	-18.416953235435848	0.0	0	1	0	1	1	1	0.6441419519578121	1.4860771404262318	0.17007760969180644	3.448493435139301	1.9617214099759221	1.6741050013824594	0.9976550569859206	0.0	1.4860771404262318	0.0	3.448493435139301	1.9617214099759221	1.6741050013824594
500000	-33.874783686585694	-18.605180319175066	-15.269603367410626	0.0	0	1	1	0	1	1	0.18590632611085534	0.6975096974633045	1.8853241662510793	2.16654989973048	1.0441279006789013	0.4869295665649951	0.7933796635453119	0.0	0.6975096974633045	1.8853241662510793	0.0	1.0441279006789013	0.4869295665649951
501000	-30.58150649848446	-18.281332557694935	-12.300173940789525	0.0	1	1	0	1	1	1	0.12516713792093984	1.393116577336994	0.020569903545149804	0.01418099241455369	0.5780762971547417	0.9098438149317644	0.2889987073973728	0.12516713792093984	1.393116577336994	0.0	0.01418099241455369	0.5780762971547417	0.9098438149317644
502000	-34.94503291565577	-17.42500461134062	-17.520028304315158	0.0	0	1	1	1	0	1	0.4948321570051442	0.7374353909169415	2.0903379848151973	0.6103401787635876	2.867439063746664	1.761128566650969	0.926656578795613	0.0	0.7374353909169415	2.0903379848151973	0.6103401787635876	0.0	1.761128566650969
503000	-30.841995594410633	-18.209117864682902	-12.632877729727733	0.0	0	1	0	0	1	1	1.2625900772916328	1.2210922878008543	0.6679069714383552	0.5598605022738112	0.45660223486779494	2.026124410009197	0.2150547586775391	0.0	1.2210922878008543	0.0	0.0	0.45660223486779494	2.026124410009197
504000	-30.528636319599013	-18.464858675646127	-12.063777643952886	0.0	0	1	1	0	0	1	0.3760149407766166	0.25517202361258695	1.014271065467933	0.0016410624133270197	1.4215416383538042	1.5078621193392063	0.6140746122361617	0.0	0.25517202361258695	1.014271065467933	0.0	0.0	1.5078621193392063
505000	-38.860344872721	-19.223451058127033	-19.636893814593968	0.0	1	0	0	1	1	1	0.4053519558624986	4.057804630816725	1.514841373581828	1.605198671430021	0.6810216671359589	1.5611898739373415	2.173641829348283	0.4053519558624986	0.0	0.0	1.605198671430021	0.6810216671359589	1.5611898739373415
506000	-34.3823349210865	-21.144968619243997	-13.237366301842506	0.0	1	0	0	1	1	1	0.08753308493834042	1.1262978048447647	0.31983725228646565	1.4446882309239206	1.4865206715969557	0.04670899407931288	0.7342194738315443	0.08753308493834042	0.0	0.0	1.4446882309239206	1.4865206715969557	0.04670899407931288
507000	-40.06377234500572	-20.57784824258922	-19.4859241024165	0.0	1	1	1	1	1	1	1.6278038925311236	1.253455563965392	1.1421898961052772	2.1593583956111404	0.7695338408714337	0.3728056390520048	0.9118599678580847	1.6278038925311236	1.253455563965392	1.1421898961052772	2.1593583956111404	0.7695338408714337	0.3728056390520048
508000	-31.22613629844603	-17.954375793014748	-13.27176050543128	0.0	0	1	0	0	1	1	1.183536416028894	0.1991465849927886	0.22398101163886885	3.4560457577170625	0.20151622675250866	0.845854913697109	0.4433529639258219	0.0	0.1991465849927886	0.0	0.0	0.20151622675250866	0.845854913697109
509000	-34.97506957873787	-18.29012618168735	-16.684943397050525	0.0	0	1	0	0	1	1	0.909151653481535	0.9671910523259979	0.08033136381082706	0.07001846205634732	2.1932161258243927	5.350876067898703	0.42276578563763734	0.0	0.9671910523259979	0.0	0.0	2.1932161258243927	5.350876067898703
510000	-32.237875591659076	-18.04274725521706	-14.195128336442021	0.0	0	1	1	0	1	1	1.1999242472977298	0.3392040086302794	1.9206406144671708	0.9648108432661873	0.07014379201429795	0.8177773276830242	0.8589299783938456	0.0	0.3392040086302794	1.9206406144671708	0.0	0.07014379201429795	0.8177773276830242
511000	-40.43618248887502	-22.08259555812406	-18.353586930750957	0.0	1	1	0	0	0	0	0.6520502264341105	1.8947882364665312	0.4723176878745632	1.3010985948939686	0.0330047390816033	8.512532722083078	0.11984772530848878	0.6520502264341105	1.8947882364665312	0.0	0.0	0.0	0.0
512000	-30.569387960317282	-19.313249723928383	-11.2561382363889	0.0	1	0	0	1	1	0	0.18788562377319443	0.21326189861797654	1.3442189073582222	1.148947377298869	0.184715276704496	0.3509945179070481	0.8618208897424586	0.18788562377319443	0.0	0.0	1.148947377298869	0.184715276704496	0.0
513000	-34.8058028775906	-17.64577879396141	-17.160024083629192	0.0	0	1	0	0	1	1	0.16657805471742024	1.78196412915303	0.8320331657377819	3.574652121408425	2.4317693490631456	1.497107373047187	0.3330960305870746	0.0	1.78196412915303	0.0	0.0	2.4317693490631456	1.497107373047187
514000	-28.69035617513041	-17.39130517380915	-11.29905100132126	0.0	0	1	1	1	0	1	0.5236024390015616	0.19010176889636501	0.7104498481730693	0.35430081015760584	0.05563126422278615	0.49112218731184604	0.9409704795585494	0.0	0.19010176889636501	0.7104498481730693	0.35430081015760584	0.0	0.49112218731184604
515000	-38.36003953184992	-21.271317435428976	-17.088722096420945	0.0	0	1	0	0	1	1	3.1791105894938494	0.2225850088210797	1.1827787240189842	3.0482259286477964	0.32137489847099604	0.8464430038052644	1.3679829793203855	0.0	0.2225850088210797	0.0	0.0	0.32137489847099604	0.8464430038052644
516000	-31.637610078196722	-17.466532956460366	-14.171077121736356	0.0	0	1	0	1	1	1	2.034552583527147	0.8494708256952888	0.5312457153422356	0.7380101388029287	0.3847261035929355	0.9594133662391615	0.6969204569727887	0.0	0.8494708256952888	0.0	0.7380101388029287	0.3847261035929355	0.9594133662391615
517000	-31.641091556410316	-20.004691627912656	-11.636399928497662	0.0	0	1	0	0	0	1	0.3856780793076359	0.6936361909817154	1.1806250280624506	0.6201569371089978	0.4189212240599071	1.2568918979218842	0.5899522157838585	0.0	0.6936361909817154	0.0	0.0	0.0	1.2568918979218842
518000	-33.68807401741503	-18.817562651103433	-14.8705113663116	0.0	1	1	1	1	0	1	0.2888554636588615	0.6368662532977322	1.4421192041169453	2.226550506497022	0.24593537560178969	0.02665896397800185	0.6085954321294985	0.2888554636588615	0.6368662532977322	1.4421192041169453	2.226550506497022	0.0	0.02665896397800185
519000	-30.407293532542898	-17.94945948437063	-12.457834048172266	0.0	0	1	0	1	1	1	1.3605799105598861	0.8260988987231571	0.13771257911325613	0.07528898216276714	0.5557585859939373	1.8750174353411062	0.24464200873204572	0.0	0.8260988987231571	0.0	0.07528898216276714	0.5557585859939373	1.8750174353411062
520000	-40.519586248562284	-17.743907059720613	-22.77567918884167	0.0	1	1	0	1	1	1	0.34124658054120477	1.2764628367878754	5.917494248352657	2.546936546742449	1.6018299012237551	0.6628652440077553	0.9312936924085429	0.34124658054120477	1.2764628367878754	0.0	2.546936546742449	1.6018299012237551	0.6628652440077553
521000	-28.882921840794616	-18.3751307202567	-10.507791120537917	0.0	0	1	1	0	0	1	0.7936284717514202	0.10409669222411133	0.1784592496903371	1.088599369271695	0.1337450790237664	0.3413314474264981	0.8986275504803427	0.0	0.10409669222411133	0.1784592496903371	0.0	0.0	0.3413314474264981
522000	-34.648591235326606	-19.58795215270781	-15.060639082618792	0.0	0	1	1	0	0	1	1.9440994156503872	1.6379099699971789	1.8935217140820428	0.32406619317580726	1.2808568829542875	0.960858476684835	0.38449449374995875	0.0	1.6379099699971789	1.8935217140820428	0.0	0.0	0.960858476684835
523000	-35.46417056135023	-21.33265308927068	-14.131517472079555	0.0	1	0	0	1	0	0	0.1707949567694864	1.6626443764595722	0.5823930438164086	0.9463990212896115	0.2562329795835795	2.915981717776264	0.9890451218149848	0.1707949567694864	0.0	0.0	0.9463990212896115	0.0	0.0
524000	-31.962211734984944	-17.467376884741284	-14.49483485024366	0.0	0	1	0	0	1	1	2.759589648231047	0.6600070087812846	1.1793378706198678	0.7344878178489426	1.161577961867116	0.8207041854174666	0.4511620669999551	0.0	0.6600070087812846	0.0	0.0	1.161577961867116	0.8207041854174666
525000	-33.25472157514439	-18.831369527676124	-14.423352047468262	0.0	0	1	1	0	0	1	2.4183286388259644	0.3584073792176291	0.28215616548526423	0.34476625111175996	1.9194629256284037	1.6002749486242958	0.6219142551610344	0.0	0.3584073792176291	0.28215616548526423	0.0	0.0	1.6002749486242958
526000	-37.02187319795482	-18.74078365314008	-18.281089544814737	0.0	0	1	1	1	0	1	0.08485570060765937	0.33924507537264964	3.9323132059490487	2.1488460963492413	0.8342443598564846	1.8010437759154632	1.1116563882596584	0.0	0.33924507537264964	3.9323132059490487	2.1488460963492413	0.0	1.8010437759154632
527000	-38.51966817923205	-21.876527343839943	-16.643140835392106	0.0	0	1	0	1	0	1	2.8020972978372147	1.9432534937726833	0.8745923538416491	2.792463665096471	0.25391264705913563	0.6963457053486422	0.49930902460205767	0.0	1.9432534937726833	0.0	2.792463665096471	0.0	0.6963457053486422
528000	-29.74065036552683	-18.56354768182281	-11.177102683704017	0.0	1	1	0	1	1	0	0.070909714046413	0.04194935900831861	0.4139423175170013	0.9344981794113402	0.5236314645036506	0.24378631731961733	0.9173165467204584	0.070909714046413	0.04194935900831861	0.0	0.9344981794113402	0.5236314645036506	0.0
529000	-38.180313218285654	-18.63228766376022	-19.548025554525434	0.0	0	1	1	1	0	1	0.39976903373415823	0.6370797445332207	0.6333760965799748	0.6938602763241459	4.139433147162317	3.7315942301121297	1.3207319617787543	0.0	0.6370797445332207	0.6333760965799748	0.6938602763241459	0.0	3.7315942301121297
530000	-33.08492243166261	-18.058093805145557	-15.026828626517055	0.0	0	1	0	0	1	1	0.545004557360697	1.448811894637544	0.5884211871537381	1.1743356204140525	2.7453566585346643	1.010965900280975	0.6306711216126787	0.0	1.448811894637544	0.0	0.0	2.7453566585346643	1.010965900280975
531000	-34.09417622735552	-20.77181602869051	-13.322360198665008	0.0	0	1	0	0	0	1	2.4583284678411155	0.35113789716801286	0.16249711741650374	1.2035106903842212	0.19817493462609176	1.3810183336730446	0.9604103018226402	0.0	0.35113789716801286	0.0	0.0	0.0	1.3810183336730446
532000	-32.430230137473956	-18.20873020788802	-14.221499929585939	0.0	0	1	1	1	0	1	0.7777298930336095	0.8808132135379865	1.2039633392713878	1.0975198228322742	0.8721401084833774	1.2149113713836974	0.4229312356288397	0.0	0.8808132135379865	1.2039633392713878	1.0975198228322742	0.0	1.2149113713836974
533000	-35.15026337134101	-17.017886381237886	-18.132376990103126	0.0	0	1	0	1	1	1	2.206221047026525	0.7906641049702587	1.0537392820335576	1.4064083596593497	2.234713440171419	1.4168044094692496	0.989200643538205	0.0	0.7906641049702587	0.0	1.4064083596593497	2.234713440171419	1.4168044094692496
534000	-39.24222322458557	-20.92667282747197	-18.315550397113604	0.0	1	0	0	1	1	1	1.3995538638886376	1.5971559884269517	1.492129664896156	3.211571268153584	0.656699864659523	0.6078242672537991	1.371459518893667	1.3995538638886376	0.0	0.0	3.211571268153584	0.656699864659523	0.6078242672537991
535000	-30.678999291564025	-17.98906809827313	-12.689931193290896	0.0	0	1	1	0	1	1	0.16898840440021617	0.5038914493838227	1.151400847390415	0.03446218292005956	1.0947337426381625	1.356438063308374	0.5195240142489503	0.0	0.5038914493838227	1.151400847390415	0.0	1.0947337426381625	1.356438063308374
536000	-42.718255667859495	-18.271932487493384	-24.446323180366107	0.0	0	1	1	1	1	1	2.1944112765799333	1.6804792567982185	0.016034483963810478	0.0444578159724305	6.573965615459885	4.233892927575096	0.4505942880132618	0.0	1.6804792567982185	0.016034483963810478	0.0444578159724305	6.573965615459885	4.233892927575096
537000	-31.596448893080687	-18.234621407622058	-13.36182748545863	0.0	0	1	0	0	1	1	1.646090091895846	0.4636969313604634	0.6846824110578276	1.485138217117569	1.2306654131513663	1.1311414953849461	0.2850932306206965	0.0	0.4636969313604634	0.0	0.0	1.2306654131513663	1.1311414953849461
538000	-31.875440872667298	-18.569008371154162	-13.306432501513136	0.0	0	1	1	1	0	1	0.3882556901612391	0.7112314699862401	0.11166821000795586	2.1442126033395725	0.01363789727894152	1.1127707940007223	0.8105444167655251	0.0	0.7112314699862401	0.11166821000795586	2.1442126033395725	0.0	1.1127707940007223
539000	-32.37169845262787	-18.309961121207447	-14.061737331420419	0.0	0	1	0	0	1	1	0.6340440834696806	0.43366965521068823	1.8967289759789538	0.5594202542814065	1.5795070980467727	1.6646925910451615	0.5059464132359316	0.0	0.43366965521068823	0.0	0.0	1.5795070980467727	1.6646925910451615
540000	-29.71437868267934	-19.904870798472125	-9.809507884207214	0.0	0	1	0	1	0	1	0.016877304644308824	0.21900672544028177	0.20835707996440483	0.15349417107717261	0.3656665242979725	1.1455220318490607	0.7601326902707	0.0	0.21900672544028177	0.0	0.15349417107717261	0.0	1.1455220318490607
541000	-31.731566244360057	-18.275687313234144	-13.455878931125913	0.0	0	1	1	1	0	1	1.9910661041123614	0.1511630133606575	0.5872912067455448	0.08983165192970188	0.7504951204645761	0.41974535187770634	1.5395559641844137	0.0	0.1511630133606575	0.5872912067455448	0.08983165192970188	0.0	0.41974535187770634
542000	-33.79644050391572	-18.19759763354331	-15.598842870372405	0.0	1	1	1	1	1	0	0.38430686263085767	0.4316343354823253	0.7755653266951024	3.145619107104348	0.8848711293375149	0.1285124838771372	0.5210750173800673	0.38430686263085767	0.4316343354823253	0.7755653266951024	3.145619107104348	0.8848711293375149	0.0
543000	-31.774965058002962	-18.66538410466079	-13.10958095334217	0.0	0	1	1	0	0	1	1.1557408196362224	0.7723134611333395	1.7206434651710523	0.5923221213574071	0.5215753057224871	1.3094724962458348	0.39155557493299004	0.0	0.7723134611333395	1.7206434651710523	0.0	0.0	1.3094724962458348
544000	-33.561350469501285	-18.957314968410884	-14.6040355010904	0.0	0	1	0	0	1	1	0.28322944338438055	1.068793544795323	0.1921884415071281	1.659572121430815	2.6680011783979865	0.7635360132211517	0.9939213694341884	0.0	1.068793544795323	0.0	0.0	2.6680011783979865	0.7635360132211517
545000	-33.81238529283151	-16.905659195606376	-16.906726097225132	0.0	0	1	0	1	1	1	0.44912228489543027	0.6791885481708863	1.3588607771704495	2.394217789304806	1.9643780377089795	1.2377629078426542	0.8093615922693731	0.0	0.6791885481708863	0.0	2.394217789304806	1.9643780377089795	1.2377629078426542
546000	-38.2613999203064	-18.561951499528767	-19.699448420777635	0.0	0	1	1	0	0	1	1.7446984586574126	0.7495317751821905	4.043663375464295	2.3498643237630192	1.1953228468046482	1.311934518154711	1.3903568014599539	0.0	0.7495317751821905	4.043663375464295	0.0	0.0	1.311934518154711
547000	-31.792531837486365	-20.678544398481268	-11.113987439005097	0.0	0	1	0	0	1	1	0.05055415005055503	0.6674250196217127	0.7079696111426877	2.709030608243843	0.14800145223897868	1.0804741257476382	0.10800118683072028	0.0	0.6674250196217127	0.0	0.0	0.14800145223897868	1.0804741257476382
548000	-33.44317344275435	-18.42138456249487	-15.021788880259479	0.0	1	0	0	1	1	1	0.44064343853175286	1.4163115273353926	0.13766931194607168	2.0527363921981765	1.0518221803905017	0.5348340216741362	1.4233557514955164	0.44064343853175286	0.0	0.0	2.0527363921981765	1.0518221803905017	0.5348340216741362
549000	-32.5961834108263	-17.585087286872316	-15.011096123953983	0.0	0	1	1	1	0	1	0.25678557823412274	0.5804929651872487	0.9252438846267279	2.0902494192571233	0.3341204358486262	1.4370816704229812	1.4224314923214407	0.0	0.5804929651872487	0.9252438846267279	2.0902494192571233	0.0	1.4370816704229812
550000	-31.061467393535892	-18.860400642211424	-12.201066751324467	0.0	0	1	1	0	0	1	0.978600764484357	0.41098945509862866	0.9557774971582333	0.0886693003252474	1.6297853424177684	1.1938453552950448	0.3563645520356786	0.0	0.41098945509862866	0.9557774971582333	0.0	0.0	1.1938453552950448
551000	-31.86031323513982	-19.916448855226033	-11.943864379913785	0.0	0	1	0	0	0	1	0.5778484134999277	0.9844750005586391	0.10271894816321898	1.9214787236374906	0.5784815158793534	1.1428268449726557	0.3781734662478704	0.0	0.9844750005586391	0.0	0.0	0.0	1.1428268449726557
552000	-30.573755937183314	-19.27649884013135	-11.297257097051967	0.0	0	1	1	0	0	1	0.19315031493884008	0.4510134944002733	0.277199322866892	0.5808045403329812	0.8196629398065018	1.9615442109263517	0.38240564891394263	0.0	0.4510134944002733	0.277199322866892	0.0	0.0	1.9615442109263517
553000	-35.383371267332215	-19.81039476413744	-15.572976503194775	0.0	0	1	1	1	0	1	1.1680117822515355	0.16023946036393594	0.6040162229567881	0.9165480597877249	3.278702385059467	0.16989749212091634	1.272324116427201	0.0	0.16023946036393594	0.6040162229567881	0.9165480597877249	0.0	0.16989749212091634
554000	-28.387912740380756	-17.48848304709198	-10.899429693288777	0.0	0	1	0	1	1	1	0.36307558825409547	0.8959995775831221	0.19922324878300018	0.17020090158210496	0.39336407020674174	0.8436530817143157	0.36746038730510505	0.0	0.8959995775831221	0.0	0.17020090158210496	0.39336407020674174	0.8436530817143157
555000	-34.307254057074005	-18.124333879211328	-16.182920177862677	0.0	1	1	0	1	1	1	0.5399778805553982	1.3244794587064417	0.6887710491639596	0.9084377420278278	1.6830030651254717	1.0503537752854284	0.5991542912236849	0.5399778805553982	1.3244794587064417	0.0	0.9084377420278278	1.6830030651254717	1.0503537752854284
556000	-33.92515922235109	-20.323442459115387	-13.601716763235704	0.0	1	1	0	1	0	0	0.9097106832565103	0.4264199149102966	1.355832919408017	2.0867091524032224	0.8928139601138837	0.8924198867961182	0.3916719402383172	0.9097106832565103	0.4264199149102966	0.0	2.0867091524032224	0.0	0.0
557000	-36.0676169043285	-18.21104664846987	-17.856570255858635	0.0	0	1	1	1	0	1	0.7440296265105188	0.5072674818053282	0.3496466433842021	1.723256540863415	0.6503117448724247	4.887943986742397	0.960241022324589	0.0	0.5072674818053282	0.3496466433842021	1.723256540863415	0.0	4.887943986742397
558000	-33.38645801095717	-20.23437672308763	-13.152081287869539	0.0	1	0	1	1	1	0	0.2789622884593219	0.7922827968445391	0.06485171240937097	1.628805308911632	0.03985382940963268	1.5396350574547353	0.7969064291851843	0.2789622884593219	0.0	0.06485171240937097	1.628805308911632	0.03985382940963268	0.0
559000	-33.14396193914555	-18.928105959014935	-14.215855980130613	0.0	0	1	0	0	1	1	0.649839145163186	0.41889423310916546	0.036406095211455096	3.7584493469337734	0.583969131624915	2.1994266180838684	0.24497672345583085	0.0	0.41889423310916546	0.0	0.0	0.583969131624915	2.1994266180838684
560000	-40.33292808653595	-16.898649783650843	-23.434278302885108	0.0	0	1	0	1	1	1	0.22279511500959684	0.7644654242449807	6.28355595378102	3.1718561742671176	1.9030826487683226	2.439270451705415	0.6801122265532559	0.0	0.7644654242449807	0.0	3.1718561742671176	1.9030826487683226	2.439270451705415
561000	-31.423803674050284	-18.55140242327042	-12.872401250779863	0.0	0	1	1	1	0	1	0.07177130917602838	0.1713447927899666	0.7222831283807962	1.4533050229203672	0.23274854026930403	0.5123739525124559	1.96129003199796	0.0	0.1713447927899666	0.7222831283807962	1.4533050229203672	0.0	0.5123739525124559
562000	-29.63844422124585	-18.34507186099949	-11.293372360246362	0.0	0	1	1	0	0	1	1.3348784473467876	0.5945604837291758	0.4410355946643015	0.2996008690062468	0.3056598275445746	1.103369118062271	0.4673055380974176	0.0	0.5945604837291758	0.4410355946643015	0.0	0.0	1.103369118062271
563000	-36.48963924288597	-17.707083087236562	-18.78255615564941	0.0	0	1	0	0	1	1	3.3978272499113586	1.1983483713797196	2.182519964183762	1.013124722623114	0.6741473653001587	3.1328120014173066	0.45326425289213956	0.0	1.1983483713797196	0.0	0.0	0.6741473653001587	3.1328120014173066
564000	-33.094434993648065	-18.762737234285254	-14.331697759362807	0.0	0	1	1	0	1	1	0.1863301658196814	0.8704339563024787	0.2847770408107504	1.799348956837167	1.410311980633264	0.683366167609226	1.064433911929762	0.0	0.8704339563024787	0.2847770408107504	0.0	1.410311980633264	0.683366167609226
565000	-32.23887520681773	-17.359700545894196	-14.879174660923534	0.0	0	1	0	1	1	1	1.5105029759527413	0.8562778500107199	1.337442125719919	0.5893304880446704	0.564040779690296	2.0341772332109938	0.35075068648759816	0.0	0.8562778500107199	0.0	0.5893304880446704	0.564040779690296	2.0341772332109938
566000	-33.64231788310603	-19.37647426486493	-14.2658436182411	0.0	1	0	0	1	1	1	0.10281658503670456	0.12041344426229135	1.646056867400398	1.2373435607103633	0.04880751396299277	1.384437019991229	1.9956694464416964	0.10281658503670456	0.0	0.0	1.2373435607103633	0.04880751396299277	1.384437019991229
567000	-33.856457267902954	-18.938008535284453	-14.918448732618497	0.0	1	1	1	1	1	1	0.23753992769865434	0.2628735213277567	0.1331130891925347	0.4098889346355239	0.6904049809777163	0.8503320791775031	1.0846433435189788	0.23753992769865434	0.2628735213277567	0.1331130891925347	0.4098889346355239	0.6904049809777163	0.8503320791775031
568000	-29.25119453561878	-20.22703786171905	-9.02415667389973	0.0	0	1	0	0	0	1	0.09192201604648065	0.7371758850779571	0.05305616850979093	0.24062783870746907	0.7915681632037243	0.6453484125461364	0.3185132972585194	0.0	0.7371758850779571	0.0	0.0	0.0	0.6453484125461364
569000	-32.04521668671102	-19.69431710787315	-12.350899578837872	0.0	1	1	0	0	1	1	0.4265264236648695	1.984063014542277	0.26387532447385187	0.2479372092735035	0.16048710408833167	1.7864711426482929	0.2114196304381716	0.4265264236648695	1.984063014542277	0.0	0.0	0.16048710408833167	1.7864711426482929
570000	-27.90853709977668	-18.60643647552793	-9.302100624248752	0.0	0	1	1	0	0	1	0.059165328170124494	0.23137217821207057	0.18731734533320746	0.6153332731602801	0.6231395230294665	0.26864026059975504	0.5179611596566231	0.0	0.23137217821207057	0.18731734533320746	0.0	0.0	0.26864026059975504
571000	-30.057465953273788	-17.309894945716827	-12.74757100755696	0.0	0	1	0	1	1	1	0.5947849372508512	0.7315936859187389	0.15478227095658276	0.6029690318694398	1.2286310062369274	0.511993127323482	0.8941573937429496	0.0	0.7315936859187389	0.0	0.6029690318694398	1.2286310062369274	0.511993127323482
572000	-31.191694188511374	-18.44886876769718	-12.742825420814192	0.0	0	1	1	1	1	1	0.05015522806703289	0.3965516361566425	0.15135199202805982	0.424956531248547	0.4987626649164484	0.27855734346212574	1.5563666948091153	0.0	0.3965516361566425	0.15135199202805982	0.424956531248547	0.4987626649164484	0.27855734346212574
573000	-28.62260884308598	-17.709112219286936	-10.913496623799045	0.0	0	1	0	0	1	1	0.13523990555533447	0.37688008471792545	0.35876855745178454	1.2706090549285722	0.9261102202640394	0.6000375352329472	0.4823081108372191	0.0	0.37688008471792545	0.0	0.0	0.9261102202640394	0.6000375352329472
574000	-30.636113820858768	-18.828452533621743	-11.807661287237025	0.0	0	1	0	0	1	1	0.37596415726745136	0.1663015501165049	0.45723776838887953	2.1482797218323157	0.5971736434409352	1.0883767026325208	0.3675659225180556	0.0	0.1663015501165049	0.0	0.0	0.5971736434409352	1.0883767026325208
575000	-28.114500936940956	-18.72195230464738	-9.392548632293577	0.0	1	0	0	1	1	0	0.16172007986074854	0.19113939287008844	0.0706594308701433	0.433971915814219	0.3143925034422536	0.05800885007199453	1.2066232325747182	0.16172007986074854	0.0	0.0	0.433971915814219	0.3143925034422536	0.0
576000	-32.432484645469216	-19.806382663544444	-12.626101981924773	0.0	0	1	1	0	0	1	0.42895187089891446	0.7439522974241898	2.4134379274216395	0.0517491140504601	1.2347935325071722	0.6944172654764704	0.399984989208162	0.0	0.7439522974241898	2.4134379274216395	0.0	0.0	0.6944172654764704
577000	-33.11521363192559	-18.30708421796595	-14.80812941395964	0.0	1	1	0	0	1	1	0.06334234210240036	0.7556689045661339	0.9062886841958451	0.4123401485431152	1.0825777782692814	3.625675046167172	0.3420279700734844	0.06334234210240036	0.7556689045661339	0.0	0.0	1.0825777782692814	3.625675046167172
578000	-31.182889278868437	-18.17442200339593	-13.008467275472508	0.0	0	1	1	1	1	1	0.14837378846289412	0.24304808523450586	0.1494861343138413	0.30854255668610725	0.6105731156764952	0.5482553830971671	1.6487501731870564	0.0	0.24304808523450586	0.1494861343138413	0.30854255668610725	0.6105731156764952	0.5482553830971671
579000	-36.399985305254305	-18.72504708069029	-17.674938224564013	0.0	1	1	1	1	1	1	0.4813327271190021	1.878723278727317	1.6021734674523986	0.22542303417502585	0.9419617394609687	1.1828188278622846	0.4103119356347272	0.4813327271190021	1.878723278727317	1.6021734674523986	0.22542303417502585	0.9419617394609687	1.1828188278622846
580000	-38.8339748708036	-20.142146641295508	-18.69182822950809	0.0	1	1	1	1	1	0	0.8808639700143833	1.3784573969070313	1.2594294040027658	0.3058429489707326	3.12234954772158	0.801906129227263	1.5571272213183818	0.8808639700143833	1.3784573969070313	1.2594294040027658	0.3058429489707326	3.12234954772158	0.0
581000	-30.77724955422873	-17.04470606018002	-13.732543494048713	0.0	0	1	0	1	1	1	2.7575106049818294	0.7497488281678997	0.2952958271375751	0.4015448791782315	0.48794622251794395	0.867427266802112	0.4223593556355691	0.0	0.7497488281678997	0.0	0.4015448791782315	0.48794622251794395	0.867427266802112
582000	-29.266645472872085	-17.55945051928027	-11.707194953591816	0.0	0	1	0	0	1	1	1.914762624099369	0.2866849665391936	0.8011723247033047	0.7504329101899998	0.31694683388818234	0.7723615039065693	0.32942124429549263	0.0	0.2866849665391936	0.0	0.0	0.31694683388818234	0.7723615039065693
583000	-31.161787104170923	-18.093474480245074	-13.068312623925848	0.0	0	1	0	0	1	1	0.7023611884692071	0.8213165967947076	1.7587586573282745	0.4602095711070754	0.8311000017740898	0.9137066580691933	0.6743403462569114	0.0	0.8213165967947076	0.0	0.0	0.8311000017740898	0.9137066580691933
584000	-29.0944756509899	-17.912154571855453	-11.182321079134447	0.0	0	1	0	0	1	1	0.6554045375875679	0.6669522582922603	1.1871938180055672	0.0758214865075842	1.1456830281537267	0.7488116232596672	0.2800154443082231	0.0	0.6669522582922603	0.0	0.0	1.1456830281537267	0.7488116232596672
585000	-27.82369485954412	-17.46891462436366	-10.354780235180458	0.0	0	1	0	0	1	1	0.42310533835913355	0.26416907494488845	1.351408484632656	0.36614878340813617	0.34583294892885663	0.6681045370470728	0.3537397569230707	0.0	0.26416907494488845	0.0	0.0	0.34583294892885663	0.6681045370470728
586000	-31.65154066143688	-18.360963754910706	-13.290576906526173	0.0	0	1	1	0	0	1	0.3320041635035278	0.6541367440163522	0.9313085279743586	1.5709679382045272	1.008859713905861	1.0374037755520082	0.8033713756965944	0.0	0.6541367440163522	0.9313085279743586	0.0	0.0	1.0374037755520082
587000	-30.805953958403776	-17.37681717950819	-13.429136778895586	0.0	0	1	1	0	1	1	0.1937410797889365	1.0556261415030306	0.28947831229649285	1.3899849100799013	0.7885785628261337	1.7125809683947453	0.3548967411051611	0.0	1.0556261415030306	0.28947831229649285	0.0	0.7885785628261337	1.7125809683947453
588000	-29.827889871436707	-16.838590883745358	-12.989298987691349	0.0	0	1	0	1	1	1	1.0410707960113386	0.5949612210140551	0.6176013047217997	0.5529254124471449	0.9693888834504648	0.7951579901955682	0.5397509770857687	0.0	0.5949612210140551	0.0	0.5529254124471449	0.9693888834504648	0.7951579901955682
589000	-34.5655229546263	-18.54921553986012	-16.01630741476618	0.0	1	0	0	1	1	1	0.32804974728156994	1.4054463564684994	1.505527502791784	1.4807490134147234	0.49760362619149345	1.4432416829149646	1.3784333754764178	0.32804974728156994	0.0	0.0	1.4807490134147234	0.49760362619149345	1.4432416829149646
590000	-30.306819381173952	-17.304196046973132	-13.002623334200818	0.0	0	1	0	1	1	1	0.16603519226771676	0.22212423562410946	0.07951813462922448	2.0880265830889426	0.2512369712960583	1.2124508874819793	0.949847007252492	0.0	0.22212423562410946	0.0	2.0880265830889426	0.2512369712960583	1.2124508874819793
591000	-31.9901558766448	-20.883966516048748	-11.106189360596051	0.0	0	1	1	0	0	1	0.3078617522957494	0.1925133770416908	1.3028171893234424	1.744385394686568	0.21853925184281509	0.41447394717252034	0.35007314573263437	0.0	0.1925133770416908	1.3028171893234424	0.0	0.0	0.41447394717252034
592000	-34.450147367892356	-18.7769982015376	-15.673149166354756	0.0	0	1	1	0	1	1	0.9654511214826528	1.4864620296625133	2.977033268506556	0.2373999713739305	0.48050493061435595	0.8327337141779035	0.7109363613719447	0.0	1.4864620296625133	2.977033268506556	0.0	0.48050493061435595	0.8327337141779035
593000	-33.75864870554733	-22.37881550981067	-11.379833195736655	0.0	1	0	1	1	1	0	0.9000649745983745	0.867312763074382	0.4100622114785022	0.46333245091671665	0.11072415712419717	0.3341555816279038	0.47677012865136903	0.9000649745983745	0.0	0.4100622114785022	0.46333245091671665	0.11072415712419717	0.0
594000	-29.256900079089352	-17.43086607822065	-11.826034000868702	0.0	0	1	0	0	1	1	1.438147312169016	0.39357698354848225	0.9495273650321957	0.4893127924552955	0.4732866420747912	0.7926861284962925	0.5038359883385092	0.0	0.39357698354848225	0.0	0.0	0.4732866420747912	0.7926861284962925
595000	-35.28644669561883	-20.017174265519763	-15.269272430099067	0.0	1	1	0	1	0	1	0.5113612188495091	1.02873867824495	1.9241854996684689	3.2142026877296357	0.06272541314640287	0.12859545935972969	0.5297309596134503	0.5113612188495091	1.02873867824495	0.0	3.2142026877296357	0.0	0.12859545935972969
596000	-35.93974967771433	-20.375929898442642	-15.56381977927169	0.0	0	1	1	1	1	1	0.3468351178447191	0.5672393799578977	0.6386759426896227	0.27984694914015357	3.0120174589081548	0.29325570982783705	0.9286016695843778	0.0	0.5672393799578977	0.6386759426896227	0.27984694914015357	3.0120174589081548	0.29325570982783705
597000	-33.23459624816098	-18.186245461455176	-15.04835078670581	0.0	0	1	0	0	1	1	1.1243234786664704	0.6424440454965027	4.119208927097078	0.9791754378851073	0.1481380384856964	0.8772410709767864	0.44164405470315904	0.0	0.6424440454965027	0.0	0.0	0.1481380384856964	0.8772410709767864
598000	-30.883752650891175	-20.58693083916282	-10.296821811728353	0.0	0	1	1	0	0	1	1.6043264022961	1.007470887726205	0.0031521476552176966	0.27477078858615356	0.04339016816155995	0.7668562514804089	0.2519342152555051	0.0	1.007470887726205	0.0031521476552176966	0.0	0.0	0.7668562514804089
599000	-30.54052872280024	-18.4080189672539	-12.132509755546339	0.0	0	1	0	1	1	1	0.038728966806957664	0.2461924586798839	0.17202707650992405	0.7446383062129736	1.5197414991833427	0.9988741559542825	0.5365818279986809	0.0	0.2461924586798839	0.0	0.7446383062129736	1.5197414991833427	0.9988741559542825
600000	-35.3804533384121	-20.186822427973198	-15.193630910438907	0.0	0	1	0	1	0	1	1.1044782078256252	0.310304633959335	0.6301156136826573	2.0518191637532075	1.5049448850555025	1.2168719087655433	1.4921121364904022	0.0	0.310304633959335	0.0	2.0518191637532075	0.0	1.2168719087655433
601000	-33.92930775029785	-18.115127792641914	-15.814179957655936	0.0	1	1	0	0	1	1	0.17275570288431702	0.847379257037307	2.6096084380916937	0.36852727428340587	1.8850321569788704	1.9259971549557868	0.35693858689417646	0.17275570288431702	0.847379257037307	0.0	0.0	1.8850321569788704	1.9259971549557868
602000	-32.66145367602424	-22.10467741999965	-10.556776256024591	0.0	0	1	1	0	0	1	0.4674673700280166	0.9402204730877405	1.6571592340433763	0.5521379938392653	0.049168164985813965	0.36320193855494437	0.23502252099087245	0.0	0.9402204730877405	1.6571592340433763	0.0	0.0	0.36320193855494437
603000	-30.287406340601798	-17.545130916791315	-12.742275423810483	0.0	0	1	0	0	1	1	0.22468494829348007	0.744845586310743	0.0952666472907944	2.6666604722489584	0.5311833417637405	1.20653311053302	0.4956386480696811	0.0	0.744845586310743	0.0	0.0	0.5311833417637405	1.20653311053302
604000	-36.73114194584643	-22.06550171991808	-14.665640225928357	0.0	0	1	1	0	0	1	1.8414345069482825	0.43283908593864023	1.0131510900677714	0.10340784454508635	0.4677113264745175	1.3490199260839602	4.39886698973012	0.0	0.43283908593864023	1.0131510900677714	0.0	0.0	1.3490199260839602
605000	-33.055640819465	-17.556610647084472	-15.499030172380529	0.0	0	1	0	0	1	1	4.688002073885214	0.5212477421665845	0.5705139370577678	1.4313008104375864	0.7921249440818137	0.6704477810910818	0.31667299615860617	0.0	0.5212477421665845	0.0	0.0	0.7921249440818137	0.6704477810910818
606000	-35.539863116560696	-20.632090221895094	-14.907772894665598	0.0	0	1	1	0	1	1	0.7590121298858931	0.6791768711431607	0.07371051062082577	0.21233070234047577	1.4081557908350717	2.465436371862362	1.3168263157860514	0.0	0.6791768711431607	0.07371051062082577	0.0	1.4081557908350717	2.465436371862362
607000	-25.68794126677738	-17.499750967200743	-8.188190299576636	0.0	0	1	0	0	1	1	0.6713040197269086	0.09185201441111512	0.15854125001563982	0.06017843383035352	0.09407431275438667	0.07267250448632659	0.39236133550069574	0.0	0.09185201441111512	0.0	0.0	0.09407431275438667	0.07267250448632659
608000	-38.1448467904524	-21.605588587617444	-16.539258202834954	0.0	1	1	1	1	1	0	0.43075056086720487	0.5432059508180284	0.14054315306861515	3.06119221181491	0.24748450165437916	1.4132933666178127	1.2247594945303566	0.43075056086720487	0.5432059508180284	0.14054315306861515	3.06119221181491	0.24748450165437916	0.0
609000	-35.43350554245342	-17.870669793622138	-17.562835748831283	0.0	0	1	1	1	1	1	0.1886436535588062	0.7377055132735992	1.7525685463263545	0.48070330966773167	0.6389867537906572	3.319812708214077	0.94590966773822	0.0	0.7377055132735992	1.7525685463263545	0.48070330966773167	0.6389867537906572	3.319812708214077
610000	-29.35917619820908	-18.07277758336127	-11.286398614847812	0.0	0	1	1	0	0	1	0.42663687065239436	0.5509481653042744	0.9659142484387823	0.1319618551183985	0.23248788182797214	1.1937065513089338	0.8268881406877787	0.0	0.5509481653042744	0.9659142484387823	0.0	0.0	1.1937065513089338
611000	-34.606326425581024	-19.457469357511503	-15.148857068069521	0.0	1	1	0	1	1	0	0.3800727584002606	0.08299583819166605	2.207471773669306	0.6180650065206281	0.7509981431988619	1.7615206058793513	1.3675133834417692	0.3800727584002606	0.08299583819166605	0.0	0.6180650065206281	0.7509981431988619	0.0
612000	-32.73441043193857	-18.627182651891083	-14.107227780047484	0.0	1	1	0	1	1	0	0.40199173511688285	1.329694592451973	0.05713792388970534	2.157957535623582	1.1168875920357275	0.7118634840741045	0.4950048806867056	0.40199173511688285	1.329694592451973	0.0	2.157957535623582	1.1168875920357275	0.0
613000	-34.22197676564713	-19.595147801769965	-14.62682896387716	0.0	0	1	1	1	0	1	1.293807011396458	1.798437450025588	1.871471966493223	0.5004404298023915	0.07854571967477798	0.8021086901974451	0.47100311179223636	0.0	1.798437450025588	1.871471966493223	0.5004404298023915	0.0	0.8021086901974451
614000	-33.907358514614344	-17.512295105491322	-16.395063409123022	0.0	0	1	1	1	0	1	1.8804796244788209	0.2861617353772157	0.8798533775014684	1.9580817345229404	0.0015220865285791683	1.6101898262493797	2.1037692252372895	0.0	0.2861617353772157	0.8798533775014684	1.9580817345229404	0.0	1.6101898262493797
615000	-29.556430490078014	-17.041525832138845	-12.51490465793917	0.0	0	1	0	1	1	1	1.4935044057459668	0.5507372498219107	0.6164194854813956	0.6128133990773048	0.5279702112444642	0.5290946106458719	0.4271599090333538	0.0	0.5507372498219107	0.0	0.6128133990773048	0.5279702112444642	0.5290946106458719
616000	-31.51733951810393	-19.240463008899702	-12.276876509204227	0.0	0	1	0	1	1	1	0.557464091165816	0.5559832214785368	0.3788249444474844	0.6793631159099894	0.20230613919073548	0.6833532203490573	1.2030731024706645	0.0	0.5559832214785368	0.0	0.6793631159099894	0.20230613919073548	0.6833532203490573
617000	-30.48654089144881	-18.26010300323239	-12.226437888216418	0.0	1	1	0	0	1	1	0.0320424152278871	0.7557023640724371	0.09707423064838294	0.2024910683521619	0.616857397517355	1.9463508990040312	0.6320064181660545	0.0320424152278871	0.7557023640724371	0.0	0.0	0.616857397517355	1.9463508990040312
618000	-36.01701350087362	-17.952421880548027	-18.064591620325587	0.0	0	1	0	0	1	1	2.703382658553223	2.3747691429165294	0.7051893579164595	2.988902511324279	0.9027769163028	1.6469624550530397	0.29149641661631065	0.0	2.3747691429165294	0.0	0.0	0.9027769163028	1.6469624550530397
619000	-34.31451579405828	-19.437081315950614	-14.87743447810767	0.0	0	1	0	0	1	1	1.81762593893769	0.2942336332884306	0.1425150025988705	1.7070485069895478	1.197423083145872	2.7550796006165323	0.36360815276955405	0.0	0.2942336332884306	0.0	0.0	1.197423083145872	2.7550796006165323
620000	-35.72317666410106	-19.001472088952	-16.721704575149065	0.0	0	1	0	0	1	1	0.1440584695014777	1.41621741877079	0.9542310940666873	1.4674311978003267	2.6100752792376647	2.157376851928586	0.9975054568287284	0.0	1.41621741877079	0.0	0.0	2.6100752792376647	2.157376851928586
621000	-38.37096938626344	-19.26109970585076	-19.10986968041268	0.0	0	1	1	1	1	1	3.325095100052306	0.9218344863619288	0.7408027137372722	0.1590543803697487	1.1316910801915112	2.003585174382887	1.3878068757392863	0.0	0.9218344863619288	0.7408027137372722	0.1590543803697487	1.1316910801915112	2.003585174382887
622000	-38.095564646794216	-20.647857558331772	-17.447707088462444	0.0	0	1	1	1	1	1	0.9034953958936539	1.588575833554142	0.15333029884851548	0.5478180041928102	2.326353674005213	3.527758737762498	0.12234993442923044	0.0	1.588575833554142	0.15333029884851548	0.5478180041928102	2.326353674005213	3.527758737762498
623000	-34.28194742735843	-19.560413658639817	-14.721533768718619	0.0	1	0	1	1	1	1	0.33182206446677737	0.436400944356289	0.1459182833800861	0.9801561920952565	0.43061914261377554	1.1844640171080374	2.0376665684471797	0.33182206446677737	0.0	0.1459182833800861	0.9801561920952565	0.43061914261377554	1.1844640171080374
624000	-29.37376752790125	-17.71755878658394	-11.656208741317311	0.0	0	1	0	0	1	1	0.46308087095165273	0.6714734787209268	0.1517398253451605	0.30962169238271475	0.6481353251212318	2.3575805645537455	0.39829840695692376	0.0	0.6714734787209268	0.0	0.0	0.6481353251212318	2.3575805645537455
625000	-33.96162245960629	-17.074402772860516	-16.88721968674577	0.0	1	1	0	1	1	1	0.13335360459836654	0.444679984006405	0.6633874304796473	2.0262083342498673	1.4984664447433884	1.423842071191533	1.218035204106038	0.13335360459836654	0.444679984006405	0.0	2.0262083342498673	1.4984664447433884	1.423842071191533
626000	-27.52648106969223	-17.006652073124897	-10.519828996567334	0.0	0	1	0	1	1	1	0.02911374947033007	0.1545054533850612	1.4321741062798068	0.18977093796837313	0.22446997183684325	0.13790686112064374	0.5051072196638059	0.0	0.1545054533850612	0.0	0.18977093796837313	0.22446997183684325	0.13790686112064374
627000	-29.18800264117592	-17.50316637638031	-11.684836264795608	0.0	0	1	0	0	1	1	0.26407407278635375	1.3376023880121466	0.023147306872401605	0.5725178239864938	0.7459049688589123	1.6440207813500165	0.41580605560432554	0.0	1.3376023880121466	0.0	0.0	0.7459049688589123	1.6440207813500165
628000	-34.247719419391814	-17.398146078097763	-16.84957334129405	0.0	0	1	0	1	1	1	0.10222085533948182	1.1821967065275318	1.036631328644037	3.050315088772122	1.3810557311801295	1.9786959440283984	0.39989905101333795	0.0	1.1821967065275318	0.0	3.050315088772122	1.3810557311801295	1.9786959440283984
629000	-32.61868008862911	-18.27877655613514	-14.339903532493972	0.0	0	1	0	1	1	1	0.6886161628206297	0.845055050680818	0.11377227945847754	0.3616642190817927	2.195878493222969	2.3691429104520427	0.28098319726817894	0.0	0.845055050680818	0.0	0.3616642190817927	2.195878493222969	2.3691429104520427
630000	-30.373764266432488	-18.031048614628148	-12.342715651804339	0.0	1	1	0	1	1	0	0.14249616836708853	0.29010238840533975	1.3101816824960664	0.8619940181992686	0.5314981230841771	0.29151144967706405	0.8871338088789074	0.14249616836708853	0.29010238840533975	0.0	0.8619940181992686	0.5314981230841771	0.0
631000	-29.082163550482107	-17.883167906573426	-11.198995643908681	0.0	0	1	0	0	1	1	0.30229423623566853	0.4516209410375581	0.9604677781102103	1.808220965553229	0.13822744151198807	0.5056291067327493	0.38961002940391243	0.0	0.4516209410375581	0.0	0.0	0.13822744151198807	0.5056291067327493
632000	-32.255760356953914	-19.18202302818618	-13.073737328767736	0.0	0	1	1	0	0	1	0.7617427782764948	1.2357746911345031	1.6356381830483302	0.3237863555550319	0.32552384767266607	1.0599080102477871	0.783898421158229	0.0	1.2357746911345031	1.6356381830483302	0.0	0.0	1.0599080102477871
633000	-28.390293966316463	-17.59747357979502	-10.792820386521441	0.0	0	1	0	0	1	1	0.12311283618948704	1.0698283965675115	0.10992537399868763	0.25874723251525705	1.421451428949008	0.905636179732578	0.3426291138002455	0.0	1.0698283965675115	0.0	0.0	1.421451428949008	0.905636179732578
634000	-34.151166069045914	-17.42493083888867	-16.726235230157243	0.0	0	1	1	0	1	1	1.0736637812967411	1.5395617286883974	0.34607611169494223	2.61411163404386	1.5325908096295608	1.5720927825383715	0.3727282666607113	0.0	1.5395617286883974	0.34607611169494223	0.0	1.5325908096295608	1.5720927825383715
635000	-35.84179469143348	-19.101829479258534	-16.739965212174948	0.0	0	1	1	0	1	1	0.34327676940542995	2.116668301480105	2.208758512523064	1.973891952926011	1.0828090269161739	0.641954892911852	0.51568633940303	0.0	2.116668301480105	2.208758512523064	0.0	1.0828090269161739	0.641954892911852
636000	-44.003672360638454	-26.373314545146656	-17.6303578154918	0.0	1	1	1	0	1	0	0.31668146181168616	1.0099226114990199	0.8595416924355497	1.027251682850656	0.6725757256768947	2.714096319637563	7.324833161012532	0.31668146181168616	1.0099226114990199	0.8595416924355497	0.0	0.6725757256768947	0.0
637000	-26.79420429156882	-17.4417678615076	-9.352436430061221	0.0	0	1	0	0	1	1	0.3045805861635028	0.508725210710136	0.23340013569661888	0.4706465110184468	0.3156346800878359	0.7320897448065662	0.3048470355203358	0.0	0.508725210710136	0.0	0.0	0.3156346800878359	0.7320897448065662
638000	-33.62540804779083	-18.28003090905075	-15.345377138740075	0.0	1	1	0	1	1	1	0.3596761141877352	1.2693276944360852	1.1475761752838	0.5489063922292495	1.6962692696935961	0.9109295125448479	0.33697225012976423	0.3596761141877352	1.2693276944360852	0.0	0.5489063922292495	1.6962692696935961	0.9109295125448479
639000	-35.33035485022266	-18.03617609588177	-17.29417875434089	0.0	1	1	0	1	1	1	0.12219813674920825	2.0342954518345997	0.453485688333476	0.036487355525791444	2.580206009639454	2.024894079965972	0.632863651251	0.12219813674920825	2.0342954518345997	0.0	0.036487355525791444	2.580206009639454	2.024894079965972
640000	-35.0977740816125	-17.829571890317542	-17.26820219129496	0.0	0	1	0	1	1	1	0.7726945295054136	0.8326400151633679	2.1730169440511435	0.4639197157641253	1.5104425018876981	2.6713871090304635	0.8264630510586236	0.0	0.8326400151633679	0.0	0.4639197157641253	1.5104425018876981	2.6713871090304635
641000	-32.4437542953675	-18.911948786808857	-13.531805508558644	0.0	1	1	0	1	1	0	0.18364159060191654	0.01701101148482299	0.41688044730142676	1.2403099067607302	0.27557409105460423	2.7437800611487644	0.6837657531016403	0.18364159060191654	0.01701101148482299	0.0	1.2403099067607302	0.27557409105460423	0.0
642000	-32.03809791644767	-18.576892059999476	-13.461205856448196	0.0	0	1	1	0	1	1	0.11626498639278278	1.623941385401793	1.8733448749741883	0.30984431068365226	0.2859317897342845	1.2648068502911947	0.3506343390779128	0.0	1.623941385401793	1.8733448749741883	0.0	0.2859317897342845	1.2648068502911947
643000	-36.83825286937579	-16.792307532639356	-20.045945336736434	0.0	0	1	0	1	1	1	0.24324663904090757	1.1788225636195968	5.08363309769391	1.707025526296138	1.9778421676030253	1.1842232453155896	0.695175428529292	0.0	1.1788225636195968	0.0	1.707025526296138	1.9778421676030253	1.1842232453155896
644000	-34.895538421815026	-19.124956696017303	-15.770581725797722	0.0	0	1	1	0	0	1	0.8117017162536704	0.4016232968246545	0.9939503986797598	1.043571624731409	3.156988648087304	2.300929062471943	0.40119429395306566	0.0	0.4016232968246545	0.9939503986797598	0.0	0.0	2.300929062471943
645000	-35.60881210551089	-20.227315334855643	-15.381496770655254	0.0	0	1	0	0	0	1	1.344771054296033	3.286987712000134	0.6598089088959984	0.12391337087044252	0.16132405898808438	3.4695921101230374	0.2798391053418807	0.0	3.286987712000134	0.0	0.0	0.0	3.4695921101230374
646000	-35.35831639558039	-19.67416899050505	-15.684147405075343	0.0	1	1	0	1	1	1	1.028672733537495	1.0499378885620245	0.814369402662002	0.6401043054891742	1.3922442597510636	0.8122130672899258	0.5749083429354868	1.028672733537495	1.0499378885620245	0.0	0.6401043054891742	1.3922442597510636	0.8122130672899258
647000	-34.210264404461626	-18.221089493885838	-15.989174910575791	0.0	0	1	1	1	1	1	0.0329537922463438	2.122862006928602	0.18847264077831968	0.28280691710802836	1.7186259384198355	1.4740976518107747	0.718409807011813	0.0	2.122862006928602	0.18847264077831968	0.28280691710802836	1.7186259384198355	1.4740976518107747
648000	-37.58961903243187	-19.426522316439453	-18.163096715992417	0.0	1	1	0	0	1	1	0.8840469668869803	1.030049167771253	0.23689909772516277	0.6811924315666802	2.866540342091599	4.432875011585198	0.36657181999114613	0.8840469668869803	1.030049167771253	0.0	0.0	2.866540342091599	4.432875011585198
649000	-33.78125908433102	-19.509221553589928	-14.272037530741093	0.0	1	1	1	0	0	1	0.4549418691395695	0.4850679004365934	2.4002540671164323	0.6525857266395739	0.18484369880259507	0.98783105771383	1.0744685719799145	0.4549418691395695	0.4850679004365934	2.4002540671164323	0.0	0.0	0.98783105771383
650000	-33.27681258997578	-17.826545427139962	-15.450267162835823	0.0	1	1	1	1	1	0	0.28471204807074735	0.3242565128609591	0.08890684288549244	0.906206408936659	0.7418359082236283	2.968438199329357	0.6947733166560102	0.28471204807074735	0.3242565128609591	0.08890684288549244	0.906206408936659	0.7418359082236283	0.0
651000	-31.55538424613264	-18.796348514614163	-12.759035731518477	0.0	1	1	1	1	0	0	0.6268056870797364	0.8390509598665266	1.0725281976644438	1.3419497383505163	0.28437976396491377	0.5450727398090975	0.3731425826445948	0.6268056870797364	0.8390509598665266	1.0725281976644438	1.3419497383505163	0.0	0.0
652000	-36.02289806679545	-20.926434407248422	-15.09646365954703	0.0	0	1	0	0	1	1	2.9206539544123093	1.6043431193445197	1.6782726489113	1.5920751935611523	0.01388758949340025	0.6693100437487151	0.2573017861599156	0.0	1.6043431193445197	0.0	0.0	0.01388758949340025	0.6693100437487151
653000	-33.0109092077822	-20.169013839947052	-12.841895367835146	0.0	0	1	1	0	1	1	0.5494360459424362	1.0997731244328854	1.3068909362868069	0.3564261413246094	0.9755966980697689	1.3525487388096533	0.15970053827477265	0.0	1.0997731244328854	1.3068909362868069	0.0	0.9755966980697689	1.3525487388096533
654000	-28.60132027143311	-17.20677276479086	-11.394547506642251	0.0	0	1	0	1	1	1	0.802953122607659	0.2544155430751378	0.46164951334861754	0.75733194602809	0.42624443839332793	0.3772165488605923	0.48667690368481203	0.0	0.2544155430751378	0.0	0.75733194602809	0.42624443839332793	0.3772165488605923
655000	-39.85946164816548	-18.616138589568653	-21.24332305859683	0.0	0	1	0	0	1	1	3.632222731063635	3.60683096527746	0.23300528974564574	3.589040447245171	0.5000364850002592	2.81325732479511	0.3307742374428713	0.0	3.60683096527746	0.0	0.0	0.5000364850002592	2.81325732479511
656000	-31.53804640689651	-18.814970557799864	-12.723075849096645	0.0	1	1	0	0	1	1	0.22395454051055805	1.3318717841784935	0.31775845973913674	0.17576734727298113	1.9937946231637431	0.49341292032345346	0.42808019398634134	0.22395454051055805	1.3318717841784935	0.0	0.0	1.9937946231637431	0.49341292032345346
657000	-28.965605487337623	-17.76897171979418	-11.196633767543442	0.0	0	1	0	0	1	1	0.6048361795629851	0.3798368478341048	1.3880624203685756	0.3042299044127839	0.22510461543403737	1.093140394572493	0.4613383870425618	0.0	0.3798368478341048	0.0	0.0	0.22510461543403737	1.093140394572493
658000	-34.50185828201107	-18.546204033917274	-15.955654248093794	0.0	1	1	1	1	1	1	0.2876680216285202	1.0207929741555732	0.047615397612655125	0.8285441287780271	2.0309152273091664	0.43354814214415244	0.38797824210737225	0.2876680216285202	1.0207929741555732	0.047615397612655125	0.8285441287780271	2.0309152273091664	0.43354814214415244
659000	-38.945025005678545	-21.0392164969817	-17.905808508696843	0.0	1	1	0	1	1	0	2.203696615309902	1.2455405549480423	0.6265558481003691	1.3694866092614342	2.2328796175454273	1.5376112463347806	0.708433208274071	2.203696615309902	1.2455405549480423	0.0	1.3694866092614342	2.2328796175454273	0.0
660000	-39.81036152636187	-17.923607411208113	-21.88675411515376	0.0	1	1	0	1	1	1	0.3090401184377593	1.5157858133913973	2.046393659865118	3.0672277415736158	0.35619791363479414	4.5813045374893	0.6130431330712182	0.3090401184377593	1.5157858133913973	0.0	3.0672277415736158	0.35619791363479414	4.5813045374893
661000	-31.11497447380345	-17.740885349740665	-13.374089124062786	0.0	0	1	0	1	1	1	0.19118345240715215	0.4646885194157933	0.1522593661315686	0.7341517271235694	1.771046177353978	1.699979282579423	0.5096212427289072	0.0	0.4646885194157933	0.0	0.7341517271235694	1.771046177353978	1.699979282579423
662000	-36.9943955671243	-20.606848008995353	-16.38754755812895	0.0	1	0	1	1	0	0	0.6970723982516435	3.159370084267071	0.525609713333629	0.7355677173569916	1.7946578680297491	2.3184595627391813	0.44119815842372895	0.6970723982516435	0.0	0.525609713333629	0.7355677173569916	0.0	0.0
663000	-33.965024687746876	-20.734868387467333	-13.230156300279539	0.0	0	1	1	0	0	1	0.40513919001026705	0.057877673910273875	1.4270192065856733	0.4922367245698572	2.5242392975046544	0.22228576400933192	1.13489276765766	0.0	0.057877673910273875	1.4270192065856733	0.0	0.0	0.22228576400933192
664000	-31.35499992891283	-21.097630495216	-10.25736943369683	0.0	1	1	0	1	0	0	0.7466188674230438	0.2637207986065887	0.18754311886319158	0.8830488587333358	0.7325950204391085	0.5254262800255287	0.347566315239916	0.7466188674230438	0.2637207986065887	0.0	0.8830488587333358	0.0	0.0
665000	-33.91633890252858	-18.47951928471476	-15.436819617813821	0.0	0	1	1	0	0	1	1.5884008368770837	1.0450723665444628	1.9644341703609258	0.07657270149167932	0.8345687253344951	2.883634721650189	0.39415896568445075	0.0	1.0450723665444628	1.9644341703609258	0.0	0.0	2.883634721650189
666000	-32.66469432941511	-18.373834999077815	-14.290859330337298	0.0	0	1	0	0	1	1	2.9569080147969755	1.9730925367501486	0.17460231947799926	0.8676573990562618	0.7338525764124119	1.0821415763852809	0.22925756264811364	0.0	1.9730925367501486	0.0	0.0	0.7338525764124119	1.0821415763852809
667000	-32.57577205467994	-20.584647683332065	-11.991124371347874	0.0	0	1	0	0	1	1	0.978313389753613	2.0555716454738167	0.37932241579451353	0.17700017464462506	1.8380763732825012	0.3703453473142904	0.1680878950590403	0.0	2.0555716454738167	0.0	0.0	1.8380763732825012	0.3703453473142904
668000	-32.12397990463707	-17.38695957536823	-14.737020329268837	0.0	0	1	0	1	1	1	0.2952954396122995	0.734235901750837	0.013125275270719803	0.753458498330369	1.3112874097730325	3.0228583965058466	0.6518082953262587	0.0	0.734235901750837	0.0	0.753458498330369	1.3112874097730325	3.0228583965058466
669000	-38.06557912852567	-18.608295996381653	-19.457283132144017	0.0	1	0	0	1	1	0	1.0194743256314838	1.5053952876000025	0.3093246443641827	3.5290271393464363	2.1523056866660544	2.783347267819891	1.201509796109492	1.0194743256314838	0.0	0.0	3.5290271393464363	2.1523056866660544	0.0
670000	-29.864906954100984	-17.298040761430123	-12.566866192670862	0.0	0	1	0	1	1	1	0.922811194929262	1.1220648388563281	0.13761510729788626	0.6424064063796158	0.6931652535927855	1.0797883507817785	0.34435582693851174	0.0	1.1220648388563281	0.0	0.6424064063796158	0.6931652535927855	1.0797883507817785
671000	-35.62184366614349	-19.196730193377036	-16.42511347276645	0.0	1	1	0	1	1	0	0.32553304085012136	1.0992974916040872	1.055838871649463	2.565196999836983	0.6015848997360272	2.1700928108976325	0.6523366253156818	0.32553304085012136	1.0992974916040872	0.0	2.565196999836983	0.6015848997360272	0.0
672000	-34.80577337040459	-19.842007772443978	-14.96376559796061	0.0	0	1	0	1	0	1	1.1675930923915072	0.6564098143579752	2.072838209073134	1.406740089617326	0.6320754241925929	1.1852502938803287	0.8763746627732942	0.0	0.6564098143579752	0.0	1.406740089617326	0.0	1.1852502938803287
673000	-33.785009814760265	-20.711296243224506	-13.07371357153576	0.0	0	1	0	1	1	1	0.03983350482162433	1.3021072353413292	0.6708572220185443	2.4265133027146875	0.401300971971655	0.14153697941377974	0.389281417066262	0.0	1.3021072353413292	0.0	2.4265133027146875	0.401300971971655	0.14153697941377974
674000	-32.21644793493887	-18.38995933670566	-13.826488598233205	0.0	0	1	1	0	1	1	0.4917732710112439	0.879595585018426	0.5375776013043633	2.346381640255558	0.40277635907967524	0.5861284538710452	0.6360251098916168	0.0	0.879595585018426	0.5375776013043633	0.0	0.40277635907967524	0.5861284538710452
675000	-31.22283779437041	-18.24317782592079	-12.97965996844962	0.0	0	1	0	0	1	1	1.2215583559406513	0.4909118249750036	1.576776834421823	2.4875685136629344	0.28128490437307224	0.21723227402126138	0.2805407645537484	0.0	0.4909118249750036	0.0	0.0	0.28128490437307224	0.21723227402126138
676000	-40.01771406848114	-19.745641762132248	-20.272072306348893	0.0	1	1	0	1	1	1	0.4283952050436018	1.1906484439431022	3.0491443490545453	3.6612910229166924	0.5271357241178112	0.7668020600811682	1.160234267647111	0.4283952050436018	1.1906484439431022	0.0	3.6612910229166924	0.5271357241178112	0.7668020600811682
677000	-32.28164458518376	-18.8517951138928	-13.429849471290966	0.0	0	1	1	1	1	1	1.5237148441123558	1.1555449871220935	0.10686080207029328	0.37871541360763006	0.3628235466244359	0.34185819936767325	0.3906196668458054	0.0	1.1555449871220935	0.10686080207029328	0.37871541360763006	0.3628235466244359	0.34185819936767325
678000	-36.78786859750171	-18.822265157041908	-17.96560344045981	0.0	0	1	1	1	0	1	3.0949161254238713	1.5895803080511306	0.8339474080509692	2.775915245557457	0.09018492335724906	0.9664904046353936	0.6569203713239247	0.0	1.5895803080511306	0.8339474080509692	2.775915245557457	0.0	0.9664904046353936
679000	-32.87490716706792	-17.000631644208397	-15.874275522859524	0.0	0	1	1	1	0	1	0.6901578321517647	0.46905248170285985	1.182359913606666	2.1483245445500994	0.03323644876895867	2.082173327559479	1.2639691407375298	0.0	0.46905248170285985	1.182359913606666	2.1483245445500994	0.0	2.082173327559479
680000	-36.20030960226332	-18.684743251734563	-17.515566350528754	0.0	1	1	1	1	1	1	0.09455259425667933	0.3273842193064401	1.462621217906436	0.6899268037897651	1.3764713807018851	1.669087720801484	0.6993694595177951	0.09455259425667933	0.3273842193064401	1.462621217906436	0.6899268037897651	1.3764713807018851	1.669087720801484
681000	-30.52322304689169	-21.374262333776734	-9.148960713114956	0.0	0	1	0	0	1	1	1.6257326576197724	0.30194018159448055	0.028085200191063173	0.9811781341041069	0.1502238538622823	0.5310896879774043	0.08667123494228988	0.0	0.30194018159448055	0.0	0.0	0.1502238538622823	0.5310896879774043
682000	-33.84125371242897	-17.877313299477773	-15.963940412951198	0.0	0	1	0	1	1	1	0.33807061476252	0.7479294746494233	2.7631002536027798	1.3397311541143755	1.5056340526633674	0.2678978048631262	0.9674342020786563	0.0	0.7479294746494233	0.0	1.3397311541143755	1.5056340526633674	0.2678978048631262
683000	-32.56063107671888	-18.48096251398345	-14.079668562735428	0.0	0	1	1	0	0	1	0.40480206958476933	0.9449243063707667	0.9517251017857321	1.0061906844383812	0.5239066019197154	3.1044680293047913	0.43542748530395103	0.0	0.9449243063707667	0.9517251017857321	0.0	0.0	3.1044680293047913
684000	-30.476747940002266	-18.204736829997394	-12.272011110004872	0.0	0	1	0	1	1	1	0.8859207143482075	0.3556178965416106	1.4526085159517879	0.3019363578469771	0.09794756136627165	0.4127599597059131	0.7637631604694688	0.0	0.3556178965416106	0.0	0.3019363578469771	0.09794756136627165	0.4127599597059131
685000	-33.29199213271846	-18.711945325165907	-14.580046807552556	0.0	0	1	1	1	1	1	2.837436086130378	0.7575286201179839	0.39255008216254506	0.6491753243116484	0.27238588158545135	0.43127637571421884	0.28340684740945615	0.0	0.7575286201179839	0.39255008216254506	0.6491753243116484	0.27238588158545135	0.43127637571421884
686000	-35.138200819604336	-19.394690483394328	-15.743510336210012	0.0	0	1	0	0	1	1	2.4304343098267465	2.830968884516434	1.0236610828120094	1.3343256191035837	0.7922134242877983	1.1695705490475177	0.1630901773279882	0.0	2.830968884516434	0.0	0.0	0.7922134242877983	1.1695705490475177
687000	-33.47541615535697	-18.5932173725567	-14.88219878280027	0.0	1	0	0	1	1	0	0.49767791707789166	0.04357168765416939	1.329384937904091	2.313998808793334	2.0460539124525146	0.474120959255404	1.2245294728345109	0.49767791707789166	0.0	0.0	2.313998808793334	2.0460539124525146	0.0
688000	-37.21909309401397	-20.38036371050374	-16.838729383510227	0.0	0	1	0	0	1	1	0.25534870075425886	2.28277237463681	3.2706389353016694	2.1222263025589996	2.008821490938131	0.2596218699389046	0.26286591960731653	0.0	2.28277237463681	0.0	0.0	2.008821490938131	0.2596218699389046
689000	-31.18747879642062	-18.146393097021868	-13.041085699398753	0.0	0	1	0	1	1	1	1.1679909111123306	0.3034155404328187	0.4163184096918288	1.679069816116446	0.11463642194761421	0.967371436041101	0.5259391666744182	0.0	0.3034155404328187	0.0	1.679069816116446	0.11463642194761421	0.967371436041101
690000	-34.091209551706605	-18.978780359519575	-15.11242919218703	0.0	0	1	1	0	1	1	4.745361714227887	0.19011807323407215	0.20148670170520136	0.42889135786656885	0.06044655533007471	0.4015248018462355	1.0511810488357045	0.0	0.19011807323407215	0.20148670170520136	0.0	0.06044655533007471	0.4015248018462355
691000	-36.01129483656465	-18.657445136879875	-17.353849699684776	0.0	1	1	0	0	1	1	0.09949435026564207	2.852117331853206	0.443102893397611	0.19299957585987035	1.989641894691945	4.48137843175629	0.17543527994963207	0.09949435026564207	2.852117331853206	0.0	0.0	1.989641894691945	4.48137843175629
692000	-30.928795888213767	-17.431346477634005	-13.497449410579762	0.0	0	1	0	0	1	1	0.40911667616853525	0.4243510201508373	4.37789228431098	0.34666644340512714	0.35026695095339305	0.4366435895559607	0.4393050024417215	0.0	0.4243510201508373	0.0	0.0	0.35026695095339305	0.4366435895559607
693000	-34.83770473631425	-17.516387079795514	-17.321317656518733	0.0	0	1	1	1	1	1	3.3087121592369413	0.5599825054299967	0.9886594233636278	0.15554354858660718	0.6026184306702252	1.782269060425867	0.5617896216219501	0.0	0.5599825054299967	0.9886594233636278	0.15554354858660718	0.6026184306702252	1.782269060425867
694000	-27.93598333749108	-17.393876672020873	-10.542106665470206	0.0	0	1	0	1	1	1	0.05397595929855095	0.2558812677431421	1.0267561211743048	0.18120238593399174	0.25211001960906126	0.14226182970423884	0.6670853892395331	0.0	0.2558812677431421	0.0	0.18120238593399174	0.25211001960906126	0.14226182970423884
695000	-30.62289413255202	-18.660832850303176	-11.962061282248843	0.0	0	1	1	0	1	1	0.8670186477812885	1.1753475582602053	0.10731462252184841	0.23965813752766352	0.31758603875038194	1.8582680592627892	0.19424227594642818	0.0	1.1753475582602053	0.10731462252184841	0.0	0.31758603875038194	1.8582680592627892
696000	-36.25315800318972	-19.045104183679783	-17.208053819509935	0.0	0	1	0	0	1	1	1.1842106518878226	0.6290550051888133	1.35283261689564	1.5574188120268673	0.695997485436579	4.330985624777271	0.5960851493637054	0.0	0.6290550051888133	0.0	0.0	0.695997485436579	4.330985624777271
697000	-33.827637851620075	-16.843116249998825	-16.98452160162125	0.0	0	1	0	1	1	1	1.1268306762447315	0.8976294083316099	0.5094303795037705	2.3781121908222507	1.1699655423251953	1.6869721341854738	1.198270776714492	0.0	0.8976294083316099	0.0	2.3781121908222507	1.1699655423251953	1.6869721341854738
698000	-29.63105760577698	-17.207279827041003	-12.42377777873598	0.0	0	1	0	1	1	1	0.20658565635030945	0.3238122961815414	0.6882109033885784	1.2636635101048352	0.8447507414932803	0.561875239245342	0.6065843736237019	0.0	0.3238122961815414	0.0	1.2636635101048352	0.8447507414932803	0.561875239245342
699000	-30.631526865610198	-20.463061701850595	-10.168465163759603	0.0	0	1	0	1	0	1	0.046343874449358446	0.6763053648823562	0.5265352350797144	0.14913251581397394	0.8959595348577383	1.1555112918123087	0.2845985045399272	0.0	0.6763053648823562	0.0	0.14913251581397394	0.0	1.1555112918123087
700000	-33.40037415782688	-22.18033789702741	-11.220036260799473	0.0	0	1	0	0	1	1	0.09737215755601819	0.06867418557837154	1.560131722254838	0.058823223235284994	0.1480640710958238	1.7860363306629155	0.6225235329517839	0.0	0.06867418557837154	0.0	0.0	0.1480640710958238	1.7860363306629155
701000	-36.29590702393852	-19.307531261054947	-16.98837576288357	0.0	1	1	0	0	1	1	1.1521867122005074	1.8467365177207675	1.0913162615233305	1.4828229444844099	1.526482221577545	2.211240267794623	0.25724958915989665	1.1521867122005074	1.8467365177207675	0.0	0.0	1.526482221577545	2.211240267794623
702000	-34.65032347234849	-17.919705281404074	-16.730618190944416	0.0	0	1	1	0	1	1	4.1993730559027505	0.8259684605455383	0.47283550362902566	0.40849493895278405	1.2446275376606324	0.8268202394745633	0.7541060625574089	0.0	0.8259684605455383	0.47283550362902566	0.0	1.2446275376606324	0.8268202394745633
703000	-35.17311249511311	-20.2825362267251	-14.890576268388008	0.0	1	0	0	1	1	0	0.3144025008129758	0.5163238501641714	2.8758134736449392	0.845539096429985	2.145017671099434	0.43974932448351706	0.8016330607360036	0.3144025008129758	0.0	0.0	0.845539096429985	2.145017671099434	0.0
704000	-28.839031683772994	-19.1117142193095	-9.727317464463495	0.0	0	1	1	0	0	1	0.06940353518125852	0.030072484897766507	0.33430168753763717	1.2925809765023644	0.22003994792435622	0.14216366947672515	0.7145463513598278	0.0	0.030072484897766507	0.33430168753763717	0.0	0.0	0.14216366947672515
705000	-29.45248947442768	-18.84020536037695	-10.61228411405073	0.0	0	1	0	0	1	1	0.03382352685178303	0.37352313672717896	0.48365835194774115	1.2082841400229234	0.9633343036515039	1.0741478192412242	0.22312519951171514	0.0	0.37352313672717896	0.0	0.0	0.9633343036515039	1.0741478192412242
706000	-34.295583476773416	-22.070621676294266	-12.22496180047915	0.0	1	1	1	0	1	1	0.4064232288677694	0.6302737905952128	0.5439986574357842	1.6268312417286823	0.039066754586951316	0.23974098356738002	0.1716446755087979	0.4064232288677694	0.6302737905952128	0.5439986574357842	0.0	0.039066754586951316	0.23974098356738002
707000	-28.66900635113194	-17.837399676317713	-10.831606674814228	0.0	0	1	0	0	1	1	0.3557724896312806	0.641833343794195	0.10233756478017367	1.1808399216444538	0.9891394726718528	0.39637657419630257	0.44496514005654114	0.0	0.641833343794195	0.0	0.0	0.9891394726718528	0.39637657419630257
708000	-33.77375104085256	-20.244885083539106	-13.52886595731345	0.0	0	1	0	0	1	1	0.3586869992714911	0.9666572192267203	1.5665700495096997	2.8415992738647313	0.17246255641379596	1.7030410643936247	0.12794596930151328	0.0	0.9666572192267203	0.0	0.0	0.17246255641379596	1.7030410643936247
709000	-31.68625507780533	-19.932266006027046	-11.753989071778285	0.0	0	1	0	0	0	1	0.06223018816291519	0.8060993093360167	0.21485535267782854	1.669725626224674	0.19868404452966837	2.157500144139736	0.381540866989686	0.0	0.8060993093360167	0.0	0.0	0.0	2.157500144139736
710000	-31.235006601234463	-18.593441116419278	-12.641565484815185	0.0	1	1	0	0	1	1	0.08999124492699923	0.3573329299884983	0.555300650929439	2.354067768989428	0.1458980951751813	1.1278514268060542	0.3591755070255161	0.08999124492699923	0.3573329299884983	0.0	0.0	0.1458980951751813	1.1278514268060542
711000	-33.533286139154875	-20.31635838266141	-13.216927756493467	0.0	0	1	1	1	0	1	0.07349618355717207	1.3410526655625599	1.0003168235527384	1.2165968316313898	1.1411925550886057	0.2676880218188635	0.42384734040359745	0.0	1.3410526655625599	1.0003168235527384	1.2165968316313898	0.0	0.2676880218188635
712000	-36.21181064951564	-19.82090956654757	-16.390901082968067	0.0	1	1	0	1	1	0	0.19684536771676958	2.0088770597856653	0.6206559841494329	0.666376201396237	2.728855563912082	0.7001869769311011	1.5438973417506665	0.19684536771676958	2.0088770597856653	0.0	0.666376201396237	2.728855563912082	0.0
713000	-37.95672576365931	-19.886220141274233	-18.070505622385078	0.0	1	1	1	1	0	0	0.12356017944885218	0.1697734497882672	1.4679944283256239	1.1760946614126118	4.250237960983188	2.324798038808704	0.6208070094272297	0.12356017944885218	0.1697734497882672	1.4679944283256239	1.1760946614126118	0.0	0.0
714000	-33.30201203394236	-19.090580621563415	-14.211431412378943	0.0	0	1	0	1	1	1	0.6076146453815853	0.2620405226432142	1.7001618315563194	0.39303785759385595	0.813142120023524	0.3999200116970564	2.7185851216990162	0.0	0.2620405226432142	0.0	0.39303785759385595	0.813142120023524	0.3999200116970564
715000	-31.24380847157605	-19.034196208433055	-12.209612263142994	0.0	1	1	1	1	0	0	0.38346247402104966	0.5877230237772653	0.1493988027302536	1.796036886036997	0.034473183917012075	0.9948093651290258	0.46245338505610933	0.38346247402104966	0.5877230237772653	0.1493988027302536	1.796036886036997	0.0	0.0
716000	-34.16775037700376	-20.51435581174458	-13.653394565259184	0.0	1	1	0	1	0	1	1.0027496456527452	2.3539538371390862	0.514096735845131	1.0987377199325097	0.6564396168303394	0.6516770659388323	0.1901780749126643	1.0027496456527452	2.3539538371390862	0.0	1.0987377199325097	0.0	0.6516770659388323
717000	-32.85580868536573	-18.695313855140874	-14.16049483022486	0.0	1	1	1	0	0	1	0.1758915749362423	1.2396310232304486	2.280766346648173	0.12176738471122231	0.2593623144698045	1.8541434661806377	0.4466391396726951	0.1758915749362423	1.2396310232304486	2.280766346648173	0.0	0.0	1.8541434661806377
718000	-32.215401122732466	-18.670783315265403	-13.544617807467061	0.0	0	1	0	1	1	1	0.13770404625575527	0.20299799650768466	0.9767528136688757	0.6306112183862871	1.3958285520890088	0.6381800799214147	1.6950146715146874	0.0	0.20299799650768466	0.0	0.6306112183862871	1.3958285520890088	0.6381800799214147
719000	-43.797189910984024	-19.19756159622021	-24.599628314763812	0.0	1	1	0	1	1	0	0.12647340851346375	1.5333945097649049	0.6416027707464488	6.839165393937702	2.561436264818264	4.221332556216866	0.6987109097782226	0.12647340851346375	1.5333945097649049	0.0	6.839165393937702	2.561436264818264	0.0
720000	-30.349365047264513	-17.4445383268579	-12.904826720406614	0.0	0	1	0	1	1	1	0.22135814242383867	0.18593894399247052	1.5639170946607788	0.7085345782343523	0.43020334881667216	0.3130061315156747	1.5637197649347592	0.0	0.18593894399247052	0.0	0.7085345782343523	0.43020334881667216	0.3130061315156747
721000	-29.156546320842892	-17.207754864590072	-11.948791456252822	0.0	0	1	0	1	1	1	0.12881702072717027	0.21308851688701042	0.21625864644456133	0.8728356252827226	0.49281410509901236	0.5254616649261372	1.5915440675391288	0.0	0.21308851688701042	0.0	0.8728356252827226	0.49281410509901236	0.5254616649261372
722000	-34.02021265672294	-17.61022399932119	-16.40998865740175	0.0	0	1	1	1	1	1	1.156473174036559	1.2836985966088408	0.5516979016825033	0.4173235336171913	2.0109191317340644	0.8751893796109019	0.6801781105331635	0.0	1.2836985966088408	0.5516979016825033	0.4173235336171913	2.0109191317340644	0.8751893796109019
723000	-27.900058701774697	-17.86863334735162	-10.031425354423078	0.0	0	1	0	0	1	1	0.6451360176109902	0.35733108348273784	1.2395950367417374	0.10312849938689211	0.5836072318027697	0.4098908322385721	0.2773055788545464	0.0	0.35733108348273784	0.0	0.0	0.5836072318027697	0.4098908322385721
724000	-34.29694246999861	-20.148006074862646	-14.148936395135966	0.0	1	1	1	0	0	1	0.26686549913948676	1.056578554322417	1.3954953327109074	2.5599332387978175	0.15130175697972975	0.5362867283235306	0.42635287234659724	0.26686549913948676	1.056578554322417	1.3954953327109074	0.0	0.0	0.5362867283235306
725000	-34.321266064522725	-19.716689657054435	-14.60457640746829	0.0	0	1	0	1	0	1	0.24105229671888886	1.1246432060827405	0.789626416786103	0.3623557469205399	0.3006263644681807	4.083798143209567	0.7615711858023737	0.0	1.1246432060827405	0.0	0.3623557469205399	0.0	4.083798143209567
726000	-33.8495773911934	-18.08673183685714	-15.762845554336261	0.0	0	1	1	0	1	1	0.10650473287546393	0.9164683815789438	0.11818152271564834	4.038839221096715	0.5206619803122317	1.5064084909861621	0.6194015189743198	0.0	0.9164683815789438	0.11818152271564834	0.0	0.5206619803122317	1.5064084909861621
727000	-37.28976820432839	-20.461614561436683	-16.828153642891706	0.0	1	1	1	1	1	1	0.04558572516301125	0.3495599761362208	1.289385453531837	0.1088508995382219	0.2715007461987881	1.7175199853283132	2.208454843312787	0.04558572516301125	0.3495599761362208	1.289385453531837	0.1088508995382219	0.2715007461987881	1.7175199853283132
728000	-32.319347646760036	-18.39790189817601	-13.921445748584027	0.0	0	1	0	0	1	1	1.9290266044922044	0.36274059592331487	1.9599575070541697	0.5637645372314884	0.284294809123017	1.8712807828204412	0.3588629615166652	0.0	0.36274059592331487	0.0	0.0	0.284294809123017	1.8712807828204412
729000	-32.081956507059544	-18.534515912153623	-13.547440594905925	0.0	1	1	0	0	1	1	0.0784342323569051	1.1608091334654524	0.7107529934388113	1.678953661060271	0.1508095209955716	1.8361594629941054	0.33167554439802743	0.0784342323569051	1.1608091334654524	0.0	0.0	0.1508095209955716	1.8361594629941054
730000	-36.75234950096964	-22.84020591652771	-13.912143584441935	0.0	1	1	1	0	0	1	1.1929487629356927	0.987063249038682	0.8941535171783569	0.018831757766981108	0.38987996708471157	3.0593682874275334	0.1890694165044607	1.1929487629356927	0.987063249038682	0.8941535171783569	0.0	0.0	3.0593682874275334
731000	-30.40989729226641	-17.910418952883024	-12.499478339383387	0.0	0	1	1	0	1	1	1.157182719183628	0.26369016866105116	0.7377889270724679	0.9922154393471506	0.07756129853886093	0.8759621762328021	0.5274116287804566	0.0	0.26369016866105116	0.7377889270724679	0.0	0.07756129853886093	0.8759621762328021
732000	-34.021329209471666	-20.73885623241878	-13.282472977052885	0.0	0	1	1	0	0	1	0.3525540271278726	1.480944110476362	1.2569139132483316	1.142017404373297	0.39136674930471277	0.8990509863226681	0.8063739260965448	0.0	1.480944110476362	1.2569139132483316	0.0	0.0	0.8990509863226681
733000	-31.967292891452647	-17.501214895048747	-14.4660779964039	0.0	0	1	1	1	1	1	0.955992473540227	0.36102903757814114	0.22352897121794854	0.6613256804584796	0.6092038188528651	1.7970377585877826	0.5261178504837575	0.0	0.36102903757814114	0.22352897121794854	0.6613256804584796	0.6092038188528651	1.7970377585877826
734000	-34.875209407938634	-20.01899555023476	-14.856213857703874	0.0	1	1	0	1	0	1	0.4721548828882271	1.6148127387737925	1.1436995323208177	1.9975358440212654	0.08852714677268829	1.197684905864882	0.5000342481129335	0.4721548828882271	1.6148127387737925	0.0	1.9975358440212654	0.0	1.197684905864882
735000	-34.52101429181048	-22.455685332321018	-12.065328959489463	0.0	0	1	0	0	0	1	0.6234948716448601	0.1304593629375139	1.2774460746283371	0.579009567025868	2.208232193952649	0.10840874120604167	0.625062609766211	0.0	0.1304593629375139	0.0	0.0	0.0	0.10840874120604167
736000	-33.07508320160094	-18.385034005767327	-14.690049195833613	0.0	1	1	1	1	0	1	0.1470710918582878	0.16030519971606383	0.8514079583725176	1.0589267778242517	1.816799290978376	0.5541597564164685	0.6711834880228902	0.1470710918582878	0.16030519971606383	0.8514079583725176	1.0589267778242517	0.0	0.5541597564164685
737000	-34.09988934465355	-20.258865248753853	-13.84102409589969	0.0	0	1	1	1	0	1	0.08797242605805608	0.2367560429071595	0.3739236222848309	1.1694095319134814	1.93369955245217	0.3070183414369737	2.00822094134077	0.0	0.2367560429071595	0.3739236222848309	1.1694095319134814	0.0	0.3070183414369737
738000	-35.51353560526201	-19.485199921826233	-16.02833568343577	0.0	0	1	1	1	0	1	0.6670103624101138	2.1701444590064676	1.5041981157221789	0.40527702851509967	0.6992581236015659	2.892223476677571	0.26052255144020603	0.0	2.1701444590064676	1.5041981157221789	0.40527702851509967	0.0	2.892223476677571
739000	-46.86435308158774	-24.0567711399803	-22.807581941607438	0.0	1	1	1	0	1	1	0.8222141185135337	0.46384587245795533	2.030558308835832	4.214639145244403	1.1827583809560072	0.2053065686439162	28.89605969913204	0.8222141185135337	0.46384587245795533	2.030558308835832	0.0	1.1827583809560072	0.2053065686439162
740000	-31.322199662998536	-18.764523035419874	-12.557676627578664	0.0	0	1	1	0	1	1	0.8347669266370958	1.220007914151246	0.896289777040235	0.25660972524035425	0.7627789445322817	0.4068764329098694	0.42544587721059585	0.0	1.220007914151246	0.896289777040235	0.0	0.7627789445322817	0.4068764329098694
741000	-32.09629934927137	-17.982657962278964	-14.113641386992406	0.0	0	1	1	0	0	1	0.390544423359841	0.7040656822054319	1.4891743169667075	1.6036114087882862	0.2540565613609702	1.854418092540679	0.8546589911138016	0.0	0.7040656822054319	1.4891743169667075	0.0	0.0	1.854418092540679
742000	-33.82586579760518	-18.707403111856475	-15.118462685748709	0.0	1	0	0	1	1	1	0.9645048885550734	0.5942143046846974	0.4110260363624048	2.6876562667691215	0.9737267708508509	0.7279692920918069	0.759303349377975	0.9645048885550734	0.0	0.0	2.6876562667691215	0.9737267708508509	0.7279692920918069
743000	-32.51243112648622	-18.177269007911075	-14.335162118575145	0.0	0	1	1	0	0	1	0.7415202352633615	1.056603589491595	1.3977330303779025	0.14879354712561102	0.5189022430830701	2.807756693202188	0.732711783928305	0.0	1.056603589491595	1.3977330303779025	0.0	0.0	2.807756693202188
744000	-33.64568667433407	-20.517587196380244	-13.128099477953832	0.0	1	1	0	0	1	0	0.07586931577613476	0.32135546466112164	1.0810990278669756	0.8444861185642528	0.8475021205571557	1.5838553844339793	1.4903765079100046	0.07586931577613476	0.32135546466112164	0.0	0.0	0.8475021205571557	0.0
745000	-36.48042293555757	-17.950884500236317	-18.529538435321257	0.0	0	1	1	1	0	1	0.38873100679349815	0.30997503668751863	2.026995660661463	2.4818329950115854	1.9195900280013771	1.761959234466199	1.8322475610866522	0.0	0.30997503668751863	2.026995660661463	2.4818329950115854	0.0	1.761959234466199
746000	-38.48754825521789	-17.49251086538453	-20.995037389833357	0.0	0	1	0	0	1	1	0.7895432739922645	2.4658342239910325	3.841234260248124	1.7067752524498652	1.2410928802240346	3.894210949939623	0.3990042705981086	0.0	2.4658342239910325	0.0	0.0	1.2410928802240346	3.894210949939623
747000	-35.50074743789827	-20.32987909826076	-15.170868339637508	0.0	1	1	1	1	1	0	0.3280016158077253	1.091032460205424	0.615197391151466	0.04766067664439906	1.7119252387776143	0.33627684444683004	1.7169951272259028	0.3280016158077253	1.091032460205424	0.615197391151466	0.04766067664439906	1.7119252387776143	0.0
748000	-29.727949189488164	-17.84509244649235	-11.882856742995815	0.0	0	1	0	0	1	1	0.30301917316948146	0.48150245028592226	1.1170415393487665	1.0559378355295392	1.1903822771770292	0.5572597850079831	0.45052301880891726	0.0	0.48150245028592226	0.0	0.0	1.1903822771770292	0.5572597850079831
749000	-31.001127695498013	-18.50269951268574	-12.498428182812273	0.0	0	1	0	0	1	1	1.07359659799218	0.8589574466420811	0.566025719340809	1.1318122680734481	0.09673173051970686	1.7437989513685839	0.38765413270340116	0.0	0.8589574466420811	0.0	0.0	0.09673173051970686	1.7437989513685839
750000	-34.25659837353324	-17.089575281467532	-17.16702309206571	0.0	0	1	0	1	1	1	3.3565414398159668	0.8773973343177192	0.5219407595183353	0.8118559707955751	0.9377661559675492	1.8513056645589825	0.7989219459285223	0.0	0.8773973343177192	0.0	0.8118559707955751	0.9377661559675492	1.8513056645589825
751000	-34.76742947184383	-17.40169221574546	-17.365737256098374	0.0	0	1	1	1	0	1	0.8470150751515569	0.4617505549140517	1.8413431104539317	1.2407943563001074	1.1818925357737962	2.5685423430128744	1.2088816955516064	0.0	0.4617505549140517	1.8413431104539317	1.2407943563001074	0.0	2.5685423430128744
752000	-33.54572038137184	-18.529167111805755	-15.016553269566078	0.0	0	1	1	1	0	1	0.08001332086496922	0.5380507509297	2.030089457042763	1.7063094111213644	0.9104917292681517	0.6968707097978328	1.020245523371584	0.0	0.5380507509297	2.030089457042763	1.7063094111213644	0.0	0.6968707097978328
753000	-35.19212724905133	-21.05681187761922	-14.13531537143211	0.0	1	1	0	0	1	1	0.46687655366301684	0.3126518450978298	3.4010896622505395	1.0435623037692432	0.7541179375647916	0.7104734690225197	0.20414314138450237	0.46687655366301684	0.3126518450978298	0.0	0.0	0.7541179375647916	0.7104734690225197
754000	-33.65394290063906	-19.94787696680095	-13.706065933838108	0.0	0	1	1	0	1	1	1.583861562299764	0.41148081974071826	0.40139735829016193	2.0696845491839104	1.2433339299545854	0.3700419629441917	0.24436993583337874	0.0	0.41148081974071826	0.40139735829016193	0.0	1.2433339299545854	0.3700419629441917
755000	-31.72261770221139	-19.08604317508047	-12.636574527130922	0.0	1	0	0	1	1	1	0.7588969383914722	0.019007699109401626	0.6307372759847847	1.7580343546360413	0.9326478029620515	0.016295170748986586	0.5981934214666869	0.7588969383914722	0.0	0.0	1.7580343546360413	0.9326478029620515	0.016295170748986586
756000	-30.528356536050026	-19.573534184757133	-10.954822351292894	0.0	0	1	0	0	0	1	1.9873693958277356	0.16221890441133993	0.3965343767288828	0.07213351746660149	1.0649436918408564	0.4022022859544776	0.47764715346337483	0.0	0.16221890441133993	0.0	0.0	0.0	0.4022022859544776
757000	-39.138713726128366	-20.904693547690552	-18.234020178437813	0.0	1	1	1	1	1	0	0.1481048359021268	0.6166143346331836	3.808310914585819	1.301452028328141	1.6647277685408488	0.7256232906927919	0.5880437428804005	0.1481048359021268	0.6166143346331836	3.808310914585819	1.301452028328141	1.6647277685408488	0.0
758000	-37.29717072934842	-22.119968214204075	-15.17720251514435	0.0	1	0	1	1	0	1	0.5849193685024214	0.31596006517493996	2.4712713603636365	0.7027398494611633	1.4238668444372378	0.6142832139793443	1.0299157406193808	0.5849193685024214	0.0	2.4712713603636365	0.7027398494611633	0.0	0.6142832139793443
759000	-32.67648296511527	-21.49044120713356	-11.186041757981712	0.0	1	0	1	1	0	0	0.2846861814988826	0.17943217761717836	0.6715201331948722	2.0162837192965095	0.9905015765369056	0.20963077166831906	0.31940818546892846	0.2846861814988826	0.0	0.6715201331948722	2.0162837192965095	0.0	0.0
760000	-34.21563560208775	-20.12963809560288	-14.085997506484874	0.0	1	1	0	1	1	0	0.7310918573517879	1.685549971330952	0.2354132815445177	0.36415220422234734	1.79797438347485	1.1563878485852217	0.39868857362310806	0.7310918573517879	1.685549971330952	0.0	0.36415220422234734	1.79797438347485	0.0
761000	-34.67188382193944	-18.703255132608763	-15.968628689330675	0.0	1	1	1	1	1	1	0.7852636941825057	0.9542958606483408	0.1956465653062701	1.4680946003882236	1.0088942127988356	0.2538332934856056	0.386440122194545	0.7852636941825057	0.9542958606483408	0.1956465653062701	1.4680946003882236	1.0088942127988356	0.2538332934856056
762000	-31.111839261446352	-17.05793049537018	-14.053908766076173	0.0	0	1	0	1	1	1	1.2343499965664637	0.40669979439153103	1.2307640134053652	1.6098642290640115	0.2647540708629266	0.5833928572650858	0.7329746254367702	0.0	0.40669979439153103	0.0	1.6098642290640115	0.2647540708629266	0.5833928572650858
763000	-33.19637819221213	-18.76061712127094	-14.435761070941188	0.0	0	1	0	0	1	1	3.8475389383414242	0.22771465903500662	1.0242943564822091	1.0126196149279425	0.06894942124616607	0.7696273501999458	0.6126890221718462	0.0	0.22771465903500662	0.0	0.0	0.06894942124616607	0.7696273501999458
764000	-37.28419531061553	-20.266359827701503	-17.017835482914027	0.0	1	1	0	0	1	1	0.34527046871140454	1.1241765776258346	0.45413218183404813	0.09518241108197555	4.9535618024977675	2.5705971571405293	0.21002261586667417	0.34527046871140454	1.1241765776258346	0.0	0.0	4.9535618024977675	2.5705971571405293
765000	-38.395119471466224	-20.15425482834266	-18.240864643123565	0.0	0	1	0	0	0	1	0.3226031918868037	2.564344479483059	0.12597699192859482	1.2111011293560963	1.3991521457789997	6.116907312669715	0.33030285703767004	0.0	2.564344479483059	0.0	0.0	0.0	6.116907312669715
766000	-35.01265727205774	-16.919657158498254	-18.093000113559484	0.0	0	1	0	1	1	1	4.669019256105416	0.701892812352115	0.026336913135869056	1.047567711921925	1.1454649162612252	2.0971515358339414	0.5329755820746244	0.0	0.701892812352115	0.0	1.047567711921925	1.1454649162612252	2.0971515358339414
767000	-31.51548818153484	-18.907080617842848	-12.608407563691994	0.0	0	1	1	1	0	1	1.2648058402302653	0.4889777098307059	0.14845067717007712	0.07565291433742602	1.2483160152745183	0.8503244842234815	0.6047669285467824	0.0	0.4889777098307059	0.14845067717007712	0.07565291433742602	0.0	0.8503244842234815
768000	-31.30906621824451	-19.083554285194097	-12.225511933050411	0.0	0	1	1	0	0	1	2.8085741095326964	0.2554477496216676	0.30539698776127305	0.2945437516308315	0.10920531997474013	0.47453904321816776	1.0029975300077523	0.0	0.2554477496216676	0.30539698776127305	0.0	0.0	0.47453904321816776
769000	-32.398632138398966	-17.29063290116705	-15.107999237231912	0.0	1	1	0	1	1	1	0.0646979269775074	1.1946141168347995	0.4888245774988346	1.4662860967771463	0.5368554800431772	1.7380259648605112	0.41411042732149556	0.0646979269775074	1.1946141168347995	0.0	1.4662860967771463	0.5368554800431772	1.7380259648605112
770000	-34.3519894898393	-17.504424676937038	-16.847564812902256	0.0	1	1	1	1	1	1	0.0945975138821416	0.5907414797579938	1.4589147950287589	0.6611837541104698	0.10188370671293008	1.7579622042088219	0.931682976034855	0.0945975138821416	0.5907414797579938	1.4589147950287589	0.6611837541104698	0.10188370671293008	1.7579622042088219
771000	-33.12407225156302	-19.272423657478576	-13.851648594084443	0.0	1	1	0	1	1	1	0.6118781803758409	0.9581582852790336	0.31002766315732944	0.8543022929570344	1.4741880011987234	0.29994936293905505	0.3143183955381475	0.6118781803758409	0.9581582852790336	0.0	0.8543022929570344	1.4741880011987234	0.29994936293905505
772000	-31.157434996617827	-17.93939413975718	-13.218040856860647	0.0	0	1	0	1	1	1	0.9852414901135779	0.38669269586000704	1.5640686289736776	0.20256433117713596	0.5096651123982361	0.503800574499243	1.0318188795032053	0.0	0.38669269586000704	0.0	0.20256433117713596	0.5096651123982361	0.503800574499243
773000	-29.036488163996037	-17.92247480099808	-11.114013362997955	0.0	0	1	0	1	1	1	0.8083148224014371	0.6675067364975207	0.28443377383974255	0.5208202690709062	0.2264840902692799	0.3498059503641194	0.4591978425685259	0.0	0.6675067364975207	0.0	0.5208202690709062	0.2264840902692799	0.3498059503641194
774000	-34.63658239418314	-18.690654941308328	-15.945927452874805	0.0	1	1	1	1	1	1	0.6151433627600962	0.9946241931047769	0.3112447336188845	2.4801113016759384	0.22481179025198808	0.0834379533481468	0.3617267939562086	0.6151433627600962	0.9946241931047769	0.3112447336188845	2.4801113016759384	0.22481179025198808	0.0834379533481468
775000	-31.974590145575576	-17.01933409396902	-14.955256051606552	0.0	1	1	0	1	1	1	0.11943079120014896	0.5646556095760661	1.358446265733541	0.9678441258156092	1.126291908800825	0.6051597731862206	0.7507881242249924	0.11943079120014896	0.5646556095760661	0.0	0.9678441258156092	1.126291908800825	0.6051597731862206
776000	-34.2548135913206	-21.657375258178494	-12.597438333142108	0.0	0	1	0	0	0	1	1.0143229486306284	0.1890652318556314	2.4193290691981812	0.6112621785573651	1.3987295046469952	0.667941002772302	0.26931342308771417	0.0	0.1890652318556314	0.0	0.0	0.0	0.667941002772302
777000	-30.808940369622025	-18.31346501987104	-12.495475349750986	0.0	0	1	0	0	1	1	0.08557933259485388	0.880678452640114	1.7304458189837475	0.06882439172239901	1.4703579882575917	0.5649406884517725	0.7556332982320855	0.0	0.880678452640114	0.0	0.0	1.4703579882575917	0.5649406884517725
778000	-31.412906616097402	-17.657548181687005	-13.755358434410397	0.0	0	1	0	0	1	1	0.31009644048561347	0.4977385737066802	0.9612531146909327	3.939513811514096	0.2852383678226455	0.5563556695564706	0.4630675154825305	0.0	0.4977385737066802	0.0	0.0	0.2852383678226455	0.5563556695564706
779000	-33.955095956030455	-20.45009361494228	-13.505002341088176	0.0	1	0	1	1	0	0	0.40195526572671686	0.05121641907010454	0.6416781229285676	0.7596689423624087	0.34031461581940653	4.2525220253029445	0.3995237859139561	0.40195526572671686	0.0	0.6416781229285676	0.7596689423624087	0.0	0.0
780000	-34.36700606310805	-19.924889289045904	-14.442116774062146	0.0	0	1	1	1	0	1	0.5653068900694145	1.903638838534345	0.22290015424957374	2.5183863721631363	0.15611060591743278	0.9048812834380073	0.42144024940496594	0.0	1.903638838534345	0.22290015424957374	2.5183863721631363	0.0	0.9048812834380073
781000	-28.181179629388442	-17.55400946257862	-10.627170166809822	0.0	0	1	1	0	1	1	0.4862567714936464	0.44055081158703857	0.18240568763235762	0.11499095175454561	0.6499467497054401	0.7684196578007947	0.34976803648906557	0.0	0.44055081158703857	0.18240568763235762	0.0	0.6499467497054401	0.7684196578007947
782000	-34.555949594495814	-18.679451759856924	-15.876497834638892	0.0	1	0	0	1	1	0	1.0382399281910166	0.5295107161448519	0.2668430237697244	2.9405401378251876	1.9588692737108628	1.0039789216146968	1.1778488353301562	1.0382399281910166	0.0	0.0	2.9405401378251876	1.9588692737108628	0.0
783000	-32.37079797778812	-19.830617495033366	-12.540180482754758	0.0	1	0	1	1	0	0	0.34172445353320535	2.6540874899518316	0.17071221799925898	0.6379690012765499	0.6693521695111341	0.5748001621009564	0.6166972807440254	0.34172445353320535	0.0	0.17071221799925898	0.6379690012765499	0.0	0.0
784000	-32.14656880950481	-17.382490777050773	-14.764078032454034	0.0	0	1	0	0	1	1	1.845147681356463	0.31933893332898217	0.19378292844324263	4.737047697190733	0.3872494599929475	0.399539113283447	0.33511950172907257	0.0	0.31933893332898217	0.0	0.0	0.3872494599929475	0.399539113283447
785000	-34.692339891721616	-18.797192364328243	-15.89514752739337	0.0	0	1	0	0	1	1	1.5749038875997265	1.3144533073927223	0.020933216976272644	0.2466118039285094	1.2146362760465224	3.793141848723459	0.7831959945221078	0.0	1.3144533073927223	0.0	0.0	1.2146362760465224	3.793141848723459
786000	-30.009870972119852	-17.936567967208624	-12.073303004911228	0.0	0	1	1	0	1	1	1.2470105156476339	0.4741327973756569	0.2052085722027493	0.11975508441203866	0.7466297895002598	0.5277544437128454	0.7543424547756066	0.0	0.4741327973756569	0.2052085722027493	0.0	0.7466297895002598	0.5277544437128454
787000	-31.9103593649584	-17.100599851323345	-14.809759513635054	0.0	0	1	1	1	1	1	0.2966959308452608	0.39159166947873186	0.08588877421177454	1.3713917045631896	1.300907552440077	1.207591650181617	0.7086576319368149	0.0	0.39159166947873186	0.08588877421177454	1.3713917045631896	1.300907552440077	1.207591650181617
788000	-35.69385440317461	-21.776693554177882	-13.917160848996726	0.0	1	1	1	0	0	0	1.0169602866403749	3.0655678239499906	1.1826841465070077	0.6628001440090711	0.4696605313847118	0.817074054169973	0.28000410555099536	1.0169602866403749	3.0655678239499906	1.1826841465070077	0.0	0.0	0.0
789000	-36.082388770577964	-21.70988912637778	-14.372499644200186	0.0	0	1	1	0	0	1	1.3292547140030249	1.5022928028710572	0.22817241836868715	1.3524755668926787	0.390079780187907	1.840733426178927	0.7824316057907649	0.0	1.5022928028710572	0.22817241836868715	0.0	0.0	1.840733426178927
790000	-32.10382060199209	-18.203059368365412	-13.900761233626678	0.0	0	1	1	0	0	1	0.841770187563312	0.2656684146545926	1.945727903802841	0.025162075314398926	1.8780780182348922	0.8428521625643676	1.1350562134784632	0.0	0.2656684146545926	1.945727903802841	0.0	0.0	0.8428521625643676
791000	-32.49551126846802	-20.383438278989004	-12.112072989479017	0.0	0	1	0	1	1	1	0.6777411081046527	1.945681258507317	0.26995119093141395	0.4269461805579715	0.6515428618961323	0.22109807231488984	0.32758239698651853	0.0	1.945681258507317	0.0	0.4269461805579715	0.6515428618961323	0.22109807231488984
792000	-32.002087903848064	-18.45510105950748	-13.54698684434058	0.0	0	1	1	0	0	1	0.08544973810048778	0.27396194712480726	0.9710961324252865	0.29082683157051725	3.5679204319079005	1.1103424704876315	0.4830508690591914	0.0	0.27396194712480726	0.9710961324252865	0.0	0.0	1.1103424704876315
793000	-34.991604524260104	-19.72731475832935	-15.264289765930755	0.0	1	1	1	1	0	0	0.45857265529462216	0.3227634137116007	0.5637792221579399	3.127086272499092	1.76039315494794	1.3388107431182994	0.2612170266809942	0.45857265529462216	0.3227634137116007	0.5637792221579399	3.127086272499092	0.0	0.0
794000	-36.91982232454139	-19.447514653850007	-17.472307670691386	0.0	1	0	0	1	1	0	0.18268330690395576	1.6469283321381203	1.833256920319282	1.866702524812162	0.7557601182030189	3.065870583127935	1.1575234015021896	0.18268330690395576	0.0	0.0	1.866702524812162	0.7557601182030189	0.0
795000	-28.132039776990474	-19.00335894983206	-9.128680827158416	0.0	0	1	1	0	0	1	0.21059796687240614	0.22212222402524381	0.19190988007181803	0.6689263616414295	0.18953143770420972	0.740658084586659	0.3429089745280949	0.0	0.22212222402524381	0.19190988007181803	0.0	0.0	0.740658084586659
796000	-32.11407183037468	-17.526182916690654	-14.587888913684024	0.0	0	1	0	0	1	1	0.4795096320971977	2.4910930668951474	0.7100204300095172	0.054068838370822346	1.3126432411605007	2.559391778273241	0.37008813618334285	0.0	2.4910930668951474	0.0	0.0	1.3126432411605007	2.559391778273241
797000	-29.81510634097485	-19.11562184888568	-10.69948449208917	0.0	0	1	0	1	1	1	0.279537282829001	1.2543110004582534	0.092231343645064	0.04760862552642448	0.23240291342829172	0.6556896499797895	0.4076747250884649	0.0	1.2543110004582534	0.0	0.04760862552642448	0.23240291342829172	0.6556896499797895
798000	-31.385460568189526	-17.803146289657203	-13.582314278532323	0.0	0	1	1	1	1	1	0.16829456356009231	0.7461555919398426	0.14283816567085247	0.33125362133303654	1.1571485848306327	0.5377624315054327	0.9988400430223617	0.0	0.7461555919398426	0.14283816567085247	0.33125362133303654	1.1571485848306327	0.5377624315054327
799000	-33.18804207111711	-19.3379696479108	-13.850072423206313	0.0	1	1	0	1	1	0	0.7024025760055754	0.3032323429889135	2.604645753992369	0.991015826421494	0.8267136301308144	0.28359136728717127	0.4079878190853722	0.7024025760055754	0.3032323429889135	0.0	0.991015826421494	0.8267136301308144	0.0
800000	-38.57858995513063	-21.475124129136606	-17.103465825994025	0.0	1	1	0	0	0	1	0.8121116882736128	5.555914624030499	0.5852345936094482	0.45023667367828646	1.5351798847986762	1.473032894046057	0.27703342743126347	0.8121116882736128	5.555914624030499	0.0	0.0	0.0	1.473032894046057
801000	-36.825214138268855	-18.15091418688773	-18.674299951381126	0.0	1	1	0	0	1	1	0.36003266445883325	3.336744357871251	0.7800959668711661	0.6925046859340188	3.2693963708531384	2.5064103772482094	0.27086198710249054	0.36003266445883325	3.336744357871251	0.0	0.0	3.2693963708531384	2.5064103772482094
802000	-34.62573646906044	-21.092975942555952	-13.532760526504493	0.0	0	1	0	1	1	1	0.16173369509858276	0.27057704898625623	0.4292388903722754	2.240073484642994	1.9380151863057231	0.5460161659886777	0.3368885156585683	0.0	0.27057704898625623	0.0	2.240073484642994	1.9380151863057231	0.5460161659886777
803000	-37.79632164518631	-18.05544851842733	-19.74087312675898	0.0	0	1	1	1	0	1	2.374478466145011	0.6014627285646474	0.8705538781090796	0.5491816344227514	3.7924930189169443	2.3112174982406932	1.2297102713272066	0.0	0.6014627285646474	0.8705538781090796	0.5491816344227514	0.0	2.3112174982406932
804000	-32.82637126179991	-18.478150412256937	-14.348220849542974	0.0	0	1	1	0	1	1	0.5600289039564587	0.5040779192669921	1.1066439391918752	1.7057175116076906	1.3593582702954923	0.9264980108719757	0.42781476626236253	0.0	0.5040779192669921	1.1066439391918752	0.0	1.3593582702954923	0.9264980108719757
805000	-31.67087988575757	-18.249692049665164	-13.421187836092408	0.0	0	1	0	1	1	1	0.3947708257066234	0.2669891661462791	0.4989113784307299	2.0742959504950655	1.0710238125011105	0.5303905931275749	0.6376499034576525	0.0	0.2669891661462791	0.0	2.0742959504950655	1.0710238125011105	0.5303905931275749
806000	-33.22650061394957	-20.228743391217638	-12.997757222731932	0.0	0	1	0	0	1	1	0.3734672216558886	0.47578470960135205	0.12203580418909632	0.22322487189581916	0.23268293330726816	3.923372741606457	0.720599877181551	0.0	0.47578470960135205	0.0	0.0	0.23268293330726816	3.923372741606457
807000	-35.12854594272493	-18.82435464252975	-16.304191300195175	0.0	1	0	0	1	1	1	0.153751112894331	2.034635256406952	0.5843146627527023	2.423502421941817	0.6543771729949378	0.897087300553872	1.684848786580539	0.153751112894331	0.0	0.0	2.423502421941817	0.6543771729949378	0.897087300553872
808000	-35.76053812735836	-19.85031785369168	-15.910220273666674	0.0	1	0	0	1	1	0	0.9565775067010964	1.716274103380034	0.6265936851803927	2.428824788989656	2.7847604629158953	0.07340226449734398	0.5214212217932105	0.9565775067010964	0.0	0.0	2.428824788989656	2.7847604629158953	0.0
809000	-36.23663388322868	-18.25181964325841	-17.984814239970266	0.0	0	1	0	1	1	1	0.5685858660275364	2.1137504216854404	1.095048855460464	1.3955102403389987	2.3461217096952547	1.2750547100058562	1.168879061072755	0.0	2.1137504216854404	0.0	1.3955102403389987	2.3461217096952547	1.2750547100058562
810000	-34.28756207852646	-21.321055570515675	-12.966506508010784	0.0	1	1	0	1	1	0	0.5164445862921052	0.48377718653479695	0.8062785817440496	2.3723733870726273	1.2695396144809743	0.14770120650843918	0.18916289722222954	0.5164445862921052	0.48377718653479695	0.0	2.3723733870726273	1.2695396144809743	0.0
811000	-34.00778862684089	-18.780288932748803	-15.227499694092085	0.0	0	1	0	0	1	1	0.4185237794006929	1.0574456412821494	0.2410721458674259	3.1529862723408053	0.9878493313127498	1.6092969461575428	0.8069385264311096	0.0	1.0574456412821494	0.0	0.0	0.9878493313127498	1.6092969461575428
812000	-32.783562136006566	-19.105379555687552	-13.67818258031901	0.0	1	1	0	1	1	1	0.37510632991553294	1.2008267366795695	0.551371510586265	1.239782997995083	0.4744342201576568	0.20196982340198086	0.4207916769950414	0.37510632991553294	1.2008267366795695	0.0	1.239782997995083	0.4744342201576568	0.20196982340198086
813000	-33.748446683867186	-19.051478670927196	-14.696968012939994	0.0	0	1	1	0	1	1	2.4873281142774366	0.8347973909031956	1.0614685920585747	1.0897410833600336	0.8513620122616412	0.7551619606962964	0.24214080138268998	0.0	0.8347973909031956	1.0614685920585747	0.0	0.8513620122616412	0.7551619606962964
814000	-33.24803939579188	-19.70511812850517	-13.542921267286705	0.0	0	1	0	0	0	1	1.2925451593403465	1.0304057302770884	0.26460671418424736	0.7924095773358163	0.17644991460979195	3.1290231390903176	0.4719754006477692	0.0	1.0304057302770884	0.0	0.0	0.0	3.1290231390903176
815000	-36.66798706437217	-18.179640761968017	-18.488346302404153	0.0	0	1	0	1	1	1	5.401633063566875	0.3494891329863126	0.17675623695962295	0.8342650709495951	0.6065509326646821	1.4256759510691803	1.9328926406670088	0.0	0.3494891329863126	0.0	0.8342650709495951	0.6065509326646821	1.4256759510691803
816000	-31.122026051274492	-20.95435490868602	-10.167671142588471	0.0	0	1	0	0	1	1	0.5584503909715333	1.1110516062336344	0.5387820537630126	1.1243110991572083	0.34205484461452396	0.918952486871374	0.09051533357843583	0.0	1.1110516062336344	0.0	0.0	0.34205484461452396	0.918952486871374
817000	-28.081263995200914	-17.57769418586336	-10.503569809337552	0.0	0	1	1	0	1	1	0.411068232810429	0.2687608969847926	0.33481319297874956	0.605701155727176	0.2967214603908912	0.38052372106819293	0.43649921620253807	0.0	0.2687608969847926	0.33481319297874956	0.0	0.2967214603908912	0.38052372106819293
818000	-34.23197373649783	-18.834047815638176	-15.397925920859652	0.0	0	1	0	0	1	1	3.370904398425194	1.4755913432579655	0.4453603802875358	0.038957321625636795	1.1974867620492577	1.1821904714670444	0.7502008623344689	0.0	1.4755913432579655	0.0	0.0	1.1974867620492577	1.1821904714670444
819000	-34.99351788855242	-22.604383545118246	-12.389134343434172	0.0	1	1	0	1	0	0	1.0536892062820713	0.4180772514921686	0.6805055256191314	0.30588958602637817	2.1134570792665737	1.6632038092211245	0.16178559567295234	1.0536892062820713	0.4180772514921686	0.0	0.30588958602637817	0.0	0.0
820000	-35.58783155149227	-20.91278252142799	-14.675049030064287	0.0	1	1	1	1	0	1	0.09306271666574266	0.34195835129622304	0.2450366167035788	4.271461838451582	0.02276852836986948	0.2160387040454747	0.36215698199836743	0.09306271666574266	0.34195835129622304	0.2450366167035788	4.271461838451582	0.0	0.2160387040454747
821000	-30.771406528489717	-17.72390082189201	-13.047505706597708	0.0	1	1	0	1	1	0	0.05837936698315335	0.1413290403570543	0.7968664773092948	0.7410831137992396	0.5862360735715055	1.918994720117093	0.7944604937911154	0.05837936698315335	0.1413290403570543	0.0	0.7410831137992396	0.5862360735715055	0.0
822000	-37.23762982847108	-18.897645996380888	-18.33998383209019	0.0	1	1	1	1	1	1	0.62437352383881	0.634409964415525	0.44835762796041667	4.818269329795662	0.024794151723284374	0.10881454414821613	0.5642750954803851	0.62437352383881	0.634409964415525	0.44835762796041667	4.818269329795662	0.024794151723284374	0.10881454414821613
823000	-32.41748107555541	-19.969430719705553	-12.448050355849853	0.0	0	1	1	0	0	1	0.5532941915169034	1.3282854106347917	0.24992750810792397	0.1557948540309206	2.1995153842550814	0.9557571030866032	0.3792025046074269	0.0	1.3282854106347917	0.24992750810792397	0.0	0.0	0.9557571030866032
824000	-31.775379061821887	-17.703273935887818	-14.07210512593407	0.0	0	1	0	0	1	1	1.813375347355139	0.5937774657593323	1.7718498049062412	0.3388046292914413	1.4480082367258753	1.0423279075029923	0.402056197376294	0.0	0.5937774657593323	0.0	0.0	1.4480082367258753	1.0423279075029923
825000	-35.09892620598517	-22.64568393038668	-12.453242275598493	0.0	1	1	0	0	1	0	1.3717308979672178	1.2866987811528454	0.964395737625556	0.1560380631099762	0.01702457899267288	2.758515998514685	0.1252834934645663	1.3717308979672178	1.2866987811528454	0.0	0.0	0.01702457899267288	0.0
826000	-37.479273986625046	-19.93323932533838	-17.54603466128667	0.0	1	1	1	0	1	1	1.0079082146856642	0.9380786243380592	1.5987795988340443	1.974535202759246	0.5634438461174116	1.7939541755470951	0.43563369514969397	1.0079082146856642	0.9380786243380592	1.5987795988340443	0.0	0.5634438461174116	1.7939541755470951
827000	-29.002482149072087	-17.31309118561634	-11.689390963455747	0.0	0	1	0	0	1	1	0.9174502478772564	0.5148049766422466	0.9885338788523211	0.6388936890978762	0.7292539271211815	0.8623315293271177	0.3917944188946416	0.0	0.5148049766422466	0.0	0.0	0.7292539271211815	0.8623315293271177
828000	-30.32565708335168	-17.61706945493129	-12.70858762842039	0.0	0	1	0	0	1	1	0.0787652344885193	0.6500452511305569	0.9917269412767749	0.815149115577354	1.4157537616740967	1.4817627211441438	0.4967721974286274	0.0	0.6500452511305569	0.0	0.0	1.4157537616740967	1.4817627211441438
829000	-32.92792170558326	-18.13245384643231	-14.795467859150948	0.0	0	1	1	1	0	1	0.2389662873977731	0.5138697745992833	1.6301675426852402	0.22271517035852564	0.7898523914885996	2.2216894905838864	1.1543206770770056	0.0	0.5138697745992833	1.6301675426852402	0.22271517035852564	0.0	2.2216894905838864
830000	-32.768062110456704	-18.647440853068673	-14.12062125738803	0.0	0	1	1	0	0	1	0.7542586027367919	0.5529806472069835	2.2326075491825126	0.6254323806921535	0.058627982126223215	1.460522181188354	1.5860635399739276	0.0	0.5529806472069835	2.2326075491825126	0.0	0.0	1.460522181188354
831000	-33.70574393633346	-18.16505662676654	-15.54068730956692	0.0	0	1	1	0	0	1	0.3136343937491625	1.0934051357337553	1.921664763865517	1.6476865578813606	0.5769868243758433	2.154332082720506	0.8677566421431514	0.0	1.0934051357337553	1.921664763865517	0.0	0.0	2.154332082720506
832000	-32.16194695001276	-22.567720914133385	-9.594226035879377	0.0	1	1	0	0	1	0	0.19987635381714566	0.2411465012702878	0.31589666098297436	0.06221032413063866	1.4444630875647546	0.144727528328771	0.4542308539751264	0.19987635381714566	0.2411465012702878	0.0	0.0	1.4444630875647546	0.0
833000	-33.489431547849605	-17.7292949080089	-15.760136639840702	0.0	0	1	0	1	1	1	0.521804045161739	0.6889841257811389	0.15835501179994477	0.9205390200936707	1.778674117259286	2.5951624848682644	1.063889461658486	0.0	0.6889841257811389	0.0	0.9205390200936707	1.778674117259286	2.5951624848682644
834000	-33.77990569205187	-21.430262428189415	-12.349643263862456	0.0	1	1	0	1	0	0	1.1823742697253474	1.6147471240016862	1.084232703955373	0.15485988887476332	0.4766477230381489	1.6908487447223053	0.1604345167740742	1.1823742697253474	1.6147471240016862	0.0	0.15485988887476332	0.0	0.0
835000	-32.30321438423679	-19.33921230240668	-12.96400208183011	0.0	1	0	0	1	1	0	0.5426291770021541	1.1431989089265022	1.9075034674388767	0.9148044770570348	0.5910032799838127	0.26093024179399443	0.6900850581536825	0.5426291770021541	0.0	0.0	0.9148044770570348	0.5910032799838127	0.0
836000	-33.08792843524527	-19.045143076453197	-14.042785358792072	0.0	1	1	0	0	1	1	0.18669675324203022	0.4384024226286696	0.3093564737842787	1.8036053108560142	1.5550337958335942	1.3151224963879022	0.5486661072202405	0.18669675324203022	0.4384024226286696	0.0	0.0	1.5550337958335942	1.3151224963879022
837000	-36.2746201836648	-19.08454683078545	-17.190073352879352	0.0	1	1	1	1	1	0	0.7955203989213923	1.8779136140218593	1.442914652463363	1.8025136991817599	1.1328837229166644	0.14712381546886294	0.6011393142434946	0.7955203989213923	1.8779136140218593	1.442914652463363	1.8025136991817599	1.1328837229166644	0.0
838000	-31.26649125001436	-17.48529608242208	-13.781195167592282	0.0	0	1	0	1	1	1	0.6353607601522148	0.6836361321328231	0.135960532762449	0.37427776518135764	1.1316792224089964	2.162847107625935	0.6857009027672821	0.0	0.6836361321328231	0.0	0.37427776518135764	1.1316792224089964	2.162847107625935
839000	-31.220479969219912	-18.52706343559219	-12.693416533627722	0.0	0	1	1	1	0	1	1.6474690002416499	0.39746797420740926	0.5721066247988663	0.2055369626932895	0.30651119307197916	1.4599812653644795	0.39429109429196135	0.0	0.39746797420740926	0.5721066247988663	0.2055369626932895	0.0	1.4599812653644795
840000	-34.11138203872669	-19.850369868860593	-14.261012169866094	0.0	1	1	1	1	1	1	0.11676472990525402	0.4814528481944493	0.5147873550858524	0.14543218784474404	0.20946781538486406	0.39617093560302563	1.1547499667598238	0.11676472990525402	0.4814528481944493	0.5147873550858524	0.14543218784474404	0.20946781538486406	0.39617093560302563
841000	-31.567536003106365	-17.38243736339153	-14.185098639714834	0.0	0	1	0	1	1	1	0.5016109001776624	0.36623396399968594	1.0335973706028285	1.2116727172826671	0.523599913382103	2.0400884313294245	0.5906650289749348	0.0	0.36623396399968594	0.0	1.2116727172826671	0.523599913382103	2.0400884313294245
842000	-36.85981012040217	-20.521879815963203	-16.337930304438974	0.0	1	1	1	0	1	1	0.022653477804898625	0.48564497772035153	3.6500291506088125	0.08880891522463454	0.7931314854012694	0.40445039610064365	1.481568738787995	0.022653477804898625	0.48564497772035153	3.6500291506088125	0.0	0.7931314854012694	0.40445039610064365
843000	-29.02356856858188	-19.575672662628154	-9.447895905953724	0.0	0	1	0	0	0	1	0.15323975670752568	0.12676610529833438	0.8153314773771321	0.7234025274237014	0.4531477875145451	0.31338156072412204	0.4744115707248737	0.0	0.12676610529833438	0.0	0.0	0.0	0.31338156072412204
844000	-33.30002380167697	-18.04486087796559	-15.255162923711378	0.0	0	1	1	0	0	1	1.1270713651709117	1.0393546740289337	1.5723887703388202	0.09025985370998979	2.0482214075037337	1.78537980683643	0.6822292778512129	0.0	1.0393546740289337	1.5723887703388202	0.0	0.0	1.78537980683643
845000	-29.12162723909102	-18.891563151674628	-10.230064087416393	0.0	1	0	0	1	1	0	0.14252027789619306	0.7388241115627147	0.6829350446228903	0.4319129678362701	0.196908714548025	0.5653392201924824	0.6045348252834641	0.14252027789619306	0.0	0.0	0.4319129678362701	0.196908714548025	0.0
846000	-35.88804650542413	-21.61827625084388	-14.269770254580244	0.0	1	1	1	1	1	0	1.0940229680914952	0.9835795341041796	0.7676708060678925	0.09734802381655255	1.7447384885532244	0.20518504039354563	0.32522272506940675	1.0940229680914952	0.9835795341041796	0.7676708060678925	0.09734802381655255	1.7447384885532244	0.0
847000	-37.34079218155425	-23.638803474244938	-13.701988707309315	0.0	0	1	0	0	0	1	3.690329054260063	1.5047460889897901	0.5768438226039806	1.9421442879607527	0.09750802958212441	0.34963245702857454	0.12637563891290002	0.0	1.5047460889897901	0.0	0.0	0.0	0.34963245702857454
848000	-32.47709656289625	-18.978998038888893	-13.498098524007359	0.0	1	1	1	1	0	1	0.13987342848029205	0.5265319347871805	0.7766506731034762	0.9913286044504361	0.2867532449974983	1.3422820148677141	0.34446818374216953	0.13987342848029205	0.5265319347871805	0.7766506731034762	0.9913286044504361	0.0	1.3422820148677141
849000	-30.466388321599823	-18.568629046011274	-11.897759275588548	0.0	1	0	0	1	1	1	0.13992872422255095	0.043257996651193786	0.878585761531615	0.7026083839306846	0.4951333781782265	0.4555128654075149	1.159554948225975	0.13992872422255095	0.0	0.0	0.7026083839306846	0.4951333781782265	0.4555128654075149
850000	-32.685879072151735	-20.26591217988465	-12.41996689226708	0.0	0	1	0	1	1	1	0.08298012072760591	1.919319514347781	0.8694320595780344	0.3568950391755178	0.6588078997143917	0.28244821780685203	0.45619206027665726	0.0	1.919319514347781	0.0	0.3568950391755178	0.6588078997143917	0.28244821780685203
851000	-34.922103845707525	-20.71213741135793	-14.209966434349592	0.0	0	1	0	0	1	1	0.48378383249348633	1.1215632722690334	0.11730799551898027	2.006854558839596	1.5922855126972228	0.2635818097392647	1.9146071110930054	0.0	1.1215632722690334	0.0	0.0	1.5922855126972228	0.2635818097392647
852000	-32.57597095690968	-17.690384639954022	-14.885586316955656	0.0	0	1	0	1	1	1	0.3782323169405508	0.5661968049183916	1.8104761586269633	0.6484462575421653	0.9834953054820712	1.2232389945346946	1.2722470092532316	0.0	0.5661968049183916	0.0	0.6484462575421653	0.9834953054820712	1.2232389945346946
853000	-34.29574660804998	-19.075520268678318	-15.22022633937166	0.0	1	1	1	1	1	1	0.6727104231965275	0.9194228064154927	0.19377144359209336	0.7248524647781237	0.48923882846872535	1.1545650493633564	0.3048702490384199	0.6727104231965275	0.9194228064154927	0.19377144359209336	0.7248524647781237	0.48923882846872535	1.1545650493633564
854000	-34.395585035815095	-21.403607128384692	-12.991977907430403	0.0	0	1	0	0	0	1	0.06168091995280786	0.26732198295518766	0.25954024318571794	1.3475131468879629	1.283649723725012	2.48575728318488	0.7249746238152386	0.0	0.26732198295518766	0.0	0.0	0.0	2.48575728318488
855000	-29.765146109112102	-18.962794595071944	-10.802351514040158	0.0	0	1	0	0	1	1	0.940758078966332	0.3424182863438746	0.7667364903245925	0.7375190409147555	0.1500866753443221	0.33759741001925536	0.6391199216357465	0.0	0.3424182863438746	0.0	0.0	0.1500866753443221	0.33759741001925536
856000	-34.52211848487258	-17.689579343643963	-16.832539141228615	0.0	0	1	1	1	0	1	3.1556785090978163	0.949688459506364	1.0280631986810207	0.4044897259194507	0.6766003468091183	2.0107794714654883	0.6521213615590001	0.0	0.949688459506364	1.0280631986810207	0.4044897259194507	0.0	2.0107794714654883
857000	-35.69933654458938	-22.325965727479172	-13.373370817110208	0.0	1	1	0	0	1	0	0.7118625701922945	1.744810534943691	0.6585045782289453	1.8433578967201383	0.5825155971278186	0.8722584287308042	0.3623559751897673	0.7118625701922945	1.744810534943691	0.0	0.0	0.5825155971278186	0.0
858000	-34.08733181410563	-18.758840324638243	-15.328491489467389	0.0	0	1	1	0	1	1	0.6963917064922098	0.9817907391294705	1.8568757487421867	2.723921470447011	0.22439300994319392	0.7059729194879297	0.40826345430610916	0.0	0.9817907391294705	1.8568757487421867	0.0	0.22439300994319392	0.7059729194879297
859000	-30.068181700800196	-18.098674240795397	-11.969507460004799	0.0	1	1	0	1	1	0	0.08565546089692425	0.37635660615225297	0.2715459080073235	0.4353504143098164	1.4485656829837832	0.02588039972895342	1.3383288382133318	0.08565546089692425	0.37635660615225297	0.0	0.4353504143098164	1.4485656829837832	0.0
860000	-31.93575192217787	-19.713368370565945	-12.222383551611927	0.0	1	1	1	0	0	1	0.03878040175224024	0.67941847107733	0.03922459119478346	1.5413791930971437	0.5181054971656043	1.4331432234076977	0.34550074892984944	0.03878040175224024	0.67941847107733	0.03922459119478346	0.0	0.0	1.4331432234076977
861000	-32.641965039211435	-19.453746906968163	-13.188218132243271	0.0	0	1	1	0	1	1	0.0453199256760561	0.47623832967193264	2.1090907341510556	1.4020844196061477	0.45146949676705095	0.6546409367990871	0.37318949842124777	0.0	0.47623832967193264	2.1090907341510556	0.0	0.45146949676705095	0.6546409367990871
862000	-33.20743696789901	-18.901726859997463	-14.305710107901543	0.0	0	1	1	1	0	1	0.3153433964547151	0.3171723439030771	0.42992281327636117	0.5664122940651858	0.3973648350941519	2.719497032245326	1.6907081272462703	0.0	0.3171723439030771	0.42992281327636117	0.5664122940651858	0.0	2.719497032245326
863000	-29.77781139525871	-18.40748198182717	-11.37032941343154	0.0	0	1	0	0	1	1	0.1122395383232832	1.2228048779894845	1.027744288752545	0.22720241346535455	0.34832544879554056	1.2009455375868394	0.4752264735218024	0.0	1.2228048779894845	0.0	0.0	0.34832544879554056	1.2009455375868394
864000	-38.7393702855334	-20.80285684978438	-17.936513435749013	0.0	1	0	1	1	1	0	0.9108450592180375	1.0899434176802156	0.44478165939038866	2.0062650694853867	1.1321167600289137	2.4457994297565913	2.3906339552459923	0.9108450592180375	0.0	0.44478165939038866	2.0062650694853867	1.1321167600289137	0.0
865000	-28.977980184519726	-17.526271555652798	-11.451708628866928	0.0	0	1	0	0	1	1	0.09924254308604283	0.35674557368136295	1.1425357323731742	1.6077853064696486	0.28001829076513274	0.6862091672299767	0.49865819505494174	0.0	0.35674557368136295	0.0	0.0	0.28001829076513274	0.6862091672299767
866000	-29.772230722528448	-20.330455455399125	-9.441775267129323	0.0	0	1	0	0	0	1	0.0176237576397374	0.3191164653873838	0.1890086094023125	0.1249897086894886	0.06728485641998658	1.6970655833830157	0.559036265839673	0.0	0.3191164653873838	0.0	0.0	0.0	1.6970655833830157
867000	-31.649045821062277	-18.757103105147298	-12.891942715914979	0.0	1	1	1	1	0	1	0.005697893529816802	1.136654949610756	0.5514759834093821	0.6803772476022258	2.3388711523351124E-4	0.8664409731130328	0.4277411115411318	0.005697893529816802	1.136654949610756	0.5514759834093821	0.6803772476022258	0.0	0.8664409731130328
868000	-28.3013522323658	-18.88830325633529	-9.41304897603051	0.0	0	1	1	0	0	1	0.09573291804740527	0.4848635987146103	0.3017618675312006	0.398015616875387	0.26603906758712637	1.0054994534607897	0.32820469696911253	0.0	0.4848635987146103	0.3017618675312006	0.0	0.0	1.0054994534607897
869000	-32.72227051608296	-19.629321662981422	-13.092948853101532	0.0	1	0	0	1	1	0	0.49912999888868637	0.49206437795061087	0.08459540763668465	0.9034072611238887	0.5768687351805664	3.1998170838393207	0.5283944347552629	0.49912999888868637	0.0	0.0	0.9034072611238887	0.5768687351805664	0.0
870000	-33.68534451975102	-20.873535340500375	-12.811809179250643	0.0	0	1	0	0	0	1	2.181228376469204	0.369328540395166	1.2128733624452759	0.8662389942082577	1.4435943809124467	0.5931299690895209	0.23145590315265283	0.0	0.369328540395166	0.0	0.0	0.0	0.5931299690895209
871000	-38.43329754637901	-20.151514532128942	-18.28178301425007	0.0	0	1	0	1	1	1	0.8289571747637474	1.9245462552101877	1.3353941539367056	2.220314601226447	1.4546528672429937	3.405907541697259	0.14605912645655691	0.0	1.9245462552101877	0.0	2.220314601226447	1.4546528672429937	3.405907541697259
872000	-29.805273776063697	-18.37500971867585	-11.430264057387845	0.0	0	1	0	0	1	1	0.2877422258040368	0.6181719650885584	1.350483159731564	0.591996532427351	1.138649451260688	0.9641085175967766	0.22393038304171425	0.0	0.6181719650885584	0.0	0.0	1.138649451260688	0.9641085175967766
873000	-31.908752467223398	-18.18267559619588	-13.726076871027516	0.0	0	1	0	0	1	1	0.7967984756300421	0.3397445047539998	1.0966333927997498	3.8781965865295907	0.14845460498762833	0.25433412092178764	0.4662067527272488	0.0	0.3397445047539998	0.0	0.0	0.14845460498762833	0.25433412092178764
874000	-31.58999550724488	-18.981413800322965	-12.608581706921914	0.0	0	1	0	0	1	1	0.1589661018496526	0.4242497826496538	1.945314887850437	0.2067585205129342	0.17543893416839806	2.3707419149076117	0.5231581947398999	0.0	0.4242497826496538	0.0	0.0	0.17543893416839806	2.3707419149076117
875000	-29.265722987308397	-17.574141476172503	-11.691581511135894	0.0	0	1	0	1	1	1	1.4578025361499174	0.2576097021566098	1.0369699983669514	0.012424835239135214	0.40742845867763394	0.6138787575053759	0.3231398854512223	0.0	0.2576097021566098	0.0	0.012424835239135214	0.40742845867763394	0.6138787575053759
876000	-34.58668265835491	-18.715143680128232	-15.871538978226676	0.0	0	1	1	1	0	1	1.0161461061866135	0.5641613781310072	0.611017375761318	0.43729046998313986	2.8309476412947503	1.1317358460604492	1.2782897009352259	0.0	0.5641613781310072	0.611017375761318	0.43729046998313986	0.0	1.1317358460604492
877000	-35.51081050843689	-19.47784740789422	-16.032963100542666	0.0	0	1	1	1	0	1	1.5842952651440092	0.38595542511372916	0.862294323082133	0.055638952161351916	2.1600010290883915	1.4679759262195167	1.6192782110387807	0.0	0.38595542511372916	0.862294323082133	0.055638952161351916	0.0	1.4679759262195167
878000	-32.8772841188936	-18.821082076668272	-14.056202042225326	0.0	0	1	1	1	0	1	0.6458449284606009	1.0454771677368728	1.98577831394458	0.9204404200413239	0.22668005514459813	1.1256168689312447	0.39508915692202207	0.0	1.0454771677368728	1.98577831394458	0.9204404200413239	0.0	1.1256168689312447
879000	-39.010558038536246	-23.6762317609225	-15.334326277613748	0.0	1	0	0	1	0	1	1.4964578336263974	1.3596447849558801	0.3135967266669273	2.730190723705059	0.25498805887956816	1.07408450652234	1.1394467286962322	1.4964578336263974	0.0	0.0	2.730190723705059	0.0	1.07408450652234
880000	-39.83607560227773	-22.532948603512274	-17.303126998765457	0.0	1	1	1	0	0	1	1.9713757763607187	0.9401194204506822	3.002067869273954	0.08356870828501947	0.4847025546595466	1.601949311606684	1.2027863599178885	1.9713757763607187	0.9401194204506822	3.002067869273954	0.0	0.0	1.601949311606684
881000	-36.81214847594144	-20.845120301202208	-15.967028174739237	0.0	1	0	0	1	1	1	1.4010916201889134	0.1478022539736538	2.0304484757676238	1.9137041683131206	0.421687534235182	1.5142890672866631	0.6084840405238658	1.4010916201889134	0.0	0.0	1.9137041683131206	0.421687534235182	1.5142890672866631
882000	-34.30222473575766	-18.823154613906272	-15.479070121851386	0.0	1	1	1	1	0	1	0.11694782210364572	0.20268521148950955	1.4455041996287732	0.38262915483827087	1.2370734002888653	1.0824847991169335	1.6679031675093932	0.11694782210364572	0.20268521148950955	1.4455041996287732	0.38262915483827087	0.0	1.0824847991169335
883000	-29.79867388011923	-17.880046187517994	-11.91862769260124	0.0	0	1	0	0	1	1	1.0749833125627226	0.5964318899636333	0.5884310673782206	0.18218066519896603	0.3468374243637514	2.0173990956259114	0.42200740286213034	0.0	0.5964318899636333	0.0	0.0	0.3468374243637514	2.0173990956259114
884000	-31.61021936117441	-17.909279453861757	-13.700939907312653	0.0	0	1	1	1	0	1	0.6613352744541708	1.0434256306727654	0.6543107743409621	1.035925149898836	0.38525044733120956	1.6551289442272534	0.46331256774431545	0.0	1.0434256306727654	0.6543107743409621	1.035925149898836	0.0	1.6551289442272534
885000	-31.163069155247985	-17.412611457056464	-13.750457698191521	0.0	0	1	1	1	0	1	0.5873195564843731	0.2688366618714722	0.4851830573917992	1.3861626182342848	0.7336825608190115	1.5328187458672593	0.757095979329004	0.0	0.2688366618714722	0.4851830573917992	1.3861626182342848	0.0	1.5328187458672593
886000	-36.00049574379901	-19.111094261742316	-16.889401482056687	0.0	1	1	1	1	0	0	0.6039408010491173	0.700417184390004	2.7089331495577635	1.6226542824079808	2.4391904970655354	0.34514593699838964	0.5679633358142914	0.6039408010491173	0.700417184390004	2.7089331495577635	1.6226542824079808	0.0	0.0
887000	-28.540794569152062	-17.845444819714338	-10.695349749437725	0.0	0	1	0	0	1	1	1.0269346994125443	0.8887159318701957	0.32602389175248186	0.5421118004174724	0.5360951385741509	0.5276023081352889	0.323875138154967	0.0	0.8887159318701957	0.0	0.0	0.5360951385741509	0.5276023081352889
888000	-31.432329124739965	-18.129657142779934	-13.302671981960032	0.0	0	1	0	1	1	1	0.9700490689168338	1.2492933197192468	1.2369545853303128	0.06501401531088055	1.0403584042565364	1.2713890902772151	0.20891127481418909	0.0	1.2492933197192468	0.0	0.06501401531088055	1.0403584042565364	1.2713890902772151
889000	-37.52902563664905	-20.575758606342056	-16.953267030307	0.0	1	0	1	1	0	1	0.20638206679864726	3.393827662012487	0.1886104959970711	1.3738631815179383	0.9515298555099557	1.9583371215079743	0.857290021453671	0.20638206679864726	0.0	0.1886104959970711	1.3738631815179383	0.0	1.9583371215079743
890000	-32.55953403190426	-18.81703242529068	-13.742501606613587	0.0	0	1	1	1	1	1	0.8269586170803216	0.42651749241925446	0.23911631246128645	0.5511043336240852	1.5023372589124833	0.2145330055134348	0.5955909608807205	0.0	0.42651749241925446	0.23911631246128645	0.5511043336240852	1.5023372589124833	0.2145330055134348
891000	-34.53710183851995	-20.63239564746605	-13.9047061910539	0.0	1	0	1	1	0	1	0.5599847879254339	0.004333888455505042	0.43264495724002766	1.2042245241830505	0.8562042890785917	1.0819780531854533	2.0757154731874556	0.5599847879254339	0.0	0.43264495724002766	1.2042245241830505	0.0	1.0819780531854533
892000	-27.327049256402344	-18.13021563428949	-9.196833622112855	0.0	0	1	0	0	1	1	0.8824403792102311	0.4791567266789184	0.17448546510367086	0.11504364527161622	0.5262973858079363	0.5911285962485612	0.21282381587093976	0.0	0.4791567266789184	0.0	0.0	0.5262973858079363	0.5911285962485612
893000	-31.163125322337475	-19.60423463429764	-11.558890688039835	0.0	0	1	0	0	1	1	0.15555720606301637	0.4750685963532269	0.9770422454221314	0.03964435314518679	0.3251074571945915	1.7271163181266516	0.8909528015626156	0.0	0.4750685963532269	0.0	0.0	0.3251074571945915	1.7271163181266516
894000	-40.367022713021754	-21.19909029077764	-19.16793242224411	0.0	1	1	1	1	1	1	1.1318343685320116	2.5228884184488884	1.3029491055009088	1.4242789137969956	1.804382801600318	0.48100227798934037	0.17318903131490399	1.1318343685320116	2.5228884184488884	1.3029491055009088	1.4242789137969956	1.804382801600318	0.48100227798934037
895000	-38.1916693523378	-21.94773294301602	-16.243936409321773	0.0	1	1	1	1	0	0	3.814517506328281	2.5921834702897377	0.49583824272722665	0.5565098630736893	1.2664206255127046	0.05496172350730454	0.20763802080113733	3.814517506328281	2.5921834702897377	0.49583824272722665	0.5565098630736893	0.0	0.0
896000	-28.152484907752335	-17.701384894151595	-10.45110001360074	0.0	0	1	0	0	1	1	1.4838701926034783	0.09718897534978575	0.29612250252521516	1.2648032385535966	0.21282145445198233	0.14860478994481593	0.3578975644616298	0.0	0.09718897534978575	0.0	0.0	0.21282145445198233	0.14860478994481593
897000	-32.739127693528786	-21.699821789491214	-11.039305904037569	0.0	1	0	0	1	1	0	0.1421256960774058	1.312304375834794	1.1730401379284985	0.7166153837842856	0.11500851003419764	0.7941979774127425	0.30443678192957285	0.1421256960774058	0.0	0.0	0.7166153837842856	0.11500851003419764	0.0
898000	-34.82498213445128	-17.829978150225802	-16.99500398422548	0.0	0	1	1	0	1	1	2.095633257339548	0.9601921473464422	2.0688871217363385	0.6555817967676317	1.2431117906504465	1.2124671265869835	0.7591253598592386	0.0	0.9601921473464422	2.0688871217363385	0.0	1.2431117906504465	1.2124671265869835
899000	-28.505293174645665	-16.728761318034397	-11.776531856611266	0.0	0	1	0	1	1	1	0.7665112273849013	0.11784762766731456	0.9762507588672645	0.346448750191318	0.14457973245532474	0.2485276268373209	1.1521977734181275	0.0	0.11784762766731456	0.0	0.346448750191318	0.14457973245532474	0.2485276268373209
900000	-33.28735561738588	-18.15122911438661	-15.136126502999268	0.0	0	1	1	0	1	1	0.6273045361633189	1.031263515681173	0.9835665856844792	0.16916038799917893	0.34509794483364364	3.8682383169366563	0.39712277162538245	0.0	1.031263515681173	0.9835665856844792	0.0	0.34509794483364364	3.8682383169366563
901000	-33.93047978204861	-17.434879414552842	-16.49560036749576	0.0	0	1	0	1	1	1	0.8557792041043315	0.40786963770062085	0.6731228620283484	1.9229363578031196	0.9082874602515827	2.012395360980378	1.9743337527641485	0.0	0.40786963770062085	0.0	1.9229363578031196	0.9082874602515827	2.012395360980378
902000	-31.60613812569941	-20.633886574399334	-10.972251551300076	0.0	0	1	0	0	1	1	0.3310001311123555	0.6634354515309318	1.0879624725843473	0.9118021829275611	0.24842982202709943	0.20574773669941793	0.6369741746530585	0.0	0.6634354515309318	0.0	0.0	0.24842982202709943	0.20574773669941793
903000	-33.985670104421494	-18.419596664580382	-15.566073439841112	0.0	0	1	1	0	1	1	1.8387434381057048	0.9439367432320831	0.5923376262416667	0.2416251753430185	2.643215234244385	1.3560981701674442	0.3379050893693466	0.0	0.9439367432320831	0.5923376262416667	0.0	2.643215234244385	1.3560981701674442
904000	-41.36036427659381	-19.686804875628642	-21.673559400965168	0.0	1	1	1	1	1	1	0.37075682542821436	0.6149886977642111	3.380214257388877	0.958421987883881	2.579695461100379	2.252155330639708	0.47905985122570494	0.37075682542821436	0.6149886977642111	3.380214257388877	0.958421987883881	2.579695461100379	2.252155330639708
905000	-37.466872731434286	-22.305718518728895	-15.16115421270539	0.0	1	0	1	1	1	0	0.7456800256975271	0.43835081503701545	1.2890592779239363	0.8504396815551323	1.5664950595562317	0.08997354594847051	3.1439279925083534	0.7456800256975271	0.0	1.2890592779239363	0.8504396815551323	1.5664950595562317	0.0
906000	-32.06788439855836	-18.047582396511153	-14.02030200204721	0.0	0	1	1	0	1	1	1.1962561771317128	0.41060938944746406	1.1060238281300327	1.8039296999630885	0.40117078283740953	0.4076743625349714	0.7117002755554502	0.0	0.41060938944746406	1.1060238281300327	0.0	0.40117078283740953	0.4076743625349714
907000	-33.48220235208906	-20.296664800282752	-13.185537551806313	0.0	0	1	0	0	1	1	1.0054556879007523	0.32797544507164644	2.851265372749913	0.013061413345588664	0.13426494110336157	2.3412240761960756	0.23149059986209633	0.0	0.32797544507164644	0.0	0.0	0.13426494110336157	2.3412240761960756
908000	-28.771918495153038	-18.549523918934863	-10.222394576218173	0.0	0	1	0	0	1	1	1.5427870504425982	0.4786727886737549	0.3399805769937465	0.11638734319856998	0.54841579128504	0.1444570239807379	0.39715108322811143	0.0	0.4786727886737549	0.0	0.0	0.54841579128504	0.1444570239807379
909000	-36.7679929844285	-18.561524481997033	-18.20646850243147	0.0	0	1	1	0	0	1	1.0464953028547985	0.7953037157202876	1.5052661653398718	1.729220987494576	3.503119841285389	1.5632490816391207	1.0930778222203967	0.0	0.7953037157202876	1.5052661653398718	0.0	0.0	1.5632490816391207
910000	-32.402972501006396	-19.534643144992405	-12.868329356013989	0.0	0	1	0	1	0	1	1.2262798724821038	0.5302784055430686	1.281131663273823	0.10088837560243755	1.4417879360245585	1.035096176879247	0.4857054772961327	0.0	0.5302784055430686	0.0	0.10088837560243755	0.0	1.035096176879247
911000	-35.89014895710435	-22.172304252282075	-13.717844704822275	0.0	1	1	1	1	0	0	1.058380413488231	0.301420660144003	0.14249867831783344	1.6506714116520504	0.5971364314804037	1.204561242869155	0.762203072643097	1.058380413488231	0.301420660144003	0.14249867831783344	1.6506714116520504	0.0	0.0
912000	-32.302731920928224	-20.55926574196384	-11.743466178964386	0.0	0	1	1	0	0	1	0.6335951311477244	0.16804708449085132	0.3271290328375928	0.35151656699864214	3.0250186896236655	0.060377783871132	0.4505537658085617	0.0	0.16804708449085132	0.3271290328375928	0.0	0.0	0.060377783871132
913000	-37.03186406729003	-22.440829093192264	-14.591034974097763	0.0	0	1	0	0	0	1	1.1886543812488746	0.19978087135849779	3.032488412162987	0.7391546714439546	2.8452259286296324	0.5679540115380475	0.20370044968952886	0.0	0.19978087135849779	0.0	0.0	0.0	0.5679540115380475
914000	-35.45484993969754	-19.19198252918104	-16.2628674105165	0.0	1	1	0	1	1	0	0.9957168793222104	0.7320812810983672	0.18876330889700052	2.4369831594466134	1.5931300503836703	1.181521132292692	1.1051510795939625	0.9957168793222104	0.7320812810983672	0.0	2.4369831594466134	1.5931300503836703	0.0
915000	-33.83240920411135	-19.583053816296644	-14.249355387814706	0.0	0	1	0	0	0	1	1.7578203119071731	0.6893114433639433	2.1129004226127135	0.4752884126457936	1.0382787068875905	1.3634287855893141	0.4511269609247821	0.0	0.6893114433639433	0.0	0.0	0.0	1.3634287855893141
916000	-30.610897699845733	-18.358931166747	-12.251966533098734	0.0	0	1	0	0	1	1	0.929088856699694	0.3657369628731798	1.1803967914913207	1.2455997786357313	0.9286341966865905	0.9582322412020621	0.26417869675614136	0.0	0.3657369628731798	0.0	0.0	0.9286341966865905	0.9582322412020621
917000	-30.326234457930425	-19.470878842060305	-10.855355615870122	0.0	0	1	1	0	0	1	1.0929877638324512	0.4795614362009036	1.1422007498827775	0.10653858740607834	0.5306717057226833	0.648176042293257	0.32626710391610264	0.0	0.4795614362009036	1.1422007498827775	0.0	0.0	0.648176042293257
918000	-33.00233701511182	-18.36367881996162	-14.638658195150203	0.0	0	1	1	1	0	1	0.3026015752710798	1.0689539988827483	1.1282934926331216	0.6212054556744095	2.2702829981044546	1.0097903663731922	0.4504978509013516	0.0	1.0689539988827483	1.1282934926331216	0.6212054556744095	0.0	1.0097903663731922
919000	-34.19312050145128	-18.29540678428049	-15.897713717170792	0.0	0	1	1	1	1	1	0.8663473580201341	2.2426696549254475	0.19233264155180826	0.9626759306201397	1.4303004886397734	0.7860933613200434	0.3385277047883491	0.0	2.2426696549254475	0.19233264155180826	0.9626759306201397	1.4303004886397734	0.7860933613200434
920000	-36.68144835635172	-19.164907282216806	-17.51654107413492	0.0	0	1	1	0	1	1	1.0227181561952357	4.347026618597191	1.3649104973788675	0.07092034063717499	0.42824988276789927	2.646679744559761	0.24677097174825388	0.0	4.347026618597191	1.3649104973788675	0.0	0.42824988276789927	2.646679744559761
921000	-32.22020398081519	-22.75255846874326	-9.467645512071934	0.0	1	1	1	0	0	0	0.1286468867374562	0.5333742106284081	0.09336182460423377	0.41934702532968526	0.14718828912316412	1.3378035669515622	0.3111852877045337	0.1286468867374562	0.5333742106284081	0.09336182460423377	0.0	0.0	0.0
922000	-32.17856118659673	-19.586003323115975	-12.592557863480756	0.0	0	1	0	0	1	1	0.16309241164946706	2.940765058659884	1.243099177623718	0.09430155680623373	0.38148070619164015	1.6155100458311376	0.16178511334113907	0.0	2.940765058659884	0.0	0.0	0.38148070619164015	1.6155100458311376
923000	-33.87367471588435	-17.13372313111543	-16.739951584768917	0.0	0	1	0	1	1	1	1.4172540875245996	0.6986229482339162	0.699493365646816	2.368231153062105	0.7079173498660271	2.448863356970207	0.5297870611792014	0.0	0.6986229482339162	0.0	2.368231153062105	0.7079173498660271	2.448863356970207
924000	-35.1198744160844	-18.574545260283248	-16.545329155801152	0.0	1	1	0	0	1	1	0.2987751311507225	2.3393078154971603	0.17271155712232292	0.3064845731316532	3.9886059449247524	1.6952489122102306	0.2749804720100083	0.2987751311507225	2.3393078154971603	0.0	0.0	3.9886059449247524	1.6952489122102306
925000	-30.926936041775708	-17.974981316217512	-12.951954725558195	0.0	0	1	0	1	1	1	0.3571022650934522	0.30642800947596865	0.5033152778849689	1.8366327865756475	0.7969513202892353	0.2841093634429139	0.8459610835078069	0.0	0.30642800947596865	0.0	1.8366327865756475	0.7969513202892353	0.2841093634429139
926000	-29.09242877757915	-18.235833158135335	-10.856595619443818	0.0	0	1	0	0	1	1	1.1586835720422706	0.3249696169503858	0.42776630098577145	0.2514710533318825	1.0601838104502976	0.7463691083317707	0.3368610632450732	0.0	0.3249696169503858	0.0	0.0	1.0601838104502976	0.7463691083317707
927000	-27.135618752434382	-18.765437115723994	-8.37018163671039	0.0	0	1	0	0	1	1	0.2945740465339442	0.44333095232263736	0.06749937867015011	0.08812980112803177	0.03994116732652997	0.7638029522054812	0.2718559575439607	0.0	0.44333095232263736	0.0	0.0	0.03994116732652997	0.7638029522054812
928000	-32.67943568342736	-17.9250972717295	-14.754338411697857	0.0	0	1	0	1	1	1	0.7523860133005472	0.763260643529958	1.612205339763976	0.42592793422654773	0.7547270021320527	1.4870246225095038	0.926927123412246	0.0	0.763260643529958	0.0	0.42592793422654773	0.7547270021320527	1.4870246225095038
929000	-35.46109058626566	-20.067506645875355	-15.393583940390306	0.0	0	1	1	1	0	1	0.03222144851017886	0.17957316101104356	0.8316593495049434	0.202796838245331	2.4477144431592777	2.4474048442310403	1.2429704119667604	0.0	0.17957316101104356	0.8316593495049434	0.202796838245331	0.0	2.4474048442310403
930000	-31.875940563381945	-18.25635523255552	-13.619585330826423	0.0	0	1	1	0	0	1	0.2661573115605511	0.40494130222478514	0.9979667236966562	2.002357340454994	0.9429592186486302	0.9282467805610067	1.107537779510315	0.0	0.40494130222478514	0.9979667236966562	0.0	0.0	0.9282467805610067
931000	-37.48447833454718	-17.457135201260854	-20.02734313328632	0.0	0	1	1	1	1	1	1.488888525409291	1.825958775249213	0.2067917874123501	3.829226405628361	0.8168951623295938	1.5620639847439697	0.8166679869915556	0.0	1.825958775249213	0.2067917874123501	3.829226405628361	0.8168951623295938	1.5620639847439697
932000	-35.70152607310342	-18.5209990492779	-17.18052702382552	0.0	0	1	1	0	1	1	1.3375403011594944	1.9804157850222297	1.88687929771291	0.7381374671136554	1.9831931823387288	0.7772850280912498	0.5725022237378475	0.0	1.9804157850222297	1.88687929771291	0.0	1.9831931823387288	0.7772850280912498
933000	-34.77314999542156	-18.665048805838648	-16.10810118958291	0.0	0	1	0	1	1	1	0.6313826405394198	2.685102402278244	1.7745044903331115	0.5144206652921763	0.3624826971479224	2.000015790429164	0.4086912230903401	0.0	2.685102402278244	0.0	0.5144206652921763	0.3624826971479224	2.000015790429164
934000	-36.49601428335508	-21.916970160328084	-14.579044123026994	0.0	0	1	0	1	0	1	1.3687027114588723	0.1776174062217209	0.5018708631592006	2.534540201327362	0.28796930765800727	0.605207863925713	3.0875061885441184	0.0	0.1776174062217209	0.0	2.534540201327362	0.0	0.605207863925713
935000	-34.739960474449596	-22.11884652803036	-12.621113946419237	0.0	1	0	0	1	0	1	0.37234713918006074	0.21639994588553954	1.2402653364284604	2.8471904460786543	0.04107862521674575	0.2017839870253514	0.7612469258376009	0.37234713918006074	0.0	0.0	2.8471904460786543	0.0	0.2017839870253514
936000	-36.71137818644746	-19.799819740331348	-16.91155844611611	0.0	0	1	0	1	0	1	0.6379779336058518	2.1639078591689613	3.0069044187342513	0.7980419764316553	0.23632023913869796	3.026258798036796	0.3933753374132721	0.0	2.1639078591689613	0.0	0.7980419764316553	0.0	3.026258798036796
937000	-30.229084431275272	-18.350925430751026	-11.878159000524246	0.0	0	1	0	1	1	1	0.9368444816941925	1.2498506447301059	0.4668990250068672	0.1846107201187186	0.5012420179817288	0.5089072294749929	0.36595287786574116	0.0	1.2498506447301059	0.0	0.1846107201187186	0.5012420179817288	0.5089072294749929
938000	-34.23613533426874	-18.019429811091612	-16.216705523177122	0.0	0	1	1	1	0	1	1.8486420484890986	0.18054081187975765	1.0069867760979505	0.15816419805419657	3.399191434737435	0.41445091610740364	1.1900899540984275	0.0	0.18054081187975765	1.0069867760979505	0.15816419805419657	0.0	0.41445091610740364
939000	-32.21551361011558	-16.90430250188019	-15.31121110823539	0.0	0	1	1	1	1	1	0.38438118527813137	0.8291341994886764	0.8731784563840809	1.4413561670573092	0.32390280351281137	1.316361248688538	0.6996453406749892	0.0	0.8291341994886764	0.8731784563840809	1.4413561670573092	0.32390280351281137	1.316361248688538
940000	-39.6162652502271	-17.846768046739808	-21.76949720348729	0.0	0	1	1	1	1	1	0.553095441414932	2.2352145433439805	2.945215981841173	1.44589256366825	2.5452011057073824	2.474713381937524	0.39448173934722774	0.0	2.2352145433439805	2.945215981841173	1.44589256366825	2.5452011057073824	2.474713381937524
941000	-35.43062771092479	-17.4540982806551	-17.97652943026969	0.0	0	1	0	0	1	1	1.1837069091077888	1.2114889990339364	3.200698060592431	3.5133463624785595	0.7738383185046336	1.2505494438510605	0.3222701148524639	0.0	1.2114889990339364	0.0	0.0	0.7738383185046336	1.2505494438510605
942000	-34.63644599170495	-17.124573361497756	-17.511872630207197	0.0	0	1	1	1	0	1	1.5575127899375178	0.5217875769131993	1.305877755179019	0.9440384966123239	2.5912017952999813	1.5449871704665312	1.0118522835129127	0.0	0.5217875769131993	1.305877755179019	0.9440384966123239	0.0	1.5449871704665312
943000	-30.399134851747753	-17.49692872085787	-12.902206130889883	0.0	0	1	1	1	0	1	0.1946631062773225	0.30117306871138594	0.32648875073687644	0.8728211931941724	1.4975233807422106	0.587666949146993	1.0910945733289217	0.0	0.30117306871138594	0.32648875073687644	0.8728211931941724	0.0	0.587666949146993
944000	-36.87501676466522	-21.597983966214162	-15.277032798451055	0.0	1	1	1	0	1	0	0.5220816223241748	0.24586863074336593	2.5152523178690176	0.8607111748535219	0.9105759970859982	0.42680544282205557	2.1397183063594927	0.5220816223241748	0.24586863074336593	2.5152523178690176	0.0	0.9105759970859982	0.0
945000	-33.232788259992574	-17.538027595757686	-15.694760664234888	0.0	0	1	0	1	1	1	0.8764374614786231	0.8109455699277553	0.5188421240818617	0.9993964341236847	2.3027667761350745	2.010533443053684	0.4235311623484117	0.0	0.8109455699277553	0.0	0.9993964341236847	2.3027667761350745	2.010533443053684
946000	-35.86371113202134	-20.172623348566326	-15.691087783455018	0.0	0	1	0	1	1	1	1.0672661450226442	1.3123458218884572	2.1891944556925704	1.3905022895633492	1.671408820170234	0.18899766914237492	0.3123009765626865	0.0	1.3123458218884572	0.0	1.3905022895633492	1.671408820170234	0.18899766914237492
947000	-37.25265497114478	-21.552382214723202	-15.70027275642158	0.0	1	1	1	0	0	0	0.265746098319746	0.3972187589198031	1.124792632445298	3.4867388599603952	2.6490029945788875	0.05087390732921764	0.779625983562191	0.265746098319746	0.3972187589198031	1.124792632445298	0.0	0.0	0.0
948000	-32.365042533927756	-18.5953796964184	-13.769662837509355	0.0	0	1	0	1	1	1	1.361112254104977	0.7610427475146251	0.8226064142145035	1.7842435109838426	0.45859956546316794	0.23699020936301524	0.5016725187835751	0.0	0.7610427475146251	0.0	1.7842435109838426	0.45859956546316794	0.23699020936301524
949000	-36.80193196194641	-18.158469439349364	-18.643462522597044	0.0	0	1	0	0	1	1	1.4194063030324235	0.773897548737868	0.5782937423380473	5.051249746039778	2.3537704413202207	1.0342729477483157	0.5813723420513562	0.0	0.773897548737868	0.0	0.0	2.3537704413202207	1.0342729477483157
950000	-36.67409335325231	-19.028029778787744	-17.646063574464566	0.0	1	1	0	1	1	1	0.3383653150644053	0.5924581659583232	4.429476887080913	1.0672849991002467	1.6197277104753598	0.15418325533988955	0.34789364632407765	0.3383653150644053	0.5924581659583232	0.0	1.0672849991002467	1.6197277104753598	0.15418325533988955
951000	-31.74826816064763	-18.53853823474798	-13.209729925899651	0.0	0	1	1	0	0	1	1.1047370868438415	0.49501582454375825	1.0898239922271051	2.195295362735664	0.4719706105431016	0.7204254081180734	0.4305794227978745	0.0	0.49501582454375825	1.0898239922271051	0.0	0.0	0.7204254081180734
952000	-29.789239446334935	-17.981814065410386	-11.807425380924549	0.0	0	1	0	0	1	1	1.333479027748578	1.2463847423545957	0.08815718691564835	0.8113209773912181	0.5804639042923002	1.2714639222548356	0.223268778572948	0.0	1.2463847423545957	0.0	0.0	0.5804639042923002	1.2714639222548356
953000	-32.2420336000948	-18.733811805457087	-13.508221794637715	0.0	0	1	1	0	0	1	0.23755447245854067	0.9591622751093607	1.2402700484817748	2.6502883797898122	0.21883862665698514	1.2403316169612615	0.3629784054460584	0.0	0.9591622751093607	1.2402700484817748	0.0	0.0	1.2403316169612615
954000	-29.321158995768418	-18.0194507038582	-11.301708291910217	0.0	0	1	0	0	1	1	1.0165763220686195	0.28663464269275785	0.25416015315312956	1.1418082904756803	0.7796982579448246	0.9021736888118838	0.3483464013975813	0.0	0.28663464269275785	0.0	0.0	0.7796982579448246	0.9021736888118838
955000	-34.65680622674991	-18.078319753466907	-16.578486473283	0.0	0	1	1	0	1	1	2.086518436690293	0.7765772221484576	0.8338710603113796	1.1840331854740738	1.9789566722935832	1.0865381813977306	0.6684699066751913	0.0	0.7765772221484576	0.8338710603113796	0.0	1.9789566722935832	1.0865381813977306
956000	-33.541823728338436	-17.61690061520003	-15.924923113138407	0.0	0	1	1	0	1	1	5.254602201806385	0.41143763797304744	0.517398243045415	0.5298324056552429	0.32530806014859776	0.7866966131833637	0.3924428974234786	0.0	0.41143763797304744	0.517398243045415	0.0	0.32530806014859776	0.7866966131833637
957000	-38.844400282210394	-20.119398365652597	-18.725001916557797	0.0	0	1	1	1	1	1	0.3968251701470975	2.817815317659481	0.8810798974032994	1.2909985616170567	2.622892093293925	2.11661248146896	0.14922574162190028	0.0	2.817815317659481	0.8810798974032994	1.2909985616170567	2.622892093293925	2.11661248146896
958000	-30.339863489324287	-17.8638096940906	-12.476053795233685	0.0	0	1	1	1	0	1	0.09266951657252284	0.3614765911866663	1.015488750503718	0.05909023561346915	1.6964841154617352	0.729585567641225	0.5983752131581879	0.0	0.3614765911866663	1.015488750503718	0.05909023561346915	0.0	0.729585567641225
959000	-30.228708369885105	-17.87716953189922	-12.351538837985885	0.0	0	1	1	0	0	1	1.8643034538874839	0.3315603180961808	0.8555262057476137	0.1174852954149651	0.3923865971292102	1.1036185396447715	0.7496181751654751	0.0	0.3315603180961808	0.8555262057476137	0.0	0.0	1.1036185396447715
960000	-35.59336981724587	-17.74470571974314	-17.848664097502727	0.0	1	1	1	0	1	1	0.0895416527185412	1.8148680618879276	1.1605207835947997	0.08098661247937419	2.0970433823457633	2.539209779683612	0.6481650557310532	0.0895416527185412	1.8148680618879276	1.1605207835947997	0.0	2.0970433823457633	2.539209779683612
961000	-29.551238677505385	-17.74083975537477	-11.810398922130616	0.0	0	1	1	0	1	1	1.0708057415875412	1.1258041491192308	0.021163932355545895	0.04446726113708749	0.5892043766256043	1.3054422933998544	0.2511245761580533	0.0	1.1258041491192308	0.021163932355545895	0.0	0.5892043766256043	1.3054422933998544
962000	-31.234363267581962	-22.076333522330938	-9.158029745251023	0.0	1	1	0	0	0	1	0.5296193241590593	0.6791378260943143	0.027142280880149465	0.16416165355223405	0.3403205616035204	1.1349082548424378	0.18397617719632053	0.5296193241590593	0.6791378260943143	0.0	0.0	0.0	1.1349082548424378
963000	-32.11715714465305	-19.14084890699365	-12.976308237659401	0.0	0	1	1	1	0	1	1.5342456177663233	0.8301721601936668	0.5323848533590126	0.6059755595571586	0.1001846544512411	0.6050660635860229	0.766103812117345	0.0	0.8301721601936668	0.5323848533590126	0.6059755595571586	0.0	0.6050660635860229
964000	-46.98297087936713	-25.133314220318162	-21.849656659048968	0.0	1	1	1	1	1	0	0.667349101115602	0.04932115876505696	0.6505681987501658	0.6140667602917754	0.788263881689791	2.2639622315047183	380.79209291219206	0.667349101115602	0.04932115876505696	0.6505681987501658	0.6140667602917754	0.788263881689791	0.0
965000	-33.51788865433512	-17.88249838236044	-15.63539027197468	0.0	0	1	0	1	1	1	2.9182586083271937	1.0235614184365038	0.4994982858838137	1.5154631017595983	0.9948238164197504	0.7547167598559321	0.3308622958379767	0.0	1.0235614184365038	0.0	1.5154631017595983	0.9948238164197504	0.7547167598559321
966000	-31.45555465807552	-17.152003892099057	-14.303550765976464	0.0	1	1	0	1	1	1	0.14278208705192505	0.5924980263991558	0.05715995712926703	1.7793949984913842	0.4438247366511712	1.3533583378951684	0.568006193620566	0.14278208705192505	0.5924980263991558	0.0	1.7793949984913842	0.4438247366511712	1.3533583378951684
967000	-30.881324245008518	-18.01298533116398	-12.86833891384454	0.0	0	1	1	1	0	1	0.7933136546448529	0.5211373613753998	0.2817428522663638	0.3752910963868534	0.36374181563770486	1.817601455494374	0.7267159171104746	0.0	0.5211373613753998	0.2817428522663638	0.3752910963868534	0.0	1.817601455494374
968000	-38.2999813689801	-20.384774656026945	-17.91520671295315	0.0	1	1	1	1	1	0	0.9707057637346829	0.6867959420992059	1.0733438123938839	0.4558256791674824	0.2537564274444725	4.774174688849718	0.4494787524657815	0.9707057637346829	0.6867959420992059	1.0733438123938839	0.4558256791674824	0.2537564274444725	0.0
969000	-29.502515702980734	-16.970857327451544	-12.53165837552919	0.0	0	1	0	1	1	1	0.5157691330025014	0.4239073167778091	0.3745942573799797	1.3841867916791464	0.26705241547119507	0.6141881412047783	0.9206020781069366	0.0	0.4239073167778091	0.0	1.3841867916791464	0.26705241547119507	0.6141881412047783
970000	-33.406988107990614	-17.327077529502876	-16.079910578487738	0.0	0	1	1	0	1	1	0.9268944239692578	1.1546788509442916	0.18456853606730844	1.9096138869774733	1.3113193546828747	2.403236122272286	0.42940285711151144	0.0	1.1546788509442916	0.18456853606730844	0.0	1.3113193546828747	2.403236122272286
971000	-32.97594806751576	-17.546758916790765	-15.429189150724998	0.0	0	1	1	0	1	1	1.7854089303678902	1.8956653424760477	0.280204547045204	0.4081004522534568	1.055883754795055	2.145960153598415	0.30813916811203373	0.0	1.8956653424760477	0.280204547045204	0.0	1.055883754795055	2.145960153598415
972000	-33.620168232140685	-18.51942511611744	-15.10074311602325	0.0	0	1	0	0	1	1	1.8380899658433043	0.29123006909411003	3.1018851636804867	0.7424917843254063	0.8750498411890391	1.4061309813663476	0.3232273813021024	0.0	0.29123006909411003	0.0	0.0	0.8750498411890391	1.4061309813663476
973000	-32.759556394354966	-18.04903024961892	-14.710526144736047	0.0	0	1	0	0	1	1	1.562131509068341	1.0560258583688797	0.5852600925608673	1.2403588944079362	0.5917881662879466	2.2463805038943874	0.5790559277097272	0.0	1.0560258583688797	0.0	0.0	0.5917881662879466	2.2463805038943874
974000	-31.41757455638185	-18.58270299139375	-12.834871564988104	0.0	0	1	1	0	0	1	1.377771972410647	0.2831802231865726	0.22420836426992055	0.8770241197565751	1.9417839992583854	0.5371227959087189	0.6831122813375795	0.0	0.2831802231865726	0.22420836426992055	0.0	0.0	0.5371227959087189
975000	-31.735758098526105	-18.884608201014718	-12.85114989751139	0.0	0	1	1	1	0	1	0.5964865086523832	0.20073462317006274	1.3484268924184573	0.8143651526685672	0.24260141130963517	0.37730159356323006	1.266831653430874	0.0	0.20073462317006274	1.3484268924184573	0.8143651526685672	0.0	0.37730159356323006
976000	-29.56541632552059	-17.630297659448694	-11.935118666071897	0.0	0	1	0	0	1	1	0.45853274334804744	0.5035679352168871	1.1250990419156044	0.5151218572128072	1.1695607640285293	0.9215285646840023	0.4803127660465037	0.0	0.5035679352168871	0.0	0.0	1.1695607640285293	0.9215285646840023
977000	-33.15346572534601	-19.080788388846372	-14.072677336499641	0.0	0	1	1	0	1	1	0.08326737818403529	1.019646125146712	0.3173889895461739	1.0283534539785966	2.051259685531561	0.42912609892541986	1.1151010943203725	0.0	1.019646125146712	0.3173889895461739	0.0	2.051259685531561	0.42912609892541986
978000	-31.105701606292406	-16.80094676889189	-14.304754837400516	0.0	0	1	0	1	1	1	1.0627855245360718	0.43131228204930944	1.9851939651777806	1.0897507619351934	0.3793336869141203	0.5028440190650234	0.834297483138389	0.0	0.43131228204930944	0.0	1.0897507619351934	0.3793336869141203	0.5028440190650234
979000	-35.995577472704746	-21.166432590205968	-14.829144882498777	0.0	0	1	0	0	0	1	1.3406032149311207	0.6770878886185677	0.5540909130640232	3.492012549715041	0.7319508779198954	1.7791191494212268	0.2580972394587842	0.0	0.6770878886185677	0.0	0.0	0.0	1.7791191494212268
980000	-33.19034776808393	-18.878764549991978	-14.311583218091954	0.0	0	1	1	1	1	1	0.698374208980352	0.2542380979037856	0.9110359503513801	0.2968939586361586	0.9332879586385222	0.5532260104640299	1.178792703306405	0.0	0.2542380979037856	0.9110359503513801	0.2968939586361586	0.9332879586385222	0.5532260104640299
981000	-35.44211663627188	-17.770227680320232	-17.671888955951648	0.0	0	1	0	1	1	1	1.6672175237881484	1.2081291145322932	2.078685430363447	1.0169448003387727	0.277499695316542	2.878710876588272	0.6125740013627831	0.0	1.2081291145322932	0.0	1.0169448003387727	0.277499695316542	2.878710876588272
982000	-33.4845583789847	-18.79825301675426	-14.686305362230442	0.0	0	1	0	0	1	1	3.8599535242235214	0.615683354127359	0.1368126324920852	0.9231932250849096	0.8888707675369231	0.37621510011924536	0.9146269262162668	0.0	0.615683354127359	0.0	0.0	0.8888707675369231	0.37621510011924536
983000	-33.010033326192115	-17.36332825795519	-15.646705068236923	0.0	0	1	0	1	1	1	1.198315964485897	1.2162315842338154	0.6814534551793515	1.1627893443187045	0.4081348489120125	2.4300313517932395	0.6156746794391469	0.0	1.2162315842338154	0.0	1.1627893443187045	0.4081348489120125	2.4300313517932395
984000	-36.31135754952483	-17.521151737137945	-18.790205812386887	0.0	0	1	1	1	0	1	5.762290937521216	0.23263688804475252	1.2241731010825834	1.0059271150343145	0.017254078921731423	1.170875872587338	1.4081792483447924	0.0	0.23263688804475252	1.2241731010825834	1.0059271150343145	0.0	1.170875872587338
985000	-33.11657027804685	-17.347594386105325	-15.768975891941523	0.0	0	1	1	1	1	1	0.28359737165858234	0.473807861273067	1.7886465865900598	0.8874061045089385	0.3418473734569871	1.4920263949145776	1.001623565512834	0.0	0.473807861273067	1.7886465865900598	0.8874061045089385	0.3418473734569871	1.4920263949145776
986000	-35.75003487184128	-16.98039455703017	-18.76964031481111	0.0	0	1	0	1	1	1	3.422310197732802	0.6511219283931269	2.0958101764481984	1.8243162406349855	1.0862969659516692	1.3400382007717557	0.5040262499123144	0.0	0.6511219283931269	0.0	1.8243162406349855	1.0862969659516692	1.3400382007717557
987000	-31.599298065973734	-18.512852027394054	-13.08644603857968	0.0	0	1	1	0	0	1	1.678459950597772	0.9569130188893957	0.6878213388566912	0.4725185858891597	0.28894476185108603	1.9611312605914184	0.39278925024447525	0.0	0.9569130188893957	0.6878213388566912	0.0	0.0	1.9611312605914184
988000	-30.803755563862065	-18.09665754504497	-12.707098018817096	0.0	0	1	1	0	1	1	0.44520544375349724	0.6146371817076718	0.5908996639423609	0.42183963427950144	1.5080969146163794	1.051269528265531	0.382939775658669	0.0	0.6146371817076718	0.5908996639423609	0.0	1.5080969146163794	1.051269528265531
989000	-32.847787589777184	-18.47672967642889	-14.371057913348292	0.0	0	1	1	1	0	1	0.5685916510392043	0.6801468750149519	0.9145457669104927	0.30916180228455076	1.0187976835109658	1.6849735717443173	1.1736782800362207	0.0	0.6801468750149519	0.9145457669104927	0.30916180228455076	0.0	1.6849735717443173
990000	-37.439232235919306	-18.22120959317503	-19.218022642744277	0.0	1	1	1	1	1	1	0.3548565369804952	1.1850861150633543	1.6830552891839752	0.20643648662475977	1.6000480357487459	2.245798713931909	0.7331949405296572	0.3548565369804952	1.1850861150633543	1.6830552891839752	0.20643648662475977	1.6000480357487459	2.245798713931909
991000	-33.69042817775751	-17.612996579780866	-16.07743159797664	0.0	0	1	1	1	0	1	0.43562779983022454	0.5414801615625001	1.0762588518905947	2.941807976218227	0.18468599925037005	1.4952170769384139	1.4442536609320065	0.0	0.5414801615625001	1.0762588518905947	2.941807976218227	0.0	1.4952170769384139
992000	-31.356465895721318	-19.32440883010282	-12.032057065618499	0.0	0	1	0	1	1	1	1.6866859971194466	0.2793194241993614	0.09980847403367069	0.22540244760729847	1.274145316251761	0.7543358894239286	0.2663579665657153	0.0	0.2793194241993614	0.0	0.22540244760729847	1.274145316251761	0.7543358894239286
993000	-38.536884259355155	-18.073909161039754	-20.4629750983154	0.0	1	1	1	1	1	1	0.40696353039597266	0.8983360255787287	0.681583252549967	3.9667230584627156	2.158706225067443	0.14395315102084513	0.9547241848253631	0.40696353039597266	0.8983360255787287	0.681583252549967	3.9667230584627156	2.158706225067443	0.14395315102084513
994000	-31.217396537494608	-18.01122432725979	-13.206172210234817	0.0	0	1	0	1	1	1	0.8754502641096824	0.9120781936568041	1.0052314358401788	0.3410204365874473	0.5277855217176026	1.9235871766216832	0.24309022410465736	0.0	0.9120781936568041	0.0	0.3410204365874473	0.5277855217176026	1.9235871766216832
995000	-36.7880707457583	-21.738054058637612	-15.050016687120685	0.0	1	1	0	0	0	0	0.7216178065240969	1.9077352829046494	2.6575790659397804	1.7864597800956232	2.0059106564353937	0.05452296672179778	0.18400869019885183	0.7216178065240969	1.9077352829046494	0.0	0.0	0.0	0.0
996000	-35.36370998152991	-20.220733259354862	-15.142976722175046	0.0	1	1	1	0	1	0	0.1855531845770827	0.5712036738591135	0.7796735075193675	2.084749015209857	1.1703458713863764	0.5400681544958197	2.173419679813616	0.1855531845770827	0.5712036738591135	0.7796735075193675	0.0	1.1703458713863764	0.0
997000	-28.12565585547391	-17.981299870718832	-10.144355984755077	0.0	0	1	0	0	1	1	0.0519427670122471	0.5005853998154152	2.167856151684512	0.21407481602745823	0.16428278018404646	0.42050642910654873	0.2591589361974846	0.0	0.5005853998154152	0.0	0.0	0.16428278018404646	0.42050642910654873
998000	-30.682836277854364	-16.88038640969996	-13.802449868154405	0.0	0	1	0	1	1	1	0.35879159614764555	1.0276509864002608	0.17819840150621616	1.9427093867226795	0.7008458482320672	1.0640143127201556	0.6037751775538255	0.0	1.0276509864002608	0.0	1.9427093867226795	0.7008458482320672	1.0640143127201556
999000	-33.11981511251645	-19.145226352659357	-13.97458875985709	0.0	0	1	0	0	1	1	1.9814313562792827	1.3004423994515182	0.4110330093268007	0.023752791534180865	1.27164076490522	1.141072784150769	0.8784429501698126	0.0	1.3004423994515182	0.0	0.0	1.27164076490522	1.141072784150769
1000000	-28.953500744073153	-18.48508173121196	-10.468419012861196	0.0	0	1	0	0	1	1	0.1698286259082939	0.759326269436674	0.5224895842456154	0.3258532060409794	1.370808295955539	0.3255860538346962	0.3750707311486289	0.0	0.759326269436674	0.0	0.0	1.370808295955539	0.3255860538346962
